Date,Close,target,code,NetSales,OperatingProfit,Profit,TotalAssets,Equity,NumberOfIssuedAndOutstandingSharesAtTheEndOfFiscalYearIncludingTreasuryStock,ROE,SelfCapitalRatio
2023-08-01,560.0,1,4755,,,,,,,,
2023-08-02,563.9,0,4755,,,,,,,,
2023-08-03,543.0,1,4755,,,,,,,,
2023-08-04,560.6,0,4755,,,,,,,,
2023-08-07,564.2,0,4755,,,,,,,,
2023-08-08,558.7,1,4755,,,,,,,,
2023-08-09,565.5,0,4755,,,,,,,,
2023-08-10,561.3,0,4755,972800000000.0,-125087000000.0,-139985000000.0,21648023000000.0,1172294000000.0,2138419700.0,-0.11941117160029822,0.05415247387717576
2023-08-14,581.2,0,4755,972800000000.0,-125087000000.0,-139985000000.0,21648023000000.0,1172294000000.0,2138419700.0,-0.11941117160029822,0.05415247387717576
2023-08-15,574.0,0,4755,972800000000.0,-125087000000.0,-139985000000.0,21648023000000.0,1172294000000.0,2138419700.0,-0.11941117160029822,0.05415247387717576
2023-08-16,560.3,0,4755,972800000000.0,-125087000000.0,-139985000000.0,21648023000000.0,1172294000000.0,2138419700.0,-0.11941117160029822,0.05415247387717576
2023-08-17,535.5,1,4755,972800000000.0,-125087000000.0,-139985000000.0,21648023000000.0,1172294000000.0,2138419700.0,-0.11941117160029822,0.05415247387717576
2023-08-18,535.0,1,4755,972800000000.0,-125087000000.0,-139985000000.0,21648023000000.0,1172294000000.0,2138419700.0,-0.11941117160029822,0.05415247387717576
2023-08-21,539.0,1,4755,972800000000.0,-125087000000.0,-139985000000.0,21648023000000.0,1172294000000.0,2138419700.0,-0.11941117160029822,0.05415247387717576
2023-08-22,553.6,0,4755,972800000000.0,-125087000000.0,-139985000000.0,21648023000000.0,1172294000000.0,2138419700.0,-0.11941117160029822,0.05415247387717576
2023-08-23,550.5,1,4755,972800000000.0,-125087000000.0,-139985000000.0,21648023000000.0,1172294000000.0,2138419700.0,-0.11941117160029822,0.05415247387717576
2023-08-24,548.3,1,4755,972800000000.0,-125087000000.0,-139985000000.0,21648023000000.0,1172294000000.0,2138419700.0,-0.11941117160029822,0.05415247387717576
2023-08-25,543.6,1,4755,972800000000.0,-125087000000.0,-139985000000.0,21648023000000.0,1172294000000.0,2138419700.0,-0.11941117160029822,0.05415247387717576
2023-08-28,551.2,1,4755,972800000000.0,-125087000000.0,-139985000000.0,21648023000000.0,1172294000000.0,2138419700.0,-0.11941117160029822,0.05415247387717576
2023-08-29,567.0,1,4755,972800000000.0,-125087000000.0,-139985000000.0,21648023000000.0,1172294000000.0,2138419700.0,-0.11941117160029822,0.05415247387717576
2023-08-30,570.2,1,4755,972800000000.0,-125087000000.0,-139985000000.0,21648023000000.0,1172294000000.0,2138419700.0,-0.11941117160029822,0.05415247387717576
2023-08-31,568.3,1,4755,972800000000.0,-125087000000.0,-139985000000.0,21648023000000.0,1172294000000.0,2138419700.0,-0.11941117160029822,0.05415247387717576
2023-09-01,572.7,1,4755,972800000000.0,-125087000000.0,-139985000000.0,21648023000000.0,1172294000000.0,2138419700.0,-0.11941117160029822,0.05415247387717576
2023-09-04,575.5,0,4755,972800000000.0,-125087000000.0,-139985000000.0,21648023000000.0,1172294000000.0,2138419700.0,-0.11941117160029822,0.05415247387717576
2023-09-05,574.8,0,4755,972800000000.0,-125087000000.0,-139985000000.0,21648023000000.0,1172294000000.0,2138419700.0,-0.11941117160029822,0.05415247387717576
2023-09-06,585.8,0,4755,972800000000.0,-125087000000.0,-139985000000.0,21648023000000.0,1172294000000.0,2138419700.0,-0.11941117160029822,0.05415247387717576
2023-09-07,574.9,1,4755,972800000000.0,-125087000000.0,-139985000000.0,21648023000000.0,1172294000000.0,2138419700.0,-0.11941117160029822,0.05415247387717576
2023-09-08,572.3,1,4755,972800000000.0,-125087000000.0,-139985000000.0,21648023000000.0,1172294000000.0,2138419700.0,-0.11941117160029822,0.05415247387717576
2023-09-11,576.8,1,4755,972800000000.0,-125087000000.0,-139985000000.0,21648023000000.0,1172294000000.0,2138419700.0,-0.11941117160029822,0.05415247387717576
2023-09-12,600.1,0,4755,972800000000.0,-125087000000.0,-139985000000.0,21648023000000.0,1172294000000.0,2138419700.0,-0.11941117160029822,0.05415247387717576
2023-09-13,595.6,0,4755,972800000000.0,-125087000000.0,-139985000000.0,21648023000000.0,1172294000000.0,2138419700.0,-0.11941117160029822,0.05415247387717576
2023-09-14,609.1,0,4755,972800000000.0,-125087000000.0,-139985000000.0,21648023000000.0,1172294000000.0,2138419700.0,-0.11941117160029822,0.05415247387717576
2023-09-15,617.3,0,4755,972800000000.0,-125087000000.0,-139985000000.0,21648023000000.0,1172294000000.0,2138419700.0,-0.11941117160029822,0.05415247387717576
2023-09-19,620.1,0,4755,972800000000.0,-125087000000.0,-139985000000.0,21648023000000.0,1172294000000.0,2138419700.0,-0.11941117160029822,0.05415247387717576
2023-09-20,615.6,0,4755,972800000000.0,-125087000000.0,-139985000000.0,21648023000000.0,1172294000000.0,2138419700.0,-0.11941117160029822,0.05415247387717576
2023-09-21,628.2,0,4755,972800000000.0,-125087000000.0,-139985000000.0,21648023000000.0,1172294000000.0,2138419700.0,-0.11941117160029822,0.05415247387717576
2023-09-22,620.3,0,4755,972800000000.0,-125087000000.0,-139985000000.0,21648023000000.0,1172294000000.0,2138419700.0,-0.11941117160029822,0.05415247387717576
2023-09-25,614.3,0,4755,972800000000.0,-125087000000.0,-139985000000.0,21648023000000.0,1172294000000.0,2138419700.0,-0.11941117160029822,0.05415247387717576
2023-09-26,607.4,0,4755,972800000000.0,-125087000000.0,-139985000000.0,21648023000000.0,1172294000000.0,2138419700.0,-0.11941117160029822,0.05415247387717576
2023-09-27,603.9,0,4755,972800000000.0,-125087000000.0,-139985000000.0,21648023000000.0,1172294000000.0,2138419700.0,-0.11941117160029822,0.05415247387717576
2023-09-28,609.9,0,4755,972800000000.0,-125087000000.0,-139985000000.0,21648023000000.0,1172294000000.0,2138419700.0,-0.11941117160029822,0.05415247387717576
2023-09-29,613.1,0,4755,972800000000.0,-125087000000.0,-139985000000.0,21648023000000.0,1172294000000.0,2138419700.0,-0.11941117160029822,0.05415247387717576
2023-10-02,579.5,1,4755,972800000000.0,-125087000000.0,-139985000000.0,21648023000000.0,1172294000000.0,2138419700.0,-0.11941117160029822,0.05415247387717576
2023-10-03,565.9,1,4755,972800000000.0,-125087000000.0,-139985000000.0,21648023000000.0,1172294000000.0,2138419700.0,-0.11941117160029822,0.05415247387717576
2023-10-04,560.3,1,4755,972800000000.0,-125087000000.0,-139985000000.0,21648023000000.0,1172294000000.0,2138419700.0,-0.11941117160029822,0.05415247387717576
2023-10-05,578.0,1,4755,972800000000.0,-125087000000.0,-139985000000.0,21648023000000.0,1172294000000.0,2138419700.0,-0.11941117160029822,0.05415247387717576
2023-10-06,576.0,1,4755,972800000000.0,-125087000000.0,-139985000000.0,21648023000000.0,1172294000000.0,2138419700.0,-0.11941117160029822,0.05415247387717576
2023-10-10,585.4,1,4755,972800000000.0,-125087000000.0,-139985000000.0,21648023000000.0,1172294000000.0,2138419700.0,-0.11941117160029822,0.05415247387717576
2023-10-11,587.9,1,4755,972800000000.0,-125087000000.0,-139985000000.0,21648023000000.0,1172294000000.0,2138419700.0,-0.11941117160029822,0.05415247387717576
2023-10-12,601.7,1,4755,972800000000.0,-125087000000.0,-139985000000.0,21648023000000.0,1172294000000.0,2138419700.0,-0.11941117160029822,0.05415247387717576
2023-10-13,575.7,1,4755,972800000000.0,-125087000000.0,-139985000000.0,21648023000000.0,1172294000000.0,2138419700.0,-0.11941117160029822,0.05415247387717576
2023-10-16,566.2,1,4755,972800000000.0,-125087000000.0,-139985000000.0,21648023000000.0,1172294000000.0,2138419700.0,-0.11941117160029822,0.05415247387717576
2023-10-17,571.4,1,4755,972800000000.0,-125087000000.0,-139985000000.0,21648023000000.0,1172294000000.0,2138419700.0,-0.11941117160029822,0.05415247387717576
2023-10-18,576.4,1,4755,972800000000.0,-125087000000.0,-139985000000.0,21648023000000.0,1172294000000.0,2138419700.0,-0.11941117160029822,0.05415247387717576
2023-10-19,571.0,1,4755,972800000000.0,-125087000000.0,-139985000000.0,21648023000000.0,1172294000000.0,2138419700.0,-0.11941117160029822,0.05415247387717576
2023-10-20,575.0,1,4755,972800000000.0,-125087000000.0,-139985000000.0,21648023000000.0,1172294000000.0,2138419700.0,-0.11941117160029822,0.05415247387717576
2023-10-23,565.3,1,4755,972800000000.0,-125087000000.0,-139985000000.0,21648023000000.0,1172294000000.0,2138419700.0,-0.11941117160029822,0.05415247387717576
2023-10-24,569.6,1,4755,972800000000.0,-125087000000.0,-139985000000.0,21648023000000.0,1172294000000.0,2138419700.0,-0.11941117160029822,0.05415247387717576
2023-10-25,570.9,1,4755,972800000000.0,-125087000000.0,-139985000000.0,21648023000000.0,1172294000000.0,2138419700.0,-0.11941117160029822,0.05415247387717576
2023-10-26,555.5,1,4755,972800000000.0,-125087000000.0,-139985000000.0,21648023000000.0,1172294000000.0,2138419700.0,-0.11941117160029822,0.05415247387717576
2023-10-27,561.5,1,4755,972800000000.0,-125087000000.0,-139985000000.0,21648023000000.0,1172294000000.0,2138419700.0,-0.11941117160029822,0.05415247387717576
2023-10-30,545.8,1,4755,972800000000.0,-125087000000.0,-139985000000.0,21648023000000.0,1172294000000.0,2138419700.0,-0.11941117160029822,0.05415247387717576
2023-10-31,556.8,1,4755,972800000000.0,-125087000000.0,-139985000000.0,21648023000000.0,1172294000000.0,2138419700.0,-0.11941117160029822,0.05415247387717576
2023-11-01,551.1,1,4755,972800000000.0,-125087000000.0,-139985000000.0,21648023000000.0,1172294000000.0,2138419700.0,-0.11941117160029822,0.05415247387717576
2023-11-02,554.4,1,4755,972800000000.0,-125087000000.0,-139985000000.0,21648023000000.0,1172294000000.0,2138419700.0,-0.11941117160029822,0.05415247387717576
2023-11-06,568.8,1,4755,972800000000.0,-125087000000.0,-139985000000.0,21648023000000.0,1172294000000.0,2138419700.0,-0.11941117160029822,0.05415247387717576
2023-11-07,563.1,1,4755,972800000000.0,-125087000000.0,-139985000000.0,21648023000000.0,1172294000000.0,2138419700.0,-0.11941117160029822,0.05415247387717576
2023-11-08,548.6,1,4755,972800000000.0,-125087000000.0,-139985000000.0,21648023000000.0,1172294000000.0,2138419700.0,-0.11941117160029822,0.05415247387717576
2023-11-09,550.6,1,4755,1491239000000.0,-179578000000.0,-208447000000.0,21640993000000.0,1131183000000.0,2140315600.0,-0.18427345531182843,0.05227038334146682
2023-11-10,554.0,1,4755,1491239000000.0,-179578000000.0,-208447000000.0,21640993000000.0,1131183000000.0,2140315600.0,-0.18427345531182843,0.05227038334146682
2023-11-13,552.5,1,4755,1491239000000.0,-179578000000.0,-208447000000.0,21640993000000.0,1131183000000.0,2140315600.0,-0.18427345531182843,0.05227038334146682
2023-11-14,540.4,1,4755,1491239000000.0,-179578000000.0,-208447000000.0,21640993000000.0,1131183000000.0,2140315600.0,-0.18427345531182843,0.05227038334146682
2023-11-15,562.1,1,4755,1491239000000.0,-179578000000.0,-208447000000.0,21640993000000.0,1131183000000.0,2140315600.0,-0.18427345531182843,0.05227038334146682
2023-11-16,554.5,1,4755,1491239000000.0,-179578000000.0,-208447000000.0,21640993000000.0,1131183000000.0,2140315600.0,-0.18427345531182843,0.05227038334146682
2023-11-17,553.0,1,4755,1491239000000.0,-179578000000.0,-208447000000.0,21640993000000.0,1131183000000.0,2140315600.0,-0.18427345531182843,0.05227038334146682
2023-11-20,562.0,1,4755,1491239000000.0,-179578000000.0,-208447000000.0,21640993000000.0,1131183000000.0,2140315600.0,-0.18427345531182843,0.05227038334146682
2023-11-21,584.4,1,4755,1491239000000.0,-179578000000.0,-208447000000.0,21640993000000.0,1131183000000.0,2140315600.0,-0.18427345531182843,0.05227038334146682
2023-11-22,576.0,1,4755,1491239000000.0,-179578000000.0,-208447000000.0,21640993000000.0,1131183000000.0,2140315600.0,-0.18427345531182843,0.05227038334146682
2023-11-24,577.9,1,4755,1491239000000.0,-179578000000.0,-208447000000.0,21640993000000.0,1131183000000.0,2140315600.0,-0.18427345531182843,0.05227038334146682
2023-11-27,579.2,1,4755,1491239000000.0,-179578000000.0,-208447000000.0,21640993000000.0,1131183000000.0,2140315600.0,-0.18427345531182843,0.05227038334146682
2023-11-28,589.7,1,4755,1491239000000.0,-179578000000.0,-208447000000.0,21640993000000.0,1131183000000.0,2140315600.0,-0.18427345531182843,0.05227038334146682
2023-11-29,602.8,1,4755,1491239000000.0,-179578000000.0,-208447000000.0,21640993000000.0,1131183000000.0,2140315600.0,-0.18427345531182843,0.05227038334146682
2023-11-30,585.7,1,4755,1491239000000.0,-179578000000.0,-208447000000.0,21640993000000.0,1131183000000.0,2140315600.0,-0.18427345531182843,0.05227038334146682
2023-12-01,560.0,1,4755,1491239000000.0,-179578000000.0,-208447000000.0,21640993000000.0,1131183000000.0,2140315600.0,-0.18427345531182843,0.05227038334146682
2023-12-04,565.0,1,4755,1491239000000.0,-179578000000.0,-208447000000.0,21640993000000.0,1131183000000.0,2140315600.0,-0.18427345531182843,0.05227038334146682
2023-12-05,567.0,1,4755,1491239000000.0,-179578000000.0,-208447000000.0,21640993000000.0,1131183000000.0,2140315600.0,-0.18427345531182843,0.05227038334146682
2023-12-06,585.0,1,4755,1491239000000.0,-179578000000.0,-208447000000.0,21640993000000.0,1131183000000.0,2140315600.0,-0.18427345531182843,0.05227038334146682
2023-12-07,583.2,1,4755,1491239000000.0,-179578000000.0,-208447000000.0,21640993000000.0,1131183000000.0,2140315600.0,-0.18427345531182843,0.05227038334146682
2023-12-08,579.6,1,4755,1491239000000.0,-179578000000.0,-208447000000.0,21640993000000.0,1131183000000.0,2140315600.0,-0.18427345531182843,0.05227038334146682
2023-12-11,589.6,1,4755,1491239000000.0,-179578000000.0,-208447000000.0,21640993000000.0,1131183000000.0,2140315600.0,-0.18427345531182843,0.05227038334146682
2023-12-12,579.4,1,4755,1491239000000.0,-179578000000.0,-208447000000.0,21640993000000.0,1131183000000.0,2140315600.0,-0.18427345531182843,0.05227038334146682
2023-12-13,577.6,1,4755,1491239000000.0,-179578000000.0,-208447000000.0,21640993000000.0,1131183000000.0,2140315600.0,-0.18427345531182843,0.05227038334146682
2023-12-14,574.1,1,4755,1491239000000.0,-179578000000.0,-208447000000.0,21640993000000.0,1131183000000.0,2140315600.0,-0.18427345531182843,0.05227038334146682
2023-12-15,590.8,1,4755,1491239000000.0,-179578000000.0,-208447000000.0,21640993000000.0,1131183000000.0,2140315600.0,-0.18427345531182843,0.05227038334146682
2023-12-18,581.1,1,4755,1491239000000.0,-179578000000.0,-208447000000.0,21640993000000.0,1131183000000.0,2140315600.0,-0.18427345531182843,0.05227038334146682
2023-12-19,577.5,1,4755,1491239000000.0,-179578000000.0,-208447000000.0,21640993000000.0,1131183000000.0,2140315600.0,-0.18427345531182843,0.05227038334146682
2023-12-20,576.6,1,4755,1491239000000.0,-179578000000.0,-208447000000.0,21640993000000.0,1131183000000.0,2140315600.0,-0.18427345531182843,0.05227038334146682
2023-12-21,578.8,1,4755,1491239000000.0,-179578000000.0,-208447000000.0,21640993000000.0,1131183000000.0,2140315600.0,-0.18427345531182843,0.05227038334146682
2023-12-22,578.8,1,4755,1491239000000.0,-179578000000.0,-208447000000.0,21640993000000.0,1131183000000.0,2140315600.0,-0.18427345531182843,0.05227038334146682
2023-12-25,569.6,1,4755,1491239000000.0,-179578000000.0,-208447000000.0,21640993000000.0,1131183000000.0,2140315600.0,-0.18427345531182843,0.05227038334146682
2023-12-26,565.4,1,4755,1491239000000.0,-179578000000.0,-208447000000.0,21640993000000.0,1131183000000.0,2140315600.0,-0.18427345531182843,0.05227038334146682
2023-12-27,578.6,1,4755,1491239000000.0,-179578000000.0,-208447000000.0,21640993000000.0,1131183000000.0,2140315600.0,-0.18427345531182843,0.05227038334146682
2023-12-28,584.0,1,4755,1491239000000.0,-179578000000.0,-208447000000.0,21640993000000.0,1131183000000.0,2140315600.0,-0.18427345531182843,0.05227038334146682
2023-12-29,628.0,1,4755,1491239000000.0,-179578000000.0,-208447000000.0,21640993000000.0,1131183000000.0,2140315600.0,-0.18427345531182843,0.05227038334146682
2024-01-04,625.1,1,4755,1491239000000.0,-179578000000.0,-208447000000.0,21640993000000.0,1131183000000.0,2140315600.0,-0.18427345531182843,0.05227038334146682
2024-01-05,648.2,1,4755,1491239000000.0,-179578000000.0,-208447000000.0,21640993000000.0,1131183000000.0,2140315600.0,-0.18427345531182843,0.05227038334146682
2024-01-09,671.9,1,4755,1491239000000.0,-179578000000.0,-208447000000.0,21640993000000.0,1131183000000.0,2140315600.0,-0.18427345531182843,0.05227038334146682
2024-01-10,659.8,1,4755,1491239000000.0,-179578000000.0,-208447000000.0,21640993000000.0,1131183000000.0,2140315600.0,-0.18427345531182843,0.05227038334146682
2024-01-11,643.7,1,4755,1491239000000.0,-179578000000.0,-208447000000.0,21640993000000.0,1131183000000.0,2140315600.0,-0.18427345531182843,0.05227038334146682
2024-01-12,654.2,1,4755,1491239000000.0,-179578000000.0,-208447000000.0,21640993000000.0,1131183000000.0,2140315600.0,-0.18427345531182843,0.05227038334146682
2024-01-15,651.4,1,4755,1491239000000.0,-179578000000.0,-208447000000.0,21640993000000.0,1131183000000.0,2140315600.0,-0.18427345531182843,0.05227038334146682
2024-01-16,645.9,1,4755,1491239000000.0,-179578000000.0,-208447000000.0,21640993000000.0,1131183000000.0,2140315600.0,-0.18427345531182843,0.05227038334146682
2024-01-17,648.3,1,4755,1491239000000.0,-179578000000.0,-208447000000.0,21640993000000.0,1131183000000.0,2140315600.0,-0.18427345531182843,0.05227038334146682
2024-01-18,652.3,1,4755,1491239000000.0,-179578000000.0,-208447000000.0,21640993000000.0,1131183000000.0,2140315600.0,-0.18427345531182843,0.05227038334146682
2024-01-19,651.2,1,4755,1491239000000.0,-179578000000.0,-208447000000.0,21640993000000.0,1131183000000.0,2140315600.0,-0.18427345531182843,0.05227038334146682
2024-01-22,658.6,1,4755,1491239000000.0,-179578000000.0,-208447000000.0,21640993000000.0,1131183000000.0,2140315600.0,-0.18427345531182843,0.05227038334146682
2024-01-23,654.5,1,4755,1491239000000.0,-179578000000.0,-208447000000.0,21640993000000.0,1131183000000.0,2140315600.0,-0.18427345531182843,0.05227038334146682
2024-01-24,661.1,1,4755,1491239000000.0,-179578000000.0,-208447000000.0,21640993000000.0,1131183000000.0,2140315600.0,-0.18427345531182843,0.05227038334146682
2024-01-25,661.5,1,4755,1491239000000.0,-179578000000.0,-208447000000.0,21640993000000.0,1131183000000.0,2140315600.0,-0.18427345531182843,0.05227038334146682
2024-01-26,684.7,1,4755,1491239000000.0,-179578000000.0,-208447000000.0,21640993000000.0,1131183000000.0,2140315600.0,-0.18427345531182843,0.05227038334146682
2024-01-29,654.7,1,4755,1491239000000.0,-179578000000.0,-208447000000.0,21640993000000.0,1131183000000.0,2140315600.0,-0.18427345531182843,0.05227038334146682
2024-01-30,651.2,1,4755,1491239000000.0,-179578000000.0,-208447000000.0,21640993000000.0,1131183000000.0,2140315600.0,-0.18427345531182843,0.05227038334146682
2024-01-31,650.5,1,4755,1491239000000.0,-179578000000.0,-208447000000.0,21640993000000.0,1131183000000.0,2140315600.0,-0.18427345531182843,0.05227038334146682
2024-02-01,624.2,1,4755,1491239000000.0,-179578000000.0,-208447000000.0,21640993000000.0,1131183000000.0,2140315600.0,-0.18427345531182843,0.05227038334146682
2024-02-02,632.0,1,4755,1491239000000.0,-179578000000.0,-208447000000.0,21640993000000.0,1131183000000.0,2140315600.0,-0.18427345531182843,0.05227038334146682
2024-02-05,649.3,1,4755,1491239000000.0,-179578000000.0,-208447000000.0,21640993000000.0,1131183000000.0,2140315600.0,-0.18427345531182843,0.05227038334146682
2024-02-06,643.2,1,4755,1491239000000.0,-179578000000.0,-208447000000.0,21640993000000.0,1131183000000.0,2140315600.0,-0.18427345531182843,0.05227038334146682
2024-02-07,635.0,1,4755,1491239000000.0,-179578000000.0,-208447000000.0,21640993000000.0,1131183000000.0,2140315600.0,-0.18427345531182843,0.05227038334146682
2024-02-08,619.0,1,4755,1491239000000.0,-179578000000.0,-208447000000.0,21640993000000.0,1131183000000.0,2140315600.0,-0.18427345531182843,0.05227038334146682
2024-02-09,617.5,1,4755,1491239000000.0,-179578000000.0,-208447000000.0,21640993000000.0,1131183000000.0,2140315600.0,-0.18427345531182843,0.05227038334146682
2024-02-13,641.7,1,4755,1491239000000.0,-179578000000.0,-208447000000.0,21640993000000.0,1131183000000.0,2140315600.0,-0.18427345531182843,0.05227038334146682
2024-02-14,631.3,1,4755,2071315000000.0,-212857000000.0,-339473000000.0,22625576000000.0,1087723000000.0,2142140300.0,-0.31209508303124966,0.048074930777452916
2024-02-15,731.2,1,4755,2071315000000.0,-212857000000.0,-339473000000.0,22625576000000.0,1087723000000.0,2142140300.0,-0.31209508303124966,0.048074930777452916
2024-02-16,778.7,1,4755,2071315000000.0,-212857000000.0,-339473000000.0,22625576000000.0,1087723000000.0,2142140300.0,-0.31209508303124966,0.048074930777452916
2024-02-19,792.5,1,4755,2071315000000.0,-212857000000.0,-339473000000.0,22625576000000.0,1087723000000.0,2142140300.0,-0.31209508303124966,0.048074930777452916
2024-02-20,749.7,1,4755,2071315000000.0,-212857000000.0,-339473000000.0,22625576000000.0,1087723000000.0,2142140300.0,-0.31209508303124966,0.048074930777452916
2024-02-21,767.3,1,4755,2071315000000.0,-212857000000.0,-339473000000.0,22625576000000.0,1087723000000.0,2142140300.0,-0.31209508303124966,0.048074930777452916
2024-02-22,763.2,1,4755,2071315000000.0,-212857000000.0,-339473000000.0,22625576000000.0,1087723000000.0,2142140300.0,-0.31209508303124966,0.048074930777452916
2024-02-26,788.0,0,4755,2071315000000.0,-212857000000.0,-339473000000.0,22625576000000.0,1087723000000.0,2142140300.0,-0.31209508303124966,0.048074930777452916
2024-02-27,771.7,1,4755,2071315000000.0,-212857000000.0,-339473000000.0,22625576000000.0,1087723000000.0,2142140300.0,-0.31209508303124966,0.048074930777452916
2024-02-28,788.6,1,4755,2071315000000.0,-212857000000.0,-339473000000.0,22625576000000.0,1087723000000.0,2142140300.0,-0.31209508303124966,0.048074930777452916
2024-02-29,820.0,0,4755,2071315000000.0,-212857000000.0,-339473000000.0,22625576000000.0,1087723000000.0,2142140300.0,-0.31209508303124966,0.048074930777452916
2024-03-01,821.1,0,4755,2071315000000.0,-212857000000.0,-339473000000.0,22625576000000.0,1087723000000.0,2142140300.0,-0.31209508303124966,0.048074930777452916
2024-03-04,830.1,0,4755,2071315000000.0,-212857000000.0,-339473000000.0,22625576000000.0,1087723000000.0,2142140300.0,-0.31209508303124966,0.048074930777452916
2024-03-05,822.2,1,4755,2071315000000.0,-212857000000.0,-339473000000.0,22625576000000.0,1087723000000.0,2142140300.0,-0.31209508303124966,0.048074930777452916
2024-03-06,819.2,1,4755,2071315000000.0,-212857000000.0,-339473000000.0,22625576000000.0,1087723000000.0,2142140300.0,-0.31209508303124966,0.048074930777452916
2024-03-07,838.6,0,4755,2071315000000.0,-212857000000.0,-339473000000.0,22625576000000.0,1087723000000.0,2142140300.0,-0.31209508303124966,0.048074930777452916
2024-03-08,825.4,1,4755,2071315000000.0,-212857000000.0,-339473000000.0,22625576000000.0,1087723000000.0,2142140300.0,-0.31209508303124966,0.048074930777452916
2024-03-11,826.9,1,4755,2071315000000.0,-212857000000.0,-339473000000.0,22625576000000.0,1087723000000.0,2142140300.0,-0.31209508303124966,0.048074930777452916
2024-03-12,818.3,1,4755,2071315000000.0,-212857000000.0,-339473000000.0,22625576000000.0,1087723000000.0,2142140300.0,-0.31209508303124966,0.048074930777452916
2024-03-13,806.7,1,4755,2071315000000.0,-212857000000.0,-339473000000.0,22625576000000.0,1087723000000.0,2142140300.0,-0.31209508303124966,0.048074930777452916
2024-03-14,800.7,1,4755,2071315000000.0,-212857000000.0,-339473000000.0,22625576000000.0,1087723000000.0,2142140300.0,-0.31209508303124966,0.048074930777452916
2024-03-15,770.0,1,4755,2071315000000.0,-212857000000.0,-339473000000.0,22625576000000.0,1087723000000.0,2142140300.0,-0.31209508303124966,0.048074930777452916
2024-03-18,827.2,0,4755,2071315000000.0,-212857000000.0,-339473000000.0,22625576000000.0,1087723000000.0,2142140300.0,-0.31209508303124966,0.048074930777452916
2024-03-19,850.2,0,4755,2071315000000.0,-212857000000.0,-339473000000.0,22625576000000.0,1087723000000.0,2142140300.0,-0.31209508303124966,0.048074930777452916
2024-03-21,873.1,0,4755,2071315000000.0,-212857000000.0,-339473000000.0,22625576000000.0,1087723000000.0,2142140300.0,-0.31209508303124966,0.048074930777452916
2024-03-22,866.4,0,4755,2071315000000.0,-212857000000.0,-339473000000.0,22625576000000.0,1087723000000.0,2142140300.0,-0.31209508303124966,0.048074930777452916
2024-03-25,882.8,0,4755,2071315000000.0,-212857000000.0,-339473000000.0,22625576000000.0,1087723000000.0,2142140300.0,-0.31209508303124966,0.048074930777452916
2024-03-26,879.1,0,4755,2071315000000.0,-212857000000.0,-339473000000.0,22625576000000.0,1087723000000.0,2142140300.0,-0.31209508303124966,0.048074930777452916
2024-03-27,865.8,0,4755,2071315000000.0,-212857000000.0,-339473000000.0,22625576000000.0,1087723000000.0,2142140300.0,-0.31209508303124966,0.048074930777452916
2024-03-28,856.0,0,4755,2071315000000.0,-212857000000.0,-339473000000.0,22625576000000.0,1087723000000.0,2142140300.0,-0.31209508303124966,0.048074930777452916
2024-03-29,849.8,0,4755,2071315000000.0,-212857000000.0,-339473000000.0,22625576000000.0,1087723000000.0,2142140300.0,-0.31209508303124966,0.048074930777452916
2024-04-01,875.6,0,4755,2071315000000.0,-212857000000.0,-339473000000.0,22625576000000.0,1087723000000.0,2142140300.0,-0.31209508303124966,0.048074930777452916
2024-04-02,841.8,0,4755,2071315000000.0,-212857000000.0,-339473000000.0,22625576000000.0,1087723000000.0,2142140300.0,-0.31209508303124966,0.048074930777452916
2024-04-03,858.1,1,4755,2071315000000.0,-212857000000.0,-339473000000.0,22625576000000.0,1087723000000.0,2142140300.0,-0.31209508303124966,0.048074930777452916
2024-04-04,858.2,1,4755,2071315000000.0,-212857000000.0,-339473000000.0,22625576000000.0,1087723000000.0,2142140300.0,-0.31209508303124966,0.048074930777452916
2024-04-05,862.7,0,4755,2071315000000.0,-212857000000.0,-339473000000.0,22625576000000.0,1087723000000.0,2142140300.0,-0.31209508303124966,0.048074930777452916
2024-04-08,886.3,0,4755,2071315000000.0,-212857000000.0,-339473000000.0,22625576000000.0,1087723000000.0,2142140300.0,-0.31209508303124966,0.048074930777452916
2024-04-09,905.2,0,4755,2071315000000.0,-212857000000.0,-339473000000.0,22625576000000.0,1087723000000.0,2142140300.0,-0.31209508303124966,0.048074930777452916
2024-04-10,892.1,0,4755,2071315000000.0,-212857000000.0,-339473000000.0,22625576000000.0,1087723000000.0,2142140300.0,-0.31209508303124966,0.048074930777452916
2024-04-11,879.0,1,4755,2071315000000.0,-212857000000.0,-339473000000.0,22625576000000.0,1087723000000.0,2142140300.0,-0.31209508303124966,0.048074930777452916
2024-04-12,874.0,1,4755,2071315000000.0,-212857000000.0,-339473000000.0,22625576000000.0,1087723000000.0,2142140300.0,-0.31209508303124966,0.048074930777452916
2024-04-15,849.8,1,4755,2071315000000.0,-212857000000.0,-339473000000.0,22625576000000.0,1087723000000.0,2142140300.0,-0.31209508303124966,0.048074930777452916
2024-04-16,809.8,1,4755,2071315000000.0,-212857000000.0,-339473000000.0,22625576000000.0,1087723000000.0,2142140300.0,-0.31209508303124966,0.048074930777452916
2024-04-17,800.3,1,4755,2071315000000.0,-212857000000.0,-339473000000.0,22625576000000.0,1087723000000.0,2142140300.0,-0.31209508303124966,0.048074930777452916
2024-04-18,785.0,1,4755,2071315000000.0,-212857000000.0,-339473000000.0,22625576000000.0,1087723000000.0,2142140300.0,-0.31209508303124966,0.048074930777452916
2024-04-19,743.9,1,4755,2071315000000.0,-212857000000.0,-339473000000.0,22625576000000.0,1087723000000.0,2142140300.0,-0.31209508303124966,0.048074930777452916
2024-04-22,760.8,1,4755,2071315000000.0,-212857000000.0,-339473000000.0,22625576000000.0,1087723000000.0,2142140300.0,-0.31209508303124966,0.048074930777452916
2024-04-23,757.1,1,4755,2071315000000.0,-212857000000.0,-339473000000.0,22625576000000.0,1087723000000.0,2142140300.0,-0.31209508303124966,0.048074930777452916
2024-04-24,766.8,1,4755,2071315000000.0,-212857000000.0,-339473000000.0,22625576000000.0,1087723000000.0,2142140300.0,-0.31209508303124966,0.048074930777452916
2024-04-25,737.8,1,4755,2071315000000.0,-212857000000.0,-339473000000.0,22625576000000.0,1087723000000.0,2142140300.0,-0.31209508303124966,0.048074930777452916
2024-04-26,737.8,1,4755,2071315000000.0,-212857000000.0,-339473000000.0,22625576000000.0,1087723000000.0,2142140300.0,-0.31209508303124966,0.048074930777452916
2024-04-30,763.5,1,4755,2071315000000.0,-212857000000.0,-339473000000.0,22625576000000.0,1087723000000.0,2142140300.0,-0.31209508303124966,0.048074930777452916
2024-05-01,755.0,1,4755,2071315000000.0,-212857000000.0,-339473000000.0,22625576000000.0,1087723000000.0,2142140300.0,-0.31209508303124966,0.048074930777452916
2024-05-02,752.2,1,4755,2071315000000.0,-212857000000.0,-339473000000.0,22625576000000.0,1087723000000.0,2142140300.0,-0.31209508303124966,0.048074930777452916
2024-05-07,797.6,1,4755,2071315000000.0,-212857000000.0,-339473000000.0,22625576000000.0,1087723000000.0,2142140300.0,-0.31209508303124966,0.048074930777452916
2024-05-08,794.6,1,4755,2071315000000.0,-212857000000.0,-339473000000.0,22625576000000.0,1087723000000.0,2142140300.0,-0.31209508303124966,0.048074930777452916
2024-05-09,790.6,0,4755,2071315000000.0,-212857000000.0,-339473000000.0,22625576000000.0,1087723000000.0,2142140300.0,-0.31209508303124966,0.048074930777452916
2024-05-10,807.7,0,4755,2071315000000.0,-212857000000.0,-339473000000.0,22625576000000.0,1087723000000.0,2142140300.0,-0.31209508303124966,0.048074930777452916
2024-05-13,804.5,0,4755,2071315000000.0,-212857000000.0,-339473000000.0,22625576000000.0,1087723000000.0,2142140300.0,-0.31209508303124966,0.048074930777452916
2024-05-14,817.9,0,4755,513624000000.0,-33272000000.0,-42394000000.0,23851066000000.0,1111833000000.0,2144284500.0,-0.03812982705136473,0.046615652315078915
2024-05-15,792.1,0,4755,513624000000.0,-33272000000.0,-42394000000.0,23851066000000.0,1111833000000.0,2144284500.0,-0.03812982705136473,0.046615652315078915
2024-05-16,790.0,0,4755,513624000000.0,-33272000000.0,-42394000000.0,23851066000000.0,1111833000000.0,2144284500.0,-0.03812982705136473,0.046615652315078915
2024-05-17,795.6,1,4755,513624000000.0,-33272000000.0,-42394000000.0,23851066000000.0,1111833000000.0,2144284500.0,-0.03812982705136473,0.046615652315078915
2024-05-20,815.2,1,4755,513624000000.0,-33272000000.0,-42394000000.0,23851066000000.0,1111833000000.0,2144284500.0,-0.03812982705136473,0.046615652315078915
2024-05-21,791.6,1,4755,513624000000.0,-33272000000.0,-42394000000.0,23851066000000.0,1111833000000.0,2144284500.0,-0.03812982705136473,0.046615652315078915
2024-05-22,777.9,1,4755,513624000000.0,-33272000000.0,-42394000000.0,23851066000000.0,1111833000000.0,2144284500.0,-0.03812982705136473,0.046615652315078915
2024-05-23,781.9,1,4755,513624000000.0,-33272000000.0,-42394000000.0,23851066000000.0,1111833000000.0,2144284500.0,-0.03812982705136473,0.046615652315078915
2024-05-24,775.9,1,4755,513624000000.0,-33272000000.0,-42394000000.0,23851066000000.0,1111833000000.0,2144284500.0,-0.03812982705136473,0.046615652315078915
2024-05-27,800.6,1,4755,513624000000.0,-33272000000.0,-42394000000.0,23851066000000.0,1111833000000.0,2144284500.0,-0.03812982705136473,0.046615652315078915
2024-05-28,796.9,1,4755,513624000000.0,-33272000000.0,-42394000000.0,23851066000000.0,1111833000000.0,2144284500.0,-0.03812982705136473,0.046615652315078915
2024-05-29,800.7,1,4755,513624000000.0,-33272000000.0,-42394000000.0,23851066000000.0,1111833000000.0,2144284500.0,-0.03812982705136473,0.046615652315078915
2024-05-30,798.4,1,4755,513624000000.0,-33272000000.0,-42394000000.0,23851066000000.0,1111833000000.0,2144284500.0,-0.03812982705136473,0.046615652315078915
2024-05-31,816.0,1,4755,513624000000.0,-33272000000.0,-42394000000.0,23851066000000.0,1111833000000.0,2144284500.0,-0.03812982705136473,0.046615652315078915
2024-06-03,840.0,1,4755,513624000000.0,-33272000000.0,-42394000000.0,23851066000000.0,1111833000000.0,2144284500.0,-0.03812982705136473,0.046615652315078915
2024-06-04,844.7,1,4755,513624000000.0,-33272000000.0,-42394000000.0,23851066000000.0,1111833000000.0,2144284500.0,-0.03812982705136473,0.046615652315078915
2024-06-05,829.2,1,4755,513624000000.0,-33272000000.0,-42394000000.0,23851066000000.0,1111833000000.0,2144284500.0,-0.03812982705136473,0.046615652315078915
2024-06-06,835.6,1,4755,513624000000.0,-33272000000.0,-42394000000.0,23851066000000.0,1111833000000.0,2144284500.0,-0.03812982705136473,0.046615652315078915
2024-06-07,850.0,1,4755,513624000000.0,-33272000000.0,-42394000000.0,23851066000000.0,1111833000000.0,2144284500.0,-0.03812982705136473,0.046615652315078915
2024-06-10,839.0,1,4755,513624000000.0,-33272000000.0,-42394000000.0,23851066000000.0,1111833000000.0,2144284500.0,-0.03812982705136473,0.046615652315078915
2024-06-11,818.9,1,4755,513624000000.0,-33272000000.0,-42394000000.0,23851066000000.0,1111833000000.0,2144284500.0,-0.03812982705136473,0.046615652315078915
2024-06-12,808.7,1,4755,513624000000.0,-33272000000.0,-42394000000.0,23851066000000.0,1111833000000.0,2144284500.0,-0.03812982705136473,0.046615652315078915
2024-06-13,802.7,1,4755,513624000000.0,-33272000000.0,-42394000000.0,23851066000000.0,1111833000000.0,2144284500.0,-0.03812982705136473,0.046615652315078915
2024-06-14,813.6,1,4755,513624000000.0,-33272000000.0,-42394000000.0,23851066000000.0,1111833000000.0,2144284500.0,-0.03812982705136473,0.046615652315078915
2024-06-17,786.0,1,4755,513624000000.0,-33272000000.0,-42394000000.0,23851066000000.0,1111833000000.0,2144284500.0,-0.03812982705136473,0.046615652315078915
2024-06-18,828.2,1,4755,513624000000.0,-33272000000.0,-42394000000.0,23851066000000.0,1111833000000.0,2144284500.0,-0.03812982705136473,0.046615652315078915
2024-06-19,829.0,1,4755,513624000000.0,-33272000000.0,-42394000000.0,23851066000000.0,1111833000000.0,2144284500.0,-0.03812982705136473,0.046615652315078915
2024-06-20,825.3,1,4755,513624000000.0,-33272000000.0,-42394000000.0,23851066000000.0,1111833000000.0,2144284500.0,-0.03812982705136473,0.046615652315078915
2024-06-21,813.1,1,4755,513624000000.0,-33272000000.0,-42394000000.0,23851066000000.0,1111833000000.0,2144284500.0,-0.03812982705136473,0.046615652315078915
2024-06-24,824.0,1,4755,513624000000.0,-33272000000.0,-42394000000.0,23851066000000.0,1111833000000.0,2144284500.0,-0.03812982705136473,0.046615652315078915
2024-06-25,848.0,1,4755,513624000000.0,-33272000000.0,-42394000000.0,23851066000000.0,1111833000000.0,2144284500.0,-0.03812982705136473,0.046615652315078915
2024-06-26,846.9,1,4755,513624000000.0,-33272000000.0,-42394000000.0,23851066000000.0,1111833000000.0,2144284500.0,-0.03812982705136473,0.046615652315078915
2024-06-27,852.9,1,4755,513624000000.0,-33272000000.0,-42394000000.0,23851066000000.0,1111833000000.0,2144284500.0,-0.03812982705136473,0.046615652315078915
2024-06-28,829.9,1,4755,513624000000.0,-33272000000.0,-42394000000.0,23851066000000.0,1111833000000.0,2144284500.0,-0.03812982705136473,0.046615652315078915
2024-07-01,861.4,1,4755,513624000000.0,-33272000000.0,-42394000000.0,23851066000000.0,1111833000000.0,2144284500.0,-0.03812982705136473,0.046615652315078915
2024-07-02,867.9,1,4755,513624000000.0,-33272000000.0,-42394000000.0,23851066000000.0,1111833000000.0,2144284500.0,-0.03812982705136473,0.046615652315078915
2024-07-03,859.8,1,4755,513624000000.0,-33272000000.0,-42394000000.0,23851066000000.0,1111833000000.0,2144284500.0,-0.03812982705136473,0.046615652315078915
2024-07-04,885.9,1,4755,513624000000.0,-33272000000.0,-42394000000.0,23851066000000.0,1111833000000.0,2144284500.0,-0.03812982705136473,0.046615652315078915
2024-07-05,898.3,1,4755,513624000000.0,-33272000000.0,-42394000000.0,23851066000000.0,1111833000000.0,2144284500.0,-0.03812982705136473,0.046615652315078915
2024-07-08,887.8,1,4755,513624000000.0,-33272000000.0,-42394000000.0,23851066000000.0,1111833000000.0,2144284500.0,-0.03812982705136473,0.046615652315078915
2024-07-09,893.8,1,4755,513624000000.0,-33272000000.0,-42394000000.0,23851066000000.0,1111833000000.0,2144284500.0,-0.03812982705136473,0.046615652315078915
2024-07-10,913.1,1,4755,513624000000.0,-33272000000.0,-42394000000.0,23851066000000.0,1111833000000.0,2144284500.0,-0.03812982705136473,0.046615652315078915
2024-07-11,909.6,1,4755,513624000000.0,-33272000000.0,-42394000000.0,23851066000000.0,1111833000000.0,2144284500.0,-0.03812982705136473,0.046615652315078915
2024-07-12,912.8,1,4755,513624000000.0,-33272000000.0,-42394000000.0,23851066000000.0,1111833000000.0,2144284500.0,-0.03812982705136473,0.046615652315078915
2024-07-16,908.1,1,4755,513624000000.0,-33272000000.0,-42394000000.0,23851066000000.0,1111833000000.0,2144284500.0,-0.03812982705136473,0.046615652315078915
2024-07-17,895.4,1,4755,513624000000.0,-33272000000.0,-42394000000.0,23851066000000.0,1111833000000.0,2144284500.0,-0.03812982705136473,0.046615652315078915
2024-07-18,876.2,1,4755,513624000000.0,-33272000000.0,-42394000000.0,23851066000000.0,1111833000000.0,2144284500.0,-0.03812982705136473,0.046615652315078915
2024-07-19,868.1,1,4755,513624000000.0,-33272000000.0,-42394000000.0,23851066000000.0,1111833000000.0,2144284500.0,-0.03812982705136473,0.046615652315078915
2024-07-22,870.4,1,4755,513624000000.0,-33272000000.0,-42394000000.0,23851066000000.0,1111833000000.0,2144284500.0,-0.03812982705136473,0.046615652315078915
2024-07-23,898.7,1,4755,513624000000.0,-33272000000.0,-42394000000.0,23851066000000.0,1111833000000.0,2144284500.0,-0.03812982705136473,0.046615652315078915
2024-07-24,883.5,1,4755,513624000000.0,-33272000000.0,-42394000000.0,23851066000000.0,1111833000000.0,2144284500.0,-0.03812982705136473,0.046615652315078915
2024-07-25,841.7,1,4755,513624000000.0,-33272000000.0,-42394000000.0,23851066000000.0,1111833000000.0,2144284500.0,-0.03812982705136473,0.046615652315078915
2024-07-26,840.3,1,4755,513624000000.0,-33272000000.0,-42394000000.0,23851066000000.0,1111833000000.0,2144284500.0,-0.03812982705136473,0.046615652315078915
2024-07-29,903.8,0,4755,513624000000.0,-33272000000.0,-42394000000.0,23851066000000.0,1111833000000.0,2144284500.0,-0.03812982705136473,0.046615652315078915
2024-07-30,889.7,1,4755,513624000000.0,-33272000000.0,-42394000000.0,23851066000000.0,1111833000000.0,2144284500.0,-0.03812982705136473,0.046615652315078915
2024-07-31,882.4,1,4755,513624000000.0,-33272000000.0,-42394000000.0,23851066000000.0,1111833000000.0,2144284500.0,-0.03812982705136473,0.046615652315078915
2024-08-01,855.0,1,4755,513624000000.0,-33272000000.0,-42394000000.0,23851066000000.0,1111833000000.0,2144284500.0,-0.03812982705136473,0.046615652315078915
2024-08-02,789.1,1,4755,513624000000.0,-33272000000.0,-42394000000.0,23851066000000.0,1111833000000.0,2144284500.0,-0.03812982705136473,0.046615652315078915
2024-08-05,664.0,1,4755,513624000000.0,-33272000000.0,-42394000000.0,23851066000000.0,1111833000000.0,2144284500.0,-0.03812982705136473,0.046615652315078915
2024-08-06,732.1,1,4755,513624000000.0,-33272000000.0,-42394000000.0,23851066000000.0,1111833000000.0,2144284500.0,-0.03812982705136473,0.046615652315078915
2024-08-07,780.8,1,4755,513624000000.0,-33272000000.0,-42394000000.0,23851066000000.0,1111833000000.0,2144284500.0,-0.03812982705136473,0.046615652315078915
2024-08-08,773.3,1,4755,513624000000.0,-33272000000.0,-42394000000.0,23851066000000.0,1111833000000.0,2144284500.0,-0.03812982705136473,0.046615652315078915
2024-08-09,779.5,1,4755,1050908000000.0,-51603000000.0,-75962000000.0,24828283000000.0,1128050000000.0,2149027500.0,-0.06733921368733656,0.04543407210236809
2024-08-13,851.4,1,4755,1050908000000.0,-51603000000.0,-75962000000.0,24828283000000.0,1128050000000.0,2149027500.0,-0.06733921368733656,0.04543407210236809
2024-08-14,868.5,1,4755,1050908000000.0,-51603000000.0,-75962000000.0,24828283000000.0,1128050000000.0,2149027500.0,-0.06733921368733656,0.04543407210236809
2024-08-15,864.9,1,4755,1050908000000.0,-51603000000.0,-75962000000.0,24828283000000.0,1128050000000.0,2149027500.0,-0.06733921368733656,0.04543407210236809
2024-08-16,892.4,1,4755,1050908000000.0,-51603000000.0,-75962000000.0,24828283000000.0,1128050000000.0,2149027500.0,-0.06733921368733656,0.04543407210236809
2024-08-19,877.4,1,4755,1050908000000.0,-51603000000.0,-75962000000.0,24828283000000.0,1128050000000.0,2149027500.0,-0.06733921368733656,0.04543407210236809
2024-08-20,908.0,0,4755,1050908000000.0,-51603000000.0,-75962000000.0,24828283000000.0,1128050000000.0,2149027500.0,-0.06733921368733656,0.04543407210236809
2024-08-21,949.5,0,4755,1050908000000.0,-51603000000.0,-75962000000.0,24828283000000.0,1128050000000.0,2149027500.0,-0.06733921368733656,0.04543407210236809
2024-08-22,941.4,0,4755,1050908000000.0,-51603000000.0,-75962000000.0,24828283000000.0,1128050000000.0,2149027500.0,-0.06733921368733656,0.04543407210236809
2024-08-23,946.4,0,4755,1050908000000.0,-51603000000.0,-75962000000.0,24828283000000.0,1128050000000.0,2149027500.0,-0.06733921368733656,0.04543407210236809
2024-08-26,940.7,0,4755,1050908000000.0,-51603000000.0,-75962000000.0,24828283000000.0,1128050000000.0,2149027500.0,-0.06733921368733656,0.04543407210236809
2024-08-27,941.9,0,4755,1050908000000.0,-51603000000.0,-75962000000.0,24828283000000.0,1128050000000.0,2149027500.0,-0.06733921368733656,0.04543407210236809
2024-08-28,1028.5,0,4755,1050908000000.0,-51603000000.0,-75962000000.0,24828283000000.0,1128050000000.0,2149027500.0,-0.06733921368733656,0.04543407210236809
2024-08-29,1002.5,0,4755,1050908000000.0,-51603000000.0,-75962000000.0,24828283000000.0,1128050000000.0,2149027500.0,-0.06733921368733656,0.04543407210236809
2024-08-30,1033.5,0,4755,1050908000000.0,-51603000000.0,-75962000000.0,24828283000000.0,1128050000000.0,2149027500.0,-0.06733921368733656,0.04543407210236809
2024-09-02,1035.5,0,4755,1050908000000.0,-51603000000.0,-75962000000.0,24828283000000.0,1128050000000.0,2149027500.0,-0.06733921368733656,0.04543407210236809
2024-09-03,1067.5,0,4755,1050908000000.0,-51603000000.0,-75962000000.0,24828283000000.0,1128050000000.0,2149027500.0,-0.06733921368733656,0.04543407210236809
2024-09-04,1002.0,0,4755,1050908000000.0,-51603000000.0,-75962000000.0,24828283000000.0,1128050000000.0,2149027500.0,-0.06733921368733656,0.04543407210236809
2024-09-05,995.8,0,4755,1050908000000.0,-51603000000.0,-75962000000.0,24828283000000.0,1128050000000.0,2149027500.0,-0.06733921368733656,0.04543407210236809
2024-09-06,946.4,0,4755,1050908000000.0,-51603000000.0,-75962000000.0,24828283000000.0,1128050000000.0,2149027500.0,-0.06733921368733656,0.04543407210236809
2024-09-09,956.5,0,4755,1050908000000.0,-51603000000.0,-75962000000.0,24828283000000.0,1128050000000.0,2149027500.0,-0.06733921368733656,0.04543407210236809
2024-09-10,947.7,0,4755,1050908000000.0,-51603000000.0,-75962000000.0,24828283000000.0,1128050000000.0,2149027500.0,-0.06733921368733656,0.04543407210236809
2024-09-11,928.8,1,4755,1050908000000.0,-51603000000.0,-75962000000.0,24828283000000.0,1128050000000.0,2149027500.0,-0.06733921368733656,0.04543407210236809
2024-09-12,938.1,1,4755,1050908000000.0,-51603000000.0,-75962000000.0,24828283000000.0,1128050000000.0,2149027500.0,-0.06733921368733656,0.04543407210236809
2024-09-13,946.8,1,4755,1050908000000.0,-51603000000.0,-75962000000.0,24828283000000.0,1128050000000.0,2149027500.0,-0.06733921368733656,0.04543407210236809
2024-09-17,942.9,1,4755,1050908000000.0,-51603000000.0,-75962000000.0,24828283000000.0,1128050000000.0,2149027500.0,-0.06733921368733656,0.04543407210236809
2024-09-18,945.6,1,4755,1050908000000.0,-51603000000.0,-75962000000.0,24828283000000.0,1128050000000.0,2149027500.0,-0.06733921368733656,0.04543407210236809
2024-09-19,963.1,1,4755,1050908000000.0,-51603000000.0,-75962000000.0,24828283000000.0,1128050000000.0,2149027500.0,-0.06733921368733656,0.04543407210236809
2024-09-20,970.6,1,4755,1050908000000.0,-51603000000.0,-75962000000.0,24828283000000.0,1128050000000.0,2149027500.0,-0.06733921368733656,0.04543407210236809
2024-09-24,960.7,0,4755,1050908000000.0,-51603000000.0,-75962000000.0,24828283000000.0,1128050000000.0,2149027500.0,-0.06733921368733656,0.04543407210236809
2024-09-25,939.5,0,4755,1050908000000.0,-51603000000.0,-75962000000.0,24828283000000.0,1128050000000.0,2149027500.0,-0.06733921368733656,0.04543407210236809
2024-09-26,946.4,0,4755,1050908000000.0,-51603000000.0,-75962000000.0,24828283000000.0,1128050000000.0,2149027500.0,-0.06733921368733656,0.04543407210236809
2024-09-27,965.7,0,4755,1050908000000.0,-51603000000.0,-75962000000.0,24828283000000.0,1128050000000.0,2149027500.0,-0.06733921368733656,0.04543407210236809
2024-09-30,925.6,0,4755,1050908000000.0,-51603000000.0,-75962000000.0,24828283000000.0,1128050000000.0,2149027500.0,-0.06733921368733656,0.04543407210236809
2024-10-01,917.5,0,4755,1050908000000.0,-51603000000.0,-75962000000.0,24828283000000.0,1128050000000.0,2149027500.0,-0.06733921368733656,0.04543407210236809
2024-10-02,900.2,0,4755,1050908000000.0,-51603000000.0,-75962000000.0,24828283000000.0,1128050000000.0,2149027500.0,-0.06733921368733656,0.04543407210236809
2024-10-03,917.5,0,4755,1050908000000.0,-51603000000.0,-75962000000.0,24828283000000.0,1128050000000.0,2149027500.0,-0.06733921368733656,0.04543407210236809
2024-10-04,913.0,0,4755,1050908000000.0,-51603000000.0,-75962000000.0,24828283000000.0,1128050000000.0,2149027500.0,-0.06733921368733656,0.04543407210236809
2024-10-07,923.5,0,4755,1050908000000.0,-51603000000.0,-75962000000.0,24828283000000.0,1128050000000.0,2149027500.0,-0.06733921368733656,0.04543407210236809
2024-10-08,913.3,1,4755,1050908000000.0,-51603000000.0,-75962000000.0,24828283000000.0,1128050000000.0,2149027500.0,-0.06733921368733656,0.04543407210236809
2024-10-09,920.9,1,4755,1050908000000.0,-51603000000.0,-75962000000.0,24828283000000.0,1128050000000.0,2149027500.0,-0.06733921368733656,0.04543407210236809
2024-10-10,946.5,0,4755,1050908000000.0,-51603000000.0,-75962000000.0,24828283000000.0,1128050000000.0,2149027500.0,-0.06733921368733656,0.04543407210236809
2024-10-11,948.5,0,4755,1050908000000.0,-51603000000.0,-75962000000.0,24828283000000.0,1128050000000.0,2149027500.0,-0.06733921368733656,0.04543407210236809
2024-10-15,961.3,0,4755,1050908000000.0,-51603000000.0,-75962000000.0,24828283000000.0,1128050000000.0,2149027500.0,-0.06733921368733656,0.04543407210236809
2024-10-16,954.5,0,4755,1050908000000.0,-51603000000.0,-75962000000.0,24828283000000.0,1128050000000.0,2149027500.0,-0.06733921368733656,0.04543407210236809
2024-10-17,942.2,0,4755,1050908000000.0,-51603000000.0,-75962000000.0,24828283000000.0,1128050000000.0,2149027500.0,-0.06733921368733656,0.04543407210236809
2024-10-18,921.4,0,4755,1050908000000.0,-51603000000.0,-75962000000.0,24828283000000.0,1128050000000.0,2149027500.0,-0.06733921368733656,0.04543407210236809
2024-10-21,952.1,0,4755,1050908000000.0,-51603000000.0,-75962000000.0,24828283000000.0,1128050000000.0,2149027500.0,-0.06733921368733656,0.04543407210236809
2024-10-22,936.6,0,4755,1050908000000.0,-51603000000.0,-75962000000.0,24828283000000.0,1128050000000.0,2149027500.0,-0.06733921368733656,0.04543407210236809
2024-10-23,909.3,1,4755,1050908000000.0,-51603000000.0,-75962000000.0,24828283000000.0,1128050000000.0,2149027500.0,-0.06733921368733656,0.04543407210236809
2024-10-24,904.6,1,4755,1050908000000.0,-51603000000.0,-75962000000.0,24828283000000.0,1128050000000.0,2149027500.0,-0.06733921368733656,0.04543407210236809
2024-10-25,885.7,1,4755,1050908000000.0,-51603000000.0,-75962000000.0,24828283000000.0,1128050000000.0,2149027500.0,-0.06733921368733656,0.04543407210236809
2024-10-28,907.8,1,4755,1050908000000.0,-51603000000.0,-75962000000.0,24828283000000.0,1128050000000.0,2149027500.0,-0.06733921368733656,0.04543407210236809
2024-10-29,919.9,1,4755,1050908000000.0,-51603000000.0,-75962000000.0,24828283000000.0,1128050000000.0,2149027500.0,-0.06733921368733656,0.04543407210236809
2024-10-30,922.7,1,4755,1050908000000.0,-51603000000.0,-75962000000.0,24828283000000.0,1128050000000.0,2149027500.0,-0.06733921368733656,0.04543407210236809
2024-10-31,922.7,1,4755,1050908000000.0,-51603000000.0,-75962000000.0,24828283000000.0,1128050000000.0,2149027500.0,-0.06733921368733656,0.04543407210236809
2024-11-01,903.6,1,4755,1050908000000.0,-51603000000.0,-75962000000.0,24828283000000.0,1128050000000.0,2149027500.0,-0.06733921368733656,0.04543407210236809
2024-11-05,916.4,1,4755,1050908000000.0,-51603000000.0,-75962000000.0,24828283000000.0,1128050000000.0,2149027500.0,-0.06733921368733656,0.04543407210236809
2024-11-06,933.0,1,4755,1050908000000.0,-51603000000.0,-75962000000.0,24828283000000.0,1128050000000.0,2149027500.0,-0.06733921368733656,0.04543407210236809
2024-11-07,929.0,1,4755,1050908000000.0,-51603000000.0,-75962000000.0,24828283000000.0,1128050000000.0,2149027500.0,-0.06733921368733656,0.04543407210236809
2024-11-08,926.4,1,4755,1050908000000.0,-51603000000.0,-75962000000.0,24828283000000.0,1128050000000.0,2149027500.0,-0.06733921368733656,0.04543407210236809
2024-11-11,923.6,1,4755,1050908000000.0,-51603000000.0,-75962000000.0,24828283000000.0,1128050000000.0,2149027500.0,-0.06733921368733656,0.04543407210236809
2024-11-12,950.2,1,4755,1050908000000.0,-51603000000.0,-75962000000.0,24828283000000.0,1128050000000.0,2149027500.0,-0.06733921368733656,0.04543407210236809
2024-11-13,964.9,1,4755,1617621000000.0,-51066000000.0,-150358000000.0,24879684000000.0,970604000000.0,2151545900.0,-0.15491178688734025,0.03901191027988941
2024-11-14,936.9,1,4755,1617621000000.0,-51066000000.0,-150358000000.0,24879684000000.0,970604000000.0,2151545900.0,-0.15491178688734025,0.03901191027988941
2024-11-15,900.1,1,4755,1617621000000.0,-51066000000.0,-150358000000.0,24879684000000.0,970604000000.0,2151545900.0,-0.15491178688734025,0.03901191027988941
2024-11-18,881.1,1,4755,1617621000000.0,-51066000000.0,-150358000000.0,24879684000000.0,970604000000.0,2151545900.0,-0.15491178688734025,0.03901191027988941
2024-11-19,876.9,1,4755,1617621000000.0,-51066000000.0,-150358000000.0,24879684000000.0,970604000000.0,2151545900.0,-0.15491178688734025,0.03901191027988941
2024-11-20,876.3,1,4755,1617621000000.0,-51066000000.0,-150358000000.0,24879684000000.0,970604000000.0,2151545900.0,-0.15491178688734025,0.03901191027988941
2024-11-21,891.9,1,4755,1617621000000.0,-51066000000.0,-150358000000.0,24879684000000.0,970604000000.0,2151545900.0,-0.15491178688734025,0.03901191027988941
2024-11-22,879.4,1,4755,1617621000000.0,-51066000000.0,-150358000000.0,24879684000000.0,970604000000.0,2151545900.0,-0.15491178688734025,0.03901191027988941
2024-11-25,883.3,1,4755,1617621000000.0,-51066000000.0,-150358000000.0,24879684000000.0,970604000000.0,2151545900.0,-0.15491178688734025,0.03901191027988941
2024-11-26,862.3,1,4755,1617621000000.0,-51066000000.0,-150358000000.0,24879684000000.0,970604000000.0,2151545900.0,-0.15491178688734025,0.03901191027988941
2024-11-27,857.0,1,4755,1617621000000.0,-51066000000.0,-150358000000.0,24879684000000.0,970604000000.0,2151545900.0,-0.15491178688734025,0.03901191027988941
2024-11-28,854.7,1,4755,1617621000000.0,-51066000000.0,-150358000000.0,24879684000000.0,970604000000.0,2151545900.0,-0.15491178688734025,0.03901191027988941
2024-11-29,858.4,1,4755,1617621000000.0,-51066000000.0,-150358000000.0,24879684000000.0,970604000000.0,2151545900.0,-0.15491178688734025,0.03901191027988941
2024-12-02,847.2,1,4755,1617621000000.0,-51066000000.0,-150358000000.0,24879684000000.0,970604000000.0,2151545900.0,-0.15491178688734025,0.03901191027988941
2024-12-03,846.8,1,4755,1617621000000.0,-51066000000.0,-150358000000.0,24879684000000.0,970604000000.0,2151545900.0,-0.15491178688734025,0.03901191027988941
2024-12-04,837.0,1,4755,1617621000000.0,-51066000000.0,-150358000000.0,24879684000000.0,970604000000.0,2151545900.0,-0.15491178688734025,0.03901191027988941
2024-12-05,834.2,1,4755,1617621000000.0,-51066000000.0,-150358000000.0,24879684000000.0,970604000000.0,2151545900.0,-0.15491178688734025,0.03901191027988941
2024-12-06,862.9,1,4755,1617621000000.0,-51066000000.0,-150358000000.0,24879684000000.0,970604000000.0,2151545900.0,-0.15491178688734025,0.03901191027988941
2024-12-09,921.0,0,4755,1617621000000.0,-51066000000.0,-150358000000.0,24879684000000.0,970604000000.0,2151545900.0,-0.15491178688734025,0.03901191027988941
2024-12-10,930.4,0,4755,1617621000000.0,-51066000000.0,-150358000000.0,24879684000000.0,970604000000.0,2151545900.0,-0.15491178688734025,0.03901191027988941
2024-12-11,946.7,0,4755,1617621000000.0,-51066000000.0,-150358000000.0,24879684000000.0,970604000000.0,2151545900.0,-0.15491178688734025,0.03901191027988941
2024-12-12,970.0,0,4755,1617621000000.0,-51066000000.0,-150358000000.0,24879684000000.0,970604000000.0,2151545900.0,-0.15491178688734025,0.03901191027988941
2024-12-13,982.4,0,4755,1617621000000.0,-51066000000.0,-150358000000.0,24879684000000.0,970604000000.0,2151545900.0,-0.15491178688734025,0.03901191027988941
2024-12-16,988.2,0,4755,1617621000000.0,-51066000000.0,-150358000000.0,24879684000000.0,970604000000.0,2151545900.0,-0.15491178688734025,0.03901191027988941
2024-12-17,998.5,0,4755,1617621000000.0,-51066000000.0,-150358000000.0,24879684000000.0,970604000000.0,2151545900.0,-0.15491178688734025,0.03901191027988941
2024-12-18,996.8,0,4755,1617621000000.0,-51066000000.0,-150358000000.0,24879684000000.0,970604000000.0,2151545900.0,-0.15491178688734025,0.03901191027988941
2024-12-19,917.3,0,4755,1617621000000.0,-51066000000.0,-150358000000.0,24879684000000.0,970604000000.0,2151545900.0,-0.15491178688734025,0.03901191027988941
2024-12-20,919.8,0,4755,1617621000000.0,-51066000000.0,-150358000000.0,24879684000000.0,970604000000.0,2151545900.0,-0.15491178688734025,0.03901191027988941
2024-12-23,906.5,0,4755,1617621000000.0,-51066000000.0,-150358000000.0,24879684000000.0,970604000000.0,2151545900.0,-0.15491178688734025,0.03901191027988941
2024-12-24,891.8,0,4755,1617621000000.0,-51066000000.0,-150358000000.0,24879684000000.0,970604000000.0,2151545900.0,-0.15491178688734025,0.03901191027988941
2024-12-25,869.5,0,4755,1617621000000.0,-51066000000.0,-150358000000.0,24879684000000.0,970604000000.0,2151545900.0,-0.15491178688734025,0.03901191027988941
2024-12-26,851.3,0,4755,1617621000000.0,-51066000000.0,-150358000000.0,24879684000000.0,970604000000.0,2151545900.0,-0.15491178688734025,0.03901191027988941
2024-12-27,872.3,0,4755,1617621000000.0,-51066000000.0,-150358000000.0,24879684000000.0,970604000000.0,2151545900.0,-0.15491178688734025,0.03901191027988941
2024-12-30,858.9,0,4755,1617621000000.0,-51066000000.0,-150358000000.0,24879684000000.0,970604000000.0,2151545900.0,-0.15491178688734025,0.03901191027988941
2025-01-06,858.5,0,4755,1617621000000.0,-51066000000.0,-150358000000.0,24879684000000.0,970604000000.0,2151545900.0,-0.15491178688734025,0.03901191027988941
2025-01-07,870.2,0,4755,1617621000000.0,-51066000000.0,-150358000000.0,24879684000000.0,970604000000.0,2151545900.0,-0.15491178688734025,0.03901191027988941
2025-01-08,920.1,0,4755,1617621000000.0,-51066000000.0,-150358000000.0,24879684000000.0,970604000000.0,2151545900.0,-0.15491178688734025,0.03901191027988941
2025-01-09,936.0,0,4755,1617621000000.0,-51066000000.0,-150358000000.0,24879684000000.0,970604000000.0,2151545900.0,-0.15491178688734025,0.03901191027988941
2025-01-10,914.1,0,4755,1617621000000.0,-51066000000.0,-150358000000.0,24879684000000.0,970604000000.0,2151545900.0,-0.15491178688734025,0.03901191027988941
2025-01-14,901.7,0,4755,1617621000000.0,-51066000000.0,-150358000000.0,24879684000000.0,970604000000.0,2151545900.0,-0.15491178688734025,0.03901191027988941
2025-01-15,893.6,0,4755,1617621000000.0,-51066000000.0,-150358000000.0,24879684000000.0,970604000000.0,2151545900.0,-0.15491178688734025,0.03901191027988941
2025-01-16,899.5,0,4755,1617621000000.0,-51066000000.0,-150358000000.0,24879684000000.0,970604000000.0,2151545900.0,-0.15491178688734025,0.03901191027988941
2025-01-17,893.3,0,4755,1617621000000.0,-51066000000.0,-150358000000.0,24879684000000.0,970604000000.0,2151545900.0,-0.15491178688734025,0.03901191027988941
2025-01-20,901.5,0,4755,1617621000000.0,-51066000000.0,-150358000000.0,24879684000000.0,970604000000.0,2151545900.0,-0.15491178688734025,0.03901191027988941
2025-01-21,901.6,0,4755,1617621000000.0,-51066000000.0,-150358000000.0,24879684000000.0,970604000000.0,2151545900.0,-0.15491178688734025,0.03901191027988941
2025-01-22,924.7,0,4755,1617621000000.0,-51066000000.0,-150358000000.0,24879684000000.0,970604000000.0,2151545900.0,-0.15491178688734025,0.03901191027988941
2025-01-23,916.0,0,4755,1617621000000.0,-51066000000.0,-150358000000.0,24879684000000.0,970604000000.0,2151545900.0,-0.15491178688734025,0.03901191027988941
2025-01-24,930.7,0,4755,1617621000000.0,-51066000000.0,-150358000000.0,24879684000000.0,970604000000.0,2151545900.0,-0.15491178688734025,0.03901191027988941
2025-01-27,947.1,0,4755,1617621000000.0,-51066000000.0,-150358000000.0,24879684000000.0,970604000000.0,2151545900.0,-0.15491178688734025,0.03901191027988941
2025-01-28,979.0,0,4755,1617621000000.0,-51066000000.0,-150358000000.0,24879684000000.0,970604000000.0,2151545900.0,-0.15491178688734025,0.03901191027988941
2025-01-29,996.8,0,4755,1617621000000.0,-51066000000.0,-150358000000.0,24879684000000.0,970604000000.0,2151545900.0,-0.15491178688734025,0.03901191027988941
2025-01-30,1004.0,0,4755,1617621000000.0,-51066000000.0,-150358000000.0,24879684000000.0,970604000000.0,2151545900.0,-0.15491178688734025,0.03901191027988941
2025-01-31,982.6,0,4755,1617621000000.0,-51066000000.0,-150358000000.0,24879684000000.0,970604000000.0,2151545900.0,-0.15491178688734025,0.03901191027988941
2025-02-03,963.3,0,4755,1617621000000.0,-51066000000.0,-150358000000.0,24879684000000.0,970604000000.0,2151545900.0,-0.15491178688734025,0.03901191027988941
2025-02-04,963.1,0,4755,1617621000000.0,-51066000000.0,-150358000000.0,24879684000000.0,970604000000.0,2151545900.0,-0.15491178688734025,0.03901191027988941
2025-02-05,964.5,0,4755,1617621000000.0,-51066000000.0,-150358000000.0,24879684000000.0,970604000000.0,2151545900.0,-0.15491178688734025,0.03901191027988941
2025-02-06,992.4,0,4755,1617621000000.0,-51066000000.0,-150358000000.0,24879684000000.0,970604000000.0,2151545900.0,-0.15491178688734025,0.03901191027988941
2025-02-07,990.0,0,4755,1617621000000.0,-51066000000.0,-150358000000.0,24879684000000.0,970604000000.0,2151545900.0,-0.15491178688734025,0.03901191027988941
2025-02-10,977.5,0,4755,1617621000000.0,-51066000000.0,-150358000000.0,24879684000000.0,970604000000.0,2151545900.0,-0.15491178688734025,0.03901191027988941
2025-02-12,982.5,0,4755,1617621000000.0,-51066000000.0,-150358000000.0,24879684000000.0,970604000000.0,2151545900.0,-0.15491178688734025,0.03901191027988941
2025-02-13,1012.0,0,4755,1617621000000.0,-51066000000.0,-150358000000.0,24879684000000.0,970604000000.0,2151545900.0,-0.15491178688734025,0.03901191027988941
2025-02-14,1023.0,0,4755,2279233000000.0,52975000000.0,-162442000000.0,26514728000000.0,1238514000000.0,2154483600.0,-0.13115879190707574,0.04671041694261393
2025-02-17,998.4,0,4755,2279233000000.0,52975000000.0,-162442000000.0,26514728000000.0,1238514000000.0,2154483600.0,-0.13115879190707574,0.04671041694261393
2025-02-18,943.7,0,4755,2279233000000.0,52975000000.0,-162442000000.0,26514728000000.0,1238514000000.0,2154483600.0,-0.13115879190707574,0.04671041694261393
2025-02-19,1013.5,0,4755,2279233000000.0,52975000000.0,-162442000000.0,26514728000000.0,1238514000000.0,2154483600.0,-0.13115879190707574,0.04671041694261393
2025-02-20,974.3,0,4755,2279233000000.0,52975000000.0,-162442000000.0,26514728000000.0,1238514000000.0,2154483600.0,-0.13115879190707574,0.04671041694261393
2025-02-21,982.5,0,4755,2279233000000.0,52975000000.0,-162442000000.0,26514728000000.0,1238514000000.0,2154483600.0,-0.13115879190707574,0.04671041694261393
2025-02-25,961.3,0,4755,2279233000000.0,52975000000.0,-162442000000.0,26514728000000.0,1238514000000.0,2154483600.0,-0.13115879190707574,0.04671041694261393
2025-02-26,950.0,0,4755,2279233000000.0,52975000000.0,-162442000000.0,26514728000000.0,1238514000000.0,2154483600.0,-0.13115879190707574,0.04671041694261393
2025-02-27,942.3,0,4755,2279233000000.0,52975000000.0,-162442000000.0,26514728000000.0,1238514000000.0,2154483600.0,-0.13115879190707574,0.04671041694261393
2025-02-28,920.7,0,4755,2279233000000.0,52975000000.0,-162442000000.0,26514728000000.0,1238514000000.0,2154483600.0,-0.13115879190707574,0.04671041694261393
2025-03-03,917.3,0,4755,2279233000000.0,52975000000.0,-162442000000.0,26514728000000.0,1238514000000.0,2154483600.0,-0.13115879190707574,0.04671041694261393
2025-03-04,896.2,0,4755,2279233000000.0,52975000000.0,-162442000000.0,26514728000000.0,1238514000000.0,2154483600.0,-0.13115879190707574,0.04671041694261393
2025-03-05,907.1,0,4755,2279233000000.0,52975000000.0,-162442000000.0,26514728000000.0,1238514000000.0,2154483600.0,-0.13115879190707574,0.04671041694261393
2025-03-06,930.5,0,4755,2279233000000.0,52975000000.0,-162442000000.0,26514728000000.0,1238514000000.0,2154483600.0,-0.13115879190707574,0.04671041694261393
2025-03-07,910.0,0,4755,2279233000000.0,52975000000.0,-162442000000.0,26514728000000.0,1238514000000.0,2154483600.0,-0.13115879190707574,0.04671041694261393
2025-03-10,911.4,0,4755,2279233000000.0,52975000000.0,-162442000000.0,26514728000000.0,1238514000000.0,2154483600.0,-0.13115879190707574,0.04671041694261393
2025-03-11,889.4,0,4755,2279233000000.0,52975000000.0,-162442000000.0,26514728000000.0,1238514000000.0,2154483600.0,-0.13115879190707574,0.04671041694261393
2025-03-12,898.0,0,4755,2279233000000.0,52975000000.0,-162442000000.0,26514728000000.0,1238514000000.0,2154483600.0,-0.13115879190707574,0.04671041694261393
2025-03-13,898.5,0,4755,2279233000000.0,52975000000.0,-162442000000.0,26514728000000.0,1238514000000.0,2154483600.0,-0.13115879190707574,0.04671041694261393
2025-03-14,898.3,0,4755,2279233000000.0,52975000000.0,-162442000000.0,26514728000000.0,1238514000000.0,2154483600.0,-0.13115879190707574,0.04671041694261393
2025-03-17,905.3,0,4755,2279233000000.0,52975000000.0,-162442000000.0,26514728000000.0,1238514000000.0,2154483600.0,-0.13115879190707574,0.04671041694261393
2025-03-18,908.3,0,4755,2279233000000.0,52975000000.0,-162442000000.0,26514728000000.0,1238514000000.0,2154483600.0,-0.13115879190707574,0.04671041694261393
2025-03-19,902.6,0,4755,2279233000000.0,52975000000.0,-162442000000.0,26514728000000.0,1238514000000.0,2154483600.0,-0.13115879190707574,0.04671041694261393
2025-03-21,901.0,0,4755,2279233000000.0,52975000000.0,-162442000000.0,26514728000000.0,1238514000000.0,2154483600.0,-0.13115879190707574,0.04671041694261393
2025-03-24,895.5,0,4755,2279233000000.0,52975000000.0,-162442000000.0,26514728000000.0,1238514000000.0,2154483600.0,-0.13115879190707574,0.04671041694261393
2025-03-25,905.9,0,4755,2279233000000.0,52975000000.0,-162442000000.0,26514728000000.0,1238514000000.0,2154483600.0,-0.13115879190707574,0.04671041694261393
2025-03-26,905.7,0,4755,2279233000000.0,52975000000.0,-162442000000.0,26514728000000.0,1238514000000.0,2154483600.0,-0.13115879190707574,0.04671041694261393
2025-03-27,902.7,0,4755,2279233000000.0,52975000000.0,-162442000000.0,26514728000000.0,1238514000000.0,2154483600.0,-0.13115879190707574,0.04671041694261393
2025-03-28,884.7,0,4755,2279233000000.0,52975000000.0,-162442000000.0,26514728000000.0,1238514000000.0,2154483600.0,-0.13115879190707574,0.04671041694261393
2025-03-31,851.3,0,4755,2279233000000.0,52975000000.0,-162442000000.0,26514728000000.0,1238514000000.0,2154483600.0,-0.13115879190707574,0.04671041694261393
2025-04-01,845.0,0,4755,2279233000000.0,52975000000.0,-162442000000.0,26514728000000.0,1238514000000.0,2154483600.0,-0.13115879190707574,0.04671041694261393
2025-04-02,829.9,0,4755,2279233000000.0,52975000000.0,-162442000000.0,26514728000000.0,1238514000000.0,2154483600.0,-0.13115879190707574,0.04671041694261393
2025-04-03,821.8,0,4755,2279233000000.0,52975000000.0,-162442000000.0,26514728000000.0,1238514000000.0,2154483600.0,-0.13115879190707574,0.04671041694261393
2025-04-04,795.6,0,4755,2279233000000.0,52975000000.0,-162442000000.0,26514728000000.0,1238514000000.0,2154483600.0,-0.13115879190707574,0.04671041694261393
2025-04-07,710.8,1,4755,2279233000000.0,52975000000.0,-162442000000.0,26514728000000.0,1238514000000.0,2154483600.0,-0.13115879190707574,0.04671041694261393
2025-04-08,762.6,1,4755,2279233000000.0,52975000000.0,-162442000000.0,26514728000000.0,1238514000000.0,2154483600.0,-0.13115879190707574,0.04671041694261393
2025-04-09,723.8,1,4755,2279233000000.0,52975000000.0,-162442000000.0,26514728000000.0,1238514000000.0,2154483600.0,-0.13115879190707574,0.04671041694261393
2025-04-10,789.6,0,4755,2279233000000.0,52975000000.0,-162442000000.0,26514728000000.0,1238514000000.0,2154483600.0,-0.13115879190707574,0.04671041694261393
2025-04-11,774.4,1,4755,2279233000000.0,52975000000.0,-162442000000.0,26514728000000.0,1238514000000.0,2154483600.0,-0.13115879190707574,0.04671041694261393
2025-04-14,771.5,1,4755,2279233000000.0,52975000000.0,-162442000000.0,26514728000000.0,1238514000000.0,2154483600.0,-0.13115879190707574,0.04671041694261393
2025-04-15,771.4,1,4755,2279233000000.0,52975000000.0,-162442000000.0,26514728000000.0,1238514000000.0,2154483600.0,-0.13115879190707574,0.04671041694261393
2025-04-16,759.5,1,4755,2279233000000.0,52975000000.0,-162442000000.0,26514728000000.0,1238514000000.0,2154483600.0,-0.13115879190707574,0.04671041694261393
2025-04-17,782.1,1,4755,2279233000000.0,52975000000.0,-162442000000.0,26514728000000.0,1238514000000.0,2154483600.0,-0.13115879190707574,0.04671041694261393
2025-04-18,784.0,1,4755,2279233000000.0,52975000000.0,-162442000000.0,26514728000000.0,1238514000000.0,2154483600.0,-0.13115879190707574,0.04671041694261393
2025-04-21,776.2,1,4755,2279233000000.0,52975000000.0,-162442000000.0,26514728000000.0,1238514000000.0,2154483600.0,-0.13115879190707574,0.04671041694261393
2025-04-22,754.0,1,4755,2279233000000.0,52975000000.0,-162442000000.0,26514728000000.0,1238514000000.0,2154483600.0,-0.13115879190707574,0.04671041694261393
2025-04-23,770.2,1,4755,2279233000000.0,52975000000.0,-162442000000.0,26514728000000.0,1238514000000.0,2154483600.0,-0.13115879190707574,0.04671041694261393
2025-04-24,786.0,1,4755,2279233000000.0,52975000000.0,-162442000000.0,26514728000000.0,1238514000000.0,2154483600.0,-0.13115879190707574,0.04671041694261393
2025-04-25,805.0,0,4755,2279233000000.0,52975000000.0,-162442000000.0,26514728000000.0,1238514000000.0,2154483600.0,-0.13115879190707574,0.04671041694261393
2025-04-28,824.8,0,4755,2279233000000.0,52975000000.0,-162442000000.0,26514728000000.0,1238514000000.0,2154483600.0,-0.13115879190707574,0.04671041694261393
2025-04-30,839.5,0,4755,2279233000000.0,52975000000.0,-162442000000.0,26514728000000.0,1238514000000.0,2154483600.0,-0.13115879190707574,0.04671041694261393
2025-05-01,831.4,0,4755,2279233000000.0,52975000000.0,-162442000000.0,26514728000000.0,1238514000000.0,2154483600.0,-0.13115879190707574,0.04671041694261393
2025-05-02,831.1,0,4755,2279233000000.0,52975000000.0,-162442000000.0,26514728000000.0,1238514000000.0,2154483600.0,-0.13115879190707574,0.04671041694261393
2025-05-07,856.7,0,4755,2279233000000.0,52975000000.0,-162442000000.0,26514728000000.0,1238514000000.0,2154483600.0,-0.13115879190707574,0.04671041694261393
2025-05-08,883.7,0,4755,2279233000000.0,52975000000.0,-162442000000.0,26514728000000.0,1238514000000.0,2154483600.0,-0.13115879190707574,0.04671041694261393
2025-05-09,893.5,0,4755,2279233000000.0,52975000000.0,-162442000000.0,26514728000000.0,1238514000000.0,2154483600.0,-0.13115879190707574,0.04671041694261393
2025-05-12,884.2,0,4755,2279233000000.0,52975000000.0,-162442000000.0,26514728000000.0,1238514000000.0,2154483600.0,-0.13115879190707574,0.04671041694261393
2025-05-13,884.6,0,4755,2279233000000.0,52975000000.0,-162442000000.0,26514728000000.0,1238514000000.0,2154483600.0,-0.13115879190707574,0.04671041694261393
2025-05-14,884.0,0,4755,562704000000.0,-15444000000.0,-73471000000.0,25077197000000.0,1136181000000.0,2157487400.0,-0.06466487293837865,0.04530733638213234
2025-05-15,806.1,0,4755,562704000000.0,-15444000000.0,-73471000000.0,25077197000000.0,1136181000000.0,2157487400.0,-0.06466487293837865,0.04530733638213234
2025-05-16,784.5,0,4755,562704000000.0,-15444000000.0,-73471000000.0,25077197000000.0,1136181000000.0,2157487400.0,-0.06466487293837865,0.04530733638213234
2025-05-19,808.0,0,4755,562704000000.0,-15444000000.0,-73471000000.0,25077197000000.0,1136181000000.0,2157487400.0,-0.06466487293837865,0.04530733638213234
2025-05-20,803.0,0,4755,562704000000.0,-15444000000.0,-73471000000.0,25077197000000.0,1136181000000.0,2157487400.0,-0.06466487293837865,0.04530733638213234
2025-05-21,821.2,0,4755,562704000000.0,-15444000000.0,-73471000000.0,25077197000000.0,1136181000000.0,2157487400.0,-0.06466487293837865,0.04530733638213234
2025-05-22,800.2,0,4755,562704000000.0,-15444000000.0,-73471000000.0,25077197000000.0,1136181000000.0,2157487400.0,-0.06466487293837865,0.04530733638213234
2025-05-23,802.0,0,4755,562704000000.0,-15444000000.0,-73471000000.0,25077197000000.0,1136181000000.0,2157487400.0,-0.06466487293837865,0.04530733638213234
2025-05-26,813.6,0,4755,562704000000.0,-15444000000.0,-73471000000.0,25077197000000.0,1136181000000.0,2157487400.0,-0.06466487293837865,0.04530733638213234
2025-05-27,795.1,0,4755,562704000000.0,-15444000000.0,-73471000000.0,25077197000000.0,1136181000000.0,2157487400.0,-0.06466487293837865,0.04530733638213234
2025-05-28,794.7,0,4755,562704000000.0,-15444000000.0,-73471000000.0,25077197000000.0,1136181000000.0,2157487400.0,-0.06466487293837865,0.04530733638213234
2025-05-29,804.0,0,4755,562704000000.0,-15444000000.0,-73471000000.0,25077197000000.0,1136181000000.0,2157487400.0,-0.06466487293837865,0.04530733638213234
2025-05-30,798.6,0,4755,562704000000.0,-15444000000.0,-73471000000.0,25077197000000.0,1136181000000.0,2157487400.0,-0.06466487293837865,0.04530733638213234
2025-06-02,820.7,0,4755,562704000000.0,-15444000000.0,-73471000000.0,25077197000000.0,1136181000000.0,2157487400.0,-0.06466487293837865,0.04530733638213234
2025-06-03,816.0,0,4755,562704000000.0,-15444000000.0,-73471000000.0,25077197000000.0,1136181000000.0,2157487400.0,-0.06466487293837865,0.04530733638213234
2025-06-04,809.2,0,4755,562704000000.0,-15444000000.0,-73471000000.0,25077197000000.0,1136181000000.0,2157487400.0,-0.06466487293837865,0.04530733638213234
2025-06-05,800.9,0,4755,562704000000.0,-15444000000.0,-73471000000.0,25077197000000.0,1136181000000.0,2157487400.0,-0.06466487293837865,0.04530733638213234
2025-06-06,804.9,0,4755,562704000000.0,-15444000000.0,-73471000000.0,25077197000000.0,1136181000000.0,2157487400.0,-0.06466487293837865,0.04530733638213234
2025-06-09,823.9,0,4755,562704000000.0,-15444000000.0,-73471000000.0,25077197000000.0,1136181000000.0,2157487400.0,-0.06466487293837865,0.04530733638213234
2025-06-10,818.6,0,4755,562704000000.0,-15444000000.0,-73471000000.0,25077197000000.0,1136181000000.0,2157487400.0,-0.06466487293837865,0.04530733638213234
2025-06-11,831.9,0,4755,562704000000.0,-15444000000.0,-73471000000.0,25077197000000.0,1136181000000.0,2157487400.0,-0.06466487293837865,0.04530733638213234
2025-06-12,820.6,0,4755,562704000000.0,-15444000000.0,-73471000000.0,25077197000000.0,1136181000000.0,2157487400.0,-0.06466487293837865,0.04530733638213234
2025-06-13,803.9,0,4755,562704000000.0,-15444000000.0,-73471000000.0,25077197000000.0,1136181000000.0,2157487400.0,-0.06466487293837865,0.04530733638213234
2025-06-16,808.4,0,4755,562704000000.0,-15444000000.0,-73471000000.0,25077197000000.0,1136181000000.0,2157487400.0,-0.06466487293837865,0.04530733638213234
2025-06-17,810.6,0,4755,562704000000.0,-15444000000.0,-73471000000.0,25077197000000.0,1136181000000.0,2157487400.0,-0.06466487293837865,0.04530733638213234
2025-06-18,822.3,0,4755,562704000000.0,-15444000000.0,-73471000000.0,25077197000000.0,1136181000000.0,2157487400.0,-0.06466487293837865,0.04530733638213234
2025-06-19,812.6,0,4755,562704000000.0,-15444000000.0,-73471000000.0,25077197000000.0,1136181000000.0,2157487400.0,-0.06466487293837865,0.04530733638213234
2025-06-20,806.8,0,4755,562704000000.0,-15444000000.0,-73471000000.0,25077197000000.0,1136181000000.0,2157487400.0,-0.06466487293837865,0.04530733638213234
2025-06-23,791.5,0,4755,562704000000.0,-15444000000.0,-73471000000.0,25077197000000.0,1136181000000.0,2157487400.0,-0.06466487293837865,0.04530733638213234
2025-06-24,791.8,0,4755,562704000000.0,-15444000000.0,-73471000000.0,25077197000000.0,1136181000000.0,2157487400.0,-0.06466487293837865,0.04530733638213234
2025-06-25,777.8,0,4755,562704000000.0,-15444000000.0,-73471000000.0,25077197000000.0,1136181000000.0,2157487400.0,-0.06466487293837865,0.04530733638213234
2025-06-26,785.5,0,4755,562704000000.0,-15444000000.0,-73471000000.0,25077197000000.0,1136181000000.0,2157487400.0,-0.06466487293837865,0.04530733638213234
2025-06-27,791.8,0,4755,562704000000.0,-15444000000.0,-73471000000.0,25077197000000.0,1136181000000.0,2157487400.0,-0.06466487293837865,0.04530733638213234
2025-06-30,796.4,0,4755,562704000000.0,-15444000000.0,-73471000000.0,25077197000000.0,1136181000000.0,2157487400.0,-0.06466487293837865,0.04530733638213234
2025-07-01,785.0,0,4755,562704000000.0,-15444000000.0,-73471000000.0,25077197000000.0,1136181000000.0,2157487400.0,-0.06466487293837865,0.04530733638213234
2025-07-02,776.4,0,4755,562704000000.0,-15444000000.0,-73471000000.0,25077197000000.0,1136181000000.0,2157487400.0,-0.06466487293837865,0.04530733638213234
2025-07-03,778.2,0,4755,562704000000.0,-15444000000.0,-73471000000.0,25077197000000.0,1136181000000.0,2157487400.0,-0.06466487293837865,0.04530733638213234
2025-07-04,773.0,0,4755,562704000000.0,-15444000000.0,-73471000000.0,25077197000000.0,1136181000000.0,2157487400.0,-0.06466487293837865,0.04530733638213234
2025-07-07,772.0,0,4755,562704000000.0,-15444000000.0,-73471000000.0,25077197000000.0,1136181000000.0,2157487400.0,-0.06466487293837865,0.04530733638213234
2025-07-08,778.5,0,4755,562704000000.0,-15444000000.0,-73471000000.0,25077197000000.0,1136181000000.0,2157487400.0,-0.06466487293837865,0.04530733638213234
2025-07-09,783.2,0,4755,562704000000.0,-15444000000.0,-73471000000.0,25077197000000.0,1136181000000.0,2157487400.0,-0.06466487293837865,0.04530733638213234
2025-07-10,808.5,0,4755,562704000000.0,-15444000000.0,-73471000000.0,25077197000000.0,1136181000000.0,2157487400.0,-0.06466487293837865,0.04530733638213234
2025-07-11,800.4,0,4755,562704000000.0,-15444000000.0,-73471000000.0,25077197000000.0,1136181000000.0,2157487400.0,-0.06466487293837865,0.04530733638213234
2025-07-14,790.3,0,4755,562704000000.0,-15444000000.0,-73471000000.0,25077197000000.0,1136181000000.0,2157487400.0,-0.06466487293837865,0.04530733638213234
2025-07-15,795.0,0,4755,562704000000.0,-15444000000.0,-73471000000.0,25077197000000.0,1136181000000.0,2157487400.0,-0.06466487293837865,0.04530733638213234
2025-07-16,785.0,0,4755,562704000000.0,-15444000000.0,-73471000000.0,25077197000000.0,1136181000000.0,2157487400.0,-0.06466487293837865,0.04530733638213234
2025-07-17,784.8,0,4755,562704000000.0,-15444000000.0,-73471000000.0,25077197000000.0,1136181000000.0,2157487400.0,-0.06466487293837865,0.04530733638213234
2025-07-18,774.0,0,4755,562704000000.0,-15444000000.0,-73471000000.0,25077197000000.0,1136181000000.0,2157487400.0,-0.06466487293837865,0.04530733638213234
2025-07-22,770.5,0,4755,562704000000.0,-15444000000.0,-73471000000.0,25077197000000.0,1136181000000.0,2157487400.0,-0.06466487293837865,0.04530733638213234
2025-07-23,802.0,0,4755,562704000000.0,-15444000000.0,-73471000000.0,25077197000000.0,1136181000000.0,2157487400.0,-0.06466487293837865,0.04530733638213234
2025-07-24,797.1,0,4755,562704000000.0,-15444000000.0,-73471000000.0,25077197000000.0,1136181000000.0,2157487400.0,-0.06466487293837865,0.04530733638213234
2025-07-25,787.5,0,4755,562704000000.0,-15444000000.0,-73471000000.0,25077197000000.0,1136181000000.0,2157487400.0,-0.06466487293837865,0.04530733638213234
2023-08-01,400.3,0,4689,,,,,,,,
2023-08-02,397.5,0,4689,,,,,,,,
2023-08-03,381.5,1,4689,430523000000.0,59397000000.0,37316000000.0,8450123000000.0,3338336000000.0,7633614486.0,0.011178024021548461,0.395063598482531
2023-08-04,427.8,0,4689,430523000000.0,59397000000.0,37316000000.0,8450123000000.0,3338336000000.0,7633614486.0,0.011178024021548461,0.395063598482531
2023-08-07,440.0,0,4689,430523000000.0,59397000000.0,37316000000.0,8450123000000.0,3338336000000.0,7633614486.0,0.011178024021548461,0.395063598482531
2023-08-08,422.0,0,4689,430523000000.0,59397000000.0,37316000000.0,8450123000000.0,3338336000000.0,7633614486.0,0.011178024021548461,0.395063598482531
2023-08-09,412.9,0,4689,430523000000.0,59397000000.0,37316000000.0,8450123000000.0,3338336000000.0,7633614486.0,0.011178024021548461,0.395063598482531
2023-08-10,413.4,1,4689,430523000000.0,59397000000.0,37316000000.0,8450123000000.0,3338336000000.0,7633614486.0,0.011178024021548461,0.395063598482531
2023-08-14,413.3,1,4689,430523000000.0,59397000000.0,37316000000.0,8450123000000.0,3338336000000.0,7633614486.0,0.011178024021548461,0.395063598482531
2023-08-15,417.7,1,4689,430523000000.0,59397000000.0,37316000000.0,8450123000000.0,3338336000000.0,7633614486.0,0.011178024021548461,0.395063598482531
2023-08-16,419.4,1,4689,430523000000.0,59397000000.0,37316000000.0,8450123000000.0,3338336000000.0,7633614486.0,0.011178024021548461,0.395063598482531
2023-08-17,409.4,1,4689,430523000000.0,59397000000.0,37316000000.0,8450123000000.0,3338336000000.0,7633614486.0,0.011178024021548461,0.395063598482531
2023-08-18,404.6,1,4689,430523000000.0,59397000000.0,37316000000.0,8450123000000.0,3338336000000.0,7633614486.0,0.011178024021548461,0.395063598482531
2023-08-21,400.0,1,4689,430523000000.0,59397000000.0,37316000000.0,8450123000000.0,3338336000000.0,7633614486.0,0.011178024021548461,0.395063598482531
2023-08-22,402.0,1,4689,430523000000.0,59397000000.0,37316000000.0,8450123000000.0,3338336000000.0,7633614486.0,0.011178024021548461,0.395063598482531
2023-08-23,410.5,1,4689,430523000000.0,59397000000.0,37316000000.0,8450123000000.0,3338336000000.0,7633614486.0,0.011178024021548461,0.395063598482531
2023-08-24,417.0,1,4689,430523000000.0,59397000000.0,37316000000.0,8450123000000.0,3338336000000.0,7633614486.0,0.011178024021548461,0.395063598482531
2023-08-25,413.2,1,4689,430523000000.0,59397000000.0,37316000000.0,8450123000000.0,3338336000000.0,7633614486.0,0.011178024021548461,0.395063598482531
2023-08-28,413.0,1,4689,430523000000.0,59397000000.0,37316000000.0,8450123000000.0,3338336000000.0,7633614486.0,0.011178024021548461,0.395063598482531
2023-08-29,417.5,1,4689,430523000000.0,59397000000.0,37316000000.0,8450123000000.0,3338336000000.0,7633614486.0,0.011178024021548461,0.395063598482531
2023-08-30,425.7,1,4689,430523000000.0,59397000000.0,37316000000.0,8450123000000.0,3338336000000.0,7633614486.0,0.011178024021548461,0.395063598482531
2023-08-31,437.8,0,4689,430523000000.0,59397000000.0,37316000000.0,8450123000000.0,3338336000000.0,7633614486.0,0.011178024021548461,0.395063598482531
2023-09-01,443.3,0,4689,430523000000.0,59397000000.0,37316000000.0,8450123000000.0,3338336000000.0,7633614486.0,0.011178024021548461,0.395063598482531
2023-09-04,444.7,0,4689,430523000000.0,59397000000.0,37316000000.0,8450123000000.0,3338336000000.0,7633614486.0,0.011178024021548461,0.395063598482531
2023-09-05,443.3,0,4689,430523000000.0,59397000000.0,37316000000.0,8450123000000.0,3338336000000.0,7633614486.0,0.011178024021548461,0.395063598482531
2023-09-06,444.0,0,4689,430523000000.0,59397000000.0,37316000000.0,8450123000000.0,3338336000000.0,7633614486.0,0.011178024021548461,0.395063598482531
2023-09-07,443.7,0,4689,430523000000.0,59397000000.0,37316000000.0,8450123000000.0,3338336000000.0,7633614486.0,0.011178024021548461,0.395063598482531
2023-09-08,437.4,0,4689,430523000000.0,59397000000.0,37316000000.0,8450123000000.0,3338336000000.0,7633614486.0,0.011178024021548461,0.395063598482531
2023-09-11,429.5,1,4689,430523000000.0,59397000000.0,37316000000.0,8450123000000.0,3338336000000.0,7633614486.0,0.011178024021548461,0.395063598482531
2023-09-12,439.2,1,4689,430523000000.0,59397000000.0,37316000000.0,8450123000000.0,3338336000000.0,7633614486.0,0.011178024021548461,0.395063598482531
2023-09-13,438.9,1,4689,430523000000.0,59397000000.0,37316000000.0,8450123000000.0,3338336000000.0,7633614486.0,0.011178024021548461,0.395063598482531
2023-09-14,441.8,1,4689,430523000000.0,59397000000.0,37316000000.0,8450123000000.0,3338336000000.0,7633614486.0,0.011178024021548461,0.395063598482531
2023-09-15,446.0,1,4689,430523000000.0,59397000000.0,37316000000.0,8450123000000.0,3338336000000.0,7633614486.0,0.011178024021548461,0.395063598482531
2023-09-19,440.7,1,4689,430523000000.0,59397000000.0,37316000000.0,8450123000000.0,3338336000000.0,7633614486.0,0.011178024021548461,0.395063598482531
2023-09-20,435.5,1,4689,430523000000.0,59397000000.0,37316000000.0,8450123000000.0,3338336000000.0,7633614486.0,0.011178024021548461,0.395063598482531
2023-09-21,424.7,1,4689,430523000000.0,59397000000.0,37316000000.0,8450123000000.0,3338336000000.0,7633614486.0,0.011178024021548461,0.395063598482531
2023-09-22,412.0,1,4689,430523000000.0,59397000000.0,37316000000.0,8450123000000.0,3338336000000.0,7633614486.0,0.011178024021548461,0.395063598482531
2023-09-25,417.2,1,4689,430523000000.0,59397000000.0,37316000000.0,8450123000000.0,3338336000000.0,7633614486.0,0.011178024021548461,0.395063598482531
2023-09-26,405.9,1,4689,430523000000.0,59397000000.0,37316000000.0,8450123000000.0,3338336000000.0,7633614486.0,0.011178024021548461,0.395063598482531
2023-09-27,410.3,1,4689,430523000000.0,59397000000.0,37316000000.0,8450123000000.0,3338336000000.0,7633614486.0,0.011178024021548461,0.395063598482531
2023-09-28,408.0,1,4689,430523000000.0,59397000000.0,37316000000.0,8450123000000.0,3338336000000.0,7633614486.0,0.011178024021548461,0.395063598482531
2023-09-29,415.5,1,4689,430523000000.0,59397000000.0,37316000000.0,8450123000000.0,3338336000000.0,7633614486.0,0.011178024021548461,0.395063598482531
2023-10-02,403.6,1,4689,430523000000.0,59397000000.0,37316000000.0,8450123000000.0,3338336000000.0,7633614486.0,0.011178024021548461,0.395063598482531
2023-10-03,408.9,1,4689,430523000000.0,59397000000.0,37316000000.0,8450123000000.0,3338336000000.0,7633614486.0,0.011178024021548461,0.395063598482531
2023-10-04,400.9,1,4689,430523000000.0,59397000000.0,37316000000.0,8450123000000.0,3338336000000.0,7633614486.0,0.011178024021548461,0.395063598482531
2023-10-05,405.3,1,4689,430523000000.0,59397000000.0,37316000000.0,8450123000000.0,3338336000000.0,7633614486.0,0.011178024021548461,0.395063598482531
2023-10-06,402.9,1,4689,430523000000.0,59397000000.0,37316000000.0,8450123000000.0,3338336000000.0,7633614486.0,0.011178024021548461,0.395063598482531
2023-10-10,407.1,1,4689,430523000000.0,59397000000.0,37316000000.0,8450123000000.0,3338336000000.0,7633614486.0,0.011178024021548461,0.395063598482531
2023-10-11,407.0,1,4689,430523000000.0,59397000000.0,37316000000.0,8450123000000.0,3338336000000.0,7633614486.0,0.011178024021548461,0.395063598482531
2023-10-12,414.1,1,4689,430523000000.0,59397000000.0,37316000000.0,8450123000000.0,3338336000000.0,7633614486.0,0.011178024021548461,0.395063598482531
2023-10-13,405.5,1,4689,430523000000.0,59397000000.0,37316000000.0,8450123000000.0,3338336000000.0,7633614486.0,0.011178024021548461,0.395063598482531
2023-10-16,393.9,1,4689,430523000000.0,59397000000.0,37316000000.0,8450123000000.0,3338336000000.0,7633614486.0,0.011178024021548461,0.395063598482531
2023-10-17,400.1,1,4689,430523000000.0,59397000000.0,37316000000.0,8450123000000.0,3338336000000.0,7633614486.0,0.011178024021548461,0.395063598482531
2023-10-18,400.8,1,4689,430523000000.0,59397000000.0,37316000000.0,8450123000000.0,3338336000000.0,7633614486.0,0.011178024021548461,0.395063598482531
2023-10-19,386.8,1,4689,430523000000.0,59397000000.0,37316000000.0,8450123000000.0,3338336000000.0,7633614486.0,0.011178024021548461,0.395063598482531
2023-10-20,382.3,1,4689,430523000000.0,59397000000.0,37316000000.0,8450123000000.0,3338336000000.0,7633614486.0,0.011178024021548461,0.395063598482531
2023-10-23,377.1,1,4689,430523000000.0,59397000000.0,37316000000.0,8450123000000.0,3338336000000.0,7633614486.0,0.011178024021548461,0.395063598482531
2023-10-24,382.0,1,4689,430523000000.0,59397000000.0,37316000000.0,8450123000000.0,3338336000000.0,7633614486.0,0.011178024021548461,0.395063598482531
2023-10-25,384.9,1,4689,430523000000.0,59397000000.0,37316000000.0,8450123000000.0,3338336000000.0,7633614486.0,0.011178024021548461,0.395063598482531
2023-10-26,376.7,1,4689,430523000000.0,59397000000.0,37316000000.0,8450123000000.0,3338336000000.0,7633614486.0,0.011178024021548461,0.395063598482531
2023-10-27,380.0,1,4689,430523000000.0,59397000000.0,37316000000.0,8450123000000.0,3338336000000.0,7633614486.0,0.011178024021548461,0.395063598482531
2023-10-30,376.1,1,4689,430523000000.0,59397000000.0,37316000000.0,8450123000000.0,3338336000000.0,7633614486.0,0.011178024021548461,0.395063598482531
2023-10-31,382.3,1,4689,430523000000.0,59397000000.0,37316000000.0,8450123000000.0,3338336000000.0,7633614486.0,0.011178024021548461,0.395063598482531
2023-11-01,387.2,1,4689,430523000000.0,59397000000.0,37316000000.0,8450123000000.0,3338336000000.0,7633614486.0,0.011178024021548461,0.395063598482531
2023-11-02,400.3,1,4689,430523000000.0,59397000000.0,37316000000.0,8450123000000.0,3338336000000.0,7633614486.0,0.011178024021548461,0.395063598482531
2023-11-06,410.0,1,4689,430523000000.0,59397000000.0,37316000000.0,8450123000000.0,3338336000000.0,7633614486.0,0.011178024021548461,0.395063598482531
2023-11-07,408.2,1,4689,871799000000.0,116128000000.0,93736000000.0,8699376000000.0,3405029000000.0,7635230111.0,0.027528693588219074,0.3914107172744344
2023-11-08,431.6,1,4689,871799000000.0,116128000000.0,93736000000.0,8699376000000.0,3405029000000.0,7635230111.0,0.027528693588219074,0.3914107172744344
2023-11-09,451.2,0,4689,871799000000.0,116128000000.0,93736000000.0,8699376000000.0,3405029000000.0,7635230111.0,0.027528693588219074,0.3914107172744344
2023-11-10,443.0,0,4689,871799000000.0,116128000000.0,93736000000.0,8699376000000.0,3405029000000.0,7635230111.0,0.027528693588219074,0.3914107172744344
2023-11-13,441.4,1,4689,871799000000.0,116128000000.0,93736000000.0,8699376000000.0,3405029000000.0,7635230111.0,0.027528693588219074,0.3914107172744344
2023-11-14,429.8,1,4689,871799000000.0,116128000000.0,93736000000.0,8699376000000.0,3405029000000.0,7635230111.0,0.027528693588219074,0.3914107172744344
2023-11-15,434.6,0,4689,871799000000.0,116128000000.0,93736000000.0,8699376000000.0,3405029000000.0,7635230111.0,0.027528693588219074,0.3914107172744344
2023-11-16,428.6,0,4689,871799000000.0,116128000000.0,93736000000.0,8699376000000.0,3405029000000.0,7635230111.0,0.027528693588219074,0.3914107172744344
2023-11-17,421.6,1,4689,871799000000.0,116128000000.0,93736000000.0,8699376000000.0,3405029000000.0,7635230111.0,0.027528693588219074,0.3914107172744344
2023-11-20,428.0,0,4689,871799000000.0,116128000000.0,93736000000.0,8699376000000.0,3405029000000.0,7635230111.0,0.027528693588219074,0.3914107172744344
2023-11-21,436.7,0,4689,871799000000.0,116128000000.0,93736000000.0,8699376000000.0,3405029000000.0,7635230111.0,0.027528693588219074,0.3914107172744344
2023-11-22,436.0,0,4689,871799000000.0,116128000000.0,93736000000.0,8699376000000.0,3405029000000.0,7635230111.0,0.027528693588219074,0.3914107172744344
2023-11-24,446.4,0,4689,871799000000.0,116128000000.0,93736000000.0,8699376000000.0,3405029000000.0,7635230111.0,0.027528693588219074,0.3914107172744344
2023-11-27,438.4,0,4689,871799000000.0,116128000000.0,93736000000.0,8699376000000.0,3405029000000.0,7635230111.0,0.027528693588219074,0.3914107172744344
2023-11-28,431.3,0,4689,871799000000.0,116128000000.0,93736000000.0,8699376000000.0,3405029000000.0,7635230111.0,0.027528693588219074,0.3914107172744344
2023-11-29,431.6,0,4689,871799000000.0,116128000000.0,93736000000.0,8699376000000.0,3405029000000.0,7635230111.0,0.027528693588219074,0.3914107172744344
2023-11-30,430.6,0,4689,871799000000.0,116128000000.0,93736000000.0,8699376000000.0,3405029000000.0,7635230111.0,0.027528693588219074,0.3914107172744344
2023-12-01,430.4,0,4689,871799000000.0,116128000000.0,93736000000.0,8699376000000.0,3405029000000.0,7635230111.0,0.027528693588219074,0.3914107172744344
2023-12-04,435.0,0,4689,871799000000.0,116128000000.0,93736000000.0,8699376000000.0,3405029000000.0,7635230111.0,0.027528693588219074,0.3914107172744344
2023-12-05,425.8,0,4689,871799000000.0,116128000000.0,93736000000.0,8699376000000.0,3405029000000.0,7635230111.0,0.027528693588219074,0.3914107172744344
2023-12-06,436.2,0,4689,871799000000.0,116128000000.0,93736000000.0,8699376000000.0,3405029000000.0,7635230111.0,0.027528693588219074,0.3914107172744344
2023-12-07,433.8,0,4689,871799000000.0,116128000000.0,93736000000.0,8699376000000.0,3405029000000.0,7635230111.0,0.027528693588219074,0.3914107172744344
2023-12-08,453.0,0,4689,871799000000.0,116128000000.0,93736000000.0,8699376000000.0,3405029000000.0,7635230111.0,0.027528693588219074,0.3914107172744344
2023-12-11,466.4,0,4689,871799000000.0,116128000000.0,93736000000.0,8699376000000.0,3405029000000.0,7635230111.0,0.027528693588219074,0.3914107172744344
2023-12-12,464.9,0,4689,871799000000.0,116128000000.0,93736000000.0,8699376000000.0,3405029000000.0,7635230111.0,0.027528693588219074,0.3914107172744344
2023-12-13,470.0,0,4689,871799000000.0,116128000000.0,93736000000.0,8699376000000.0,3405029000000.0,7635230111.0,0.027528693588219074,0.3914107172744344
2023-12-14,474.0,0,4689,871799000000.0,116128000000.0,93736000000.0,8699376000000.0,3405029000000.0,7635230111.0,0.027528693588219074,0.3914107172744344
2023-12-15,482.4,0,4689,871799000000.0,116128000000.0,93736000000.0,8699376000000.0,3405029000000.0,7635230111.0,0.027528693588219074,0.3914107172744344
2023-12-18,475.0,0,4689,871799000000.0,116128000000.0,93736000000.0,8699376000000.0,3405029000000.0,7635230111.0,0.027528693588219074,0.3914107172744344
2023-12-19,480.2,0,4689,871799000000.0,116128000000.0,93736000000.0,8699376000000.0,3405029000000.0,7635230111.0,0.027528693588219074,0.3914107172744344
2023-12-20,478.3,0,4689,871799000000.0,116128000000.0,93736000000.0,8699376000000.0,3405029000000.0,7635230111.0,0.027528693588219074,0.3914107172744344
2023-12-21,477.2,0,4689,871799000000.0,116128000000.0,93736000000.0,8699376000000.0,3405029000000.0,7635230111.0,0.027528693588219074,0.3914107172744344
2023-12-22,481.4,0,4689,871799000000.0,116128000000.0,93736000000.0,8699376000000.0,3405029000000.0,7635230111.0,0.027528693588219074,0.3914107172744344
2023-12-25,473.2,0,4689,871799000000.0,116128000000.0,93736000000.0,8699376000000.0,3405029000000.0,7635230111.0,0.027528693588219074,0.3914107172744344
2023-12-26,484.9,0,4689,871799000000.0,116128000000.0,93736000000.0,8699376000000.0,3405029000000.0,7635230111.0,0.027528693588219074,0.3914107172744344
2023-12-27,494.2,0,4689,871799000000.0,116128000000.0,93736000000.0,8699376000000.0,3405029000000.0,7635230111.0,0.027528693588219074,0.3914107172744344
2023-12-28,497.3,0,4689,871799000000.0,116128000000.0,93736000000.0,8699376000000.0,3405029000000.0,7635230111.0,0.027528693588219074,0.3914107172744344
2023-12-29,499.7,0,4689,871799000000.0,116128000000.0,93736000000.0,8699376000000.0,3405029000000.0,7635230111.0,0.027528693588219074,0.3914107172744344
2024-01-04,495.1,0,4689,871799000000.0,116128000000.0,93736000000.0,8699376000000.0,3405029000000.0,7635230111.0,0.027528693588219074,0.3914107172744344
2024-01-05,483.3,0,4689,871799000000.0,116128000000.0,93736000000.0,8699376000000.0,3405029000000.0,7635230111.0,0.027528693588219074,0.3914107172744344
2024-01-09,481.0,0,4689,871799000000.0,116128000000.0,93736000000.0,8699376000000.0,3405029000000.0,7635230111.0,0.027528693588219074,0.3914107172744344
2024-01-10,480.3,0,4689,871799000000.0,116128000000.0,93736000000.0,8699376000000.0,3405029000000.0,7635230111.0,0.027528693588219074,0.3914107172744344
2024-01-11,485.9,0,4689,871799000000.0,116128000000.0,93736000000.0,8699376000000.0,3405029000000.0,7635230111.0,0.027528693588219074,0.3914107172744344
2024-01-12,475.0,0,4689,871799000000.0,116128000000.0,93736000000.0,8699376000000.0,3405029000000.0,7635230111.0,0.027528693588219074,0.3914107172744344
2024-01-15,485.1,0,4689,871799000000.0,116128000000.0,93736000000.0,8699376000000.0,3405029000000.0,7635230111.0,0.027528693588219074,0.3914107172744344
2024-01-16,480.0,0,4689,871799000000.0,116128000000.0,93736000000.0,8699376000000.0,3405029000000.0,7635230111.0,0.027528693588219074,0.3914107172744344
2024-01-17,479.0,0,4689,871799000000.0,116128000000.0,93736000000.0,8699376000000.0,3405029000000.0,7635230111.0,0.027528693588219074,0.3914107172744344
2024-01-18,476.8,0,4689,871799000000.0,116128000000.0,93736000000.0,8699376000000.0,3405029000000.0,7635230111.0,0.027528693588219074,0.3914107172744344
2024-01-19,480.2,0,4689,871799000000.0,116128000000.0,93736000000.0,8699376000000.0,3405029000000.0,7635230111.0,0.027528693588219074,0.3914107172744344
2024-01-22,480.0,0,4689,871799000000.0,116128000000.0,93736000000.0,8699376000000.0,3405029000000.0,7635230111.0,0.027528693588219074,0.3914107172744344
2024-01-23,483.3,0,4689,871799000000.0,116128000000.0,93736000000.0,8699376000000.0,3405029000000.0,7635230111.0,0.027528693588219074,0.3914107172744344
2024-01-24,480.3,0,4689,871799000000.0,116128000000.0,93736000000.0,8699376000000.0,3405029000000.0,7635230111.0,0.027528693588219074,0.3914107172744344
2024-01-25,472.2,0,4689,871799000000.0,116128000000.0,93736000000.0,8699376000000.0,3405029000000.0,7635230111.0,0.027528693588219074,0.3914107172744344
2024-01-26,467.9,0,4689,871799000000.0,116128000000.0,93736000000.0,8699376000000.0,3405029000000.0,7635230111.0,0.027528693588219074,0.3914107172744344
2024-01-29,471.2,0,4689,871799000000.0,116128000000.0,93736000000.0,8699376000000.0,3405029000000.0,7635230111.0,0.027528693588219074,0.3914107172744344
2024-01-30,464.4,0,4689,871799000000.0,116128000000.0,93736000000.0,8699376000000.0,3405029000000.0,7635230111.0,0.027528693588219074,0.3914107172744344
2024-01-31,462.0,0,4689,871799000000.0,116128000000.0,93736000000.0,8699376000000.0,3405029000000.0,7635230111.0,0.027528693588219074,0.3914107172744344
2024-02-01,460.6,0,4689,871799000000.0,116128000000.0,93736000000.0,8699376000000.0,3405029000000.0,7635230111.0,0.027528693588219074,0.3914107172744344
2024-02-02,463.0,0,4689,871799000000.0,116128000000.0,93736000000.0,8699376000000.0,3405029000000.0,7635230111.0,0.027528693588219074,0.3914107172744344
2024-02-05,465.1,0,4689,871799000000.0,116128000000.0,93736000000.0,8699376000000.0,3405029000000.0,7635230111.0,0.027528693588219074,0.3914107172744344
2024-02-06,467.0,0,4689,1346840000000.0,174280000000.0,122448000000.0,8983716000000.0,3428124000000.0,7636212411.0,0.03571866128529773,0.3815930957746215
2024-02-07,433.3,0,4689,1346840000000.0,174280000000.0,122448000000.0,8983716000000.0,3428124000000.0,7636212411.0,0.03571866128529773,0.3815930957746215
2024-02-08,438.2,0,4689,1346840000000.0,174280000000.0,122448000000.0,8983716000000.0,3428124000000.0,7636212411.0,0.03571866128529773,0.3815930957746215
2024-02-09,438.1,0,4689,1346840000000.0,174280000000.0,122448000000.0,8983716000000.0,3428124000000.0,7636212411.0,0.03571866128529773,0.3815930957746215
2024-02-13,443.7,0,4689,1346840000000.0,174280000000.0,122448000000.0,8983716000000.0,3428124000000.0,7636212411.0,0.03571866128529773,0.3815930957746215
2024-02-14,434.3,0,4689,1346840000000.0,174280000000.0,122448000000.0,8983716000000.0,3428124000000.0,7636212411.0,0.03571866128529773,0.3815930957746215
2024-02-15,417.6,0,4689,1346840000000.0,174280000000.0,122448000000.0,8983716000000.0,3428124000000.0,7636212411.0,0.03571866128529773,0.3815930957746215
2024-02-16,423.7,0,4689,1346840000000.0,174280000000.0,122448000000.0,8983716000000.0,3428124000000.0,7636212411.0,0.03571866128529773,0.3815930957746215
2024-02-19,423.2,0,4689,1346840000000.0,174280000000.0,122448000000.0,8983716000000.0,3428124000000.0,7636212411.0,0.03571866128529773,0.3815930957746215
2024-02-20,422.7,0,4689,1346840000000.0,174280000000.0,122448000000.0,8983716000000.0,3428124000000.0,7636212411.0,0.03571866128529773,0.3815930957746215
2024-02-21,423.2,0,4689,1346840000000.0,174280000000.0,122448000000.0,8983716000000.0,3428124000000.0,7636212411.0,0.03571866128529773,0.3815930957746215
2024-02-22,419.8,0,4689,1346840000000.0,174280000000.0,122448000000.0,8983716000000.0,3428124000000.0,7636212411.0,0.03571866128529773,0.3815930957746215
2024-02-26,420.8,0,4689,1346840000000.0,174280000000.0,122448000000.0,8983716000000.0,3428124000000.0,7636212411.0,0.03571866128529773,0.3815930957746215
2024-02-27,414.9,0,4689,1346840000000.0,174280000000.0,122448000000.0,8983716000000.0,3428124000000.0,7636212411.0,0.03571866128529773,0.3815930957746215
2024-02-28,414.8,0,4689,1346840000000.0,174280000000.0,122448000000.0,8983716000000.0,3428124000000.0,7636212411.0,0.03571866128529773,0.3815930957746215
2024-02-29,412.9,0,4689,1346840000000.0,174280000000.0,122448000000.0,8983716000000.0,3428124000000.0,7636212411.0,0.03571866128529773,0.3815930957746215
2024-03-01,402.0,0,4689,1346840000000.0,174280000000.0,122448000000.0,8983716000000.0,3428124000000.0,7636212411.0,0.03571866128529773,0.3815930957746215
2024-03-04,391.7,0,4689,1346840000000.0,174280000000.0,122448000000.0,8983716000000.0,3428124000000.0,7636212411.0,0.03571866128529773,0.3815930957746215
2024-03-05,390.3,0,4689,1346840000000.0,174280000000.0,122448000000.0,8983716000000.0,3428124000000.0,7636212411.0,0.03571866128529773,0.3815930957746215
2024-03-06,388.5,0,4689,1346840000000.0,174280000000.0,122448000000.0,8983716000000.0,3428124000000.0,7636212411.0,0.03571866128529773,0.3815930957746215
2024-03-07,386.1,0,4689,1346840000000.0,174280000000.0,122448000000.0,8983716000000.0,3428124000000.0,7636212411.0,0.03571866128529773,0.3815930957746215
2024-03-08,386.7,0,4689,1346840000000.0,174280000000.0,122448000000.0,8983716000000.0,3428124000000.0,7636212411.0,0.03571866128529773,0.3815930957746215
2024-03-11,377.6,1,4689,1346840000000.0,174280000000.0,122448000000.0,8983716000000.0,3428124000000.0,7636212411.0,0.03571866128529773,0.3815930957746215
2024-03-12,388.4,0,4689,1346840000000.0,174280000000.0,122448000000.0,8983716000000.0,3428124000000.0,7636212411.0,0.03571866128529773,0.3815930957746215
2024-03-13,393.0,0,4689,1346840000000.0,174280000000.0,122448000000.0,8983716000000.0,3428124000000.0,7636212411.0,0.03571866128529773,0.3815930957746215
2024-03-14,396.3,0,4689,1346840000000.0,174280000000.0,122448000000.0,8983716000000.0,3428124000000.0,7636212411.0,0.03571866128529773,0.3815930957746215
2024-03-15,399.2,0,4689,1346840000000.0,174280000000.0,122448000000.0,8983716000000.0,3428124000000.0,7636212411.0,0.03571866128529773,0.3815930957746215
2024-03-18,394.0,0,4689,1346840000000.0,174280000000.0,122448000000.0,8983716000000.0,3428124000000.0,7636212411.0,0.03571866128529773,0.3815930957746215
2024-03-19,395.6,0,4689,1346840000000.0,174280000000.0,122448000000.0,8983716000000.0,3428124000000.0,7636212411.0,0.03571866128529773,0.3815930957746215
2024-03-21,398.5,0,4689,1346840000000.0,174280000000.0,122448000000.0,8983716000000.0,3428124000000.0,7636212411.0,0.03571866128529773,0.3815930957746215
2024-03-22,398.1,0,4689,1346840000000.0,174280000000.0,122448000000.0,8983716000000.0,3428124000000.0,7636212411.0,0.03571866128529773,0.3815930957746215
2024-03-25,391.3,1,4689,1346840000000.0,174280000000.0,122448000000.0,8983716000000.0,3428124000000.0,7636212411.0,0.03571866128529773,0.3815930957746215
2024-03-26,391.0,1,4689,1346840000000.0,174280000000.0,122448000000.0,8983716000000.0,3428124000000.0,7636212411.0,0.03571866128529773,0.3815930957746215
2024-03-27,392.0,1,4689,1346840000000.0,174280000000.0,122448000000.0,8983716000000.0,3428124000000.0,7636212411.0,0.03571866128529773,0.3815930957746215
2024-03-28,382.5,1,4689,1346840000000.0,174280000000.0,122448000000.0,8983716000000.0,3428124000000.0,7636212411.0,0.03571866128529773,0.3815930957746215
2024-03-29,387.6,1,4689,1346840000000.0,174280000000.0,122448000000.0,8983716000000.0,3428124000000.0,7636212411.0,0.03571866128529773,0.3815930957746215
2024-04-01,389.3,1,4689,1346840000000.0,174280000000.0,122448000000.0,8983716000000.0,3428124000000.0,7636212411.0,0.03571866128529773,0.3815930957746215
2024-04-02,379.0,1,4689,1346840000000.0,174280000000.0,122448000000.0,8983716000000.0,3428124000000.0,7636212411.0,0.03571866128529773,0.3815930957746215
2024-04-03,379.0,0,4689,1346840000000.0,174280000000.0,122448000000.0,8983716000000.0,3428124000000.0,7636212411.0,0.03571866128529773,0.3815930957746215
2024-04-04,375.7,1,4689,1346840000000.0,174280000000.0,122448000000.0,8983716000000.0,3428124000000.0,7636212411.0,0.03571866128529773,0.3815930957746215
2024-04-05,373.1,1,4689,1346840000000.0,174280000000.0,122448000000.0,8983716000000.0,3428124000000.0,7636212411.0,0.03571866128529773,0.3815930957746215
2024-04-08,375.4,1,4689,1346840000000.0,174280000000.0,122448000000.0,8983716000000.0,3428124000000.0,7636212411.0,0.03571866128529773,0.3815930957746215
2024-04-09,373.2,1,4689,1346840000000.0,174280000000.0,122448000000.0,8983716000000.0,3428124000000.0,7636212411.0,0.03571866128529773,0.3815930957746215
2024-04-10,367.7,1,4689,1346840000000.0,174280000000.0,122448000000.0,8983716000000.0,3428124000000.0,7636212411.0,0.03571866128529773,0.3815930957746215
2024-04-11,362.6,1,4689,1346840000000.0,174280000000.0,122448000000.0,8983716000000.0,3428124000000.0,7636212411.0,0.03571866128529773,0.3815930957746215
2024-04-12,363.0,1,4689,1346840000000.0,174280000000.0,122448000000.0,8983716000000.0,3428124000000.0,7636212411.0,0.03571866128529773,0.3815930957746215
2024-04-15,357.6,1,4689,1346840000000.0,174280000000.0,122448000000.0,8983716000000.0,3428124000000.0,7636212411.0,0.03571866128529773,0.3815930957746215
2024-04-16,358.8,1,4689,1346840000000.0,174280000000.0,122448000000.0,8983716000000.0,3428124000000.0,7636212411.0,0.03571866128529773,0.3815930957746215
2024-04-17,339.7,1,4689,1346840000000.0,174280000000.0,122448000000.0,8983716000000.0,3428124000000.0,7636212411.0,0.03571866128529773,0.3815930957746215
2024-04-18,349.0,1,4689,1346840000000.0,174280000000.0,122448000000.0,8983716000000.0,3428124000000.0,7636212411.0,0.03571866128529773,0.3815930957746215
2024-04-19,347.5,1,4689,1346840000000.0,174280000000.0,122448000000.0,8983716000000.0,3428124000000.0,7636212411.0,0.03571866128529773,0.3815930957746215
2024-04-22,355.2,1,4689,1346840000000.0,174280000000.0,122448000000.0,8983716000000.0,3428124000000.0,7636212411.0,0.03571866128529773,0.3815930957746215
2024-04-23,356.8,1,4689,1346840000000.0,174280000000.0,122448000000.0,8983716000000.0,3428124000000.0,7636212411.0,0.03571866128529773,0.3815930957746215
2024-04-24,376.3,1,4689,1346840000000.0,174280000000.0,122448000000.0,8983716000000.0,3428124000000.0,7636212411.0,0.03571866128529773,0.3815930957746215
2024-04-25,374.0,1,4689,1346840000000.0,174280000000.0,122448000000.0,8983716000000.0,3428124000000.0,7636212411.0,0.03571866128529773,0.3815930957746215
2024-04-26,378.8,0,4689,1346840000000.0,174280000000.0,122448000000.0,8983716000000.0,3428124000000.0,7636212411.0,0.03571866128529773,0.3815930957746215
2024-04-30,383.1,0,4689,1346840000000.0,174280000000.0,122448000000.0,8983716000000.0,3428124000000.0,7636212411.0,0.03571866128529773,0.3815930957746215
2024-05-01,380.3,0,4689,1346840000000.0,174280000000.0,122448000000.0,8983716000000.0,3428124000000.0,7636212411.0,0.03571866128529773,0.3815930957746215
2024-05-02,373.9,0,4689,1346840000000.0,174280000000.0,122448000000.0,8983716000000.0,3428124000000.0,7636212411.0,0.03571866128529773,0.3815930957746215
2024-05-07,377.0,0,4689,1346840000000.0,174280000000.0,122448000000.0,8983716000000.0,3428124000000.0,7636212411.0,0.03571866128529773,0.3815930957746215
2024-05-08,367.6,0,4689,1814663000000.0,208191000000.0,113199000000.0,9043969000000.0,3446985000000.0,7637068986.0,0.032840003655368384,0.3811363130501664
2024-05-09,362.6,0,4689,1814663000000.0,208191000000.0,113199000000.0,9043969000000.0,3446985000000.0,7637068986.0,0.032840003655368384,0.3811363130501664
2024-05-10,375.0,0,4689,1814663000000.0,208191000000.0,113199000000.0,9043969000000.0,3446985000000.0,7637068986.0,0.032840003655368384,0.3811363130501664
2024-05-13,373.0,0,4689,1814663000000.0,208191000000.0,113199000000.0,9043969000000.0,3446985000000.0,7637068986.0,0.032840003655368384,0.3811363130501664
2024-05-14,386.0,0,4689,1814663000000.0,208191000000.0,113199000000.0,9043969000000.0,3446985000000.0,7637068986.0,0.032840003655368384,0.3811363130501664
2024-05-15,385.0,0,4689,1814663000000.0,208191000000.0,113199000000.0,9043969000000.0,3446985000000.0,7637068986.0,0.032840003655368384,0.3811363130501664
2024-05-16,390.6,0,4689,1814663000000.0,208191000000.0,113199000000.0,9043969000000.0,3446985000000.0,7637068986.0,0.032840003655368384,0.3811363130501664
2024-05-17,393.1,0,4689,1814663000000.0,208191000000.0,113199000000.0,9043969000000.0,3446985000000.0,7637068986.0,0.032840003655368384,0.3811363130501664
2024-05-20,390.4,0,4689,1814663000000.0,208191000000.0,113199000000.0,9043969000000.0,3446985000000.0,7637068986.0,0.032840003655368384,0.3811363130501664
2024-05-21,387.6,0,4689,1814663000000.0,208191000000.0,113199000000.0,9043969000000.0,3446985000000.0,7637068986.0,0.032840003655368384,0.3811363130501664
2024-05-22,383.2,0,4689,1814663000000.0,208191000000.0,113199000000.0,9043969000000.0,3446985000000.0,7637068986.0,0.032840003655368384,0.3811363130501664
2024-05-23,383.0,0,4689,1814663000000.0,208191000000.0,113199000000.0,9043969000000.0,3446985000000.0,7637068986.0,0.032840003655368384,0.3811363130501664
2024-05-24,381.0,0,4689,1814663000000.0,208191000000.0,113199000000.0,9043969000000.0,3446985000000.0,7637068986.0,0.032840003655368384,0.3811363130501664
2024-05-27,371.1,1,4689,1814663000000.0,208191000000.0,113199000000.0,9043969000000.0,3446985000000.0,7637068986.0,0.032840003655368384,0.3811363130501664
2024-05-28,373.5,1,4689,1814663000000.0,208191000000.0,113199000000.0,9043969000000.0,3446985000000.0,7637068986.0,0.032840003655368384,0.3811363130501664
2024-05-29,358.8,1,4689,1814663000000.0,208191000000.0,113199000000.0,9043969000000.0,3446985000000.0,7637068986.0,0.032840003655368384,0.3811363130501664
2024-05-30,355.1,1,4689,1814663000000.0,208191000000.0,113199000000.0,9043969000000.0,3446985000000.0,7637068986.0,0.032840003655368384,0.3811363130501664
2024-05-31,372.9,1,4689,1814663000000.0,208191000000.0,113199000000.0,9043969000000.0,3446985000000.0,7637068986.0,0.032840003655368384,0.3811363130501664
2024-06-03,375.0,1,4689,1814663000000.0,208191000000.0,113199000000.0,9043969000000.0,3446985000000.0,7637068986.0,0.032840003655368384,0.3811363130501664
2024-06-04,378.2,1,4689,1814663000000.0,208191000000.0,113199000000.0,9043969000000.0,3446985000000.0,7637068986.0,0.032840003655368384,0.3811363130501664
2024-06-05,380.6,1,4689,1814663000000.0,208191000000.0,113199000000.0,9043969000000.0,3446985000000.0,7637068986.0,0.032840003655368384,0.3811363130501664
2024-06-06,375.9,1,4689,1814663000000.0,208191000000.0,113199000000.0,9043969000000.0,3446985000000.0,7637068986.0,0.032840003655368384,0.3811363130501664
2024-06-07,377.7,1,4689,1814663000000.0,208191000000.0,113199000000.0,9043969000000.0,3446985000000.0,7637068986.0,0.032840003655368384,0.3811363130501664
2024-06-10,377.8,1,4689,1814663000000.0,208191000000.0,113199000000.0,9043969000000.0,3446985000000.0,7637068986.0,0.032840003655368384,0.3811363130501664
2024-06-11,376.5,1,4689,1814663000000.0,208191000000.0,113199000000.0,9043969000000.0,3446985000000.0,7637068986.0,0.032840003655368384,0.3811363130501664
2024-06-12,368.7,1,4689,1814663000000.0,208191000000.0,113199000000.0,9043969000000.0,3446985000000.0,7637068986.0,0.032840003655368384,0.3811363130501664
2024-06-13,366.5,1,4689,1814663000000.0,208191000000.0,113199000000.0,9043969000000.0,3446985000000.0,7637068986.0,0.032840003655368384,0.3811363130501664
2024-06-14,364.7,1,4689,1814663000000.0,208191000000.0,113199000000.0,9043969000000.0,3446985000000.0,7637068986.0,0.032840003655368384,0.3811363130501664
2024-06-17,364.6,1,4689,1814663000000.0,208191000000.0,113199000000.0,9043969000000.0,3446985000000.0,7637068986.0,0.032840003655368384,0.3811363130501664
2024-06-18,392.9,1,4689,1814663000000.0,208191000000.0,113199000000.0,9043969000000.0,3446985000000.0,7637068986.0,0.032840003655368384,0.3811363130501664
2024-06-19,391.0,1,4689,1814663000000.0,208191000000.0,113199000000.0,9043969000000.0,3446985000000.0,7637068986.0,0.032840003655368384,0.3811363130501664
2024-06-20,396.8,1,4689,1814663000000.0,208191000000.0,113199000000.0,9043969000000.0,3446985000000.0,7637068986.0,0.032840003655368384,0.3811363130501664
2024-06-21,395.2,1,4689,1814663000000.0,208191000000.0,113199000000.0,9043969000000.0,3446985000000.0,7637068986.0,0.032840003655368384,0.3811363130501664
2024-06-24,392.2,1,4689,1814663000000.0,208191000000.0,113199000000.0,9043969000000.0,3446985000000.0,7637068986.0,0.032840003655368384,0.3811363130501664
2024-06-25,391.3,1,4689,1814663000000.0,208191000000.0,113199000000.0,9043969000000.0,3446985000000.0,7637068986.0,0.032840003655368384,0.3811363130501664
2024-06-26,390.1,1,4689,1814663000000.0,208191000000.0,113199000000.0,9043969000000.0,3446985000000.0,7637068986.0,0.032840003655368384,0.3811363130501664
2024-06-27,390.0,1,4689,1814663000000.0,208191000000.0,113199000000.0,9043969000000.0,3446985000000.0,7637068986.0,0.032840003655368384,0.3811363130501664
2024-06-28,388.9,1,4689,1814663000000.0,208191000000.0,113199000000.0,9043969000000.0,3446985000000.0,7637068986.0,0.032840003655368384,0.3811363130501664
2024-07-01,377.8,1,4689,1814663000000.0,208191000000.0,113199000000.0,9043969000000.0,3446985000000.0,7637068986.0,0.032840003655368384,0.3811363130501664
2024-07-02,382.6,1,4689,1814663000000.0,208191000000.0,113199000000.0,9043969000000.0,3446985000000.0,7637068986.0,0.032840003655368384,0.3811363130501664
2024-07-03,388.0,1,4689,1814663000000.0,208191000000.0,113199000000.0,9043969000000.0,3446985000000.0,7637068986.0,0.032840003655368384,0.3811363130501664
2024-07-04,387.5,1,4689,1814663000000.0,208191000000.0,113199000000.0,9043969000000.0,3446985000000.0,7637068986.0,0.032840003655368384,0.3811363130501664
2024-07-05,399.5,1,4689,1814663000000.0,208191000000.0,113199000000.0,9043969000000.0,3446985000000.0,7637068986.0,0.032840003655368384,0.3811363130501664
2024-07-08,400.0,1,4689,1814663000000.0,208191000000.0,113199000000.0,9043969000000.0,3446985000000.0,7637068986.0,0.032840003655368384,0.3811363130501664
2024-07-09,401.4,1,4689,1814663000000.0,208191000000.0,113199000000.0,9043969000000.0,3446985000000.0,7637068986.0,0.032840003655368384,0.3811363130501664
2024-07-10,404.5,1,4689,1814663000000.0,208191000000.0,113199000000.0,9043969000000.0,3446985000000.0,7637068986.0,0.032840003655368384,0.3811363130501664
2024-07-11,404.0,1,4689,1814663000000.0,208191000000.0,113199000000.0,9043969000000.0,3446985000000.0,7637068986.0,0.032840003655368384,0.3811363130501664
2024-07-12,410.9,1,4689,1814663000000.0,208191000000.0,113199000000.0,9043969000000.0,3446985000000.0,7637068986.0,0.032840003655368384,0.3811363130501664
2024-07-16,403.5,1,4689,1814663000000.0,208191000000.0,113199000000.0,9043969000000.0,3446985000000.0,7637068986.0,0.032840003655368384,0.3811363130501664
2024-07-17,404.6,1,4689,1814663000000.0,208191000000.0,113199000000.0,9043969000000.0,3446985000000.0,7637068986.0,0.032840003655368384,0.3811363130501664
2024-07-18,397.3,1,4689,1814663000000.0,208191000000.0,113199000000.0,9043969000000.0,3446985000000.0,7637068986.0,0.032840003655368384,0.3811363130501664
2024-07-19,393.6,1,4689,1814663000000.0,208191000000.0,113199000000.0,9043969000000.0,3446985000000.0,7637068986.0,0.032840003655368384,0.3811363130501664
2024-07-22,390.5,1,4689,1814663000000.0,208191000000.0,113199000000.0,9043969000000.0,3446985000000.0,7637068986.0,0.032840003655368384,0.3811363130501664
2024-07-23,390.0,1,4689,1814663000000.0,208191000000.0,113199000000.0,9043969000000.0,3446985000000.0,7637068986.0,0.032840003655368384,0.3811363130501664
2024-07-24,380.0,1,4689,1814663000000.0,208191000000.0,113199000000.0,9043969000000.0,3446985000000.0,7637068986.0,0.032840003655368384,0.3811363130501664
2024-07-25,368.1,1,4689,1814663000000.0,208191000000.0,113199000000.0,9043969000000.0,3446985000000.0,7637068986.0,0.032840003655368384,0.3811363130501664
2024-07-26,363.8,1,4689,1814663000000.0,208191000000.0,113199000000.0,9043969000000.0,3446985000000.0,7637068986.0,0.032840003655368384,0.3811363130501664
2024-07-29,369.7,1,4689,1814663000000.0,208191000000.0,113199000000.0,9043969000000.0,3446985000000.0,7637068986.0,0.032840003655368384,0.3811363130501664
2024-07-30,366.6,1,4689,1814663000000.0,208191000000.0,113199000000.0,9043969000000.0,3446985000000.0,7637068986.0,0.032840003655368384,0.3811363130501664
2024-07-31,373.0,1,4689,1814663000000.0,208191000000.0,113199000000.0,9043969000000.0,3446985000000.0,7637068986.0,0.032840003655368384,0.3811363130501664
2024-08-01,367.1,1,4689,1814663000000.0,208191000000.0,113199000000.0,9043969000000.0,3446985000000.0,7637068986.0,0.032840003655368384,0.3811363130501664
2024-08-02,350.6,1,4689,463085000000.0,106802000000.0,51527000000.0,8968078000000.0,3463946000000.0,7637392111.0,0.01487523188871882,0.38625288495483645
2024-08-05,338.8,1,4689,463085000000.0,106802000000.0,51527000000.0,8968078000000.0,3463946000000.0,7637392111.0,0.01487523188871882,0.38625288495483645
2024-08-06,371.8,1,4689,463085000000.0,106802000000.0,51527000000.0,8968078000000.0,3463946000000.0,7637392111.0,0.01487523188871882,0.38625288495483645
2024-08-07,375.0,1,4689,463085000000.0,106802000000.0,51527000000.0,8968078000000.0,3463946000000.0,7637392111.0,0.01487523188871882,0.38625288495483645
2024-08-08,381.3,1,4689,463085000000.0,106802000000.0,51527000000.0,8968078000000.0,3463946000000.0,7637392111.0,0.01487523188871882,0.38625288495483645
2024-08-09,378.4,1,4689,463085000000.0,106802000000.0,51527000000.0,8968078000000.0,3463946000000.0,7637392111.0,0.01487523188871882,0.38625288495483645
2024-08-13,381.2,1,4689,463085000000.0,106802000000.0,51527000000.0,8968078000000.0,3463946000000.0,7637392111.0,0.01487523188871882,0.38625288495483645
2024-08-14,385.3,1,4689,463085000000.0,106802000000.0,51527000000.0,8968078000000.0,3463946000000.0,7637392111.0,0.01487523188871882,0.38625288495483645
2024-08-15,376.2,1,4689,463085000000.0,106802000000.0,51527000000.0,8968078000000.0,3463946000000.0,7637392111.0,0.01487523188871882,0.38625288495483645
2024-08-16,382.7,1,4689,463085000000.0,106802000000.0,51527000000.0,8968078000000.0,3463946000000.0,7637392111.0,0.01487523188871882,0.38625288495483645
2024-08-19,375.8,1,4689,463085000000.0,106802000000.0,51527000000.0,8968078000000.0,3463946000000.0,7637392111.0,0.01487523188871882,0.38625288495483645
2024-08-20,380.5,1,4689,463085000000.0,106802000000.0,51527000000.0,8968078000000.0,3463946000000.0,7637392111.0,0.01487523188871882,0.38625288495483645
2024-08-21,378.7,1,4689,463085000000.0,106802000000.0,51527000000.0,8968078000000.0,3463946000000.0,7637392111.0,0.01487523188871882,0.38625288495483645
2024-08-22,388.0,1,4689,463085000000.0,106802000000.0,51527000000.0,8968078000000.0,3463946000000.0,7637392111.0,0.01487523188871882,0.38625288495483645
2024-08-23,381.8,1,4689,463085000000.0,106802000000.0,51527000000.0,8968078000000.0,3463946000000.0,7637392111.0,0.01487523188871882,0.38625288495483645
2024-08-26,405.0,1,4689,463085000000.0,106802000000.0,51527000000.0,8968078000000.0,3463946000000.0,7637392111.0,0.01487523188871882,0.38625288495483645
2024-08-27,406.8,1,4689,463085000000.0,106802000000.0,51527000000.0,8968078000000.0,3463946000000.0,7637392111.0,0.01487523188871882,0.38625288495483645
2024-08-28,403.2,1,4689,463085000000.0,106802000000.0,51527000000.0,8968078000000.0,3463946000000.0,7637392111.0,0.01487523188871882,0.38625288495483645
2024-08-29,400.7,1,4689,463085000000.0,106802000000.0,51527000000.0,8968078000000.0,3463946000000.0,7637392111.0,0.01487523188871882,0.38625288495483645
2024-08-30,399.7,1,4689,463085000000.0,106802000000.0,51527000000.0,8968078000000.0,3463946000000.0,7637392111.0,0.01487523188871882,0.38625288495483645
2024-09-02,405.7,1,4689,463085000000.0,106802000000.0,51527000000.0,8968078000000.0,3463946000000.0,7637392111.0,0.01487523188871882,0.38625288495483645
2024-09-03,412.8,1,4689,463085000000.0,106802000000.0,51527000000.0,8968078000000.0,3463946000000.0,7637392111.0,0.01487523188871882,0.38625288495483645
2024-09-04,399.1,1,4689,463085000000.0,106802000000.0,51527000000.0,8968078000000.0,3463946000000.0,7637392111.0,0.01487523188871882,0.38625288495483645
2024-09-05,399.1,1,4689,463085000000.0,106802000000.0,51527000000.0,8968078000000.0,3463946000000.0,7637392111.0,0.01487523188871882,0.38625288495483645
2024-09-06,395.3,1,4689,463085000000.0,106802000000.0,51527000000.0,8968078000000.0,3463946000000.0,7637392111.0,0.01487523188871882,0.38625288495483645
2024-09-09,397.1,1,4689,463085000000.0,106802000000.0,51527000000.0,8968078000000.0,3463946000000.0,7637392111.0,0.01487523188871882,0.38625288495483645
2024-09-10,398.3,1,4689,463085000000.0,106802000000.0,51527000000.0,8968078000000.0,3463946000000.0,7637392111.0,0.01487523188871882,0.38625288495483645
2024-09-11,398.7,1,4689,463085000000.0,106802000000.0,51527000000.0,8968078000000.0,3463946000000.0,7637392111.0,0.01487523188871882,0.38625288495483645
2024-09-12,416.2,1,4689,463085000000.0,106802000000.0,51527000000.0,8968078000000.0,3463946000000.0,7637392111.0,0.01487523188871882,0.38625288495483645
2024-09-13,412.1,1,4689,463085000000.0,106802000000.0,51527000000.0,8968078000000.0,3463946000000.0,7637392111.0,0.01487523188871882,0.38625288495483645
2024-09-17,406.0,1,4689,463085000000.0,106802000000.0,51527000000.0,8968078000000.0,3463946000000.0,7637392111.0,0.01487523188871882,0.38625288495483645
2024-09-18,401.8,1,4689,463085000000.0,106802000000.0,51527000000.0,8968078000000.0,3463946000000.0,7637392111.0,0.01487523188871882,0.38625288495483645
2024-09-19,402.9,1,4689,463085000000.0,106802000000.0,51527000000.0,8968078000000.0,3463946000000.0,7637392111.0,0.01487523188871882,0.38625288495483645
2024-09-20,409.4,1,4689,463085000000.0,106802000000.0,51527000000.0,8968078000000.0,3463946000000.0,7637392111.0,0.01487523188871882,0.38625288495483645
2024-09-24,405.3,1,4689,463085000000.0,106802000000.0,51527000000.0,8968078000000.0,3463946000000.0,7637392111.0,0.01487523188871882,0.38625288495483645
2024-09-25,408.9,1,4689,463085000000.0,106802000000.0,51527000000.0,8968078000000.0,3463946000000.0,7637392111.0,0.01487523188871882,0.38625288495483645
2024-09-26,420.8,1,4689,463085000000.0,106802000000.0,51527000000.0,8968078000000.0,3463946000000.0,7637392111.0,0.01487523188871882,0.38625288495483645
2024-09-27,423.5,0,4689,463085000000.0,106802000000.0,51527000000.0,8968078000000.0,3463946000000.0,7637392111.0,0.01487523188871882,0.38625288495483645
2024-09-30,419.3,1,4689,463085000000.0,106802000000.0,51527000000.0,8968078000000.0,3463946000000.0,7637392111.0,0.01487523188871882,0.38625288495483645
2024-10-01,420.4,1,4689,463085000000.0,106802000000.0,51527000000.0,8968078000000.0,3463946000000.0,7637392111.0,0.01487523188871882,0.38625288495483645
2024-10-02,419.6,1,4689,463085000000.0,106802000000.0,51527000000.0,8968078000000.0,3463946000000.0,7637392111.0,0.01487523188871882,0.38625288495483645
2024-10-03,425.1,0,4689,463085000000.0,106802000000.0,51527000000.0,8968078000000.0,3463946000000.0,7637392111.0,0.01487523188871882,0.38625288495483645
2024-10-04,433.8,0,4689,463085000000.0,106802000000.0,51527000000.0,8968078000000.0,3463946000000.0,7637392111.0,0.01487523188871882,0.38625288495483645
2024-10-07,430.9,0,4689,463085000000.0,106802000000.0,51527000000.0,8968078000000.0,3463946000000.0,7637392111.0,0.01487523188871882,0.38625288495483645
2024-10-08,423.5,1,4689,463085000000.0,106802000000.0,51527000000.0,8968078000000.0,3463946000000.0,7637392111.0,0.01487523188871882,0.38625288495483645
2024-10-09,424.8,0,4689,463085000000.0,106802000000.0,51527000000.0,8968078000000.0,3463946000000.0,7637392111.0,0.01487523188871882,0.38625288495483645
2024-10-10,424.8,1,4689,463085000000.0,106802000000.0,51527000000.0,8968078000000.0,3463946000000.0,7637392111.0,0.01487523188871882,0.38625288495483645
2024-10-11,420.1,1,4689,463085000000.0,106802000000.0,51527000000.0,8968078000000.0,3463946000000.0,7637392111.0,0.01487523188871882,0.38625288495483645
2024-10-15,426.7,1,4689,463085000000.0,106802000000.0,51527000000.0,8968078000000.0,3463946000000.0,7637392111.0,0.01487523188871882,0.38625288495483645
2024-10-16,424.7,1,4689,463085000000.0,106802000000.0,51527000000.0,8968078000000.0,3463946000000.0,7637392111.0,0.01487523188871882,0.38625288495483645
2024-10-17,417.1,1,4689,463085000000.0,106802000000.0,51527000000.0,8968078000000.0,3463946000000.0,7637392111.0,0.01487523188871882,0.38625288495483645
2024-10-18,417.1,1,4689,463085000000.0,106802000000.0,51527000000.0,8968078000000.0,3463946000000.0,7637392111.0,0.01487523188871882,0.38625288495483645
2024-10-21,427.9,1,4689,463085000000.0,106802000000.0,51527000000.0,8968078000000.0,3463946000000.0,7637392111.0,0.01487523188871882,0.38625288495483645
2024-10-22,422.7,1,4689,463085000000.0,106802000000.0,51527000000.0,8968078000000.0,3463946000000.0,7637392111.0,0.01487523188871882,0.38625288495483645
2024-10-23,418.5,1,4689,463085000000.0,106802000000.0,51527000000.0,8968078000000.0,3463946000000.0,7637392111.0,0.01487523188871882,0.38625288495483645
2024-10-24,412.3,1,4689,463085000000.0,106802000000.0,51527000000.0,8968078000000.0,3463946000000.0,7637392111.0,0.01487523188871882,0.38625288495483645
2024-10-25,409.6,1,4689,463085000000.0,106802000000.0,51527000000.0,8968078000000.0,3463946000000.0,7637392111.0,0.01487523188871882,0.38625288495483645
2024-10-28,415.5,1,4689,463085000000.0,106802000000.0,51527000000.0,8968078000000.0,3463946000000.0,7637392111.0,0.01487523188871882,0.38625288495483645
2024-10-29,415.7,1,4689,463085000000.0,106802000000.0,51527000000.0,8968078000000.0,3463946000000.0,7637392111.0,0.01487523188871882,0.38625288495483645
2024-10-30,417.9,1,4689,463085000000.0,106802000000.0,51527000000.0,8968078000000.0,3463946000000.0,7637392111.0,0.01487523188871882,0.38625288495483645
2024-10-31,419.4,1,4689,463085000000.0,106802000000.0,51527000000.0,8968078000000.0,3463946000000.0,7637392111.0,0.01487523188871882,0.38625288495483645
2024-11-01,414.1,1,4689,463085000000.0,106802000000.0,51527000000.0,8968078000000.0,3463946000000.0,7637392111.0,0.01487523188871882,0.38625288495483645
2024-11-05,423.6,1,4689,925293000000.0,172659000000.0,87254000000.0,8884696000000.0,3327206000000.0,7149601322.0,0.026224405702562452,0.37448732066915963
2024-11-06,421.1,1,4689,925293000000.0,172659000000.0,87254000000.0,8884696000000.0,3327206000000.0,7149601322.0,0.026224405702562452,0.37448732066915963
2024-11-07,417.3,1,4689,925293000000.0,172659000000.0,87254000000.0,8884696000000.0,3327206000000.0,7149601322.0,0.026224405702562452,0.37448732066915963
2024-11-08,412.1,1,4689,925293000000.0,172659000000.0,87254000000.0,8884696000000.0,3327206000000.0,7149601322.0,0.026224405702562452,0.37448732066915963
2024-11-11,405.0,1,4689,925293000000.0,172659000000.0,87254000000.0,8884696000000.0,3327206000000.0,7149601322.0,0.026224405702562452,0.37448732066915963
2024-11-12,413.0,1,4689,925293000000.0,172659000000.0,87254000000.0,8884696000000.0,3327206000000.0,7149601322.0,0.026224405702562452,0.37448732066915963
2024-11-13,413.0,1,4689,925293000000.0,172659000000.0,87254000000.0,8884696000000.0,3327206000000.0,7149601322.0,0.026224405702562452,0.37448732066915963
2024-11-14,418.6,1,4689,925293000000.0,172659000000.0,87254000000.0,8884696000000.0,3327206000000.0,7149601322.0,0.026224405702562452,0.37448732066915963
2024-11-15,407.7,1,4689,925293000000.0,172659000000.0,87254000000.0,8884696000000.0,3327206000000.0,7149601322.0,0.026224405702562452,0.37448732066915963
2024-11-18,406.4,1,4689,925293000000.0,172659000000.0,87254000000.0,8884696000000.0,3327206000000.0,7149601322.0,0.026224405702562452,0.37448732066915963
2024-11-19,410.5,1,4689,925293000000.0,172659000000.0,87254000000.0,8884696000000.0,3327206000000.0,7149601322.0,0.026224405702562452,0.37448732066915963
2024-11-20,414.1,1,4689,925293000000.0,172659000000.0,87254000000.0,8884696000000.0,3327206000000.0,7149601322.0,0.026224405702562452,0.37448732066915963
2024-11-21,418.4,1,4689,925293000000.0,172659000000.0,87254000000.0,8884696000000.0,3327206000000.0,7149601322.0,0.026224405702562452,0.37448732066915963
2024-11-22,415.0,1,4689,925293000000.0,172659000000.0,87254000000.0,8884696000000.0,3327206000000.0,7149601322.0,0.026224405702562452,0.37448732066915963
2024-11-25,414.9,1,4689,925293000000.0,172659000000.0,87254000000.0,8884696000000.0,3327206000000.0,7149601322.0,0.026224405702562452,0.37448732066915963
2024-11-26,412.3,1,4689,925293000000.0,172659000000.0,87254000000.0,8884696000000.0,3327206000000.0,7149601322.0,0.026224405702562452,0.37448732066915963
2024-11-27,411.1,1,4689,925293000000.0,172659000000.0,87254000000.0,8884696000000.0,3327206000000.0,7149601322.0,0.026224405702562452,0.37448732066915963
2024-11-28,412.9,1,4689,925293000000.0,172659000000.0,87254000000.0,8884696000000.0,3327206000000.0,7149601322.0,0.026224405702562452,0.37448732066915963
2024-11-29,411.9,1,4689,925293000000.0,172659000000.0,87254000000.0,8884696000000.0,3327206000000.0,7149601322.0,0.026224405702562452,0.37448732066915963
2024-12-02,418.3,1,4689,925293000000.0,172659000000.0,87254000000.0,8884696000000.0,3327206000000.0,7149601322.0,0.026224405702562452,0.37448732066915963
2024-12-03,422.4,1,4689,925293000000.0,172659000000.0,87254000000.0,8884696000000.0,3327206000000.0,7149601322.0,0.026224405702562452,0.37448732066915963
2024-12-04,429.6,1,4689,925293000000.0,172659000000.0,87254000000.0,8884696000000.0,3327206000000.0,7149601322.0,0.026224405702562452,0.37448732066915963
2024-12-05,427.5,1,4689,925293000000.0,172659000000.0,87254000000.0,8884696000000.0,3327206000000.0,7149601322.0,0.026224405702562452,0.37448732066915963
2024-12-06,428.8,1,4689,925293000000.0,172659000000.0,87254000000.0,8884696000000.0,3327206000000.0,7149601322.0,0.026224405702562452,0.37448732066915963
2024-12-09,435.0,1,4689,925293000000.0,172659000000.0,87254000000.0,8884696000000.0,3327206000000.0,7149601322.0,0.026224405702562452,0.37448732066915963
2024-12-10,433.6,1,4689,925293000000.0,172659000000.0,87254000000.0,8884696000000.0,3327206000000.0,7149601322.0,0.026224405702562452,0.37448732066915963
2024-12-11,438.3,1,4689,925293000000.0,172659000000.0,87254000000.0,8884696000000.0,3327206000000.0,7149601322.0,0.026224405702562452,0.37448732066915963
2024-12-12,439.5,1,4689,925293000000.0,172659000000.0,87254000000.0,8884696000000.0,3327206000000.0,7149601322.0,0.026224405702562452,0.37448732066915963
2024-12-13,441.1,1,4689,925293000000.0,172659000000.0,87254000000.0,8884696000000.0,3327206000000.0,7149601322.0,0.026224405702562452,0.37448732066915963
2024-12-16,438.0,1,4689,925293000000.0,172659000000.0,87254000000.0,8884696000000.0,3327206000000.0,7149601322.0,0.026224405702562452,0.37448732066915963
2024-12-17,443.0,1,4689,925293000000.0,172659000000.0,87254000000.0,8884696000000.0,3327206000000.0,7149601322.0,0.026224405702562452,0.37448732066915963
2024-12-18,438.0,1,4689,925293000000.0,172659000000.0,87254000000.0,8884696000000.0,3327206000000.0,7149601322.0,0.026224405702562452,0.37448732066915963
2024-12-19,430.6,1,4689,925293000000.0,172659000000.0,87254000000.0,8884696000000.0,3327206000000.0,7149601322.0,0.026224405702562452,0.37448732066915963
2024-12-20,426.2,1,4689,925293000000.0,172659000000.0,87254000000.0,8884696000000.0,3327206000000.0,7149601322.0,0.026224405702562452,0.37448732066915963
2024-12-23,422.0,1,4689,925293000000.0,172659000000.0,87254000000.0,8884696000000.0,3327206000000.0,7149601322.0,0.026224405702562452,0.37448732066915963
2024-12-24,423.1,1,4689,925293000000.0,172659000000.0,87254000000.0,8884696000000.0,3327206000000.0,7149601322.0,0.026224405702562452,0.37448732066915963
2024-12-25,423.6,1,4689,925293000000.0,172659000000.0,87254000000.0,8884696000000.0,3327206000000.0,7149601322.0,0.026224405702562452,0.37448732066915963
2024-12-26,423.9,1,4689,925293000000.0,172659000000.0,87254000000.0,8884696000000.0,3327206000000.0,7149601322.0,0.026224405702562452,0.37448732066915963
2024-12-27,427.2,1,4689,925293000000.0,172659000000.0,87254000000.0,8884696000000.0,3327206000000.0,7149601322.0,0.026224405702562452,0.37448732066915963
2024-12-30,419.4,1,4689,925293000000.0,172659000000.0,87254000000.0,8884696000000.0,3327206000000.0,7149601322.0,0.026224405702562452,0.37448732066915963
2025-01-06,413.3,1,4689,925293000000.0,172659000000.0,87254000000.0,8884696000000.0,3327206000000.0,7149601322.0,0.026224405702562452,0.37448732066915963
2025-01-07,425.3,1,4689,925293000000.0,172659000000.0,87254000000.0,8884696000000.0,3327206000000.0,7149601322.0,0.026224405702562452,0.37448732066915963
2025-01-08,425.7,1,4689,925293000000.0,172659000000.0,87254000000.0,8884696000000.0,3327206000000.0,7149601322.0,0.026224405702562452,0.37448732066915963
2025-01-09,423.2,1,4689,925293000000.0,172659000000.0,87254000000.0,8884696000000.0,3327206000000.0,7149601322.0,0.026224405702562452,0.37448732066915963
2025-01-10,425.3,1,4689,925293000000.0,172659000000.0,87254000000.0,8884696000000.0,3327206000000.0,7149601322.0,0.026224405702562452,0.37448732066915963
2025-01-14,425.1,1,4689,925293000000.0,172659000000.0,87254000000.0,8884696000000.0,3327206000000.0,7149601322.0,0.026224405702562452,0.37448732066915963
2025-01-15,427.2,1,4689,925293000000.0,172659000000.0,87254000000.0,8884696000000.0,3327206000000.0,7149601322.0,0.026224405702562452,0.37448732066915963
2025-01-16,426.4,1,4689,925293000000.0,172659000000.0,87254000000.0,8884696000000.0,3327206000000.0,7149601322.0,0.026224405702562452,0.37448732066915963
2025-01-17,427.0,1,4689,925293000000.0,172659000000.0,87254000000.0,8884696000000.0,3327206000000.0,7149601322.0,0.026224405702562452,0.37448732066915963
2025-01-20,425.7,1,4689,925293000000.0,172659000000.0,87254000000.0,8884696000000.0,3327206000000.0,7149601322.0,0.026224405702562452,0.37448732066915963
2025-01-21,428.1,1,4689,925293000000.0,172659000000.0,87254000000.0,8884696000000.0,3327206000000.0,7149601322.0,0.026224405702562452,0.37448732066915963
2025-01-22,431.6,1,4689,925293000000.0,172659000000.0,87254000000.0,8884696000000.0,3327206000000.0,7149601322.0,0.026224405702562452,0.37448732066915963
2025-01-23,435.7,1,4689,925293000000.0,172659000000.0,87254000000.0,8884696000000.0,3327206000000.0,7149601322.0,0.026224405702562452,0.37448732066915963
2025-01-24,440.7,1,4689,925293000000.0,172659000000.0,87254000000.0,8884696000000.0,3327206000000.0,7149601322.0,0.026224405702562452,0.37448732066915963
2025-01-27,447.8,1,4689,925293000000.0,172659000000.0,87254000000.0,8884696000000.0,3327206000000.0,7149601322.0,0.026224405702562452,0.37448732066915963
2025-01-28,453.7,1,4689,925293000000.0,172659000000.0,87254000000.0,8884696000000.0,3327206000000.0,7149601322.0,0.026224405702562452,0.37448732066915963
2025-01-29,456.8,1,4689,925293000000.0,172659000000.0,87254000000.0,8884696000000.0,3327206000000.0,7149601322.0,0.026224405702562452,0.37448732066915963
2025-01-30,457.8,1,4689,925293000000.0,172659000000.0,87254000000.0,8884696000000.0,3327206000000.0,7149601322.0,0.026224405702562452,0.37448732066915963
2025-01-31,454.9,1,4689,925293000000.0,172659000000.0,87254000000.0,8884696000000.0,3327206000000.0,7149601322.0,0.026224405702562452,0.37448732066915963
2025-02-03,462.8,1,4689,925293000000.0,172659000000.0,87254000000.0,8884696000000.0,3327206000000.0,7149601322.0,0.026224405702562452,0.37448732066915963
2025-02-04,466.9,1,4689,925293000000.0,172659000000.0,87254000000.0,8884696000000.0,3327206000000.0,7149601322.0,0.026224405702562452,0.37448732066915963
2025-02-05,474.0,1,4689,925293000000.0,172659000000.0,87254000000.0,8884696000000.0,3327206000000.0,7149601322.0,0.026224405702562452,0.37448732066915963
2025-02-06,475.7,1,4689,1428759000000.0,254765000000.0,127677000000.0,9451486000000.0,3407671000000.0,7152008897.0,0.03746752547414348,0.3605434108456596
2025-02-07,496.9,1,4689,1428759000000.0,254765000000.0,127677000000.0,9451486000000.0,3407671000000.0,7152008897.0,0.03746752547414348,0.3605434108456596
2025-02-10,499.4,1,4689,1428759000000.0,254765000000.0,127677000000.0,9451486000000.0,3407671000000.0,7152008897.0,0.03746752547414348,0.3605434108456596
2025-02-12,499.2,1,4689,1428759000000.0,254765000000.0,127677000000.0,9451486000000.0,3407671000000.0,7152008897.0,0.03746752547414348,0.3605434108456596
2025-02-13,501.6,1,4689,1428759000000.0,254765000000.0,127677000000.0,9451486000000.0,3407671000000.0,7152008897.0,0.03746752547414348,0.3605434108456596
2025-02-14,493.7,1,4689,1428759000000.0,254765000000.0,127677000000.0,9451486000000.0,3407671000000.0,7152008897.0,0.03746752547414348,0.3605434108456596
2025-02-17,487.5,1,4689,1428759000000.0,254765000000.0,127677000000.0,9451486000000.0,3407671000000.0,7152008897.0,0.03746752547414348,0.3605434108456596
2025-02-18,489.6,1,4689,1428759000000.0,254765000000.0,127677000000.0,9451486000000.0,3407671000000.0,7152008897.0,0.03746752547414348,0.3605434108456596
2025-02-19,491.1,1,4689,1428759000000.0,254765000000.0,127677000000.0,9451486000000.0,3407671000000.0,7152008897.0,0.03746752547414348,0.3605434108456596
2025-02-20,479.3,1,4689,1428759000000.0,254765000000.0,127677000000.0,9451486000000.0,3407671000000.0,7152008897.0,0.03746752547414348,0.3605434108456596
2025-02-21,491.6,1,4689,1428759000000.0,254765000000.0,127677000000.0,9451486000000.0,3407671000000.0,7152008897.0,0.03746752547414348,0.3605434108456596
2025-02-25,478.9,1,4689,1428759000000.0,254765000000.0,127677000000.0,9451486000000.0,3407671000000.0,7152008897.0,0.03746752547414348,0.3605434108456596
2025-02-26,474.0,1,4689,1428759000000.0,254765000000.0,127677000000.0,9451486000000.0,3407671000000.0,7152008897.0,0.03746752547414348,0.3605434108456596
2025-02-27,484.8,1,4689,1428759000000.0,254765000000.0,127677000000.0,9451486000000.0,3407671000000.0,7152008897.0,0.03746752547414348,0.3605434108456596
2025-02-28,506.3,1,4689,1428759000000.0,254765000000.0,127677000000.0,9451486000000.0,3407671000000.0,7152008897.0,0.03746752547414348,0.3605434108456596
2025-03-03,513.0,1,4689,1428759000000.0,254765000000.0,127677000000.0,9451486000000.0,3407671000000.0,7152008897.0,0.03746752547414348,0.3605434108456596
2025-03-04,511.6,1,4689,1428759000000.0,254765000000.0,127677000000.0,9451486000000.0,3407671000000.0,7152008897.0,0.03746752547414348,0.3605434108456596
2025-03-05,515.6,1,4689,1428759000000.0,254765000000.0,127677000000.0,9451486000000.0,3407671000000.0,7152008897.0,0.03746752547414348,0.3605434108456596
2025-03-06,521.0,1,4689,1428759000000.0,254765000000.0,127677000000.0,9451486000000.0,3407671000000.0,7152008897.0,0.03746752547414348,0.3605434108456596
2025-03-07,518.4,0,4689,1428759000000.0,254765000000.0,127677000000.0,9451486000000.0,3407671000000.0,7152008897.0,0.03746752547414348,0.3605434108456596
2025-03-10,528.1,1,4689,1428759000000.0,254765000000.0,127677000000.0,9451486000000.0,3407671000000.0,7152008897.0,0.03746752547414348,0.3605434108456596
2025-03-11,515.6,1,4689,1428759000000.0,254765000000.0,127677000000.0,9451486000000.0,3407671000000.0,7152008897.0,0.03746752547414348,0.3605434108456596
2025-03-12,532.1,1,4689,1428759000000.0,254765000000.0,127677000000.0,9451486000000.0,3407671000000.0,7152008897.0,0.03746752547414348,0.3605434108456596
2025-03-13,531.9,1,4689,1428759000000.0,254765000000.0,127677000000.0,9451486000000.0,3407671000000.0,7152008897.0,0.03746752547414348,0.3605434108456596
2025-03-14,522.5,1,4689,1428759000000.0,254765000000.0,127677000000.0,9451486000000.0,3407671000000.0,7152008897.0,0.03746752547414348,0.3605434108456596
2025-03-17,527.2,0,4689,1428759000000.0,254765000000.0,127677000000.0,9451486000000.0,3407671000000.0,7152008897.0,0.03746752547414348,0.3605434108456596
2025-03-18,527.0,0,4689,1428759000000.0,254765000000.0,127677000000.0,9451486000000.0,3407671000000.0,7152008897.0,0.03746752547414348,0.3605434108456596
2025-03-19,520.0,1,4689,1428759000000.0,254765000000.0,127677000000.0,9451486000000.0,3407671000000.0,7152008897.0,0.03746752547414348,0.3605434108456596
2025-03-21,521.1,1,4689,1428759000000.0,254765000000.0,127677000000.0,9451486000000.0,3407671000000.0,7152008897.0,0.03746752547414348,0.3605434108456596
2025-03-24,523.1,1,4689,1428759000000.0,254765000000.0,127677000000.0,9451486000000.0,3407671000000.0,7152008897.0,0.03746752547414348,0.3605434108456596
2025-03-25,536.3,1,4689,1428759000000.0,254765000000.0,127677000000.0,9451486000000.0,3407671000000.0,7152008897.0,0.03746752547414348,0.3605434108456596
2025-03-26,534.1,0,4689,1428759000000.0,254765000000.0,127677000000.0,9451486000000.0,3407671000000.0,7152008897.0,0.03746752547414348,0.3605434108456596
2025-03-27,537.2,0,4689,1428759000000.0,254765000000.0,127677000000.0,9451486000000.0,3407671000000.0,7152008897.0,0.03746752547414348,0.3605434108456596
2025-03-28,523.1,0,4689,1428759000000.0,254765000000.0,127677000000.0,9451486000000.0,3407671000000.0,7152008897.0,0.03746752547414348,0.3605434108456596
2025-03-31,506.3,1,4689,1428759000000.0,254765000000.0,127677000000.0,9451486000000.0,3407671000000.0,7152008897.0,0.03746752547414348,0.3605434108456596
2025-04-01,516.7,0,4689,1428759000000.0,254765000000.0,127677000000.0,9451486000000.0,3407671000000.0,7152008897.0,0.03746752547414348,0.3605434108456596
2025-04-02,517.4,1,4689,1428759000000.0,254765000000.0,127677000000.0,9451486000000.0,3407671000000.0,7152008897.0,0.03746752547414348,0.3605434108456596
2025-04-03,519.9,1,4689,1428759000000.0,254765000000.0,127677000000.0,9451486000000.0,3407671000000.0,7152008897.0,0.03746752547414348,0.3605434108456596
2025-04-04,524.3,1,4689,1428759000000.0,254765000000.0,127677000000.0,9451486000000.0,3407671000000.0,7152008897.0,0.03746752547414348,0.3605434108456596
2025-04-07,473.5,1,4689,1428759000000.0,254765000000.0,127677000000.0,9451486000000.0,3407671000000.0,7152008897.0,0.03746752547414348,0.3605434108456596
2025-04-08,500.7,1,4689,1428759000000.0,254765000000.0,127677000000.0,9451486000000.0,3407671000000.0,7152008897.0,0.03746752547414348,0.3605434108456596
2025-04-09,488.8,1,4689,1428759000000.0,254765000000.0,127677000000.0,9451486000000.0,3407671000000.0,7152008897.0,0.03746752547414348,0.3605434108456596
2025-04-10,513.0,1,4689,1428759000000.0,254765000000.0,127677000000.0,9451486000000.0,3407671000000.0,7152008897.0,0.03746752547414348,0.3605434108456596
2025-04-11,511.9,1,4689,1428759000000.0,254765000000.0,127677000000.0,9451486000000.0,3407671000000.0,7152008897.0,0.03746752547414348,0.3605434108456596
2025-04-14,517.0,1,4689,1428759000000.0,254765000000.0,127677000000.0,9451486000000.0,3407671000000.0,7152008897.0,0.03746752547414348,0.3605434108456596
2025-04-15,515.2,0,4689,1428759000000.0,254765000000.0,127677000000.0,9451486000000.0,3407671000000.0,7152008897.0,0.03746752547414348,0.3605434108456596
2025-04-16,528.0,0,4689,1428759000000.0,254765000000.0,127677000000.0,9451486000000.0,3407671000000.0,7152008897.0,0.03746752547414348,0.3605434108456596
2025-04-17,538.0,0,4689,1428759000000.0,254765000000.0,127677000000.0,9451486000000.0,3407671000000.0,7152008897.0,0.03746752547414348,0.3605434108456596
2025-04-18,554.0,0,4689,1428759000000.0,254765000000.0,127677000000.0,9451486000000.0,3407671000000.0,7152008897.0,0.03746752547414348,0.3605434108456596
2025-04-21,556.1,0,4689,1428759000000.0,254765000000.0,127677000000.0,9451486000000.0,3407671000000.0,7152008897.0,0.03746752547414348,0.3605434108456596
2025-04-22,552.7,0,4689,1428759000000.0,254765000000.0,127677000000.0,9451486000000.0,3407671000000.0,7152008897.0,0.03746752547414348,0.3605434108456596
2025-04-23,550.0,1,4689,1428759000000.0,254765000000.0,127677000000.0,9451486000000.0,3407671000000.0,7152008897.0,0.03746752547414348,0.3605434108456596
2025-04-24,529.5,1,4689,1428759000000.0,254765000000.0,127677000000.0,9451486000000.0,3407671000000.0,7152008897.0,0.03746752547414348,0.3605434108456596
2025-04-25,520.9,1,4689,1428759000000.0,254765000000.0,127677000000.0,9451486000000.0,3407671000000.0,7152008897.0,0.03746752547414348,0.3605434108456596
2025-04-28,528.3,1,4689,1428759000000.0,254765000000.0,127677000000.0,9451486000000.0,3407671000000.0,7152008897.0,0.03746752547414348,0.3605434108456596
2025-04-30,539.8,0,4689,1428759000000.0,254765000000.0,127677000000.0,9451486000000.0,3407671000000.0,7152008897.0,0.03746752547414348,0.3605434108456596
2025-05-01,529.9,0,4689,1428759000000.0,254765000000.0,127677000000.0,9451486000000.0,3407671000000.0,7152008897.0,0.03746752547414348,0.3605434108456596
2025-05-02,533.8,0,4689,1428759000000.0,254765000000.0,127677000000.0,9451486000000.0,3407671000000.0,7152008897.0,0.03746752547414348,0.3605434108456596
2025-05-07,546.0,0,4689,,,,,,,,
2025-05-08,530.0,0,4689,,,,,,,,
2025-05-09,538.8,0,4689,,,,,,,,
2025-05-12,544.9,0,4689,,,,,,,,
2025-05-13,532.6,0,4689,,,,,,,,
2025-05-14,528.1,0,4689,,,,,,,,
2025-05-15,525.0,0,4689,,,,,,,,
2025-05-16,520.9,0,4689,,,,,,,,
2025-05-19,515.1,0,4689,,,,,,,,
2025-05-20,516.3,0,4689,,,,,,,,
2025-05-21,514.3,0,4689,,,,,,,,
2025-05-22,518.6,0,4689,,,,,,,,
2025-05-23,526.8,0,4689,,,,,,,,
2025-05-26,531.7,0,4689,,,,,,,,
2025-05-27,531.1,0,4689,,,,,,,,
2025-05-28,529.9,0,4689,,,,,,,,
2025-05-29,528.8,0,4689,,,,,,,,
2025-05-30,522.0,0,4689,,,,,,,,
2025-06-02,522.0,0,4689,,,,,,,,
2025-06-03,525.6,0,4689,,,,,,,,
2025-06-04,521.4,0,4689,,,,,,,,
2025-06-05,516.5,0,4689,,,,,,,,
2025-06-06,530.0,0,4689,,,,,,,,
2025-06-09,523.9,0,4689,,,,,,,,
2025-06-10,533.0,0,4689,,,,,,,,
2025-06-11,537.6,0,4689,,,,,,,,
2025-06-12,541.3,0,4689,,,,,,,,
2025-06-13,512.7,0,4689,,,,,,,,
2025-06-16,521.4,0,4689,,,,,,,,
2025-06-17,525.0,0,4689,,,,,,,,
2025-06-18,547.7,0,4689,,,,,,,,
2025-06-19,541.5,0,4689,,,,,,,,
2025-06-20,538.4,0,4689,,,,,,,,
2025-06-23,524.9,0,4689,,,,,,,,
2025-06-24,519.5,0,4689,,,,,,,,
2025-06-25,513.8,0,4689,,,,,,,,
2025-06-26,515.2,0,4689,,,,,,,,
2025-06-27,516.5,0,4689,,,,,,,,
2025-06-30,530.4,0,4689,,,,,,,,
2025-07-01,538.5,0,4689,,,,,,,,
2025-07-02,525.6,0,4689,,,,,,,,
2025-07-03,520.3,0,4689,,,,,,,,
2025-07-04,524.9,0,4689,,,,,,,,
2025-07-07,530.3,0,4689,,,,,,,,
2025-07-08,529.0,0,4689,,,,,,,,
2025-07-09,531.9,0,4689,,,,,,,,
2025-07-10,532.7,0,4689,,,,,,,,
2025-07-11,514.8,0,4689,,,,,,,,
2025-07-14,516.8,0,4689,,,,,,,,
2025-07-15,513.2,0,4689,,,,,,,,
2025-07-16,519.2,0,4689,,,,,,,,
2025-07-17,538.0,0,4689,,,,,,,,
2025-07-18,539.8,0,4689,,,,,,,,
2025-07-22,552.9,0,4689,,,,,,,,
2025-07-23,556.3,0,4689,,,,,,,,
2025-07-24,565.1,0,4689,,,,,,,,
2025-07-25,561.9,0,4689,,,,,,,,
2023-08-01,3600.0,0,4385,,,,,,,,
2023-08-02,3614.0,0,4385,,,,,,,,
2023-08-03,3480.0,0,4385,,,,,,,,
2023-08-04,3649.0,0,4385,,,,,,,,
2023-08-07,3641.0,0,4385,,,,,,,,
2023-08-08,3542.0,0,4385,,,,,,,,
2023-08-09,3542.0,0,4385,,,,,,,,
2023-08-10,3571.0,0,4385,172064000000.0,17023000000.0,13070000000.0,415292000000.0,55228000000.0,162465598.0,0.23665531976533644,0.13298594723712473
2023-08-14,3300.0,1,4385,172064000000.0,17023000000.0,13070000000.0,415292000000.0,55228000000.0,162465598.0,0.23665531976533644,0.13298594723712473
2023-08-15,3174.0,1,4385,172064000000.0,17023000000.0,13070000000.0,415292000000.0,55228000000.0,162465598.0,0.23665531976533644,0.13298594723712473
2023-08-16,3255.0,1,4385,172064000000.0,17023000000.0,13070000000.0,415292000000.0,55228000000.0,162465598.0,0.23665531976533644,0.13298594723712473
2023-08-17,3278.0,0,4385,172064000000.0,17023000000.0,13070000000.0,415292000000.0,55228000000.0,162465598.0,0.23665531976533644,0.13298594723712473
2023-08-18,3185.0,0,4385,172064000000.0,17023000000.0,13070000000.0,415292000000.0,55228000000.0,162465598.0,0.23665531976533644,0.13298594723712473
2023-08-21,3174.0,0,4385,172064000000.0,17023000000.0,13070000000.0,415292000000.0,55228000000.0,162465598.0,0.23665531976533644,0.13298594723712473
2023-08-22,3100.0,0,4385,172064000000.0,17023000000.0,13070000000.0,415292000000.0,55228000000.0,162465598.0,0.23665531976533644,0.13298594723712473
2023-08-23,3112.0,0,4385,172064000000.0,17023000000.0,13070000000.0,415292000000.0,55228000000.0,162465598.0,0.23665531976533644,0.13298594723712473
2023-08-24,3136.0,1,4385,172064000000.0,17023000000.0,13070000000.0,415292000000.0,55228000000.0,162465598.0,0.23665531976533644,0.13298594723712473
2023-08-25,3145.0,0,4385,172064000000.0,17023000000.0,13070000000.0,415292000000.0,55228000000.0,162465598.0,0.23665531976533644,0.13298594723712473
2023-08-28,3199.0,0,4385,172064000000.0,17023000000.0,13070000000.0,415292000000.0,55228000000.0,162465598.0,0.23665531976533644,0.13298594723712473
2023-08-29,3254.0,0,4385,172064000000.0,17023000000.0,13070000000.0,415292000000.0,55228000000.0,162465598.0,0.23665531976533644,0.13298594723712473
2023-08-30,3272.0,0,4385,172064000000.0,17023000000.0,13070000000.0,415292000000.0,55228000000.0,162465598.0,0.23665531976533644,0.13298594723712473
2023-08-31,3318.0,0,4385,172064000000.0,17023000000.0,13070000000.0,415292000000.0,55228000000.0,162465598.0,0.23665531976533644,0.13298594723712473
2023-09-01,3217.0,0,4385,172064000000.0,17023000000.0,13070000000.0,415292000000.0,55228000000.0,162465598.0,0.23665531976533644,0.13298594723712473
2023-09-04,3209.0,0,4385,172064000000.0,17023000000.0,13070000000.0,415292000000.0,55228000000.0,162465598.0,0.23665531976533644,0.13298594723712473
2023-09-05,3204.0,0,4385,172064000000.0,17023000000.0,13070000000.0,415292000000.0,55228000000.0,162465598.0,0.23665531976533644,0.13298594723712473
2023-09-06,3241.0,0,4385,172064000000.0,17023000000.0,13070000000.0,415292000000.0,55228000000.0,162465598.0,0.23665531976533644,0.13298594723712473
2023-09-07,3153.0,0,4385,172064000000.0,17023000000.0,13070000000.0,415292000000.0,55228000000.0,162465598.0,0.23665531976533644,0.13298594723712473
2023-09-08,3155.0,0,4385,172064000000.0,17023000000.0,13070000000.0,415292000000.0,55228000000.0,162465598.0,0.23665531976533644,0.13298594723712473
2023-09-11,3045.0,0,4385,172064000000.0,17023000000.0,13070000000.0,415292000000.0,55228000000.0,162465598.0,0.23665531976533644,0.13298594723712473
2023-09-12,3086.0,0,4385,172064000000.0,17023000000.0,13070000000.0,415292000000.0,55228000000.0,162465598.0,0.23665531976533644,0.13298594723712473
2023-09-13,3018.0,0,4385,172064000000.0,17023000000.0,13070000000.0,415292000000.0,55228000000.0,162465598.0,0.23665531976533644,0.13298594723712473
2023-09-14,3097.0,0,4385,172064000000.0,17023000000.0,13070000000.0,415292000000.0,55228000000.0,162465598.0,0.23665531976533644,0.13298594723712473
2023-09-15,3148.0,0,4385,172064000000.0,17023000000.0,13070000000.0,415292000000.0,55228000000.0,162465598.0,0.23665531976533644,0.13298594723712473
2023-09-19,3186.0,0,4385,172064000000.0,17023000000.0,13070000000.0,415292000000.0,55228000000.0,162465598.0,0.23665531976533644,0.13298594723712473
2023-09-20,3146.0,0,4385,172064000000.0,17023000000.0,13070000000.0,415292000000.0,55228000000.0,162465598.0,0.23665531976533644,0.13298594723712473
2023-09-21,3110.0,0,4385,172064000000.0,17023000000.0,13070000000.0,415292000000.0,55228000000.0,162465598.0,0.23665531976533644,0.13298594723712473
2023-09-22,3180.0,0,4385,172064000000.0,17023000000.0,13070000000.0,415292000000.0,55228000000.0,162465598.0,0.23665531976533644,0.13298594723712473
2023-09-25,3160.0,0,4385,172064000000.0,17023000000.0,13070000000.0,415292000000.0,55228000000.0,162465598.0,0.23665531976533644,0.13298594723712473
2023-09-26,3120.0,0,4385,172064000000.0,17023000000.0,13070000000.0,415292000000.0,55228000000.0,162465598.0,0.23665531976533644,0.13298594723712473
2023-09-27,3237.0,0,4385,172064000000.0,17023000000.0,13070000000.0,415292000000.0,55228000000.0,162465598.0,0.23665531976533644,0.13298594723712473
2023-09-28,3213.0,0,4385,172064000000.0,17023000000.0,13070000000.0,415292000000.0,55228000000.0,162465598.0,0.23665531976533644,0.13298594723712473
2023-09-29,3226.0,0,4385,172064000000.0,17023000000.0,13070000000.0,415292000000.0,55228000000.0,162465598.0,0.23665531976533644,0.13298594723712473
2023-10-02,3208.0,0,4385,172064000000.0,17023000000.0,13070000000.0,415292000000.0,55228000000.0,162465598.0,0.23665531976533644,0.13298594723712473
2023-10-03,3116.0,0,4385,172064000000.0,17023000000.0,13070000000.0,415292000000.0,55228000000.0,162465598.0,0.23665531976533644,0.13298594723712473
2023-10-04,2929.5,0,4385,172064000000.0,17023000000.0,13070000000.0,415292000000.0,55228000000.0,162465598.0,0.23665531976533644,0.13298594723712473
2023-10-05,3007.0,0,4385,172064000000.0,17023000000.0,13070000000.0,415292000000.0,55228000000.0,162465598.0,0.23665531976533644,0.13298594723712473
2023-10-06,3062.0,0,4385,172064000000.0,17023000000.0,13070000000.0,415292000000.0,55228000000.0,162465598.0,0.23665531976533644,0.13298594723712473
2023-10-10,3180.0,0,4385,172064000000.0,17023000000.0,13070000000.0,415292000000.0,55228000000.0,162465598.0,0.23665531976533644,0.13298594723712473
2023-10-11,3240.0,0,4385,172064000000.0,17023000000.0,13070000000.0,415292000000.0,55228000000.0,162465598.0,0.23665531976533644,0.13298594723712473
2023-10-12,3326.0,0,4385,172064000000.0,17023000000.0,13070000000.0,415292000000.0,55228000000.0,162465598.0,0.23665531976533644,0.13298594723712473
2023-10-13,3216.0,0,4385,172064000000.0,17023000000.0,13070000000.0,415292000000.0,55228000000.0,162465598.0,0.23665531976533644,0.13298594723712473
2023-10-16,3029.0,0,4385,172064000000.0,17023000000.0,13070000000.0,415292000000.0,55228000000.0,162465598.0,0.23665531976533644,0.13298594723712473
2023-10-17,3116.0,0,4385,172064000000.0,17023000000.0,13070000000.0,415292000000.0,55228000000.0,162465598.0,0.23665531976533644,0.13298594723712473
2023-10-18,3078.0,0,4385,172064000000.0,17023000000.0,13070000000.0,415292000000.0,55228000000.0,162465598.0,0.23665531976533644,0.13298594723712473
2023-10-19,3045.0,0,4385,172064000000.0,17023000000.0,13070000000.0,415292000000.0,55228000000.0,162465598.0,0.23665531976533644,0.13298594723712473
2023-10-20,3054.0,0,4385,172064000000.0,17023000000.0,13070000000.0,415292000000.0,55228000000.0,162465598.0,0.23665531976533644,0.13298594723712473
2023-10-23,2969.5,0,4385,172064000000.0,17023000000.0,13070000000.0,415292000000.0,55228000000.0,162465598.0,0.23665531976533644,0.13298594723712473
2023-10-24,3029.0,0,4385,172064000000.0,17023000000.0,13070000000.0,415292000000.0,55228000000.0,162465598.0,0.23665531976533644,0.13298594723712473
2023-10-25,3097.0,0,4385,172064000000.0,17023000000.0,13070000000.0,415292000000.0,55228000000.0,162465598.0,0.23665531976533644,0.13298594723712473
2023-10-26,2958.5,0,4385,172064000000.0,17023000000.0,13070000000.0,415292000000.0,55228000000.0,162465598.0,0.23665531976533644,0.13298594723712473
2023-10-27,2964.0,0,4385,172064000000.0,17023000000.0,13070000000.0,415292000000.0,55228000000.0,162465598.0,0.23665531976533644,0.13298594723712473
2023-10-30,2938.5,0,4385,172064000000.0,17023000000.0,13070000000.0,415292000000.0,55228000000.0,162465598.0,0.23665531976533644,0.13298594723712473
2023-10-31,3001.0,0,4385,172064000000.0,17023000000.0,13070000000.0,415292000000.0,55228000000.0,162465598.0,0.23665531976533644,0.13298594723712473
2023-11-01,2997.0,0,4385,172064000000.0,17023000000.0,13070000000.0,415292000000.0,55228000000.0,162465598.0,0.23665531976533644,0.13298594723712473
2023-11-02,3197.0,0,4385,172064000000.0,17023000000.0,13070000000.0,415292000000.0,55228000000.0,162465598.0,0.23665531976533644,0.13298594723712473
2023-11-06,3294.0,0,4385,172064000000.0,17023000000.0,13070000000.0,415292000000.0,55228000000.0,162465598.0,0.23665531976533644,0.13298594723712473
2023-11-07,3239.0,0,4385,172064000000.0,17023000000.0,13070000000.0,415292000000.0,55228000000.0,162465598.0,0.23665531976533644,0.13298594723712473
2023-11-08,3232.0,0,4385,172064000000.0,17023000000.0,13070000000.0,415292000000.0,55228000000.0,162465598.0,0.23665531976533644,0.13298594723712473
2023-11-09,3361.0,0,4385,172064000000.0,17023000000.0,13070000000.0,415292000000.0,55228000000.0,162465598.0,0.23665531976533644,0.13298594723712473
2023-11-10,3307.0,0,4385,172064000000.0,17023000000.0,13070000000.0,415292000000.0,55228000000.0,162465598.0,0.23665531976533644,0.13298594723712473
2023-11-13,3279.0,0,4385,44271000000.0,4477000000.0,2811000000.0,430399000000.0,59803000000.0,162989723.0,0.04700433088641038,0.13894781354045896
2023-11-14,3153.0,0,4385,44271000000.0,4477000000.0,2811000000.0,430399000000.0,59803000000.0,162989723.0,0.04700433088641038,0.13894781354045896
2023-11-15,3143.0,0,4385,44271000000.0,4477000000.0,2811000000.0,430399000000.0,59803000000.0,162989723.0,0.04700433088641038,0.13894781354045896
2023-11-16,3147.0,0,4385,44271000000.0,4477000000.0,2811000000.0,430399000000.0,59803000000.0,162989723.0,0.04700433088641038,0.13894781354045896
2023-11-17,3098.0,0,4385,44271000000.0,4477000000.0,2811000000.0,430399000000.0,59803000000.0,162989723.0,0.04700433088641038,0.13894781354045896
2023-11-20,3112.0,0,4385,44271000000.0,4477000000.0,2811000000.0,430399000000.0,59803000000.0,162989723.0,0.04700433088641038,0.13894781354045896
2023-11-21,3171.0,0,4385,44271000000.0,4477000000.0,2811000000.0,430399000000.0,59803000000.0,162989723.0,0.04700433088641038,0.13894781354045896
2023-11-22,3004.0,0,4385,44271000000.0,4477000000.0,2811000000.0,430399000000.0,59803000000.0,162989723.0,0.04700433088641038,0.13894781354045896
2023-11-24,2983.5,0,4385,44271000000.0,4477000000.0,2811000000.0,430399000000.0,59803000000.0,162989723.0,0.04700433088641038,0.13894781354045896
2023-11-27,2922.5,0,4385,44271000000.0,4477000000.0,2811000000.0,430399000000.0,59803000000.0,162989723.0,0.04700433088641038,0.13894781354045896
2023-11-28,2929.5,0,4385,44271000000.0,4477000000.0,2811000000.0,430399000000.0,59803000000.0,162989723.0,0.04700433088641038,0.13894781354045896
2023-11-29,2931.0,0,4385,44271000000.0,4477000000.0,2811000000.0,430399000000.0,59803000000.0,162989723.0,0.04700433088641038,0.13894781354045896
2023-11-30,2829.5,0,4385,44271000000.0,4477000000.0,2811000000.0,430399000000.0,59803000000.0,162989723.0,0.04700433088641038,0.13894781354045896
2023-12-01,2807.5,0,4385,44271000000.0,4477000000.0,2811000000.0,430399000000.0,59803000000.0,162989723.0,0.04700433088641038,0.13894781354045896
2023-12-04,2799.5,0,4385,44271000000.0,4477000000.0,2811000000.0,430399000000.0,59803000000.0,162989723.0,0.04700433088641038,0.13894781354045896
2023-12-05,2695.0,0,4385,44271000000.0,4477000000.0,2811000000.0,430399000000.0,59803000000.0,162989723.0,0.04700433088641038,0.13894781354045896
2023-12-06,2745.0,0,4385,44271000000.0,4477000000.0,2811000000.0,430399000000.0,59803000000.0,162989723.0,0.04700433088641038,0.13894781354045896
2023-12-07,2649.5,0,4385,44271000000.0,4477000000.0,2811000000.0,430399000000.0,59803000000.0,162989723.0,0.04700433088641038,0.13894781354045896
2023-12-08,2643.0,0,4385,44271000000.0,4477000000.0,2811000000.0,430399000000.0,59803000000.0,162989723.0,0.04700433088641038,0.13894781354045896
2023-12-11,2678.5,0,4385,44271000000.0,4477000000.0,2811000000.0,430399000000.0,59803000000.0,162989723.0,0.04700433088641038,0.13894781354045896
2023-12-12,2649.0,0,4385,44271000000.0,4477000000.0,2811000000.0,430399000000.0,59803000000.0,162989723.0,0.04700433088641038,0.13894781354045896
2023-12-13,2637.0,0,4385,44271000000.0,4477000000.0,2811000000.0,430399000000.0,59803000000.0,162989723.0,0.04700433088641038,0.13894781354045896
2023-12-14,2617.5,0,4385,44271000000.0,4477000000.0,2811000000.0,430399000000.0,59803000000.0,162989723.0,0.04700433088641038,0.13894781354045896
2023-12-15,2670.0,0,4385,44271000000.0,4477000000.0,2811000000.0,430399000000.0,59803000000.0,162989723.0,0.04700433088641038,0.13894781354045896
2023-12-18,2589.5,0,4385,44271000000.0,4477000000.0,2811000000.0,430399000000.0,59803000000.0,162989723.0,0.04700433088641038,0.13894781354045896
2023-12-19,2582.0,0,4385,44271000000.0,4477000000.0,2811000000.0,430399000000.0,59803000000.0,162989723.0,0.04700433088641038,0.13894781354045896
2023-12-20,2659.5,0,4385,44271000000.0,4477000000.0,2811000000.0,430399000000.0,59803000000.0,162989723.0,0.04700433088641038,0.13894781354045896
2023-12-21,2561.0,0,4385,44271000000.0,4477000000.0,2811000000.0,430399000000.0,59803000000.0,162989723.0,0.04700433088641038,0.13894781354045896
2023-12-22,2536.0,0,4385,44271000000.0,4477000000.0,2811000000.0,430399000000.0,59803000000.0,162989723.0,0.04700433088641038,0.13894781354045896
2023-12-25,2526.5,0,4385,44271000000.0,4477000000.0,2811000000.0,430399000000.0,59803000000.0,162989723.0,0.04700433088641038,0.13894781354045896
2023-12-26,2528.0,0,4385,44271000000.0,4477000000.0,2811000000.0,430399000000.0,59803000000.0,162989723.0,0.04700433088641038,0.13894781354045896
2023-12-27,2559.5,0,4385,44271000000.0,4477000000.0,2811000000.0,430399000000.0,59803000000.0,162989723.0,0.04700433088641038,0.13894781354045896
2023-12-28,2599.5,0,4385,44271000000.0,4477000000.0,2811000000.0,430399000000.0,59803000000.0,162989723.0,0.04700433088641038,0.13894781354045896
2023-12-29,2612.5,0,4385,44271000000.0,4477000000.0,2811000000.0,430399000000.0,59803000000.0,162989723.0,0.04700433088641038,0.13894781354045896
2024-01-04,2541.0,0,4385,44271000000.0,4477000000.0,2811000000.0,430399000000.0,59803000000.0,162989723.0,0.04700433088641038,0.13894781354045896
2024-01-05,2456.0,0,4385,44271000000.0,4477000000.0,2811000000.0,430399000000.0,59803000000.0,162989723.0,0.04700433088641038,0.13894781354045896
2024-01-09,2471.5,0,4385,44271000000.0,4477000000.0,2811000000.0,430399000000.0,59803000000.0,162989723.0,0.04700433088641038,0.13894781354045896
2024-01-10,2496.5,0,4385,44271000000.0,4477000000.0,2811000000.0,430399000000.0,59803000000.0,162989723.0,0.04700433088641038,0.13894781354045896
2024-01-11,2528.5,0,4385,44271000000.0,4477000000.0,2811000000.0,430399000000.0,59803000000.0,162989723.0,0.04700433088641038,0.13894781354045896
2024-01-12,2529.5,0,4385,44271000000.0,4477000000.0,2811000000.0,430399000000.0,59803000000.0,162989723.0,0.04700433088641038,0.13894781354045896
2024-01-15,2535.0,0,4385,44271000000.0,4477000000.0,2811000000.0,430399000000.0,59803000000.0,162989723.0,0.04700433088641038,0.13894781354045896
2024-01-16,2518.0,0,4385,44271000000.0,4477000000.0,2811000000.0,430399000000.0,59803000000.0,162989723.0,0.04700433088641038,0.13894781354045896
2024-01-17,2456.0,0,4385,44271000000.0,4477000000.0,2811000000.0,430399000000.0,59803000000.0,162989723.0,0.04700433088641038,0.13894781354045896
2024-01-18,2383.0,0,4385,44271000000.0,4477000000.0,2811000000.0,430399000000.0,59803000000.0,162989723.0,0.04700433088641038,0.13894781354045896
2024-01-19,2412.0,0,4385,44271000000.0,4477000000.0,2811000000.0,430399000000.0,59803000000.0,162989723.0,0.04700433088641038,0.13894781354045896
2024-01-22,2463.0,0,4385,44271000000.0,4477000000.0,2811000000.0,430399000000.0,59803000000.0,162989723.0,0.04700433088641038,0.13894781354045896
2024-01-23,2449.0,0,4385,44271000000.0,4477000000.0,2811000000.0,430399000000.0,59803000000.0,162989723.0,0.04700433088641038,0.13894781354045896
2024-01-24,2472.5,0,4385,44271000000.0,4477000000.0,2811000000.0,430399000000.0,59803000000.0,162989723.0,0.04700433088641038,0.13894781354045896
2024-01-25,2453.5,0,4385,44271000000.0,4477000000.0,2811000000.0,430399000000.0,59803000000.0,162989723.0,0.04700433088641038,0.13894781354045896
2024-01-26,2451.5,0,4385,44271000000.0,4477000000.0,2811000000.0,430399000000.0,59803000000.0,162989723.0,0.04700433088641038,0.13894781354045896
2024-01-29,2446.5,0,4385,44271000000.0,4477000000.0,2811000000.0,430399000000.0,59803000000.0,162989723.0,0.04700433088641038,0.13894781354045896
2024-01-30,2427.0,0,4385,44271000000.0,4477000000.0,2811000000.0,430399000000.0,59803000000.0,162989723.0,0.04700433088641038,0.13894781354045896
2024-01-31,2464.0,0,4385,44271000000.0,4477000000.0,2811000000.0,430399000000.0,59803000000.0,162989723.0,0.04700433088641038,0.13894781354045896
2024-02-01,2366.5,0,4385,44271000000.0,4477000000.0,2811000000.0,430399000000.0,59803000000.0,162989723.0,0.04700433088641038,0.13894781354045896
2024-02-02,2402.5,0,4385,44271000000.0,4477000000.0,2811000000.0,430399000000.0,59803000000.0,162989723.0,0.04700433088641038,0.13894781354045896
2024-02-05,2468.0,0,4385,44271000000.0,4477000000.0,2811000000.0,430399000000.0,59803000000.0,162989723.0,0.04700433088641038,0.13894781354045896
2024-02-06,2442.5,0,4385,44271000000.0,4477000000.0,2811000000.0,430399000000.0,59803000000.0,162989723.0,0.04700433088641038,0.13894781354045896
2024-02-07,2437.5,0,4385,44271000000.0,4477000000.0,2811000000.0,430399000000.0,59803000000.0,162989723.0,0.04700433088641038,0.13894781354045896
2024-02-08,2378.5,0,4385,44271000000.0,4477000000.0,2811000000.0,430399000000.0,59803000000.0,162989723.0,0.04700433088641038,0.13894781354045896
2024-02-09,2435.0,0,4385,44271000000.0,4477000000.0,2811000000.0,430399000000.0,59803000000.0,162989723.0,0.04700433088641038,0.13894781354045896
2024-02-13,2435.5,0,4385,92386000000.0,7821000000.0,4550000000.0,456578000000.0,61915000000.0,163167809.0,0.07348784624081402,0.13560662143160643
2024-02-14,2120.5,0,4385,92386000000.0,7821000000.0,4550000000.0,456578000000.0,61915000000.0,163167809.0,0.07348784624081402,0.13560662143160643
2024-02-15,2043.5,0,4385,92386000000.0,7821000000.0,4550000000.0,456578000000.0,61915000000.0,163167809.0,0.07348784624081402,0.13560662143160643
2024-02-16,2126.5,0,4385,92386000000.0,7821000000.0,4550000000.0,456578000000.0,61915000000.0,163167809.0,0.07348784624081402,0.13560662143160643
2024-02-19,2192.0,0,4385,92386000000.0,7821000000.0,4550000000.0,456578000000.0,61915000000.0,163167809.0,0.07348784624081402,0.13560662143160643
2024-02-20,2144.5,0,4385,92386000000.0,7821000000.0,4550000000.0,456578000000.0,61915000000.0,163167809.0,0.07348784624081402,0.13560662143160643
2024-02-21,2121.5,0,4385,92386000000.0,7821000000.0,4550000000.0,456578000000.0,61915000000.0,163167809.0,0.07348784624081402,0.13560662143160643
2024-02-22,2089.0,0,4385,92386000000.0,7821000000.0,4550000000.0,456578000000.0,61915000000.0,163167809.0,0.07348784624081402,0.13560662143160643
2024-02-26,2119.0,0,4385,92386000000.0,7821000000.0,4550000000.0,456578000000.0,61915000000.0,163167809.0,0.07348784624081402,0.13560662143160643
2024-02-27,2055.5,0,4385,92386000000.0,7821000000.0,4550000000.0,456578000000.0,61915000000.0,163167809.0,0.07348784624081402,0.13560662143160643
2024-02-28,2077.5,0,4385,92386000000.0,7821000000.0,4550000000.0,456578000000.0,61915000000.0,163167809.0,0.07348784624081402,0.13560662143160643
2024-02-29,2041.5,0,4385,92386000000.0,7821000000.0,4550000000.0,456578000000.0,61915000000.0,163167809.0,0.07348784624081402,0.13560662143160643
2024-03-01,2114.0,0,4385,92386000000.0,7821000000.0,4550000000.0,456578000000.0,61915000000.0,163167809.0,0.07348784624081402,0.13560662143160643
2024-03-04,2084.5,0,4385,92386000000.0,7821000000.0,4550000000.0,456578000000.0,61915000000.0,163167809.0,0.07348784624081402,0.13560662143160643
2024-03-05,2018.5,1,4385,92386000000.0,7821000000.0,4550000000.0,456578000000.0,61915000000.0,163167809.0,0.07348784624081402,0.13560662143160643
2024-03-06,2034.0,1,4385,92386000000.0,7821000000.0,4550000000.0,456578000000.0,61915000000.0,163167809.0,0.07348784624081402,0.13560662143160643
2024-03-07,1987.0,1,4385,92386000000.0,7821000000.0,4550000000.0,456578000000.0,61915000000.0,163167809.0,0.07348784624081402,0.13560662143160643
2024-03-08,1982.5,1,4385,92386000000.0,7821000000.0,4550000000.0,456578000000.0,61915000000.0,163167809.0,0.07348784624081402,0.13560662143160643
2024-03-11,1985.5,1,4385,92386000000.0,7821000000.0,4550000000.0,456578000000.0,61915000000.0,163167809.0,0.07348784624081402,0.13560662143160643
2024-03-12,2014.0,1,4385,92386000000.0,7821000000.0,4550000000.0,456578000000.0,61915000000.0,163167809.0,0.07348784624081402,0.13560662143160643
2024-03-13,1973.0,1,4385,92386000000.0,7821000000.0,4550000000.0,456578000000.0,61915000000.0,163167809.0,0.07348784624081402,0.13560662143160643
2024-03-14,1987.0,1,4385,92386000000.0,7821000000.0,4550000000.0,456578000000.0,61915000000.0,163167809.0,0.07348784624081402,0.13560662143160643
2024-03-15,1955.5,1,4385,92386000000.0,7821000000.0,4550000000.0,456578000000.0,61915000000.0,163167809.0,0.07348784624081402,0.13560662143160643
2024-03-18,1978.0,1,4385,92386000000.0,7821000000.0,4550000000.0,456578000000.0,61915000000.0,163167809.0,0.07348784624081402,0.13560662143160643
2024-03-19,1980.0,1,4385,92386000000.0,7821000000.0,4550000000.0,456578000000.0,61915000000.0,163167809.0,0.07348784624081402,0.13560662143160643
2024-03-21,1995.0,1,4385,92386000000.0,7821000000.0,4550000000.0,456578000000.0,61915000000.0,163167809.0,0.07348784624081402,0.13560662143160643
2024-03-22,1992.5,1,4385,92386000000.0,7821000000.0,4550000000.0,456578000000.0,61915000000.0,163167809.0,0.07348784624081402,0.13560662143160643
2024-03-25,1962.0,1,4385,92386000000.0,7821000000.0,4550000000.0,456578000000.0,61915000000.0,163167809.0,0.07348784624081402,0.13560662143160643
2024-03-26,1960.5,1,4385,92386000000.0,7821000000.0,4550000000.0,456578000000.0,61915000000.0,163167809.0,0.07348784624081402,0.13560662143160643
2024-03-27,1955.5,0,4385,92386000000.0,7821000000.0,4550000000.0,456578000000.0,61915000000.0,163167809.0,0.07348784624081402,0.13560662143160643
2024-03-28,1928.5,1,4385,92386000000.0,7821000000.0,4550000000.0,456578000000.0,61915000000.0,163167809.0,0.07348784624081402,0.13560662143160643
2024-03-29,1967.0,0,4385,92386000000.0,7821000000.0,4550000000.0,456578000000.0,61915000000.0,163167809.0,0.07348784624081402,0.13560662143160643
2024-04-01,1915.0,1,4385,92386000000.0,7821000000.0,4550000000.0,456578000000.0,61915000000.0,163167809.0,0.07348784624081402,0.13560662143160643
2024-04-02,1900.5,1,4385,92386000000.0,7821000000.0,4550000000.0,456578000000.0,61915000000.0,163167809.0,0.07348784624081402,0.13560662143160643
2024-04-03,1863.0,1,4385,92386000000.0,7821000000.0,4550000000.0,456578000000.0,61915000000.0,163167809.0,0.07348784624081402,0.13560662143160643
2024-04-04,1836.5,1,4385,92386000000.0,7821000000.0,4550000000.0,456578000000.0,61915000000.0,163167809.0,0.07348784624081402,0.13560662143160643
2024-04-05,1822.5,1,4385,92386000000.0,7821000000.0,4550000000.0,456578000000.0,61915000000.0,163167809.0,0.07348784624081402,0.13560662143160643
2024-04-08,1834.0,1,4385,92386000000.0,7821000000.0,4550000000.0,456578000000.0,61915000000.0,163167809.0,0.07348784624081402,0.13560662143160643
2024-04-09,1894.0,1,4385,92386000000.0,7821000000.0,4550000000.0,456578000000.0,61915000000.0,163167809.0,0.07348784624081402,0.13560662143160643
2024-04-10,1849.5,1,4385,92386000000.0,7821000000.0,4550000000.0,456578000000.0,61915000000.0,163167809.0,0.07348784624081402,0.13560662143160643
2024-04-11,1794.0,1,4385,92386000000.0,7821000000.0,4550000000.0,456578000000.0,61915000000.0,163167809.0,0.07348784624081402,0.13560662143160643
2024-04-12,1809.5,1,4385,92386000000.0,7821000000.0,4550000000.0,456578000000.0,61915000000.0,163167809.0,0.07348784624081402,0.13560662143160643
2024-04-15,1745.5,1,4385,92386000000.0,7821000000.0,4550000000.0,456578000000.0,61915000000.0,163167809.0,0.07348784624081402,0.13560662143160643
2024-04-16,1772.0,1,4385,92386000000.0,7821000000.0,4550000000.0,456578000000.0,61915000000.0,163167809.0,0.07348784624081402,0.13560662143160643
2024-04-17,1740.5,1,4385,92386000000.0,7821000000.0,4550000000.0,456578000000.0,61915000000.0,163167809.0,0.07348784624081402,0.13560662143160643
2024-04-18,1745.5,1,4385,92386000000.0,7821000000.0,4550000000.0,456578000000.0,61915000000.0,163167809.0,0.07348784624081402,0.13560662143160643
2024-04-19,1730.5,1,4385,92386000000.0,7821000000.0,4550000000.0,456578000000.0,61915000000.0,163167809.0,0.07348784624081402,0.13560662143160643
2024-04-22,1777.5,1,4385,92386000000.0,7821000000.0,4550000000.0,456578000000.0,61915000000.0,163167809.0,0.07348784624081402,0.13560662143160643
2024-04-23,1749.5,1,4385,92386000000.0,7821000000.0,4550000000.0,456578000000.0,61915000000.0,163167809.0,0.07348784624081402,0.13560662143160643
2024-04-24,1808.5,1,4385,92386000000.0,7821000000.0,4550000000.0,456578000000.0,61915000000.0,163167809.0,0.07348784624081402,0.13560662143160643
2024-04-25,1783.5,1,4385,92386000000.0,7821000000.0,4550000000.0,456578000000.0,61915000000.0,163167809.0,0.07348784624081402,0.13560662143160643
2024-04-26,1779.5,1,4385,92386000000.0,7821000000.0,4550000000.0,456578000000.0,61915000000.0,163167809.0,0.07348784624081402,0.13560662143160643
2024-04-30,1842.5,1,4385,92386000000.0,7821000000.0,4550000000.0,456578000000.0,61915000000.0,163167809.0,0.07348784624081402,0.13560662143160643
2024-05-01,1806.5,1,4385,92386000000.0,7821000000.0,4550000000.0,456578000000.0,61915000000.0,163167809.0,0.07348784624081402,0.13560662143160643
2024-05-02,1766.5,1,4385,92386000000.0,7821000000.0,4550000000.0,456578000000.0,61915000000.0,163167809.0,0.07348784624081402,0.13560662143160643
2024-05-07,1803.0,1,4385,92386000000.0,7821000000.0,4550000000.0,456578000000.0,61915000000.0,163167809.0,0.07348784624081402,0.13560662143160643
2024-05-08,1782.5,1,4385,92386000000.0,7821000000.0,4550000000.0,456578000000.0,61915000000.0,163167809.0,0.07348784624081402,0.13560662143160643
2024-05-09,1758.0,1,4385,140878000000.0,12801000000.0,8754000000.0,484858000000.0,67211000000.0,163667497.0,0.13024653702518932,0.138619967083146
2024-05-10,1918.0,0,4385,140878000000.0,12801000000.0,8754000000.0,484858000000.0,67211000000.0,163667497.0,0.13024653702518932,0.138619967083146
2024-05-13,1867.5,1,4385,140878000000.0,12801000000.0,8754000000.0,484858000000.0,67211000000.0,163667497.0,0.13024653702518932,0.138619967083146
2024-05-14,2000.0,1,4385,140878000000.0,12801000000.0,8754000000.0,484858000000.0,67211000000.0,163667497.0,0.13024653702518932,0.138619967083146
2024-05-15,1928.5,1,4385,140878000000.0,12801000000.0,8754000000.0,484858000000.0,67211000000.0,163667497.0,0.13024653702518932,0.138619967083146
2024-05-16,1872.0,1,4385,140878000000.0,12801000000.0,8754000000.0,484858000000.0,67211000000.0,163667497.0,0.13024653702518932,0.138619967083146
2024-05-17,1880.0,1,4385,140878000000.0,12801000000.0,8754000000.0,484858000000.0,67211000000.0,163667497.0,0.13024653702518932,0.138619967083146
2024-05-20,1931.5,1,4385,140878000000.0,12801000000.0,8754000000.0,484858000000.0,67211000000.0,163667497.0,0.13024653702518932,0.138619967083146
2024-05-21,1853.0,1,4385,140878000000.0,12801000000.0,8754000000.0,484858000000.0,67211000000.0,163667497.0,0.13024653702518932,0.138619967083146
2024-05-22,1868.0,1,4385,140878000000.0,12801000000.0,8754000000.0,484858000000.0,67211000000.0,163667497.0,0.13024653702518932,0.138619967083146
2024-05-23,1873.5,1,4385,140878000000.0,12801000000.0,8754000000.0,484858000000.0,67211000000.0,163667497.0,0.13024653702518932,0.138619967083146
2024-05-24,1857.0,1,4385,140878000000.0,12801000000.0,8754000000.0,484858000000.0,67211000000.0,163667497.0,0.13024653702518932,0.138619967083146
2024-05-27,1868.0,1,4385,140878000000.0,12801000000.0,8754000000.0,484858000000.0,67211000000.0,163667497.0,0.13024653702518932,0.138619967083146
2024-05-28,1860.0,1,4385,140878000000.0,12801000000.0,8754000000.0,484858000000.0,67211000000.0,163667497.0,0.13024653702518932,0.138619967083146
2024-05-29,1779.0,1,4385,140878000000.0,12801000000.0,8754000000.0,484858000000.0,67211000000.0,163667497.0,0.13024653702518932,0.138619967083146
2024-05-30,1765.0,1,4385,140878000000.0,12801000000.0,8754000000.0,484858000000.0,67211000000.0,163667497.0,0.13024653702518932,0.138619967083146
2024-05-31,1833.0,1,4385,140878000000.0,12801000000.0,8754000000.0,484858000000.0,67211000000.0,163667497.0,0.13024653702518932,0.138619967083146
2024-06-03,2048.0,1,4385,140878000000.0,12801000000.0,8754000000.0,484858000000.0,67211000000.0,163667497.0,0.13024653702518932,0.138619967083146
2024-06-04,2091.0,1,4385,140878000000.0,12801000000.0,8754000000.0,484858000000.0,67211000000.0,163667497.0,0.13024653702518932,0.138619967083146
2024-06-05,2098.0,1,4385,140878000000.0,12801000000.0,8754000000.0,484858000000.0,67211000000.0,163667497.0,0.13024653702518932,0.138619967083146
2024-06-06,2090.0,1,4385,140878000000.0,12801000000.0,8754000000.0,484858000000.0,67211000000.0,163667497.0,0.13024653702518932,0.138619967083146
2024-06-07,2151.0,1,4385,140878000000.0,12801000000.0,8754000000.0,484858000000.0,67211000000.0,163667497.0,0.13024653702518932,0.138619967083146
2024-06-10,2123.0,1,4385,140878000000.0,12801000000.0,8754000000.0,484858000000.0,67211000000.0,163667497.0,0.13024653702518932,0.138619967083146
2024-06-11,2192.0,1,4385,140878000000.0,12801000000.0,8754000000.0,484858000000.0,67211000000.0,163667497.0,0.13024653702518932,0.138619967083146
2024-06-12,2158.0,1,4385,140878000000.0,12801000000.0,8754000000.0,484858000000.0,67211000000.0,163667497.0,0.13024653702518932,0.138619967083146
2024-06-13,2148.5,1,4385,140878000000.0,12801000000.0,8754000000.0,484858000000.0,67211000000.0,163667497.0,0.13024653702518932,0.138619967083146
2024-06-14,2167.5,1,4385,140878000000.0,12801000000.0,8754000000.0,484858000000.0,67211000000.0,163667497.0,0.13024653702518932,0.138619967083146
2024-06-17,2094.0,1,4385,140878000000.0,12801000000.0,8754000000.0,484858000000.0,67211000000.0,163667497.0,0.13024653702518932,0.138619967083146
2024-06-18,2027.5,1,4385,140878000000.0,12801000000.0,8754000000.0,484858000000.0,67211000000.0,163667497.0,0.13024653702518932,0.138619967083146
2024-06-19,2024.0,1,4385,140878000000.0,12801000000.0,8754000000.0,484858000000.0,67211000000.0,163667497.0,0.13024653702518932,0.138619967083146
2024-06-20,1983.0,1,4385,140878000000.0,12801000000.0,8754000000.0,484858000000.0,67211000000.0,163667497.0,0.13024653702518932,0.138619967083146
2024-06-21,2010.5,1,4385,140878000000.0,12801000000.0,8754000000.0,484858000000.0,67211000000.0,163667497.0,0.13024653702518932,0.138619967083146
2024-06-24,1915.5,1,4385,140878000000.0,12801000000.0,8754000000.0,484858000000.0,67211000000.0,163667497.0,0.13024653702518932,0.138619967083146
2024-06-25,1967.0,1,4385,140878000000.0,12801000000.0,8754000000.0,484858000000.0,67211000000.0,163667497.0,0.13024653702518932,0.138619967083146
2024-06-26,1958.0,1,4385,140878000000.0,12801000000.0,8754000000.0,484858000000.0,67211000000.0,163667497.0,0.13024653702518932,0.138619967083146
2024-06-27,2009.0,1,4385,140878000000.0,12801000000.0,8754000000.0,484858000000.0,67211000000.0,163667497.0,0.13024653702518932,0.138619967083146
2024-06-28,1997.5,1,4385,140878000000.0,12801000000.0,8754000000.0,484858000000.0,67211000000.0,163667497.0,0.13024653702518932,0.138619967083146
2024-07-01,2103.0,1,4385,140878000000.0,12801000000.0,8754000000.0,484858000000.0,67211000000.0,163667497.0,0.13024653702518932,0.138619967083146
2024-07-02,2228.0,1,4385,140878000000.0,12801000000.0,8754000000.0,484858000000.0,67211000000.0,163667497.0,0.13024653702518932,0.138619967083146
2024-07-03,2242.0,1,4385,140878000000.0,12801000000.0,8754000000.0,484858000000.0,67211000000.0,163667497.0,0.13024653702518932,0.138619967083146
2024-07-04,2307.5,1,4385,140878000000.0,12801000000.0,8754000000.0,484858000000.0,67211000000.0,163667497.0,0.13024653702518932,0.138619967083146
2024-07-05,2407.5,1,4385,140878000000.0,12801000000.0,8754000000.0,484858000000.0,67211000000.0,163667497.0,0.13024653702518932,0.138619967083146
2024-07-08,2454.0,1,4385,140878000000.0,12801000000.0,8754000000.0,484858000000.0,67211000000.0,163667497.0,0.13024653702518932,0.138619967083146
2024-07-09,2446.5,1,4385,140878000000.0,12801000000.0,8754000000.0,484858000000.0,67211000000.0,163667497.0,0.13024653702518932,0.138619967083146
2024-07-10,2396.5,1,4385,140878000000.0,12801000000.0,8754000000.0,484858000000.0,67211000000.0,163667497.0,0.13024653702518932,0.138619967083146
2024-07-11,2324.0,1,4385,140878000000.0,12801000000.0,8754000000.0,484858000000.0,67211000000.0,163667497.0,0.13024653702518932,0.138619967083146
2024-07-12,2389.0,1,4385,140878000000.0,12801000000.0,8754000000.0,484858000000.0,67211000000.0,163667497.0,0.13024653702518932,0.138619967083146
2024-07-16,2378.0,1,4385,140878000000.0,12801000000.0,8754000000.0,484858000000.0,67211000000.0,163667497.0,0.13024653702518932,0.138619967083146
2024-07-17,2462.5,1,4385,140878000000.0,12801000000.0,8754000000.0,484858000000.0,67211000000.0,163667497.0,0.13024653702518932,0.138619967083146
2024-07-18,2344.5,1,4385,140878000000.0,12801000000.0,8754000000.0,484858000000.0,67211000000.0,163667497.0,0.13024653702518932,0.138619967083146
2024-07-19,2339.5,1,4385,140878000000.0,12801000000.0,8754000000.0,484858000000.0,67211000000.0,163667497.0,0.13024653702518932,0.138619967083146
2024-07-22,2266.0,1,4385,140878000000.0,12801000000.0,8754000000.0,484858000000.0,67211000000.0,163667497.0,0.13024653702518932,0.138619967083146
2024-07-23,2276.0,1,4385,140878000000.0,12801000000.0,8754000000.0,484858000000.0,67211000000.0,163667497.0,0.13024653702518932,0.138619967083146
2024-07-24,2286.5,0,4385,140878000000.0,12801000000.0,8754000000.0,484858000000.0,67211000000.0,163667497.0,0.13024653702518932,0.138619967083146
2024-07-25,2190.5,0,4385,140878000000.0,12801000000.0,8754000000.0,484858000000.0,67211000000.0,163667497.0,0.13024653702518932,0.138619967083146
2024-07-26,2189.5,0,4385,140878000000.0,12801000000.0,8754000000.0,484858000000.0,67211000000.0,163667497.0,0.13024653702518932,0.138619967083146
2024-07-29,2322.5,0,4385,140878000000.0,12801000000.0,8754000000.0,484858000000.0,67211000000.0,163667497.0,0.13024653702518932,0.138619967083146
2024-07-30,2279.5,0,4385,140878000000.0,12801000000.0,8754000000.0,484858000000.0,67211000000.0,163667497.0,0.13024653702518932,0.138619967083146
2024-07-31,2235.0,0,4385,140878000000.0,12801000000.0,8754000000.0,484858000000.0,67211000000.0,163667497.0,0.13024653702518932,0.138619967083146
2024-08-01,2163.5,0,4385,140878000000.0,12801000000.0,8754000000.0,484858000000.0,67211000000.0,163667497.0,0.13024653702518932,0.138619967083146
2024-08-02,1978.0,1,4385,140878000000.0,12801000000.0,8754000000.0,484858000000.0,67211000000.0,163667497.0,0.13024653702518932,0.138619967083146
2024-08-05,1805.0,1,4385,140878000000.0,12801000000.0,8754000000.0,484858000000.0,67211000000.0,163667497.0,0.13024653702518932,0.138619967083146
2024-08-06,2000.0,1,4385,140878000000.0,12801000000.0,8754000000.0,484858000000.0,67211000000.0,163667497.0,0.13024653702518932,0.138619967083146
2024-08-07,2012.5,0,4385,140878000000.0,12801000000.0,8754000000.0,484858000000.0,67211000000.0,163667497.0,0.13024653702518932,0.138619967083146
2024-08-08,2085.5,0,4385,140878000000.0,12801000000.0,8754000000.0,484858000000.0,67211000000.0,163667497.0,0.13024653702518932,0.138619967083146
2024-08-09,2100.0,0,4385,140878000000.0,12801000000.0,8754000000.0,484858000000.0,67211000000.0,163667497.0,0.13024653702518932,0.138619967083146
2024-08-13,2175.0,0,4385,187407000000.0,17486000000.0,13461000000.0,501773000000.0,72145000000.0,163889610.0,0.1865825767551459,0.1437801555683546
2024-08-14,2021.0,0,4385,187407000000.0,17486000000.0,13461000000.0,501773000000.0,72145000000.0,163889610.0,0.1865825767551459,0.1437801555683546
2024-08-15,2096.0,0,4385,187407000000.0,17486000000.0,13461000000.0,501773000000.0,72145000000.0,163889610.0,0.1865825767551459,0.1437801555683546
2024-08-16,2072.0,0,4385,187407000000.0,17486000000.0,13461000000.0,501773000000.0,72145000000.0,163889610.0,0.1865825767551459,0.1437801555683546
2024-08-19,2010.5,0,4385,187407000000.0,17486000000.0,13461000000.0,501773000000.0,72145000000.0,163889610.0,0.1865825767551459,0.1437801555683546
2024-08-20,2185.0,0,4385,187407000000.0,17486000000.0,13461000000.0,501773000000.0,72145000000.0,163889610.0,0.1865825767551459,0.1437801555683546
2024-08-21,2210.0,0,4385,187407000000.0,17486000000.0,13461000000.0,501773000000.0,72145000000.0,163889610.0,0.1865825767551459,0.1437801555683546
2024-08-22,2377.0,0,4385,187407000000.0,17486000000.0,13461000000.0,501773000000.0,72145000000.0,163889610.0,0.1865825767551459,0.1437801555683546
2024-08-23,2340.0,0,4385,187407000000.0,17486000000.0,13461000000.0,501773000000.0,72145000000.0,163889610.0,0.1865825767551459,0.1437801555683546
2024-08-26,2299.0,0,4385,187407000000.0,17486000000.0,13461000000.0,501773000000.0,72145000000.0,163889610.0,0.1865825767551459,0.1437801555683546
2024-08-27,2228.5,0,4385,187407000000.0,17486000000.0,13461000000.0,501773000000.0,72145000000.0,163889610.0,0.1865825767551459,0.1437801555683546
2024-08-28,2230.0,0,4385,187407000000.0,17486000000.0,13461000000.0,501773000000.0,72145000000.0,163889610.0,0.1865825767551459,0.1437801555683546
2024-08-29,2275.5,0,4385,187407000000.0,17486000000.0,13461000000.0,501773000000.0,72145000000.0,163889610.0,0.1865825767551459,0.1437801555683546
2024-08-30,2373.5,0,4385,187407000000.0,17486000000.0,13461000000.0,501773000000.0,72145000000.0,163889610.0,0.1865825767551459,0.1437801555683546
2024-09-02,2358.5,0,4385,187407000000.0,17486000000.0,13461000000.0,501773000000.0,72145000000.0,163889610.0,0.1865825767551459,0.1437801555683546
2024-09-03,2505.5,0,4385,187407000000.0,17486000000.0,13461000000.0,501773000000.0,72145000000.0,163889610.0,0.1865825767551459,0.1437801555683546
2024-09-04,2343.0,0,4385,187407000000.0,17486000000.0,13461000000.0,501773000000.0,72145000000.0,163889610.0,0.1865825767551459,0.1437801555683546
2024-09-05,2438.5,0,4385,187407000000.0,17486000000.0,13461000000.0,501773000000.0,72145000000.0,163889610.0,0.1865825767551459,0.1437801555683546
2024-09-06,2374.0,0,4385,187407000000.0,17486000000.0,13461000000.0,501773000000.0,72145000000.0,163889610.0,0.1865825767551459,0.1437801555683546
2024-09-09,2496.0,0,4385,187407000000.0,17486000000.0,13461000000.0,501773000000.0,72145000000.0,163889610.0,0.1865825767551459,0.1437801555683546
2024-09-10,2465.0,0,4385,187407000000.0,17486000000.0,13461000000.0,501773000000.0,72145000000.0,163889610.0,0.1865825767551459,0.1437801555683546
2024-09-11,2366.5,0,4385,187407000000.0,17486000000.0,13461000000.0,501773000000.0,72145000000.0,163889610.0,0.1865825767551459,0.1437801555683546
2024-09-12,2410.0,0,4385,187407000000.0,17486000000.0,13461000000.0,501773000000.0,72145000000.0,163889610.0,0.1865825767551459,0.1437801555683546
2024-09-13,2391.5,0,4385,187407000000.0,17486000000.0,13461000000.0,501773000000.0,72145000000.0,163889610.0,0.1865825767551459,0.1437801555683546
2024-09-17,2497.5,0,4385,187407000000.0,17486000000.0,13461000000.0,501773000000.0,72145000000.0,163889610.0,0.1865825767551459,0.1437801555683546
2024-09-18,2551.5,0,4385,187407000000.0,17486000000.0,13461000000.0,501773000000.0,72145000000.0,163889610.0,0.1865825767551459,0.1437801555683546
2024-09-19,2717.5,0,4385,187407000000.0,17486000000.0,13461000000.0,501773000000.0,72145000000.0,163889610.0,0.1865825767551459,0.1437801555683546
2024-09-20,2684.5,0,4385,187407000000.0,17486000000.0,13461000000.0,501773000000.0,72145000000.0,163889610.0,0.1865825767551459,0.1437801555683546
2024-09-24,2628.0,0,4385,187407000000.0,17486000000.0,13461000000.0,501773000000.0,72145000000.0,163889610.0,0.1865825767551459,0.1437801555683546
2024-09-25,2620.0,0,4385,187407000000.0,17486000000.0,13461000000.0,501773000000.0,72145000000.0,163889610.0,0.1865825767551459,0.1437801555683546
2024-09-26,2609.0,0,4385,187407000000.0,17486000000.0,13461000000.0,501773000000.0,72145000000.0,163889610.0,0.1865825767551459,0.1437801555683546
2024-09-27,2679.5,0,4385,187407000000.0,17486000000.0,13461000000.0,501773000000.0,72145000000.0,163889610.0,0.1865825767551459,0.1437801555683546
2024-09-30,2507.0,0,4385,187407000000.0,17486000000.0,13461000000.0,501773000000.0,72145000000.0,163889610.0,0.1865825767551459,0.1437801555683546
2024-10-01,2494.0,0,4385,187407000000.0,17486000000.0,13461000000.0,501773000000.0,72145000000.0,163889610.0,0.1865825767551459,0.1437801555683546
2024-10-02,2426.5,0,4385,187407000000.0,17486000000.0,13461000000.0,501773000000.0,72145000000.0,163889610.0,0.1865825767551459,0.1437801555683546
2024-10-03,2459.0,0,4385,187407000000.0,17486000000.0,13461000000.0,501773000000.0,72145000000.0,163889610.0,0.1865825767551459,0.1437801555683546
2024-10-04,2589.5,0,4385,187407000000.0,17486000000.0,13461000000.0,501773000000.0,72145000000.0,163889610.0,0.1865825767551459,0.1437801555683546
2024-10-07,2653.0,0,4385,187407000000.0,17486000000.0,13461000000.0,501773000000.0,72145000000.0,163889610.0,0.1865825767551459,0.1437801555683546
2024-10-08,2510.0,0,4385,187407000000.0,17486000000.0,13461000000.0,501773000000.0,72145000000.0,163889610.0,0.1865825767551459,0.1437801555683546
2024-10-09,2569.0,0,4385,187407000000.0,17486000000.0,13461000000.0,501773000000.0,72145000000.0,163889610.0,0.1865825767551459,0.1437801555683546
2024-10-10,2510.5,0,4385,187407000000.0,17486000000.0,13461000000.0,501773000000.0,72145000000.0,163889610.0,0.1865825767551459,0.1437801555683546
2024-10-11,2448.5,0,4385,187407000000.0,17486000000.0,13461000000.0,501773000000.0,72145000000.0,163889610.0,0.1865825767551459,0.1437801555683546
2024-10-15,2551.0,0,4385,187407000000.0,17486000000.0,13461000000.0,501773000000.0,72145000000.0,163889610.0,0.1865825767551459,0.1437801555683546
2024-10-16,2509.0,0,4385,187407000000.0,17486000000.0,13461000000.0,501773000000.0,72145000000.0,163889610.0,0.1865825767551459,0.1437801555683546
2024-10-17,2452.0,0,4385,187407000000.0,17486000000.0,13461000000.0,501773000000.0,72145000000.0,163889610.0,0.1865825767551459,0.1437801555683546
2024-10-18,2389.5,0,4385,187407000000.0,17486000000.0,13461000000.0,501773000000.0,72145000000.0,163889610.0,0.1865825767551459,0.1437801555683546
2024-10-21,2372.0,0,4385,187407000000.0,17486000000.0,13461000000.0,501773000000.0,72145000000.0,163889610.0,0.1865825767551459,0.1437801555683546
2024-10-22,2277.0,0,4385,187407000000.0,17486000000.0,13461000000.0,501773000000.0,72145000000.0,163889610.0,0.1865825767551459,0.1437801555683546
2024-10-23,2166.0,0,4385,187407000000.0,17486000000.0,13461000000.0,501773000000.0,72145000000.0,163889610.0,0.1865825767551459,0.1437801555683546
2024-10-24,2120.0,0,4385,187407000000.0,17486000000.0,13461000000.0,501773000000.0,72145000000.0,163889610.0,0.1865825767551459,0.1437801555683546
2024-10-25,2096.5,0,4385,187407000000.0,17486000000.0,13461000000.0,501773000000.0,72145000000.0,163889610.0,0.1865825767551459,0.1437801555683546
2024-10-28,2090.0,0,4385,187407000000.0,17486000000.0,13461000000.0,501773000000.0,72145000000.0,163889610.0,0.1865825767551459,0.1437801555683546
2024-10-29,2101.5,0,4385,187407000000.0,17486000000.0,13461000000.0,501773000000.0,72145000000.0,163889610.0,0.1865825767551459,0.1437801555683546
2024-10-30,2131.5,0,4385,187407000000.0,17486000000.0,13461000000.0,501773000000.0,72145000000.0,163889610.0,0.1865825767551459,0.1437801555683546
2024-10-31,2159.5,0,4385,187407000000.0,17486000000.0,13461000000.0,501773000000.0,72145000000.0,163889610.0,0.1865825767551459,0.1437801555683546
2024-11-01,2105.0,0,4385,187407000000.0,17486000000.0,13461000000.0,501773000000.0,72145000000.0,163889610.0,0.1865825767551459,0.1437801555683546
2024-11-05,2171.5,0,4385,44924000000.0,4347000000.0,2933000000.0,484669000000.0,74585000000.0,164028578.0,0.039324260910370716,0.15388853011024017
2024-11-06,1824.0,1,4385,44924000000.0,4347000000.0,2933000000.0,484669000000.0,74585000000.0,164028578.0,0.039324260910370716,0.15388853011024017
2024-11-07,1828.5,1,4385,44924000000.0,4347000000.0,2933000000.0,484669000000.0,74585000000.0,164028578.0,0.039324260910370716,0.15388853011024017
2024-11-08,1860.0,1,4385,44924000000.0,4347000000.0,2933000000.0,484669000000.0,74585000000.0,164028578.0,0.039324260910370716,0.15388853011024017
2024-11-11,1848.0,1,4385,44924000000.0,4347000000.0,2933000000.0,484669000000.0,74585000000.0,164028578.0,0.039324260910370716,0.15388853011024017
2024-11-12,1811.5,1,4385,44924000000.0,4347000000.0,2933000000.0,484669000000.0,74585000000.0,164028578.0,0.039324260910370716,0.15388853011024017
2024-11-13,1803.0,1,4385,44924000000.0,4347000000.0,2933000000.0,484669000000.0,74585000000.0,164028578.0,0.039324260910370716,0.15388853011024017
2024-11-14,1914.0,1,4385,44924000000.0,4347000000.0,2933000000.0,484669000000.0,74585000000.0,164028578.0,0.039324260910370716,0.15388853011024017
2024-11-15,1925.0,1,4385,44924000000.0,4347000000.0,2933000000.0,484669000000.0,74585000000.0,164028578.0,0.039324260910370716,0.15388853011024017
2024-11-18,1987.0,1,4385,44924000000.0,4347000000.0,2933000000.0,484669000000.0,74585000000.0,164028578.0,0.039324260910370716,0.15388853011024017
2024-11-19,1970.5,1,4385,44924000000.0,4347000000.0,2933000000.0,484669000000.0,74585000000.0,164028578.0,0.039324260910370716,0.15388853011024017
2024-11-20,2045.0,1,4385,44924000000.0,4347000000.0,2933000000.0,484669000000.0,74585000000.0,164028578.0,0.039324260910370716,0.15388853011024017
2024-11-21,2068.0,1,4385,44924000000.0,4347000000.0,2933000000.0,484669000000.0,74585000000.0,164028578.0,0.039324260910370716,0.15388853011024017
2024-11-22,2097.5,1,4385,44924000000.0,4347000000.0,2933000000.0,484669000000.0,74585000000.0,164028578.0,0.039324260910370716,0.15388853011024017
2024-11-25,2011.0,1,4385,44924000000.0,4347000000.0,2933000000.0,484669000000.0,74585000000.0,164028578.0,0.039324260910370716,0.15388853011024017
2024-11-26,1911.5,1,4385,44924000000.0,4347000000.0,2933000000.0,484669000000.0,74585000000.0,164028578.0,0.039324260910370716,0.15388853011024017
2024-11-27,1920.0,1,4385,44924000000.0,4347000000.0,2933000000.0,484669000000.0,74585000000.0,164028578.0,0.039324260910370716,0.15388853011024017
2024-11-28,1970.5,1,4385,44924000000.0,4347000000.0,2933000000.0,484669000000.0,74585000000.0,164028578.0,0.039324260910370716,0.15388853011024017
2024-11-29,1947.5,1,4385,44924000000.0,4347000000.0,2933000000.0,484669000000.0,74585000000.0,164028578.0,0.039324260910370716,0.15388853011024017
2024-12-02,1925.5,1,4385,44924000000.0,4347000000.0,2933000000.0,484669000000.0,74585000000.0,164028578.0,0.039324260910370716,0.15388853011024017
2024-12-03,1958.0,1,4385,44924000000.0,4347000000.0,2933000000.0,484669000000.0,74585000000.0,164028578.0,0.039324260910370716,0.15388853011024017
2024-12-04,1948.5,1,4385,44924000000.0,4347000000.0,2933000000.0,484669000000.0,74585000000.0,164028578.0,0.039324260910370716,0.15388853011024017
2024-12-05,1908.0,1,4385,44924000000.0,4347000000.0,2933000000.0,484669000000.0,74585000000.0,164028578.0,0.039324260910370716,0.15388853011024017
2024-12-06,1915.5,1,4385,44924000000.0,4347000000.0,2933000000.0,484669000000.0,74585000000.0,164028578.0,0.039324260910370716,0.15388853011024017
2024-12-09,1907.5,1,4385,44924000000.0,4347000000.0,2933000000.0,484669000000.0,74585000000.0,164028578.0,0.039324260910370716,0.15388853011024017
2024-12-10,1882.5,1,4385,44924000000.0,4347000000.0,2933000000.0,484669000000.0,74585000000.0,164028578.0,0.039324260910370716,0.15388853011024017
2024-12-11,1896.0,1,4385,44924000000.0,4347000000.0,2933000000.0,484669000000.0,74585000000.0,164028578.0,0.039324260910370716,0.15388853011024017
2024-12-12,1927.0,1,4385,44924000000.0,4347000000.0,2933000000.0,484669000000.0,74585000000.0,164028578.0,0.039324260910370716,0.15388853011024017
2024-12-13,1918.5,1,4385,44924000000.0,4347000000.0,2933000000.0,484669000000.0,74585000000.0,164028578.0,0.039324260910370716,0.15388853011024017
2024-12-16,1886.5,1,4385,44924000000.0,4347000000.0,2933000000.0,484669000000.0,74585000000.0,164028578.0,0.039324260910370716,0.15388853011024017
2024-12-17,1857.0,1,4385,44924000000.0,4347000000.0,2933000000.0,484669000000.0,74585000000.0,164028578.0,0.039324260910370716,0.15388853011024017
2024-12-18,1839.0,1,4385,44924000000.0,4347000000.0,2933000000.0,484669000000.0,74585000000.0,164028578.0,0.039324260910370716,0.15388853011024017
2024-12-19,1833.0,1,4385,44924000000.0,4347000000.0,2933000000.0,484669000000.0,74585000000.0,164028578.0,0.039324260910370716,0.15388853011024017
2024-12-20,1825.0,1,4385,44924000000.0,4347000000.0,2933000000.0,484669000000.0,74585000000.0,164028578.0,0.039324260910370716,0.15388853011024017
2024-12-23,1830.0,1,4385,44924000000.0,4347000000.0,2933000000.0,484669000000.0,74585000000.0,164028578.0,0.039324260910370716,0.15388853011024017
2024-12-24,1795.5,1,4385,44924000000.0,4347000000.0,2933000000.0,484669000000.0,74585000000.0,164028578.0,0.039324260910370716,0.15388853011024017
2024-12-25,1780.0,1,4385,44924000000.0,4347000000.0,2933000000.0,484669000000.0,74585000000.0,164028578.0,0.039324260910370716,0.15388853011024017
2024-12-26,1772.0,1,4385,44924000000.0,4347000000.0,2933000000.0,484669000000.0,74585000000.0,164028578.0,0.039324260910370716,0.15388853011024017
2024-12-27,1812.0,1,4385,44924000000.0,4347000000.0,2933000000.0,484669000000.0,74585000000.0,164028578.0,0.039324260910370716,0.15388853011024017
2024-12-30,1793.0,1,4385,44924000000.0,4347000000.0,2933000000.0,484669000000.0,74585000000.0,164028578.0,0.039324260910370716,0.15388853011024017
2025-01-06,1720.0,1,4385,44924000000.0,4347000000.0,2933000000.0,484669000000.0,74585000000.0,164028578.0,0.039324260910370716,0.15388853011024017
2025-01-07,1720.5,1,4385,44924000000.0,4347000000.0,2933000000.0,484669000000.0,74585000000.0,164028578.0,0.039324260910370716,0.15388853011024017
2025-01-08,1697.5,1,4385,44924000000.0,4347000000.0,2933000000.0,484669000000.0,74585000000.0,164028578.0,0.039324260910370716,0.15388853011024017
2025-01-09,1701.0,1,4385,44924000000.0,4347000000.0,2933000000.0,484669000000.0,74585000000.0,164028578.0,0.039324260910370716,0.15388853011024017
2025-01-10,1703.0,1,4385,44924000000.0,4347000000.0,2933000000.0,484669000000.0,74585000000.0,164028578.0,0.039324260910370716,0.15388853011024017
2025-01-14,1667.5,1,4385,44924000000.0,4347000000.0,2933000000.0,484669000000.0,74585000000.0,164028578.0,0.039324260910370716,0.15388853011024017
2025-01-15,1684.5,1,4385,44924000000.0,4347000000.0,2933000000.0,484669000000.0,74585000000.0,164028578.0,0.039324260910370716,0.15388853011024017
2025-01-16,1690.0,1,4385,44924000000.0,4347000000.0,2933000000.0,484669000000.0,74585000000.0,164028578.0,0.039324260910370716,0.15388853011024017
2025-01-17,1675.5,1,4385,44924000000.0,4347000000.0,2933000000.0,484669000000.0,74585000000.0,164028578.0,0.039324260910370716,0.15388853011024017
2025-01-20,1740.5,1,4385,44924000000.0,4347000000.0,2933000000.0,484669000000.0,74585000000.0,164028578.0,0.039324260910370716,0.15388853011024017
2025-01-21,1754.0,1,4385,44924000000.0,4347000000.0,2933000000.0,484669000000.0,74585000000.0,164028578.0,0.039324260910370716,0.15388853011024017
2025-01-22,1753.5,1,4385,44924000000.0,4347000000.0,2933000000.0,484669000000.0,74585000000.0,164028578.0,0.039324260910370716,0.15388853011024017
2025-01-23,1782.0,1,4385,44924000000.0,4347000000.0,2933000000.0,484669000000.0,74585000000.0,164028578.0,0.039324260910370716,0.15388853011024017
2025-01-24,1791.5,1,4385,44924000000.0,4347000000.0,2933000000.0,484669000000.0,74585000000.0,164028578.0,0.039324260910370716,0.15388853011024017
2025-01-27,1854.0,1,4385,44924000000.0,4347000000.0,2933000000.0,484669000000.0,74585000000.0,164028578.0,0.039324260910370716,0.15388853011024017
2025-01-28,1920.0,1,4385,44924000000.0,4347000000.0,2933000000.0,484669000000.0,74585000000.0,164028578.0,0.039324260910370716,0.15388853011024017
2025-01-29,1948.5,1,4385,44924000000.0,4347000000.0,2933000000.0,484669000000.0,74585000000.0,164028578.0,0.039324260910370716,0.15388853011024017
2025-01-30,1930.5,1,4385,44924000000.0,4347000000.0,2933000000.0,484669000000.0,74585000000.0,164028578.0,0.039324260910370716,0.15388853011024017
2025-01-31,1888.5,1,4385,44924000000.0,4347000000.0,2933000000.0,484669000000.0,74585000000.0,164028578.0,0.039324260910370716,0.15388853011024017
2025-02-03,1860.5,1,4385,44924000000.0,4347000000.0,2933000000.0,484669000000.0,74585000000.0,164028578.0,0.039324260910370716,0.15388853011024017
2025-02-04,1862.0,1,4385,44924000000.0,4347000000.0,2933000000.0,484669000000.0,74585000000.0,164028578.0,0.039324260910370716,0.15388853011024017
2025-02-05,1870.5,1,4385,44924000000.0,4347000000.0,2933000000.0,484669000000.0,74585000000.0,164028578.0,0.039324260910370716,0.15388853011024017
2025-02-06,1907.0,1,4385,94161000000.0,11413000000.0,7384000000.0,505969000000.0,80681000000.0,164228182.0,0.09152092809955256,0.1594583857904338
2025-02-07,2307.0,1,4385,94161000000.0,11413000000.0,7384000000.0,505969000000.0,80681000000.0,164228182.0,0.09152092809955256,0.1594583857904338
2025-02-10,2361.0,0,4385,94161000000.0,11413000000.0,7384000000.0,505969000000.0,80681000000.0,164228182.0,0.09152092809955256,0.1594583857904338
2025-02-12,2298.0,1,4385,94161000000.0,11413000000.0,7384000000.0,505969000000.0,80681000000.0,164228182.0,0.09152092809955256,0.1594583857904338
2025-02-13,2354.0,0,4385,94161000000.0,11413000000.0,7384000000.0,505969000000.0,80681000000.0,164228182.0,0.09152092809955256,0.1594583857904338
2025-02-14,2389.5,0,4385,94161000000.0,11413000000.0,7384000000.0,505969000000.0,80681000000.0,164228182.0,0.09152092809955256,0.1594583857904338
2025-02-17,2333.0,1,4385,94161000000.0,11413000000.0,7384000000.0,505969000000.0,80681000000.0,164228182.0,0.09152092809955256,0.1594583857904338
2025-02-18,2292.0,1,4385,94161000000.0,11413000000.0,7384000000.0,505969000000.0,80681000000.0,164228182.0,0.09152092809955256,0.1594583857904338
2025-02-19,2310.0,1,4385,94161000000.0,11413000000.0,7384000000.0,505969000000.0,80681000000.0,164228182.0,0.09152092809955256,0.1594583857904338
2025-02-20,2253.0,1,4385,94161000000.0,11413000000.0,7384000000.0,505969000000.0,80681000000.0,164228182.0,0.09152092809955256,0.1594583857904338
2025-02-21,2299.5,1,4385,94161000000.0,11413000000.0,7384000000.0,505969000000.0,80681000000.0,164228182.0,0.09152092809955256,0.1594583857904338
2025-02-25,2335.5,1,4385,94161000000.0,11413000000.0,7384000000.0,505969000000.0,80681000000.0,164228182.0,0.09152092809955256,0.1594583857904338
2025-02-26,2317.0,1,4385,94161000000.0,11413000000.0,7384000000.0,505969000000.0,80681000000.0,164228182.0,0.09152092809955256,0.1594583857904338
2025-02-27,2392.5,0,4385,94161000000.0,11413000000.0,7384000000.0,505969000000.0,80681000000.0,164228182.0,0.09152092809955256,0.1594583857904338
2025-02-28,2339.0,1,4385,94161000000.0,11413000000.0,7384000000.0,505969000000.0,80681000000.0,164228182.0,0.09152092809955256,0.1594583857904338
2025-03-03,2374.0,1,4385,94161000000.0,11413000000.0,7384000000.0,505969000000.0,80681000000.0,164228182.0,0.09152092809955256,0.1594583857904338
2025-03-04,2320.5,1,4385,94161000000.0,11413000000.0,7384000000.0,505969000000.0,80681000000.0,164228182.0,0.09152092809955256,0.1594583857904338
2025-03-05,2323.0,1,4385,94161000000.0,11413000000.0,7384000000.0,505969000000.0,80681000000.0,164228182.0,0.09152092809955256,0.1594583857904338
2025-03-06,2472.0,0,4385,94161000000.0,11413000000.0,7384000000.0,505969000000.0,80681000000.0,164228182.0,0.09152092809955256,0.1594583857904338
2025-03-07,2376.0,1,4385,94161000000.0,11413000000.0,7384000000.0,505969000000.0,80681000000.0,164228182.0,0.09152092809955256,0.1594583857904338
2025-03-10,2373.5,1,4385,94161000000.0,11413000000.0,7384000000.0,505969000000.0,80681000000.0,164228182.0,0.09152092809955256,0.1594583857904338
2025-03-11,2335.5,1,4385,94161000000.0,11413000000.0,7384000000.0,505969000000.0,80681000000.0,164228182.0,0.09152092809955256,0.1594583857904338
2025-03-12,2402.0,1,4385,94161000000.0,11413000000.0,7384000000.0,505969000000.0,80681000000.0,164228182.0,0.09152092809955256,0.1594583857904338
2025-03-13,2373.5,1,4385,94161000000.0,11413000000.0,7384000000.0,505969000000.0,80681000000.0,164228182.0,0.09152092809955256,0.1594583857904338
2025-03-14,2456.5,1,4385,94161000000.0,11413000000.0,7384000000.0,505969000000.0,80681000000.0,164228182.0,0.09152092809955256,0.1594583857904338
2025-03-17,2444.5,1,4385,94161000000.0,11413000000.0,7384000000.0,505969000000.0,80681000000.0,164228182.0,0.09152092809955256,0.1594583857904338
2025-03-18,2575.0,1,4385,94161000000.0,11413000000.0,7384000000.0,505969000000.0,80681000000.0,164228182.0,0.09152092809955256,0.1594583857904338
2025-03-19,2451.0,1,4385,94161000000.0,11413000000.0,7384000000.0,505969000000.0,80681000000.0,164228182.0,0.09152092809955256,0.1594583857904338
2025-03-21,2633.5,1,4385,94161000000.0,11413000000.0,7384000000.0,505969000000.0,80681000000.0,164228182.0,0.09152092809955256,0.1594583857904338
2025-03-24,2640.0,1,4385,94161000000.0,11413000000.0,7384000000.0,505969000000.0,80681000000.0,164228182.0,0.09152092809955256,0.1594583857904338
2025-03-25,2623.0,1,4385,94161000000.0,11413000000.0,7384000000.0,505969000000.0,80681000000.0,164228182.0,0.09152092809955256,0.1594583857904338
2025-03-26,2576.5,1,4385,94161000000.0,11413000000.0,7384000000.0,505969000000.0,80681000000.0,164228182.0,0.09152092809955256,0.1594583857904338
2025-03-27,2477.5,1,4385,94161000000.0,11413000000.0,7384000000.0,505969000000.0,80681000000.0,164228182.0,0.09152092809955256,0.1594583857904338
2025-03-28,2481.0,1,4385,94161000000.0,11413000000.0,7384000000.0,505969000000.0,80681000000.0,164228182.0,0.09152092809955256,0.1594583857904338
2025-03-31,2355.0,1,4385,94161000000.0,11413000000.0,7384000000.0,505969000000.0,80681000000.0,164228182.0,0.09152092809955256,0.1594583857904338
2025-04-01,2326.5,1,4385,94161000000.0,11413000000.0,7384000000.0,505969000000.0,80681000000.0,164228182.0,0.09152092809955256,0.1594583857904338
2025-04-02,2305.0,1,4385,94161000000.0,11413000000.0,7384000000.0,505969000000.0,80681000000.0,164228182.0,0.09152092809955256,0.1594583857904338
2025-04-03,2263.5,1,4385,94161000000.0,11413000000.0,7384000000.0,505969000000.0,80681000000.0,164228182.0,0.09152092809955256,0.1594583857904338
2025-04-04,2159.5,1,4385,94161000000.0,11413000000.0,7384000000.0,505969000000.0,80681000000.0,164228182.0,0.09152092809955256,0.1594583857904338
2025-04-07,1951.0,1,4385,94161000000.0,11413000000.0,7384000000.0,505969000000.0,80681000000.0,164228182.0,0.09152092809955256,0.1594583857904338
2025-04-08,2178.5,1,4385,94161000000.0,11413000000.0,7384000000.0,505969000000.0,80681000000.0,164228182.0,0.09152092809955256,0.1594583857904338
2025-04-09,2052.5,1,4385,94161000000.0,11413000000.0,7384000000.0,505969000000.0,80681000000.0,164228182.0,0.09152092809955256,0.1594583857904338
2025-04-10,2223.5,1,4385,94161000000.0,11413000000.0,7384000000.0,505969000000.0,80681000000.0,164228182.0,0.09152092809955256,0.1594583857904338
2025-04-11,2254.0,1,4385,94161000000.0,11413000000.0,7384000000.0,505969000000.0,80681000000.0,164228182.0,0.09152092809955256,0.1594583857904338
2025-04-14,2240.0,1,4385,94161000000.0,11413000000.0,7384000000.0,505969000000.0,80681000000.0,164228182.0,0.09152092809955256,0.1594583857904338
2025-04-15,2294.0,1,4385,94161000000.0,11413000000.0,7384000000.0,505969000000.0,80681000000.0,164228182.0,0.09152092809955256,0.1594583857904338
2025-04-16,2200.0,1,4385,94161000000.0,11413000000.0,7384000000.0,505969000000.0,80681000000.0,164228182.0,0.09152092809955256,0.1594583857904338
2025-04-17,2255.0,1,4385,94161000000.0,11413000000.0,7384000000.0,505969000000.0,80681000000.0,164228182.0,0.09152092809955256,0.1594583857904338
2025-04-18,2320.0,1,4385,94161000000.0,11413000000.0,7384000000.0,505969000000.0,80681000000.0,164228182.0,0.09152092809955256,0.1594583857904338
2025-04-21,2322.0,1,4385,94161000000.0,11413000000.0,7384000000.0,505969000000.0,80681000000.0,164228182.0,0.09152092809955256,0.1594583857904338
2025-04-22,2320.0,1,4385,94161000000.0,11413000000.0,7384000000.0,505969000000.0,80681000000.0,164228182.0,0.09152092809955256,0.1594583857904338
2025-04-23,2382.0,1,4385,94161000000.0,11413000000.0,7384000000.0,505969000000.0,80681000000.0,164228182.0,0.09152092809955256,0.1594583857904338
2025-04-24,2309.5,1,4385,94161000000.0,11413000000.0,7384000000.0,505969000000.0,80681000000.0,164228182.0,0.09152092809955256,0.1594583857904338
2025-04-25,2290.5,1,4385,94161000000.0,11413000000.0,7384000000.0,505969000000.0,80681000000.0,164228182.0,0.09152092809955256,0.1594583857904338
2025-04-28,2318.5,1,4385,94161000000.0,11413000000.0,7384000000.0,505969000000.0,80681000000.0,164228182.0,0.09152092809955256,0.1594583857904338
2025-04-30,2299.5,0,4385,94161000000.0,11413000000.0,7384000000.0,505969000000.0,80681000000.0,164228182.0,0.09152092809955256,0.1594583857904338
2025-05-01,2303.5,0,4385,94161000000.0,11413000000.0,7384000000.0,505969000000.0,80681000000.0,164228182.0,0.09152092809955256,0.1594583857904338
2025-05-02,2265.0,0,4385,94161000000.0,11413000000.0,7384000000.0,505969000000.0,80681000000.0,164228182.0,0.09152092809955256,0.1594583857904338
2025-05-07,2311.5,0,4385,144067000000.0,20336000000.0,11732000000.0,523097000000.0,84989000000.0,164393732.0,0.13804139359211193,0.1624727345023963
2025-05-08,2398.0,0,4385,144067000000.0,20336000000.0,11732000000.0,523097000000.0,84989000000.0,164393732.0,0.13804139359211193,0.1624727345023963
2025-05-09,2385.5,0,4385,144067000000.0,20336000000.0,11732000000.0,523097000000.0,84989000000.0,164393732.0,0.13804139359211193,0.1624727345023963
2025-05-12,2345.0,0,4385,144067000000.0,20336000000.0,11732000000.0,523097000000.0,84989000000.0,164393732.0,0.13804139359211193,0.1624727345023963
2025-05-13,2341.5,0,4385,144067000000.0,20336000000.0,11732000000.0,523097000000.0,84989000000.0,164393732.0,0.13804139359211193,0.1624727345023963
2025-05-14,2300.0,0,4385,144067000000.0,20336000000.0,11732000000.0,523097000000.0,84989000000.0,164393732.0,0.13804139359211193,0.1624727345023963
2025-05-15,2301.5,0,4385,144067000000.0,20336000000.0,11732000000.0,523097000000.0,84989000000.0,164393732.0,0.13804139359211193,0.1624727345023963
2025-05-16,2343.5,0,4385,144067000000.0,20336000000.0,11732000000.0,523097000000.0,84989000000.0,164393732.0,0.13804139359211193,0.1624727345023963
2025-05-19,2398.0,0,4385,144067000000.0,20336000000.0,11732000000.0,523097000000.0,84989000000.0,164393732.0,0.13804139359211193,0.1624727345023963
2025-05-20,2364.5,0,4385,144067000000.0,20336000000.0,11732000000.0,523097000000.0,84989000000.0,164393732.0,0.13804139359211193,0.1624727345023963
2025-05-21,2385.0,0,4385,144067000000.0,20336000000.0,11732000000.0,523097000000.0,84989000000.0,164393732.0,0.13804139359211193,0.1624727345023963
2025-05-22,2400.0,0,4385,144067000000.0,20336000000.0,11732000000.0,523097000000.0,84989000000.0,164393732.0,0.13804139359211193,0.1624727345023963
2025-05-23,2322.0,0,4385,144067000000.0,20336000000.0,11732000000.0,523097000000.0,84989000000.0,164393732.0,0.13804139359211193,0.1624727345023963
2025-05-26,2351.0,0,4385,144067000000.0,20336000000.0,11732000000.0,523097000000.0,84989000000.0,164393732.0,0.13804139359211193,0.1624727345023963
2025-05-27,2389.5,0,4385,144067000000.0,20336000000.0,11732000000.0,523097000000.0,84989000000.0,164393732.0,0.13804139359211193,0.1624727345023963
2025-05-28,2374.0,0,4385,144067000000.0,20336000000.0,11732000000.0,523097000000.0,84989000000.0,164393732.0,0.13804139359211193,0.1624727345023963
2025-05-29,2346.0,0,4385,144067000000.0,20336000000.0,11732000000.0,523097000000.0,84989000000.0,164393732.0,0.13804139359211193,0.1624727345023963
2025-05-30,2392.5,0,4385,144067000000.0,20336000000.0,11732000000.0,523097000000.0,84989000000.0,164393732.0,0.13804139359211193,0.1624727345023963
2025-06-02,2376.5,0,4385,144067000000.0,20336000000.0,11732000000.0,523097000000.0,84989000000.0,164393732.0,0.13804139359211193,0.1624727345023963
2025-06-03,2396.0,0,4385,144067000000.0,20336000000.0,11732000000.0,523097000000.0,84989000000.0,164393732.0,0.13804139359211193,0.1624727345023963
2025-06-04,2470.0,0,4385,144067000000.0,20336000000.0,11732000000.0,523097000000.0,84989000000.0,164393732.0,0.13804139359211193,0.1624727345023963
2025-06-05,2491.0,0,4385,144067000000.0,20336000000.0,11732000000.0,523097000000.0,84989000000.0,164393732.0,0.13804139359211193,0.1624727345023963
2025-06-06,2600.0,0,4385,144067000000.0,20336000000.0,11732000000.0,523097000000.0,84989000000.0,164393732.0,0.13804139359211193,0.1624727345023963
2025-06-09,2538.5,0,4385,144067000000.0,20336000000.0,11732000000.0,523097000000.0,84989000000.0,164393732.0,0.13804139359211193,0.1624727345023963
2025-06-10,2544.0,0,4385,144067000000.0,20336000000.0,11732000000.0,523097000000.0,84989000000.0,164393732.0,0.13804139359211193,0.1624727345023963
2025-06-11,2563.5,0,4385,144067000000.0,20336000000.0,11732000000.0,523097000000.0,84989000000.0,164393732.0,0.13804139359211193,0.1624727345023963
2025-06-12,2563.5,0,4385,144067000000.0,20336000000.0,11732000000.0,523097000000.0,84989000000.0,164393732.0,0.13804139359211193,0.1624727345023963
2025-06-13,2563.5,0,4385,144067000000.0,20336000000.0,11732000000.0,523097000000.0,84989000000.0,164393732.0,0.13804139359211193,0.1624727345023963
2025-06-16,2680.5,0,4385,144067000000.0,20336000000.0,11732000000.0,523097000000.0,84989000000.0,164393732.0,0.13804139359211193,0.1624727345023963
2025-06-17,2683.5,0,4385,144067000000.0,20336000000.0,11732000000.0,523097000000.0,84989000000.0,164393732.0,0.13804139359211193,0.1624727345023963
2025-06-18,2808.0,0,4385,144067000000.0,20336000000.0,11732000000.0,523097000000.0,84989000000.0,164393732.0,0.13804139359211193,0.1624727345023963
2025-06-19,2858.0,0,4385,144067000000.0,20336000000.0,11732000000.0,523097000000.0,84989000000.0,164393732.0,0.13804139359211193,0.1624727345023963
2025-06-20,2775.0,0,4385,144067000000.0,20336000000.0,11732000000.0,523097000000.0,84989000000.0,164393732.0,0.13804139359211193,0.1624727345023963
2025-06-23,2740.0,0,4385,144067000000.0,20336000000.0,11732000000.0,523097000000.0,84989000000.0,164393732.0,0.13804139359211193,0.1624727345023963
2025-06-24,2686.0,0,4385,144067000000.0,20336000000.0,11732000000.0,523097000000.0,84989000000.0,164393732.0,0.13804139359211193,0.1624727345023963
2025-06-25,2627.0,0,4385,144067000000.0,20336000000.0,11732000000.0,523097000000.0,84989000000.0,164393732.0,0.13804139359211193,0.1624727345023963
2025-06-26,2607.0,0,4385,144067000000.0,20336000000.0,11732000000.0,523097000000.0,84989000000.0,164393732.0,0.13804139359211193,0.1624727345023963
2025-06-27,2611.0,0,4385,144067000000.0,20336000000.0,11732000000.0,523097000000.0,84989000000.0,164393732.0,0.13804139359211193,0.1624727345023963
2025-06-30,2674.0,0,4385,144067000000.0,20336000000.0,11732000000.0,523097000000.0,84989000000.0,164393732.0,0.13804139359211193,0.1624727345023963
2025-07-01,2622.5,0,4385,144067000000.0,20336000000.0,11732000000.0,523097000000.0,84989000000.0,164393732.0,0.13804139359211193,0.1624727345023963
2025-07-02,2544.0,0,4385,144067000000.0,20336000000.0,11732000000.0,523097000000.0,84989000000.0,164393732.0,0.13804139359211193,0.1624727345023963
2025-07-03,2564.0,0,4385,144067000000.0,20336000000.0,11732000000.0,523097000000.0,84989000000.0,164393732.0,0.13804139359211193,0.1624727345023963
2025-07-04,2611.0,0,4385,144067000000.0,20336000000.0,11732000000.0,523097000000.0,84989000000.0,164393732.0,0.13804139359211193,0.1624727345023963
2025-07-07,2585.5,0,4385,144067000000.0,20336000000.0,11732000000.0,523097000000.0,84989000000.0,164393732.0,0.13804139359211193,0.1624727345023963
2025-07-08,2615.0,0,4385,144067000000.0,20336000000.0,11732000000.0,523097000000.0,84989000000.0,164393732.0,0.13804139359211193,0.1624727345023963
2025-07-09,2616.0,0,4385,144067000000.0,20336000000.0,11732000000.0,523097000000.0,84989000000.0,164393732.0,0.13804139359211193,0.1624727345023963
2025-07-10,2559.0,0,4385,144067000000.0,20336000000.0,11732000000.0,523097000000.0,84989000000.0,164393732.0,0.13804139359211193,0.1624727345023963
2025-07-11,2558.0,0,4385,144067000000.0,20336000000.0,11732000000.0,523097000000.0,84989000000.0,164393732.0,0.13804139359211193,0.1624727345023963
2025-07-14,2420.0,0,4385,144067000000.0,20336000000.0,11732000000.0,523097000000.0,84989000000.0,164393732.0,0.13804139359211193,0.1624727345023963
2025-07-15,2428.5,0,4385,144067000000.0,20336000000.0,11732000000.0,523097000000.0,84989000000.0,164393732.0,0.13804139359211193,0.1624727345023963
2025-07-16,2376.0,0,4385,144067000000.0,20336000000.0,11732000000.0,523097000000.0,84989000000.0,164393732.0,0.13804139359211193,0.1624727345023963
2025-07-17,2423.0,0,4385,144067000000.0,20336000000.0,11732000000.0,523097000000.0,84989000000.0,164393732.0,0.13804139359211193,0.1624727345023963
2025-07-18,2375.5,0,4385,144067000000.0,20336000000.0,11732000000.0,523097000000.0,84989000000.0,164393732.0,0.13804139359211193,0.1624727345023963
2025-07-22,2431.5,0,4385,144067000000.0,20336000000.0,11732000000.0,523097000000.0,84989000000.0,164393732.0,0.13804139359211193,0.1624727345023963
2025-07-23,2448.5,0,4385,144067000000.0,20336000000.0,11732000000.0,523097000000.0,84989000000.0,164393732.0,0.13804139359211193,0.1624727345023963
2025-07-24,2416.0,0,4385,144067000000.0,20336000000.0,11732000000.0,523097000000.0,84989000000.0,164393732.0,0.13804139359211193,0.1624727345023963
2025-07-25,2347.0,0,4385,144067000000.0,20336000000.0,11732000000.0,523097000000.0,84989000000.0,164393732.0,0.13804139359211193,0.1624727345023963
2023-08-01,1546.0,0,4443,,,,,,,,
2023-08-02,1486.5,0,4443,,,,,,,,
2023-08-03,1442.0,0,4443,,,,,,,,
2023-08-04,1419.5,0,4443,,,,,,,,
2023-08-07,1441.0,0,4443,,,,,,,,
2023-08-08,1377.0,0,4443,,,,,,,,
2023-08-09,1381.0,0,4443,,,,,,,,
2023-08-10,1360.5,1,4443,,,,,,,,
2023-08-14,1337.0,1,4443,,,,,,,,
2023-08-15,1364.5,0,4443,,,,,,,,
2023-08-16,1318.0,1,4443,,,,,,,,
2023-08-17,1332.5,1,4443,,,,,,,,
2023-08-18,1303.5,1,4443,,,,,,,,
2023-08-21,1305.0,1,4443,,,,,,,,
2023-08-22,1319.0,1,4443,,,,,,,,
2023-08-23,1339.5,1,4443,,,,,,,,
2023-08-24,1327.5,1,4443,,,,,,,,
2023-08-25,1391.0,1,4443,,,,,,,,
2023-08-28,1347.5,1,4443,,,,,,,,
2023-08-29,1440.5,1,4443,,,,,,,,
2023-08-30,1436.0,1,4443,,,,,,,,
2023-08-31,1452.0,1,4443,,,,,,,,
2023-09-01,1419.5,1,4443,,,,,,,,
2023-09-04,1370.0,1,4443,,,,,,,,
2023-09-05,1388.0,1,4443,,,,,,,,
2023-09-06,1412.0,1,4443,,,,,,,,
2023-09-07,1394.5,1,4443,,,,,,,,
2023-09-08,1406.5,1,4443,,,,,,,,
2023-09-11,1387.0,1,4443,,,,,,,,
2023-09-12,1383.0,1,4443,,,,,,,,
2023-09-13,1364.0,1,4443,,,,,,,,
2023-09-14,1342.5,1,4443,,,,,,,,
2023-09-15,1350.5,1,4443,,,,,,,,
2023-09-19,1331.5,1,4443,,,,,,,,
2023-09-20,1306.0,1,4443,,,,,,,,
2023-09-21,1267.5,1,4443,,,,,,,,
2023-09-22,1245.5,1,4443,,,,,,,,
2023-09-25,1267.5,1,4443,,,,,,,,
2023-09-26,1230.0,1,4443,,,,,,,,
2023-09-27,1230.0,1,4443,,,,,,,,
2023-09-28,1240.0,1,4443,,,,,,,,
2023-09-29,1258.0,1,4443,,,,,,,,
2023-10-02,1211.0,1,4443,,,,,,,,
2023-10-03,1192.0,1,4443,,,,,,,,
2023-10-04,1155.0,1,4443,,,,,,,,
2023-10-05,1201.0,1,4443,,,,,,,,
2023-10-06,1200.0,1,4443,,,,,,,,
2023-10-10,1226.0,1,4443,,,,,,,,
2023-10-11,1230.0,1,4443,,,,,,,,
2023-10-12,1300.5,1,4443,7504000000.0,120000000.0,25000000.0,31625000000.0,13427000000.0,125530452.0,0.001861920011916288,0.42456916996047434
2023-10-13,1250.0,1,4443,7504000000.0,120000000.0,25000000.0,31625000000.0,13427000000.0,125530452.0,0.001861920011916288,0.42456916996047434
2023-10-16,1120.0,1,4443,7504000000.0,120000000.0,25000000.0,31625000000.0,13427000000.0,125530452.0,0.001861920011916288,0.42456916996047434
2023-10-17,1150.0,1,4443,7504000000.0,120000000.0,25000000.0,31625000000.0,13427000000.0,125530452.0,0.001861920011916288,0.42456916996047434
2023-10-18,1188.0,1,4443,7504000000.0,120000000.0,25000000.0,31625000000.0,13427000000.0,125530452.0,0.001861920011916288,0.42456916996047434
2023-10-19,1143.0,1,4443,7504000000.0,120000000.0,25000000.0,31625000000.0,13427000000.0,125530452.0,0.001861920011916288,0.42456916996047434
2023-10-20,1102.0,1,4443,7504000000.0,120000000.0,25000000.0,31625000000.0,13427000000.0,125530452.0,0.001861920011916288,0.42456916996047434
2023-10-23,1100.0,1,4443,7504000000.0,120000000.0,25000000.0,31625000000.0,13427000000.0,125530452.0,0.001861920011916288,0.42456916996047434
2023-10-24,1160.0,1,4443,7504000000.0,120000000.0,25000000.0,31625000000.0,13427000000.0,125530452.0,0.001861920011916288,0.42456916996047434
2023-10-25,1151.5,1,4443,7504000000.0,120000000.0,25000000.0,31625000000.0,13427000000.0,125530452.0,0.001861920011916288,0.42456916996047434
2023-10-26,1135.5,1,4443,7504000000.0,120000000.0,25000000.0,31625000000.0,13427000000.0,125530452.0,0.001861920011916288,0.42456916996047434
2023-10-27,1164.0,1,4443,7504000000.0,120000000.0,25000000.0,31625000000.0,13427000000.0,125530452.0,0.001861920011916288,0.42456916996047434
2023-10-30,1156.5,1,4443,7504000000.0,120000000.0,25000000.0,31625000000.0,13427000000.0,125530452.0,0.001861920011916288,0.42456916996047434
2023-10-31,1189.0,1,4443,7504000000.0,120000000.0,25000000.0,31625000000.0,13427000000.0,125530452.0,0.001861920011916288,0.42456916996047434
2023-11-01,1203.0,1,4443,7504000000.0,120000000.0,25000000.0,31625000000.0,13427000000.0,125530452.0,0.001861920011916288,0.42456916996047434
2023-11-02,1278.0,1,4443,7504000000.0,120000000.0,25000000.0,31625000000.0,13427000000.0,125530452.0,0.001861920011916288,0.42456916996047434
2023-11-06,1356.0,1,4443,7504000000.0,120000000.0,25000000.0,31625000000.0,13427000000.0,125530452.0,0.001861920011916288,0.42456916996047434
2023-11-07,1344.0,1,4443,7504000000.0,120000000.0,25000000.0,31625000000.0,13427000000.0,125530452.0,0.001861920011916288,0.42456916996047434
2023-11-08,1377.0,1,4443,7504000000.0,120000000.0,25000000.0,31625000000.0,13427000000.0,125530452.0,0.001861920011916288,0.42456916996047434
2023-11-09,1400.0,1,4443,7504000000.0,120000000.0,25000000.0,31625000000.0,13427000000.0,125530452.0,0.001861920011916288,0.42456916996047434
2023-11-10,1353.0,1,4443,7504000000.0,120000000.0,25000000.0,31625000000.0,13427000000.0,125530452.0,0.001861920011916288,0.42456916996047434
2023-11-13,1364.0,1,4443,7504000000.0,120000000.0,25000000.0,31625000000.0,13427000000.0,125530452.0,0.001861920011916288,0.42456916996047434
2023-11-14,1354.0,1,4443,7504000000.0,120000000.0,25000000.0,31625000000.0,13427000000.0,125530452.0,0.001861920011916288,0.42456916996047434
2023-11-15,1406.0,0,4443,7504000000.0,120000000.0,25000000.0,31625000000.0,13427000000.0,125530452.0,0.001861920011916288,0.42456916996047434
2023-11-16,1407.0,1,4443,7504000000.0,120000000.0,25000000.0,31625000000.0,13427000000.0,125530452.0,0.001861920011916288,0.42456916996047434
2023-11-17,1395.0,1,4443,7504000000.0,120000000.0,25000000.0,31625000000.0,13427000000.0,125530452.0,0.001861920011916288,0.42456916996047434
2023-11-20,1454.0,1,4443,7504000000.0,120000000.0,25000000.0,31625000000.0,13427000000.0,125530452.0,0.001861920011916288,0.42456916996047434
2023-11-21,1475.0,1,4443,7504000000.0,120000000.0,25000000.0,31625000000.0,13427000000.0,125530452.0,0.001861920011916288,0.42456916996047434
2023-11-22,1444.0,1,4443,7504000000.0,120000000.0,25000000.0,31625000000.0,13427000000.0,125530452.0,0.001861920011916288,0.42456916996047434
2023-11-24,1473.0,1,4443,7504000000.0,120000000.0,25000000.0,31625000000.0,13427000000.0,125530452.0,0.001861920011916288,0.42456916996047434
2023-11-27,1460.0,1,4443,7504000000.0,120000000.0,25000000.0,31625000000.0,13427000000.0,125530452.0,0.001861920011916288,0.42456916996047434
2023-11-28,1470.0,1,4443,7504000000.0,120000000.0,25000000.0,31625000000.0,13427000000.0,125530452.0,0.001861920011916288,0.42456916996047434
2023-11-29,1515.0,1,4443,7504000000.0,120000000.0,25000000.0,31625000000.0,13427000000.0,125530452.0,0.001861920011916288,0.42456916996047434
2023-11-30,1546.0,1,4443,7504000000.0,120000000.0,25000000.0,31625000000.0,13427000000.0,125530452.0,0.001861920011916288,0.42456916996047434
2023-12-01,1554.0,1,4443,7504000000.0,120000000.0,25000000.0,31625000000.0,13427000000.0,125530452.0,0.001861920011916288,0.42456916996047434
2023-12-04,1597.0,1,4443,7504000000.0,120000000.0,25000000.0,31625000000.0,13427000000.0,125530452.0,0.001861920011916288,0.42456916996047434
2023-12-05,1568.0,1,4443,7504000000.0,120000000.0,25000000.0,31625000000.0,13427000000.0,125530452.0,0.001861920011916288,0.42456916996047434
2023-12-06,1573.0,1,4443,7504000000.0,120000000.0,25000000.0,31625000000.0,13427000000.0,125530452.0,0.001861920011916288,0.42456916996047434
2023-12-07,1531.0,1,4443,7504000000.0,120000000.0,25000000.0,31625000000.0,13427000000.0,125530452.0,0.001861920011916288,0.42456916996047434
2023-12-08,1485.0,1,4443,7504000000.0,120000000.0,25000000.0,31625000000.0,13427000000.0,125530452.0,0.001861920011916288,0.42456916996047434
2023-12-11,1522.0,1,4443,7504000000.0,120000000.0,25000000.0,31625000000.0,13427000000.0,125530452.0,0.001861920011916288,0.42456916996047434
2023-12-12,1496.0,1,4443,7504000000.0,120000000.0,25000000.0,31625000000.0,13427000000.0,125530452.0,0.001861920011916288,0.42456916996047434
2023-12-13,1503.0,1,4443,7504000000.0,120000000.0,25000000.0,31625000000.0,13427000000.0,125530452.0,0.001861920011916288,0.42456916996047434
2023-12-14,1553.0,1,4443,7504000000.0,120000000.0,25000000.0,31625000000.0,13427000000.0,125530452.0,0.001861920011916288,0.42456916996047434
2023-12-15,1611.0,1,4443,7504000000.0,120000000.0,25000000.0,31625000000.0,13427000000.0,125530452.0,0.001861920011916288,0.42456916996047434
2023-12-18,1617.0,1,4443,7504000000.0,120000000.0,25000000.0,31625000000.0,13427000000.0,125530452.0,0.001861920011916288,0.42456916996047434
2023-12-19,1636.0,1,4443,7504000000.0,120000000.0,25000000.0,31625000000.0,13427000000.0,125530452.0,0.001861920011916288,0.42456916996047434
2023-12-20,1616.0,1,4443,7504000000.0,120000000.0,25000000.0,31625000000.0,13427000000.0,125530452.0,0.001861920011916288,0.42456916996047434
2023-12-21,1607.0,1,4443,7504000000.0,120000000.0,25000000.0,31625000000.0,13427000000.0,125530452.0,0.001861920011916288,0.42456916996047434
2023-12-22,1606.0,1,4443,7504000000.0,120000000.0,25000000.0,31625000000.0,13427000000.0,125530452.0,0.001861920011916288,0.42456916996047434
2023-12-25,1610.0,1,4443,7504000000.0,120000000.0,25000000.0,31625000000.0,13427000000.0,125530452.0,0.001861920011916288,0.42456916996047434
2023-12-26,1589.0,1,4443,7504000000.0,120000000.0,25000000.0,31625000000.0,13427000000.0,125530452.0,0.001861920011916288,0.42456916996047434
2023-12-27,1604.0,1,4443,7504000000.0,120000000.0,25000000.0,31625000000.0,13427000000.0,125530452.0,0.001861920011916288,0.42456916996047434
2023-12-28,1607.0,1,4443,7504000000.0,120000000.0,25000000.0,31625000000.0,13427000000.0,125530452.0,0.001861920011916288,0.42456916996047434
2023-12-29,1599.0,1,4443,7504000000.0,120000000.0,25000000.0,31625000000.0,13427000000.0,125530452.0,0.001861920011916288,0.42456916996047434
2024-01-04,1571.0,1,4443,7504000000.0,120000000.0,25000000.0,31625000000.0,13427000000.0,125530452.0,0.001861920011916288,0.42456916996047434
2024-01-05,1470.0,1,4443,7504000000.0,120000000.0,25000000.0,31625000000.0,13427000000.0,125530452.0,0.001861920011916288,0.42456916996047434
2024-01-09,1476.0,1,4443,7504000000.0,120000000.0,25000000.0,31625000000.0,13427000000.0,125530452.0,0.001861920011916288,0.42456916996047434
2024-01-10,1495.0,1,4443,7504000000.0,120000000.0,25000000.0,31625000000.0,13427000000.0,125530452.0,0.001861920011916288,0.42456916996047434
2024-01-11,1485.0,1,4443,7504000000.0,120000000.0,25000000.0,31625000000.0,13427000000.0,125530452.0,0.001861920011916288,0.42456916996047434
2024-01-12,1496.0,1,4443,15726000000.0,312000000.0,143000000.0,31312000000.0,13695000000.0,125639668.0,0.010441767068273093,0.43737225344915687
2024-01-15,1430.0,1,4443,15726000000.0,312000000.0,143000000.0,31312000000.0,13695000000.0,125639668.0,0.010441767068273093,0.43737225344915687
2024-01-16,1430.0,1,4443,15726000000.0,312000000.0,143000000.0,31312000000.0,13695000000.0,125639668.0,0.010441767068273093,0.43737225344915687
2024-01-17,1339.0,1,4443,15726000000.0,312000000.0,143000000.0,31312000000.0,13695000000.0,125639668.0,0.010441767068273093,0.43737225344915687
2024-01-18,1289.0,1,4443,15726000000.0,312000000.0,143000000.0,31312000000.0,13695000000.0,125639668.0,0.010441767068273093,0.43737225344915687
2024-01-19,1340.0,1,4443,15726000000.0,312000000.0,143000000.0,31312000000.0,13695000000.0,125639668.0,0.010441767068273093,0.43737225344915687
2024-01-22,1405.0,0,4443,15726000000.0,312000000.0,143000000.0,31312000000.0,13695000000.0,125639668.0,0.010441767068273093,0.43737225344915687
2024-01-23,1412.0,0,4443,15726000000.0,312000000.0,143000000.0,31312000000.0,13695000000.0,125639668.0,0.010441767068273093,0.43737225344915687
2024-01-24,1399.0,1,4443,15726000000.0,312000000.0,143000000.0,31312000000.0,13695000000.0,125639668.0,0.010441767068273093,0.43737225344915687
2024-01-25,1385.0,1,4443,15726000000.0,312000000.0,143000000.0,31312000000.0,13695000000.0,125639668.0,0.010441767068273093,0.43737225344915687
2024-01-26,1386.0,1,4443,15726000000.0,312000000.0,143000000.0,31312000000.0,13695000000.0,125639668.0,0.010441767068273093,0.43737225344915687
2024-01-29,1382.0,1,4443,15726000000.0,312000000.0,143000000.0,31312000000.0,13695000000.0,125639668.0,0.010441767068273093,0.43737225344915687
2024-01-30,1400.0,1,4443,15726000000.0,312000000.0,143000000.0,31312000000.0,13695000000.0,125639668.0,0.010441767068273093,0.43737225344915687
2024-01-31,1391.0,1,4443,15726000000.0,312000000.0,143000000.0,31312000000.0,13695000000.0,125639668.0,0.010441767068273093,0.43737225344915687
2024-02-01,1400.0,1,4443,15726000000.0,312000000.0,143000000.0,31312000000.0,13695000000.0,125639668.0,0.010441767068273093,0.43737225344915687
2024-02-02,1392.0,1,4443,15726000000.0,312000000.0,143000000.0,31312000000.0,13695000000.0,125639668.0,0.010441767068273093,0.43737225344915687
2024-02-05,1481.0,1,4443,15726000000.0,312000000.0,143000000.0,31312000000.0,13695000000.0,125639668.0,0.010441767068273093,0.43737225344915687
2024-02-06,1427.0,1,4443,15726000000.0,312000000.0,143000000.0,31312000000.0,13695000000.0,125639668.0,0.010441767068273093,0.43737225344915687
2024-02-07,1409.0,1,4443,15726000000.0,312000000.0,143000000.0,31312000000.0,13695000000.0,125639668.0,0.010441767068273093,0.43737225344915687
2024-02-08,1432.0,1,4443,15726000000.0,312000000.0,143000000.0,31312000000.0,13695000000.0,125639668.0,0.010441767068273093,0.43737225344915687
2024-02-09,1490.0,1,4443,15726000000.0,312000000.0,143000000.0,31312000000.0,13695000000.0,125639668.0,0.010441767068273093,0.43737225344915687
2024-02-13,1447.0,1,4443,15726000000.0,312000000.0,143000000.0,31312000000.0,13695000000.0,125639668.0,0.010441767068273093,0.43737225344915687
2024-02-14,1377.0,1,4443,15726000000.0,312000000.0,143000000.0,31312000000.0,13695000000.0,125639668.0,0.010441767068273093,0.43737225344915687
2024-02-15,1390.0,1,4443,15726000000.0,312000000.0,143000000.0,31312000000.0,13695000000.0,125639668.0,0.010441767068273093,0.43737225344915687
2024-02-16,1506.0,1,4443,15726000000.0,312000000.0,143000000.0,31312000000.0,13695000000.0,125639668.0,0.010441767068273093,0.43737225344915687
2024-02-19,1512.0,1,4443,15726000000.0,312000000.0,143000000.0,31312000000.0,13695000000.0,125639668.0,0.010441767068273093,0.43737225344915687
2024-02-20,1514.0,1,4443,15726000000.0,312000000.0,143000000.0,31312000000.0,13695000000.0,125639668.0,0.010441767068273093,0.43737225344915687
2024-02-21,1493.0,1,4443,15726000000.0,312000000.0,143000000.0,31312000000.0,13695000000.0,125639668.0,0.010441767068273093,0.43737225344915687
2024-02-22,1531.0,1,4443,15726000000.0,312000000.0,143000000.0,31312000000.0,13695000000.0,125639668.0,0.010441767068273093,0.43737225344915687
2024-02-26,1647.0,0,4443,15726000000.0,312000000.0,143000000.0,31312000000.0,13695000000.0,125639668.0,0.010441767068273093,0.43737225344915687
2024-02-27,1687.0,0,4443,15726000000.0,312000000.0,143000000.0,31312000000.0,13695000000.0,125639668.0,0.010441767068273093,0.43737225344915687
2024-02-28,1773.0,0,4443,15726000000.0,312000000.0,143000000.0,31312000000.0,13695000000.0,125639668.0,0.010441767068273093,0.43737225344915687
2024-02-29,1781.0,0,4443,15726000000.0,312000000.0,143000000.0,31312000000.0,13695000000.0,125639668.0,0.010441767068273093,0.43737225344915687
2024-03-01,1806.0,0,4443,15726000000.0,312000000.0,143000000.0,31312000000.0,13695000000.0,125639668.0,0.010441767068273093,0.43737225344915687
2024-03-04,1804.0,0,4443,15726000000.0,312000000.0,143000000.0,31312000000.0,13695000000.0,125639668.0,0.010441767068273093,0.43737225344915687
2024-03-05,1762.0,0,4443,15726000000.0,312000000.0,143000000.0,31312000000.0,13695000000.0,125639668.0,0.010441767068273093,0.43737225344915687
2024-03-06,1748.0,0,4443,15726000000.0,312000000.0,143000000.0,31312000000.0,13695000000.0,125639668.0,0.010441767068273093,0.43737225344915687
2024-03-07,1729.0,0,4443,15726000000.0,312000000.0,143000000.0,31312000000.0,13695000000.0,125639668.0,0.010441767068273093,0.43737225344915687
2024-03-08,1686.0,0,4443,15726000000.0,312000000.0,143000000.0,31312000000.0,13695000000.0,125639668.0,0.010441767068273093,0.43737225344915687
2024-03-11,1726.0,0,4443,15726000000.0,312000000.0,143000000.0,31312000000.0,13695000000.0,125639668.0,0.010441767068273093,0.43737225344915687
2024-03-12,1762.0,0,4443,15726000000.0,312000000.0,143000000.0,31312000000.0,13695000000.0,125639668.0,0.010441767068273093,0.43737225344915687
2024-03-13,1750.0,0,4443,15726000000.0,312000000.0,143000000.0,31312000000.0,13695000000.0,125639668.0,0.010441767068273093,0.43737225344915687
2024-03-14,1739.0,0,4443,15726000000.0,312000000.0,143000000.0,31312000000.0,13695000000.0,125639668.0,0.010441767068273093,0.43737225344915687
2024-03-15,1727.0,0,4443,15726000000.0,312000000.0,143000000.0,31312000000.0,13695000000.0,125639668.0,0.010441767068273093,0.43737225344915687
2024-03-18,1755.0,0,4443,15726000000.0,312000000.0,143000000.0,31312000000.0,13695000000.0,125639668.0,0.010441767068273093,0.43737225344915687
2024-03-19,1800.0,0,4443,15726000000.0,312000000.0,143000000.0,31312000000.0,13695000000.0,125639668.0,0.010441767068273093,0.43737225344915687
2024-03-21,1784.0,0,4443,15726000000.0,312000000.0,143000000.0,31312000000.0,13695000000.0,125639668.0,0.010441767068273093,0.43737225344915687
2024-03-22,1791.0,0,4443,15726000000.0,312000000.0,143000000.0,31312000000.0,13695000000.0,125639668.0,0.010441767068273093,0.43737225344915687
2024-03-25,1756.0,0,4443,15726000000.0,312000000.0,143000000.0,31312000000.0,13695000000.0,125639668.0,0.010441767068273093,0.43737225344915687
2024-03-26,1730.0,0,4443,15726000000.0,312000000.0,143000000.0,31312000000.0,13695000000.0,125639668.0,0.010441767068273093,0.43737225344915687
2024-03-27,1739.0,0,4443,15726000000.0,312000000.0,143000000.0,31312000000.0,13695000000.0,125639668.0,0.010441767068273093,0.43737225344915687
2024-03-28,1732.0,1,4443,15726000000.0,312000000.0,143000000.0,31312000000.0,13695000000.0,125639668.0,0.010441767068273093,0.43737225344915687
2024-03-29,1757.0,0,4443,15726000000.0,312000000.0,143000000.0,31312000000.0,13695000000.0,125639668.0,0.010441767068273093,0.43737225344915687
2024-04-01,1728.0,1,4443,15726000000.0,312000000.0,143000000.0,31312000000.0,13695000000.0,125639668.0,0.010441767068273093,0.43737225344915687
2024-04-02,1691.0,1,4443,15726000000.0,312000000.0,143000000.0,31312000000.0,13695000000.0,125639668.0,0.010441767068273093,0.43737225344915687
2024-04-03,1660.0,1,4443,15726000000.0,312000000.0,143000000.0,31312000000.0,13695000000.0,125639668.0,0.010441767068273093,0.43737225344915687
2024-04-04,1720.0,1,4443,15726000000.0,312000000.0,143000000.0,31312000000.0,13695000000.0,125639668.0,0.010441767068273093,0.43737225344915687
2024-04-05,1721.0,1,4443,15726000000.0,312000000.0,143000000.0,31312000000.0,13695000000.0,125639668.0,0.010441767068273093,0.43737225344915687
2024-04-08,1732.0,1,4443,15726000000.0,312000000.0,143000000.0,31312000000.0,13695000000.0,125639668.0,0.010441767068273093,0.43737225344915687
2024-04-09,1773.0,1,4443,15726000000.0,312000000.0,143000000.0,31312000000.0,13695000000.0,125639668.0,0.010441767068273093,0.43737225344915687
2024-04-10,1743.0,1,4443,15726000000.0,312000000.0,143000000.0,31312000000.0,13695000000.0,125639668.0,0.010441767068273093,0.43737225344915687
2024-04-11,1682.0,1,4443,24234000000.0,738000000.0,539000000.0,32823000000.0,14338000000.0,125781264.0,0.037592411772911144,0.43682783414069404
2024-04-12,1535.0,1,4443,24234000000.0,738000000.0,539000000.0,32823000000.0,14338000000.0,125781264.0,0.037592411772911144,0.43682783414069404
2024-04-15,1411.0,1,4443,24234000000.0,738000000.0,539000000.0,32823000000.0,14338000000.0,125781264.0,0.037592411772911144,0.43682783414069404
2024-04-16,1445.0,1,4443,24234000000.0,738000000.0,539000000.0,32823000000.0,14338000000.0,125781264.0,0.037592411772911144,0.43682783414069404
2024-04-17,1380.0,1,4443,24234000000.0,738000000.0,539000000.0,32823000000.0,14338000000.0,125781264.0,0.037592411772911144,0.43682783414069404
2024-04-18,1401.0,1,4443,24234000000.0,738000000.0,539000000.0,32823000000.0,14338000000.0,125781264.0,0.037592411772911144,0.43682783414069404
2024-04-19,1373.0,1,4443,24234000000.0,738000000.0,539000000.0,32823000000.0,14338000000.0,125781264.0,0.037592411772911144,0.43682783414069404
2024-04-22,1405.0,1,4443,24234000000.0,738000000.0,539000000.0,32823000000.0,14338000000.0,125781264.0,0.037592411772911144,0.43682783414069404
2024-04-23,1400.0,1,4443,24234000000.0,738000000.0,539000000.0,32823000000.0,14338000000.0,125781264.0,0.037592411772911144,0.43682783414069404
2024-04-24,1467.0,1,4443,24234000000.0,738000000.0,539000000.0,32823000000.0,14338000000.0,125781264.0,0.037592411772911144,0.43682783414069404
2024-04-25,1447.0,1,4443,24234000000.0,738000000.0,539000000.0,32823000000.0,14338000000.0,125781264.0,0.037592411772911144,0.43682783414069404
2024-04-26,1472.0,1,4443,24234000000.0,738000000.0,539000000.0,32823000000.0,14338000000.0,125781264.0,0.037592411772911144,0.43682783414069404
2024-04-30,1472.0,1,4443,24234000000.0,738000000.0,539000000.0,32823000000.0,14338000000.0,125781264.0,0.037592411772911144,0.43682783414069404
2024-05-01,1471.0,1,4443,24234000000.0,738000000.0,539000000.0,32823000000.0,14338000000.0,125781264.0,0.037592411772911144,0.43682783414069404
2024-05-02,1484.0,1,4443,24234000000.0,738000000.0,539000000.0,32823000000.0,14338000000.0,125781264.0,0.037592411772911144,0.43682783414069404
2024-05-07,1563.0,1,4443,24234000000.0,738000000.0,539000000.0,32823000000.0,14338000000.0,125781264.0,0.037592411772911144,0.43682783414069404
2024-05-08,1566.0,1,4443,24234000000.0,738000000.0,539000000.0,32823000000.0,14338000000.0,125781264.0,0.037592411772911144,0.43682783414069404
2024-05-09,1513.0,1,4443,24234000000.0,738000000.0,539000000.0,32823000000.0,14338000000.0,125781264.0,0.037592411772911144,0.43682783414069404
2024-05-10,1463.0,1,4443,24234000000.0,738000000.0,539000000.0,32823000000.0,14338000000.0,125781264.0,0.037592411772911144,0.43682783414069404
2024-05-13,1525.0,1,4443,24234000000.0,738000000.0,539000000.0,32823000000.0,14338000000.0,125781264.0,0.037592411772911144,0.43682783414069404
2024-05-14,1568.0,1,4443,24234000000.0,738000000.0,539000000.0,32823000000.0,14338000000.0,125781264.0,0.037592411772911144,0.43682783414069404
2024-05-15,1590.0,1,4443,24234000000.0,738000000.0,539000000.0,32823000000.0,14338000000.0,125781264.0,0.037592411772911144,0.43682783414069404
2024-05-16,1599.0,1,4443,24234000000.0,738000000.0,539000000.0,32823000000.0,14338000000.0,125781264.0,0.037592411772911144,0.43682783414069404
2024-05-17,1562.0,1,4443,24234000000.0,738000000.0,539000000.0,32823000000.0,14338000000.0,125781264.0,0.037592411772911144,0.43682783414069404
2024-05-20,1570.0,1,4443,24234000000.0,738000000.0,539000000.0,32823000000.0,14338000000.0,125781264.0,0.037592411772911144,0.43682783414069404
2024-05-21,1593.0,1,4443,24234000000.0,738000000.0,539000000.0,32823000000.0,14338000000.0,125781264.0,0.037592411772911144,0.43682783414069404
2024-05-22,1570.0,1,4443,24234000000.0,738000000.0,539000000.0,32823000000.0,14338000000.0,125781264.0,0.037592411772911144,0.43682783414069404
2024-05-23,1580.0,1,4443,24234000000.0,738000000.0,539000000.0,32823000000.0,14338000000.0,125781264.0,0.037592411772911144,0.43682783414069404
2024-05-24,1591.0,1,4443,24234000000.0,738000000.0,539000000.0,32823000000.0,14338000000.0,125781264.0,0.037592411772911144,0.43682783414069404
2024-05-27,1615.0,1,4443,24234000000.0,738000000.0,539000000.0,32823000000.0,14338000000.0,125781264.0,0.037592411772911144,0.43682783414069404
2024-05-28,1630.0,1,4443,24234000000.0,738000000.0,539000000.0,32823000000.0,14338000000.0,125781264.0,0.037592411772911144,0.43682783414069404
2024-05-29,1603.0,1,4443,24234000000.0,738000000.0,539000000.0,32823000000.0,14338000000.0,125781264.0,0.037592411772911144,0.43682783414069404
2024-05-30,1644.0,1,4443,24234000000.0,738000000.0,539000000.0,32823000000.0,14338000000.0,125781264.0,0.037592411772911144,0.43682783414069404
2024-05-31,1616.0,1,4443,24234000000.0,738000000.0,539000000.0,32823000000.0,14338000000.0,125781264.0,0.037592411772911144,0.43682783414069404
2024-06-03,1603.0,1,4443,24234000000.0,738000000.0,539000000.0,32823000000.0,14338000000.0,125781264.0,0.037592411772911144,0.43682783414069404
2024-06-04,1654.0,1,4443,24234000000.0,738000000.0,539000000.0,32823000000.0,14338000000.0,125781264.0,0.037592411772911144,0.43682783414069404
2024-06-05,1635.0,1,4443,24234000000.0,738000000.0,539000000.0,32823000000.0,14338000000.0,125781264.0,0.037592411772911144,0.43682783414069404
2024-06-06,1629.0,1,4443,24234000000.0,738000000.0,539000000.0,32823000000.0,14338000000.0,125781264.0,0.037592411772911144,0.43682783414069404
2024-06-07,1648.0,1,4443,24234000000.0,738000000.0,539000000.0,32823000000.0,14338000000.0,125781264.0,0.037592411772911144,0.43682783414069404
2024-06-10,1603.0,1,4443,24234000000.0,738000000.0,539000000.0,32823000000.0,14338000000.0,125781264.0,0.037592411772911144,0.43682783414069404
2024-06-11,1628.0,1,4443,24234000000.0,738000000.0,539000000.0,32823000000.0,14338000000.0,125781264.0,0.037592411772911144,0.43682783414069404
2024-06-12,1628.0,1,4443,24234000000.0,738000000.0,539000000.0,32823000000.0,14338000000.0,125781264.0,0.037592411772911144,0.43682783414069404
2024-06-13,1680.0,1,4443,24234000000.0,738000000.0,539000000.0,32823000000.0,14338000000.0,125781264.0,0.037592411772911144,0.43682783414069404
2024-06-14,1678.0,1,4443,24234000000.0,738000000.0,539000000.0,32823000000.0,14338000000.0,125781264.0,0.037592411772911144,0.43682783414069404
2024-06-17,1683.0,1,4443,24234000000.0,738000000.0,539000000.0,32823000000.0,14338000000.0,125781264.0,0.037592411772911144,0.43682783414069404
2024-06-18,1675.0,1,4443,24234000000.0,738000000.0,539000000.0,32823000000.0,14338000000.0,125781264.0,0.037592411772911144,0.43682783414069404
2024-06-19,1670.0,1,4443,24234000000.0,738000000.0,539000000.0,32823000000.0,14338000000.0,125781264.0,0.037592411772911144,0.43682783414069404
2024-06-20,1691.0,1,4443,24234000000.0,738000000.0,539000000.0,32823000000.0,14338000000.0,125781264.0,0.037592411772911144,0.43682783414069404
2024-06-21,1679.0,1,4443,24234000000.0,738000000.0,539000000.0,32823000000.0,14338000000.0,125781264.0,0.037592411772911144,0.43682783414069404
2024-06-24,1698.0,1,4443,24234000000.0,738000000.0,539000000.0,32823000000.0,14338000000.0,125781264.0,0.037592411772911144,0.43682783414069404
2024-06-25,1741.0,1,4443,24234000000.0,738000000.0,539000000.0,32823000000.0,14338000000.0,125781264.0,0.037592411772911144,0.43682783414069404
2024-06-26,1740.0,1,4443,24234000000.0,738000000.0,539000000.0,32823000000.0,14338000000.0,125781264.0,0.037592411772911144,0.43682783414069404
2024-06-27,1729.0,1,4443,24234000000.0,738000000.0,539000000.0,32823000000.0,14338000000.0,125781264.0,0.037592411772911144,0.43682783414069404
2024-06-28,1730.0,1,4443,24234000000.0,738000000.0,539000000.0,32823000000.0,14338000000.0,125781264.0,0.037592411772911144,0.43682783414069404
2024-07-01,1697.0,1,4443,24234000000.0,738000000.0,539000000.0,32823000000.0,14338000000.0,125781264.0,0.037592411772911144,0.43682783414069404
2024-07-02,1730.0,1,4443,24234000000.0,738000000.0,539000000.0,32823000000.0,14338000000.0,125781264.0,0.037592411772911144,0.43682783414069404
2024-07-03,1730.0,1,4443,24234000000.0,738000000.0,539000000.0,32823000000.0,14338000000.0,125781264.0,0.037592411772911144,0.43682783414069404
2024-07-04,1734.0,1,4443,24234000000.0,738000000.0,539000000.0,32823000000.0,14338000000.0,125781264.0,0.037592411772911144,0.43682783414069404
2024-07-05,1778.0,1,4443,24234000000.0,738000000.0,539000000.0,32823000000.0,14338000000.0,125781264.0,0.037592411772911144,0.43682783414069404
2024-07-08,1789.0,1,4443,24234000000.0,738000000.0,539000000.0,32823000000.0,14338000000.0,125781264.0,0.037592411772911144,0.43682783414069404
2024-07-09,1793.0,1,4443,24234000000.0,738000000.0,539000000.0,32823000000.0,14338000000.0,125781264.0,0.037592411772911144,0.43682783414069404
2024-07-10,1783.0,1,4443,24234000000.0,738000000.0,539000000.0,32823000000.0,14338000000.0,125781264.0,0.037592411772911144,0.43682783414069404
2024-07-11,1730.0,1,4443,33878000000.0,1337000000.0,953000000.0,37592000000.0,14772000000.0,125835416.0,0.06451394530192256,0.3929559480740583
2024-07-12,2130.0,1,4443,33878000000.0,1337000000.0,953000000.0,37592000000.0,14772000000.0,125835416.0,0.06451394530192256,0.3929559480740583
2024-07-16,2317.0,0,4443,33878000000.0,1337000000.0,953000000.0,37592000000.0,14772000000.0,125835416.0,0.06451394530192256,0.3929559480740583
2024-07-17,2357.0,0,4443,33878000000.0,1337000000.0,953000000.0,37592000000.0,14772000000.0,125835416.0,0.06451394530192256,0.3929559480740583
2024-07-18,2242.0,0,4443,33878000000.0,1337000000.0,953000000.0,37592000000.0,14772000000.0,125835416.0,0.06451394530192256,0.3929559480740583
2024-07-19,2270.0,0,4443,33878000000.0,1337000000.0,953000000.0,37592000000.0,14772000000.0,125835416.0,0.06451394530192256,0.3929559480740583
2024-07-22,2303.0,1,4443,33878000000.0,1337000000.0,953000000.0,37592000000.0,14772000000.0,125835416.0,0.06451394530192256,0.3929559480740583
2024-07-23,2316.0,0,4443,33878000000.0,1337000000.0,953000000.0,37592000000.0,14772000000.0,125835416.0,0.06451394530192256,0.3929559480740583
2024-07-24,2330.0,0,4443,33878000000.0,1337000000.0,953000000.0,37592000000.0,14772000000.0,125835416.0,0.06451394530192256,0.3929559480740583
2024-07-25,2247.0,1,4443,33878000000.0,1337000000.0,953000000.0,37592000000.0,14772000000.0,125835416.0,0.06451394530192256,0.3929559480740583
2024-07-26,2257.0,0,4443,33878000000.0,1337000000.0,953000000.0,37592000000.0,14772000000.0,125835416.0,0.06451394530192256,0.3929559480740583
2024-07-29,2308.0,0,4443,33878000000.0,1337000000.0,953000000.0,37592000000.0,14772000000.0,125835416.0,0.06451394530192256,0.3929559480740583
2024-07-30,2251.0,0,4443,33878000000.0,1337000000.0,953000000.0,37592000000.0,14772000000.0,125835416.0,0.06451394530192256,0.3929559480740583
2024-07-31,2256.0,0,4443,33878000000.0,1337000000.0,953000000.0,37592000000.0,14772000000.0,125835416.0,0.06451394530192256,0.3929559480740583
2024-08-01,2158.0,1,4443,33878000000.0,1337000000.0,953000000.0,37592000000.0,14772000000.0,125835416.0,0.06451394530192256,0.3929559480740583
2024-08-02,1953.0,1,4443,33878000000.0,1337000000.0,953000000.0,37592000000.0,14772000000.0,125835416.0,0.06451394530192256,0.3929559480740583
2024-08-05,1858.0,1,4443,33878000000.0,1337000000.0,953000000.0,37592000000.0,14772000000.0,125835416.0,0.06451394530192256,0.3929559480740583
2024-08-06,2019.0,1,4443,33878000000.0,1337000000.0,953000000.0,37592000000.0,14772000000.0,125835416.0,0.06451394530192256,0.3929559480740583
2024-08-07,1980.0,1,4443,33878000000.0,1337000000.0,953000000.0,37592000000.0,14772000000.0,125835416.0,0.06451394530192256,0.3929559480740583
2024-08-08,2020.0,1,4443,33878000000.0,1337000000.0,953000000.0,37592000000.0,14772000000.0,125835416.0,0.06451394530192256,0.3929559480740583
2024-08-09,2024.0,1,4443,33878000000.0,1337000000.0,953000000.0,37592000000.0,14772000000.0,125835416.0,0.06451394530192256,0.3929559480740583
2024-08-13,2019.0,1,4443,33878000000.0,1337000000.0,953000000.0,37592000000.0,14772000000.0,125835416.0,0.06451394530192256,0.3929559480740583
2024-08-14,2040.0,1,4443,33878000000.0,1337000000.0,953000000.0,37592000000.0,14772000000.0,125835416.0,0.06451394530192256,0.3929559480740583
2024-08-15,2013.0,1,4443,33878000000.0,1337000000.0,953000000.0,37592000000.0,14772000000.0,125835416.0,0.06451394530192256,0.3929559480740583
2024-08-16,2024.0,1,4443,33878000000.0,1337000000.0,953000000.0,37592000000.0,14772000000.0,125835416.0,0.06451394530192256,0.3929559480740583
2024-08-19,1998.0,1,4443,33878000000.0,1337000000.0,953000000.0,37592000000.0,14772000000.0,125835416.0,0.06451394530192256,0.3929559480740583
2024-08-20,2077.0,0,4443,33878000000.0,1337000000.0,953000000.0,37592000000.0,14772000000.0,125835416.0,0.06451394530192256,0.3929559480740583
2024-08-21,2069.0,0,4443,33878000000.0,1337000000.0,953000000.0,37592000000.0,14772000000.0,125835416.0,0.06451394530192256,0.3929559480740583
2024-08-22,2144.0,0,4443,33878000000.0,1337000000.0,953000000.0,37592000000.0,14772000000.0,125835416.0,0.06451394530192256,0.3929559480740583
2024-08-23,2261.0,0,4443,33878000000.0,1337000000.0,953000000.0,37592000000.0,14772000000.0,125835416.0,0.06451394530192256,0.3929559480740583
2024-08-26,2454.0,0,4443,33878000000.0,1337000000.0,953000000.0,37592000000.0,14772000000.0,125835416.0,0.06451394530192256,0.3929559480740583
2024-08-27,2427.0,0,4443,33878000000.0,1337000000.0,953000000.0,37592000000.0,14772000000.0,125835416.0,0.06451394530192256,0.3929559480740583
2024-08-28,2337.0,0,4443,33878000000.0,1337000000.0,953000000.0,37592000000.0,14772000000.0,125835416.0,0.06451394530192256,0.3929559480740583
2024-08-29,2226.0,0,4443,33878000000.0,1337000000.0,953000000.0,37592000000.0,14772000000.0,125835416.0,0.06451394530192256,0.3929559480740583
2024-08-30,2190.0,0,4443,33878000000.0,1337000000.0,953000000.0,37592000000.0,14772000000.0,125835416.0,0.06451394530192256,0.3929559480740583
2024-09-02,2227.0,0,4443,33878000000.0,1337000000.0,953000000.0,37592000000.0,14772000000.0,125835416.0,0.06451394530192256,0.3929559480740583
2024-09-03,2174.0,0,4443,33878000000.0,1337000000.0,953000000.0,37592000000.0,14772000000.0,125835416.0,0.06451394530192256,0.3929559480740583
2024-09-04,2181.0,0,4443,33878000000.0,1337000000.0,953000000.0,37592000000.0,14772000000.0,125835416.0,0.06451394530192256,0.3929559480740583
2024-09-05,2298.0,0,4443,33878000000.0,1337000000.0,953000000.0,37592000000.0,14772000000.0,125835416.0,0.06451394530192256,0.3929559480740583
2024-09-06,2297.0,0,4443,33878000000.0,1337000000.0,953000000.0,37592000000.0,14772000000.0,125835416.0,0.06451394530192256,0.3929559480740583
2024-09-09,2333.0,0,4443,33878000000.0,1337000000.0,953000000.0,37592000000.0,14772000000.0,125835416.0,0.06451394530192256,0.3929559480740583
2024-09-10,2346.0,0,4443,33878000000.0,1337000000.0,953000000.0,37592000000.0,14772000000.0,125835416.0,0.06451394530192256,0.3929559480740583
2024-09-11,2310.0,0,4443,33878000000.0,1337000000.0,953000000.0,37592000000.0,14772000000.0,125835416.0,0.06451394530192256,0.3929559480740583
2024-09-12,2318.0,0,4443,33878000000.0,1337000000.0,953000000.0,37592000000.0,14772000000.0,125835416.0,0.06451394530192256,0.3929559480740583
2024-09-13,2303.0,1,4443,33878000000.0,1337000000.0,953000000.0,37592000000.0,14772000000.0,125835416.0,0.06451394530192256,0.3929559480740583
2024-09-17,2277.0,1,4443,33878000000.0,1337000000.0,953000000.0,37592000000.0,14772000000.0,125835416.0,0.06451394530192256,0.3929559480740583
2024-09-18,2242.0,1,4443,33878000000.0,1337000000.0,953000000.0,37592000000.0,14772000000.0,125835416.0,0.06451394530192256,0.3929559480740583
2024-09-19,2233.0,1,4443,33878000000.0,1337000000.0,953000000.0,37592000000.0,14772000000.0,125835416.0,0.06451394530192256,0.3929559480740583
2024-09-20,2221.0,1,4443,33878000000.0,1337000000.0,953000000.0,37592000000.0,14772000000.0,125835416.0,0.06451394530192256,0.3929559480740583
2024-09-24,2192.0,1,4443,33878000000.0,1337000000.0,953000000.0,37592000000.0,14772000000.0,125835416.0,0.06451394530192256,0.3929559480740583
2024-09-25,2100.0,1,4443,33878000000.0,1337000000.0,953000000.0,37592000000.0,14772000000.0,125835416.0,0.06451394530192256,0.3929559480740583
2024-09-26,2135.0,1,4443,33878000000.0,1337000000.0,953000000.0,37592000000.0,14772000000.0,125835416.0,0.06451394530192256,0.3929559480740583
2024-09-27,2207.0,1,4443,33878000000.0,1337000000.0,953000000.0,37592000000.0,14772000000.0,125835416.0,0.06451394530192256,0.3929559480740583
2024-09-30,2149.0,1,4443,33878000000.0,1337000000.0,953000000.0,37592000000.0,14772000000.0,125835416.0,0.06451394530192256,0.3929559480740583
2024-10-01,2131.0,1,4443,33878000000.0,1337000000.0,953000000.0,37592000000.0,14772000000.0,125835416.0,0.06451394530192256,0.3929559480740583
2024-10-02,2002.0,1,4443,33878000000.0,1337000000.0,953000000.0,37592000000.0,14772000000.0,125835416.0,0.06451394530192256,0.3929559480740583
2024-10-03,2058.0,1,4443,33878000000.0,1337000000.0,953000000.0,37592000000.0,14772000000.0,125835416.0,0.06451394530192256,0.3929559480740583
2024-10-04,2124.0,0,4443,33878000000.0,1337000000.0,953000000.0,37592000000.0,14772000000.0,125835416.0,0.06451394530192256,0.3929559480740583
2024-10-07,2152.0,0,4443,33878000000.0,1337000000.0,953000000.0,37592000000.0,14772000000.0,125835416.0,0.06451394530192256,0.3929559480740583
2024-10-08,2156.0,0,4443,33878000000.0,1337000000.0,953000000.0,37592000000.0,14772000000.0,125835416.0,0.06451394530192256,0.3929559480740583
2024-10-09,2227.0,0,4443,33878000000.0,1337000000.0,953000000.0,37592000000.0,14772000000.0,125835416.0,0.06451394530192256,0.3929559480740583
2024-10-10,2200.0,1,4443,33878000000.0,1337000000.0,953000000.0,37592000000.0,14772000000.0,125835416.0,0.06451394530192256,0.3929559480740583
2024-10-11,2225.0,1,4443,9584000000.0,-325000000.0,-372000000.0,38448000000.0,14732000000.0,126109596.0,-0.025251153950583763,0.38316687473990846
2024-10-15,2166.0,1,4443,9584000000.0,-325000000.0,-372000000.0,38448000000.0,14732000000.0,126109596.0,-0.025251153950583763,0.38316687473990846
2024-10-16,2128.0,1,4443,9584000000.0,-325000000.0,-372000000.0,38448000000.0,14732000000.0,126109596.0,-0.025251153950583763,0.38316687473990846
2024-10-17,2175.0,1,4443,9584000000.0,-325000000.0,-372000000.0,38448000000.0,14732000000.0,126109596.0,-0.025251153950583763,0.38316687473990846
2024-10-18,2347.0,1,4443,9584000000.0,-325000000.0,-372000000.0,38448000000.0,14732000000.0,126109596.0,-0.025251153950583763,0.38316687473990846
2024-10-21,2315.0,1,4443,9584000000.0,-325000000.0,-372000000.0,38448000000.0,14732000000.0,126109596.0,-0.025251153950583763,0.38316687473990846
2024-10-22,2279.0,1,4443,9584000000.0,-325000000.0,-372000000.0,38448000000.0,14732000000.0,126109596.0,-0.025251153950583763,0.38316687473990846
2024-10-23,2265.0,1,4443,9584000000.0,-325000000.0,-372000000.0,38448000000.0,14732000000.0,126109596.0,-0.025251153950583763,0.38316687473990846
2024-10-24,2200.0,1,4443,9584000000.0,-325000000.0,-372000000.0,38448000000.0,14732000000.0,126109596.0,-0.025251153950583763,0.38316687473990846
2024-10-25,2105.0,1,4443,9584000000.0,-325000000.0,-372000000.0,38448000000.0,14732000000.0,126109596.0,-0.025251153950583763,0.38316687473990846
2024-10-28,2172.0,1,4443,9584000000.0,-325000000.0,-372000000.0,38448000000.0,14732000000.0,126109596.0,-0.025251153950583763,0.38316687473990846
2024-10-29,2221.0,1,4443,9584000000.0,-325000000.0,-372000000.0,38448000000.0,14732000000.0,126109596.0,-0.025251153950583763,0.38316687473990846
2024-10-30,2185.0,1,4443,9584000000.0,-325000000.0,-372000000.0,38448000000.0,14732000000.0,126109596.0,-0.025251153950583763,0.38316687473990846
2024-10-31,2253.0,1,4443,9584000000.0,-325000000.0,-372000000.0,38448000000.0,14732000000.0,126109596.0,-0.025251153950583763,0.38316687473990846
2024-11-01,2229.0,1,4443,9584000000.0,-325000000.0,-372000000.0,38448000000.0,14732000000.0,126109596.0,-0.025251153950583763,0.38316687473990846
2024-11-05,2246.0,1,4443,9584000000.0,-325000000.0,-372000000.0,38448000000.0,14732000000.0,126109596.0,-0.025251153950583763,0.38316687473990846
2024-11-06,2319.0,1,4443,9584000000.0,-325000000.0,-372000000.0,38448000000.0,14732000000.0,126109596.0,-0.025251153950583763,0.38316687473990846
2024-11-07,2164.0,1,4443,9584000000.0,-325000000.0,-372000000.0,38448000000.0,14732000000.0,126109596.0,-0.025251153950583763,0.38316687473990846
2024-11-08,2282.0,1,4443,9584000000.0,-325000000.0,-372000000.0,38448000000.0,14732000000.0,126109596.0,-0.025251153950583763,0.38316687473990846
2024-11-11,2278.0,1,4443,9584000000.0,-325000000.0,-372000000.0,38448000000.0,14732000000.0,126109596.0,-0.025251153950583763,0.38316687473990846
2024-11-12,2156.0,1,4443,9584000000.0,-325000000.0,-372000000.0,38448000000.0,14732000000.0,126109596.0,-0.025251153950583763,0.38316687473990846
2024-11-13,2122.0,1,4443,9584000000.0,-325000000.0,-372000000.0,38448000000.0,14732000000.0,126109596.0,-0.025251153950583763,0.38316687473990846
2024-11-14,2106.0,1,4443,9584000000.0,-325000000.0,-372000000.0,38448000000.0,14732000000.0,126109596.0,-0.025251153950583763,0.38316687473990846
2024-11-15,2029.0,1,4443,9584000000.0,-325000000.0,-372000000.0,38448000000.0,14732000000.0,126109596.0,-0.025251153950583763,0.38316687473990846
2024-11-18,1986.0,1,4443,9584000000.0,-325000000.0,-372000000.0,38448000000.0,14732000000.0,126109596.0,-0.025251153950583763,0.38316687473990846
2024-11-19,1968.0,1,4443,9584000000.0,-325000000.0,-372000000.0,38448000000.0,14732000000.0,126109596.0,-0.025251153950583763,0.38316687473990846
2024-11-20,1975.0,1,4443,9584000000.0,-325000000.0,-372000000.0,38448000000.0,14732000000.0,126109596.0,-0.025251153950583763,0.38316687473990846
2024-11-21,1969.0,1,4443,9584000000.0,-325000000.0,-372000000.0,38448000000.0,14732000000.0,126109596.0,-0.025251153950583763,0.38316687473990846
2024-11-22,2016.0,1,4443,9584000000.0,-325000000.0,-372000000.0,38448000000.0,14732000000.0,126109596.0,-0.025251153950583763,0.38316687473990846
2024-11-25,2011.0,1,4443,9584000000.0,-325000000.0,-372000000.0,38448000000.0,14732000000.0,126109596.0,-0.025251153950583763,0.38316687473990846
2024-11-26,2029.0,1,4443,9584000000.0,-325000000.0,-372000000.0,38448000000.0,14732000000.0,126109596.0,-0.025251153950583763,0.38316687473990846
2024-11-27,2057.0,0,4443,9584000000.0,-325000000.0,-372000000.0,38448000000.0,14732000000.0,126109596.0,-0.025251153950583763,0.38316687473990846
2024-11-28,2053.0,1,4443,9584000000.0,-325000000.0,-372000000.0,38448000000.0,14732000000.0,126109596.0,-0.025251153950583763,0.38316687473990846
2024-11-29,2108.0,0,4443,9584000000.0,-325000000.0,-372000000.0,38448000000.0,14732000000.0,126109596.0,-0.025251153950583763,0.38316687473990846
2024-12-02,2135.0,0,4443,9584000000.0,-325000000.0,-372000000.0,38448000000.0,14732000000.0,126109596.0,-0.025251153950583763,0.38316687473990846
2024-12-03,2168.0,0,4443,9584000000.0,-325000000.0,-372000000.0,38448000000.0,14732000000.0,126109596.0,-0.025251153950583763,0.38316687473990846
2024-12-04,2178.0,0,4443,9584000000.0,-325000000.0,-372000000.0,38448000000.0,14732000000.0,126109596.0,-0.025251153950583763,0.38316687473990846
2024-12-05,2172.0,0,4443,9584000000.0,-325000000.0,-372000000.0,38448000000.0,14732000000.0,126109596.0,-0.025251153950583763,0.38316687473990846
2024-12-06,2156.0,0,4443,9584000000.0,-325000000.0,-372000000.0,38448000000.0,14732000000.0,126109596.0,-0.025251153950583763,0.38316687473990846
2024-12-09,2245.0,0,4443,9584000000.0,-325000000.0,-372000000.0,38448000000.0,14732000000.0,126109596.0,-0.025251153950583763,0.38316687473990846
2024-12-10,2289.0,0,4443,9584000000.0,-325000000.0,-372000000.0,38448000000.0,14732000000.0,126109596.0,-0.025251153950583763,0.38316687473990846
2024-12-11,2257.0,0,4443,9584000000.0,-325000000.0,-372000000.0,38448000000.0,14732000000.0,126109596.0,-0.025251153950583763,0.38316687473990846
2024-12-12,2366.0,0,4443,9584000000.0,-325000000.0,-372000000.0,38448000000.0,14732000000.0,126109596.0,-0.025251153950583763,0.38316687473990846
2024-12-13,2389.0,0,4443,9584000000.0,-325000000.0,-372000000.0,38448000000.0,14732000000.0,126109596.0,-0.025251153950583763,0.38316687473990846
2024-12-16,2390.0,0,4443,9584000000.0,-325000000.0,-372000000.0,38448000000.0,14732000000.0,126109596.0,-0.025251153950583763,0.38316687473990846
2024-12-17,2455.0,0,4443,9584000000.0,-325000000.0,-372000000.0,38448000000.0,14732000000.0,126109596.0,-0.025251153950583763,0.38316687473990846
2024-12-18,2426.0,0,4443,9584000000.0,-325000000.0,-372000000.0,38448000000.0,14732000000.0,126109596.0,-0.025251153950583763,0.38316687473990846
2024-12-19,2407.0,0,4443,9584000000.0,-325000000.0,-372000000.0,38448000000.0,14732000000.0,126109596.0,-0.025251153950583763,0.38316687473990846
2024-12-20,2385.0,0,4443,9584000000.0,-325000000.0,-372000000.0,38448000000.0,14732000000.0,126109596.0,-0.025251153950583763,0.38316687473990846
2024-12-23,2380.0,0,4443,9584000000.0,-325000000.0,-372000000.0,38448000000.0,14732000000.0,126109596.0,-0.025251153950583763,0.38316687473990846
2024-12-24,2345.0,0,4443,9584000000.0,-325000000.0,-372000000.0,38448000000.0,14732000000.0,126109596.0,-0.025251153950583763,0.38316687473990846
2024-12-25,2289.0,0,4443,9584000000.0,-325000000.0,-372000000.0,38448000000.0,14732000000.0,126109596.0,-0.025251153950583763,0.38316687473990846
2024-12-26,2270.0,0,4443,9584000000.0,-325000000.0,-372000000.0,38448000000.0,14732000000.0,126109596.0,-0.025251153950583763,0.38316687473990846
2024-12-27,2327.0,0,4443,9584000000.0,-325000000.0,-372000000.0,38448000000.0,14732000000.0,126109596.0,-0.025251153950583763,0.38316687473990846
2024-12-30,2295.0,0,4443,9584000000.0,-325000000.0,-372000000.0,38448000000.0,14732000000.0,126109596.0,-0.025251153950583763,0.38316687473990846
2025-01-06,2123.0,0,4443,9584000000.0,-325000000.0,-372000000.0,38448000000.0,14732000000.0,126109596.0,-0.025251153950583763,0.38316687473990846
2025-01-07,2128.0,0,4443,9584000000.0,-325000000.0,-372000000.0,38448000000.0,14732000000.0,126109596.0,-0.025251153950583763,0.38316687473990846
2025-01-08,2136.0,0,4443,9584000000.0,-325000000.0,-372000000.0,38448000000.0,14732000000.0,126109596.0,-0.025251153950583763,0.38316687473990846
2025-01-09,2199.0,0,4443,9584000000.0,-325000000.0,-372000000.0,38448000000.0,14732000000.0,126109596.0,-0.025251153950583763,0.38316687473990846
2025-01-10,2445.0,0,4443,9584000000.0,-325000000.0,-372000000.0,38448000000.0,14732000000.0,126109596.0,-0.025251153950583763,0.38316687473990846
2025-01-14,2450.0,0,4443,20058000000.0,183000000.0,320000000.0,38858000000.0,15688000000.0,126268044.0,0.02039775624681285,0.40372638838849145
2025-01-15,2345.0,0,4443,20058000000.0,183000000.0,320000000.0,38858000000.0,15688000000.0,126268044.0,0.02039775624681285,0.40372638838849145
2025-01-16,2215.0,0,4443,20058000000.0,183000000.0,320000000.0,38858000000.0,15688000000.0,126268044.0,0.02039775624681285,0.40372638838849145
2025-01-17,2239.0,0,4443,20058000000.0,183000000.0,320000000.0,38858000000.0,15688000000.0,126268044.0,0.02039775624681285,0.40372638838849145
2025-01-20,2378.0,0,4443,20058000000.0,183000000.0,320000000.0,38858000000.0,15688000000.0,126268044.0,0.02039775624681285,0.40372638838849145
2025-01-21,2330.0,0,4443,20058000000.0,183000000.0,320000000.0,38858000000.0,15688000000.0,126268044.0,0.02039775624681285,0.40372638838849145
2025-01-22,2299.0,0,4443,20058000000.0,183000000.0,320000000.0,38858000000.0,15688000000.0,126268044.0,0.02039775624681285,0.40372638838849145
2025-01-23,2308.0,0,4443,20058000000.0,183000000.0,320000000.0,38858000000.0,15688000000.0,126268044.0,0.02039775624681285,0.40372638838849145
2025-01-24,2356.0,0,4443,20058000000.0,183000000.0,320000000.0,38858000000.0,15688000000.0,126268044.0,0.02039775624681285,0.40372638838849145
2025-01-27,2385.0,0,4443,20058000000.0,183000000.0,320000000.0,38858000000.0,15688000000.0,126268044.0,0.02039775624681285,0.40372638838849145
2025-01-28,2433.0,0,4443,20058000000.0,183000000.0,320000000.0,38858000000.0,15688000000.0,126268044.0,0.02039775624681285,0.40372638838849145
2025-01-29,2524.0,0,4443,20058000000.0,183000000.0,320000000.0,38858000000.0,15688000000.0,126268044.0,0.02039775624681285,0.40372638838849145
2025-01-30,2489.0,0,4443,20058000000.0,183000000.0,320000000.0,38858000000.0,15688000000.0,126268044.0,0.02039775624681285,0.40372638838849145
2025-01-31,2440.0,0,4443,20058000000.0,183000000.0,320000000.0,38858000000.0,15688000000.0,126268044.0,0.02039775624681285,0.40372638838849145
2025-02-03,2420.0,0,4443,20058000000.0,183000000.0,320000000.0,38858000000.0,15688000000.0,126268044.0,0.02039775624681285,0.40372638838849145
2025-02-04,2432.0,0,4443,20058000000.0,183000000.0,320000000.0,38858000000.0,15688000000.0,126268044.0,0.02039775624681285,0.40372638838849145
2025-02-05,2449.0,0,4443,20058000000.0,183000000.0,320000000.0,38858000000.0,15688000000.0,126268044.0,0.02039775624681285,0.40372638838849145
2025-02-06,2484.0,0,4443,20058000000.0,183000000.0,320000000.0,38858000000.0,15688000000.0,126268044.0,0.02039775624681285,0.40372638838849145
2025-02-07,2491.0,0,4443,20058000000.0,183000000.0,320000000.0,38858000000.0,15688000000.0,126268044.0,0.02039775624681285,0.40372638838849145
2025-02-10,2460.0,0,4443,20058000000.0,183000000.0,320000000.0,38858000000.0,15688000000.0,126268044.0,0.02039775624681285,0.40372638838849145
2025-02-12,2481.0,0,4443,20058000000.0,183000000.0,320000000.0,38858000000.0,15688000000.0,126268044.0,0.02039775624681285,0.40372638838849145
2025-02-13,2491.0,0,4443,20058000000.0,183000000.0,320000000.0,38858000000.0,15688000000.0,126268044.0,0.02039775624681285,0.40372638838849145
2025-02-14,2508.0,0,4443,20058000000.0,183000000.0,320000000.0,38858000000.0,15688000000.0,126268044.0,0.02039775624681285,0.40372638838849145
2025-02-17,2500.0,0,4443,20058000000.0,183000000.0,320000000.0,38858000000.0,15688000000.0,126268044.0,0.02039775624681285,0.40372638838849145
2025-02-18,2459.0,0,4443,20058000000.0,183000000.0,320000000.0,38858000000.0,15688000000.0,126268044.0,0.02039775624681285,0.40372638838849145
2025-02-19,2378.0,0,4443,20058000000.0,183000000.0,320000000.0,38858000000.0,15688000000.0,126268044.0,0.02039775624681285,0.40372638838849145
2025-02-20,2385.0,0,4443,20058000000.0,183000000.0,320000000.0,38858000000.0,15688000000.0,126268044.0,0.02039775624681285,0.40372638838849145
2025-02-21,2340.0,0,4443,20058000000.0,183000000.0,320000000.0,38858000000.0,15688000000.0,126268044.0,0.02039775624681285,0.40372638838849145
2025-02-25,2280.0,0,4443,20058000000.0,183000000.0,320000000.0,38858000000.0,15688000000.0,126268044.0,0.02039775624681285,0.40372638838849145
2025-02-26,2201.0,0,4443,20058000000.0,183000000.0,320000000.0,38858000000.0,15688000000.0,126268044.0,0.02039775624681285,0.40372638838849145
2025-02-27,2130.0,0,4443,20058000000.0,183000000.0,320000000.0,38858000000.0,15688000000.0,126268044.0,0.02039775624681285,0.40372638838849145
2025-02-28,2047.0,0,4443,20058000000.0,183000000.0,320000000.0,38858000000.0,15688000000.0,126268044.0,0.02039775624681285,0.40372638838849145
2025-03-03,2126.0,0,4443,20058000000.0,183000000.0,320000000.0,38858000000.0,15688000000.0,126268044.0,0.02039775624681285,0.40372638838849145
2025-03-04,2084.0,0,4443,20058000000.0,183000000.0,320000000.0,38858000000.0,15688000000.0,126268044.0,0.02039775624681285,0.40372638838849145
2025-03-05,2026.0,1,4443,20058000000.0,183000000.0,320000000.0,38858000000.0,15688000000.0,126268044.0,0.02039775624681285,0.40372638838849145
2025-03-06,2018.0,1,4443,20058000000.0,183000000.0,320000000.0,38858000000.0,15688000000.0,126268044.0,0.02039775624681285,0.40372638838849145
2025-03-07,1989.0,1,4443,20058000000.0,183000000.0,320000000.0,38858000000.0,15688000000.0,126268044.0,0.02039775624681285,0.40372638838849145
2025-03-10,1988.0,1,4443,20058000000.0,183000000.0,320000000.0,38858000000.0,15688000000.0,126268044.0,0.02039775624681285,0.40372638838849145
2025-03-11,1946.0,1,4443,20058000000.0,183000000.0,320000000.0,38858000000.0,15688000000.0,126268044.0,0.02039775624681285,0.40372638838849145
2025-03-12,1956.0,1,4443,20058000000.0,183000000.0,320000000.0,38858000000.0,15688000000.0,126268044.0,0.02039775624681285,0.40372638838849145
2025-03-13,1970.0,1,4443,20058000000.0,183000000.0,320000000.0,38858000000.0,15688000000.0,126268044.0,0.02039775624681285,0.40372638838849145
2025-03-14,1941.0,1,4443,20058000000.0,183000000.0,320000000.0,38858000000.0,15688000000.0,126268044.0,0.02039775624681285,0.40372638838849145
2025-03-17,1971.0,1,4443,20058000000.0,183000000.0,320000000.0,38858000000.0,15688000000.0,126268044.0,0.02039775624681285,0.40372638838849145
2025-03-18,1991.0,1,4443,20058000000.0,183000000.0,320000000.0,38858000000.0,15688000000.0,126268044.0,0.02039775624681285,0.40372638838849145
2025-03-19,2012.0,1,4443,20058000000.0,183000000.0,320000000.0,38858000000.0,15688000000.0,126268044.0,0.02039775624681285,0.40372638838849145
2025-03-21,2010.0,1,4443,20058000000.0,183000000.0,320000000.0,38858000000.0,15688000000.0,126268044.0,0.02039775624681285,0.40372638838849145
2025-03-24,2036.0,1,4443,20058000000.0,183000000.0,320000000.0,38858000000.0,15688000000.0,126268044.0,0.02039775624681285,0.40372638838849145
2025-03-25,2040.0,1,4443,20058000000.0,183000000.0,320000000.0,38858000000.0,15688000000.0,126268044.0,0.02039775624681285,0.40372638838849145
2025-03-26,2035.0,1,4443,20058000000.0,183000000.0,320000000.0,38858000000.0,15688000000.0,126268044.0,0.02039775624681285,0.40372638838849145
2025-03-27,2039.0,1,4443,20058000000.0,183000000.0,320000000.0,38858000000.0,15688000000.0,126268044.0,0.02039775624681285,0.40372638838849145
2025-03-28,1989.0,1,4443,20058000000.0,183000000.0,320000000.0,38858000000.0,15688000000.0,126268044.0,0.02039775624681285,0.40372638838849145
2025-03-31,1914.0,1,4443,20058000000.0,183000000.0,320000000.0,38858000000.0,15688000000.0,126268044.0,0.02039775624681285,0.40372638838849145
2025-04-01,1818.0,1,4443,20058000000.0,183000000.0,320000000.0,38858000000.0,15688000000.0,126268044.0,0.02039775624681285,0.40372638838849145
2025-04-02,1894.0,1,4443,20058000000.0,183000000.0,320000000.0,38858000000.0,15688000000.0,126268044.0,0.02039775624681285,0.40372638838849145
2025-04-03,1874.0,1,4443,20058000000.0,183000000.0,320000000.0,38858000000.0,15688000000.0,126268044.0,0.02039775624681285,0.40372638838849145
2025-04-04,1824.0,1,4443,20058000000.0,183000000.0,320000000.0,38858000000.0,15688000000.0,126268044.0,0.02039775624681285,0.40372638838849145
2025-04-07,1651.0,1,4443,20058000000.0,183000000.0,320000000.0,38858000000.0,15688000000.0,126268044.0,0.02039775624681285,0.40372638838849145
2025-04-08,1748.0,1,4443,20058000000.0,183000000.0,320000000.0,38858000000.0,15688000000.0,126268044.0,0.02039775624681285,0.40372638838849145
2025-04-09,1817.0,1,4443,20058000000.0,183000000.0,320000000.0,38858000000.0,15688000000.0,126268044.0,0.02039775624681285,0.40372638838849145
2025-04-10,1939.0,1,4443,20058000000.0,183000000.0,320000000.0,38858000000.0,15688000000.0,126268044.0,0.02039775624681285,0.40372638838849145
2025-04-11,1940.0,1,4443,31137000000.0,1890000000.0,1697000000.0,39885000000.0,17242000000.0,126402928.0,0.09842245679155551,0.4322928419205215
2025-04-14,1924.0,1,4443,31137000000.0,1890000000.0,1697000000.0,39885000000.0,17242000000.0,126402928.0,0.09842245679155551,0.4322928419205215
2025-04-15,1959.0,1,4443,31137000000.0,1890000000.0,1697000000.0,39885000000.0,17242000000.0,126402928.0,0.09842245679155551,0.4322928419205215
2025-04-16,1882.0,1,4443,31137000000.0,1890000000.0,1697000000.0,39885000000.0,17242000000.0,126402928.0,0.09842245679155551,0.4322928419205215
2025-04-17,1926.0,0,4443,31137000000.0,1890000000.0,1697000000.0,39885000000.0,17242000000.0,126402928.0,0.09842245679155551,0.4322928419205215
2025-04-18,1928.0,0,4443,31137000000.0,1890000000.0,1697000000.0,39885000000.0,17242000000.0,126402928.0,0.09842245679155551,0.4322928419205215
2025-04-21,1959.0,1,4443,31137000000.0,1890000000.0,1697000000.0,39885000000.0,17242000000.0,126402928.0,0.09842245679155551,0.4322928419205215
2025-04-22,1949.0,1,4443,31137000000.0,1890000000.0,1697000000.0,39885000000.0,17242000000.0,126402928.0,0.09842245679155551,0.4322928419205215
2025-04-23,1928.0,1,4443,31137000000.0,1890000000.0,1697000000.0,39885000000.0,17242000000.0,126402928.0,0.09842245679155551,0.4322928419205215
2025-04-24,1894.0,1,4443,31137000000.0,1890000000.0,1697000000.0,39885000000.0,17242000000.0,126402928.0,0.09842245679155551,0.4322928419205215
2025-04-25,1920.0,1,4443,31137000000.0,1890000000.0,1697000000.0,39885000000.0,17242000000.0,126402928.0,0.09842245679155551,0.4322928419205215
2025-04-28,2012.0,0,4443,31137000000.0,1890000000.0,1697000000.0,39885000000.0,17242000000.0,126402928.0,0.09842245679155551,0.4322928419205215
2025-04-30,1948.0,0,4443,31137000000.0,1890000000.0,1697000000.0,39885000000.0,17242000000.0,126402928.0,0.09842245679155551,0.4322928419205215
2025-05-01,1977.0,0,4443,31137000000.0,1890000000.0,1697000000.0,39885000000.0,17242000000.0,126402928.0,0.09842245679155551,0.4322928419205215
2025-05-02,1947.0,0,4443,31137000000.0,1890000000.0,1697000000.0,39885000000.0,17242000000.0,126402928.0,0.09842245679155551,0.4322928419205215
2025-05-07,1985.0,0,4443,31137000000.0,1890000000.0,1697000000.0,39885000000.0,17242000000.0,126402928.0,0.09842245679155551,0.4322928419205215
2025-05-08,2036.0,0,4443,31137000000.0,1890000000.0,1697000000.0,39885000000.0,17242000000.0,126402928.0,0.09842245679155551,0.4322928419205215
2025-05-09,2042.0,0,4443,31137000000.0,1890000000.0,1697000000.0,39885000000.0,17242000000.0,126402928.0,0.09842245679155551,0.4322928419205215
2025-05-12,1999.0,0,4443,31137000000.0,1890000000.0,1697000000.0,39885000000.0,17242000000.0,126402928.0,0.09842245679155551,0.4322928419205215
2025-05-13,2040.0,0,4443,31137000000.0,1890000000.0,1697000000.0,39885000000.0,17242000000.0,126402928.0,0.09842245679155551,0.4322928419205215
2025-05-14,2030.0,0,4443,31137000000.0,1890000000.0,1697000000.0,39885000000.0,17242000000.0,126402928.0,0.09842245679155551,0.4322928419205215
2025-05-15,2060.0,0,4443,31137000000.0,1890000000.0,1697000000.0,39885000000.0,17242000000.0,126402928.0,0.09842245679155551,0.4322928419205215
2025-05-16,2068.0,0,4443,31137000000.0,1890000000.0,1697000000.0,39885000000.0,17242000000.0,126402928.0,0.09842245679155551,0.4322928419205215
2025-05-19,2050.0,0,4443,31137000000.0,1890000000.0,1697000000.0,39885000000.0,17242000000.0,126402928.0,0.09842245679155551,0.4322928419205215
2025-05-20,1974.0,0,4443,31137000000.0,1890000000.0,1697000000.0,39885000000.0,17242000000.0,126402928.0,0.09842245679155551,0.4322928419205215
2025-05-21,1818.0,0,4443,31137000000.0,1890000000.0,1697000000.0,39885000000.0,17242000000.0,126402928.0,0.09842245679155551,0.4322928419205215
2025-05-22,1863.0,0,4443,31137000000.0,1890000000.0,1697000000.0,39885000000.0,17242000000.0,126402928.0,0.09842245679155551,0.4322928419205215
2025-05-23,1865.0,0,4443,31137000000.0,1890000000.0,1697000000.0,39885000000.0,17242000000.0,126402928.0,0.09842245679155551,0.4322928419205215
2025-05-26,1886.0,0,4443,31137000000.0,1890000000.0,1697000000.0,39885000000.0,17242000000.0,126402928.0,0.09842245679155551,0.4322928419205215
2025-05-27,1914.0,0,4443,31137000000.0,1890000000.0,1697000000.0,39885000000.0,17242000000.0,126402928.0,0.09842245679155551,0.4322928419205215
2025-05-28,1893.0,0,4443,31137000000.0,1890000000.0,1697000000.0,39885000000.0,17242000000.0,126402928.0,0.09842245679155551,0.4322928419205215
2025-05-29,1893.0,0,4443,31137000000.0,1890000000.0,1697000000.0,39885000000.0,17242000000.0,126402928.0,0.09842245679155551,0.4322928419205215
2025-05-30,2016.0,0,4443,31137000000.0,1890000000.0,1697000000.0,39885000000.0,17242000000.0,126402928.0,0.09842245679155551,0.4322928419205215
2025-06-02,1981.0,0,4443,31137000000.0,1890000000.0,1697000000.0,39885000000.0,17242000000.0,126402928.0,0.09842245679155551,0.4322928419205215
2025-06-03,2079.0,0,4443,31137000000.0,1890000000.0,1697000000.0,39885000000.0,17242000000.0,126402928.0,0.09842245679155551,0.4322928419205215
2025-06-04,2067.0,0,4443,31137000000.0,1890000000.0,1697000000.0,39885000000.0,17242000000.0,126402928.0,0.09842245679155551,0.4322928419205215
2025-06-05,2091.0,0,4443,31137000000.0,1890000000.0,1697000000.0,39885000000.0,17242000000.0,126402928.0,0.09842245679155551,0.4322928419205215
2025-06-06,2050.0,0,4443,31137000000.0,1890000000.0,1697000000.0,39885000000.0,17242000000.0,126402928.0,0.09842245679155551,0.4322928419205215
2025-06-09,2086.0,0,4443,31137000000.0,1890000000.0,1697000000.0,39885000000.0,17242000000.0,126402928.0,0.09842245679155551,0.4322928419205215
2025-06-10,2086.0,0,4443,31137000000.0,1890000000.0,1697000000.0,39885000000.0,17242000000.0,126402928.0,0.09842245679155551,0.4322928419205215
2025-06-11,2116.0,0,4443,31137000000.0,1890000000.0,1697000000.0,39885000000.0,17242000000.0,126402928.0,0.09842245679155551,0.4322928419205215
2025-06-12,2110.0,0,4443,31137000000.0,1890000000.0,1697000000.0,39885000000.0,17242000000.0,126402928.0,0.09842245679155551,0.4322928419205215
2025-06-13,2037.0,0,4443,31137000000.0,1890000000.0,1697000000.0,39885000000.0,17242000000.0,126402928.0,0.09842245679155551,0.4322928419205215
2025-06-16,2034.0,0,4443,31137000000.0,1890000000.0,1697000000.0,39885000000.0,17242000000.0,126402928.0,0.09842245679155551,0.4322928419205215
2025-06-17,2045.0,0,4443,31137000000.0,1890000000.0,1697000000.0,39885000000.0,17242000000.0,126402928.0,0.09842245679155551,0.4322928419205215
2025-06-18,2120.0,0,4443,31137000000.0,1890000000.0,1697000000.0,39885000000.0,17242000000.0,126402928.0,0.09842245679155551,0.4322928419205215
2025-06-19,2158.0,0,4443,31137000000.0,1890000000.0,1697000000.0,39885000000.0,17242000000.0,126402928.0,0.09842245679155551,0.4322928419205215
2025-06-20,2151.0,0,4443,31137000000.0,1890000000.0,1697000000.0,39885000000.0,17242000000.0,126402928.0,0.09842245679155551,0.4322928419205215
2025-06-23,2131.0,0,4443,31137000000.0,1890000000.0,1697000000.0,39885000000.0,17242000000.0,126402928.0,0.09842245679155551,0.4322928419205215
2025-06-24,2202.0,0,4443,31137000000.0,1890000000.0,1697000000.0,39885000000.0,17242000000.0,126402928.0,0.09842245679155551,0.4322928419205215
2025-06-25,2166.0,0,4443,31137000000.0,1890000000.0,1697000000.0,39885000000.0,17242000000.0,126402928.0,0.09842245679155551,0.4322928419205215
2025-06-26,2150.0,0,4443,31137000000.0,1890000000.0,1697000000.0,39885000000.0,17242000000.0,126402928.0,0.09842245679155551,0.4322928419205215
2025-06-27,2136.0,0,4443,31137000000.0,1890000000.0,1697000000.0,39885000000.0,17242000000.0,126402928.0,0.09842245679155551,0.4322928419205215
2025-06-30,2136.0,0,4443,31137000000.0,1890000000.0,1697000000.0,39885000000.0,17242000000.0,126402928.0,0.09842245679155551,0.4322928419205215
2025-07-01,2105.0,0,4443,31137000000.0,1890000000.0,1697000000.0,39885000000.0,17242000000.0,126402928.0,0.09842245679155551,0.4322928419205215
2025-07-02,2074.0,0,4443,31137000000.0,1890000000.0,1697000000.0,39885000000.0,17242000000.0,126402928.0,0.09842245679155551,0.4322928419205215
2025-07-03,2036.0,0,4443,31137000000.0,1890000000.0,1697000000.0,39885000000.0,17242000000.0,126402928.0,0.09842245679155551,0.4322928419205215
2025-07-04,2051.0,0,4443,31137000000.0,1890000000.0,1697000000.0,39885000000.0,17242000000.0,126402928.0,0.09842245679155551,0.4322928419205215
2025-07-07,2068.0,0,4443,31137000000.0,1890000000.0,1697000000.0,39885000000.0,17242000000.0,126402928.0,0.09842245679155551,0.4322928419205215
2025-07-08,2062.0,0,4443,31137000000.0,1890000000.0,1697000000.0,39885000000.0,17242000000.0,126402928.0,0.09842245679155551,0.4322928419205215
2025-07-09,2049.0,0,4443,31137000000.0,1890000000.0,1697000000.0,39885000000.0,17242000000.0,126402928.0,0.09842245679155551,0.4322928419205215
2025-07-10,2024.0,0,4443,31137000000.0,1890000000.0,1697000000.0,39885000000.0,17242000000.0,126402928.0,0.09842245679155551,0.4322928419205215
2025-07-11,2010.0,0,4443,31137000000.0,1890000000.0,1697000000.0,39885000000.0,17242000000.0,126402928.0,0.09842245679155551,0.4322928419205215
2025-07-14,1970.0,0,4443,43202000000.0,2800000000.0,424000000.0,47984000000.0,16040000000.0,126516452.0,0.026433915211970076,0.33427809269756587
2025-07-15,1899.0,0,4443,43202000000.0,2800000000.0,424000000.0,47984000000.0,16040000000.0,126516452.0,0.026433915211970076,0.33427809269756587
2025-07-16,1896.0,0,4443,43202000000.0,2800000000.0,424000000.0,47984000000.0,16040000000.0,126516452.0,0.026433915211970076,0.33427809269756587
2025-07-17,2000.0,0,4443,43202000000.0,2800000000.0,424000000.0,47984000000.0,16040000000.0,126516452.0,0.026433915211970076,0.33427809269756587
2025-07-18,1960.0,0,4443,43202000000.0,2800000000.0,424000000.0,47984000000.0,16040000000.0,126516452.0,0.026433915211970076,0.33427809269756587
2025-07-22,1972.0,0,4443,43202000000.0,2800000000.0,424000000.0,47984000000.0,16040000000.0,126516452.0,0.026433915211970076,0.33427809269756587
2025-07-23,1952.0,0,4443,43202000000.0,2800000000.0,424000000.0,47984000000.0,16040000000.0,126516452.0,0.026433915211970076,0.33427809269756587
2025-07-24,1960.0,0,4443,43202000000.0,2800000000.0,424000000.0,47984000000.0,16040000000.0,126516452.0,0.026433915211970076,0.33427809269756587
2025-07-25,1922.0,0,4443,43202000000.0,2800000000.0,424000000.0,47984000000.0,16040000000.0,126516452.0,0.026433915211970076,0.33427809269756587
2023-08-01,913.0,0,4751,,,,,,,,
2023-08-02,904.1,0,4751,,,,,,,,
2023-08-03,887.9,0,4751,,,,,,,,
2023-08-04,933.5,0,4751,,,,,,,,
2023-08-07,921.6,0,4751,,,,,,,,
2023-08-08,896.9,0,4751,,,,,,,,
2023-08-09,915.9,0,4751,,,,,,,,
2023-08-10,911.6,0,4751,,,,,,,,
2023-08-14,917.2,0,4751,,,,,,,,
2023-08-15,903.5,0,4751,,,,,,,,
2023-08-16,907.7,0,4751,,,,,,,,
2023-08-17,872.1,0,4751,,,,,,,,
2023-08-18,879.7,0,4751,,,,,,,,
2023-08-21,893.3,0,4751,,,,,,,,
2023-08-22,891.1,0,4751,,,,,,,,
2023-08-23,919.3,0,4751,,,,,,,,
2023-08-24,914.0,0,4751,,,,,,,,
2023-08-25,901.0,0,4751,,,,,,,,
2023-08-28,901.0,1,4751,,,,,,,,
2023-08-29,931.2,0,4751,,,,,,,,
2023-08-30,948.0,0,4751,,,,,,,,
2023-08-31,928.0,0,4751,,,,,,,,
2023-09-01,931.4,0,4751,,,,,,,,
2023-09-04,918.5,0,4751,,,,,,,,
2023-09-05,918.3,0,4751,,,,,,,,
2023-09-06,931.0,0,4751,,,,,,,,
2023-09-07,917.5,0,4751,,,,,,,,
2023-09-08,854.8,0,4751,,,,,,,,
2023-09-11,846.4,0,4751,,,,,,,,
2023-09-12,858.1,0,4751,,,,,,,,
2023-09-13,857.9,0,4751,,,,,,,,
2023-09-14,851.8,0,4751,,,,,,,,
2023-09-15,850.9,0,4751,,,,,,,,
2023-09-19,828.6,0,4751,,,,,,,,
2023-09-20,818.4,1,4751,,,,,,,,
2023-09-21,792.4,1,4751,,,,,,,,
2023-09-22,802.7,1,4751,,,,,,,,
2023-09-25,818.0,1,4751,,,,,,,,
2023-09-26,800.0,1,4751,,,,,,,,
2023-09-27,805.6,1,4751,,,,,,,,
2023-09-28,782.7,1,4751,,,,,,,,
2023-09-29,806.3,1,4751,,,,,,,,
2023-10-02,795.7,1,4751,,,,,,,,
2023-10-03,778.7,1,4751,,,,,,,,
2023-10-04,779.3,1,4751,,,,,,,,
2023-10-05,786.4,1,4751,,,,,,,,
2023-10-06,787.2,1,4751,,,,,,,,
2023-10-10,781.0,1,4751,,,,,,,,
2023-10-11,762.9,1,4751,,,,,,,,
2023-10-12,795.2,1,4751,,,,,,,,
2023-10-13,777.6,1,4751,,,,,,,,
2023-10-16,768.8,1,4751,,,,,,,,
2023-10-17,780.0,1,4751,,,,,,,,
2023-10-18,783.3,1,4751,,,,,,,,
2023-10-19,785.8,1,4751,,,,,,,,
2023-10-20,777.9,1,4751,,,,,,,,
2023-10-23,778.4,1,4751,,,,,,,,
2023-10-24,792.9,1,4751,,,,,,,,
2023-10-25,790.0,1,4751,,,,,,,,
2023-10-26,768.7,1,4751,,,,,,,,
2023-10-27,773.2,1,4751,,,,,,,,
2023-10-30,772.5,1,4751,,,,,,,,
2023-10-31,789.7,1,4751,,,,,,,,
2023-11-01,807.6,1,4751,720207000000.0,24557000000.0,5332000000.0,477826000000.0,231911000000.0,506191200.0,0.02299157866595375,0.48534613018127937
2023-11-02,863.7,1,4751,720207000000.0,24557000000.0,5332000000.0,477826000000.0,231911000000.0,506191200.0,0.02299157866595375,0.48534613018127937
2023-11-06,841.4,1,4751,720207000000.0,24557000000.0,5332000000.0,477826000000.0,231911000000.0,506191200.0,0.02299157866595375,0.48534613018127937
2023-11-07,834.6,1,4751,720207000000.0,24557000000.0,5332000000.0,477826000000.0,231911000000.0,506191200.0,0.02299157866595375,0.48534613018127937
2023-11-08,820.9,1,4751,720207000000.0,24557000000.0,5332000000.0,477826000000.0,231911000000.0,506191200.0,0.02299157866595375,0.48534613018127937
2023-11-09,816.7,1,4751,720207000000.0,24557000000.0,5332000000.0,477826000000.0,231911000000.0,506191200.0,0.02299157866595375,0.48534613018127937
2023-11-10,810.7,1,4751,720207000000.0,24557000000.0,5332000000.0,477826000000.0,231911000000.0,506191200.0,0.02299157866595375,0.48534613018127937
2023-11-13,800.8,1,4751,720207000000.0,24557000000.0,5332000000.0,477826000000.0,231911000000.0,506191200.0,0.02299157866595375,0.48534613018127937
2023-11-14,809.7,1,4751,720207000000.0,24557000000.0,5332000000.0,477826000000.0,231911000000.0,506191200.0,0.02299157866595375,0.48534613018127937
2023-11-15,855.6,1,4751,720207000000.0,24557000000.0,5332000000.0,477826000000.0,231911000000.0,506191200.0,0.02299157866595375,0.48534613018127937
2023-11-16,831.9,1,4751,720207000000.0,24557000000.0,5332000000.0,477826000000.0,231911000000.0,506191200.0,0.02299157866595375,0.48534613018127937
2023-11-17,819.6,1,4751,720207000000.0,24557000000.0,5332000000.0,477826000000.0,231911000000.0,506191200.0,0.02299157866595375,0.48534613018127937
2023-11-20,819.7,1,4751,720207000000.0,24557000000.0,5332000000.0,477826000000.0,231911000000.0,506191200.0,0.02299157866595375,0.48534613018127937
2023-11-21,846.9,1,4751,720207000000.0,24557000000.0,5332000000.0,477826000000.0,231911000000.0,506191200.0,0.02299157866595375,0.48534613018127937
2023-11-22,888.8,1,4751,720207000000.0,24557000000.0,5332000000.0,477826000000.0,231911000000.0,506191200.0,0.02299157866595375,0.48534613018127937
2023-11-24,925.4,1,4751,720207000000.0,24557000000.0,5332000000.0,477826000000.0,231911000000.0,506191200.0,0.02299157866595375,0.48534613018127937
2023-11-27,889.9,1,4751,720207000000.0,24557000000.0,5332000000.0,477826000000.0,231911000000.0,506191200.0,0.02299157866595375,0.48534613018127937
2023-11-28,902.2,1,4751,720207000000.0,24557000000.0,5332000000.0,477826000000.0,231911000000.0,506191200.0,0.02299157866595375,0.48534613018127937
2023-11-29,898.5,1,4751,720207000000.0,24557000000.0,5332000000.0,477826000000.0,231911000000.0,506191200.0,0.02299157866595375,0.48534613018127937
2023-11-30,894.6,1,4751,720207000000.0,24557000000.0,5332000000.0,477826000000.0,231911000000.0,506191200.0,0.02299157866595375,0.48534613018127937
2023-12-01,866.8,1,4751,720207000000.0,24557000000.0,5332000000.0,477826000000.0,231911000000.0,506191200.0,0.02299157866595375,0.48534613018127937
2023-12-04,836.1,1,4751,720207000000.0,24557000000.0,5332000000.0,477826000000.0,231911000000.0,506191200.0,0.02299157866595375,0.48534613018127937
2023-12-05,858.7,1,4751,720207000000.0,24557000000.0,5332000000.0,477826000000.0,231911000000.0,506191200.0,0.02299157866595375,0.48534613018127937
2023-12-06,860.3,1,4751,720207000000.0,24557000000.0,5332000000.0,477826000000.0,231911000000.0,506191200.0,0.02299157866595375,0.48534613018127937
2023-12-07,822.0,1,4751,720207000000.0,24557000000.0,5332000000.0,477826000000.0,231911000000.0,506191200.0,0.02299157866595375,0.48534613018127937
2023-12-08,816.4,1,4751,720207000000.0,24557000000.0,5332000000.0,477826000000.0,231911000000.0,506191200.0,0.02299157866595375,0.48534613018127937
2023-12-11,820.0,1,4751,720207000000.0,24557000000.0,5332000000.0,477826000000.0,231911000000.0,506191200.0,0.02299157866595375,0.48534613018127937
2023-12-12,821.7,1,4751,720207000000.0,24557000000.0,5332000000.0,477826000000.0,231911000000.0,506191200.0,0.02299157866595375,0.48534613018127937
2023-12-13,811.0,1,4751,720207000000.0,24557000000.0,5332000000.0,477826000000.0,231911000000.0,506191200.0,0.02299157866595375,0.48534613018127937
2023-12-14,812.8,1,4751,720207000000.0,24557000000.0,5332000000.0,477826000000.0,231911000000.0,506191200.0,0.02299157866595375,0.48534613018127937
2023-12-15,802.1,1,4751,720207000000.0,24557000000.0,5332000000.0,477826000000.0,231911000000.0,506191200.0,0.02299157866595375,0.48534613018127937
2023-12-18,840.2,1,4751,720207000000.0,24557000000.0,5332000000.0,477826000000.0,231911000000.0,506191200.0,0.02299157866595375,0.48534613018127937
2023-12-19,865.4,1,4751,720207000000.0,24557000000.0,5332000000.0,477826000000.0,231911000000.0,506191200.0,0.02299157866595375,0.48534613018127937
2023-12-20,864.5,1,4751,720207000000.0,24557000000.0,5332000000.0,477826000000.0,231911000000.0,506191200.0,0.02299157866595375,0.48534613018127937
2023-12-21,866.4,1,4751,720207000000.0,24557000000.0,5332000000.0,477826000000.0,231911000000.0,506191200.0,0.02299157866595375,0.48534613018127937
2023-12-22,843.7,1,4751,720207000000.0,24557000000.0,5332000000.0,477826000000.0,231911000000.0,506191200.0,0.02299157866595375,0.48534613018127937
2023-12-25,836.0,1,4751,720207000000.0,24557000000.0,5332000000.0,477826000000.0,231911000000.0,506191200.0,0.02299157866595375,0.48534613018127937
2023-12-26,827.0,1,4751,720207000000.0,24557000000.0,5332000000.0,477826000000.0,231911000000.0,506191200.0,0.02299157866595375,0.48534613018127937
2023-12-27,848.8,1,4751,720207000000.0,24557000000.0,5332000000.0,477826000000.0,231911000000.0,506191200.0,0.02299157866595375,0.48534613018127937
2023-12-28,856.6,1,4751,720207000000.0,24557000000.0,5332000000.0,477826000000.0,231911000000.0,506191200.0,0.02299157866595375,0.48534613018127937
2023-12-29,885.1,1,4751,720207000000.0,24557000000.0,5332000000.0,477826000000.0,231911000000.0,506191200.0,0.02299157866595375,0.48534613018127937
2024-01-04,890.7,1,4751,720207000000.0,24557000000.0,5332000000.0,477826000000.0,231911000000.0,506191200.0,0.02299157866595375,0.48534613018127937
2024-01-05,888.6,1,4751,720207000000.0,24557000000.0,5332000000.0,477826000000.0,231911000000.0,506191200.0,0.02299157866595375,0.48534613018127937
2024-01-09,915.0,1,4751,720207000000.0,24557000000.0,5332000000.0,477826000000.0,231911000000.0,506191200.0,0.02299157866595375,0.48534613018127937
2024-01-10,904.8,1,4751,720207000000.0,24557000000.0,5332000000.0,477826000000.0,231911000000.0,506191200.0,0.02299157866595375,0.48534613018127937
2024-01-11,924.9,1,4751,720207000000.0,24557000000.0,5332000000.0,477826000000.0,231911000000.0,506191200.0,0.02299157866595375,0.48534613018127937
2024-01-12,914.8,1,4751,720207000000.0,24557000000.0,5332000000.0,477826000000.0,231911000000.0,506191200.0,0.02299157866595375,0.48534613018127937
2024-01-15,892.3,1,4751,720207000000.0,24557000000.0,5332000000.0,477826000000.0,231911000000.0,506191200.0,0.02299157866595375,0.48534613018127937
2024-01-16,878.7,1,4751,720207000000.0,24557000000.0,5332000000.0,477826000000.0,231911000000.0,506191200.0,0.02299157866595375,0.48534613018127937
2024-01-17,909.2,1,4751,720207000000.0,24557000000.0,5332000000.0,477826000000.0,231911000000.0,506191200.0,0.02299157866595375,0.48534613018127937
2024-01-18,910.0,1,4751,720207000000.0,24557000000.0,5332000000.0,477826000000.0,231911000000.0,506191200.0,0.02299157866595375,0.48534613018127937
2024-01-19,919.8,1,4751,720207000000.0,24557000000.0,5332000000.0,477826000000.0,231911000000.0,506191200.0,0.02299157866595375,0.48534613018127937
2024-01-22,933.8,1,4751,720207000000.0,24557000000.0,5332000000.0,477826000000.0,231911000000.0,506191200.0,0.02299157866595375,0.48534613018127937
2024-01-23,930.1,1,4751,720207000000.0,24557000000.0,5332000000.0,477826000000.0,231911000000.0,506191200.0,0.02299157866595375,0.48534613018127937
2024-01-24,930.0,1,4751,720207000000.0,24557000000.0,5332000000.0,477826000000.0,231911000000.0,506191200.0,0.02299157866595375,0.48534613018127937
2024-01-25,948.8,1,4751,720207000000.0,24557000000.0,5332000000.0,477826000000.0,231911000000.0,506191200.0,0.02299157866595375,0.48534613018127937
2024-01-26,951.3,1,4751,720207000000.0,24557000000.0,5332000000.0,477826000000.0,231911000000.0,506191200.0,0.02299157866595375,0.48534613018127937
2024-01-29,941.0,1,4751,720207000000.0,24557000000.0,5332000000.0,477826000000.0,231911000000.0,506191200.0,0.02299157866595375,0.48534613018127937
2024-01-30,951.1,1,4751,720207000000.0,24557000000.0,5332000000.0,477826000000.0,231911000000.0,506191200.0,0.02299157866595375,0.48534613018127937
2024-01-31,956.5,1,4751,193075000000.0,6284000000.0,-472000000.0,468681000000.0,221914000000.0,506215600.0,-0.002126950079760628,0.4734862305064639
2024-02-01,994.5,0,4751,193075000000.0,6284000000.0,-472000000.0,468681000000.0,221914000000.0,506215600.0,-0.002126950079760628,0.4734862305064639
2024-02-02,1021.0,0,4751,193075000000.0,6284000000.0,-472000000.0,468681000000.0,221914000000.0,506215600.0,-0.002126950079760628,0.4734862305064639
2024-02-05,1054.0,0,4751,193075000000.0,6284000000.0,-472000000.0,468681000000.0,221914000000.0,506215600.0,-0.002126950079760628,0.4734862305064639
2024-02-06,1034.0,0,4751,193075000000.0,6284000000.0,-472000000.0,468681000000.0,221914000000.0,506215600.0,-0.002126950079760628,0.4734862305064639
2024-02-07,1023.0,0,4751,193075000000.0,6284000000.0,-472000000.0,468681000000.0,221914000000.0,506215600.0,-0.002126950079760628,0.4734862305064639
2024-02-08,1014.5,0,4751,193075000000.0,6284000000.0,-472000000.0,468681000000.0,221914000000.0,506215600.0,-0.002126950079760628,0.4734862305064639
2024-02-09,1010.0,0,4751,193075000000.0,6284000000.0,-472000000.0,468681000000.0,221914000000.0,506215600.0,-0.002126950079760628,0.4734862305064639
2024-02-13,1038.0,0,4751,193075000000.0,6284000000.0,-472000000.0,468681000000.0,221914000000.0,506215600.0,-0.002126950079760628,0.4734862305064639
2024-02-14,1030.0,0,4751,193075000000.0,6284000000.0,-472000000.0,468681000000.0,221914000000.0,506215600.0,-0.002126950079760628,0.4734862305064639
2024-02-15,1044.5,1,4751,193075000000.0,6284000000.0,-472000000.0,468681000000.0,221914000000.0,506215600.0,-0.002126950079760628,0.4734862305064639
2024-02-16,1078.0,0,4751,193075000000.0,6284000000.0,-472000000.0,468681000000.0,221914000000.0,506215600.0,-0.002126950079760628,0.4734862305064639
2024-02-19,1069.5,0,4751,193075000000.0,6284000000.0,-472000000.0,468681000000.0,221914000000.0,506215600.0,-0.002126950079760628,0.4734862305064639
2024-02-20,1052.0,0,4751,193075000000.0,6284000000.0,-472000000.0,468681000000.0,221914000000.0,506215600.0,-0.002126950079760628,0.4734862305064639
2024-02-21,1053.5,0,4751,193075000000.0,6284000000.0,-472000000.0,468681000000.0,221914000000.0,506215600.0,-0.002126950079760628,0.4734862305064639
2024-02-22,1029.0,0,4751,193075000000.0,6284000000.0,-472000000.0,468681000000.0,221914000000.0,506215600.0,-0.002126950079760628,0.4734862305064639
2024-02-26,1030.0,0,4751,193075000000.0,6284000000.0,-472000000.0,468681000000.0,221914000000.0,506215600.0,-0.002126950079760628,0.4734862305064639
2024-02-27,1012.5,0,4751,193075000000.0,6284000000.0,-472000000.0,468681000000.0,221914000000.0,506215600.0,-0.002126950079760628,0.4734862305064639
2024-02-28,1068.0,0,4751,193075000000.0,6284000000.0,-472000000.0,468681000000.0,221914000000.0,506215600.0,-0.002126950079760628,0.4734862305064639
2024-02-29,1050.5,0,4751,193075000000.0,6284000000.0,-472000000.0,468681000000.0,221914000000.0,506215600.0,-0.002126950079760628,0.4734862305064639
2024-03-01,1042.0,0,4751,193075000000.0,6284000000.0,-472000000.0,468681000000.0,221914000000.0,506215600.0,-0.002126950079760628,0.4734862305064639
2024-03-04,1074.0,0,4751,193075000000.0,6284000000.0,-472000000.0,468681000000.0,221914000000.0,506215600.0,-0.002126950079760628,0.4734862305064639
2024-03-05,1043.0,0,4751,193075000000.0,6284000000.0,-472000000.0,468681000000.0,221914000000.0,506215600.0,-0.002126950079760628,0.4734862305064639
2024-03-06,1049.0,0,4751,193075000000.0,6284000000.0,-472000000.0,468681000000.0,221914000000.0,506215600.0,-0.002126950079760628,0.4734862305064639
2024-03-07,1069.0,0,4751,193075000000.0,6284000000.0,-472000000.0,468681000000.0,221914000000.0,506215600.0,-0.002126950079760628,0.4734862305064639
2024-03-08,1045.0,0,4751,193075000000.0,6284000000.0,-472000000.0,468681000000.0,221914000000.0,506215600.0,-0.002126950079760628,0.4734862305064639
2024-03-11,1037.5,0,4751,193075000000.0,6284000000.0,-472000000.0,468681000000.0,221914000000.0,506215600.0,-0.002126950079760628,0.4734862305064639
2024-03-12,1054.0,0,4751,193075000000.0,6284000000.0,-472000000.0,468681000000.0,221914000000.0,506215600.0,-0.002126950079760628,0.4734862305064639
2024-03-13,1037.0,0,4751,193075000000.0,6284000000.0,-472000000.0,468681000000.0,221914000000.0,506215600.0,-0.002126950079760628,0.4734862305064639
2024-03-14,1046.0,0,4751,193075000000.0,6284000000.0,-472000000.0,468681000000.0,221914000000.0,506215600.0,-0.002126950079760628,0.4734862305064639
2024-03-15,1034.0,0,4751,193075000000.0,6284000000.0,-472000000.0,468681000000.0,221914000000.0,506215600.0,-0.002126950079760628,0.4734862305064639
2024-03-18,1063.0,0,4751,193075000000.0,6284000000.0,-472000000.0,468681000000.0,221914000000.0,506215600.0,-0.002126950079760628,0.4734862305064639
2024-03-19,1079.5,0,4751,193075000000.0,6284000000.0,-472000000.0,468681000000.0,221914000000.0,506215600.0,-0.002126950079760628,0.4734862305064639
2024-03-21,1107.0,0,4751,193075000000.0,6284000000.0,-472000000.0,468681000000.0,221914000000.0,506215600.0,-0.002126950079760628,0.4734862305064639
2024-03-22,1111.0,0,4751,193075000000.0,6284000000.0,-472000000.0,468681000000.0,221914000000.0,506215600.0,-0.002126950079760628,0.4734862305064639
2024-03-25,1107.0,0,4751,193075000000.0,6284000000.0,-472000000.0,468681000000.0,221914000000.0,506215600.0,-0.002126950079760628,0.4734862305064639
2024-03-26,1111.5,0,4751,193075000000.0,6284000000.0,-472000000.0,468681000000.0,221914000000.0,506215600.0,-0.002126950079760628,0.4734862305064639
2024-03-27,1103.5,0,4751,193075000000.0,6284000000.0,-472000000.0,468681000000.0,221914000000.0,506215600.0,-0.002126950079760628,0.4734862305064639
2024-03-28,1098.0,0,4751,193075000000.0,6284000000.0,-472000000.0,468681000000.0,221914000000.0,506215600.0,-0.002126950079760628,0.4734862305064639
2024-03-29,1125.5,0,4751,193075000000.0,6284000000.0,-472000000.0,468681000000.0,221914000000.0,506215600.0,-0.002126950079760628,0.4734862305064639
2024-04-01,1090.5,0,4751,193075000000.0,6284000000.0,-472000000.0,468681000000.0,221914000000.0,506215600.0,-0.002126950079760628,0.4734862305064639
2024-04-02,1071.0,0,4751,193075000000.0,6284000000.0,-472000000.0,468681000000.0,221914000000.0,506215600.0,-0.002126950079760628,0.4734862305064639
2024-04-03,1050.0,0,4751,193075000000.0,6284000000.0,-472000000.0,468681000000.0,221914000000.0,506215600.0,-0.002126950079760628,0.4734862305064639
2024-04-04,1060.0,0,4751,193075000000.0,6284000000.0,-472000000.0,468681000000.0,221914000000.0,506215600.0,-0.002126950079760628,0.4734862305064639
2024-04-05,1052.0,0,4751,193075000000.0,6284000000.0,-472000000.0,468681000000.0,221914000000.0,506215600.0,-0.002126950079760628,0.4734862305064639
2024-04-08,1061.0,0,4751,193075000000.0,6284000000.0,-472000000.0,468681000000.0,221914000000.0,506215600.0,-0.002126950079760628,0.4734862305064639
2024-04-09,1092.0,0,4751,193075000000.0,6284000000.0,-472000000.0,468681000000.0,221914000000.0,506215600.0,-0.002126950079760628,0.4734862305064639
2024-04-10,1062.0,0,4751,193075000000.0,6284000000.0,-472000000.0,468681000000.0,221914000000.0,506215600.0,-0.002126950079760628,0.4734862305064639
2024-04-11,1061.0,0,4751,193075000000.0,6284000000.0,-472000000.0,468681000000.0,221914000000.0,506215600.0,-0.002126950079760628,0.4734862305064639
2024-04-12,1060.0,0,4751,193075000000.0,6284000000.0,-472000000.0,468681000000.0,221914000000.0,506215600.0,-0.002126950079760628,0.4734862305064639
2024-04-15,1047.0,0,4751,193075000000.0,6284000000.0,-472000000.0,468681000000.0,221914000000.0,506215600.0,-0.002126950079760628,0.4734862305064639
2024-04-16,981.0,0,4751,193075000000.0,6284000000.0,-472000000.0,468681000000.0,221914000000.0,506215600.0,-0.002126950079760628,0.4734862305064639
2024-04-17,1001.5,0,4751,193075000000.0,6284000000.0,-472000000.0,468681000000.0,221914000000.0,506215600.0,-0.002126950079760628,0.4734862305064639
2024-04-18,1009.5,0,4751,193075000000.0,6284000000.0,-472000000.0,468681000000.0,221914000000.0,506215600.0,-0.002126950079760628,0.4734862305064639
2024-04-19,1007.0,0,4751,193075000000.0,6284000000.0,-472000000.0,468681000000.0,221914000000.0,506215600.0,-0.002126950079760628,0.4734862305064639
2024-04-22,1032.0,0,4751,193075000000.0,6284000000.0,-472000000.0,468681000000.0,221914000000.0,506215600.0,-0.002126950079760628,0.4734862305064639
2024-04-23,1021.5,0,4751,193075000000.0,6284000000.0,-472000000.0,468681000000.0,221914000000.0,506215600.0,-0.002126950079760628,0.4734862305064639
2024-04-24,1035.0,0,4751,408205000000.0,27355000000.0,9866000000.0,499775000000.0,239441000000.0,506273200.0,0.04120430502712568,0.47909759391726275
2024-04-25,976.5,0,4751,408205000000.0,27355000000.0,9866000000.0,499775000000.0,239441000000.0,506273200.0,0.04120430502712568,0.47909759391726275
2024-04-26,1029.0,0,4751,408205000000.0,27355000000.0,9866000000.0,499775000000.0,239441000000.0,506273200.0,0.04120430502712568,0.47909759391726275
2024-04-30,989.7,0,4751,408205000000.0,27355000000.0,9866000000.0,499775000000.0,239441000000.0,506273200.0,0.04120430502712568,0.47909759391726275
2024-05-01,982.4,0,4751,408205000000.0,27355000000.0,9866000000.0,499775000000.0,239441000000.0,506273200.0,0.04120430502712568,0.47909759391726275
2024-05-02,942.2,1,4751,408205000000.0,27355000000.0,9866000000.0,499775000000.0,239441000000.0,506273200.0,0.04120430502712568,0.47909759391726275
2024-05-07,981.1,0,4751,408205000000.0,27355000000.0,9866000000.0,499775000000.0,239441000000.0,506273200.0,0.04120430502712568,0.47909759391726275
2024-05-08,966.5,1,4751,408205000000.0,27355000000.0,9866000000.0,499775000000.0,239441000000.0,506273200.0,0.04120430502712568,0.47909759391726275
2024-05-09,981.6,0,4751,408205000000.0,27355000000.0,9866000000.0,499775000000.0,239441000000.0,506273200.0,0.04120430502712568,0.47909759391726275
2024-05-10,1002.5,0,4751,408205000000.0,27355000000.0,9866000000.0,499775000000.0,239441000000.0,506273200.0,0.04120430502712568,0.47909759391726275
2024-05-13,1000.0,0,4751,408205000000.0,27355000000.0,9866000000.0,499775000000.0,239441000000.0,506273200.0,0.04120430502712568,0.47909759391726275
2024-05-14,1028.5,0,4751,408205000000.0,27355000000.0,9866000000.0,499775000000.0,239441000000.0,506273200.0,0.04120430502712568,0.47909759391726275
2024-05-15,1015.5,0,4751,408205000000.0,27355000000.0,9866000000.0,499775000000.0,239441000000.0,506273200.0,0.04120430502712568,0.47909759391726275
2024-05-16,1076.5,0,4751,408205000000.0,27355000000.0,9866000000.0,499775000000.0,239441000000.0,506273200.0,0.04120430502712568,0.47909759391726275
2024-05-17,1030.5,0,4751,408205000000.0,27355000000.0,9866000000.0,499775000000.0,239441000000.0,506273200.0,0.04120430502712568,0.47909759391726275
2024-05-20,1039.5,0,4751,408205000000.0,27355000000.0,9866000000.0,499775000000.0,239441000000.0,506273200.0,0.04120430502712568,0.47909759391726275
2024-05-21,1006.5,0,4751,408205000000.0,27355000000.0,9866000000.0,499775000000.0,239441000000.0,506273200.0,0.04120430502712568,0.47909759391726275
2024-05-22,1003.5,0,4751,408205000000.0,27355000000.0,9866000000.0,499775000000.0,239441000000.0,506273200.0,0.04120430502712568,0.47909759391726275
2024-05-23,1023.0,0,4751,408205000000.0,27355000000.0,9866000000.0,499775000000.0,239441000000.0,506273200.0,0.04120430502712568,0.47909759391726275
2024-05-24,1008.0,0,4751,408205000000.0,27355000000.0,9866000000.0,499775000000.0,239441000000.0,506273200.0,0.04120430502712568,0.47909759391726275
2024-05-27,965.8,1,4751,408205000000.0,27355000000.0,9866000000.0,499775000000.0,239441000000.0,506273200.0,0.04120430502712568,0.47909759391726275
2024-05-28,969.9,1,4751,408205000000.0,27355000000.0,9866000000.0,499775000000.0,239441000000.0,506273200.0,0.04120430502712568,0.47909759391726275
2024-05-29,939.6,1,4751,408205000000.0,27355000000.0,9866000000.0,499775000000.0,239441000000.0,506273200.0,0.04120430502712568,0.47909759391726275
2024-05-30,949.7,1,4751,408205000000.0,27355000000.0,9866000000.0,499775000000.0,239441000000.0,506273200.0,0.04120430502712568,0.47909759391726275
2024-05-31,945.5,1,4751,408205000000.0,27355000000.0,9866000000.0,499775000000.0,239441000000.0,506273200.0,0.04120430502712568,0.47909759391726275
2024-06-03,965.3,1,4751,408205000000.0,27355000000.0,9866000000.0,499775000000.0,239441000000.0,506273200.0,0.04120430502712568,0.47909759391726275
2024-06-04,973.0,1,4751,408205000000.0,27355000000.0,9866000000.0,499775000000.0,239441000000.0,506273200.0,0.04120430502712568,0.47909759391726275
2024-06-05,967.2,1,4751,408205000000.0,27355000000.0,9866000000.0,499775000000.0,239441000000.0,506273200.0,0.04120430502712568,0.47909759391726275
2024-06-06,953.7,1,4751,408205000000.0,27355000000.0,9866000000.0,499775000000.0,239441000000.0,506273200.0,0.04120430502712568,0.47909759391726275
2024-06-07,954.6,1,4751,408205000000.0,27355000000.0,9866000000.0,499775000000.0,239441000000.0,506273200.0,0.04120430502712568,0.47909759391726275
2024-06-10,954.3,1,4751,408205000000.0,27355000000.0,9866000000.0,499775000000.0,239441000000.0,506273200.0,0.04120430502712568,0.47909759391726275
2024-06-11,930.6,1,4751,408205000000.0,27355000000.0,9866000000.0,499775000000.0,239441000000.0,506273200.0,0.04120430502712568,0.47909759391726275
2024-06-12,925.0,1,4751,408205000000.0,27355000000.0,9866000000.0,499775000000.0,239441000000.0,506273200.0,0.04120430502712568,0.47909759391726275
2024-06-13,949.9,1,4751,408205000000.0,27355000000.0,9866000000.0,499775000000.0,239441000000.0,506273200.0,0.04120430502712568,0.47909759391726275
2024-06-14,954.9,1,4751,408205000000.0,27355000000.0,9866000000.0,499775000000.0,239441000000.0,506273200.0,0.04120430502712568,0.47909759391726275
2024-06-17,974.3,1,4751,408205000000.0,27355000000.0,9866000000.0,499775000000.0,239441000000.0,506273200.0,0.04120430502712568,0.47909759391726275
2024-06-18,966.3,1,4751,408205000000.0,27355000000.0,9866000000.0,499775000000.0,239441000000.0,506273200.0,0.04120430502712568,0.47909759391726275
2024-06-19,956.1,1,4751,408205000000.0,27355000000.0,9866000000.0,499775000000.0,239441000000.0,506273200.0,0.04120430502712568,0.47909759391726275
2024-06-20,985.3,1,4751,408205000000.0,27355000000.0,9866000000.0,499775000000.0,239441000000.0,506273200.0,0.04120430502712568,0.47909759391726275
2024-06-21,971.5,1,4751,408205000000.0,27355000000.0,9866000000.0,499775000000.0,239441000000.0,506273200.0,0.04120430502712568,0.47909759391726275
2024-06-24,997.7,1,4751,408205000000.0,27355000000.0,9866000000.0,499775000000.0,239441000000.0,506273200.0,0.04120430502712568,0.47909759391726275
2024-06-25,997.6,1,4751,408205000000.0,27355000000.0,9866000000.0,499775000000.0,239441000000.0,506273200.0,0.04120430502712568,0.47909759391726275
2024-06-26,996.4,1,4751,408205000000.0,27355000000.0,9866000000.0,499775000000.0,239441000000.0,506273200.0,0.04120430502712568,0.47909759391726275
2024-06-27,1001.0,1,4751,408205000000.0,27355000000.0,9866000000.0,499775000000.0,239441000000.0,506273200.0,0.04120430502712568,0.47909759391726275
2024-06-28,1007.5,1,4751,408205000000.0,27355000000.0,9866000000.0,499775000000.0,239441000000.0,506273200.0,0.04120430502712568,0.47909759391726275
2024-07-01,987.6,1,4751,408205000000.0,27355000000.0,9866000000.0,499775000000.0,239441000000.0,506273200.0,0.04120430502712568,0.47909759391726275
2024-07-02,979.9,1,4751,408205000000.0,27355000000.0,9866000000.0,499775000000.0,239441000000.0,506273200.0,0.04120430502712568,0.47909759391726275
2024-07-03,982.2,1,4751,408205000000.0,27355000000.0,9866000000.0,499775000000.0,239441000000.0,506273200.0,0.04120430502712568,0.47909759391726275
2024-07-04,968.6,1,4751,408205000000.0,27355000000.0,9866000000.0,499775000000.0,239441000000.0,506273200.0,0.04120430502712568,0.47909759391726275
2024-07-05,966.9,1,4751,408205000000.0,27355000000.0,9866000000.0,499775000000.0,239441000000.0,506273200.0,0.04120430502712568,0.47909759391726275
2024-07-08,975.2,1,4751,408205000000.0,27355000000.0,9866000000.0,499775000000.0,239441000000.0,506273200.0,0.04120430502712568,0.47909759391726275
2024-07-09,981.3,1,4751,408205000000.0,27355000000.0,9866000000.0,499775000000.0,239441000000.0,506273200.0,0.04120430502712568,0.47909759391726275
2024-07-10,959.2,1,4751,408205000000.0,27355000000.0,9866000000.0,499775000000.0,239441000000.0,506273200.0,0.04120430502712568,0.47909759391726275
2024-07-11,950.9,1,4751,408205000000.0,27355000000.0,9866000000.0,499775000000.0,239441000000.0,506273200.0,0.04120430502712568,0.47909759391726275
2024-07-12,979.1,1,4751,408205000000.0,27355000000.0,9866000000.0,499775000000.0,239441000000.0,506273200.0,0.04120430502712568,0.47909759391726275
2024-07-16,964.2,1,4751,408205000000.0,27355000000.0,9866000000.0,499775000000.0,239441000000.0,506273200.0,0.04120430502712568,0.47909759391726275
2024-07-17,970.5,1,4751,408205000000.0,27355000000.0,9866000000.0,499775000000.0,239441000000.0,506273200.0,0.04120430502712568,0.47909759391726275
2024-07-18,964.9,1,4751,408205000000.0,27355000000.0,9866000000.0,499775000000.0,239441000000.0,506273200.0,0.04120430502712568,0.47909759391726275
2024-07-19,955.1,1,4751,408205000000.0,27355000000.0,9866000000.0,499775000000.0,239441000000.0,506273200.0,0.04120430502712568,0.47909759391726275
2024-07-22,965.5,1,4751,408205000000.0,27355000000.0,9866000000.0,499775000000.0,239441000000.0,506273200.0,0.04120430502712568,0.47909759391726275
2024-07-23,969.6,1,4751,408205000000.0,27355000000.0,9866000000.0,499775000000.0,239441000000.0,506273200.0,0.04120430502712568,0.47909759391726275
2024-07-24,962.4,1,4751,408205000000.0,27355000000.0,9866000000.0,499775000000.0,239441000000.0,506273200.0,0.04120430502712568,0.47909759391726275
2024-07-25,950.8,1,4751,408205000000.0,27355000000.0,9866000000.0,499775000000.0,239441000000.0,506273200.0,0.04120430502712568,0.47909759391726275
2024-07-26,944.7,1,4751,408205000000.0,27355000000.0,9866000000.0,499775000000.0,239441000000.0,506273200.0,0.04120430502712568,0.47909759391726275
2024-07-29,978.4,1,4751,408205000000.0,27355000000.0,9866000000.0,499775000000.0,239441000000.0,506273200.0,0.04120430502712568,0.47909759391726275
2024-07-30,965.4,1,4751,408205000000.0,27355000000.0,9866000000.0,499775000000.0,239441000000.0,506273200.0,0.04120430502712568,0.47909759391726275
2024-07-31,966.4,1,4751,598584000000.0,35932000000.0,15825000000.0,496756000000.0,245049000000.0,506282800.0,0.06457892095050377,0.49329852080296965
2024-08-01,1004.5,1,4751,598584000000.0,35932000000.0,15825000000.0,496756000000.0,245049000000.0,506282800.0,0.06457892095050377,0.49329852080296965
2024-08-02,914.6,1,4751,598584000000.0,35932000000.0,15825000000.0,496756000000.0,245049000000.0,506282800.0,0.06457892095050377,0.49329852080296965
2024-08-05,810.8,1,4751,598584000000.0,35932000000.0,15825000000.0,496756000000.0,245049000000.0,506282800.0,0.06457892095050377,0.49329852080296965
2024-08-06,881.5,1,4751,598584000000.0,35932000000.0,15825000000.0,496756000000.0,245049000000.0,506282800.0,0.06457892095050377,0.49329852080296965
2024-08-07,879.0,1,4751,598584000000.0,35932000000.0,15825000000.0,496756000000.0,245049000000.0,506282800.0,0.06457892095050377,0.49329852080296965
2024-08-08,890.7,1,4751,598584000000.0,35932000000.0,15825000000.0,496756000000.0,245049000000.0,506282800.0,0.06457892095050377,0.49329852080296965
2024-08-09,881.0,1,4751,598584000000.0,35932000000.0,15825000000.0,496756000000.0,245049000000.0,506282800.0,0.06457892095050377,0.49329852080296965
2024-08-13,915.7,1,4751,598584000000.0,35932000000.0,15825000000.0,496756000000.0,245049000000.0,506282800.0,0.06457892095050377,0.49329852080296965
2024-08-14,927.8,1,4751,598584000000.0,35932000000.0,15825000000.0,496756000000.0,245049000000.0,506282800.0,0.06457892095050377,0.49329852080296965
2024-08-15,955.6,1,4751,598584000000.0,35932000000.0,15825000000.0,496756000000.0,245049000000.0,506282800.0,0.06457892095050377,0.49329852080296965
2024-08-16,961.3,1,4751,598584000000.0,35932000000.0,15825000000.0,496756000000.0,245049000000.0,506282800.0,0.06457892095050377,0.49329852080296965
2024-08-19,970.7,1,4751,598584000000.0,35932000000.0,15825000000.0,496756000000.0,245049000000.0,506282800.0,0.06457892095050377,0.49329852080296965
2024-08-20,983.3,1,4751,598584000000.0,35932000000.0,15825000000.0,496756000000.0,245049000000.0,506282800.0,0.06457892095050377,0.49329852080296965
2024-08-21,982.7,1,4751,598584000000.0,35932000000.0,15825000000.0,496756000000.0,245049000000.0,506282800.0,0.06457892095050377,0.49329852080296965
2024-08-22,1004.5,1,4751,598584000000.0,35932000000.0,15825000000.0,496756000000.0,245049000000.0,506282800.0,0.06457892095050377,0.49329852080296965
2024-08-23,1006.0,1,4751,598584000000.0,35932000000.0,15825000000.0,496756000000.0,245049000000.0,506282800.0,0.06457892095050377,0.49329852080296965
2024-08-26,1028.5,0,4751,598584000000.0,35932000000.0,15825000000.0,496756000000.0,245049000000.0,506282800.0,0.06457892095050377,0.49329852080296965
2024-08-27,1038.0,0,4751,598584000000.0,35932000000.0,15825000000.0,496756000000.0,245049000000.0,506282800.0,0.06457892095050377,0.49329852080296965
2024-08-28,1042.5,0,4751,598584000000.0,35932000000.0,15825000000.0,496756000000.0,245049000000.0,506282800.0,0.06457892095050377,0.49329852080296965
2024-08-29,1021.5,1,4751,598584000000.0,35932000000.0,15825000000.0,496756000000.0,245049000000.0,506282800.0,0.06457892095050377,0.49329852080296965
2024-08-30,1010.5,1,4751,598584000000.0,35932000000.0,15825000000.0,496756000000.0,245049000000.0,506282800.0,0.06457892095050377,0.49329852080296965
2024-09-02,1012.5,1,4751,598584000000.0,35932000000.0,15825000000.0,496756000000.0,245049000000.0,506282800.0,0.06457892095050377,0.49329852080296965
2024-09-03,1066.0,0,4751,598584000000.0,35932000000.0,15825000000.0,496756000000.0,245049000000.0,506282800.0,0.06457892095050377,0.49329852080296965
2024-09-04,1036.5,1,4751,598584000000.0,35932000000.0,15825000000.0,496756000000.0,245049000000.0,506282800.0,0.06457892095050377,0.49329852080296965
2024-09-05,1054.0,1,4751,598584000000.0,35932000000.0,15825000000.0,496756000000.0,245049000000.0,506282800.0,0.06457892095050377,0.49329852080296965
2024-09-06,1032.5,1,4751,598584000000.0,35932000000.0,15825000000.0,496756000000.0,245049000000.0,506282800.0,0.06457892095050377,0.49329852080296965
2024-09-09,1021.5,1,4751,598584000000.0,35932000000.0,15825000000.0,496756000000.0,245049000000.0,506282800.0,0.06457892095050377,0.49329852080296965
2024-09-10,1042.0,1,4751,598584000000.0,35932000000.0,15825000000.0,496756000000.0,245049000000.0,506282800.0,0.06457892095050377,0.49329852080296965
2024-09-11,1033.5,1,4751,598584000000.0,35932000000.0,15825000000.0,496756000000.0,245049000000.0,506282800.0,0.06457892095050377,0.49329852080296965
2024-09-12,1058.5,1,4751,598584000000.0,35932000000.0,15825000000.0,496756000000.0,245049000000.0,506282800.0,0.06457892095050377,0.49329852080296965
2024-09-13,1024.0,1,4751,598584000000.0,35932000000.0,15825000000.0,496756000000.0,245049000000.0,506282800.0,0.06457892095050377,0.49329852080296965
2024-09-17,1024.0,1,4751,598584000000.0,35932000000.0,15825000000.0,496756000000.0,245049000000.0,506282800.0,0.06457892095050377,0.49329852080296965
2024-09-18,1019.0,1,4751,598584000000.0,35932000000.0,15825000000.0,496756000000.0,245049000000.0,506282800.0,0.06457892095050377,0.49329852080296965
2024-09-19,1048.5,1,4751,598584000000.0,35932000000.0,15825000000.0,496756000000.0,245049000000.0,506282800.0,0.06457892095050377,0.49329852080296965
2024-09-20,1049.0,1,4751,598584000000.0,35932000000.0,15825000000.0,496756000000.0,245049000000.0,506282800.0,0.06457892095050377,0.49329852080296965
2024-09-24,1033.0,1,4751,598584000000.0,35932000000.0,15825000000.0,496756000000.0,245049000000.0,506282800.0,0.06457892095050377,0.49329852080296965
2024-09-25,1028.0,1,4751,598584000000.0,35932000000.0,15825000000.0,496756000000.0,245049000000.0,506282800.0,0.06457892095050377,0.49329852080296965
2024-09-26,1038.0,1,4751,598584000000.0,35932000000.0,15825000000.0,496756000000.0,245049000000.0,506282800.0,0.06457892095050377,0.49329852080296965
2024-09-27,1037.5,1,4751,598584000000.0,35932000000.0,15825000000.0,496756000000.0,245049000000.0,506282800.0,0.06457892095050377,0.49329852080296965
2024-09-30,1019.5,1,4751,598584000000.0,35932000000.0,15825000000.0,496756000000.0,245049000000.0,506282800.0,0.06457892095050377,0.49329852080296965
2024-10-01,1022.0,1,4751,598584000000.0,35932000000.0,15825000000.0,496756000000.0,245049000000.0,506282800.0,0.06457892095050377,0.49329852080296965
2024-10-02,993.6,1,4751,598584000000.0,35932000000.0,15825000000.0,496756000000.0,245049000000.0,506282800.0,0.06457892095050377,0.49329852080296965
2024-10-03,1007.0,1,4751,598584000000.0,35932000000.0,15825000000.0,496756000000.0,245049000000.0,506282800.0,0.06457892095050377,0.49329852080296965
2024-10-04,1013.0,1,4751,598584000000.0,35932000000.0,15825000000.0,496756000000.0,245049000000.0,506282800.0,0.06457892095050377,0.49329852080296965
2024-10-07,1013.0,1,4751,598584000000.0,35932000000.0,15825000000.0,496756000000.0,245049000000.0,506282800.0,0.06457892095050377,0.49329852080296965
2024-10-08,1004.5,1,4751,598584000000.0,35932000000.0,15825000000.0,496756000000.0,245049000000.0,506282800.0,0.06457892095050377,0.49329852080296965
2024-10-09,1029.5,1,4751,598584000000.0,35932000000.0,15825000000.0,496756000000.0,245049000000.0,506282800.0,0.06457892095050377,0.49329852080296965
2024-10-10,1035.5,1,4751,598584000000.0,35932000000.0,15825000000.0,496756000000.0,245049000000.0,506282800.0,0.06457892095050377,0.49329852080296965
2024-10-11,1044.0,0,4751,598584000000.0,35932000000.0,15825000000.0,496756000000.0,245049000000.0,506282800.0,0.06457892095050377,0.49329852080296965
2024-10-15,1054.5,0,4751,598584000000.0,35932000000.0,15825000000.0,496756000000.0,245049000000.0,506282800.0,0.06457892095050377,0.49329852080296965
2024-10-16,1045.5,1,4751,598584000000.0,35932000000.0,15825000000.0,496756000000.0,245049000000.0,506282800.0,0.06457892095050377,0.49329852080296965
2024-10-17,1028.0,1,4751,598584000000.0,35932000000.0,15825000000.0,496756000000.0,245049000000.0,506282800.0,0.06457892095050377,0.49329852080296965
2024-10-18,1022.0,1,4751,598584000000.0,35932000000.0,15825000000.0,496756000000.0,245049000000.0,506282800.0,0.06457892095050377,0.49329852080296965
2024-10-21,1033.5,1,4751,598584000000.0,35932000000.0,15825000000.0,496756000000.0,245049000000.0,506282800.0,0.06457892095050377,0.49329852080296965
2024-10-22,1010.0,1,4751,598584000000.0,35932000000.0,15825000000.0,496756000000.0,245049000000.0,506282800.0,0.06457892095050377,0.49329852080296965
2024-10-23,998.1,1,4751,598584000000.0,35932000000.0,15825000000.0,496756000000.0,245049000000.0,506282800.0,0.06457892095050377,0.49329852080296965
2024-10-24,996.0,1,4751,598584000000.0,35932000000.0,15825000000.0,496756000000.0,245049000000.0,506282800.0,0.06457892095050377,0.49329852080296965
2024-10-25,990.1,1,4751,598584000000.0,35932000000.0,15825000000.0,496756000000.0,245049000000.0,506282800.0,0.06457892095050377,0.49329852080296965
2024-10-28,1016.5,1,4751,598584000000.0,35932000000.0,15825000000.0,496756000000.0,245049000000.0,506282800.0,0.06457892095050377,0.49329852080296965
2024-10-29,1031.0,1,4751,598584000000.0,35932000000.0,15825000000.0,496756000000.0,245049000000.0,506282800.0,0.06457892095050377,0.49329852080296965
2024-10-30,1039.0,1,4751,802996000000.0,41843000000.0,16246000000.0,520417000000.0,254235000000.0,506344400.0,0.06390150844690935,0.4885217047098769
2024-10-31,1006.5,1,4751,802996000000.0,41843000000.0,16246000000.0,520417000000.0,254235000000.0,506344400.0,0.06390150844690935,0.4885217047098769
2024-11-01,1019.0,1,4751,802996000000.0,41843000000.0,16246000000.0,520417000000.0,254235000000.0,506344400.0,0.06390150844690935,0.4885217047098769
2024-11-05,1002.0,1,4751,802996000000.0,41843000000.0,16246000000.0,520417000000.0,254235000000.0,506344400.0,0.06390150844690935,0.4885217047098769
2024-11-06,1030.0,1,4751,802996000000.0,41843000000.0,16246000000.0,520417000000.0,254235000000.0,506344400.0,0.06390150844690935,0.4885217047098769
2024-11-07,1064.5,1,4751,802996000000.0,41843000000.0,16246000000.0,520417000000.0,254235000000.0,506344400.0,0.06390150844690935,0.4885217047098769
2024-11-08,1047.0,1,4751,802996000000.0,41843000000.0,16246000000.0,520417000000.0,254235000000.0,506344400.0,0.06390150844690935,0.4885217047098769
2024-11-11,1039.5,1,4751,802996000000.0,41843000000.0,16246000000.0,520417000000.0,254235000000.0,506344400.0,0.06390150844690935,0.4885217047098769
2024-11-12,1033.0,1,4751,802996000000.0,41843000000.0,16246000000.0,520417000000.0,254235000000.0,506344400.0,0.06390150844690935,0.4885217047098769
2024-11-13,1023.5,1,4751,802996000000.0,41843000000.0,16246000000.0,520417000000.0,254235000000.0,506344400.0,0.06390150844690935,0.4885217047098769
2024-11-14,979.3,1,4751,802996000000.0,41843000000.0,16246000000.0,520417000000.0,254235000000.0,506344400.0,0.06390150844690935,0.4885217047098769
2024-11-15,974.5,1,4751,802996000000.0,41843000000.0,16246000000.0,520417000000.0,254235000000.0,506344400.0,0.06390150844690935,0.4885217047098769
2024-11-18,983.7,1,4751,802996000000.0,41843000000.0,16246000000.0,520417000000.0,254235000000.0,506344400.0,0.06390150844690935,0.4885217047098769
2024-11-19,1005.0,1,4751,802996000000.0,41843000000.0,16246000000.0,520417000000.0,254235000000.0,506344400.0,0.06390150844690935,0.4885217047098769
2024-11-20,1020.5,1,4751,802996000000.0,41843000000.0,16246000000.0,520417000000.0,254235000000.0,506344400.0,0.06390150844690935,0.4885217047098769
2024-11-21,1013.0,1,4751,802996000000.0,41843000000.0,16246000000.0,520417000000.0,254235000000.0,506344400.0,0.06390150844690935,0.4885217047098769
2024-11-22,1008.5,1,4751,802996000000.0,41843000000.0,16246000000.0,520417000000.0,254235000000.0,506344400.0,0.06390150844690935,0.4885217047098769
2024-11-25,1015.5,1,4751,802996000000.0,41843000000.0,16246000000.0,520417000000.0,254235000000.0,506344400.0,0.06390150844690935,0.4885217047098769
2024-11-26,1038.0,1,4751,802996000000.0,41843000000.0,16246000000.0,520417000000.0,254235000000.0,506344400.0,0.06390150844690935,0.4885217047098769
2024-11-27,1031.5,1,4751,802996000000.0,41843000000.0,16246000000.0,520417000000.0,254235000000.0,506344400.0,0.06390150844690935,0.4885217047098769
2024-11-28,1031.0,1,4751,802996000000.0,41843000000.0,16246000000.0,520417000000.0,254235000000.0,506344400.0,0.06390150844690935,0.4885217047098769
2024-11-29,1039.5,1,4751,802996000000.0,41843000000.0,16246000000.0,520417000000.0,254235000000.0,506344400.0,0.06390150844690935,0.4885217047098769
2024-12-02,1029.5,1,4751,802996000000.0,41843000000.0,16246000000.0,520417000000.0,254235000000.0,506344400.0,0.06390150844690935,0.4885217047098769
2024-12-03,1052.0,1,4751,802996000000.0,41843000000.0,16246000000.0,520417000000.0,254235000000.0,506344400.0,0.06390150844690935,0.4885217047098769
2024-12-04,1068.5,1,4751,802996000000.0,41843000000.0,16246000000.0,520417000000.0,254235000000.0,506344400.0,0.06390150844690935,0.4885217047098769
2024-12-05,1078.0,1,4751,802996000000.0,41843000000.0,16246000000.0,520417000000.0,254235000000.0,506344400.0,0.06390150844690935,0.4885217047098769
2024-12-06,1069.0,1,4751,802996000000.0,41843000000.0,16246000000.0,520417000000.0,254235000000.0,506344400.0,0.06390150844690935,0.4885217047098769
2024-12-09,1084.5,1,4751,802996000000.0,41843000000.0,16246000000.0,520417000000.0,254235000000.0,506344400.0,0.06390150844690935,0.4885217047098769
2024-12-10,1084.5,1,4751,802996000000.0,41843000000.0,16246000000.0,520417000000.0,254235000000.0,506344400.0,0.06390150844690935,0.4885217047098769
2024-12-11,1077.0,1,4751,802996000000.0,41843000000.0,16246000000.0,520417000000.0,254235000000.0,506344400.0,0.06390150844690935,0.4885217047098769
2024-12-12,1108.5,1,4751,802996000000.0,41843000000.0,16246000000.0,520417000000.0,254235000000.0,506344400.0,0.06390150844690935,0.4885217047098769
2024-12-13,1153.5,1,4751,802996000000.0,41843000000.0,16246000000.0,520417000000.0,254235000000.0,506344400.0,0.06390150844690935,0.4885217047098769
2024-12-16,1136.0,1,4751,802996000000.0,41843000000.0,16246000000.0,520417000000.0,254235000000.0,506344400.0,0.06390150844690935,0.4885217047098769
2024-12-17,1137.0,1,4751,802996000000.0,41843000000.0,16246000000.0,520417000000.0,254235000000.0,506344400.0,0.06390150844690935,0.4885217047098769
2024-12-18,1125.5,1,4751,802996000000.0,41843000000.0,16246000000.0,520417000000.0,254235000000.0,506344400.0,0.06390150844690935,0.4885217047098769
2024-12-19,1114.0,1,4751,802996000000.0,41843000000.0,16246000000.0,520417000000.0,254235000000.0,506344400.0,0.06390150844690935,0.4885217047098769
2024-12-20,1107.0,1,4751,802996000000.0,41843000000.0,16246000000.0,520417000000.0,254235000000.0,506344400.0,0.06390150844690935,0.4885217047098769
2024-12-23,1106.5,1,4751,802996000000.0,41843000000.0,16246000000.0,520417000000.0,254235000000.0,506344400.0,0.06390150844690935,0.4885217047098769
2024-12-24,1092.5,1,4751,802996000000.0,41843000000.0,16246000000.0,520417000000.0,254235000000.0,506344400.0,0.06390150844690935,0.4885217047098769
2024-12-25,1091.5,1,4751,802996000000.0,41843000000.0,16246000000.0,520417000000.0,254235000000.0,506344400.0,0.06390150844690935,0.4885217047098769
2024-12-26,1089.0,1,4751,802996000000.0,41843000000.0,16246000000.0,520417000000.0,254235000000.0,506344400.0,0.06390150844690935,0.4885217047098769
2024-12-27,1111.5,1,4751,802996000000.0,41843000000.0,16246000000.0,520417000000.0,254235000000.0,506344400.0,0.06390150844690935,0.4885217047098769
2024-12-30,1096.0,1,4751,802996000000.0,41843000000.0,16246000000.0,520417000000.0,254235000000.0,506344400.0,0.06390150844690935,0.4885217047098769
2025-01-06,1056.0,1,4751,802996000000.0,41843000000.0,16246000000.0,520417000000.0,254235000000.0,506344400.0,0.06390150844690935,0.4885217047098769
2025-01-07,1070.5,0,4751,802996000000.0,41843000000.0,16246000000.0,520417000000.0,254235000000.0,506344400.0,0.06390150844690935,0.4885217047098769
2025-01-08,1080.5,0,4751,802996000000.0,41843000000.0,16246000000.0,520417000000.0,254235000000.0,506344400.0,0.06390150844690935,0.4885217047098769
2025-01-09,1089.5,0,4751,802996000000.0,41843000000.0,16246000000.0,520417000000.0,254235000000.0,506344400.0,0.06390150844690935,0.4885217047098769
2025-01-10,1065.0,1,4751,802996000000.0,41843000000.0,16246000000.0,520417000000.0,254235000000.0,506344400.0,0.06390150844690935,0.4885217047098769
2025-01-14,1039.0,1,4751,802996000000.0,41843000000.0,16246000000.0,520417000000.0,254235000000.0,506344400.0,0.06390150844690935,0.4885217047098769
2025-01-15,1033.5,1,4751,802996000000.0,41843000000.0,16246000000.0,520417000000.0,254235000000.0,506344400.0,0.06390150844690935,0.4885217047098769
2025-01-16,1070.0,1,4751,802996000000.0,41843000000.0,16246000000.0,520417000000.0,254235000000.0,506344400.0,0.06390150844690935,0.4885217047098769
2025-01-17,1067.0,1,4751,802996000000.0,41843000000.0,16246000000.0,520417000000.0,254235000000.0,506344400.0,0.06390150844690935,0.4885217047098769
2025-01-20,1085.5,1,4751,802996000000.0,41843000000.0,16246000000.0,520417000000.0,254235000000.0,506344400.0,0.06390150844690935,0.4885217047098769
2025-01-21,1083.5,1,4751,802996000000.0,41843000000.0,16246000000.0,520417000000.0,254235000000.0,506344400.0,0.06390150844690935,0.4885217047098769
2025-01-22,1095.5,1,4751,802996000000.0,41843000000.0,16246000000.0,520417000000.0,254235000000.0,506344400.0,0.06390150844690935,0.4885217047098769
2025-01-23,1086.0,1,4751,802996000000.0,41843000000.0,16246000000.0,520417000000.0,254235000000.0,506344400.0,0.06390150844690935,0.4885217047098769
2025-01-24,1116.0,1,4751,802996000000.0,41843000000.0,16246000000.0,520417000000.0,254235000000.0,506344400.0,0.06390150844690935,0.4885217047098769
2025-01-27,1122.0,1,4751,802996000000.0,41843000000.0,16246000000.0,520417000000.0,254235000000.0,506344400.0,0.06390150844690935,0.4885217047098769
2025-01-28,1151.5,1,4751,802996000000.0,41843000000.0,16246000000.0,520417000000.0,254235000000.0,506344400.0,0.06390150844690935,0.4885217047098769
2025-01-29,1134.0,1,4751,203842000000.0,8301000000.0,5071000000.0,524972000000.0,252002000000.0,506430400.0,0.020122856167808192,0.4800294110924011
2025-01-30,1190.0,1,4751,203842000000.0,8301000000.0,5071000000.0,524972000000.0,252002000000.0,506430400.0,0.020122856167808192,0.4800294110924011
2025-01-31,1164.0,1,4751,203842000000.0,8301000000.0,5071000000.0,524972000000.0,252002000000.0,506430400.0,0.020122856167808192,0.4800294110924011
2025-02-03,1132.5,1,4751,203842000000.0,8301000000.0,5071000000.0,524972000000.0,252002000000.0,506430400.0,0.020122856167808192,0.4800294110924011
2025-02-04,1130.5,1,4751,203842000000.0,8301000000.0,5071000000.0,524972000000.0,252002000000.0,506430400.0,0.020122856167808192,0.4800294110924011
2025-02-05,1156.0,1,4751,203842000000.0,8301000000.0,5071000000.0,524972000000.0,252002000000.0,506430400.0,0.020122856167808192,0.4800294110924011
2025-02-06,1180.0,1,4751,203842000000.0,8301000000.0,5071000000.0,524972000000.0,252002000000.0,506430400.0,0.020122856167808192,0.4800294110924011
2025-02-07,1169.0,1,4751,203842000000.0,8301000000.0,5071000000.0,524972000000.0,252002000000.0,506430400.0,0.020122856167808192,0.4800294110924011
2025-02-10,1175.5,1,4751,203842000000.0,8301000000.0,5071000000.0,524972000000.0,252002000000.0,506430400.0,0.020122856167808192,0.4800294110924011
2025-02-12,1182.0,1,4751,203842000000.0,8301000000.0,5071000000.0,524972000000.0,252002000000.0,506430400.0,0.020122856167808192,0.4800294110924011
2025-02-13,1196.0,1,4751,203842000000.0,8301000000.0,5071000000.0,524972000000.0,252002000000.0,506430400.0,0.020122856167808192,0.4800294110924011
2025-02-14,1182.5,1,4751,203842000000.0,8301000000.0,5071000000.0,524972000000.0,252002000000.0,506430400.0,0.020122856167808192,0.4800294110924011
2025-02-17,1179.0,1,4751,203842000000.0,8301000000.0,5071000000.0,524972000000.0,252002000000.0,506430400.0,0.020122856167808192,0.4800294110924011
2025-02-18,1156.5,1,4751,203842000000.0,8301000000.0,5071000000.0,524972000000.0,252002000000.0,506430400.0,0.020122856167808192,0.4800294110924011
2025-02-19,1185.0,1,4751,203842000000.0,8301000000.0,5071000000.0,524972000000.0,252002000000.0,506430400.0,0.020122856167808192,0.4800294110924011
2025-02-20,1166.5,1,4751,203842000000.0,8301000000.0,5071000000.0,524972000000.0,252002000000.0,506430400.0,0.020122856167808192,0.4800294110924011
2025-02-21,1162.5,1,4751,203842000000.0,8301000000.0,5071000000.0,524972000000.0,252002000000.0,506430400.0,0.020122856167808192,0.4800294110924011
2025-02-25,1154.0,1,4751,203842000000.0,8301000000.0,5071000000.0,524972000000.0,252002000000.0,506430400.0,0.020122856167808192,0.4800294110924011
2025-02-26,1141.5,1,4751,203842000000.0,8301000000.0,5071000000.0,524972000000.0,252002000000.0,506430400.0,0.020122856167808192,0.4800294110924011
2025-02-27,1141.5,1,4751,203842000000.0,8301000000.0,5071000000.0,524972000000.0,252002000000.0,506430400.0,0.020122856167808192,0.4800294110924011
2025-02-28,1114.0,1,4751,203842000000.0,8301000000.0,5071000000.0,524972000000.0,252002000000.0,506430400.0,0.020122856167808192,0.4800294110924011
2025-03-03,1116.0,1,4751,203842000000.0,8301000000.0,5071000000.0,524972000000.0,252002000000.0,506430400.0,0.020122856167808192,0.4800294110924011
2025-03-04,1116.0,1,4751,203842000000.0,8301000000.0,5071000000.0,524972000000.0,252002000000.0,506430400.0,0.020122856167808192,0.4800294110924011
2025-03-05,1120.0,1,4751,203842000000.0,8301000000.0,5071000000.0,524972000000.0,252002000000.0,506430400.0,0.020122856167808192,0.4800294110924011
2025-03-06,1113.5,1,4751,203842000000.0,8301000000.0,5071000000.0,524972000000.0,252002000000.0,506430400.0,0.020122856167808192,0.4800294110924011
2025-03-07,1092.5,1,4751,203842000000.0,8301000000.0,5071000000.0,524972000000.0,252002000000.0,506430400.0,0.020122856167808192,0.4800294110924011
2025-03-10,1100.0,1,4751,203842000000.0,8301000000.0,5071000000.0,524972000000.0,252002000000.0,506430400.0,0.020122856167808192,0.4800294110924011
2025-03-11,1097.5,1,4751,203842000000.0,8301000000.0,5071000000.0,524972000000.0,252002000000.0,506430400.0,0.020122856167808192,0.4800294110924011
2025-03-12,1132.5,1,4751,203842000000.0,8301000000.0,5071000000.0,524972000000.0,252002000000.0,506430400.0,0.020122856167808192,0.4800294110924011
2025-03-13,1140.5,1,4751,203842000000.0,8301000000.0,5071000000.0,524972000000.0,252002000000.0,506430400.0,0.020122856167808192,0.4800294110924011
2025-03-14,1152.5,1,4751,203842000000.0,8301000000.0,5071000000.0,524972000000.0,252002000000.0,506430400.0,0.020122856167808192,0.4800294110924011
2025-03-17,1172.0,1,4751,203842000000.0,8301000000.0,5071000000.0,524972000000.0,252002000000.0,506430400.0,0.020122856167808192,0.4800294110924011
2025-03-18,1211.0,1,4751,203842000000.0,8301000000.0,5071000000.0,524972000000.0,252002000000.0,506430400.0,0.020122856167808192,0.4800294110924011
2025-03-19,1205.5,1,4751,203842000000.0,8301000000.0,5071000000.0,524972000000.0,252002000000.0,506430400.0,0.020122856167808192,0.4800294110924011
2025-03-21,1237.0,1,4751,203842000000.0,8301000000.0,5071000000.0,524972000000.0,252002000000.0,506430400.0,0.020122856167808192,0.4800294110924011
2025-03-24,1274.0,1,4751,203842000000.0,8301000000.0,5071000000.0,524972000000.0,252002000000.0,506430400.0,0.020122856167808192,0.4800294110924011
2025-03-25,1293.0,1,4751,203842000000.0,8301000000.0,5071000000.0,524972000000.0,252002000000.0,506430400.0,0.020122856167808192,0.4800294110924011
2025-03-26,1291.5,1,4751,203842000000.0,8301000000.0,5071000000.0,524972000000.0,252002000000.0,506430400.0,0.020122856167808192,0.4800294110924011
2025-03-27,1255.0,1,4751,203842000000.0,8301000000.0,5071000000.0,524972000000.0,252002000000.0,506430400.0,0.020122856167808192,0.4800294110924011
2025-03-28,1185.5,1,4751,203842000000.0,8301000000.0,5071000000.0,524972000000.0,252002000000.0,506430400.0,0.020122856167808192,0.4800294110924011
2025-03-31,1129.5,1,4751,203842000000.0,8301000000.0,5071000000.0,524972000000.0,252002000000.0,506430400.0,0.020122856167808192,0.4800294110924011
2025-04-01,1156.5,1,4751,203842000000.0,8301000000.0,5071000000.0,524972000000.0,252002000000.0,506430400.0,0.020122856167808192,0.4800294110924011
2025-04-02,1149.5,1,4751,203842000000.0,8301000000.0,5071000000.0,524972000000.0,252002000000.0,506430400.0,0.020122856167808192,0.4800294110924011
2025-04-03,1137.0,1,4751,203842000000.0,8301000000.0,5071000000.0,524972000000.0,252002000000.0,506430400.0,0.020122856167808192,0.4800294110924011
2025-04-04,1110.0,1,4751,203842000000.0,8301000000.0,5071000000.0,524972000000.0,252002000000.0,506430400.0,0.020122856167808192,0.4800294110924011
2025-04-07,1030.0,1,4751,203842000000.0,8301000000.0,5071000000.0,524972000000.0,252002000000.0,506430400.0,0.020122856167808192,0.4800294110924011
2025-04-08,1066.5,1,4751,203842000000.0,8301000000.0,5071000000.0,524972000000.0,252002000000.0,506430400.0,0.020122856167808192,0.4800294110924011
2025-04-09,1033.0,1,4751,203842000000.0,8301000000.0,5071000000.0,524972000000.0,252002000000.0,506430400.0,0.020122856167808192,0.4800294110924011
2025-04-10,1114.5,1,4751,203842000000.0,8301000000.0,5071000000.0,524972000000.0,252002000000.0,506430400.0,0.020122856167808192,0.4800294110924011
2025-04-11,1105.5,1,4751,203842000000.0,8301000000.0,5071000000.0,524972000000.0,252002000000.0,506430400.0,0.020122856167808192,0.4800294110924011
2025-04-14,1100.0,1,4751,203842000000.0,8301000000.0,5071000000.0,524972000000.0,252002000000.0,506430400.0,0.020122856167808192,0.4800294110924011
2025-04-15,1087.0,1,4751,203842000000.0,8301000000.0,5071000000.0,524972000000.0,252002000000.0,506430400.0,0.020122856167808192,0.4800294110924011
2025-04-16,1074.5,1,4751,203842000000.0,8301000000.0,5071000000.0,524972000000.0,252002000000.0,506430400.0,0.020122856167808192,0.4800294110924011
2025-04-17,1173.5,1,4751,203842000000.0,8301000000.0,5071000000.0,524972000000.0,252002000000.0,506430400.0,0.020122856167808192,0.4800294110924011
2025-04-18,1184.0,1,4751,203842000000.0,8301000000.0,5071000000.0,524972000000.0,252002000000.0,506430400.0,0.020122856167808192,0.4800294110924011
2025-04-21,1189.0,1,4751,203842000000.0,8301000000.0,5071000000.0,524972000000.0,252002000000.0,506430400.0,0.020122856167808192,0.4800294110924011
2025-04-22,1173.0,1,4751,203842000000.0,8301000000.0,5071000000.0,524972000000.0,252002000000.0,506430400.0,0.020122856167808192,0.4800294110924011
2025-04-23,1168.5,1,4751,203842000000.0,8301000000.0,5071000000.0,524972000000.0,252002000000.0,506430400.0,0.020122856167808192,0.4800294110924011
2025-04-24,1158.5,1,4751,203842000000.0,8301000000.0,5071000000.0,524972000000.0,252002000000.0,506430400.0,0.020122856167808192,0.4800294110924011
2025-04-25,1191.5,1,4751,203842000000.0,8301000000.0,5071000000.0,524972000000.0,252002000000.0,506430400.0,0.020122856167808192,0.4800294110924011
2025-04-28,1201.5,1,4751,203842000000.0,8301000000.0,5071000000.0,524972000000.0,252002000000.0,506430400.0,0.020122856167808192,0.4800294110924011
2025-04-30,1224.5,0,4751,203842000000.0,8301000000.0,5071000000.0,524972000000.0,252002000000.0,506430400.0,0.020122856167808192,0.4800294110924011
2025-05-01,1239.5,0,4751,203842000000.0,8301000000.0,5071000000.0,524972000000.0,252002000000.0,506430400.0,0.020122856167808192,0.4800294110924011
2025-05-02,1228.0,0,4751,203842000000.0,8301000000.0,5071000000.0,524972000000.0,252002000000.0,506430400.0,0.020122856167808192,0.4800294110924011
2025-05-07,1248.5,0,4751,203842000000.0,8301000000.0,5071000000.0,524972000000.0,252002000000.0,506430400.0,0.020122856167808192,0.4800294110924011
2025-05-08,1253.5,0,4751,203842000000.0,8301000000.0,5071000000.0,524972000000.0,252002000000.0,506430400.0,0.020122856167808192,0.4800294110924011
2025-05-09,1263.5,0,4751,203842000000.0,8301000000.0,5071000000.0,524972000000.0,252002000000.0,506430400.0,0.020122856167808192,0.4800294110924011
2025-05-12,1254.5,0,4751,203842000000.0,8301000000.0,5071000000.0,524972000000.0,252002000000.0,506430400.0,0.020122856167808192,0.4800294110924011
2025-05-13,1240.5,0,4751,203842000000.0,8301000000.0,5071000000.0,524972000000.0,252002000000.0,506430400.0,0.020122856167808192,0.4800294110924011
2025-05-14,1231.0,0,4751,203842000000.0,8301000000.0,5071000000.0,524972000000.0,252002000000.0,506430400.0,0.020122856167808192,0.4800294110924011
2025-05-15,1226.5,0,4751,203842000000.0,8301000000.0,5071000000.0,521241000000.0,248271000000.0,506430400.0,0.020425261105807765,0.4763075045900073
2025-05-16,1411.5,0,4751,203842000000.0,8301000000.0,5071000000.0,521241000000.0,248271000000.0,506430400.0,0.020425261105807765,0.4763075045900073
2025-05-19,1410.0,0,4751,203842000000.0,8301000000.0,5071000000.0,521241000000.0,248271000000.0,506430400.0,0.020425261105807765,0.4763075045900073
2025-05-20,1399.0,0,4751,203842000000.0,8301000000.0,5071000000.0,521241000000.0,248271000000.0,506430400.0,0.020425261105807765,0.4763075045900073
2025-05-21,1401.0,0,4751,203842000000.0,8301000000.0,5071000000.0,521241000000.0,248271000000.0,506430400.0,0.020425261105807765,0.4763075045900073
2025-05-22,1391.0,0,4751,203842000000.0,8301000000.0,5071000000.0,521241000000.0,248271000000.0,506430400.0,0.020425261105807765,0.4763075045900073
2025-05-23,1417.5,0,4751,203842000000.0,8301000000.0,5071000000.0,521241000000.0,248271000000.0,506430400.0,0.020425261105807765,0.4763075045900073
2025-05-26,1481.5,0,4751,203842000000.0,8301000000.0,5071000000.0,521241000000.0,248271000000.0,506430400.0,0.020425261105807765,0.4763075045900073
2025-05-27,1480.5,0,4751,203842000000.0,8301000000.0,5071000000.0,521241000000.0,248271000000.0,506430400.0,0.020425261105807765,0.4763075045900073
2025-05-28,1475.5,0,4751,203842000000.0,8301000000.0,5071000000.0,521241000000.0,248271000000.0,506430400.0,0.020425261105807765,0.4763075045900073
2025-05-29,1464.5,0,4751,203842000000.0,8301000000.0,5071000000.0,521241000000.0,248271000000.0,506430400.0,0.020425261105807765,0.4763075045900073
2025-05-30,1465.0,0,4751,203842000000.0,8301000000.0,5071000000.0,521241000000.0,248271000000.0,506430400.0,0.020425261105807765,0.4763075045900073
2025-06-02,1482.5,0,4751,203842000000.0,8301000000.0,5071000000.0,521241000000.0,248271000000.0,506430400.0,0.020425261105807765,0.4763075045900073
2025-06-03,1508.5,0,4751,203842000000.0,8301000000.0,5071000000.0,521241000000.0,248271000000.0,506430400.0,0.020425261105807765,0.4763075045900073
2025-06-04,1527.5,0,4751,203842000000.0,8301000000.0,5071000000.0,521241000000.0,248271000000.0,506430400.0,0.020425261105807765,0.4763075045900073
2025-06-05,1505.5,0,4751,203842000000.0,8301000000.0,5071000000.0,521241000000.0,248271000000.0,506430400.0,0.020425261105807765,0.4763075045900073
2025-06-06,1500.0,0,4751,203842000000.0,8301000000.0,5071000000.0,521241000000.0,248271000000.0,506430400.0,0.020425261105807765,0.4763075045900073
2025-06-09,1501.0,0,4751,203842000000.0,8301000000.0,5071000000.0,521241000000.0,248271000000.0,506430400.0,0.020425261105807765,0.4763075045900073
2025-06-10,1517.5,0,4751,203842000000.0,8301000000.0,5071000000.0,521241000000.0,248271000000.0,506430400.0,0.020425261105807765,0.4763075045900073
2025-06-11,1500.0,0,4751,203842000000.0,8301000000.0,5071000000.0,521241000000.0,248271000000.0,506430400.0,0.020425261105807765,0.4763075045900073
2025-06-12,1485.5,0,4751,203842000000.0,8301000000.0,5071000000.0,521241000000.0,248271000000.0,506430400.0,0.020425261105807765,0.4763075045900073
2025-06-13,1465.5,0,4751,203842000000.0,8301000000.0,5071000000.0,521241000000.0,248271000000.0,506430400.0,0.020425261105807765,0.4763075045900073
2025-06-16,1508.0,0,4751,203842000000.0,8301000000.0,5071000000.0,521241000000.0,248271000000.0,506430400.0,0.020425261105807765,0.4763075045900073
2025-06-17,1509.5,0,4751,203842000000.0,8301000000.0,5071000000.0,521241000000.0,248271000000.0,506430400.0,0.020425261105807765,0.4763075045900073
2025-06-18,1540.5,0,4751,203842000000.0,8301000000.0,5071000000.0,521241000000.0,248271000000.0,506430400.0,0.020425261105807765,0.4763075045900073
2025-06-19,1550.5,0,4751,203842000000.0,8301000000.0,5071000000.0,521241000000.0,248271000000.0,506430400.0,0.020425261105807765,0.4763075045900073
2025-06-20,1547.5,0,4751,203842000000.0,8301000000.0,5071000000.0,521241000000.0,248271000000.0,506430400.0,0.020425261105807765,0.4763075045900073
2025-06-23,1569.0,0,4751,203842000000.0,8301000000.0,5071000000.0,521241000000.0,248271000000.0,506430400.0,0.020425261105807765,0.4763075045900073
2025-06-24,1584.0,0,4751,203842000000.0,8301000000.0,5071000000.0,521241000000.0,248271000000.0,506430400.0,0.020425261105807765,0.4763075045900073
2025-06-25,1625.5,0,4751,203842000000.0,8301000000.0,5071000000.0,521241000000.0,248271000000.0,506430400.0,0.020425261105807765,0.4763075045900073
2025-06-26,1643.5,0,4751,203842000000.0,8301000000.0,5071000000.0,521241000000.0,248271000000.0,506430400.0,0.020425261105807765,0.4763075045900073
2025-06-27,1629.5,0,4751,203842000000.0,8301000000.0,5071000000.0,521241000000.0,248271000000.0,506430400.0,0.020425261105807765,0.4763075045900073
2025-06-30,1650.0,0,4751,203842000000.0,8301000000.0,5071000000.0,521241000000.0,248271000000.0,506430400.0,0.020425261105807765,0.4763075045900073
2025-07-01,1650.5,0,4751,203842000000.0,8301000000.0,5071000000.0,521241000000.0,248271000000.0,506430400.0,0.020425261105807765,0.4763075045900073
2025-07-02,1584.5,0,4751,203842000000.0,8301000000.0,5071000000.0,521241000000.0,248271000000.0,506430400.0,0.020425261105807765,0.4763075045900073
2025-07-03,1564.0,0,4751,203842000000.0,8301000000.0,5071000000.0,521241000000.0,248271000000.0,506430400.0,0.020425261105807765,0.4763075045900073
2025-07-04,1545.0,0,4751,203842000000.0,8301000000.0,5071000000.0,521241000000.0,248271000000.0,506430400.0,0.020425261105807765,0.4763075045900073
2025-07-07,1541.5,0,4751,203842000000.0,8301000000.0,5071000000.0,521241000000.0,248271000000.0,506430400.0,0.020425261105807765,0.4763075045900073
2025-07-08,1528.5,0,4751,203842000000.0,8301000000.0,5071000000.0,521241000000.0,248271000000.0,506430400.0,0.020425261105807765,0.4763075045900073
2025-07-09,1534.5,0,4751,203842000000.0,8301000000.0,5071000000.0,521241000000.0,248271000000.0,506430400.0,0.020425261105807765,0.4763075045900073
2025-07-10,1520.0,0,4751,203842000000.0,8301000000.0,5071000000.0,521241000000.0,248271000000.0,506430400.0,0.020425261105807765,0.4763075045900073
2025-07-11,1493.5,0,4751,203842000000.0,8301000000.0,5071000000.0,521241000000.0,248271000000.0,506430400.0,0.020425261105807765,0.4763075045900073
2025-07-14,1487.5,0,4751,203842000000.0,8301000000.0,5071000000.0,521241000000.0,248271000000.0,506430400.0,0.020425261105807765,0.4763075045900073
2025-07-15,1476.5,0,4751,203842000000.0,8301000000.0,5071000000.0,521241000000.0,248271000000.0,506430400.0,0.020425261105807765,0.4763075045900073
2025-07-16,1502.5,0,4751,203842000000.0,8301000000.0,5071000000.0,521241000000.0,248271000000.0,506430400.0,0.020425261105807765,0.4763075045900073
2025-07-17,1578.5,0,4751,203842000000.0,8301000000.0,5071000000.0,521241000000.0,248271000000.0,506430400.0,0.020425261105807765,0.4763075045900073
2025-07-18,1543.0,0,4751,203842000000.0,8301000000.0,5071000000.0,521241000000.0,248271000000.0,506430400.0,0.020425261105807765,0.4763075045900073
2025-07-22,1562.5,0,4751,203842000000.0,8301000000.0,5071000000.0,521241000000.0,248271000000.0,506430400.0,0.020425261105807765,0.4763075045900073
2025-07-23,1586.0,0,4751,203842000000.0,8301000000.0,5071000000.0,521241000000.0,248271000000.0,506430400.0,0.020425261105807765,0.4763075045900073
2025-07-24,1594.0,0,4751,203842000000.0,8301000000.0,5071000000.0,521241000000.0,248271000000.0,506430400.0,0.020425261105807765,0.4763075045900073
2025-07-25,1573.0,0,4751,203842000000.0,8301000000.0,5071000000.0,521241000000.0,248271000000.0,506430400.0,0.020425261105807765,0.4763075045900073
2023-08-01,33830.0,0,3697,,,,,,,,
2023-08-02,32360.0,0,3697,,,,,,,,
2023-08-03,31850.0,0,3697,,,,,,,,
2023-08-04,32800.0,0,3697,,,,,,,,
2023-08-07,32750.0,0,3697,,,,,,,,
2023-08-08,32130.0,0,3697,,,,,,,,
2023-08-09,32020.0,0,3697,,,,,,,,
2023-08-10,30960.0,1,3697,,,,,,,,
2023-08-14,31140.0,1,3697,,,,,,,,
2023-08-15,31590.0,1,3697,,,,,,,,
2023-08-16,30860.0,1,3697,,,,,,,,
2023-08-17,30060.0,1,3697,,,,,,,,
2023-08-18,30000.0,1,3697,,,,,,,,
2023-08-21,29925.0,1,3697,,,,,,,,
2023-08-22,29995.0,1,3697,,,,,,,,
2023-08-23,29985.0,1,3697,,,,,,,,
2023-08-24,29890.0,1,3697,,,,,,,,
2023-08-25,29905.0,1,3697,,,,,,,,
2023-08-28,29965.0,1,3697,,,,,,,,
2023-08-29,30130.0,1,3697,,,,,,,,
2023-08-30,29695.0,1,3697,,,,,,,,
2023-08-31,30000.0,1,3697,,,,,,,,
2023-09-01,29890.0,1,3697,,,,,,,,
2023-09-04,29070.0,1,3697,,,,,,,,
2023-09-05,29405.0,1,3697,,,,,,,,
2023-09-06,29435.0,1,3697,,,,,,,,
2023-09-07,28720.0,1,3697,,,,,,,,
2023-09-08,28555.0,1,3697,,,,,,,,
2023-09-11,27780.0,1,3697,,,,,,,,
2023-09-12,28125.0,1,3697,,,,,,,,
2023-09-13,27545.0,1,3697,,,,,,,,
2023-09-14,27635.0,1,3697,,,,,,,,
2023-09-15,27830.0,1,3697,,,,,,,,
2023-09-19,27025.0,1,3697,,,,,,,,
2023-09-20,26275.0,1,3697,,,,,,,,
2023-09-21,26370.0,1,3697,,,,,,,,
2023-09-22,26470.0,1,3697,,,,,,,,
2023-09-25,27165.0,1,3697,,,,,,,,
2023-09-26,26435.0,1,3697,,,,,,,,
2023-09-27,26465.0,1,3697,,,,,,,,
2023-09-28,26905.0,1,3697,,,,,,,,
2023-09-29,27310.0,1,3697,,,,,,,,
2023-10-02,26530.0,1,3697,,,,,,,,
2023-10-03,26505.0,1,3697,,,,,,,,
2023-10-04,25755.0,1,3697,,,,,,,,
2023-10-05,26560.0,1,3697,,,,,,,,
2023-10-06,26050.0,1,3697,,,,,,,,
2023-10-10,26940.0,1,3697,,,,,,,,
2023-10-11,26930.0,1,3697,,,,,,,,
2023-10-12,28045.0,1,3697,88043000000.0,11569000000.0,6248000000.0,49500000000.0,29581000000.0,17823114.0,0.21121665934214529,0.5975959595959596
2023-10-13,27420.0,1,3697,88043000000.0,11569000000.0,6248000000.0,49500000000.0,29581000000.0,17823114.0,0.21121665934214529,0.5975959595959596
2023-10-16,28705.0,0,3697,88043000000.0,11569000000.0,6248000000.0,49500000000.0,29581000000.0,17823114.0,0.21121665934214529,0.5975959595959596
2023-10-17,29270.0,0,3697,88043000000.0,11569000000.0,6248000000.0,49500000000.0,29581000000.0,17823114.0,0.21121665934214529,0.5975959595959596
2023-10-18,28315.0,0,3697,88043000000.0,11569000000.0,6248000000.0,49500000000.0,29581000000.0,17823114.0,0.21121665934214529,0.5975959595959596
2023-10-19,27965.0,0,3697,88043000000.0,11569000000.0,6248000000.0,49500000000.0,29581000000.0,17823114.0,0.21121665934214529,0.5975959595959596
2023-10-20,26420.0,1,3697,88043000000.0,11569000000.0,6248000000.0,49500000000.0,29581000000.0,17823114.0,0.21121665934214529,0.5975959595959596
2023-10-23,26310.0,1,3697,88043000000.0,11569000000.0,6248000000.0,49500000000.0,29581000000.0,17823114.0,0.21121665934214529,0.5975959595959596
2023-10-24,26595.0,1,3697,88030000000.0,11565000000.0,6245000000.0,49530000000.0,29578000000.0,17823114.0,0.21113665562242206,0.5971734302442964
2023-10-25,25665.0,1,3697,88030000000.0,11565000000.0,6245000000.0,49530000000.0,29578000000.0,17823114.0,0.21113665562242206,0.5971734302442964
2023-10-26,25050.0,1,3697,88030000000.0,11565000000.0,6245000000.0,49530000000.0,29578000000.0,17823114.0,0.21113665562242206,0.5971734302442964
2023-10-27,25950.0,1,3697,88030000000.0,11565000000.0,6245000000.0,49530000000.0,29578000000.0,17823114.0,0.21113665562242206,0.5971734302442964
2023-10-30,26180.0,1,3697,88030000000.0,11565000000.0,6245000000.0,49530000000.0,29578000000.0,17823114.0,0.21113665562242206,0.5971734302442964
2023-10-31,27150.0,0,3697,88030000000.0,11565000000.0,6245000000.0,49530000000.0,29578000000.0,17823114.0,0.21113665562242206,0.5971734302442964
2023-11-01,27030.0,0,3697,88030000000.0,11565000000.0,6245000000.0,49530000000.0,29578000000.0,17823114.0,0.21113665562242206,0.5971734302442964
2023-11-02,27965.0,0,3697,88030000000.0,11565000000.0,6245000000.0,49530000000.0,29578000000.0,17823114.0,0.21113665562242206,0.5971734302442964
2023-11-06,30150.0,0,3697,88030000000.0,11565000000.0,6245000000.0,49530000000.0,29578000000.0,17823114.0,0.21113665562242206,0.5971734302442964
2023-11-07,31210.0,0,3697,88030000000.0,11565000000.0,6245000000.0,49530000000.0,29578000000.0,17823114.0,0.21113665562242206,0.5971734302442964
2023-11-08,31730.0,0,3697,88030000000.0,11565000000.0,6245000000.0,49530000000.0,29578000000.0,17823114.0,0.21113665562242206,0.5971734302442964
2023-11-09,32470.0,0,3697,88030000000.0,11565000000.0,6245000000.0,49530000000.0,29578000000.0,17823114.0,0.21113665562242206,0.5971734302442964
2023-11-10,32720.0,0,3697,88030000000.0,11565000000.0,6245000000.0,49530000000.0,29578000000.0,17823114.0,0.21113665562242206,0.5971734302442964
2023-11-13,32530.0,0,3697,88030000000.0,11565000000.0,6245000000.0,49530000000.0,29578000000.0,17823114.0,0.21113665562242206,0.5971734302442964
2023-11-14,32270.0,0,3697,88030000000.0,11565000000.0,6245000000.0,49530000000.0,29578000000.0,17823114.0,0.21113665562242206,0.5971734302442964
2023-11-15,33370.0,0,3697,88030000000.0,11565000000.0,6245000000.0,49530000000.0,29578000000.0,17823114.0,0.21113665562242206,0.5971734302442964
2023-11-16,33280.0,0,3697,88030000000.0,11565000000.0,6245000000.0,49530000000.0,29578000000.0,17823114.0,0.21113665562242206,0.5971734302442964
2023-11-17,33330.0,0,3697,88030000000.0,11565000000.0,6245000000.0,49530000000.0,29578000000.0,17823114.0,0.21113665562242206,0.5971734302442964
2023-11-20,33610.0,0,3697,88030000000.0,11565000000.0,6245000000.0,49530000000.0,29578000000.0,17823114.0,0.21113665562242206,0.5971734302442964
2023-11-21,34300.0,0,3697,88030000000.0,11565000000.0,6245000000.0,49530000000.0,29578000000.0,17823114.0,0.21113665562242206,0.5971734302442964
2023-11-22,34340.0,0,3697,88030000000.0,11565000000.0,6245000000.0,49530000000.0,29578000000.0,17823114.0,0.21113665562242206,0.5971734302442964
2023-11-24,33880.0,0,3697,88030000000.0,11565000000.0,6245000000.0,49530000000.0,29578000000.0,17823114.0,0.21113665562242206,0.5971734302442964
2023-11-27,33110.0,0,3697,88030000000.0,11565000000.0,6245000000.0,49530000000.0,29578000000.0,17823114.0,0.21113665562242206,0.5971734302442964
2023-11-28,32860.0,0,3697,88030000000.0,11565000000.0,6245000000.0,49530000000.0,29578000000.0,17823114.0,0.21113665562242206,0.5971734302442964
2023-11-29,34010.0,0,3697,88030000000.0,11565000000.0,6245000000.0,49530000000.0,29578000000.0,17823114.0,0.21113665562242206,0.5971734302442964
2023-11-30,34440.0,0,3697,88030000000.0,11565000000.0,6245000000.0,49530000000.0,29578000000.0,17823114.0,0.21113665562242206,0.5971734302442964
2023-12-01,33760.0,0,3697,88030000000.0,11565000000.0,6245000000.0,49530000000.0,29578000000.0,17823114.0,0.21113665562242206,0.5971734302442964
2023-12-04,34680.0,0,3697,88030000000.0,11565000000.0,6245000000.0,49530000000.0,29578000000.0,17823114.0,0.21113665562242206,0.5971734302442964
2023-12-05,33400.0,0,3697,88030000000.0,11565000000.0,6245000000.0,49530000000.0,29578000000.0,17823114.0,0.21113665562242206,0.5971734302442964
2023-12-06,33810.0,0,3697,88030000000.0,11565000000.0,6245000000.0,49530000000.0,29578000000.0,17823114.0,0.21113665562242206,0.5971734302442964
2023-12-07,33120.0,0,3697,88030000000.0,11565000000.0,6245000000.0,49530000000.0,29578000000.0,17823114.0,0.21113665562242206,0.5971734302442964
2023-12-08,32950.0,0,3697,88030000000.0,11565000000.0,6245000000.0,49530000000.0,29578000000.0,17823114.0,0.21113665562242206,0.5971734302442964
2023-12-11,33240.0,0,3697,88030000000.0,11565000000.0,6245000000.0,49530000000.0,29578000000.0,17823114.0,0.21113665562242206,0.5971734302442964
2023-12-12,32710.0,0,3697,88030000000.0,11565000000.0,6245000000.0,49530000000.0,29578000000.0,17823114.0,0.21113665562242206,0.5971734302442964
2023-12-13,33680.0,0,3697,88030000000.0,11565000000.0,6245000000.0,49530000000.0,29578000000.0,17823114.0,0.21113665562242206,0.5971734302442964
2023-12-14,33630.0,0,3697,88030000000.0,11565000000.0,6245000000.0,49530000000.0,29578000000.0,17823114.0,0.21113665562242206,0.5971734302442964
2023-12-15,34290.0,0,3697,88030000000.0,11565000000.0,6245000000.0,49530000000.0,29578000000.0,17823114.0,0.21113665562242206,0.5971734302442964
2023-12-18,34480.0,0,3697,88030000000.0,11565000000.0,6245000000.0,49530000000.0,29578000000.0,17823114.0,0.21113665562242206,0.5971734302442964
2023-12-19,35740.0,0,3697,88030000000.0,11565000000.0,6245000000.0,49530000000.0,29578000000.0,17823114.0,0.21113665562242206,0.5971734302442964
2023-12-20,35280.0,0,3697,88030000000.0,11565000000.0,6245000000.0,49530000000.0,29578000000.0,17823114.0,0.21113665562242206,0.5971734302442964
2023-12-21,35220.0,0,3697,88030000000.0,11565000000.0,6245000000.0,49530000000.0,29578000000.0,17823114.0,0.21113665562242206,0.5971734302442964
2023-12-22,34830.0,0,3697,88030000000.0,11565000000.0,6245000000.0,49530000000.0,29578000000.0,17823114.0,0.21113665562242206,0.5971734302442964
2023-12-25,34720.0,0,3697,88030000000.0,11565000000.0,6245000000.0,49530000000.0,29578000000.0,17823114.0,0.21113665562242206,0.5971734302442964
2023-12-26,35460.0,0,3697,88030000000.0,11565000000.0,6245000000.0,49530000000.0,29578000000.0,17823114.0,0.21113665562242206,0.5971734302442964
2023-12-27,36000.0,0,3697,88030000000.0,11565000000.0,6245000000.0,49530000000.0,29578000000.0,17823114.0,0.21113665562242206,0.5971734302442964
2023-12-28,35680.0,0,3697,88030000000.0,11565000000.0,6245000000.0,49530000000.0,29578000000.0,17823114.0,0.21113665562242206,0.5971734302442964
2023-12-29,35820.0,0,3697,88030000000.0,11565000000.0,6245000000.0,49530000000.0,29578000000.0,17823114.0,0.21113665562242206,0.5971734302442964
2024-01-04,34800.0,0,3697,88030000000.0,11565000000.0,6245000000.0,49530000000.0,29578000000.0,17823114.0,0.21113665562242206,0.5971734302442964
2024-01-05,33760.0,0,3697,88030000000.0,11565000000.0,6245000000.0,49530000000.0,29578000000.0,17823114.0,0.21113665562242206,0.5971734302442964
2024-01-09,34150.0,0,3697,88030000000.0,11565000000.0,6245000000.0,49530000000.0,29578000000.0,17823114.0,0.21113665562242206,0.5971734302442964
2024-01-10,35190.0,0,3697,88030000000.0,11565000000.0,6245000000.0,49530000000.0,29578000000.0,17823114.0,0.21113665562242206,0.5971734302442964
2024-01-11,35210.0,0,3697,88030000000.0,11565000000.0,6245000000.0,49530000000.0,29578000000.0,17823114.0,0.21113665562242206,0.5971734302442964
2024-01-12,35090.0,0,3697,25073000000.0,1815000000.0,1095000000.0,53486000000.0,30671000000.0,17826614.0,0.035701476965211434,0.5734397786336611
2024-01-15,28090.0,0,3697,25073000000.0,1815000000.0,1095000000.0,53486000000.0,30671000000.0,17826614.0,0.035701476965211434,0.5734397786336611
2024-01-16,26640.0,0,3697,25073000000.0,1815000000.0,1095000000.0,53486000000.0,30671000000.0,17826614.0,0.035701476965211434,0.5734397786336611
2024-01-17,25930.0,0,3697,25073000000.0,1815000000.0,1095000000.0,53486000000.0,30671000000.0,17826614.0,0.035701476965211434,0.5734397786336611
2024-01-18,25450.0,0,3697,25073000000.0,1815000000.0,1095000000.0,53486000000.0,30671000000.0,17826614.0,0.035701476965211434,0.5734397786336611
2024-01-19,25585.0,0,3697,25073000000.0,1815000000.0,1095000000.0,53486000000.0,30671000000.0,17826614.0,0.035701476965211434,0.5734397786336611
2024-01-22,28020.0,0,3697,25073000000.0,1815000000.0,1095000000.0,53486000000.0,30671000000.0,17826614.0,0.035701476965211434,0.5734397786336611
2024-01-23,27415.0,0,3697,25073000000.0,1815000000.0,1095000000.0,53486000000.0,30671000000.0,17826614.0,0.035701476965211434,0.5734397786336611
2024-01-24,27465.0,0,3697,25073000000.0,1815000000.0,1095000000.0,53486000000.0,30671000000.0,17826614.0,0.035701476965211434,0.5734397786336611
2024-01-25,26740.0,0,3697,25073000000.0,1815000000.0,1095000000.0,53486000000.0,30671000000.0,17826614.0,0.035701476965211434,0.5734397786336611
2024-01-26,26600.0,0,3697,25073000000.0,1815000000.0,1095000000.0,53486000000.0,30671000000.0,17826614.0,0.035701476965211434,0.5734397786336611
2024-01-29,26230.0,0,3697,25073000000.0,1815000000.0,1095000000.0,53486000000.0,30671000000.0,17826614.0,0.035701476965211434,0.5734397786336611
2024-01-30,26885.0,0,3697,25073000000.0,1815000000.0,1095000000.0,53486000000.0,30671000000.0,17826614.0,0.035701476965211434,0.5734397786336611
2024-01-31,26865.0,0,3697,25073000000.0,1815000000.0,1095000000.0,53486000000.0,30671000000.0,17826614.0,0.035701476965211434,0.5734397786336611
2024-02-01,26455.0,0,3697,25073000000.0,1815000000.0,1095000000.0,53486000000.0,30671000000.0,17826614.0,0.035701476965211434,0.5734397786336611
2024-02-02,27555.0,0,3697,25073000000.0,1815000000.0,1095000000.0,53486000000.0,30671000000.0,17826614.0,0.035701476965211434,0.5734397786336611
2024-02-05,28005.0,0,3697,25073000000.0,1815000000.0,1095000000.0,53486000000.0,30671000000.0,17826614.0,0.035701476965211434,0.5734397786336611
2024-02-06,27470.0,0,3697,25073000000.0,1815000000.0,1095000000.0,53486000000.0,30671000000.0,17826614.0,0.035701476965211434,0.5734397786336611
2024-02-07,27485.0,0,3697,25073000000.0,1815000000.0,1095000000.0,53486000000.0,30671000000.0,17826614.0,0.035701476965211434,0.5734397786336611
2024-02-08,26850.0,0,3697,25073000000.0,1815000000.0,1095000000.0,53486000000.0,30671000000.0,17826614.0,0.035701476965211434,0.5734397786336611
2024-02-09,27370.0,0,3697,25073000000.0,1815000000.0,1095000000.0,53486000000.0,30671000000.0,17826614.0,0.035701476965211434,0.5734397786336611
2024-02-13,27265.0,0,3697,25073000000.0,1815000000.0,1095000000.0,53486000000.0,30671000000.0,17826614.0,0.035701476965211434,0.5734397786336611
2024-02-14,27040.0,0,3697,25073000000.0,1815000000.0,1095000000.0,53486000000.0,30671000000.0,17826614.0,0.035701476965211434,0.5734397786336611
2024-02-15,26865.0,0,3697,25073000000.0,1815000000.0,1095000000.0,53486000000.0,30671000000.0,17826614.0,0.035701476965211434,0.5734397786336611
2024-02-16,27085.0,0,3697,25073000000.0,1815000000.0,1095000000.0,53486000000.0,30671000000.0,17826614.0,0.035701476965211434,0.5734397786336611
2024-02-19,26900.0,0,3697,25073000000.0,1815000000.0,1095000000.0,53486000000.0,30671000000.0,17826614.0,0.035701476965211434,0.5734397786336611
2024-02-20,26635.0,0,3697,25073000000.0,1815000000.0,1095000000.0,53486000000.0,30671000000.0,17826614.0,0.035701476965211434,0.5734397786336611
2024-02-21,26220.0,0,3697,25073000000.0,1815000000.0,1095000000.0,53486000000.0,30671000000.0,17826614.0,0.035701476965211434,0.5734397786336611
2024-02-22,26005.0,0,3697,25073000000.0,1815000000.0,1095000000.0,53486000000.0,30671000000.0,17826614.0,0.035701476965211434,0.5734397786336611
2024-02-26,26270.0,0,3697,25073000000.0,1815000000.0,1095000000.0,53486000000.0,30671000000.0,17826614.0,0.035701476965211434,0.5734397786336611
2024-02-27,27660.0,0,3697,25073000000.0,1815000000.0,1095000000.0,53486000000.0,30671000000.0,17826614.0,0.035701476965211434,0.5734397786336611
2024-02-28,28160.0,0,3697,25073000000.0,1815000000.0,1095000000.0,53486000000.0,30671000000.0,17826614.0,0.035701476965211434,0.5734397786336611
2024-02-29,27580.0,0,3697,25073000000.0,1815000000.0,1095000000.0,53486000000.0,30671000000.0,17826614.0,0.035701476965211434,0.5734397786336611
2024-03-01,27780.0,0,3697,25073000000.0,1815000000.0,1095000000.0,53486000000.0,30671000000.0,17826614.0,0.035701476965211434,0.5734397786336611
2024-03-04,27150.0,0,3697,25073000000.0,1815000000.0,1095000000.0,53486000000.0,30671000000.0,17826614.0,0.035701476965211434,0.5734397786336611
2024-03-05,26560.0,0,3697,25073000000.0,1815000000.0,1095000000.0,53486000000.0,30671000000.0,17826614.0,0.035701476965211434,0.5734397786336611
2024-03-06,27055.0,0,3697,25073000000.0,1815000000.0,1095000000.0,53486000000.0,30671000000.0,17826614.0,0.035701476965211434,0.5734397786336611
2024-03-07,26655.0,0,3697,25073000000.0,1815000000.0,1095000000.0,53486000000.0,30671000000.0,17826614.0,0.035701476965211434,0.5734397786336611
2024-03-08,26250.0,0,3697,25073000000.0,1815000000.0,1095000000.0,53486000000.0,30671000000.0,17826614.0,0.035701476965211434,0.5734397786336611
2024-03-11,26105.0,0,3697,25073000000.0,1815000000.0,1095000000.0,53486000000.0,30671000000.0,17826614.0,0.035701476965211434,0.5734397786336611
2024-03-12,25960.0,0,3697,25073000000.0,1815000000.0,1095000000.0,53486000000.0,30671000000.0,17826614.0,0.035701476965211434,0.5734397786336611
2024-03-13,25745.0,0,3697,25073000000.0,1815000000.0,1095000000.0,53486000000.0,30671000000.0,17826614.0,0.035701476965211434,0.5734397786336611
2024-03-14,25560.0,0,3697,25073000000.0,1815000000.0,1095000000.0,53486000000.0,30671000000.0,17826614.0,0.035701476965211434,0.5734397786336611
2024-03-15,24540.0,0,3697,25073000000.0,1815000000.0,1095000000.0,53486000000.0,30671000000.0,17826614.0,0.035701476965211434,0.5734397786336611
2024-03-18,25425.0,0,3697,25073000000.0,1815000000.0,1095000000.0,53486000000.0,30671000000.0,17826614.0,0.035701476965211434,0.5734397786336611
2024-03-19,24900.0,0,3697,25073000000.0,1815000000.0,1095000000.0,53486000000.0,30671000000.0,17826614.0,0.035701476965211434,0.5734397786336611
2024-03-21,25150.0,0,3697,25073000000.0,1815000000.0,1095000000.0,53486000000.0,30671000000.0,17826614.0,0.035701476965211434,0.5734397786336611
2024-03-22,24805.0,0,3697,25073000000.0,1815000000.0,1095000000.0,53486000000.0,30671000000.0,17826614.0,0.035701476965211434,0.5734397786336611
2024-03-25,24015.0,0,3697,25073000000.0,1815000000.0,1095000000.0,53486000000.0,30671000000.0,17826614.0,0.035701476965211434,0.5734397786336611
2024-03-26,24375.0,0,3697,25073000000.0,1815000000.0,1095000000.0,53486000000.0,30671000000.0,17826614.0,0.035701476965211434,0.5734397786336611
2024-03-27,24410.0,0,3697,25073000000.0,1815000000.0,1095000000.0,53486000000.0,30671000000.0,17826614.0,0.035701476965211434,0.5734397786336611
2024-03-28,24040.0,0,3697,25073000000.0,1815000000.0,1095000000.0,53486000000.0,30671000000.0,17826614.0,0.035701476965211434,0.5734397786336611
2024-03-29,23715.0,0,3697,25073000000.0,1815000000.0,1095000000.0,53486000000.0,30671000000.0,17826614.0,0.035701476965211434,0.5734397786336611
2024-04-01,23355.0,0,3697,25073000000.0,1815000000.0,1095000000.0,53486000000.0,30671000000.0,17826614.0,0.035701476965211434,0.5734397786336611
2024-04-02,22385.0,0,3697,25073000000.0,1815000000.0,1095000000.0,53486000000.0,30671000000.0,17826614.0,0.035701476965211434,0.5734397786336611
2024-04-03,22190.0,0,3697,25073000000.0,1815000000.0,1095000000.0,53486000000.0,30671000000.0,17826614.0,0.035701476965211434,0.5734397786336611
2024-04-04,22000.0,0,3697,25073000000.0,1815000000.0,1095000000.0,53486000000.0,30671000000.0,17826614.0,0.035701476965211434,0.5734397786336611
2024-04-05,21465.0,0,3697,25073000000.0,1815000000.0,1095000000.0,53486000000.0,30671000000.0,17826614.0,0.035701476965211434,0.5734397786336611
2024-04-08,21520.0,0,3697,25073000000.0,1815000000.0,1095000000.0,53486000000.0,30671000000.0,17826614.0,0.035701476965211434,0.5734397786336611
2024-04-09,21420.0,0,3697,25073000000.0,1815000000.0,1095000000.0,53486000000.0,30671000000.0,17826614.0,0.035701476965211434,0.5734397786336611
2024-04-10,21355.0,0,3697,25073000000.0,1815000000.0,1095000000.0,53486000000.0,30671000000.0,17826614.0,0.035701476965211434,0.5734397786336611
2024-04-11,20770.0,0,3697,52305000000.0,4685000000.0,2977000000.0,62241000000.0,32443000000.0,17826878.0,0.09176093456215516,0.5212480519271863
2024-04-12,18615.0,0,3697,52305000000.0,4685000000.0,2977000000.0,62241000000.0,32443000000.0,17826878.0,0.09176093456215516,0.5212480519271863
2024-04-15,16950.0,0,3697,52305000000.0,4685000000.0,2977000000.0,62241000000.0,32443000000.0,17826878.0,0.09176093456215516,0.5212480519271863
2024-04-16,17490.0,0,3697,52305000000.0,4685000000.0,2977000000.0,62241000000.0,32443000000.0,17826878.0,0.09176093456215516,0.5212480519271863
2024-04-17,16660.0,0,3697,52305000000.0,4685000000.0,2977000000.0,62241000000.0,32443000000.0,17826878.0,0.09176093456215516,0.5212480519271863
2024-04-18,16350.0,0,3697,52305000000.0,4685000000.0,2977000000.0,62241000000.0,32443000000.0,17826878.0,0.09176093456215516,0.5212480519271863
2024-04-19,15350.0,0,3697,52305000000.0,4685000000.0,2977000000.0,62241000000.0,32443000000.0,17826878.0,0.09176093456215516,0.5212480519271863
2024-04-22,16595.0,0,3697,52305000000.0,4685000000.0,2977000000.0,62241000000.0,32443000000.0,17826878.0,0.09176093456215516,0.5212480519271863
2024-04-23,16005.0,0,3697,52305000000.0,4685000000.0,2977000000.0,62241000000.0,32443000000.0,17826878.0,0.09176093456215516,0.5212480519271863
2024-04-24,15805.0,0,3697,52305000000.0,4685000000.0,2977000000.0,62241000000.0,32443000000.0,17826878.0,0.09176093456215516,0.5212480519271863
2024-04-25,14835.0,0,3697,52305000000.0,4685000000.0,2977000000.0,62241000000.0,32443000000.0,17826878.0,0.09176093456215516,0.5212480519271863
2024-04-26,14680.0,0,3697,52305000000.0,4685000000.0,2977000000.0,62241000000.0,32443000000.0,17826878.0,0.09176093456215516,0.5212480519271863
2024-04-30,14680.0,0,3697,52305000000.0,4685000000.0,2977000000.0,62241000000.0,32443000000.0,17826878.0,0.09176093456215516,0.5212480519271863
2024-05-01,14475.0,0,3697,52305000000.0,4685000000.0,2977000000.0,62241000000.0,32443000000.0,17826878.0,0.09176093456215516,0.5212480519271863
2024-05-02,14125.0,0,3697,52305000000.0,4685000000.0,2977000000.0,62241000000.0,32443000000.0,17826878.0,0.09176093456215516,0.5212480519271863
2024-05-07,14365.0,0,3697,52305000000.0,4685000000.0,2977000000.0,62241000000.0,32443000000.0,17826878.0,0.09176093456215516,0.5212480519271863
2024-05-08,14090.0,0,3697,52305000000.0,4685000000.0,2977000000.0,62241000000.0,32443000000.0,17826878.0,0.09176093456215516,0.5212480519271863
2024-05-09,14895.0,0,3697,52305000000.0,4685000000.0,2977000000.0,62241000000.0,32443000000.0,17826878.0,0.09176093456215516,0.5212480519271863
2024-05-10,14400.0,0,3697,52305000000.0,4685000000.0,2977000000.0,62241000000.0,32443000000.0,17826878.0,0.09176093456215516,0.5212480519271863
2024-05-13,15395.0,0,3697,52305000000.0,4685000000.0,2977000000.0,62241000000.0,32443000000.0,17826878.0,0.09176093456215516,0.5212480519271863
2024-05-14,16300.0,0,3697,52305000000.0,4685000000.0,2977000000.0,62241000000.0,32443000000.0,17826878.0,0.09176093456215516,0.5212480519271863
2024-05-15,16395.0,0,3697,52305000000.0,4685000000.0,2977000000.0,62241000000.0,32443000000.0,17826878.0,0.09176093456215516,0.5212480519271863
2024-05-16,17610.0,0,3697,52305000000.0,4685000000.0,2977000000.0,62241000000.0,32443000000.0,17826878.0,0.09176093456215516,0.5212480519271863
2024-05-17,17435.0,0,3697,52305000000.0,4685000000.0,2977000000.0,62241000000.0,32443000000.0,17826878.0,0.09176093456215516,0.5212480519271863
2024-05-20,18435.0,0,3697,52305000000.0,4685000000.0,2977000000.0,62241000000.0,32443000000.0,17826878.0,0.09176093456215516,0.5212480519271863
2024-05-21,18570.0,0,3697,52305000000.0,4685000000.0,2977000000.0,62241000000.0,32443000000.0,17826878.0,0.09176093456215516,0.5212480519271863
2024-05-22,17240.0,0,3697,52305000000.0,4685000000.0,2977000000.0,62241000000.0,32443000000.0,17826878.0,0.09176093456215516,0.5212480519271863
2024-05-23,17120.0,0,3697,52305000000.0,4685000000.0,2977000000.0,62241000000.0,32443000000.0,17826878.0,0.09176093456215516,0.5212480519271863
2024-05-24,16785.0,0,3697,52305000000.0,4685000000.0,2977000000.0,62241000000.0,32443000000.0,17826878.0,0.09176093456215516,0.5212480519271863
2024-05-27,16695.0,0,3697,52305000000.0,4685000000.0,2977000000.0,62241000000.0,32443000000.0,17826878.0,0.09176093456215516,0.5212480519271863
2024-05-28,16575.0,0,3697,52305000000.0,4685000000.0,2977000000.0,62241000000.0,32443000000.0,17826878.0,0.09176093456215516,0.5212480519271863
2024-05-29,16055.0,0,3697,52305000000.0,4685000000.0,2977000000.0,62241000000.0,32443000000.0,17826878.0,0.09176093456215516,0.5212480519271863
2024-05-30,15180.0,0,3697,52305000000.0,4685000000.0,2977000000.0,62241000000.0,32443000000.0,17826878.0,0.09176093456215516,0.5212480519271863
2024-05-31,15150.0,0,3697,52305000000.0,4685000000.0,2977000000.0,62241000000.0,32443000000.0,17826878.0,0.09176093456215516,0.5212480519271863
2024-06-03,15260.0,0,3697,52305000000.0,4685000000.0,2977000000.0,62241000000.0,32443000000.0,17826878.0,0.09176093456215516,0.5212480519271863
2024-06-04,16740.0,0,3697,52305000000.0,4685000000.0,2977000000.0,62241000000.0,32443000000.0,17826878.0,0.09176093456215516,0.5212480519271863
2024-06-05,16380.0,0,3697,52305000000.0,4685000000.0,2977000000.0,62241000000.0,32443000000.0,17826878.0,0.09176093456215516,0.5212480519271863
2024-06-06,15365.0,0,3697,52305000000.0,4685000000.0,2977000000.0,62241000000.0,32443000000.0,17826878.0,0.09176093456215516,0.5212480519271863
2024-06-07,14735.0,0,3697,52305000000.0,4685000000.0,2977000000.0,62241000000.0,32443000000.0,17826878.0,0.09176093456215516,0.5212480519271863
2024-06-10,14775.0,0,3697,52305000000.0,4685000000.0,2977000000.0,62241000000.0,32443000000.0,17826878.0,0.09176093456215516,0.5212480519271863
2024-06-11,15250.0,0,3697,52305000000.0,4685000000.0,2977000000.0,62241000000.0,32443000000.0,17826878.0,0.09176093456215516,0.5212480519271863
2024-06-12,14980.0,0,3697,52305000000.0,4685000000.0,2977000000.0,62241000000.0,32443000000.0,17826878.0,0.09176093456215516,0.5212480519271863
2024-06-13,15495.0,0,3697,52305000000.0,4685000000.0,2977000000.0,62241000000.0,32443000000.0,17826878.0,0.09176093456215516,0.5212480519271863
2024-06-14,15280.0,0,3697,52305000000.0,4685000000.0,2977000000.0,62241000000.0,32443000000.0,17826878.0,0.09176093456215516,0.5212480519271863
2024-06-17,15245.0,0,3697,52305000000.0,4685000000.0,2977000000.0,62241000000.0,32443000000.0,17826878.0,0.09176093456215516,0.5212480519271863
2024-06-18,14870.0,0,3697,52305000000.0,4685000000.0,2977000000.0,62241000000.0,32443000000.0,17826878.0,0.09176093456215516,0.5212480519271863
2024-06-19,14720.0,0,3697,52305000000.0,4685000000.0,2977000000.0,62241000000.0,32443000000.0,17826878.0,0.09176093456215516,0.5212480519271863
2024-06-20,14830.0,0,3697,52305000000.0,4685000000.0,2977000000.0,62241000000.0,32443000000.0,17826878.0,0.09176093456215516,0.5212480519271863
2024-06-21,14045.0,0,3697,52305000000.0,4685000000.0,2977000000.0,62241000000.0,32443000000.0,17826878.0,0.09176093456215516,0.5212480519271863
2024-06-24,14010.0,0,3697,52305000000.0,4685000000.0,2977000000.0,62241000000.0,32443000000.0,17826878.0,0.09176093456215516,0.5212480519271863
2024-06-25,14260.0,0,3697,52305000000.0,4685000000.0,2977000000.0,62241000000.0,32443000000.0,17826878.0,0.09176093456215516,0.5212480519271863
2024-06-26,14855.0,0,3697,52305000000.0,4685000000.0,2977000000.0,62241000000.0,32443000000.0,17826878.0,0.09176093456215516,0.5212480519271863
2024-06-27,14835.0,0,3697,52305000000.0,4685000000.0,2977000000.0,62241000000.0,32443000000.0,17826878.0,0.09176093456215516,0.5212480519271863
2024-06-28,14580.0,0,3697,52305000000.0,4685000000.0,2977000000.0,62241000000.0,32443000000.0,17826878.0,0.09176093456215516,0.5212480519271863
2024-07-01,14395.0,0,3697,52305000000.0,4685000000.0,2977000000.0,62241000000.0,32443000000.0,17826878.0,0.09176093456215516,0.5212480519271863
2024-07-02,14075.0,0,3697,52305000000.0,4685000000.0,2977000000.0,62241000000.0,32443000000.0,17826878.0,0.09176093456215516,0.5212480519271863
2024-07-03,14910.0,0,3697,52305000000.0,4685000000.0,2977000000.0,62241000000.0,32443000000.0,17826878.0,0.09176093456215516,0.5212480519271863
2024-07-04,14955.0,0,3697,52305000000.0,4685000000.0,2977000000.0,62241000000.0,32443000000.0,17826878.0,0.09176093456215516,0.5212480519271863
2024-07-05,15225.0,0,3697,52305000000.0,4685000000.0,2977000000.0,62241000000.0,32443000000.0,17826878.0,0.09176093456215516,0.5212480519271863
2024-07-08,15425.0,0,3697,52305000000.0,4685000000.0,2977000000.0,62241000000.0,32443000000.0,17826878.0,0.09176093456215516,0.5212480519271863
2024-07-09,15440.0,0,3697,52305000000.0,4685000000.0,2977000000.0,62241000000.0,32443000000.0,17826878.0,0.09176093456215516,0.5212480519271863
2024-07-10,15255.0,0,3697,81143000000.0,7063000000.0,3295000000.0,61054000000.0,32826000000.0,17830878.0,0.10037774934503138,0.5376551904871097
2024-07-11,11255.0,1,3697,81143000000.0,7063000000.0,3295000000.0,61054000000.0,32826000000.0,17830878.0,0.10037774934503138,0.5376551904871097
2024-07-12,13220.0,1,3697,81143000000.0,7063000000.0,3295000000.0,61054000000.0,32826000000.0,17830878.0,0.10037774934503138,0.5376551904871097
2024-07-16,13025.0,1,3697,81143000000.0,7063000000.0,3295000000.0,61054000000.0,32826000000.0,17830878.0,0.10037774934503138,0.5376551904871097
2024-07-17,12280.0,1,3697,81143000000.0,7063000000.0,3295000000.0,61054000000.0,32826000000.0,17830878.0,0.10037774934503138,0.5376551904871097
2024-07-18,12085.0,1,3697,81143000000.0,7063000000.0,3295000000.0,61054000000.0,32826000000.0,17830878.0,0.10037774934503138,0.5376551904871097
2024-07-19,11220.0,1,3697,81143000000.0,7063000000.0,3295000000.0,61054000000.0,32826000000.0,17830878.0,0.10037774934503138,0.5376551904871097
2024-07-22,11400.0,1,3697,81143000000.0,7063000000.0,3295000000.0,61054000000.0,32826000000.0,17830878.0,0.10037774934503138,0.5376551904871097
2024-07-23,11345.0,1,3697,81143000000.0,7063000000.0,3295000000.0,61054000000.0,32826000000.0,17830878.0,0.10037774934503138,0.5376551904871097
2024-07-24,11310.0,1,3697,81143000000.0,7063000000.0,3295000000.0,61054000000.0,32826000000.0,17830878.0,0.10037774934503138,0.5376551904871097
2024-07-25,11000.0,1,3697,81143000000.0,7063000000.0,3295000000.0,61054000000.0,32826000000.0,17830878.0,0.10037774934503138,0.5376551904871097
2024-07-26,11525.0,1,3697,81143000000.0,7063000000.0,3295000000.0,61054000000.0,32826000000.0,17830878.0,0.10037774934503138,0.5376551904871097
2024-07-29,11700.0,1,3697,81143000000.0,7063000000.0,3295000000.0,61054000000.0,32826000000.0,17830878.0,0.10037774934503138,0.5376551904871097
2024-07-30,11360.0,1,3697,81143000000.0,7063000000.0,3295000000.0,61054000000.0,32826000000.0,17830878.0,0.10037774934503138,0.5376551904871097
2024-07-31,11465.0,1,3697,81143000000.0,7063000000.0,3295000000.0,61054000000.0,32826000000.0,17830878.0,0.10037774934503138,0.5376551904871097
2024-08-01,10765.0,1,3697,81143000000.0,7063000000.0,3295000000.0,61054000000.0,32826000000.0,17830878.0,0.10037774934503138,0.5376551904871097
2024-08-02,9725.0,1,3697,81143000000.0,7063000000.0,3295000000.0,61054000000.0,32826000000.0,17830878.0,0.10037774934503138,0.5376551904871097
2024-08-05,8787.0,1,3697,81143000000.0,7063000000.0,3295000000.0,61054000000.0,32826000000.0,17830878.0,0.10037774934503138,0.5376551904871097
2024-08-06,8999.0,1,3697,81143000000.0,7063000000.0,3295000000.0,61054000000.0,32826000000.0,17830878.0,0.10037774934503138,0.5376551904871097
2024-08-07,9377.0,1,3697,81143000000.0,7063000000.0,3295000000.0,61054000000.0,32826000000.0,17830878.0,0.10037774934503138,0.5376551904871097
2024-08-08,9882.0,1,3697,81143000000.0,7063000000.0,3295000000.0,61054000000.0,32826000000.0,17830878.0,0.10037774934503138,0.5376551904871097
2024-08-09,9653.0,1,3697,81143000000.0,7063000000.0,3295000000.0,61054000000.0,32826000000.0,17830878.0,0.10037774934503138,0.5376551904871097
2024-08-13,9864.0,1,3697,81143000000.0,7063000000.0,3295000000.0,61054000000.0,32826000000.0,17830878.0,0.10037774934503138,0.5376551904871097
2024-08-14,10040.0,1,3697,81143000000.0,7063000000.0,3295000000.0,61054000000.0,32826000000.0,17830878.0,0.10037774934503138,0.5376551904871097
2024-08-15,10315.0,1,3697,81143000000.0,7063000000.0,3295000000.0,61054000000.0,32826000000.0,17830878.0,0.10037774934503138,0.5376551904871097
2024-08-16,10605.0,1,3697,81143000000.0,7063000000.0,3295000000.0,61054000000.0,32826000000.0,17830878.0,0.10037774934503138,0.5376551904871097
2024-08-19,11185.0,1,3697,81143000000.0,7063000000.0,3295000000.0,61054000000.0,32826000000.0,17830878.0,0.10037774934503138,0.5376551904871097
2024-08-20,11860.0,1,3697,81143000000.0,7063000000.0,3295000000.0,61054000000.0,32826000000.0,17830878.0,0.10037774934503138,0.5376551904871097
2024-08-21,11815.0,1,3697,81143000000.0,7063000000.0,3295000000.0,61054000000.0,32826000000.0,17830878.0,0.10037774934503138,0.5376551904871097
2024-08-22,12305.0,1,3697,81143000000.0,7063000000.0,3295000000.0,61054000000.0,32826000000.0,17830878.0,0.10037774934503138,0.5376551904871097
2024-08-23,12320.0,1,3697,81143000000.0,7063000000.0,3295000000.0,61054000000.0,32826000000.0,17830878.0,0.10037774934503138,0.5376551904871097
2024-08-26,13165.0,1,3697,81143000000.0,7063000000.0,3295000000.0,61054000000.0,32826000000.0,17830878.0,0.10037774934503138,0.5376551904871097
2024-08-27,13590.0,1,3697,81143000000.0,7063000000.0,3295000000.0,61054000000.0,32826000000.0,17830878.0,0.10037774934503138,0.5376551904871097
2024-08-28,13350.0,1,3697,81143000000.0,7063000000.0,3295000000.0,61054000000.0,32826000000.0,17830878.0,0.10037774934503138,0.5376551904871097
2024-08-29,13330.0,1,3697,81143000000.0,7063000000.0,3295000000.0,61054000000.0,32826000000.0,17830878.0,0.10037774934503138,0.5376551904871097
2024-08-30,13640.0,1,3697,81143000000.0,7063000000.0,3295000000.0,61054000000.0,32826000000.0,17830878.0,0.10037774934503138,0.5376551904871097
2024-09-02,13695.0,1,3697,81143000000.0,7063000000.0,3295000000.0,61054000000.0,32826000000.0,17830878.0,0.10037774934503138,0.5376551904871097
2024-09-03,14165.0,1,3697,81143000000.0,7063000000.0,3295000000.0,61054000000.0,32826000000.0,17830878.0,0.10037774934503138,0.5376551904871097
2024-09-04,13230.0,1,3697,81143000000.0,7063000000.0,3295000000.0,61054000000.0,32826000000.0,17830878.0,0.10037774934503138,0.5376551904871097
2024-09-05,13035.0,1,3697,81143000000.0,7063000000.0,3295000000.0,61054000000.0,32826000000.0,17830878.0,0.10037774934503138,0.5376551904871097
2024-09-06,12200.0,1,3697,81143000000.0,7063000000.0,3295000000.0,61054000000.0,32826000000.0,17830878.0,0.10037774934503138,0.5376551904871097
2024-09-09,11825.0,1,3697,81143000000.0,7063000000.0,3295000000.0,61054000000.0,32826000000.0,17830878.0,0.10037774934503138,0.5376551904871097
2024-09-10,11765.0,1,3697,81143000000.0,7063000000.0,3295000000.0,61054000000.0,32826000000.0,17830878.0,0.10037774934503138,0.5376551904871097
2024-09-11,11820.0,1,3697,81143000000.0,7063000000.0,3295000000.0,61054000000.0,32826000000.0,17830878.0,0.10037774934503138,0.5376551904871097
2024-09-12,12460.0,1,3697,81143000000.0,7063000000.0,3295000000.0,61054000000.0,32826000000.0,17830878.0,0.10037774934503138,0.5376551904871097
2024-09-13,11825.0,1,3697,81143000000.0,7063000000.0,3295000000.0,61054000000.0,32826000000.0,17830878.0,0.10037774934503138,0.5376551904871097
2024-09-17,12470.0,1,3697,81143000000.0,7063000000.0,3295000000.0,61054000000.0,32826000000.0,17830878.0,0.10037774934503138,0.5376551904871097
2024-09-18,13415.0,1,3697,81143000000.0,7063000000.0,3295000000.0,61054000000.0,32826000000.0,17830878.0,0.10037774934503138,0.5376551904871097
2024-09-19,13480.0,1,3697,81143000000.0,7063000000.0,3295000000.0,61054000000.0,32826000000.0,17830878.0,0.10037774934503138,0.5376551904871097
2024-09-20,13740.0,1,3697,81143000000.0,7063000000.0,3295000000.0,61054000000.0,32826000000.0,17830878.0,0.10037774934503138,0.5376551904871097
2024-09-24,13445.0,1,3697,81143000000.0,7063000000.0,3295000000.0,61054000000.0,32826000000.0,17830878.0,0.10037774934503138,0.5376551904871097
2024-09-25,13270.0,1,3697,81143000000.0,7063000000.0,3295000000.0,61054000000.0,32826000000.0,17830878.0,0.10037774934503138,0.5376551904871097
2024-09-26,13700.0,1,3697,81143000000.0,7063000000.0,3295000000.0,61054000000.0,32826000000.0,17830878.0,0.10037774934503138,0.5376551904871097
2024-09-27,14080.0,1,3697,81143000000.0,7063000000.0,3295000000.0,61054000000.0,32826000000.0,17830878.0,0.10037774934503138,0.5376551904871097
2024-09-30,13660.0,1,3697,81143000000.0,7063000000.0,3295000000.0,61054000000.0,32826000000.0,17830878.0,0.10037774934503138,0.5376551904871097
2024-10-01,13540.0,1,3697,81143000000.0,7063000000.0,3295000000.0,61054000000.0,32826000000.0,17830878.0,0.10037774934503138,0.5376551904871097
2024-10-02,13305.0,1,3697,81143000000.0,7063000000.0,3295000000.0,61054000000.0,32826000000.0,17830878.0,0.10037774934503138,0.5376551904871097
2024-10-03,13850.0,1,3697,81143000000.0,7063000000.0,3295000000.0,61054000000.0,32826000000.0,17830878.0,0.10037774934503138,0.5376551904871097
2024-10-04,14415.0,1,3697,81143000000.0,7063000000.0,3295000000.0,61054000000.0,32826000000.0,17830878.0,0.10037774934503138,0.5376551904871097
2024-10-07,14425.0,1,3697,81143000000.0,7063000000.0,3295000000.0,61054000000.0,32826000000.0,17830878.0,0.10037774934503138,0.5376551904871097
2024-10-08,13905.0,1,3697,81143000000.0,7063000000.0,3295000000.0,61054000000.0,32826000000.0,17830878.0,0.10037774934503138,0.5376551904871097
2024-10-09,14775.0,1,3697,81143000000.0,7063000000.0,3295000000.0,61054000000.0,32826000000.0,17830878.0,0.10037774934503138,0.5376551904871097
2024-10-10,14650.0,1,3697,110627000000.0,10537000000.0,5715000000.0,63304000000.0,35109000000.0,17833378.0,0.16277877467316074,0.5546095033489195
2024-10-11,15650.0,1,3697,110627000000.0,10537000000.0,5715000000.0,63304000000.0,35109000000.0,17833378.0,0.16277877467316074,0.5546095033489195
2024-10-15,15710.0,1,3697,110627000000.0,10537000000.0,5715000000.0,63304000000.0,35109000000.0,17833378.0,0.16277877467316074,0.5546095033489195
2024-10-16,15035.0,1,3697,110627000000.0,10537000000.0,5715000000.0,63304000000.0,35109000000.0,17833378.0,0.16277877467316074,0.5546095033489195
2024-10-17,14575.0,1,3697,110627000000.0,10537000000.0,5715000000.0,63304000000.0,35109000000.0,17833378.0,0.16277877467316074,0.5546095033489195
2024-10-18,14715.0,1,3697,110627000000.0,10537000000.0,5715000000.0,63304000000.0,35109000000.0,17833378.0,0.16277877467316074,0.5546095033489195
2024-10-21,14605.0,1,3697,110627000000.0,10537000000.0,5715000000.0,63304000000.0,35109000000.0,17833378.0,0.16277877467316074,0.5546095033489195
2024-10-22,14375.0,0,3697,110627000000.0,10537000000.0,5715000000.0,63304000000.0,35109000000.0,17833378.0,0.16277877467316074,0.5546095033489195
2024-10-23,14805.0,0,3697,110627000000.0,10537000000.0,5715000000.0,63304000000.0,35109000000.0,17833378.0,0.16277877467316074,0.5546095033489195
2024-10-24,14665.0,0,3697,110627000000.0,10537000000.0,5715000000.0,63304000000.0,35109000000.0,17833378.0,0.16277877467316074,0.5546095033489195
2024-10-25,13840.0,0,3697,110627000000.0,10537000000.0,5715000000.0,63304000000.0,35109000000.0,17833378.0,0.16277877467316074,0.5546095033489195
2024-10-28,14650.0,0,3697,110627000000.0,10537000000.0,5715000000.0,63304000000.0,35109000000.0,17833378.0,0.16277877467316074,0.5546095033489195
2024-10-29,15065.0,0,3697,110627000000.0,10537000000.0,5715000000.0,63304000000.0,35109000000.0,17833378.0,0.16277877467316074,0.5546095033489195
2024-10-30,15470.0,0,3697,110627000000.0,10537000000.0,5127000000.0,62717000000.0,34522000000.0,17833378.0,0.14851399107815305,0.5504408693017842
2024-10-31,15550.0,0,3697,110627000000.0,10537000000.0,5127000000.0,62717000000.0,34522000000.0,17833378.0,0.14851399107815305,0.5504408693017842
2024-11-01,15200.0,0,3697,110627000000.0,10537000000.0,5127000000.0,62717000000.0,34522000000.0,17833378.0,0.14851399107815305,0.5504408693017842
2024-11-05,15650.0,0,3697,110627000000.0,10537000000.0,5127000000.0,62717000000.0,34522000000.0,17833378.0,0.14851399107815305,0.5504408693017842
2024-11-06,15850.0,0,3697,110627000000.0,10537000000.0,5127000000.0,62717000000.0,34522000000.0,17833378.0,0.14851399107815305,0.5504408693017842
2024-11-07,15440.0,0,3697,110627000000.0,10537000000.0,5127000000.0,62717000000.0,34522000000.0,17833378.0,0.14851399107815305,0.5504408693017842
2024-11-08,16555.0,0,3697,110627000000.0,10537000000.0,5127000000.0,62717000000.0,34522000000.0,17833378.0,0.14851399107815305,0.5504408693017842
2024-11-11,16535.0,0,3697,110627000000.0,10537000000.0,5127000000.0,62717000000.0,34522000000.0,17833378.0,0.14851399107815305,0.5504408693017842
2024-11-12,16195.0,0,3697,110627000000.0,10537000000.0,5127000000.0,62717000000.0,34522000000.0,17833378.0,0.14851399107815305,0.5504408693017842
2024-11-13,16380.0,0,3697,110627000000.0,10537000000.0,5127000000.0,62717000000.0,34522000000.0,17833378.0,0.14851399107815305,0.5504408693017842
2024-11-14,16145.0,0,3697,110627000000.0,10537000000.0,5127000000.0,62717000000.0,34522000000.0,17833378.0,0.14851399107815305,0.5504408693017842
2024-11-15,16035.0,0,3697,110627000000.0,10537000000.0,5127000000.0,62717000000.0,34522000000.0,17833378.0,0.14851399107815305,0.5504408693017842
2024-11-18,15795.0,0,3697,110627000000.0,10537000000.0,5127000000.0,62717000000.0,34522000000.0,17833378.0,0.14851399107815305,0.5504408693017842
2024-11-19,15785.0,0,3697,110627000000.0,10537000000.0,5127000000.0,62717000000.0,34522000000.0,17833378.0,0.14851399107815305,0.5504408693017842
2024-11-20,15180.0,0,3697,110627000000.0,10537000000.0,5127000000.0,62717000000.0,34522000000.0,17833378.0,0.14851399107815305,0.5504408693017842
2024-11-21,15435.0,0,3697,110627000000.0,10537000000.0,5127000000.0,62717000000.0,34522000000.0,17833378.0,0.14851399107815305,0.5504408693017842
2024-11-22,15620.0,0,3697,110627000000.0,10537000000.0,5127000000.0,62717000000.0,34522000000.0,17833378.0,0.14851399107815305,0.5504408693017842
2024-11-25,15495.0,0,3697,110627000000.0,10537000000.0,5127000000.0,62717000000.0,34522000000.0,17833378.0,0.14851399107815305,0.5504408693017842
2024-11-26,15050.0,0,3697,110627000000.0,10537000000.0,5127000000.0,62717000000.0,34522000000.0,17833378.0,0.14851399107815305,0.5504408693017842
2024-11-27,16290.0,0,3697,110627000000.0,10537000000.0,5127000000.0,62717000000.0,34522000000.0,17833378.0,0.14851399107815305,0.5504408693017842
2024-11-28,16860.0,0,3697,110627000000.0,10537000000.0,5127000000.0,62717000000.0,34522000000.0,17833378.0,0.14851399107815305,0.5504408693017842
2024-11-29,16930.0,0,3697,110627000000.0,10537000000.0,5127000000.0,62717000000.0,34522000000.0,17833378.0,0.14851399107815305,0.5504408693017842
2024-12-02,17435.0,0,3697,110627000000.0,10537000000.0,5127000000.0,62717000000.0,34522000000.0,17833378.0,0.14851399107815305,0.5504408693017842
2024-12-03,17575.0,0,3697,110627000000.0,10537000000.0,5127000000.0,62717000000.0,34522000000.0,17833378.0,0.14851399107815305,0.5504408693017842
2024-12-04,18045.0,0,3697,110627000000.0,10537000000.0,5127000000.0,62717000000.0,34522000000.0,17833378.0,0.14851399107815305,0.5504408693017842
2024-12-05,18035.0,0,3697,110627000000.0,10537000000.0,5127000000.0,62717000000.0,34522000000.0,17833378.0,0.14851399107815305,0.5504408693017842
2024-12-06,17645.0,0,3697,110627000000.0,10537000000.0,5127000000.0,62717000000.0,34522000000.0,17833378.0,0.14851399107815305,0.5504408693017842
2024-12-09,17790.0,0,3697,110627000000.0,10537000000.0,5127000000.0,62717000000.0,34522000000.0,17833378.0,0.14851399107815305,0.5504408693017842
2024-12-10,17705.0,0,3697,110627000000.0,10537000000.0,5127000000.0,62717000000.0,34522000000.0,17833378.0,0.14851399107815305,0.5504408693017842
2024-12-11,17675.0,0,3697,110627000000.0,10537000000.0,5127000000.0,62717000000.0,34522000000.0,17833378.0,0.14851399107815305,0.5504408693017842
2024-12-12,18395.0,0,3697,110627000000.0,10537000000.0,5127000000.0,62717000000.0,34522000000.0,17833378.0,0.14851399107815305,0.5504408693017842
2024-12-13,18165.0,0,3697,110627000000.0,10537000000.0,5127000000.0,62717000000.0,34522000000.0,17833378.0,0.14851399107815305,0.5504408693017842
2024-12-16,17675.0,0,3697,110627000000.0,10537000000.0,5127000000.0,62717000000.0,34522000000.0,17833378.0,0.14851399107815305,0.5504408693017842
2024-12-17,16970.0,0,3697,110627000000.0,10537000000.0,5127000000.0,62717000000.0,34522000000.0,17833378.0,0.14851399107815305,0.5504408693017842
2024-12-18,16995.0,0,3697,110627000000.0,10537000000.0,5127000000.0,62717000000.0,34522000000.0,17833378.0,0.14851399107815305,0.5504408693017842
2024-12-19,17010.0,0,3697,110627000000.0,10537000000.0,5127000000.0,62717000000.0,34522000000.0,17833378.0,0.14851399107815305,0.5504408693017842
2024-12-20,17075.0,0,3697,110627000000.0,10537000000.0,5127000000.0,62717000000.0,34522000000.0,17833378.0,0.14851399107815305,0.5504408693017842
2024-12-23,17390.0,0,3697,110627000000.0,10537000000.0,5127000000.0,62717000000.0,34522000000.0,17833378.0,0.14851399107815305,0.5504408693017842
2024-12-24,17105.0,0,3697,110627000000.0,10537000000.0,5127000000.0,62717000000.0,34522000000.0,17833378.0,0.14851399107815305,0.5504408693017842
2024-12-25,17735.0,0,3697,110627000000.0,10537000000.0,5127000000.0,62717000000.0,34522000000.0,17833378.0,0.14851399107815305,0.5504408693017842
2024-12-26,17590.0,0,3697,110627000000.0,10537000000.0,5127000000.0,62717000000.0,34522000000.0,17833378.0,0.14851399107815305,0.5504408693017842
2024-12-27,18225.0,0,3697,110627000000.0,10537000000.0,5127000000.0,62717000000.0,34522000000.0,17833378.0,0.14851399107815305,0.5504408693017842
2024-12-30,18215.0,0,3697,110627000000.0,10537000000.0,5127000000.0,62717000000.0,34522000000.0,17833378.0,0.14851399107815305,0.5504408693017842
2025-01-06,17710.0,0,3697,110627000000.0,10537000000.0,5127000000.0,62717000000.0,34522000000.0,17833378.0,0.14851399107815305,0.5504408693017842
2025-01-07,17755.0,0,3697,110627000000.0,10537000000.0,5127000000.0,62717000000.0,34522000000.0,17833378.0,0.14851399107815305,0.5504408693017842
2025-01-08,17630.0,0,3697,110627000000.0,10537000000.0,5127000000.0,62717000000.0,34522000000.0,17833378.0,0.14851399107815305,0.5504408693017842
2025-01-09,18270.0,0,3697,110627000000.0,10537000000.0,5127000000.0,62717000000.0,34522000000.0,17833378.0,0.14851399107815305,0.5504408693017842
2025-01-10,19010.0,0,3697,110627000000.0,10537000000.0,5127000000.0,62717000000.0,34522000000.0,17833378.0,0.14851399107815305,0.5504408693017842
2025-01-14,18780.0,0,3697,30174000000.0,3517000000.0,1976000000.0,66212000000.0,35606000000.0,17833378.0,0.05549626467449306,0.5377575061922311
2025-01-15,21120.0,0,3697,30174000000.0,3517000000.0,1976000000.0,66212000000.0,35606000000.0,17833378.0,0.05549626467449306,0.5377575061922311
2025-01-16,21190.0,0,3697,30174000000.0,3517000000.0,1976000000.0,66212000000.0,35606000000.0,17833378.0,0.05549626467449306,0.5377575061922311
2025-01-17,20690.0,0,3697,30174000000.0,3517000000.0,1976000000.0,66212000000.0,35606000000.0,17833378.0,0.05549626467449306,0.5377575061922311
2025-01-20,20485.0,0,3697,30174000000.0,3517000000.0,1976000000.0,66212000000.0,35606000000.0,17833378.0,0.05549626467449306,0.5377575061922311
2025-01-21,20535.0,0,3697,30174000000.0,3517000000.0,1976000000.0,66212000000.0,35606000000.0,17833378.0,0.05549626467449306,0.5377575061922311
2025-01-22,1368.5,0,3697,30174000000.0,3517000000.0,1976000000.0,66212000000.0,35606000000.0,17833378.0,0.05549626467449306,0.5377575061922311
2025-01-23,1356.0,0,3697,30174000000.0,3517000000.0,1976000000.0,66212000000.0,35606000000.0,17833378.0,0.05549626467449306,0.5377575061922311
2025-01-24,1380.5,0,3697,30174000000.0,3517000000.0,1976000000.0,66212000000.0,35606000000.0,17833378.0,0.05549626467449306,0.5377575061922311
2025-01-27,1283.5,0,3697,30174000000.0,3517000000.0,1976000000.0,66212000000.0,35606000000.0,17833378.0,0.05549626467449306,0.5377575061922311
2025-01-28,1352.0,0,3697,30174000000.0,3517000000.0,1976000000.0,66212000000.0,35606000000.0,17833378.0,0.05549626467449306,0.5377575061922311
2025-01-29,1351.0,0,3697,30174000000.0,3517000000.0,1976000000.0,66212000000.0,35606000000.0,17833378.0,0.05549626467449306,0.5377575061922311
2025-01-30,1348.0,0,3697,30174000000.0,3517000000.0,1976000000.0,66212000000.0,35606000000.0,17833378.0,0.05549626467449306,0.5377575061922311
2025-01-31,1292.0,1,3697,30174000000.0,3517000000.0,1976000000.0,66212000000.0,35606000000.0,17833378.0,0.05549626467449306,0.5377575061922311
2025-02-03,1259.0,1,3697,30174000000.0,3517000000.0,1976000000.0,66212000000.0,35606000000.0,17833378.0,0.05549626467449306,0.5377575061922311
2025-02-04,1371.0,0,3697,30174000000.0,3517000000.0,1976000000.0,66212000000.0,35606000000.0,17833378.0,0.05549626467449306,0.5377575061922311
2025-02-05,1454.5,0,3697,30174000000.0,3517000000.0,1976000000.0,66212000000.0,35606000000.0,17833378.0,0.05549626467449306,0.5377575061922311
2025-02-06,1452.0,1,3697,30174000000.0,3517000000.0,1976000000.0,66212000000.0,35606000000.0,17833378.0,0.05549626467449306,0.5377575061922311
2025-02-07,1414.5,1,3697,30174000000.0,3517000000.0,1976000000.0,66212000000.0,35606000000.0,17833378.0,0.05549626467449306,0.5377575061922311
2025-02-10,1440.0,1,3697,30174000000.0,3517000000.0,1976000000.0,66212000000.0,35606000000.0,17833378.0,0.05549626467449306,0.5377575061922311
2025-02-12,1473.5,0,3697,30174000000.0,3517000000.0,1976000000.0,66212000000.0,35606000000.0,17833378.0,0.05549626467449306,0.5377575061922311
2025-02-13,1485.5,0,3697,30174000000.0,3517000000.0,1976000000.0,66212000000.0,35606000000.0,17833378.0,0.05549626467449306,0.5377575061922311
2025-02-14,1479.5,0,3697,30174000000.0,3517000000.0,1976000000.0,66212000000.0,35606000000.0,17833378.0,0.05549626467449306,0.5377575061922311
2025-02-17,1409.5,1,3697,30174000000.0,3517000000.0,1976000000.0,66212000000.0,35606000000.0,17833378.0,0.05549626467449306,0.5377575061922311
2025-02-18,1422.0,1,3697,30174000000.0,3517000000.0,1976000000.0,66212000000.0,35606000000.0,17833378.0,0.05549626467449306,0.5377575061922311
2025-02-19,1390.5,1,3697,30174000000.0,3517000000.0,1976000000.0,66212000000.0,35606000000.0,17833378.0,0.05549626467449306,0.5377575061922311
2025-02-20,1365.0,1,3697,30174000000.0,3517000000.0,1976000000.0,66212000000.0,35606000000.0,17833378.0,0.05549626467449306,0.5377575061922311
2025-02-21,1373.0,1,3697,30174000000.0,3517000000.0,1976000000.0,66212000000.0,35606000000.0,17833378.0,0.05549626467449306,0.5377575061922311
2025-02-25,1343.0,1,3697,30174000000.0,3517000000.0,1976000000.0,66212000000.0,35606000000.0,17833378.0,0.05549626467449306,0.5377575061922311
2025-02-26,1344.0,1,3697,30174000000.0,3517000000.0,1976000000.0,66212000000.0,35606000000.0,17833378.0,0.05549626467449306,0.5377575061922311
2025-02-27,1315.0,1,3697,30174000000.0,3517000000.0,1976000000.0,66212000000.0,35606000000.0,17833378.0,0.05549626467449306,0.5377575061922311
2025-02-28,1250.0,1,3697,30174000000.0,3517000000.0,1976000000.0,66212000000.0,35606000000.0,17833378.0,0.05549626467449306,0.5377575061922311
2025-03-03,1254.0,1,3697,30174000000.0,3517000000.0,1976000000.0,66212000000.0,35606000000.0,17833378.0,0.05549626467449306,0.5377575061922311
2025-03-04,1238.5,1,3697,30174000000.0,3517000000.0,1976000000.0,66212000000.0,35606000000.0,17833378.0,0.05549626467449306,0.5377575061922311
2025-03-05,1229.5,1,3697,30174000000.0,3517000000.0,1976000000.0,66212000000.0,35606000000.0,17833378.0,0.05549626467449306,0.5377575061922311
2025-03-06,1152.0,1,3697,30174000000.0,3517000000.0,1976000000.0,66212000000.0,35606000000.0,17833378.0,0.05549626467449306,0.5377575061922311
2025-03-07,1163.5,1,3697,30174000000.0,3517000000.0,1976000000.0,66212000000.0,35606000000.0,17833378.0,0.05549626467449306,0.5377575061922311
2025-03-10,1137.5,1,3697,30174000000.0,3517000000.0,1976000000.0,66212000000.0,35606000000.0,17833378.0,0.05549626467449306,0.5377575061922311
2025-03-11,1150.0,1,3697,30174000000.0,3517000000.0,1976000000.0,66212000000.0,35606000000.0,17833378.0,0.05549626467449306,0.5377575061922311
2025-03-12,1150.0,1,3697,30174000000.0,3517000000.0,1976000000.0,66212000000.0,35606000000.0,17833378.0,0.05549626467449306,0.5377575061922311
2025-03-13,1189.0,1,3697,30174000000.0,3517000000.0,1976000000.0,66212000000.0,35606000000.0,17833378.0,0.05549626467449306,0.5377575061922311
2025-03-14,1215.0,1,3697,30174000000.0,3517000000.0,1976000000.0,66212000000.0,35606000000.0,17833378.0,0.05549626467449306,0.5377575061922311
2025-03-17,1259.0,1,3697,30174000000.0,3517000000.0,1976000000.0,66212000000.0,35606000000.0,17833378.0,0.05549626467449306,0.5377575061922311
2025-03-18,1274.0,1,3697,30174000000.0,3517000000.0,1976000000.0,66212000000.0,35606000000.0,17833378.0,0.05549626467449306,0.5377575061922311
2025-03-19,1251.5,1,3697,30174000000.0,3517000000.0,1976000000.0,66212000000.0,35606000000.0,17833378.0,0.05549626467449306,0.5377575061922311
2025-03-21,1241.5,1,3697,30174000000.0,3517000000.0,1976000000.0,66212000000.0,35606000000.0,17833378.0,0.05549626467449306,0.5377575061922311
2025-03-24,1242.0,1,3697,30174000000.0,3517000000.0,1976000000.0,66212000000.0,35606000000.0,17833378.0,0.05549626467449306,0.5377575061922311
2025-03-25,1240.5,1,3697,30174000000.0,3517000000.0,1976000000.0,66212000000.0,35606000000.0,17833378.0,0.05549626467449306,0.5377575061922311
2025-03-26,1236.0,1,3697,30174000000.0,3517000000.0,1976000000.0,66212000000.0,35606000000.0,17833378.0,0.05549626467449306,0.5377575061922311
2025-03-27,1231.0,1,3697,30174000000.0,3517000000.0,1976000000.0,66212000000.0,35606000000.0,17833378.0,0.05549626467449306,0.5377575061922311
2025-03-28,1203.5,1,3697,30174000000.0,3517000000.0,1976000000.0,66212000000.0,35606000000.0,17833378.0,0.05549626467449306,0.5377575061922311
2025-03-31,1150.5,1,3697,30174000000.0,3517000000.0,1976000000.0,66212000000.0,35606000000.0,17833378.0,0.05549626467449306,0.5377575061922311
2025-04-01,1149.5,1,3697,30174000000.0,3517000000.0,1976000000.0,66212000000.0,35606000000.0,17833378.0,0.05549626467449306,0.5377575061922311
2025-04-02,1226.0,1,3697,30174000000.0,3517000000.0,1976000000.0,66212000000.0,35606000000.0,17833378.0,0.05549626467449306,0.5377575061922311
2025-04-03,1161.5,1,3697,30174000000.0,3517000000.0,1976000000.0,66212000000.0,35606000000.0,17833378.0,0.05549626467449306,0.5377575061922311
2025-04-04,1095.0,1,3697,30174000000.0,3517000000.0,1976000000.0,66212000000.0,35606000000.0,17833378.0,0.05549626467449306,0.5377575061922311
2025-04-07,983.0,1,3697,30174000000.0,3517000000.0,1976000000.0,66212000000.0,35606000000.0,17833378.0,0.05549626467449306,0.5377575061922311
2025-04-08,1056.5,1,3697,30174000000.0,3517000000.0,1976000000.0,66212000000.0,35606000000.0,17833378.0,0.05549626467449306,0.5377575061922311
2025-04-09,1084.5,1,3697,30174000000.0,3517000000.0,1976000000.0,66212000000.0,35606000000.0,17833378.0,0.05549626467449306,0.5377575061922311
2025-04-10,1207.5,1,3697,61688000000.0,8058000000.0,4493000000.0,67800000000.0,36126000000.0,267500670.0,0.12437025964679178,0.5328318584070797
2025-04-11,1178.0,1,3697,61688000000.0,8058000000.0,4493000000.0,67800000000.0,36126000000.0,267500670.0,0.12437025964679178,0.5328318584070797
2025-04-14,1152.0,1,3697,61688000000.0,8058000000.0,4493000000.0,67800000000.0,36126000000.0,267500670.0,0.12437025964679178,0.5328318584070797
2025-04-15,1195.0,1,3697,61688000000.0,8058000000.0,4493000000.0,67800000000.0,36126000000.0,267500670.0,0.12437025964679178,0.5328318584070797
2025-04-16,1158.5,1,3697,61688000000.0,8058000000.0,4493000000.0,67800000000.0,36126000000.0,267500670.0,0.12437025964679178,0.5328318584070797
2025-04-17,1209.5,1,3697,61688000000.0,8058000000.0,4493000000.0,67800000000.0,36126000000.0,267500670.0,0.12437025964679178,0.5328318584070797
2025-04-18,1222.5,1,3697,61688000000.0,8058000000.0,4493000000.0,67800000000.0,36126000000.0,267500670.0,0.12437025964679178,0.5328318584070797
2025-04-21,1281.0,1,3697,61688000000.0,8058000000.0,4493000000.0,67800000000.0,36126000000.0,267500670.0,0.12437025964679178,0.5328318584070797
2025-04-22,1283.0,1,3697,61688000000.0,8058000000.0,4493000000.0,67800000000.0,36126000000.0,267500670.0,0.12437025964679178,0.5328318584070797
2025-04-23,1230.0,1,3697,61688000000.0,8058000000.0,4493000000.0,67800000000.0,36126000000.0,267500670.0,0.12437025964679178,0.5328318584070797
2025-04-24,1207.5,1,3697,61688000000.0,8058000000.0,4493000000.0,67800000000.0,36126000000.0,267500670.0,0.12437025964679178,0.5328318584070797
2025-04-25,1223.5,1,3697,61688000000.0,8058000000.0,4493000000.0,67800000000.0,36126000000.0,267500670.0,0.12437025964679178,0.5328318584070797
2025-04-28,1349.0,1,3697,61688000000.0,8058000000.0,4493000000.0,67800000000.0,36126000000.0,267500670.0,0.12437025964679178,0.5328318584070797
2025-04-30,1311.0,0,3697,61688000000.0,8058000000.0,4493000000.0,67800000000.0,36126000000.0,267500670.0,0.12437025964679178,0.5328318584070797
2025-05-01,1353.5,0,3697,61688000000.0,8058000000.0,4493000000.0,67800000000.0,36126000000.0,267500670.0,0.12437025964679178,0.5328318584070797
2025-05-02,1376.0,0,3697,61688000000.0,8058000000.0,4493000000.0,67800000000.0,36126000000.0,267500670.0,0.12437025964679178,0.5328318584070797
2025-05-07,1371.0,0,3697,61688000000.0,8058000000.0,4493000000.0,67800000000.0,36126000000.0,267500670.0,0.12437025964679178,0.5328318584070797
2025-05-08,1422.0,0,3697,61688000000.0,8058000000.0,4493000000.0,67800000000.0,36126000000.0,267500670.0,0.12437025964679178,0.5328318584070797
2025-05-09,1458.0,0,3697,61688000000.0,8058000000.0,4493000000.0,67800000000.0,36126000000.0,267500670.0,0.12437025964679178,0.5328318584070797
2025-05-12,1440.5,0,3697,61688000000.0,8058000000.0,4493000000.0,67800000000.0,36126000000.0,267500670.0,0.12437025964679178,0.5328318584070797
2025-05-13,1463.5,0,3697,61688000000.0,8058000000.0,4493000000.0,67800000000.0,36126000000.0,267500670.0,0.12437025964679178,0.5328318584070797
2025-05-14,1449.5,0,3697,61688000000.0,8058000000.0,4493000000.0,67800000000.0,36126000000.0,267500670.0,0.12437025964679178,0.5328318584070797
2025-05-15,1428.5,0,3697,61688000000.0,8058000000.0,4493000000.0,67800000000.0,36126000000.0,267500670.0,0.12437025964679178,0.5328318584070797
2025-05-16,1443.0,0,3697,61688000000.0,8058000000.0,4493000000.0,67800000000.0,36126000000.0,267500670.0,0.12437025964679178,0.5328318584070797
2025-05-19,1476.5,0,3697,61688000000.0,8058000000.0,4493000000.0,67800000000.0,36126000000.0,267500670.0,0.12437025964679178,0.5328318584070797
2025-05-20,1539.0,0,3697,61688000000.0,8058000000.0,4493000000.0,67800000000.0,36126000000.0,267500670.0,0.12437025964679178,0.5328318584070797
2025-05-21,1532.0,0,3697,61688000000.0,8058000000.0,4493000000.0,67800000000.0,36126000000.0,267500670.0,0.12437025964679178,0.5328318584070797
2025-05-22,1537.5,0,3697,61688000000.0,8058000000.0,4493000000.0,67800000000.0,36126000000.0,267500670.0,0.12437025964679178,0.5328318584070797
2025-05-23,1552.0,0,3697,61688000000.0,8058000000.0,4493000000.0,67800000000.0,36126000000.0,267500670.0,0.12437025964679178,0.5328318584070797
2025-05-26,1589.5,0,3697,61688000000.0,8058000000.0,4493000000.0,67800000000.0,36126000000.0,267500670.0,0.12437025964679178,0.5328318584070797
2025-05-27,1591.0,0,3697,61688000000.0,8058000000.0,4493000000.0,67800000000.0,36126000000.0,267500670.0,0.12437025964679178,0.5328318584070797
2025-05-28,1540.0,0,3697,61688000000.0,8058000000.0,4493000000.0,67800000000.0,36126000000.0,267500670.0,0.12437025964679178,0.5328318584070797
2025-05-29,1616.0,0,3697,61688000000.0,8058000000.0,4493000000.0,67800000000.0,36126000000.0,267500670.0,0.12437025964679178,0.5328318584070797
2025-05-30,1673.0,0,3697,61688000000.0,8058000000.0,4493000000.0,67800000000.0,36126000000.0,267500670.0,0.12437025964679178,0.5328318584070797
2025-06-02,1761.0,0,3697,61688000000.0,8058000000.0,4493000000.0,67800000000.0,36126000000.0,267500670.0,0.12437025964679178,0.5328318584070797
2025-06-03,1790.0,0,3697,61688000000.0,8058000000.0,4493000000.0,67800000000.0,36126000000.0,267500670.0,0.12437025964679178,0.5328318584070797
2025-06-04,1767.5,0,3697,61688000000.0,8058000000.0,4493000000.0,67800000000.0,36126000000.0,267500670.0,0.12437025964679178,0.5328318584070797
2025-06-05,1747.5,0,3697,61688000000.0,8058000000.0,4493000000.0,67800000000.0,36126000000.0,267500670.0,0.12437025964679178,0.5328318584070797
2025-06-06,1740.5,0,3697,61688000000.0,8058000000.0,4493000000.0,67800000000.0,36126000000.0,267500670.0,0.12437025964679178,0.5328318584070797
2025-06-09,1737.0,0,3697,61688000000.0,8058000000.0,4493000000.0,67800000000.0,36126000000.0,267500670.0,0.12437025964679178,0.5328318584070797
2025-06-10,1719.5,0,3697,61688000000.0,8058000000.0,4493000000.0,67800000000.0,36126000000.0,267500670.0,0.12437025964679178,0.5328318584070797
2025-06-11,1776.0,0,3697,61688000000.0,8058000000.0,4493000000.0,67800000000.0,36126000000.0,267500670.0,0.12437025964679178,0.5328318584070797
2025-06-12,1789.0,0,3697,61688000000.0,8058000000.0,4493000000.0,67800000000.0,36126000000.0,267500670.0,0.12437025964679178,0.5328318584070797
2025-06-13,1755.0,0,3697,61688000000.0,8058000000.0,4493000000.0,67800000000.0,36126000000.0,267500670.0,0.12437025964679178,0.5328318584070797
2025-06-16,1761.0,0,3697,61688000000.0,8058000000.0,4493000000.0,67800000000.0,36126000000.0,267500670.0,0.12437025964679178,0.5328318584070797
2025-06-17,1740.5,0,3697,61688000000.0,8058000000.0,4493000000.0,67800000000.0,36126000000.0,267500670.0,0.12437025964679178,0.5328318584070797
2025-06-18,1739.5,0,3697,61688000000.0,8058000000.0,4493000000.0,67800000000.0,36126000000.0,267500670.0,0.12437025964679178,0.5328318584070797
2025-06-19,1764.5,0,3697,61688000000.0,8058000000.0,4493000000.0,67800000000.0,36126000000.0,267500670.0,0.12437025964679178,0.5328318584070797
2025-06-20,1737.5,0,3697,61688000000.0,8058000000.0,4493000000.0,67800000000.0,36126000000.0,267500670.0,0.12437025964679178,0.5328318584070797
2025-06-23,1715.0,0,3697,61688000000.0,8058000000.0,4493000000.0,67800000000.0,36126000000.0,267500670.0,0.12437025964679178,0.5328318584070797
2025-06-24,1774.5,0,3697,61688000000.0,8058000000.0,4493000000.0,67800000000.0,36126000000.0,267500670.0,0.12437025964679178,0.5328318584070797
2025-06-25,1761.0,0,3697,61688000000.0,8058000000.0,4493000000.0,67800000000.0,36126000000.0,267500670.0,0.12437025964679178,0.5328318584070797
2025-06-26,1763.5,0,3697,61688000000.0,8058000000.0,4493000000.0,67800000000.0,36126000000.0,267500670.0,0.12437025964679178,0.5328318584070797
2025-06-27,1740.0,0,3697,61688000000.0,8058000000.0,4493000000.0,67800000000.0,36126000000.0,267500670.0,0.12437025964679178,0.5328318584070797
2025-06-30,1748.0,0,3697,61688000000.0,8058000000.0,4493000000.0,67800000000.0,36126000000.0,267500670.0,0.12437025964679178,0.5328318584070797
2025-07-01,1786.0,0,3697,61688000000.0,8058000000.0,4493000000.0,67800000000.0,36126000000.0,267500670.0,0.12437025964679178,0.5328318584070797
2025-07-02,1700.5,0,3697,61688000000.0,8058000000.0,4493000000.0,67800000000.0,36126000000.0,267500670.0,0.12437025964679178,0.5328318584070797
2025-07-03,1712.5,0,3697,61688000000.0,8058000000.0,4493000000.0,67800000000.0,36126000000.0,267500670.0,0.12437025964679178,0.5328318584070797
2025-07-04,1714.5,0,3697,61688000000.0,8058000000.0,4493000000.0,67800000000.0,36126000000.0,267500670.0,0.12437025964679178,0.5328318584070797
2025-07-07,1700.0,0,3697,61688000000.0,8058000000.0,4493000000.0,67800000000.0,36126000000.0,267500670.0,0.12437025964679178,0.5328318584070797
2025-07-08,1723.5,0,3697,61688000000.0,8058000000.0,4493000000.0,67800000000.0,36126000000.0,267500670.0,0.12437025964679178,0.5328318584070797
2025-07-09,1682.5,0,3697,95412000000.0,11906000000.0,6282000000.0,77830000000.0,38311000000.0,267500670.0,0.16397379342747515,0.49223949633817293
2025-07-10,1563.5,0,3697,95412000000.0,11906000000.0,6282000000.0,77830000000.0,38311000000.0,267500670.0,0.16397379342747515,0.49223949633817293
2025-07-11,1497.5,0,3697,95412000000.0,11906000000.0,6282000000.0,77830000000.0,38311000000.0,267500670.0,0.16397379342747515,0.49223949633817293
2025-07-14,1535.5,0,3697,95412000000.0,11906000000.0,6282000000.0,77830000000.0,38311000000.0,267500670.0,0.16397379342747515,0.49223949633817293
2025-07-15,1547.0,0,3697,95412000000.0,11906000000.0,6282000000.0,77830000000.0,38311000000.0,267500670.0,0.16397379342747515,0.49223949633817293
2025-07-16,1559.5,0,3697,95412000000.0,11906000000.0,6282000000.0,77830000000.0,38311000000.0,267500670.0,0.16397379342747515,0.49223949633817293
2025-07-17,1626.0,0,3697,95412000000.0,11906000000.0,6282000000.0,77830000000.0,38311000000.0,267500670.0,0.16397379342747515,0.49223949633817293
2025-07-18,1613.5,0,3697,95412000000.0,11906000000.0,6282000000.0,77830000000.0,38311000000.0,267500670.0,0.16397379342747515,0.49223949633817293
2025-07-22,1618.0,0,3697,95412000000.0,11906000000.0,6282000000.0,77830000000.0,38311000000.0,267500670.0,0.16397379342747515,0.49223949633817293
2025-07-23,1592.0,0,3697,95412000000.0,11906000000.0,6282000000.0,77830000000.0,38311000000.0,267500670.0,0.16397379342747515,0.49223949633817293
2025-07-24,1610.0,0,3697,95412000000.0,11906000000.0,6282000000.0,77830000000.0,38311000000.0,267500670.0,0.16397379342747515,0.49223949633817293
2025-07-25,1572.0,0,3697,95412000000.0,11906000000.0,6282000000.0,77830000000.0,38311000000.0,267500670.0,0.16397379342747515,0.49223949633817293
