Date,target,MAdivergence60,code,ROE,SelfCapitalRatio
2023-08-01,1,,,,
2023-08-02,0,,,,
2023-08-03,1,,,,
2023-08-04,0,,,,
2023-08-07,0,,,,
2023-08-08,1,,,,
2023-08-09,0,,,,
2023-08-10,0,,4755,-0.11941117160029822,0.05415247387717576
2023-08-14,0,,4755,-0.11941117160029822,0.05415247387717576
2023-08-15,0,,4755,-0.11941117160029822,0.05415247387717576
2023-08-16,0,,4755,-0.11941117160029822,0.05415247387717576
2023-08-17,1,,4755,-0.11941117160029822,0.05415247387717576
2023-08-18,1,,4755,-0.11941117160029822,0.05415247387717576
2023-08-21,1,,4755,-0.11941117160029822,0.05415247387717576
2023-08-22,0,,4755,-0.11941117160029822,0.05415247387717576
2023-08-23,1,,4755,-0.11941117160029822,0.05415247387717576
2023-08-24,1,,4755,-0.11941117160029822,0.05415247387717576
2023-08-25,1,,4755,-0.11941117160029822,0.05415247387717576
2023-08-28,1,,4755,-0.11941117160029822,0.05415247387717576
2023-08-29,1,,4755,-0.11941117160029822,0.05415247387717576
2023-08-30,1,,4755,-0.11941117160029822,0.05415247387717576
2023-08-31,1,,4755,-0.11941117160029822,0.05415247387717576
2023-09-01,1,,4755,-0.11941117160029822,0.05415247387717576
2023-09-04,0,,4755,-0.11941117160029822,0.05415247387717576
2023-09-05,0,,4755,-0.11941117160029822,0.05415247387717576
2023-09-06,0,,4755,-0.11941117160029822,0.05415247387717576
2023-09-07,1,,4755,-0.11941117160029822,0.05415247387717576
2023-09-08,1,,4755,-0.11941117160029822,0.05415247387717576
2023-09-11,1,,4755,-0.11941117160029822,0.05415247387717576
2023-09-12,0,,4755,-0.11941117160029822,0.05415247387717576
2023-09-13,0,,4755,-0.11941117160029822,0.05415247387717576
2023-09-14,0,,4755,-0.11941117160029822,0.05415247387717576
2023-09-15,0,,4755,-0.11941117160029822,0.05415247387717576
2023-09-19,0,,4755,-0.11941117160029822,0.05415247387717576
2023-09-20,0,,4755,-0.11941117160029822,0.05415247387717576
2023-09-21,0,,4755,-0.11941117160029822,0.05415247387717576
2023-09-22,0,,4755,-0.11941117160029822,0.05415247387717576
2023-09-25,0,,4755,-0.11941117160029822,0.05415247387717576
2023-09-26,0,,4755,-0.11941117160029822,0.05415247387717576
2023-09-27,0,,4755,-0.11941117160029822,0.05415247387717576
2023-09-28,0,,4755,-0.11941117160029822,0.05415247387717576
2023-09-29,0,,4755,-0.11941117160029822,0.05415247387717576
2023-10-02,1,,4755,-0.11941117160029822,0.05415247387717576
2023-10-03,1,,4755,-0.11941117160029822,0.05415247387717576
2023-10-04,1,,4755,-0.11941117160029822,0.05415247387717576
2023-10-05,1,,4755,-0.11941117160029822,0.05415247387717576
2023-10-06,1,,4755,-0.11941117160029822,0.05415247387717576
2023-10-10,1,,4755,-0.11941117160029822,0.05415247387717576
2023-10-11,1,,4755,-0.11941117160029822,0.05415247387717576
2023-10-12,1,,4755,-0.11941117160029822,0.05415247387717576
2023-10-13,1,,4755,-0.11941117160029822,0.05415247387717576
2023-10-16,1,,4755,-0.11941117160029822,0.05415247387717576
2023-10-17,1,,4755,-0.11941117160029822,0.05415247387717576
2023-10-18,1,,4755,-0.11941117160029822,0.05415247387717576
2023-10-19,1,,4755,-0.11941117160029822,0.05415247387717576
2023-10-20,1,,4755,-0.11941117160029822,0.05415247387717576
2023-10-23,1,,4755,-0.11941117160029822,0.05415247387717576
2023-10-24,1,,4755,-0.11941117160029822,0.05415247387717576
2023-10-25,1,,4755,-0.11941117160029822,0.05415247387717576
2023-10-26,1,-0.03598915957806812,4755,-0.11941117160029822,0.05415247387717576
2023-10-27,1,-0.0256190746128797,4755,-0.11941117160029822,0.05415247387717576
2023-10-30,1,-0.05236748973455983,4755,-0.11941117160029822,0.05415247387717576
2023-10-31,1,-0.033654889142791196,4755,-0.11941117160029822,0.05415247387717576
2023-11-01,1,-0.0432845321451304,4755,-0.11941117160029822,0.05415247387717576
2023-11-02,1,-0.037282720058346736,4755,-0.11941117160029822,0.05415247387717576
2023-11-06,1,-0.012565714665980002,4755,-0.11941117160029822,0.05415247387717576
2023-11-07,1,-0.0223930046093883,4755,-0.11941117160029822,0.05415247387717576
2023-11-08,1,-0.04721656168951473,4755,-0.11941117160029822,0.05415247387717576
2023-11-09,1,-0.04289530255007727,4755,-0.18427345531182843,0.05227038334146682
2023-11-10,1,-0.03642677829119381,4755,-0.18427345531182843,0.05227038334146682
2023-11-13,1,-0.0388183990164924,4755,-0.18427345531182843,0.05227038334146682
2023-11-14,1,-0.06000226128249526,4755,-0.18427345531182843,0.05227038334146682
2023-11-15,1,-0.023023800143681494,4755,-0.18427345531182843,0.05227038334146682
2023-11-16,1,-0.03666576906037998,4755,-0.18427345531182843,0.05227038334146682
2023-11-17,1,-0.039255031749754456,4755,-0.18427345531182843,0.05227038334146682
2023-11-20,1,-0.023944053353093683,4755,-0.18427345531182843,0.05227038334146682
2023-11-21,1,0.013899772433515381,4755,-0.18427345531182843,0.05227038334146682
2023-11-22,1,-0.0016090964504546753,4755,-0.18427345531182843,0.05227038334146682
2023-11-24,1,0.0009121769854282193,4755,-0.18427345531182843,0.05227038334146682
2023-11-27,1,0.0028105936874183203,4755,-0.18427345531182843,0.05227038334146682
2023-11-28,1,0.02041581468588959,4755,-0.18427345531182843,0.05227038334146682
2023-11-29,1,0.04204721596376679,4755,-0.18427345531182843,0.05227038334146682
2023-11-30,1,0.012107736970646701,4755,-0.18427345531182843,0.05227038334146682
2023-12-01,1,-0.03187047810039148,4755,-0.18427345531182843,0.05227038334146682
2023-12-04,1,-0.02295057398051086,4755,-0.18427345531182843,0.05227038334146682
2023-12-05,1,-0.01896042102227676,4755,-0.18427345531182843,0.05227038334146682
2023-12-06,1,0.011888974734487254,4755,-0.18427345531182843,0.05227038334146682
2023-12-07,1,0.008458578901105407,4755,-0.18427345531182843,0.05227038334146682
2023-12-08,1,0.0021526571050652357,4755,-0.18427345531182843,0.05227038334146682
2023-12-11,1,0.019751634439102137,4755,-0.18427345531182843,0.05227038334146682
2023-12-12,1,0.002578256129847224,4755,-0.18427345531182843,0.05227038334146682
2023-12-13,1,0.0003723685236021577,4755,-0.18427345531182843,0.05227038334146682
2023-12-14,1,-0.004447989734074078,4755,-0.18427345531182843,0.05227038334146682
2023-12-15,1,0.02537994712269964,4755,-0.18427345531182843,0.05227038334146682
2023-12-18,1,0.009552323510761206,4755,-0.18427345531182843,0.05227038334146682
2023-12-19,1,0.004773034385566076,4755,-0.18427345531182843,0.05227038334146682
2023-12-20,1,0.0044800343769326985,4755,-0.18427345531182843,0.05227038334146682
2023-12-21,1,0.00935296545390077,4755,-0.18427345531182843,0.05227038334146682
2023-12-22,1,0.010192683607930401,4755,-0.18427345531182843,0.05227038334146682
2023-12-25,1,-0.004871401408717412,4755,-0.18427345531182843,0.05227038334146682
2023-12-26,1,-0.010927496005691364,4755,-0.18427345531182843,0.05227038334146682
2023-12-27,1,0.013182817101181066,4755,-0.18427345531182843,0.05227038334146682
2023-12-28,1,0.022504435521523782,4755,-0.18427345531182843,0.05227038334146682
2023-12-29,1,0.09755351592879871,4755,-0.18427345531182843,0.05227038334146682
2024-01-04,1,0.09042700104954986,4755,-0.18427345531182843,0.05227038334146682
2024-01-05,1,0.12841968438369536,4755,-0.18427345531182843,0.05227038334146682
2024-01-09,1,0.16643230387306218,4755,-0.18427345531182843,0.05227038334146682
2024-01-10,1,0.14296602976077025,4755,-0.18427345531182843,0.05227038334146682
2024-01-11,1,0.11328260117606363,4755,-0.18427345531182843,0.05227038334146682
2024-01-12,1,0.12973276345896473,4755,-0.18427345531182843,0.05227038334146682
2024-01-15,1,0.12245191009816153,4755,-0.18427345531182843,0.05227038334146682
2024-01-16,1,0.11043298118332699,4755,-0.18427345531182843,0.05227038334146682
2024-01-17,1,0.11210859769904605,4755,-0.18427345531182843,0.05227038334146682
2024-01-18,1,0.1165473701027311,4755,-0.18427345531182843,0.05227038334146682
2024-01-19,1,0.11211997870941477,4755,-0.18427345531182843,0.05227038334146682
2024-01-22,1,0.12208765777405471,4755,-0.18427345531182843,0.05227038334146682
2024-01-23,1,0.11228498514404199,4755,-0.18427345531182843,0.05227038334146682
2024-01-24,1,0.12059710937588301,4755,-0.18427345531182843,0.05227038334146682
2024-01-25,1,0.11841252486770117,4755,-0.18427345531182843,0.05227038334146682
2024-01-26,1,0.15343796501670556,4755,-0.18427345531182843,0.05227038334146682
2024-01-29,1,0.10002184249878202,4755,-0.18427345531182843,0.05227038334146682
2024-01-30,1,0.09092127452841794,4755,-0.18427345531182843,0.05227038334146682
2024-01-31,1,0.08690506359076915,4755,-0.18427345531182843,0.05227038334146682
2024-02-01,1,0.04084218951487394,4755,-0.18427345531182843,0.05227038334146682
2024-02-02,1,0.051580698835274545,4755,-0.18427345531182843,0.05227038334146682
2024-02-05,1,0.07795962977822651,4755,-0.18427345531182843,0.05227038334146682
2024-02-06,1,0.06547103029767606,4755,-0.18427345531182843,0.05227038334146682
2024-02-07,1,0.049384416228275524,4755,-0.18427345531182843,0.05227038334146682
2024-02-08,1,0.021019700127008923,4755,-0.18427345531182843,0.05227038334146682
2024-02-09,1,0.016770539176539267,4755,-0.18427345531182843,0.05227038334146682
2024-02-13,1,0.0540378503124993,4755,-0.18427345531182843,0.05227038334146682
2024-02-14,1,0.03438105901308048,4755,-0.31209508303124966,0.048074930777452916
2024-02-15,1,0.19255955050682158,4755,-0.31209508303124966,0.048074930777452916
2024-02-16,1,0.26233711495908124,4755,-0.31209508303124966,0.048074930777452916
2024-02-19,1,0.27644838638669805,4755,-0.31209508303124966,0.048074930777452916
2024-02-20,1,0.2014583528091989,4755,-0.31209508303124966,0.048074930777452916
2024-02-21,1,0.2236858892574634,4755,-0.31209508303124966,0.048074930777452916
2024-02-22,1,0.21112098514662955,4755,-0.31209508303124966,0.048074930777452916
2024-02-26,0,0.24356583560627787,4755,-0.31209508303124966,0.048074930777452916
2024-02-27,1,0.2117072557978866,4755,-0.31209508303124966,0.048074930777452916
2024-02-28,1,0.23183142372907822,4755,-0.31209508303124966,0.048074930777452916
2024-02-29,0,0.2736775887108673,4755,-0.31209508303124966,0.048074930777452916
2024-03-01,0,0.26766108219238005,4755,-0.31209508303124966,0.048074930777452916
2024-03-04,0,0.2727105468929672,4755,-0.31209508303124966,0.048074930777452916
2024-03-05,1,0.25236729202102015,4755,-0.31209508303124966,0.048074930777452916
2024-03-06,1,0.23985954716067323,4755,-0.31209508303124966,0.048074930777452916
2024-03-07,0,0.2611537767439995,4755,-0.31209508303124966,0.048074930777452916
2024-03-08,1,0.23381250155708905,4755,-0.31209508303124966,0.048074930777452916
2024-03-11,1,0.22848589744542078,4755,-0.31209508303124966,0.048074930777452916
2024-03-12,1,0.20886372030038164,4755,-0.31209508303124966,0.048074930777452916
2024-03-13,1,0.18509486488273186,4755,-0.31209508303124966,0.048074930777452916
2024-03-14,1,0.1698899803727712,4755,-0.31209508303124966,0.048074930777452916
2024-03-15,1,0.1196932719036966,4755,-0.31209508303124966,0.048074930777452916
2024-03-18,0,0.19601809256898584,4755,-0.31209508303124966,0.048074930777452916
2024-03-19,0,0.2213528448432727,4755,-0.31209508303124966,0.048074930777452916
2024-03-21,0,0.24543535318954685,4755,-0.31209508303124966,0.048074930777452916
2024-03-22,0,0.2274214798758976,4755,-0.31209508303124966,0.048074930777452916
2024-03-25,0,0.24174211486255226,4755,-0.31209508303124966,0.048074930777452916
2024-03-26,0,0.22789333395411632,4755,-0.31209508303124966,0.048074930777452916
2024-03-27,0,0.2010348486915267,4755,-0.31209508303124966,0.048074930777452916
2024-03-28,0,0.1795155626698024,4755,-0.31209508303124966,0.048074930777452916
2024-03-29,0,0.1637243378333656,4755,-0.31209508303124966,0.048074930777452916
2024-04-01,0,0.19112775783848493,4755,-0.31209508303124966,0.048074930777452916
2024-04-02,0,0.13962350998084364,4755,-0.31209508303124966,0.048074930777452916
2024-04-03,1,0.1556150104706988,4755,-0.31209508303124966,0.048074930777452916
2024-04-04,1,0.1503276150562184,4755,-0.31209508303124966,0.048074930777452916
2024-04-05,0,0.15145138219990795,4755,-0.31209508303124966,0.048074930777452916
2024-04-08,0,0.17702002204505507,4755,-0.31209508303124966,0.048074930777452916
2024-04-09,0,0.1952017640185115,4755,-0.31209508303124966,0.048074930777452916
2024-04-10,0,0.17177033073844794,4755,-0.31209508303124966,0.048074930777452916
2024-04-11,1,0.14883939774153057,4755,-0.31209508303124966,0.048074930777452916
2024-04-12,1,0.13665674656932966,4755,-0.31209508303124966,0.048074930777452916
2024-04-15,1,0.10037810120681616,4755,-0.31209508303124966,0.048074930777452916
2024-04-16,1,0.04503132642065784,4755,-0.31209508303124966,0.048074930777452916
2024-04-17,1,0.029470407388826676,4755,-0.31209508303124966,0.048074930777452916
2024-04-18,1,0.007060111439433135,4755,-0.31209508303124966,0.048074930777452916
2024-04-19,1,-0.04748693959777366,4755,-0.31209508303124966,0.048074930777452916
2024-04-22,1,-0.027915900926129052,4755,-0.31209508303124966,0.048074930777452916
2024-04-23,1,-0.034608804683930315,4755,-0.31209508303124966,0.048074930777452916
2024-04-24,1,-0.023943177912704852,4755,-0.31209508303124966,0.048074930777452916
2024-04-25,1,-0.06250992700080693,4755,-0.31209508303124966,0.048074930777452916
2024-04-26,1,-0.06422611787436358,4755,-0.31209508303124966,0.048074930777452916
2024-04-30,1,-0.03393765829525115,4755,-0.31209508303124966,0.048074930777452916
2024-05-01,1,-0.04732061551921026,4755,-0.31209508303124966,0.048074930777452916
2024-05-02,1,-0.05324699026437825,4755,-0.31209508303124966,0.048074930777452916
2024-05-07,1,0.000782122437712381,4755,-0.31209508303124966,0.048074930777452916
2024-05-08,1,-0.006128830519074393,4755,-0.31209508303124966,0.048074930777452916
2024-05-09,0,-0.014329171999933514,4755,-0.31209508303124966,0.048074930777452916
2024-05-10,0,0.0030570659204419586,4755,-0.31209508303124966,0.048074930777452916
2024-05-13,0,-0.004768944337574339,4755,-0.31209508303124966,0.048074930777452916
2024-05-14,0,0.008145447075137403,4755,-0.03812982705136473,0.046615652315078915
2024-05-15,0,-0.026870304658433923,4755,-0.03812982705136473,0.046615652315078915
2024-05-16,0,-0.03061735767560849,4755,-0.03812982705136473,0.046615652315078915
2024-05-17,1,-0.024083084597456752,4755,-0.03812982705136473,0.046615652315078915
2024-05-20,1,-0.0005047336661440429,4755,-0.03812982705136473,0.046615652315078915
2024-05-21,1,-0.030270362974850147,4755,-0.03812982705136473,0.046615652315078915
2024-05-22,1,-0.04725939594849468,4755,-0.03812982705136473,0.046615652315078915
2024-05-23,1,-0.042725764621622336,4755,-0.03812982705136473,0.046615652315078915
2024-05-24,1,-0.049836924797635775,4755,-0.03812982705136473,0.046615652315078915
2024-05-27,1,-0.020167385012044972,4755,-0.03812982705136473,0.046615652315078915
2024-05-28,1,-0.02486080802724702,4755,-0.03812982705136473,0.046615652315078915
2024-05-29,1,-0.01982506931735405,4755,-0.03812982705136473,0.046615652315078915
2024-05-30,1,-0.02218774877018229,4755,-0.03812982705136473,0.046615652315078915
2024-05-31,1,-0.0003450606306237894,4755,-0.03812982705136473,0.046615652315078915
2024-06-03,1,0.02868269425060256,4755,-0.03812982705136473,0.046615652315078915
2024-06-04,1,0.03390031048424941,4755,-0.03812982705136473,0.046615652315078915
2024-06-05,1,0.015123197336097374,4755,-0.03812982705136473,0.046615652315078915
2024-06-06,1,0.02274535403194554,4755,-0.03812982705136473,0.046615652315078915
2024-06-07,1,0.03988043413988638,4755,-0.03812982705136473,0.046615652315078915
2024-06-10,1,0.02599011918931698,4755,-0.03812982705136473,0.046615652315078915
2024-06-11,1,0.0011614401858303462,4755,-0.03812982705136473,0.046615652315078915
2024-06-12,1,-0.01146989915452785,4755,-0.03812982705136473,0.046615652315078915
2024-06-13,1,-0.01945734429747315,4755,-0.03812982705136473,0.046615652315078915
2024-06-14,1,-0.005867127184899102,4755,-0.03812982705136473,0.046615652315078915
2024-06-17,1,-0.038334091219598784,4755,-0.03812982705136473,0.046615652315078915
2024-06-18,1,0.014225941422594151,4755,-0.03812982705136473,0.046615652315078915
2024-06-19,1,0.015981175547821067,4755,-0.03812982705136473,0.046615652315078915
2024-06-20,1,0.012635965979619478,4755,-0.03812982705136473,0.046615652315078915
2024-06-21,1,-0.0009849674715003897,4755,-0.03812982705136473,0.046615652315078915
2024-06-24,1,0.013274635547002242,4755,-0.03812982705136473,0.046615652315078915
2024-06-25,1,0.042958492793788106,4755,-0.03812982705136473,0.046615652315078915
2024-06-26,1,0.04166752081736071,4755,-0.03812982705136473,0.046615652315078915
2024-06-27,1,0.04953577515397252,4755,-0.03812982705136473,0.046615652315078915
2024-06-28,1,0.021482435770142916,4755,-0.03812982705136473,0.046615652315078915
2024-07-01,1,0.06018244065140377,4755,-0.03812982705136473,0.046615652315078915
2024-07-02,1,0.06796992604563583,4755,-0.03812982705136473,0.046615652315078915
2024-07-03,1,0.05806562763424262,4755,-0.03812982705136473,0.046615652315078915
2024-07-04,1,0.09019310245813374,4755,-0.03812982705136473,0.046615652315078915
2024-07-05,1,0.1056090716641777,4755,-0.03812982705136473,0.046615652315078915
2024-07-08,1,0.09278227849659351,4755,-0.03812982705136473,0.046615652315078915
2024-07-09,1,0.09983367548466882,4755,-0.03812982705136473,0.046615652315078915
2024-07-10,1,0.12268233905473871,4755,-0.03812982705136473,0.046615652315078915
2024-07-11,1,0.11701017212796,4755,-0.03812982705136473,0.046615652315078915
2024-07-12,1,0.1185817572811568,4755,-0.03812982705136473,0.046615652315078915
2024-07-16,1,0.1103774623087929,4755,-0.03812982705136473,0.046615652315078915
2024-07-17,1,0.09239084021618459,4755,-0.03812982705136473,0.046615652315078915
2024-07-18,1,0.06609885931558941,4755,-0.03812982705136473,0.046615652315078915
2024-07-19,1,0.05395003622030029,4755,-0.03812982705136473,0.046615652315078915
2024-07-22,1,0.05432528955385392,4755,-0.03812982705136473,0.046615652315078915
2024-07-23,1,0.08571428571428577,4755,-0.03812982705136473,0.046615652315078915
2024-07-24,1,0.06422917164384351,4755,-0.03812982705136473,0.046615652315078915
2024-07-25,1,0.011768099914654323,4755,-0.03812982705136473,0.046615652315078915
2024-07-26,1,0.00853346775645399,4755,-0.03812982705136473,0.046615652315078915
2024-07-29,0,0.081527397178312,4755,-0.03812982705136473,0.046615652315078915
2024-07-30,1,0.06174307893956964,4755,-0.03812982705136473,0.046615652315078915
2024-07-31,1,0.051258376768428864,4755,-0.03812982705136473,0.046615652315078915
2024-08-01,1,0.017394874154402076,4755,-0.03812982705136473,0.046615652315078915
2024-08-02,1,-0.06099394304799152,4755,-0.03812982705136473,0.046615652315078915
2024-08-05,1,-0.20760098413411915,4755,-0.03812982705136473,0.046615652315078915
2024-08-06,1,-0.12507245250999394,4755,-0.03812982705136473,0.046615652315078915
2024-08-07,1,-0.06618136588516248,4755,-0.03812982705136473,0.046615652315078915
2024-08-08,1,-0.0748044842012069,4755,-0.03812982705136473,0.046615652315078915
2024-08-09,1,-0.06719134245067201,4755,-0.06733921368733656,0.04543407210236809
2024-08-13,1,0.017717009963203346,4755,-0.06733921368733656,0.04543407210236809
2024-08-14,1,0.037056201241840434,4755,-0.06733921368733656,0.04543407210236809
2024-08-15,1,0.03125316714790745,4755,-0.06733921368733656,0.04543407210236809
2024-08-16,1,0.061626860285749346,4755,-0.06733921368733656,0.04543407210236809
2024-08-19,1,0.04180972981102806,4755,-0.06733921368733656,0.04543407210236809
2024-08-20,0,0.07533248854202458,4755,-0.06733921368733656,0.04543407210236809
2024-08-21,0,0.12118522483729348,4755,-0.06733921368733656,0.04543407210236809
2024-08-22,0,0.10846834966088924,4755,-0.06733921368733656,0.04543407210236809
2024-08-23,0,0.11117851377134183,4755,-0.06733921368733656,0.04543407210236809
2024-08-26,0,0.10141907081303873,4755,-0.06733921368733656,0.04543407210236809
2024-08-27,0,0.10012127535735355,4755,-0.06733921368733656,0.04543407210236809
2024-08-28,0,0.19687660010240665,4755,-0.06733921368733656,0.04543407210236809
2024-08-29,0,0.16306050234932415,4755,-0.06733921368733656,0.04543407210236809
2024-08-30,0,0.19430753852465185,4755,-0.06733921368733656,0.04543407210236809
2024-09-02,0,0.19202934698356913,4755,-0.06733921368733656,0.04543407210236809
2024-09-03,0,0.22375985647331714,4755,-0.06733921368733656,0.04543407210236809
2024-09-04,0,0.1451057775272039,4755,-0.06733921368733656,0.04543407210236809
2024-09-05,0,0.13419870687527755,4755,-0.06733921368733656,0.04543407210236809
2024-09-06,0,0.07512264206315082,4755,-0.06733921368733656,0.04543407210236809
2024-09-09,0,0.08344141317460209,4755,-0.06733921368733656,0.04543407210236809
2024-09-10,0,0.07076276452709968,4755,-0.06733921368733656,0.04543407210236809
2024-09-11,1,0.046594174319679875,4755,-0.06733921368733656,0.04543407210236809
2024-09-12,1,0.054896367667536965,4755,-0.06733921368733656,0.04543407210236809
2024-09-13,1,0.062334150542218976,4755,-0.06733921368733656,0.04543407210236809
2024-09-17,1,0.05563672393235602,4755,-0.06733921368733656,0.04543407210236809
2024-09-18,1,0.05604860325212944,4755,-0.06733921368733656,0.04543407210236809
2024-09-19,1,0.07281500225568517,4755,-0.06733921368733656,0.04543407210236809
2024-09-20,1,0.07871412297518829,4755,-0.06733921368733656,0.04543407210236809
2024-09-24,0,0.06546544104191669,4755,-0.06733921368733656,0.04543407210236809
2024-09-25,0,0.040288335372571586,4755,-0.06733921368733656,0.04543407210236809
2024-09-26,0,0.04568038097062053,4755,-0.06733921368733656,0.04543407210236809
2024-09-27,0,0.06495955535705433,4755,-0.06733921368733656,0.04543407210236809
2024-09-30,0,0.019656515879806293,4755,-0.06733921368733656,0.04543407210236809
2024-10-01,0,0.00966379387819092,4755,-0.06733921368733656,0.04543407210236809
2024-10-02,0,-0.009633755917957211,4755,-0.06733921368733656,0.04543407210236809
2024-10-03,0,0.009043818713042995,4755,-0.06733921368733656,0.04543407210236809
2024-10-04,0,0.0036312470457184826,4755,-0.06733921368733656,0.04543407210236809
2024-10-07,0,0.01462146251247442,4755,-0.06733921368733656,0.04543407210236809
2024-10-08,1,0.0034113569070362993,4755,-0.06733921368733656,0.04543407210236809
2024-10-09,1,0.011551910367427623,4755,-0.06733921368733656,0.04543407210236809
2024-10-10,0,0.03903089648661562,4755,-0.06733921368733656,0.04543407210236809
2024-10-11,0,0.040457355143142866,4755,-0.06733921368733656,0.04543407210236809
2024-10-15,0,0.053229370195204705,4755,-0.06733921368733656,0.04543407210236809
2024-10-16,0,0.04428596696285453,4755,-0.06733921368733656,0.04543407210236809
2024-10-17,0,0.029438008281830054,4755,-0.06733921368733656,0.04543407210236809
2024-10-18,0,0.0057780753332944785,4755,-0.06733921368733656,0.04543407210236809
2024-10-21,0,0.03828076437936903,4755,-0.06733921368733656,0.04543407210236809
2024-10-22,0,0.02039297004515836,4755,-0.06733921368733656,0.04543407210236809
2024-10-23,1,-0.01056392306925041,4755,-0.06733921368733656,0.04543407210236809
2024-10-24,1,-0.016824623945743748,4755,-0.06733921368733656,0.04543407210236809
2024-10-25,1,-0.03705059371189077,4755,-0.06733921368733656,0.04543407210236809
2024-10-28,1,-0.013346665507347158,4755,-0.06733921368733656,0.04543407210236809
2024-10-29,1,-0.0008743299971217165,4755,-0.06733921368733656,0.04543407210236809
2024-10-30,1,0.0009401554872536694,4755,-0.06733921368733656,0.04543407210236809
2024-10-31,1,-0.001471765902646906,4755,-0.06733921368733656,0.04543407210236809
2024-11-01,1,-0.02634906039882758,4755,-0.06733921368733656,0.04543407210236809
2024-11-05,1,-0.015814203248758246,4755,-0.06733921368733656,0.04543407210236809
2024-11-06,1,-0.0007086792681859775,4755,-0.06733921368733656,0.04543407210236809
2024-11-07,1,-0.007750723626356014,4755,-0.06733921368733656,0.04543407210236809
2024-11-08,1,-0.013108484561177434,4755,-0.06733921368733656,0.04543407210236809
2024-11-11,1,-0.017350982808607165,4755,-0.06733921368733656,0.04543407210236809
2024-11-12,1,0.009487182211267823,4755,-0.06733921368733656,0.04543407210236809
2024-11-13,1,0.023292479876697306,4755,-0.15491178688734025,0.03901191027988941
2024-11-14,1,-0.007182885411165854,4755,-0.15491178688734025,0.03901191027988941
2024-11-15,1,-0.04656147053319543,4755,-0.15491178688734025,0.03901191027988941
2024-11-18,1,-0.0662439394876052,4755,-0.15491178688734025,0.03901191027988941
2024-11-19,1,-0.0695017499677242,4755,-0.15491178688734025,0.03901191027988941
2024-11-20,1,-0.06906662322853896,4755,-0.15491178688734025,0.03901191027988941
2024-11-21,1,-0.05157884103125792,4755,-0.15491178688734025,0.03901191027988941
2024-11-22,1,-0.06385394673810835,4755,-0.15491178688734025,0.03901191027988941
2024-11-25,1,-0.05872365214796714,4755,-0.15491178688734025,0.03901191027988941
2024-11-26,1,-0.07838156549372813,4755,-0.15491178688734025,0.03901191027988941
2024-11-27,1,-0.08166600288966244,4755,-0.15491178688734025,0.03901191027988941
2024-11-28,1,-0.08119661948009363,4755,-0.15491178688734025,0.03901191027988941
2024-11-29,1,-0.07428177033905628,4755,-0.15491178688734025,0.03901191027988941
2024-12-02,1,-0.08272806835509276,4755,-0.15491178688734025,0.03901191027988941
2024-12-03,1,-0.08058623304193002,4755,-0.15491178688734025,0.03901191027988941
2024-12-04,1,-0.08860759493670886,4755,-0.15491178688734025,0.03901191027988941
2024-12-05,1,-0.08980311073043774,4755,-0.15491178688734025,0.03901191027988941
2024-12-06,1,-0.056883200629546,4755,-0.15491178688734025,0.03901191027988941
2024-12-09,0,0.007107709130672498,4755,-0.15491178688734025,0.03901191027988941
2024-12-10,0,0.017356884071177078,4755,-0.15491178688734025,0.03901191027988941
2024-12-11,0,0.03501809395738363,4755,-0.15491178688734025,0.03901191027988941
2024-12-12,0,0.060043640284572465,4755,-0.15491178688734025,0.03901191027988941
2024-12-13,0,0.0728228761132011,4755,-0.15491178688734025,0.03901191027988941
2024-12-16,0,0.07832064817088152,4755,-0.15491178688734025,0.03901191027988941
2024-12-17,0,0.08885896086759773,4755,-0.15491178688734025,0.03901191027988941
2024-12-18,0,0.08648775321497412,4755,-0.15491178688734025,0.03901191027988941
2024-12-19,0,0.0006235944127394355,4755,-0.15491178688734025,0.03901191027988941
2024-12-20,0,0.0037101702313400015,4755,-0.15491178688734025,0.03901191027988941
2024-12-23,0,-0.010084795273741872,4755,-0.15491178688734025,0.03901191027988941
2024-12-24,0,-0.02482586176102892,4755,-0.15491178688734025,0.03901191027988941
2024-12-25,0,-0.04823758850368785,4755,-0.15491178688734025,0.03901191027988941
2024-12-26,0,-0.06703270810387245,4755,-0.15491178688734025,0.03901191027988941
2024-12-27,0,-0.04353070175438602,4755,-0.15491178688734025,0.03901191027988941
2024-12-30,0,-0.05721404867054265,4755,-0.15491178688734025,0.03901191027988941
2025-01-06,0,-0.05671261324118382,4755,-0.15491178688734025,0.03901191027988941
2025-01-07,0,-0.04292292351008913,4755,-0.15491178688734025,0.03901191027988941
2025-01-08,0,0.011832757824356242,4755,-0.15491178688734025,0.03901191027988941
2025-01-09,0,0.029033174226530185,4755,-0.15491178688734025,0.03901191027988941
2025-01-10,0,0.0055534063887090635,4755,-0.15491178688734025,0.03901191027988941
2025-01-14,0,-0.007235353592812775,4755,-0.15491178688734025,0.03901191027988941
2025-01-15,0,-0.01492965095556376,4755,-0.15491178688734025,0.03901191027988941
2025-01-16,0,-0.007422719849338673,4755,-0.15491178688734025,0.03901191027988941
2025-01-17,0,-0.013376972169197575,4755,-0.15491178688734025,0.03901191027988941
2025-01-20,0,-0.00395545145180541,4755,-0.15491178688734025,0.03901191027988941
2025-01-21,0,-0.00291774108227365,4755,-0.15491178688734025,0.03901191027988941
2025-01-22,0,0.022852971107473342,4755,-0.15491178688734025,0.03901191027988941
2025-01-23,0,0.013104364865039263,4755,-0.15491178688734025,0.03901191027988941
2025-01-24,0,0.02886769648016038,4755,-0.15491178688734025,0.03901191027988941
2025-01-27,0,0.04581442342730315,4755,-0.15491178688734025,0.03901191027988941
2025-01-28,0,0.0796246126474512,4755,-0.15491178688734025,0.03901191027988941
2025-01-29,0,0.09770265781035767,4755,-0.15491178688734025,0.03901191027988941
2025-01-30,0,0.10398416596415357,4755,-0.15491178688734025,0.03901191027988941
2025-01-31,0,0.07926825919572945,4755,-0.15491178688734025,0.03901191027988941
2025-02-03,0,0.0569144345129248,4755,-0.15491178688734025,0.03901191027988941
2025-02-04,0,0.05579337977757191,4755,-0.15491178688734025,0.03901191027988941
2025-02-05,0,0.0567199500399899,4755,-0.15491178688734025,0.03901191027988941
2025-02-06,0,0.08603029153412906,4755,-0.15491178688734025,0.03901191027988941
2025-02-07,0,0.08214855677089795,4755,-0.15491178688734025,0.03901191027988941
2025-02-10,0,0.06743689564234584,4755,-0.15491178688734025,0.03901191027988941
2025-02-12,0,0.07226658420794153,4755,-0.15491178688734025,0.03901191027988941
2025-02-13,0,0.1035164591515355,4755,-0.15491178688734025,0.03901191027988941
2025-02-14,0,0.11376841310682959,4755,-0.13115879190707574,0.04671041694261393
2025-02-17,0,0.08505030928208518,4755,-0.13115879190707574,0.04671041694261393
2025-02-18,0,0.024441344572479994,4755,-0.13115879190707574,0.04671041694261393
2025-02-19,0,0.09750088886562694,4755,-0.13115879190707574,0.04671041694261393
2025-02-20,0,0.05318913192699133,4755,-0.13115879190707574,0.04671041694261393
2025-02-21,0,0.06032235958148305,4755,-0.13115879190707574,0.04671041694261393
2025-02-25,0,0.03591710938931208,4755,-0.13115879190707574,0.04671041694261393
2025-02-26,0,0.022515064158335516,4755,-0.13115879190707574,0.04671041694261393
2025-02-27,0,0.012773869724800338,4755,-0.13115879190707574,0.04671041694261393
2025-02-28,0,-0.01156944350010554,4755,-0.13115879190707574,0.04671041694261393
2025-03-03,0,-0.016321365761592273,4755,-0.13115879190707574,0.04671041694261393
2025-03-04,0,-0.039597063708942754,4755,-0.13115879190707574,0.04671041694261393
2025-03-05,0,-0.028955073159330467,4755,-0.13115879190707574,0.04671041694261393
2025-03-06,0,-0.005390806768259401,4755,-0.13115879190707574,0.04671041694261393
2025-03-07,0,-0.028566548528972193,4755,-0.13115879190707574,0.04671041694261393
2025-03-10,0,-0.028406546937963382,4755,-0.13115879190707574,0.04671041694261393
2025-03-11,0,-0.052305747008043114,4755,-0.13115879190707574,0.04671041694261393
2025-03-12,0,-0.04275107797101606,4755,-0.13115879190707574,0.04671041694261393
2025-03-13,0,-0.04167496231405904,4755,-0.13115879190707574,0.04671041694261393
2025-03-14,0,-0.0410632316834502,4755,-0.13115879190707574,0.04671041694261393
2025-03-17,0,-0.03247698218602003,4755,-0.13115879190707574,0.04671041694261393
2025-03-18,0,-0.027987843159636983,4755,-0.13115879190707574,0.04671041694261393
2025-03-19,0,-0.032610714949197664,4755,-0.13115879190707574,0.04671041694261393
2025-03-21,0,-0.03264076902016862,4755,-0.13115879190707574,0.04671041694261393
2025-03-24,0,-0.03679987379622396,4755,-0.13115879190707574,0.04671041694261393
2025-03-25,0,-0.025414459741014094,4755,-0.13115879190707574,0.04671041694261393
2025-03-26,0,-0.025383223362680795,4755,-0.13115879190707574,0.04671041694261393
2025-03-27,0,-0.028545293120611236,4755,-0.13115879190707574,0.04671041694261393
2025-03-28,0,-0.047795014565962975,4755,-0.13115879190707574,0.04671041694261393
2025-03-31,0,-0.08344428852896738,4755,-0.13115879190707574,0.04671041694261393
2025-04-01,0,-0.09012434967221152,4755,-0.13115879190707574,0.04671041694261393
2025-04-02,0,-0.10570317621386689,4755,-0.13115879190707574,0.04671041694261393
2025-04-03,0,-0.11384124336836662,4755,-0.13115879190707574,0.04671041694261393
2025-04-04,0,-0.1411221763419966,4755,-0.13115879190707574,0.04671041694261393
2025-04-07,1,-0.2304597068572594,4755,-0.13115879190707574,0.04671041694261393
2025-04-08,1,-0.17202592711888334,4755,-0.13115879190707574,0.04671041694261393
2025-04-09,1,-0.21112289828956743,4755,-0.13115879190707574,0.04671041694261393
2025-04-10,0,-0.13745609994556296,4755,-0.13115879190707574,0.04671041694261393
2025-04-11,1,-0.15209512651783072,4755,-0.13115879190707574,0.04671041694261393
2025-04-14,1,-0.15338399495212748,4755,-0.13115879190707574,0.04671041694261393
2025-04-15,1,-0.15150581868579097,4755,-0.13115879190707574,0.04671041694261393
2025-04-16,1,-0.16254093570475567,4755,-0.13115879190707574,0.04671041694261393
2025-04-17,1,-0.13572470494629352,4755,-0.13115879190707574,0.04671041694261393
2025-04-18,1,-0.13174448480552842,4755,-0.13115879190707574,0.04671041694261393
2025-04-21,1,-0.13802006696391397,4755,-0.13115879190707574,0.04671041694261393
2025-04-22,1,-0.16015527102814156,4755,-0.13115879190707574,0.04671041694261393
2025-04-23,1,-0.1395470947704751,4755,-0.13115879190707574,0.04671041694261393
2025-04-24,1,-0.1192537187998991,4755,-0.13115879190707574,0.04671041694261393
2025-04-25,0,-0.09502262443438912,4755,-0.13115879190707574,0.04671041694261393
2025-04-28,0,-0.06976569328659106,4755,-0.13115879190707574,0.04671041694261393
2025-04-30,0,-0.05024983501461295,4755,-0.13115879190707574,0.04671041694261393
2025-05-01,0,-0.05672436549567165,4755,-0.13115879190707574,0.04671041694261393
2025-05-02,0,-0.05470165833832531,4755,-0.13115879190707574,0.04671041694261393
2025-05-07,0,-0.023614688518611288,4755,-0.13115879190707574,0.04671041694261393
2025-05-08,0,0.00870551171515335,4755,-0.13115879190707574,0.04671041694261393
2025-05-09,0,0.02181433513451702,4755,-0.13115879190707574,0.04671041694261393
2025-05-12,0,0.013222000889997419,4755,-0.13115879190707574,0.04671041694261393
2025-05-13,0,0.015482103361981234,4755,-0.13115879190707574,0.04671041694261393
2025-05-14,0,0.016709380984237524,4755,-0.06466487293837865,0.04530733638213234
2025-05-15,0,-0.0692115837605654,4755,-0.06466487293837865,0.04530733638213234
2025-05-16,0,-0.08997581388874394,4755,-0.06466487293837865,0.04530733638213234
2025-05-19,0,-0.05925271910504815,4755,-0.06466487293837865,0.04530733638213234
2025-05-20,0,-0.0625145934839121,4755,-0.06466487293837865,0.04530733638213234
2025-05-21,0,-0.03766564779640822,4755,-0.06466487293837865,0.04530733638213234
2025-05-22,0,-0.05907530219651005,4755,-0.06466487293837865,0.04530733638213234
2025-05-23,0,-0.05361100895057425,4755,-0.06466487293837865,0.04530733638213234
2025-05-26,0,-0.03712557842290246,4755,-0.06466487293837865,0.04530733638213234
2025-05-27,0,-0.05613602594211283,4755,-0.06466487293837865,0.04530733638213234
2025-05-28,0,-0.05384784812989999,4755,-0.06466487293837865,0.04530733638213234
2025-05-29,0,-0.040553710296545295,4755,-0.06466487293837865,0.04530733638213234
2025-05-30,0,-0.04474255536749179,4755,-0.06466487293837865,0.04530733638213234
2025-06-02,0,-0.016827460626776803,4755,-0.06466487293837865,0.04530733638213234
2025-06-03,0,-0.020676605252261674,4755,-0.06466487293837865,0.04530733638213234
2025-06-04,0,-0.02647556564352226,4755,-0.06466487293837865,0.04530733638213234
2025-06-05,0,-0.03434860630223493,4755,-0.06466487293837865,0.04530733638213234
2025-06-06,0,-0.0274443782120474,4755,-0.06466487293837865,0.04530733638213234
2025-06-09,0,-0.0031719273340283516,4755,-0.06466487293837865,0.04530733638213234
2025-06-10,0,-0.007996057513446155,4755,-0.06466487293837865,0.04530733638213234
2025-06-11,0,0.009479161821244962,4755,-0.06466487293837865,0.04530733638213234
2025-06-12,0,-0.0026657159756600744,4755,-0.06466487293837865,0.04530733638213234
2025-06-13,0,-0.02095148397887387,4755,-0.06466487293837865,0.04530733638213234
2025-06-16,0,-0.013470608933354852,4755,-0.06466487293837865,0.04530733638213234
2025-06-17,0,-0.008931355108478308,4755,-0.06466487293837865,0.04530733638213234
2025-06-18,0,0.006988382630276914,4755,-0.06466487293837865,0.04530733638213234
2025-06-19,0,-0.003203666941305508,4755,-0.06466487293837865,0.04530733638213234
2025-06-20,0,-0.00830915974236701,4755,-0.06466487293837865,0.04530733638213234
2025-06-23,0,-0.024833981527493117,4755,-0.06466487293837865,0.04530733638213234
2025-06-24,0,-0.022237772312378435,4755,-0.06466487293837865,0.04530733638213234
2025-06-25,0,-0.03740800633642457,4755,-0.06466487293837865,0.04530733638213234
2025-06-26,0,-0.026557446122959936,4755,-0.06466487293837865,0.04530733638213234
2025-06-27,0,-0.01767067940929562,4755,-0.06466487293837865,0.04530733638213234
2025-06-30,0,-0.011278918912208218,4755,-0.06466487293837865,0.04530733638213234
2025-07-01,0,-0.02468923617222608,4755,-0.06466487293837865,0.04530733638213234
2025-07-02,0,-0.0349905019565762,4755,-0.06466487293837865,0.04530733638213234
2025-07-03,0,-0.034101840071989215,4755,-0.06466487293837865,0.04530733638213234
2025-07-04,0,-0.040762426345734924,4755,-0.06466487293837865,0.04530733638213234
2025-07-07,0,-0.04295741036506874,4755,-0.06466487293837865,0.04530733638213234
2025-07-08,0,-0.034678019343638955,4755,-0.06466487293837865,0.04530733638213234
2025-07-09,0,-0.02902671250991797,4755,-0.06466487293837865,0.04530733638213234
2025-07-10,0,0.0015732814687263628,4755,-0.06466487293837865,0.04530733638213234
2025-07-11,0,-0.009054367473608693,4755,-0.06466487293837865,0.04530733638213234
2025-07-14,0,-0.022180246465513056,4755,-0.06466487293837865,0.04530733638213234
2025-07-15,0,-0.016626637667116844,4755,-0.06466487293837865,0.04530733638213234
2025-07-16,0,-0.02901613152605272,4755,-0.06466487293837865,0.04530733638213234
2025-07-17,0,-0.029435589422892688,4755,-0.06466487293837865,0.04530733638213234
2025-07-18,0,-0.04318641176361506,4755,-0.06466487293837865,0.04530733638213234
2025-07-22,0,-0.04751897544935354,4755,-0.06466487293837865,0.04530733638213234
2025-07-23,0,-0.008905841935723103,4755,-0.06466487293837865,0.04530733638213234
2025-07-24,0,-0.014800852825757837,4755,-0.06466487293837865,0.04530733638213234
2025-07-25,0,-0.02591780189332709,4755,-0.06466487293837865,0.04530733638213234
2023-08-01,0,,,,
2023-08-02,0,,,,
2023-08-03,1,,4689,0.011178024021548461,0.395063598482531
2023-08-04,0,,4689,0.011178024021548461,0.395063598482531
2023-08-07,0,,4689,0.011178024021548461,0.395063598482531
2023-08-08,0,,4689,0.011178024021548461,0.395063598482531
2023-08-09,0,,4689,0.011178024021548461,0.395063598482531
2023-08-10,1,,4689,0.011178024021548461,0.395063598482531
2023-08-14,1,,4689,0.011178024021548461,0.395063598482531
2023-08-15,1,,4689,0.011178024021548461,0.395063598482531
2023-08-16,1,,4689,0.011178024021548461,0.395063598482531
2023-08-17,1,,4689,0.011178024021548461,0.395063598482531
2023-08-18,1,,4689,0.011178024021548461,0.395063598482531
2023-08-21,1,,4689,0.011178024021548461,0.395063598482531
2023-08-22,1,,4689,0.011178024021548461,0.395063598482531
2023-08-23,1,,4689,0.011178024021548461,0.395063598482531
2023-08-24,1,,4689,0.011178024021548461,0.395063598482531
2023-08-25,1,,4689,0.011178024021548461,0.395063598482531
2023-08-28,1,,4689,0.011178024021548461,0.395063598482531
2023-08-29,1,,4689,0.011178024021548461,0.395063598482531
2023-08-30,1,,4689,0.011178024021548461,0.395063598482531
2023-08-31,0,,4689,0.011178024021548461,0.395063598482531
2023-09-01,0,,4689,0.011178024021548461,0.395063598482531
2023-09-04,0,,4689,0.011178024021548461,0.395063598482531
2023-09-05,0,,4689,0.011178024021548461,0.395063598482531
2023-09-06,0,,4689,0.011178024021548461,0.395063598482531
2023-09-07,0,,4689,0.011178024021548461,0.395063598482531
2023-09-08,0,,4689,0.011178024021548461,0.395063598482531
2023-09-11,1,,4689,0.011178024021548461,0.395063598482531
2023-09-12,1,,4689,0.011178024021548461,0.395063598482531
2023-09-13,1,,4689,0.011178024021548461,0.395063598482531
2023-09-14,1,,4689,0.011178024021548461,0.395063598482531
2023-09-15,1,,4689,0.011178024021548461,0.395063598482531
2023-09-19,1,,4689,0.011178024021548461,0.395063598482531
2023-09-20,1,,4689,0.011178024021548461,0.395063598482531
2023-09-21,1,,4689,0.011178024021548461,0.395063598482531
2023-09-22,1,,4689,0.011178024021548461,0.395063598482531
2023-09-25,1,,4689,0.011178024021548461,0.395063598482531
2023-09-26,1,,4689,0.011178024021548461,0.395063598482531
2023-09-27,1,,4689,0.011178024021548461,0.395063598482531
2023-09-28,1,,4689,0.011178024021548461,0.395063598482531
2023-09-29,1,,4689,0.011178024021548461,0.395063598482531
2023-10-02,1,,4689,0.011178024021548461,0.395063598482531
2023-10-03,1,,4689,0.011178024021548461,0.395063598482531
2023-10-04,1,,4689,0.011178024021548461,0.395063598482531
2023-10-05,1,,4689,0.011178024021548461,0.395063598482531
2023-10-06,1,,4689,0.011178024021548461,0.395063598482531
2023-10-10,1,,4689,0.011178024021548461,0.395063598482531
2023-10-11,1,,4689,0.011178024021548461,0.395063598482531
2023-10-12,1,,4689,0.011178024021548461,0.395063598482531
2023-10-13,1,,4689,0.011178024021548461,0.395063598482531
2023-10-16,1,,4689,0.011178024021548461,0.395063598482531
2023-10-17,1,,4689,0.011178024021548461,0.395063598482531
2023-10-18,1,,4689,0.011178024021548461,0.395063598482531
2023-10-19,1,,4689,0.011178024021548461,0.395063598482531
2023-10-20,1,,4689,0.011178024021548461,0.395063598482531
2023-10-23,1,,4689,0.011178024021548461,0.395063598482531
2023-10-24,1,,4689,0.011178024021548461,0.395063598482531
2023-10-25,1,,4689,0.011178024021548461,0.395063598482531
2023-10-26,1,-0.09075549118995901,4689,0.011178024021548461,0.395063598482531
2023-10-27,1,-0.08204060762469963,4689,0.011178024021548461,0.395063598482531
2023-10-30,1,-0.09067830417910795,4689,0.011178024021548461,0.395063598482531
2023-10-31,1,-0.07571795254078852,4689,0.011178024021548461,0.395063598482531
2023-11-01,1,-0.06233729542106434,4689,0.011178024021548461,0.395063598482531
2023-11-02,1,-0.029057921800718,4689,0.011178024021548461,0.395063598482531
2023-11-06,1,-0.0050475635798875,4689,0.011178024021548461,0.395063598482531
2023-11-07,1,-0.009227308951015594,4689,0.027528693588219074,0.3914107172744344
2023-11-08,1,0.04679788021003872,4689,0.027528693588219074,0.3914107172744344
2023-11-09,0,0.09266150579992086,4689,0.027528693588219074,0.3914107172744344
2023-11-10,0,0.07170937241699087,4689,0.027528693588219074,0.3914107172744344
2023-11-13,1,0.06689225935101807,4689,0.027528693588219074,0.3914107172744344
2023-11-14,1,0.03800127999227192,4689,0.027528693588219074,0.3914107172744344
2023-11-15,0,0.04832776524791052,4689,0.027528693588219074,0.3914107172744344
2023-11-16,0,0.03266740287119768,4689,0.027528693588219074,0.3914107172744344
2023-11-17,1,0.015002748564526967,4689,0.027528693588219074,0.3914107172744344
2023-11-20,0,0.029687725544916457,4689,0.027528693588219074,0.3914107172744344
2023-11-21,0,0.04978905658411889,4689,0.027528693588219074,0.3914107172744344
2023-11-22,0,0.04714975922760709,4689,0.027528693588219074,0.3914107172744344
2023-11-24,0,0.07069616837560704,4689,0.027528693588219074,0.3914107172744344
2023-11-27,0,0.05063028230895801,4689,0.027528693588219074,0.3914107172744344
2023-11-28,0,0.03338391502276177,4689,0.027528693588219074,0.3914107172744344
2023-11-29,0,0.03435879820097629,4689,0.027528693588219074,0.3914107172744344
2023-11-30,0,0.03248598295175261,4689,0.027528693588219074,0.3914107172744344
2023-12-01,0,0.032596526022839904,4689,0.027528693588219074,0.3914107172744344
2023-12-04,0,0.04397912041759162,4689,0.027528693588219074,0.3914107172744344
2023-12-05,0,0.022644031974638063,4689,0.027528693588219074,0.3914107172744344
2023-12-06,0,0.04793631981036882,4689,0.027528693588219074,0.3914107172744344
2023-12-07,0,0.04232075350804143,4689,0.027528693588219074,0.3914107172744344
2023-12-08,0,0.08743053527347816,4689,0.027528693588219074,0.3914107172744344
2023-12-11,0,0.11838029885820009,4689,0.027528693588219074,0.3914107172744344
2023-12-12,0,0.11362629202448095,4689,0.027528693588219074,0.3914107172744344
2023-12-13,0,0.12457678825654692,4689,0.027528693588219074,0.3914107172744344
2023-12-14,0,0.13288267653490854,4689,0.027528693588219074,0.3914107172744344
2023-12-15,0,0.15104709335157365,4689,0.027528693588219074,0.3914107172744344
2023-12-18,0,0.131612488237186,4689,0.027528693588219074,0.3914107172744344
2023-12-19,0,0.141485214414757,4689,0.027528693588219074,0.3914107172744344
2023-12-20,0,0.1339900660289011,4689,0.027528693588219074,0.3914107172744344
2023-12-21,0,0.12870607992241925,4689,0.027528693588219074,0.3914107172744344
2023-12-22,0,0.13526133335429544,4689,0.027528693588219074,0.3914107172744344
2023-12-25,0,0.11317166885573704,4689,0.027528693588219074,0.3914107172744344
2023-12-26,0,0.1372662455438113,4689,0.027528693588219074,0.3914107172744344
2023-12-27,0,0.1555233407765059,4689,0.027528693588219074,0.3914107172744344
2023-12-28,0,0.15854132045288646,4689,0.027528693588219074,0.3914107172744344
2023-12-29,0,0.16004271520103985,4689,0.027528693588219074,0.3914107172744344
2024-01-04,0,0.1451900168852498,4689,0.027528693588219074,0.3914107172744344
2024-01-05,0,0.11454465788806129,4689,0.027528693588219074,0.3914107172744344
2024-01-09,0,0.10592085346740306,4689,0.027528693588219074,0.3914107172744344
2024-01-10,0,0.10122243409211622,4689,0.027528693588219074,0.3914107172744344
2024-01-11,0,0.11071319719597685,4689,0.027528693588219074,0.3914107172744344
2024-01-12,0,0.08328360364743499,4689,0.027528693588219074,0.3914107172744344
2024-01-15,0,0.10298046497527336,4689,0.027528693588219074,0.3914107172744344
2024-01-16,0,0.08783513254213457,4689,0.027528693588219074,0.3914107172744344
2024-01-17,0,0.0823431939292372,4689,0.027528693588219074,0.3914107172744344
2024-01-18,0,0.07429730186447367,4689,0.027528693588219074,0.3914107172744344
2024-01-19,0,0.07817639552593454,4689,0.027528693588219074,0.3914107172744344
2024-01-22,0,0.07380148095120903,4689,0.027528693588219074,0.3914107172744344
2024-01-23,0,0.07691964882570533,4689,0.027528693588219074,0.3914107172744344
2024-01-24,0,0.06634203018675243,4689,0.027528693588219074,0.3914107172744344
2024-01-25,0,0.04498310736046972,4689,0.027528693588219074,0.3914107172744344
2024-01-26,0,0.031995765266361796,4689,0.027528693588219074,0.3914107172744344
2024-01-29,0,0.03580169116461749,4689,0.027528693588219074,0.3914107172744344
2024-01-30,0,0.01756192688190876,4689,0.027528693588219074,0.3914107172744344
2024-01-31,0,0.009365396099450946,4689,0.027528693588219074,0.3914107172744344
2024-02-01,0,0.0036243199860547686,4689,0.027528693588219074,0.3914107172744344
2024-02-02,0,0.006561855726134101,4689,0.027528693588219074,0.3914107172744344
2024-02-05,0,0.009112605771317088,4689,0.027528693588219074,0.3914107172744344
2024-02-06,0,0.011085130336883924,4689,0.03571866128529773,0.3815930957746215
2024-02-07,0,-0.06193508813076191,4689,0.03571866128529773,0.3815930957746215
2024-02-08,0,-0.05088172120643288,4689,0.03571866128529773,0.3815930957746215
2024-02-09,0,-0.05093043911527033,4689,0.03571866128529773,0.3815930957746215
2024-02-13,0,-0.03887880024116491,4689,0.03571866128529773,0.3815930957746215
2024-02-14,0,-0.059393431853129966,4689,0.03571866128529773,0.3815930957746215
2024-02-15,0,-0.09500693481275989,4689,0.03571866128529773,0.3815930957746215
2024-02-16,0,-0.08162491194480073,4689,0.03571866128529773,0.3815930957746215
2024-02-19,0,-0.08276168492690487,4689,0.03571866128529773,0.3815930957746215
2024-02-20,0,-0.08366994486556018,4689,0.03571866128529773,0.3815930957746215
2024-02-21,0,-0.08213835159393165,4689,0.03571866128529773,0.3815930957746215
2024-02-22,0,-0.08897898951465019,4689,0.03571866128529773,0.3815930957746215
2024-02-26,0,-0.08596253054575072,4689,0.03571866128529773,0.3815930957746215
2024-02-27,0,-0.09801079749266285,4689,0.03571866128529773,0.3815930957746215
2024-02-28,0,-0.09768875192604,4689,0.03571866128529773,0.3815930957746215
2024-02-29,0,-0.10121245982048921,4689,0.03571866128529773,0.3815930957746215
2024-03-01,0,-0.12403033208402328,4689,0.03571866128529773,0.3815930957746215
2024-03-04,0,-0.14527303474987724,4689,0.03571866128529773,0.3815930957746215
2024-03-05,0,-0.14694118418464355,4689,0.03571866128529773,0.3815930957746215
2024-03-06,0,-0.14972003866566969,4689,0.03571866128529773,0.3815930957746215
2024-03-07,0,-0.1534256186870533,4689,0.03571866128529773,0.3815930957746215
2024-03-08,0,-0.15064812408254116,4689,0.03571866128529773,0.3815930957746215
2024-03-11,1,-0.1683399469200019,4689,0.03571866128529773,0.3815930957746215
2024-03-12,0,-0.1420966797845671,4689,0.03571866128529773,0.3815930957746215
2024-03-13,0,-0.12963236379743104,4689,0.03571866128529773,0.3815930957746215
2024-03-14,0,-0.11992982534060247,4689,0.03571866128529773,0.3815930957746215
2024-03-15,0,-0.1110286339933565,4689,0.03571866128529773,0.3815930957746215
2024-03-18,0,-0.11972027659550707,4689,0.03571866128529773,0.3815930957746215
2024-03-19,0,-0.1135245763882923,4689,0.03571866128529773,0.3815930957746215
2024-03-21,0,-0.1042930995729377,4689,0.03571866128529773,0.3815930957746215
2024-03-22,0,-0.10249569772073129,4689,0.03571866128529773,0.3815930957746215
2024-03-25,1,-0.11496952265350827,4689,0.03571866128529773,0.3815930957746215
2024-03-26,1,-0.1126241134751773,4689,0.03571866128529773,0.3815930957746215
2024-03-27,1,-0.10761373940955302,4689,0.03571866128529773,0.3815930957746215
2024-03-28,1,-0.12584416029618456,4689,0.03571866128529773,0.3815930957746215
2024-03-29,1,-0.11057738275080015,4689,0.03571866128529773,0.3815930957746215
2024-04-01,1,-0.10297127802974734,4689,0.03571866128529773,0.3815930957746215
2024-04-02,1,-0.12263779679457988,4689,0.03571866128529773,0.3815930957746215
2024-04-03,0,-0.11869004941381653,4689,0.03571866128529773,0.3815930957746215
2024-04-04,1,-0.12270528392793904,4689,0.03571866128529773,0.3815930957746215
2024-04-05,1,-0.12510259115957315,4689,0.03571866128529773,0.3815930957746215
2024-04-08,1,-0.1160854089733578,4689,0.03571866128529773,0.3815930957746215
2024-04-09,1,-0.11736186113979846,4689,0.03571866128529773,0.3815930957746215
2024-04-10,1,-0.12667592955455018,4689,0.03571866128529773,0.3815930957746215
2024-04-11,1,-0.1345924358382789,4689,0.03571866128529773,0.3815930957746215
2024-04-12,1,-0.12958685348444998,4689,0.03571866128529773,0.3815930957746215
2024-04-15,1,-0.13835477808298374,4689,0.03571866128529773,0.3815930957746215
2024-04-16,1,-0.1313470415442719,4689,0.03571866128529773,0.3815930957746215
2024-04-17,1,-0.17289907355930964,4689,0.03571866128529773,0.3815930957746215
2024-04-18,1,-0.14571408755818643,4689,0.03571866128529773,0.3815930957746215
2024-04-19,1,-0.1446469668812228,4689,0.03571866128529773,0.3815930957746215
2024-04-22,1,-0.12118363105547038,4689,0.03571866128529773,0.3815930957746215
2024-04-23,1,-0.11300413500501322,4689,0.03571866128529773,0.3815930957746215
2024-04-24,1,-0.06096374117236059,4689,0.03571866128529773,0.3815930957746215
2024-04-25,1,-0.06291498584350182,4689,0.03571866128529773,0.3815930957746215
2024-04-26,0,-0.04748334101672183,4689,0.03571866128529773,0.3815930957746215
2024-04-30,0,-0.033474756224218874,4689,0.03571866128529773,0.3815930957746215
2024-05-01,0,-0.037288307217173286,4689,0.03571866128529773,0.3815930957746215
2024-05-02,0,-0.04991805257340339,4689,0.03571866128529773,0.3815930957746215
2024-05-07,0,-0.03845336371287925,4689,0.03571866128529773,0.3815930957746215
2024-05-08,0,-0.058449874494134364,4689,0.032840003655368384,0.3811363130501664
2024-05-09,0,-0.06844505341582989,4689,0.032840003655368384,0.3811363130501664
2024-05-10,0,-0.03397405898339723,4689,0.032840003655368384,0.3811363130501664
2024-05-13,0,-0.036432993774272206,4689,0.032840003655368384,0.3811363130501664
2024-05-14,0,-0.00036687744135352273,4689,0.032840003655368384,0.3811363130501664
2024-05-15,0,-0.0008304785632720678,4689,0.032840003655368384,0.3811363130501664
2024-05-16,0,0.014888144048639848,4689,0.032840003655368384,0.3811363130501664
2024-05-17,0,0.02273909876157771,4689,0.032840003655368384,0.3811363130501664
2024-05-20,0,0.01716111998888343,4689,0.032840003655368384,0.3811363130501664
2024-05-21,0,0.011407472481592792,4689,0.032840003655368384,0.3811363130501664
2024-05-22,0,0.0016685763079591826,4689,0.032840003655368384,0.3811363130501664
2024-05-23,0,0.002753426510566464,4689,0.032840003655368384,0.3811363130501664
2024-05-24,0,-0.0007474723631928037,4689,0.032840003655368384,0.3811363130501664
2024-05-27,1,-0.02484529174495141,4689,0.032840003655368384,0.3811363130501664
2024-05-28,1,-0.01676026676026678,4689,0.032840003655368384,0.3811363130501664
2024-05-29,1,-0.053210718667950914,4689,0.032840003655368384,0.3811363130501664
2024-05-30,1,-0.06103741571548186,4689,0.032840003655368384,0.3811363130501664
2024-05-31,1,-0.013152671553709019,4689,0.032840003655368384,0.3811363130501664
2024-06-03,1,-0.006925042702223188,4689,0.032840003655368384,0.3811363130501664
2024-06-04,1,0.0020047159396993906,4689,0.032840003655368384,0.3811363130501664
2024-06-05,1,0.00860823899898872,4689,0.032840003655368384,0.3811363130501664
2024-06-06,1,-0.003371585882644164,4689,0.032840003655368384,0.3811363130501664
2024-06-07,1,0.0013963518099546868,4689,0.032840003655368384,0.3811363130501664
2024-06-10,1,0.0021308764887399754,4689,0.032840003655368384,0.3811363130501664
2024-06-11,1,-0.0005884096569969047,4689,0.032840003655368384,0.3811363130501664
2024-06-12,1,-0.020096829777149768,4689,0.032840003655368384,0.3811363130501664
2024-06-13,1,-0.024530896508894045,4689,0.032840003655368384,0.3811363130501664
2024-06-14,1,-0.028058471064285235,4689,0.032840003655368384,0.3811363130501664
2024-06-17,1,-0.026985193059552486,4689,0.032840003655368384,0.3811363130501664
2024-06-18,1,0.0488007794599838,4689,0.032840003655368384,0.3811363130501664
2024-06-19,1,0.044058744993324434,4689,0.032840003655368384,0.3811363130501664
2024-06-20,1,0.05928677893706491,4689,0.032840003655368384,0.3811363130501664
2024-06-21,1,0.054818347219936274,4689,0.032840003655368384,0.3811363130501664
2024-06-24,1,0.04680180961659089,4689,0.032840003655368384,0.3811363130501664
2024-06-25,1,0.043990982137696005,4689,0.032840003655368384,0.3811363130501664
2024-06-26,1,0.0406736857081881,4689,0.032840003655368384,0.3811363130501664
2024-06-27,1,0.04037453483253969,4689,0.032840003655368384,0.3811363130501664
2024-06-28,1,0.03698370797002908,4689,0.032840003655368384,0.3811363130501664
2024-07-01,1,0.007439801605290427,4689,0.032840003655368384,0.3811363130501664
2024-07-02,1,0.01992669110296574,4689,0.032840003655368384,0.3811363130501664
2024-07-03,1,0.033637622988669055,4689,0.032840003655368384,0.3811363130501664
2024-07-04,1,0.0317513146508687,4689,0.032840003655368384,0.3811363130501664
2024-07-05,1,0.06246232403106276,4689,0.032840003655368384,0.3811363130501664
2024-07-08,1,0.062271224400370154,4689,0.032840003655368384,0.3811363130501664
2024-07-09,1,0.06416164793941276,4689,0.032840003655368384,0.3811363130501664
2024-07-10,1,0.0704173172087114,4689,0.032840003655368384,0.3811363130501664
2024-07-11,1,0.06691080027112908,4689,0.032840003655368384,0.3811363130501664
2024-07-12,1,0.08265010824744534,4689,0.032840003655368384,0.3811363130501664
2024-07-16,1,0.0601820833169116,4689,0.032840003655368384,0.3811363130501664
2024-07-17,1,0.06049022991267421,4689,0.032840003655368384,0.3811363130501664
2024-07-18,1,0.039095771344878814,4689,0.032840003655368384,0.3811363130501664
2024-07-19,1,0.027698600926913158,4689,0.032840003655368384,0.3811363130501664
2024-07-22,1,0.018111344793422884,4689,0.032840003655368384,0.3811363130501664
2024-07-23,1,0.016202788912098535,4689,0.032840003655368384,0.3811363130501664
2024-07-24,1,-0.010111622939360491,4689,0.032840003655368384,0.3811363130501664
2024-07-25,1,-0.04066509716708211,4689,0.032840003655368384,0.3811363130501664
2024-07-26,1,-0.05107616865699552,4689,0.032840003655368384,0.3811363130501664
2024-07-29,1,-0.03524223326939902,4689,0.032840003655368384,0.3811363130501664
2024-07-30,1,-0.043028061779421256,4689,0.032840003655368384,0.3811363130501664
2024-07-31,1,-0.02615203864061612,4689,0.032840003655368384,0.3811363130501664
2024-08-01,1,-0.041535214638497776,4689,0.032840003655368384,0.3811363130501664
2024-08-02,1,-0.08413697019831504,4689,0.01487523188871882,0.38625288495483645
2024-08-05,1,-0.11356471003780687,4689,0.01487523188871882,0.38625288495483645
2024-08-06,1,-0.02717270431858914,4689,0.01487523188871882,0.38625288495483645
2024-08-07,1,-0.01832889036260749,4689,0.01487523188871882,0.38625288495483645
2024-08-08,1,-0.001675655862177121,4689,0.01487523188871882,0.38625288495483645
2024-08-09,1,-0.008740754970704154,4689,0.01487523188871882,0.38625288495483645
2024-08-13,1,-0.0008867610506588937,4689,0.01487523188871882,0.38625288495483645
2024-08-14,1,0.010084239225418642,4689,0.01487523188871882,0.38625288495483645
2024-08-15,1,-0.013280409865447327,4689,0.01487523188871882,0.38625288495483645
2024-08-16,1,0.003790114228009957,4689,0.01487523188871882,0.38625288495483645
2024-08-19,1,-0.013997664869403324,4689,0.01487523188871882,0.38625288495483645
2024-08-20,1,-0.0016442477566514769,4689,0.01487523188871882,0.38625288495483645
2024-08-21,1,-0.006697209204728286,4689,0.01487523188871882,0.38625288495483645
2024-08-22,1,0.01705133750114679,4689,0.01487523188871882,0.38625288495483645
2024-08-23,1,-0.00020512641460845453,4689,0.01487523188871882,0.38625288495483645
2024-08-26,1,0.05824253351101346,4689,0.01487523188871882,0.38625288495483645
2024-08-27,1,0.06137890548561747,4689,0.01487523188871882,0.38625288495483645
2024-08-28,1,0.05069772896063788,4689,0.01487523188871882,0.38625288495483645
2024-08-29,1,0.04316359470998642,4689,0.01487523188871882,0.38625288495483645
2024-08-30,1,0.039698607925848506,4689,0.01487523188871882,0.38625288495483645
2024-09-02,1,0.053944172392741595,4689,0.01487523188871882,0.38625288495483645
2024-09-03,1,0.07076156879020568,4689,0.01487523188871882,0.38625288495483645
2024-09-04,1,0.034272756721736373,4689,0.01487523188871882,0.38625288495483645
2024-09-05,1,0.03326414988500595,4689,0.01487523188871882,0.38625288495483645
2024-09-06,1,0.022252679760534987,4689,0.01487523188871882,0.38625288495483645
2024-09-09,1,0.02555493859841696,4689,0.01487523188871882,0.38625288495483645
2024-09-10,1,0.02716851701417087,4689,0.01487523188871882,0.38625288495483645
2024-09-11,1,0.026695278969957104,4689,0.01487523188871882,0.38625288495483645
2024-09-12,1,0.07068896768467574,4689,0.01487523188871882,0.38625288495483645
2024-09-13,1,0.05918335874985,4689,0.01487523188871882,0.38625288495483645
2024-09-17,1,0.04309399835571399,4689,0.01487523188871882,0.38625288495483645
2024-09-18,1,0.03201171222849113,4689,0.01487523188871882,0.38625288495483645
2024-09-19,1,0.034363246601542774,4689,0.01487523188871882,0.38625288495483645
2024-09-20,1,0.05023729103424682,4689,0.01487523188871882,0.38625288495483645
2024-09-24,1,0.03904427410464793,4689,0.01487523188871882,0.38625288495483645
2024-09-25,1,0.04742753948025664,4689,0.01487523188871882,0.38625288495483645
2024-09-26,1,0.07644425495629928,4689,0.01487523188871882,0.38625288495483645
2024-09-27,0,0.08124438846502458,4689,0.01487523188871882,0.38625288495483645
2024-09-30,1,0.06885212470366307,4689,0.01487523188871882,0.38625288495483645
2024-10-01,1,0.07018303082758444,4689,0.01487523188871882,0.38625288495483645
2024-10-02,1,0.0666937831276296,4689,0.01487523188871882,0.38625288495483645
2024-10-03,0,0.07950481430536452,4689,0.01487523188871882,0.38625288495483645
2024-10-04,0,0.10002408996969749,4689,0.01487523188871882,0.38625288495483645
2024-10-07,0,0.09130970672159659,4689,0.01487523188871882,0.38625288495483645
2024-10-08,1,0.07170874490716928,4689,0.01487523188871882,0.38625288495483645
2024-10-09,0,0.07405628176278733,4689,0.01487523188871882,0.38625288495483645
2024-10-10,1,0.07342753058603045,4689,0.01487523188871882,0.38625288495483645
2024-10-11,1,0.06080947430884929,4689,0.01487523188871882,0.38625288495483645
2024-10-15,1,0.07647414982004119,4689,0.01487523188871882,0.38625288495483645
2024-10-16,1,0.07019562715765253,4689,0.01487523188871882,0.38625288495483645
2024-10-17,1,0.05000818155499895,4689,0.01487523188871882,0.38625288495483645
2024-10-18,1,0.04883762840151382,4689,0.01487523188871882,0.38625288495483645
2024-10-21,1,0.07428887047776836,4689,0.01487523188871882,0.38625288495483645
2024-10-22,1,0.05934097145936104,4689,0.01487523188871882,0.38625288495483645
2024-10-23,1,0.04661195330051655,4689,0.01487523188871882,0.38625288495483645
2024-10-24,1,0.029026380812139655,4689,0.01487523188871882,0.38625288495483645
2024-10-25,1,0.02059376829830452,4689,0.01487523188871882,0.38625288495483645
2024-10-28,1,0.03319656844461028,4689,0.01487523188871882,0.38625288495483645
2024-10-29,1,0.031867845455636076,4689,0.01487523188871882,0.38625288495483645
2024-10-30,1,0.035153266590979455,4689,0.01487523188871882,0.38625288495483645
2024-10-31,1,0.03592644280050886,4689,0.01487523188871882,0.38625288495483645
2024-11-01,1,0.019674472433577273,4689,0.01487523188871882,0.38625288495483645
2024-11-05,1,0.04085443763719162,4689,0.026224405702562452,0.37448732066915963
2024-11-06,1,0.03276175683132706,4689,0.026224405702562452,0.37448732066915963
2024-11-07,1,0.021938327789228884,4689,0.026224405702562452,0.37448732066915963
2024-11-08,1,0.007817658615320633,4689,0.026224405702562452,0.37448732066915963
2024-11-11,1,-0.01050574150989497,4689,0.026224405702562452,0.37448732066915963
2024-11-12,1,0.007902967985454985,4689,0.026224405702562452,0.37448732066915963
2024-11-13,1,0.006396588486140725,4689,0.026224405702562452,0.37448732066915963
2024-11-14,1,0.018557570645297478,4689,0.026224405702562452,0.37448732066915963
2024-11-15,1,-0.009246546214505309,4689,0.026224405702562452,0.37448732066915963
2024-11-18,1,-0.01344057743504266,4689,0.026224405702562452,0.37448732066915963
2024-11-19,1,-0.004768062065621401,4689,0.026224405702562452,0.37448732066915963
2024-11-20,1,0.002902224500587421,4689,0.026224405702562452,0.37448732066915963
2024-11-21,1,0.011821512492593892,4689,0.026224405702562452,0.37448732066915963
2024-11-22,1,0.003194913922653249,4689,0.026224405702562452,0.37448732066915963
2024-11-25,1,0.00262598272973316,4689,0.026224405702562452,0.37448732066915963
2024-11-26,1,-0.0040220791612818,4689,0.026224405702562452,0.37448732066915963
2024-11-27,1,-0.007336517991170338,4689,0.026224405702562452,0.37448732066915963
2024-11-28,1,-0.003519498019025492,4689,0.026224405702562452,0.37448732066915963
2024-11-29,1,-0.006180708308368021,4689,0.026224405702562452,0.37448732066915963
2024-12-02,1,0.009037839924095016,4689,0.026224405702562452,0.37448732066915963
2024-12-03,1,0.017974414074267423,4689,0.026224405702562452,0.37448732066915963
2024-12-04,1,0.034059453604525294,4689,0.026224405702562452,0.37448732066915963
2024-12-05,1,0.027677169140036508,4689,0.026224405702562452,0.37448732066915963
2024-12-06,1,0.02949473608393447,4689,0.026224405702562452,0.37448732066915963
2024-12-09,1,0.0428486950406751,4689,0.026224405702562452,0.37448732066915963
2024-12-10,1,0.03804488778054873,4689,0.026224405702562452,0.37448732066915963
2024-12-11,1,0.04837230810935799,4689,0.026224405702562452,0.37448732066915963
2024-12-12,1,0.05009557183816495,4689,0.026224405702562452,0.37448732066915963
2024-12-13,1,0.05244739950133405,4689,0.026224405702562452,0.37448732066915963
2024-12-16,1,0.04354870092481916,4689,0.026224405702562452,0.37448732066915963
2024-12-17,1,0.05378339161255014,4689,0.026224405702562452,0.37448732066915963
2024-12-18,1,0.04070964676065246,4689,0.026224405702562452,0.37448732066915963
2024-12-19,1,0.022102835350294673,4689,0.026224405702562452,0.37448732066915963
2024-12-20,1,0.010966767610477993,4689,0.026224405702562452,0.37448732066915963
2024-12-23,1,0.0009566805556653062,4689,0.026224405702562452,0.37448732066915963
2024-12-24,1,0.003581678882326409,4689,0.026224405702562452,0.37448732066915963
2024-12-25,1,0.004596892453270195,4689,0.026224405702562452,0.37448732066915963
2024-12-26,1,0.005169306648961277,4689,0.026224405702562452,0.37448732066915963
2024-12-27,1,0.012690234998498712,4689,0.026224405702562452,0.37448732066915963
2024-12-30,1,-0.0055759510928628875,4689,0.026224405702562452,0.37448732066915963
2025-01-06,1,-0.019244915877648875,4689,0.026224405702562452,0.37448732066915963
2025-01-07,1,0.009454487914870087,4689,0.026224405702562452,0.37448732066915963
2025-01-08,1,0.0103159660142714,4689,0.026224405702562452,0.37448732066915963
2025-01-09,1,0.004446272884064489,4689,0.026224405702562452,0.37448732066915963
2025-01-10,1,0.009410564040490286,4689,0.026224405702562452,0.37448732066915963
2025-01-14,1,0.008736370431598204,4689,0.026224405702562452,0.37448732066915963
2025-01-15,1,0.013699496946878805,4689,0.026224405702562452,0.37448732066915963
2025-01-16,1,0.011733162496589044,4689,0.026224405702562452,0.37448732066915963
2025-01-17,1,0.012760305488354431,4689,0.026224405702562452,0.37448732066915963
2025-01-20,1,0.009333828608461303,4689,0.026224405702562452,0.37448732066915963
2025-01-21,1,0.015016201691298596,4689,0.026224405702562452,0.37448732066915963
2025-01-22,1,0.02295486057618241,4689,0.026224405702562452,0.37448732066915963
2025-01-23,1,0.03197129333928086,4689,0.026224405702562452,0.37448732066915963
2025-01-24,1,0.042645058259892295,4689,0.026224405702562452,0.37448732066915963
2025-01-27,1,0.05784941748987155,4689,0.026224405702562452,0.37448732066915963
2025-01-28,1,0.07017757667011296,4689,0.026224405702562452,0.37448732066915963
2025-01-29,1,0.0757516288562682,4689,0.026224405702562452,0.37448732066915963
2025-01-30,1,0.0764208653533402,4689,0.026224405702562452,0.37448732066915963
2025-01-31,1,0.06811618023433265,4689,0.026224405702562452,0.37448732066915963
2025-02-03,1,0.08459852902691567,4689,0.026224405702562452,0.37448732066915963
2025-02-04,1,0.09235964344482822,4689,0.026224405702562452,0.37448732066915963
2025-02-05,1,0.10668799103442624,4689,0.026224405702562452,0.37448732066915963
2025-02-06,1,0.10813885319159679,4689,0.03746752547414348,0.3605434108456596
2025-02-07,1,0.15372559642435613,4689,0.03746752547414348,0.3605434108456596
2025-02-10,1,0.1553098215215202,4689,0.03746752547414348,0.3605434108456596
2025-02-12,1,0.15102163161312884,4689,0.03746752547414348,0.3605434108456596
2025-02-13,1,0.1526309137633231,4689,0.03746752547414348,0.3605434108456596
2025-02-14,1,0.1312237930481404,4689,0.03746752547414348,0.3605434108456596
2025-02-17,1,0.11362390350877195,4689,0.03746752547414348,0.3605434108456596
2025-02-18,1,0.11488948263298529,4689,0.03746752547414348,0.3605434108456596
2025-02-19,1,0.11489477627187922,4689,0.03746752547414348,0.3605434108456596
2025-02-20,1,0.08542872887305329,4689,0.03746752547414348,0.3605434108456596
2025-02-21,1,0.11021612628821356,4689,0.03746752547414348,0.3605434108456596
2025-02-25,1,0.0789397597599852,4689,0.03746752547414348,0.3605434108456596
2025-02-26,1,0.0655356902003686,4689,0.03746752547414348,0.3605434108456596
2025-02-27,1,0.08686148569122643,4689,0.03746752547414348,0.3605434108456596
2025-02-28,1,0.1310385911350225,4689,0.03746752547414348,0.3605434108456596
2025-03-03,1,0.14175068438272018,4689,0.03746752547414348,0.3605434108456596
2025-03-04,1,0.13443934023940912,4689,0.03746752547414348,0.3605434108456596
2025-03-05,1,0.13921253811368556,4689,0.03746752547414348,0.3605434108456596
2025-03-06,1,0.146979181190422,4689,0.03746752547414348,0.3605434108456596
2025-03-07,0,0.13754891562740007,4689,0.03746752547414348,0.3605434108456596
2025-03-10,1,0.15458613301461901,4689,0.03746752547414348,0.3605434108456596
2025-03-11,1,0.12370325167814486,4689,0.03746752547414348,0.3605434108456596
2025-03-12,1,0.15558772961722916,4689,0.03746752547414348,0.3605434108456596
2025-03-13,1,0.151057859466634,4689,0.03746752547414348,0.3605434108456596
2025-03-14,1,0.1272923408845739,4689,0.03746752547414348,0.3605434108456596
2025-03-17,0,0.13385691293547497,4689,0.03746752547414348,0.3605434108456596
2025-03-18,0,0.12994754070241146,4689,0.03746752547414348,0.3605434108456596
2025-03-19,1,0.11168120403625793,4689,0.03746752547414348,0.3605434108456596
2025-03-21,1,0.11094134744187882,4689,0.03746752547414348,0.3605434108456596
2025-03-24,1,0.11184322394150668,4689,0.03746752547414348,0.3605434108456596
2025-03-25,1,0.13564735569711825,4689,0.03746752547414348,0.3605434108456596
2025-03-26,0,0.12669816893089203,4689,0.03746752547414348,0.3605434108456596
2025-03-27,0,0.12866627447684695,4689,0.03746752547414348,0.3605434108456596
2025-03-28,0,0.09520685612193616,4689,0.03746752547414348,0.3605434108456596
2025-03-31,1,0.0569827037296062,4689,0.03746752547414348,0.3605434108456596
2025-04-01,0,0.07522257405551266,4689,0.03746752547414348,0.3605434108456596
2025-04-02,1,0.07332150895644682,4689,0.03746752547414348,0.3605434108456596
2025-04-03,1,0.07477311723482112,4689,0.03746752547414348,0.3605434108456596
2025-04-04,1,0.07973969273858061,4689,0.03746752547414348,0.3605434108456596
2025-04-07,1,-0.026488023849501406,4689,0.03746752547414348,0.3605434108456596
2025-04-08,1,0.026796089958301995,4689,0.03746752547414348,0.3605434108456596
2025-04-09,1,0.00015004978924834672,4689,0.03746752547414348,0.3605434108456596
2025-04-10,1,0.04653653527725738,4689,0.03746752547414348,0.3605434108456596
2025-04-11,1,0.041219603974493126,4689,0.03746752547414348,0.3605434108456596
2025-04-14,1,0.04840154252244995,4689,0.03746752547414348,0.3605434108456596
2025-04-15,0,0.04162524809025281,4689,0.03746752547414348,0.3605434108456596
2025-04-16,0,0.06388337581478766,4689,0.03746752547414348,0.3605434108456596
2025-04-17,0,0.07995985279357641,4689,0.03746752547414348,0.3605434108456596
2025-04-18,0,0.1074130710723317,4689,0.03746752547414348,0.3605434108456596
2025-04-21,0,0.10701915037623917,4689,0.03746752547414348,0.3605434108456596
2025-04-22,0,0.09599635130579631,4689,0.03746752547414348,0.3605434108456596
2025-04-23,1,0.08671669954259104,4689,0.03746752547414348,0.3605434108456596
2025-04-24,1,0.043404579550978,4689,0.03746752547414348,0.3605434108456596
2025-04-25,1,0.024197459659977202,4689,0.03746752547414348,0.3605434108456596
2025-04-28,1,0.03631923261767213,4689,0.03746752547414348,0.3605434108456596
2025-04-30,0,0.05604663977749576,4689,0.03746752547414348,0.3605434108456596
2025-05-01,0,0.03414964171987471,4689,0.03746752547414348,0.3605434108456596
2025-05-02,0,0.039360573225464206,4689,0.03746752547414348,0.3605434108456596
2025-05-07,0,0.06039321296554051,4689,,
2025-05-08,0,0.02745701158635501,4689,,
2025-05-09,0,0.04239149010263309,4689,,
2025-05-12,0,0.05256380125751344,4689,,
2025-05-13,0,0.027705864381160683,4689,,
2025-05-14,0,0.018076431238232323,4689,,
2025-05-15,0,0.011339848716401021,4689,,
2025-05-16,0,0.002566241098351044,4689,,
2025-05-19,0,-0.00947387313471095,4689,,
2025-05-20,0,-0.0080151657310838,4689,,
2025-05-21,0,-0.01259139561301069,4689,,
2025-05-22,0,-0.005586306518209758,4689,,
2025-05-23,0,0.009002106876077248,4689,,
2025-05-26,0,0.016673677769704437,4689,,
2025-05-27,0,0.013681809650749764,4689,,
2025-05-28,0,0.009942505003017752,4689,,
2025-05-29,0,0.007126192327836605,4689,,
2025-05-30,0,-0.006108687028956835,4689,,
2025-06-02,0,-0.006436590542113817,4689,,
2025-06-03,0,9.831001905958545e-05,4689,,
2025-06-04,0,-0.007905928018951344,4689,,
2025-06-05,0,-0.017170185909918326,4689,,
2025-06-06,0,0.008457725642416208,4689,,
2025-06-09,0,-0.0034113678443707498,4689,,
2025-06-10,0,0.013870175160497667,4689,,
2025-06-11,0,0.022435511376243254,4689,,
2025-06-12,0,0.02885925175024541,4689,,
2025-06-13,0,-0.025053482291418978,4689,,
2025-06-16,0,-0.008333623905993922,4689,,
2025-06-17,0,-0.0016449088644424122,4689,,
2025-06-18,0,0.04064474246718514,4689,,
2025-06-19,0,0.02826543110241826,4689,,
2025-06-20,0,0.022310832621285484,4689,,
2025-06-23,0,-0.003032624454729107,4689,,
2025-06-24,0,-0.012735928240440219,4689,,
2025-06-25,0,-0.023280570798534992,4689,,
2025-06-26,0,-0.020895295470310445,4689,,
2025-06-27,0,-0.018418510365361265,4689,,
2025-06-30,0,0.007582833351802323,4689,,
2025-07-01,0,0.022368058829671716,4689,,
2025-07-02,0,-0.0021642556099783316,4689,,
2025-07-03,0,-0.013686684865028866,4689,,
2025-07-04,0,-0.005726841649987016,4689,,
2025-07-07,0,0.003187575078270472,4689,,
2025-07-08,0,0.00022374255110627658,4689,,
2025-07-09,0,0.005073552336952013,4689,,
2025-07-10,0,0.006087772202741117,4689,,
2025-07-11,0,-0.027706952235254257,4689,,
2025-07-14,0,-0.023585351261139306,4689,,
2025-07-15,0,-0.029629209446555786,4689,,
2025-07-16,0,-0.0172064585738894,4689,,
2025-07-17,0,0.018961908880562366,4689,,
2025-07-18,0,0.022787560316297355,4689,,
2025-07-22,0,0.04751289103327205,4689,,
2025-07-23,0,0.05306331062812139,4689,,
2025-07-24,0,0.06823186926399567,4689,,
2025-07-25,0,0.06105954887501991,4689,,
2023-08-01,0,,4385,,
2023-08-02,0,,4385,,
2023-08-03,0,,4385,,
2023-08-04,0,,4385,,
2023-08-07,0,,4385,,
2023-08-08,0,,4385,,
2023-08-09,0,,4385,,
2023-08-10,0,,4385,0.23665531976533644,0.13298594723712473
2023-08-14,1,,4385,0.23665531976533644,0.13298594723712473
2023-08-15,1,,4385,0.23665531976533644,0.13298594723712473
2023-08-16,1,,4385,0.23665531976533644,0.13298594723712473
2023-08-17,0,,4385,0.23665531976533644,0.13298594723712473
2023-08-18,0,,4385,0.23665531976533644,0.13298594723712473
2023-08-21,0,,4385,0.23665531976533644,0.13298594723712473
2023-08-22,0,,4385,0.23665531976533644,0.13298594723712473
2023-08-23,0,,4385,0.23665531976533644,0.13298594723712473
2023-08-24,1,,4385,0.23665531976533644,0.13298594723712473
2023-08-25,0,,4385,0.23665531976533644,0.13298594723712473
2023-08-28,0,,4385,0.23665531976533644,0.13298594723712473
2023-08-29,0,,4385,0.23665531976533644,0.13298594723712473
2023-08-30,0,,4385,0.23665531976533644,0.13298594723712473
2023-08-31,0,,4385,0.23665531976533644,0.13298594723712473
2023-09-01,0,,4385,0.23665531976533644,0.13298594723712473
2023-09-04,0,,4385,0.23665531976533644,0.13298594723712473
2023-09-05,0,,4385,0.23665531976533644,0.13298594723712473
2023-09-06,0,,4385,0.23665531976533644,0.13298594723712473
2023-09-07,0,,4385,0.23665531976533644,0.13298594723712473
2023-09-08,0,,4385,0.23665531976533644,0.13298594723712473
2023-09-11,0,,4385,0.23665531976533644,0.13298594723712473
2023-09-12,0,,4385,0.23665531976533644,0.13298594723712473
2023-09-13,0,,4385,0.23665531976533644,0.13298594723712473
2023-09-14,0,,4385,0.23665531976533644,0.13298594723712473
2023-09-15,0,,4385,0.23665531976533644,0.13298594723712473
2023-09-19,0,,4385,0.23665531976533644,0.13298594723712473
2023-09-20,0,,4385,0.23665531976533644,0.13298594723712473
2023-09-21,0,,4385,0.23665531976533644,0.13298594723712473
2023-09-22,0,,4385,0.23665531976533644,0.13298594723712473
2023-09-25,0,,4385,0.23665531976533644,0.13298594723712473
2023-09-26,0,,4385,0.23665531976533644,0.13298594723712473
2023-09-27,0,,4385,0.23665531976533644,0.13298594723712473
2023-09-28,0,,4385,0.23665531976533644,0.13298594723712473
2023-09-29,0,,4385,0.23665531976533644,0.13298594723712473
2023-10-02,0,,4385,0.23665531976533644,0.13298594723712473
2023-10-03,0,,4385,0.23665531976533644,0.13298594723712473
2023-10-04,0,,4385,0.23665531976533644,0.13298594723712473
2023-10-05,0,,4385,0.23665531976533644,0.13298594723712473
2023-10-06,0,,4385,0.23665531976533644,0.13298594723712473
2023-10-10,0,,4385,0.23665531976533644,0.13298594723712473
2023-10-11,0,,4385,0.23665531976533644,0.13298594723712473
2023-10-12,0,,4385,0.23665531976533644,0.13298594723712473
2023-10-13,0,,4385,0.23665531976533644,0.13298594723712473
2023-10-16,0,,4385,0.23665531976533644,0.13298594723712473
2023-10-17,0,,4385,0.23665531976533644,0.13298594723712473
2023-10-18,0,,4385,0.23665531976533644,0.13298594723712473
2023-10-19,0,,4385,0.23665531976533644,0.13298594723712473
2023-10-20,0,,4385,0.23665531976533644,0.13298594723712473
2023-10-23,0,,4385,0.23665531976533644,0.13298594723712473
2023-10-24,0,,4385,0.23665531976533644,0.13298594723712473
2023-10-25,0,,4385,0.23665531976533644,0.13298594723712473
2023-10-26,0,-0.07716302101610324,4385,0.23665531976533644,0.13298594723712473
2023-10-27,0,-0.07238031155377865,4385,0.23665531976533644,0.13298594723712473
2023-10-30,0,-0.07710910223459892,4385,0.23665531976533644,0.13298594723712473
2023-10-31,0,-0.05511067264197478,4385,0.23665531976533644,0.13298594723712473
2023-11-01,0,-0.05313043020378069,4385,0.23665531976533644,0.13298594723712473
2023-11-02,0,0.01242439276703993,4385,0.23665531976533644,0.13298594723712473
2023-11-06,0,0.044509507552135674,4385,0.23665531976533644,0.13298594723712473
2023-11-07,0,0.028716618585077895,4385,0.23665531976533644,0.13298594723712473
2023-11-08,0,0.02833870694043779,4385,0.23665531976533644,0.13298594723712473
2023-11-09,0,0.06903735746433633,4385,0.23665531976533644,0.13298594723712473
2023-11-10,0,0.05112041108226948,4385,0.23665531976533644,0.13298594723712473
2023-11-13,0,0.04208820195557064,4385,0.04700433088641038,0.13894781354045896
2023-11-14,0,0.0027084470686758967,4385,0.04700433088641038,0.13894781354045896
2023-11-15,0,-0.0002491689948946767,4385,0.04700433088641038,0.13894781354045896
2023-11-16,0,0.0011664899257687747,4385,0.04700433088641038,0.13894781354045896
2023-11-17,0,-0.014411605637387515,4385,0.04700433088641038,0.13894781354045896
2023-11-20,0,-0.00995768778035828,4385,0.04700433088641038,0.13894781354045896
2023-11-21,0,0.008625214039961233,4385,0.04700433088641038,0.13894781354045896
2023-11-22,0,-0.04377904632557349,4385,0.04700433088641038,0.13894781354045896
2023-11-24,0,-0.049217507230057904,4385,0.04700433088641038,0.13894781354045896
2023-11-27,0,-0.06701428609433606,4385,0.04700433088641038,0.13894781354045896
2023-11-28,0,-0.06307218720432835,4385,0.04700433088641038,0.13894781354045896
2023-11-29,0,-0.06065470006489843,4385,0.04700433088641038,0.13894781354045896
2023-11-30,0,-0.09130323077911238,4385,0.04700433088641038,0.13894781354045896
2023-12-01,0,-0.09642674190632763,4385,0.04700433088641038,0.13894781354045896
2023-12-04,0,-0.09704228532109109,4385,0.04700433088641038,0.13894781354045896
2023-12-05,0,-0.12818909185015856,4385,0.04700433088641038,0.13894781354045896
2023-12-06,0,-0.11005684397086478,4385,0.04700433088641038,0.13894781354045896
2023-12-07,0,-0.13866576363020652,4385,0.04700433088641038,0.13894781354045896
2023-12-08,0,-0.13890329359444617,4385,0.04700433088641038,0.13894781354045896
2023-12-11,0,-0.12540203425250204,4385,0.04700433088641038,0.13894781354045896
2023-12-12,0,-0.13329407145661565,4385,0.04700433088641038,0.13894781354045896
2023-12-13,0,-0.13505062211628868,4385,0.04700433088641038,0.13894781354045896
2023-12-14,0,-0.13894957879529704,4385,0.04700433088641038,0.13894781354045896
2023-12-15,0,-0.11918736512212887,4385,0.04700433088641038,0.13894781354045896
2023-12-18,0,-0.14312186674461322,4385,0.04700433088641038,0.13894781354045896
2023-12-19,0,-0.14310841680817288,4385,0.04700433088641038,0.13894781354045896
2023-12-20,0,-0.11484003383766238,4385,0.04700433088641038,0.13894781354045896
2023-12-21,0,-0.1447820630198666,4385,0.04700433088641038,0.13894781354045896
2023-12-22,0,-0.15036894960341055,4385,0.04700433088641038,0.13894781354045896
2023-12-25,0,-0.15018023422039584,4385,0.04700433088641038,0.13894781354045896
2023-12-26,0,-0.14639773993494432,4385,0.04700433088641038,0.13894781354045896
2023-12-27,0,-0.13250766123907307,4385,0.04700433088641038,0.13894781354045896
2023-12-28,0,-0.11591155147688173,4385,0.04700433088641038,0.13894781354045896
2023-12-29,0,-0.10894719339682979,4385,0.04700433088641038,0.13894781354045896
2024-01-04,0,-0.13141567963902984,4385,0.04700433088641038,0.13894781354045896
2024-01-05,0,-0.1578273591806877,4385,0.04700433088641038,0.13894781354045896
2024-01-09,0,-0.14964260216589115,4385,0.04700433088641038,0.13894781354045896
2024-01-10,0,-0.13766105168622123,4385,0.04700433088641038,0.13894781354045896
2024-01-11,0,-0.12301542570256754,4385,0.04700433088641038,0.13894781354045896
2024-01-12,0,-0.11861040454371236,4385,0.04700433088641038,0.13894781354045896
2024-01-15,0,-0.11318675552290502,4385,0.04700433088641038,0.13894781354045896
2024-01-16,0,-0.11650156138524695,4385,0.04700433088641038,0.13894781354045896
2024-01-17,0,-0.1349168144086602,4385,0.04700433088641038,0.13894781354045896
2024-01-18,0,-0.15719110859608476,4385,0.04700433088641038,0.13894781354045896
2024-01-19,0,-0.14373957186978598,4385,0.04700433088641038,0.13894781354045896
2024-01-22,0,-0.1225663953260541,4385,0.04700433088641038,0.13894781354045896
2024-01-23,0,-0.12484924286416224,4385,0.04700433088641038,0.13894781354045896
2024-01-24,0,-0.11351331970886663,4385,0.04700433088641038,0.13894781354045896
2024-01-25,0,-0.11692986008008278,4385,0.04700433088641038,0.13894781354045896
2024-01-26,0,-0.11495798622706396,4385,0.04700433088641038,0.13894781354045896
2024-01-29,0,-0.11400427334950934,4385,0.04700433088641038,0.13894781354045896
2024-01-30,0,-0.11834421629083382,4385,0.04700433088641038,0.13894781354045896
2024-01-31,0,-0.10198354486893291,4385,0.04700433088641038,0.13894781354045896
2024-02-01,0,-0.13420203781730375,4385,0.04700433088641038,0.13894781354045896
2024-02-02,0,-0.11675229543303028,4385,0.04700433088641038,0.13894781354045896
2024-02-05,0,-0.0880566084795709,4385,0.04700433088641038,0.13894781354045896
2024-02-06,0,-0.09303016425096854,4385,0.04700433088641038,0.13894781354045896
2024-02-07,0,-0.09041436678846299,4385,0.04700433088641038,0.13894781354045896
2024-02-08,0,-0.10697412471449574,4385,0.04700433088641038,0.13894781354045896
2024-02-09,0,-0.08074471632700568,4385,0.04700433088641038,0.13894781354045896
2024-02-13,0,-0.07565018549619039,4385,0.07348784624081402,0.13560662143160643
2024-02-14,0,-0.18991194279783777,4385,0.07348784624081402,0.13560662143160643
2024-02-15,0,-0.21382427905038226,4385,0.07348784624081402,0.13560662143160643
2024-02-16,0,-0.1765039983993494,4385,0.07348784624081402,0.13560662143160643
2024-02-19,0,-0.1461459056943083,4385,0.07348784624081402,0.13560662143160643
2024-02-20,0,-0.15936849738833886,4385,0.07348784624081402,0.13560662143160643
2024-02-21,0,-0.1626429144684042,4385,0.07348784624081402,0.13560662143160643
2024-02-22,0,-0.17047763386918507,4385,0.07348784624081402,0.13560662143160643
2024-02-26,0,-0.1537230130229741,4385,0.07348784624081402,0.13560662143160643
2024-02-27,0,-0.17431837581803275,4385,0.07348784624081402,0.13560662143160643
2024-02-28,0,-0.16069366497099624,4385,0.07348784624081402,0.13560662143160643
2024-02-29,0,-0.17026810995353125,4385,0.07348784624081402,0.13560662143160643
2024-03-01,0,-0.13661719209995196,4385,0.07348784624081402,0.13560662143160643
2024-03-04,0,-0.14445489525438227,4385,0.07348784624081402,0.13560662143160643
2024-03-05,1,-0.16709363061486246,4385,0.07348784624081402,0.13560662143160643
2024-03-06,1,-0.1568649802584537,4385,0.07348784624081402,0.13560662143160643
2024-03-07,1,-0.1720114593280666,4385,0.07348784624081402,0.13560662143160643
2024-03-08,1,-0.1700419688739574,4385,0.07348784624081402,0.13560662143160643
2024-03-11,1,-0.16495517408157687,4385,0.07348784624081402,0.13560662143160643
2024-03-12,1,-0.14900509512424434,4385,0.07348784624081402,0.13560662143160643
2024-03-13,1,-0.16234145305949158,4385,0.07348784624081402,0.13560662143160643
2024-03-14,1,-0.15249960013506544,4385,0.07348784624081402,0.13560662143160643
2024-03-15,1,-0.161991422071916,4385,0.07348784624081402,0.13560662143160643
2024-03-18,1,-0.148138976517835,4385,0.07348784624081402,0.13560662143160643
2024-03-19,1,-0.1435307009638884,4385,0.07348784624081402,0.13560662143160643
2024-03-21,1,-0.13337484253051649,4385,0.07348784624081402,0.13560662143160643
2024-03-22,1,-0.1302608126295878,4385,0.07348784624081402,0.13560662143160643
2024-03-25,1,-0.13982580230315078,4385,0.07348784624081402,0.13560662143160643
2024-03-26,1,-0.13685376851420417,4385,0.07348784624081402,0.13560662143160643
2024-03-27,0,-0.13543267052048671,4385,0.07348784624081402,0.13560662143160643
2024-03-28,1,-0.14358670712752578,4385,0.07348784624081402,0.13560662143160643
2024-03-29,0,-0.12264203542290042,4385,0.07348784624081402,0.13560662143160643
2024-04-01,1,-0.14146735110174627,4385,0.07348784624081402,0.13560662143160643
2024-04-02,1,-0.1434108818293132,4385,0.07348784624081402,0.13560662143160643
2024-04-03,1,-0.15601428539069634,4385,0.07348784624081402,0.13560662143160643
2024-04-04,1,-0.16410958592360242,4385,0.07348784624081402,0.13560662143160643
2024-04-05,1,-0.16637761150223562,4385,0.07348784624081402,0.13560662143160643
2024-04-08,1,-0.15685913938948134,4385,0.07348784624081402,0.13560662143160643
2024-04-09,1,-0.12502165502107757,4385,0.07348784624081402,0.13560662143160643
2024-04-10,1,-0.14108245128582203,4385,0.07348784624081402,0.13560662143160643
2024-04-11,1,-0.1620509666696508,4385,0.07348784624081402,0.13560662143160643
2024-04-12,1,-0.15012368099696272,4385,0.07348784624081402,0.13560662143160643
2024-04-15,1,-0.17559775656794246,4385,0.07348784624081402,0.13560662143160643
2024-04-16,1,-0.15903706896892653,4385,0.07348784624081402,0.13560662143160643
2024-04-17,1,-0.16957576239513333,4385,0.07348784624081402,0.13560662143160643
2024-04-18,1,-0.16241127661701496,4385,0.07348784624081402,0.13560662143160643
2024-04-19,1,-0.16480988424939058,4385,0.07348784624081402,0.13560662143160643
2024-04-22,1,-0.13730343622597557,4385,0.07348784624081402,0.13560662143160643
2024-04-23,1,-0.1460299381711682,4385,0.07348784624081402,0.13560662143160643
2024-04-24,1,-0.11258863073186293,4385,0.07348784624081402,0.13560662143160643
2024-04-25,1,-0.12008485865114218,4385,0.07348784624081402,0.13560662143160643
2024-04-26,1,-0.11735893821843238,4385,0.07348784624081402,0.13560662143160643
2024-04-30,1,-0.08139100087249158,4385,0.07348784624081402,0.13560662143160643
2024-05-01,1,-0.09512877238385443,4385,0.07348784624081402,0.13560662143160643
2024-05-02,1,-0.11044154797774212,4385,0.07348784624081402,0.13560662143160643
2024-05-07,1,-0.08696532865196989,4385,0.07348784624081402,0.13560662143160643
2024-05-08,1,-0.09229019554589897,4385,0.07348784624081402,0.13560662143160643
2024-05-09,1,-0.09957360354092594,4385,0.13024653702518932,0.138619967083146
2024-05-10,0,-0.013746529087107067,4385,0.13024653702518932,0.138619967083146
2024-05-13,1,-0.035020862668096314,4385,0.13024653702518932,0.138619967083146
2024-05-14,1,0.03733543105609392,4385,0.13024653702518932,0.138619967083146
2024-05-15,1,0.0019136021612448254,4385,0.13024653702518932,0.138619967083146
2024-05-16,1,-0.025993452858412605,4385,0.13024653702518932,0.138619967083146
2024-05-17,1,-0.019735641473524995,4385,0.13024653702518932,0.138619967083146
2024-05-20,1,0.009402450124335262,4385,0.13024653702518932,0.138619967083146
2024-05-21,1,-0.0291567338170959,4385,0.13024653702518932,0.138619967083146
2024-05-22,1,-0.01912650800110267,4385,0.13024653702518932,0.138619967083146
2024-05-23,1,-0.01437965804471719,4385,0.13024653702518932,0.138619967083146
2024-05-24,1,-0.020810630294934455,4385,0.13024653702518932,0.138619967083146
2024-05-27,1,-0.013384624187393557,4385,0.13024653702518932,0.138619967083146
2024-05-28,1,-0.015725461488935746,4385,0.13024653702518932,0.138619967083146
2024-05-29,1,-0.05640445365782508,4385,0.13024653702518932,0.138619967083146
2024-05-30,1,-0.06093294848432454,4385,0.13024653702518932,0.138619967083146
2024-05-31,1,-0.022573764664059682,4385,0.13024653702518932,0.138619967083146
2024-06-03,1,0.09178628070315725,4385,0.13024653702518932,0.138619967083146
2024-06-04,1,0.11414527580557067,4385,0.13024653702518932,0.138619967083146
2024-06-05,1,0.11677423647614611,4385,0.13024653702518932,0.138619967083146
2024-06-06,1,0.11145579437181471,4385,0.13024653702518932,0.138619967083146
2024-06-07,1,0.14221992114381302,4385,0.13024653702518932,0.138619967083146
2024-06-10,1,0.1262649260164723,4385,0.13024653702518932,0.138619967083146
2024-06-11,1,0.16062249323808558,4385,0.13024653702518932,0.138619967083146
2024-06-12,1,0.14089849721780434,4385,0.13024653702518932,0.138619967083146
2024-06-13,1,0.1339476172673895,4385,0.13024653702518932,0.138619967083146
2024-06-14,1,0.14207179991569488,4385,0.13024653702518932,0.138619967083146
2024-06-17,1,0.10224062604179461,4385,0.13024653702518932,0.138619967083146
2024-06-18,1,0.06693212066462895,4385,0.13024653702518932,0.138619967083146
2024-06-19,1,0.06479614204296366,4385,0.13024653702518932,0.138619967083146
2024-06-20,1,0.04303460125711177,4385,0.13024653702518932,0.138619967083146
2024-06-21,1,0.05703595306735834,4385,0.13024653702518932,0.138619967083146
2024-06-24,1,0.007442080626923024,4385,0.13024653702518932,0.138619967083146
2024-06-25,1,0.03417908420559156,4385,0.13024653702518932,0.138619967083146
2024-06-26,1,0.0295283957216908,4385,0.13024653702518932,0.138619967083146
2024-06-27,1,0.055475046955242586,4385,0.13024653702518932,0.138619967083146
2024-06-28,1,0.048542670043700165,4385,0.13024653702518932,0.138619967083146
2024-07-01,1,0.10160946032660646,4385,0.13024653702518932,0.138619967083146
2024-07-02,1,0.16311242201978546,4385,0.13024653702518932,0.138619967083146
2024-07-03,1,0.16616458247545562,4385,0.13024653702518932,0.138619967083146
2024-07-04,1,0.195327473969575,4385,0.13024653702518932,0.138619967083146
2024-07-05,1,0.24162472762905124,4385,0.13024653702518932,0.138619967083146
2024-07-08,1,0.2590641674647695,4385,0.13024653702518932,0.138619967083146
2024-07-09,1,0.24825143605464453,4385,0.13024653702518932,0.138619967083146
2024-07-10,1,0.2166673012730204,4385,0.13024653702518932,0.138619967083146
2024-07-11,1,0.1741129317458447,4385,0.13024653702518932,0.138619967083146
2024-07-12,1,0.20071369336315426,4385,0.13024653702518932,0.138619967083146
2024-07-16,1,0.18883653497644068,4385,0.13024653702518932,0.138619967083146
2024-07-17,1,0.2237697076619166,4385,0.13024653702518932,0.138619967083146
2024-07-18,1,0.1592327818867303,4385,0.13024653702518932,0.138619967083146
2024-07-19,1,0.15142790348578247,4385,0.13024653702518932,0.138619967083146
2024-07-22,1,0.1105484129188244,4385,0.13024653702518932,0.138619967083146
2024-07-23,1,0.11120604425783305,4385,0.13024653702518932,0.138619967083146
2024-07-24,0,0.11178193870976903,4385,0.13024653702518932,0.138619967083146
2024-07-25,0,0.06156735254326265,4385,0.13024653702518932,0.138619967083146
2024-07-26,0,0.05811710409207876,4385,0.13024653702518932,0.138619967083146
2024-07-29,0,0.11774637945624665,4385,0.13024653702518932,0.138619967083146
2024-07-30,0,0.09255612760467623,4385,0.13024653702518932,0.138619967083146
2024-07-31,0,0.06754341621853989,4385,0.13024653702518932,0.138619967083146
2024-08-01,0,0.030266713757921875,4385,0.13024653702518932,0.138619967083146
2024-08-02,1,-0.059710893583643884,4385,0.13024653702518932,0.138619967083146
2024-08-05,1,-0.1411816484078554,4385,0.13024653702518932,0.138619967083146
2024-08-06,1,-0.04939953737444155,4385,0.13024653702518932,0.138619967083146
2024-08-07,0,-0.04355299270882436,4385,0.13024653702518932,0.138619967083146
2024-08-08,0,-0.010090541946355126,4385,0.13024653702518932,0.138619967083146
2024-08-09,0,-0.005002625687515576,4385,0.13024653702518932,0.138619967083146
2024-08-13,0,0.02813788865384847,4385,0.1865825767551459,0.1437801555683546
2024-08-14,0,-0.04533215764694769,4385,0.1865825767551459,0.1437801555683546
2024-08-15,0,-0.011794658222079134,4385,0.1865825767551459,0.1437801555683546
2024-08-16,0,-0.02467343976777932,4385,0.1865825767551459,0.1437801555683546
2024-08-19,0,-0.05463864202755435,4385,0.1865825767551459,0.1437801555683546
2024-08-20,0,0.024779176111936287,4385,0.1865825767551459,0.1437801555683546
2024-08-21,0,0.03374080079830355,4385,0.1865825767551459,0.1437801555683546
2024-08-22,0,0.10739271211050644,4385,0.1865825767551459,0.1437801555683546
2024-08-23,0,0.08542713567839189,4385,0.1865825767551459,0.1437801555683546
2024-08-26,0,0.0620245757753073,4385,0.1865825767551459,0.1437801555683546
2024-08-27,0,0.026331848065121614,4385,0.1865825767551459,0.1437801555683546
2024-08-28,0,0.025589924997029875,4385,0.1865825767551459,0.1437801555683546
2024-08-29,0,0.045037735560216126,4385,0.1865825767551459,0.1437801555683546
2024-08-30,0,0.0877510569310617,4385,0.1865825767551459,0.1437801555683546
2024-09-02,0,0.07866453235764921,4385,0.1865825767551459,0.1437801555683546
2024-09-03,0,0.14280718692153607,4385,0.1865825767551459,0.1437801555683546
2024-09-04,0,0.06690345275093072,4385,0.1865825767551459,0.1437801555683546
2024-09-05,0,0.10831673118149242,4385,0.1865825767551459,0.1437801555683546
2024-09-06,0,0.0772383855037171,4385,0.1865825767551459,0.1437801555683546
2024-09-09,0,0.12962900105223865,4385,0.1865825767551459,0.1437801555683546
2024-09-10,0,0.11310133060388947,4385,0.1865825767551459,0.1437801555683546
2024-09-11,0,0.06643533904892814,4385,0.1865825767551459,0.1437801555683546
2024-09-12,0,0.08292704846210888,4385,0.1865825767551459,0.1437801555683546
2024-09-13,0,0.07166463148224918,4385,0.1865825767551459,0.1437801555683546
2024-09-17,0,0.1148806999531281,4385,0.1865825767551459,0.1437801555683546
2024-09-18,0,0.13442015561319015,4385,0.1865825767551459,0.1437801555683546
2024-09-19,0,0.20108727679886854,4385,0.1865825767551459,0.1437801555683546
2024-09-20,0,0.1802637219305412,4385,0.1865825767551459,0.1437801555683546
2024-09-24,0,0.14977814561085612,4385,0.1865825767551459,0.1437801555683546
2024-09-25,0,0.14119367987774997,4385,0.1865825767551459,0.1437801555683546
2024-09-26,0,0.1313800031800639,4385,0.1865825767551459,0.1437801555683546
2024-09-27,0,0.15713067292363156,4385,0.1865825767551459,0.1437801555683546
2024-09-30,0,0.08046761362616058,4385,0.1865825767551459,0.1437801555683546
2024-10-01,0,0.0729227537203474,4385,0.1865825767551459,0.1437801555683546
2024-10-02,0,0.04299422946732722,4385,0.1865825767551459,0.1437801555683546
2024-10-03,0,0.05657404755084496,4385,0.1865825767551459,0.1437801555683546
2024-10-04,0,0.11156819328136904,4385,0.1865825767551459,0.1437801555683546
2024-10-07,0,0.1371462045120087,4385,0.1865825767551459,0.1437801555683546
2024-10-08,0,0.07498099510690913,4385,0.1865825767551459,0.1437801555683546
2024-10-09,0,0.09832870767882405,4385,0.1865825767551459,0.1437801555683546
2024-10-10,0,0.07238968546653189,4385,0.1865825767551459,0.1437801555683546
2024-10-11,0,0.045380961699250995,4385,0.1865825767551459,0.1437801555683546
2024-10-15,0,0.08845762723917477,4385,0.1865825767551459,0.1437801555683546
2024-10-16,0,0.06928625462139204,4385,0.1865825767551459,0.1437801555683546
2024-10-17,0,0.044159604820508375,4385,0.1865825767551459,0.1437801555683546
2024-10-18,0,0.016653489006995478,4385,0.1865825767551459,0.1437801555683546
2024-10-21,0,0.008521267737877945,4385,0.1865825767551459,0.1437801555683546
2024-10-22,0,-0.03180542563143132,4385,0.1865825767551459,0.1437801555683546
2024-10-23,0,-0.07884337998419384,4385,0.1865825767551459,0.1437801555683546
2024-10-24,0,-0.09796190449175252,4385,0.1865825767551459,0.1437801555683546
2024-10-25,0,-0.10652896553683554,4385,0.1865825767551459,0.1437801555683546
2024-10-28,0,-0.10809859280148795,4385,0.1865825767551459,0.1437801555683546
2024-10-29,0,-0.10233866087637496,4385,0.1865825767551459,0.1437801555683546
2024-10-30,0,-0.08931661361645774,4385,0.1865825767551459,0.1437801555683546
2024-10-31,0,-0.07854453132500552,4385,0.1865825767551459,0.1437801555683546
2024-11-01,0,-0.10371182525574012,4385,0.1865825767551459,0.1437801555683546
2024-11-05,0,-0.0765207036842777,4385,0.039324260910370716,0.15388853011024017
2024-11-06,1,-0.2232651395518018,4385,0.039324260910370716,0.15388853011024017
2024-11-07,1,-0.21992598149181775,4385,0.039324260910370716,0.15388853011024017
2024-11-08,1,-0.20513103585813436,4385,0.039324260910370716,0.15388853011024017
2024-11-11,1,-0.20841558181954475,4385,0.039324260910370716,0.15388853011024017
2024-11-12,1,-0.2228879482926271,4385,0.039324260910370716,0.15388853011024017
2024-11-13,1,-0.22491061896812378,4385,0.039324260910370716,0.15388853011024017
2024-11-14,1,-0.1762604635148803,4385,0.039324260910370716,0.15388853011024017
2024-11-15,1,-0.17101792539161328,4385,0.039324260910370716,0.15388853011024017
2024-11-18,1,-0.1431004927064353,4385,0.039324260910370716,0.15388853011024017
2024-11-19,1,-0.1487508099935201,4385,0.039324260910370716,0.15388853011024017
2024-11-20,1,-0.11445026631446766,4385,0.039324260910370716,0.15388853011024017
2024-11-21,1,-0.10272912659271373,4385,0.039324260910370716,0.15388853011024017
2024-11-22,1,-0.08860154470632112,4385,0.039324260910370716,0.15388853011024017
2024-11-25,1,-0.12480869243546315,4385,0.039324260910370716,0.15388853011024017
2024-11-26,1,-0.16618501837533667,4385,0.039324260910370716,0.15388853011024017
2024-11-27,1,-0.1603070127484639,4385,0.039324260910370716,0.15388853011024017
2024-11-28,1,-0.13568243292638357,4385,0.039324260910370716,0.15388853011024017
2024-11-29,1,-0.14319653319059378,4385,0.039324260910370716,0.15388853011024017
2024-12-02,1,-0.1492573583016075,4385,0.039324260910370716,0.15388853011024017
2024-12-03,1,-0.13243830032345255,4385,0.039324260910370716,0.15388853011024017
2024-12-04,1,-0.1335121994604369,4385,0.039324260910370716,0.15388853011024017
2024-12-05,1,-0.14858171324874683,4385,0.039324260910370716,0.15388853011024017
2024-12-06,1,-0.1415286362532912,4385,0.039324260910370716,0.15388853011024017
2024-12-09,1,-0.14153915391539154,4385,0.039324260910370716,0.15388853011024017
2024-12-10,1,-0.14970339365834565,4385,0.039324260910370716,0.15388853011024017
2024-12-11,1,-0.14027901633893083,4385,0.039324260910370716,0.15388853011024017
2024-12-12,1,-0.12314430350947045,4385,0.039324260910370716,0.15388853011024017
2024-12-13,1,-0.1231618277174099,4385,0.039324260910370716,0.15388853011024017
2024-12-16,1,-0.13339739000945547,4385,0.039324260910370716,0.15388853011024017
2024-12-17,1,-0.14129153083165713,4385,0.039324260910370716,0.15388853011024017
2024-12-18,1,-0.1440373911525707,4385,0.039324260910370716,0.15388853011024017
2024-12-19,1,-0.14153575958630116,4385,0.039324260910370716,0.15388853011024017
2024-12-20,1,-0.13994541206040023,4385,0.039324260910370716,0.15388853011024017
2024-12-23,1,-0.13227989900307016,4385,0.039324260910370716,0.15388853011024017
2024-12-24,1,-0.14264908936806883,4385,0.039324260910370716,0.15388853011024017
2024-12-25,1,-0.14510416041303956,4385,0.039324260910370716,0.15388853011024017
2024-12-26,1,-0.14399925929206034,4385,0.039324260910370716,0.15388853011024017
2024-12-27,1,-0.12032429545840713,4385,0.039324260910370716,0.15388853011024017
2024-12-30,1,-0.12483221476510067,4385,0.039324260910370716,0.15388853011024017
2025-01-06,1,-0.15448300158534442,4385,0.039324260910370716,0.15388853011024017
2025-01-07,1,-0.14772586544256666,4385,0.039324260910370716,0.15388853011024017
2025-01-08,1,-0.1534404727766903,4385,0.039324260910370716,0.15388853011024017
2025-01-09,1,-0.14553027607426164,4385,0.039324260910370716,0.15388853011024017
2025-01-10,1,-0.13870274370969782,4385,0.039324260910370716,0.15388853011024017
2025-01-14,1,-0.15106827091146674,4385,0.039324260910370716,0.15388853011024017
2025-01-15,1,-0.13606154503686294,4385,0.039324260910370716,0.15388853011024017
2025-01-16,1,-0.12712998790549934,4385,0.039324260910370716,0.15388853011024017
2025-01-17,1,-0.12879575707154745,4385,0.039324260910370716,0.15388853011024017
2025-01-20,1,-0.08987912116643286,4385,0.039324260910370716,0.15388853011024017
2025-01-21,1,-0.07785323110624312,4385,0.039324260910370716,0.15388853011024017
2025-01-22,1,-0.07386786266026418,4385,0.039324260910370716,0.15388853011024017
2025-01-23,1,-0.055623026475588984,4385,0.039324260910370716,0.15388853011024017
2025-01-24,1,-0.047825740328995746,4385,0.039324260910370716,0.15388853011024017
2025-01-27,1,-0.012485962724097032,4385,0.039324260910370716,0.15388853011024017
2025-01-28,1,0.024213946913355225,4385,0.039324260910370716,0.15388853011024017
2025-01-29,1,0.0408329512524093,4385,0.039324260910370716,0.15388853011024017
2025-01-30,1,0.033066512073847844,4385,0.039324260910370716,0.15388853011024017
2025-01-31,1,0.013039610555066349,4385,0.039324260910370716,0.15388853011024017
2025-02-03,1,0.00020608026378279469,4385,0.039324260910370716,0.15388853011024017
2025-02-04,1,0.0037961319885891826,4385,0.039324260910370716,0.15388853011024017
2025-02-05,1,0.007957321454231921,4385,0.039324260910370716,0.15388853011024017
2025-02-06,1,0.026902106845565262,4385,0.09152092809955256,0.1594583857904338
2025-02-07,1,0.2373345728728564,4385,0.09152092809955256,0.1594583857904338
2025-02-10,0,0.26051653949680775,4385,0.09152092809955256,0.1594583857904338
2025-02-12,1,0.22159317438800727,4385,0.09152092809955256,0.1594583857904338
2025-02-13,0,0.24528301886792458,4385,0.09152092809955256,0.1594583857904338
2025-02-14,0,0.2587854656241905,4385,0.09152092809955256,0.1594583857904338
2025-02-17,1,0.2246344162689681,4385,0.09152092809955256,0.1594583857904338
2025-02-18,1,0.1999110013655183,4385,0.09152092809955256,0.1594583857904338
2025-02-19,1,0.2057626056999687,4385,0.09152092809955256,0.1594583857904338
2025-02-20,1,0.1738858591823266,4385,0.09152092809955256,0.1594583857904338
2025-02-21,1,0.19571010724731883,4385,0.09152092809955256,0.1594583857904338
2025-02-25,1,0.21192989435721357,4385,0.09152092809955256,0.1594583857904338
2025-02-26,1,0.19915639839042887,4385,0.09152092809955256,0.1594583857904338
2025-02-27,0,0.23311500053688397,4385,0.09152092809955256,0.1594583857904338
2025-02-28,1,0.20121713750144443,4385,0.09152092809955256,0.1594583857904338
2025-03-03,1,0.21499552181515755,4385,0.09152092809955256,0.1594583857904338
2025-03-04,1,0.18384803754846601,4385,0.09152092809955256,0.1594583857904338
2025-03-05,1,0.18113138794378222,4385,0.09152092809955256,0.1594583857904338
2025-03-06,0,0.2514396365155101,4385,0.09152092809955256,0.1594583857904338
2025-03-07,1,0.19851698655703798,4385,0.09152092809955256,0.1594583857904338
2025-03-10,1,0.19258871558672672,4385,0.09152092809955256,0.1594583857904338
2025-03-11,1,0.16938226274174373,4385,0.09152092809955256,0.1594583857904338
2025-03-12,1,0.19773616893963947,4385,0.09152092809955256,0.1594583857904338
2025-03-13,1,0.17871509212203474,4385,0.09152092809955256,0.1594583857904338
2025-03-14,1,0.21430072047356002,4385,0.09152092809955256,0.1594583857904338
2025-03-17,1,0.20323882654065767,4385,0.09152092809955256,0.1594583857904338
2025-03-18,1,0.2606841965688174,4385,0.09152092809955256,0.1594583857904338
2025-03-19,1,0.19447354955042775,4385,0.09152092809955256,0.1594583857904338
2025-03-21,1,0.2753695714464438,4385,0.09152092809955256,0.1594583857904338
2025-03-24,1,0.2703046245022835,4385,0.09152092809955256,0.1594583857904338
2025-03-25,1,0.2541788029597281,4385,0.09152092809955256,0.1594583857904338
2025-03-26,1,0.22461104597737566,4385,0.09152092809955256,0.1594583857904338
2025-03-27,1,0.1715471278771472,4385,0.09152092809955256,0.1594583857904338
2025-03-28,1,0.16689791407003263,4385,0.09152092809955256,0.1594583857904338
2025-03-31,1,0.10266575103009126,4385,0.09152092809955256,0.1594583857904338
2025-04-01,1,0.08462802596766866,4385,0.09152092809955256,0.1594583857904338
2025-04-02,1,0.07050386441832476,4385,0.09152092809955256,0.1594583857904338
2025-04-03,1,0.04741558822168408,4385,0.09152092809955256,0.1594583857904338
2025-04-04,1,-0.0040852718838751845,4385,0.09152092809955256,0.1594583857904338
2025-04-07,1,-0.10183224380812073,4385,0.09152092809955256,0.1594583857904338
2025-04-08,1,-0.0007873835169287595,4385,0.09152092809955256,0.1594583857904338
2025-04-09,1,-0.0611026611621284,4385,0.09152092809955256,0.1594583857904338
2025-04-10,1,0.013099441849869005,4385,0.09152092809955256,0.1594583857904338
2025-04-11,1,0.022442476270398342,4385,0.09152092809955256,0.1594583857904338
2025-04-14,1,0.011842471786609665,4385,0.09152092809955256,0.1594583857904338
2025-04-15,1,0.03154439373159165,4385,0.09152092809955256,0.1594583857904338
2025-04-16,1,-0.01459813146903264,4385,0.09152092809955256,0.1594583857904338
2025-04-17,1,0.0061723804566074895,4385,0.09152092809955256,0.1594583857904338
2025-04-18,1,0.03083622145205727,4385,0.09152092809955256,0.1594583857904338
2025-04-21,1,0.027399533201331896,4385,0.09152092809955256,0.1594583857904338
2025-04-22,1,0.02245808619644864,4385,0.09152092809955256,0.1594583857904338
2025-04-23,1,0.045248769499681915,4385,0.09152092809955256,0.1594583857904338
2025-04-24,1,0.010070086049486695,4385,0.09152092809955256,0.1594583857904338
2025-04-25,1,-0.0009377794255556194,4385,0.09152092809955256,0.1594583857904338
2025-04-28,1,0.008562376295050378,4385,0.09152092809955256,0.1594583857904338
2025-04-30,0,-0.002371690118439904,4385,0.09152092809955256,0.1594583857904338
2025-05-01,0,-0.003626192209814457,4385,0.09152092809955256,0.1594583857904338
2025-05-02,0,-0.023127931424874657,4385,0.09152092809955256,0.1594583857904338
2025-05-07,0,-0.006283720363696341,4385,0.13804139359211193,0.1624727345023963
2025-05-08,0,0.0270210465078929,4385,0.13804139359211193,0.1624727345023963
2025-05-09,0,0.018189837308729324,4385,0.13804139359211193,0.1624727345023963
2025-05-12,0,0.0006329519027671182,4385,0.13804139359211193,0.1624727345023963
2025-05-13,0,-0.000721949762254449,4385,0.13804139359211193,0.1624727345023963
2025-05-14,0,-0.018446798749586536,4385,0.13804139359211193,0.1624727345023963
2025-05-15,0,-0.01743975067773813,4385,0.13804139359211193,0.1624727345023963
2025-05-16,0,0.0008185344674187045,4385,0.13804139359211193,0.1624727345023963
2025-05-19,0,0.02361980648833245,4385,0.13804139359211193,0.1624727345023963
2025-05-20,0,0.008799530691696443,4385,0.13804139359211193,0.1624727345023963
2025-05-21,0,0.01700335802995576,4385,0.13804139359211193,0.1624727345023963
2025-05-22,0,0.022331554902399364,4385,0.13804139359211193,0.1624727345023963
2025-05-23,0,-0.011052194467514138,4385,0.13804139359211193,0.1624727345023963
2025-05-26,0,0.001188849654878655,4385,0.13804139359211193,0.1624727345023963
2025-05-27,0,0.017060972581846624,4385,0.13804139359211193,0.1624727345023963
2025-05-28,0,0.010596219132791612,4385,0.13804139359211193,0.1624727345023963
2025-05-29,0,-0.0013727931551894387,4385,0.13804139359211193,0.1624727345023963
2025-05-30,0,0.018287319467695726,4385,0.13804139359211193,0.1624727345023963
2025-06-02,0,0.01107581473182629,4385,0.13804139359211193,0.1624727345023963
2025-06-03,0,0.018844657373087336,4385,0.13804139359211193,0.1624727345023963
2025-06-04,0,0.05032636659366824,4385,0.13804139359211193,0.1624727345023963
2025-06-05,0,0.05839364368971918,4385,0.13804139359211193,0.1624727345023963
2025-06-06,0,0.10293727751245221,4385,0.13804139359211193,0.1624727345023963
2025-06-09,0,0.0753052558006545,4385,0.13804139359211193,0.1624727345023963
2025-06-10,0,0.07655578320773279,4385,0.13804139359211193,0.1624727345023963
2025-06-11,0,0.08335593112896245,4385,0.13804139359211193,0.1624727345023963
2025-06-12,0,0.08254007354881854,4385,0.13804139359211193,0.1624727345023963
2025-06-13,0,0.08163415997721539,4385,0.13804139359211193,0.1624727345023963
2025-06-16,0,0.13016225484340196,4385,0.13804139359211193,0.1624727345023963
2025-06-17,0,0.12958162474261523,4385,0.13804139359211193,0.1624727345023963
2025-06-18,0,0.1805429039897978,4385,0.13804139359211193,0.1624727345023963
2025-06-19,0,0.1997313407774327,4385,0.13804139359211193,0.1624727345023963
2025-06-20,0,0.1636521204327529,4385,0.13804139359211193,0.1624727345023963
2025-06-23,0,0.1476640080978725,4385,0.13804139359211193,0.1624727345023963
2025-06-24,0,0.12341066250278829,4385,0.13804139359211193,0.1624727345023963
2025-06-25,0,0.09761702483252317,4385,0.13804139359211193,0.1624727345023963
2025-06-26,0,0.08735245457199664,4385,0.13804139359211193,0.1624727345023963
2025-06-27,0,0.08687130780464619,4385,0.13804139359211193,0.1624727345023963
2025-06-30,0,0.11025379305572368,4385,0.13804139359211193,0.1624727345023963
2025-07-01,0,0.08617244152374776,4385,0.13804139359211193,0.1624727345023963
2025-07-02,0,0.05087056199268856,4385,0.13804139359211193,0.1624727345023963
2025-07-03,0,0.05468107278012398,4385,0.13804139359211193,0.1624727345023963
2025-07-04,0,0.07083901528744703,4385,0.13804139359211193,0.1624727345023963
2025-07-07,0,0.05653155530734629,4385,0.13804139359211193,0.1624727345023963
2025-07-08,0,0.06574469674842581,4385,0.13804139359211193,0.1624727345023963
2025-07-09,0,0.06353712826002994,4385,0.13804139359211193,0.1624727345023963
2025-07-10,0,0.03811983610769294,4385,0.13804139359211193,0.1624727345023963
2025-07-11,0,0.035865178246021326,4385,0.13804139359211193,0.1624727345023963
2025-07-14,0,-0.021471028264121915,4385,0.13804139359211193,0.1624727345023963
2025-07-15,0,-0.019180866925373383,4385,0.13804139359211193,0.1624727345023963
2025-07-16,0,-0.0407460863772622,4385,0.13804139359211193,0.1624727345023963
2025-07-17,0,-0.022435304757710058,4385,0.13804139359211193,0.1624727345023963
2025-07-18,0,-0.041956819831688745,4385,0.13804139359211193,0.1624727345023963
2025-07-22,0,-0.019698094697338676,4385,0.13804139359211193,0.1624727345023963
2025-07-23,0,-0.013765394181679108,4385,0.13804139359211193,0.1624727345023963
2025-07-24,0,-0.027675301503830088,4385,0.13804139359211193,0.1624727345023963
2025-07-25,0,-0.05562503981839464,4385,0.13804139359211193,0.1624727345023963
2023-08-01,0,,,,
2023-08-02,0,,,,
2023-08-03,0,,,,
2023-08-04,0,,,,
2023-08-07,0,,,,
2023-08-08,0,,,,
2023-08-09,0,,,,
2023-08-10,1,,,,
2023-08-14,1,,,,
2023-08-15,0,,,,
2023-08-16,1,,,,
2023-08-17,1,,,,
2023-08-18,1,,,,
2023-08-21,1,,,,
2023-08-22,1,,,,
2023-08-23,1,,,,
2023-08-24,1,,,,
2023-08-25,1,,,,
2023-08-28,1,,,,
2023-08-29,1,,,,
2023-08-30,1,,,,
2023-08-31,1,,,,
2023-09-01,1,,,,
2023-09-04,1,,,,
2023-09-05,1,,,,
2023-09-06,1,,,,
2023-09-07,1,,,,
2023-09-08,1,,,,
2023-09-11,1,,,,
2023-09-12,1,,,,
2023-09-13,1,,,,
2023-09-14,1,,,,
2023-09-15,1,,,,
2023-09-19,1,,,,
2023-09-20,1,,,,
2023-09-21,1,,,,
2023-09-22,1,,,,
2023-09-25,1,,,,
2023-09-26,1,,,,
2023-09-27,1,,,,
2023-09-28,1,,,,
2023-09-29,1,,,,
2023-10-02,1,,,,
2023-10-03,1,,,,
2023-10-04,1,,,,
2023-10-05,1,,,,
2023-10-06,1,,,,
2023-10-10,1,,,,
2023-10-11,1,,,,
2023-10-12,1,,4443,0.001861920011916288,0.42456916996047434
2023-10-13,1,,4443,0.001861920011916288,0.42456916996047434
2023-10-16,1,,4443,0.001861920011916288,0.42456916996047434
2023-10-17,1,,4443,0.001861920011916288,0.42456916996047434
2023-10-18,1,,4443,0.001861920011916288,0.42456916996047434
2023-10-19,1,,4443,0.001861920011916288,0.42456916996047434
2023-10-20,1,,4443,0.001861920011916288,0.42456916996047434
2023-10-23,1,,4443,0.001861920011916288,0.42456916996047434
2023-10-24,1,,4443,0.001861920011916288,0.42456916996047434
2023-10-25,1,,4443,0.001861920011916288,0.42456916996047434
2023-10-26,1,-0.12961827380039853,4443,0.001861920011916288,0.42456916996047434
2023-10-27,1,-0.10339692402495701,4443,0.001861920011916288,0.42456916996047434
2023-10-30,1,-0.10538394100355836,4443,0.001861920011916288,0.42456916996047434
2023-10-31,1,-0.0772335114019997,4443,0.001861920011916288,0.42456916996047434
2023-11-01,1,-0.06374644105610644,4443,0.001861920011916288,0.42456916996047434
2023-11-02,1,-0.003269142028947783,4443,0.001861920011916288,0.42456916996047434
2023-11-06,1,0.05785295895878974,4443,0.001861920011916288,0.42456916996047434
2023-11-07,1,0.048996077972253194,4443,0.001861920011916288,0.42456916996047434
2023-11-08,1,0.07452204447912603,4443,0.001861920011916288,0.42456916996047434
2023-11-09,1,0.09157537717827768,4443,0.001861920011916288,0.42456916996047434
2023-11-10,1,0.05508730659007167,4443,0.001861920011916288,0.42456916996047434
2023-11-13,1,0.06302971261568437,4443,0.001861920011916288,0.42456916996047434
2023-11-14,1,0.05494163019906763,4443,0.001861920011916288,0.42456916996047434
2023-11-15,0,0.09400024639645194,4443,0.001861920011916288,0.42456916996047434
2023-11-16,1,0.09333212456370972,4443,0.001861920011916288,0.42456916996047434
2023-11-17,1,0.08294140860013328,4443,0.001861920011916288,0.42456916996047434
2023-11-20,1,0.12707353625135656,4443,0.001861920011916288,0.42456916996047434
2023-11-21,1,0.14117715324655222,4443,0.001861920011916288,0.42456916996047434
2023-11-22,1,0.11643010392438585,4443,0.001861920011916288,0.42456916996047434
2023-11-24,1,0.1370127363952142,4443,0.001861920011916288,0.42456916996047434
2023-11-27,1,0.1266953485231416,4443,0.001861920011916288,0.42456916996047434
2023-11-28,1,0.13391657613761274,4443,0.001861920011916288,0.42456916996047434
2023-11-29,1,0.1676825547712486,4443,0.001861920011916288,0.42456916996047434
2023-11-30,1,0.18964256858143208,4443,0.001861920011916288,0.42456916996047434
2023-12-01,1,0.19298335401819425,4443,0.001861920011916288,0.42456916996047434
2023-12-04,1,0.22272414057116616,4443,0.001861920011916288,0.42456916996047434
2023-12-05,1,0.19813555436692898,4443,0.001861920011916288,0.42456916996047434
2023-12-06,1,0.1992299921855643,4443,0.001861920011916288,0.42456916996047434
2023-12-07,1,0.1653663177925785,4443,0.001861920011916288,0.42456916996047434
2023-12-08,1,0.12894846876069072,4443,0.001861920011916288,0.42456916996047434
2023-12-11,1,0.15504287774151929,4443,0.001861920011916288,0.42456916996047434
2023-12-12,1,0.13341919842412295,4443,0.001861920011916288,0.42456916996047434
2023-12-13,1,0.13641948471731277,4443,0.001861920011916288,0.42456916996047434
2023-12-14,1,0.17123571778724683,4443,0.001861920011916288,0.42456916996047434
2023-12-15,1,0.21072441802934747,4443,0.001861920011916288,0.42456916996047434
2023-12-18,1,0.2105181072397766,4443,0.001861920011916288,0.42456916996047434
2023-12-19,1,0.21913656912911714,4443,0.001861920011916288,0.42456916996047434
2023-12-20,1,0.1987167203427024,4443,0.001861920011916288,0.42456916996047434
2023-12-21,1,0.18705833107625638,4443,0.001861920011916288,0.42456916996047434
2023-12-22,1,0.1808534104556261,4443,0.001861920011916288,0.42456916996047434
2023-12-25,1,0.17830743333902574,4443,0.001861920011916288,0.42456916996047434
2023-12-26,1,0.15800852655743275,4443,0.001861920011916288,0.42456916996047434
2023-12-27,1,0.16404804238179901,4443,0.001861920011916288,0.42456916996047434
2023-12-28,1,0.16066592033512697,4443,0.001861920011916288,0.42456916996047434
2023-12-29,1,0.14925730713943466,4443,0.001861920011916288,0.42456916996047434
2024-01-04,1,0.12353389911318777,4443,0.001861920011916288,0.42456916996047434
2024-01-05,1,0.04794154339689895,4443,0.001861920011916288,0.42456916996047434
2024-01-09,1,0.04877962127402572,4443,0.001861920011916288,0.42456916996047434
2024-01-10,1,0.05890685869436908,4443,0.001861920011916288,0.42456916996047434
2024-01-11,1,0.0486670982169129,4443,0.001861920011916288,0.42456916996047434
2024-01-12,1,0.05400978153016948,4443,0.010441767068273093,0.43737225344915687
2024-01-15,1,0.005384313426802024,4443,0.010441767068273093,0.43737225344915687
2024-01-16,1,0.001745465583971998,4443,0.010441767068273093,0.43737225344915687
2024-01-17,1,-0.06406724177097954,4443,0.010441767068273093,0.43737225344915687
2024-01-18,1,-0.10007505192546008,4443,0.010441767068273093,0.43737225344915687
2024-01-19,1,-0.06660861993905094,4443,0.010441767068273093,0.43737225344915687
2024-01-22,0,-0.024762698040848876,4443,0.010441767068273093,0.43737225344915687
2024-01-23,0,-0.023428719633439957,4443,0.010441767068273093,0.43737225344915687
2024-01-24,1,-0.035078139818258115,4443,0.010441767068273093,0.43737225344915687
2024-01-25,1,-0.04729148753224419,4443,0.010441767068273093,0.43737225344915687
2024-01-26,1,-0.049333813467770944,4443,0.010441767068273093,0.43737225344915687
2024-01-29,1,-0.054433909012640655,4443,0.010441767068273093,0.43737225344915687
2024-01-30,1,-0.04477068810625782,4443,0.010441767068273093,0.43737225344915687
2024-01-31,1,-0.053086601844813314,4443,0.010441767068273093,0.43737225344915687
2024-02-01,1,-0.04908531063213185,4443,0.010441767068273093,0.43737225344915687
2024-02-02,1,-0.055737704918032836,4443,0.010441767068273093,0.43737225344915687
2024-02-05,1,0.0032176121930567315,4443,0.010441767068273093,0.43737225344915687
2024-02-06,1,-0.03426650725258867,4443,0.010441767068273093,0.43737225344915687
2024-02-07,1,-0.04679219754200027,4443,0.010441767068273093,0.43737225344915687
2024-02-08,1,-0.031581794819774155,4443,0.010441767068273093,0.43737225344915687
2024-02-09,1,0.006088297189930104,4443,0.010441767068273093,0.43737225344915687
2024-02-13,1,-0.023858244698792403,4443,0.010441767068273093,0.43737225344915687
2024-02-14,1,-0.07132018209408195,4443,0.010441767068273093,0.43737225344915687
2024-02-15,1,-0.06238406277754669,4443,0.010441767068273093,0.43737225344915687
2024-02-16,1,0.014733626808013583,4443,0.010441767068273093,0.43737225344915687
2024-02-19,1,0.017439578309875,4443,0.010441767068273093,0.43737225344915687
2024-02-20,1,0.01810030820958257,4443,0.010441767068273093,0.43737225344915687
2024-02-21,1,0.0037762065372073284,4443,0.010441767068273093,0.43737225344915687
2024-02-22,1,0.02832195231165347,4443,0.010441767068273093,0.43737225344915687
2024-02-26,0,0.10408473364318913,4443,0.010441767068273093,0.43737225344915687
2024-02-27,0,0.12803824765131339,4443,0.010441767068273093,0.43737225344915687
2024-02-28,0,0.18155363529333368,4443,0.010441767068273093,0.43737225344915687
2024-02-29,0,0.1833887043189369,4443,0.010441767068273093,0.43737225344915687
2024-03-01,0,0.19655477031802127,4443,0.010441767068273093,0.43737225344915687
2024-03-04,0,0.19193921374297984,4443,0.010441767068273093,0.43737225344915687
2024-03-05,0,0.1620774938169827,4443,0.010441767068273093,0.43737225344915687
2024-03-06,0,0.15056771433272997,4443,0.010441767068273093,0.43737225344915687
2024-03-07,0,0.1361172257449815,4443,0.010441767068273093,0.43737225344915687
2024-03-08,0,0.10598473749808668,4443,0.010441767068273093,0.43737225344915687
2024-03-11,0,0.1292485851679806,4443,0.010441767068273093,0.43737225344915687
2024-03-12,0,0.14979281542627815,4443,0.010441767068273093,0.43737225344915687
2024-03-13,0,0.13881628181906916,4443,0.010441767068273093,0.43737225344915687
2024-03-14,0,0.12876878306305925,4443,0.010441767068273093,0.43737225344915687
2024-03-15,0,0.1188735679346946,4443,0.010441767068273093,0.43737225344915687
2024-03-18,0,0.13524877365101606,4443,0.010441767068273093,0.43737225344915687
2024-03-19,0,0.16206503260238006,4443,0.010441767068273093,0.43737225344915687
2024-03-21,0,0.14990438948928944,4443,0.010441767068273093,0.43737225344915687
2024-03-22,0,0.15225013671309556,4443,0.010441767068273093,0.43737225344915687
2024-03-25,0,0.1279306284123756,4443,0.010441767068273093,0.43737225344915687
2024-03-26,0,0.10975687985117705,4443,0.010441767068273093,0.43737225344915687
2024-03-27,0,0.11399378623362484,4443,0.010441767068273093,0.43737225344915687
2024-03-28,1,0.10781826322410076,4443,0.010441767068273093,0.43737225344915687
2024-03-29,0,0.12197873540586851,4443,0.010441767068273093,0.43737225344915687
2024-04-01,1,0.10204081632653061,4443,0.010441767068273093,0.43737225344915687
2024-04-02,1,0.07739030709765113,4443,0.010441767068273093,0.43737225344915687
2024-04-03,1,0.056640604279606634,4443,0.010441767068273093,0.43737225344915687
2024-04-04,1,0.0919363883569108,4443,0.010441767068273093,0.43737225344915687
2024-04-05,1,0.08974629574908187,4443,0.010441767068273093,0.43737225344915687
2024-04-08,1,0.09397534555177747,4443,0.010441767068273093,0.43737225344915687
2024-04-09,1,0.11648702259632036,4443,0.010441767068273093,0.43737225344915687
2024-04-10,1,0.09475755799346781,4443,0.010441767068273093,0.43737225344915687
2024-04-11,1,0.05366464815201508,4443,0.037592411772911144,0.43682783414069404
2024-04-12,1,-0.03947437033946911,4443,0.037592411772911144,0.43682783414069404
2024-04-15,1,-0.11772981648029845,4443,0.037592411772911144,0.43682783414069404
2024-04-16,1,-0.09793680355414987,4443,0.037592411772911144,0.43682783414069404
2024-04-17,1,-0.13887242207731426,4443,0.037592411772911144,0.43682783414069404
2024-04-18,1,-0.12573193688961926,4443,0.037592411772911144,0.43682783414069404
2024-04-19,1,-0.14285714285714282,4443,0.037592411772911144,0.43682783414069404
2024-04-22,1,-0.12293478713221527,4443,0.037592411772911144,0.43682783414069404
2024-04-23,1,-0.12619238331027455,4443,0.037592411772911144,0.43682783414069404
2024-04-24,1,-0.08514530412006817,4443,0.037592411772911144,0.43682783414069404
2024-04-25,1,-0.09822699087009353,4443,0.037592411772911144,0.43682783414069404
2024-04-26,1,-0.0833324684220905,4443,0.037592411772911144,0.43682783414069404
2024-04-30,1,-0.08410245774136683,4443,0.037592411772911144,0.43682783414069404
2024-05-01,1,-0.08539807877638568,4443,0.037592411772911144,0.43682783414069404
2024-05-02,1,-0.07819407203420543,4443,0.037592411772911144,0.43682783414069404
2024-05-07,1,-0.02994569433669511,4443,0.037592411772911144,0.43682783414069404
2024-05-08,1,-0.02947920755262665,4443,0.037592411772911144,0.43682783414069404
2024-05-09,1,-0.06333188881322352,4443,0.037592411772911144,0.43682783414069404
2024-05-10,1,-0.09457549845795209,4443,0.037592411772911144,0.43682783414069404
2024-05-13,1,-0.05654540955209112,4443,0.037592411772911144,0.43682783414069404
2024-05-14,1,-0.031151845939961943,4443,0.037592411772911144,0.43682783414069404
2024-05-15,1,-0.0197085842290224,4443,0.037592411772911144,0.43682783414069404
2024-05-16,1,-0.016272416869174716,4443,0.037592411772911144,0.43682783414069404
2024-05-17,1,-0.039586813276902805,4443,0.037592411772911144,0.43682783414069404
2024-05-20,1,-0.035241343288167824,4443,0.037592411772911144,0.43682783414069404
2024-05-21,1,-0.0218993041342612,4443,0.037592411772911144,0.43682783414069404
2024-05-22,1,-0.03678026933341516,4443,0.037592411772911144,0.43682783414069404
2024-05-23,1,-0.03113055209206303,4443,0.037592411772911144,0.43682783414069404
2024-05-24,1,-0.023826567133653703,4443,0.037592411772911144,0.43682783414069404
2024-05-27,1,-0.008371026832313456,4443,0.037592411772911144,0.43682783414069404
2024-05-28,1,0.0023059185242121443,4443,0.037592411772911144,0.43682783414069404
2024-05-29,1,-0.012495251393780077,4443,0.037592411772911144,0.43682783414069404
2024-05-30,1,0.014449529490409879,4443,0.037592411772911144,0.43682783414069404
2024-05-31,1,-0.0008964728430554548,4443,0.037592411772911144,0.43682783414069404
2024-06-03,1,-0.00730740648996777,4443,0.037592411772911144,0.43682783414069404
2024-06-04,1,0.025270161373638852,4443,0.037592411772911144,0.43682783414069404
2024-06-05,1,0.014477766287487025,4443,0.037592411772911144,0.43682783414069404
2024-06-06,1,0.011351054913444307,4443,0.037592411772911144,0.43682783414069404
2024-06-07,1,0.023973489359498733,4443,0.037592411772911144,0.43682783414069404
2024-06-10,1,-0.0023442524324212093,4443,0.037592411772911144,0.43682783414069404
2024-06-11,1,0.014498774458892433,4443,0.037592411772911144,0.43682783414069404
2024-06-12,1,0.01566967860002281,4443,0.037592411772911144,0.43682783414069404
2024-06-13,1,0.048623681418138755,4443,0.037592411772911144,0.43682783414069404
2024-06-14,1,0.04821497360722135,4443,0.037592411772911144,0.43682783414069404
2024-06-17,1,0.05262060626276953,4443,0.037592411772911144,0.43682783414069404
2024-06-18,1,0.048808741116433456,4443,0.037592411772911144,0.43682783414069404
2024-06-19,1,0.047000062694614556,4443,0.037592411772911144,0.43682783414069404
2024-06-20,1,0.06088647699112265,4443,0.037592411772911144,0.43682783414069404
2024-06-21,1,0.0539200301299354,4443,0.037592411772911144,0.43682783414069404
2024-06-24,1,0.06630383588884814,4443,0.037592411772911144,0.43682783414069404
2024-06-25,1,0.0932038428532558,4443,0.037592411772911144,0.43682783414069404
2024-06-26,1,0.09277034028700924,4443,0.037592411772911144,0.43682783414069404
2024-06-27,1,0.08585065628336372,4443,0.037592411772911144,0.43682783414069404
2024-06-28,1,0.08603534323111206,4443,0.037592411772911144,0.43682783414069404
2024-07-01,1,0.0649068128098396,4443,0.037592411772911144,0.43682783414069404
2024-07-02,1,0.08550154772860369,4443,0.037592411772911144,0.43682783414069404
2024-07-03,1,0.08539939142346253,4443,0.037592411772911144,0.43682783414069404
2024-07-04,1,0.08788623411930774,4443,0.037592411772911144,0.43682783414069404
2024-07-05,1,0.11543287327478043,4443,0.037592411772911144,0.43682783414069404
2024-07-08,1,0.12179420186861192,4443,0.037592411772911144,0.43682783414069404
2024-07-09,1,0.12299967639905224,4443,0.037592411772911144,0.43682783414069404
2024-07-10,1,0.11385288146181477,4443,0.037592411772911144,0.43682783414069404
2024-07-11,1,0.07716574654435271,4443,0.06451394530192256,0.3929559480740583
2024-07-12,1,0.3168605549773825,4443,0.06451394530192256,0.3929559480740583
2024-07-16,0,0.4187741105872268,4443,0.06451394530192256,0.3929559480740583
2024-07-17,0,0.4293222291847749,4443,0.06451394530192256,0.3929559480740583
2024-07-18,0,0.3477472422879242,4443,0.06451394530192256,0.3929559480740583
2024-07-19,0,0.35285470221303983,4443,0.06451394530192256,0.3929559480740583
2024-07-22,1,0.36032053869402136,4443,0.06451394530192256,0.3929559480740583
2024-07-23,0,0.35666028820244455,4443,0.06451394530192256,0.3929559480740583
2024-07-24,0,0.35319569068153445,4443,0.06451394530192256,0.3929559480740583
2024-07-25,1,0.29527506100724404,4443,0.06451394530192256,0.3929559480740583
2024-07-26,0,0.29130074091026126,4443,0.06451394530192256,0.3929559480740583
2024-07-29,0,0.31002383925530713,4443,0.06451394530192256,0.3929559480740583
2024-07-30,0,0.2684667762385537,4443,0.06451394530192256,0.3929559480740583
2024-07-31,0,0.2630636010749477,4443,0.06451394530192256,0.3929559480740583
2024-08-01,1,0.20155902004454343,4443,0.06451394530192256,0.3929559480740583
2024-08-02,1,0.08299445471349358,4443,0.06451394530192256,0.3929559480740583
2024-08-05,1,0.026566600672222437,4443,0.06451394530192256,0.3929559480740583
2024-08-06,1,0.11046943321508121,4443,0.06451394530192256,0.3929559480740583
2024-08-07,1,0.08492159888950787,4443,0.06451394530192256,0.3929559480740583
2024-08-08,1,0.1025097561197478,4443,0.06451394530192256,0.3929559480740583
2024-08-09,1,0.1004385805937149,4443,0.06451394530192256,0.3929559480740583
2024-08-13,1,0.09319303691805107,4443,0.06451394530192256,0.3929559480740583
2024-08-14,1,0.09989845708688656,4443,0.06451394530192256,0.3929559480740583
2024-08-15,1,0.08126012730186295,4443,0.06451394530192256,0.3929559480740583
2024-08-16,1,0.08276790570361192,4443,0.06451394530192256,0.3929559480740583
2024-08-19,1,0.06489007328447702,4443,0.06451394530192256,0.3929559480740583
2024-08-20,0,0.10223684559662488,4443,0.06451394530192256,0.3929559480740583
2024-08-21,0,0.09359996476236616,4443,0.06451394530192256,0.3929559480740583
2024-08-22,0,0.12813407115733716,4443,0.06451394530192256,0.3929559480740583
2024-08-23,0,0.1828716419472128,4443,0.06451394530192256,0.3929559480740583
2024-08-26,0,0.2748383074885062,4443,0.06451394530192256,0.3929559480740583
2024-08-27,0,0.25202049730027165,4443,0.06451394530192256,0.3929559480740583
2024-08-28,0,0.19803147588045314,4443,0.06451394530192256,0.3929559480740583
2024-08-29,0,0.13557909772646112,4443,0.06451394530192256,0.3929559480740583
2024-08-30,0,0.11196675947160421,4443,0.06451394530192256,0.3929559480740583
2024-09-02,0,0.12505999141175578,4443,0.06451394530192256,0.3929559480740583
2024-09-03,0,0.09344219694365971,4443,0.06451394530192256,0.3929559480740583
2024-09-04,0,0.09167354906524519,4443,0.06451394530192256,0.3929559480740583
2024-09-05,0,0.14384317369193886,4443,0.06451394530192256,0.3929559480740583
2024-09-06,0,0.1370348981107169,4443,0.06451394530192256,0.3929559480740583
2024-09-09,0,0.14866694566849661,4443,0.06451394530192256,0.3929559480740583
2024-09-10,0,0.1487705152165574,4443,0.06451394530192256,0.3929559480740583
2024-09-11,0,0.12538365351824493,4443,0.06451394530192256,0.3929559480740583
2024-09-12,0,0.12341580439576422,4443,0.06451394530192256,0.3929559480740583
2024-09-13,1,0.11046820000964362,4443,0.06451394530192256,0.3929559480740583
2024-09-17,1,0.09278515437530004,4443,0.06451394530192256,0.3929559480740583
2024-09-18,1,0.07116409068106343,4443,0.06451394530192256,0.3929559480740583
2024-09-19,1,0.06233844494838166,4443,0.06451394530192256,0.3929559480740583
2024-09-20,1,0.052623264190587514,4443,0.06451394530192256,0.3929559480740583
2024-09-24,1,0.03518299881936245,4443,0.06451394530192256,0.3929559480740583
2024-09-25,1,-0.011152007910783964,4443,0.06451394530192256,0.3929559480740583
2024-09-26,1,0.0021435388731556675,4443,0.06451394530192256,0.3929559480740583
2024-09-27,1,0.031822715372148085,4443,0.06451394530192256,0.3929559480740583
2024-09-30,1,0.0014368374043727164,4443,0.06451394530192256,0.3929559480740583
2024-10-01,1,-0.010034377032425861,4443,0.06451394530192256,0.3929559480740583
2024-10-02,1,-0.07188774879465938,4443,0.06451394530192256,0.3929559480740583
2024-10-03,1,-0.04798618392647866,4443,0.06451394530192256,0.3929559480740583
2024-10-04,0,-0.019986311798768034,4443,0.06451394530192256,0.3929559480740583
2024-10-07,0,-0.009800763815396024,4443,0.06451394530192256,0.3929559480740583
2024-10-08,0,-0.010789854019622184,4443,0.06451394530192256,0.3929559480740583
2024-10-09,0,0.017917542736995983,4443,0.06451394530192256,0.3929559480740583
2024-10-10,1,0.005040430035480959,4443,0.06451394530192256,0.3929559480740583
2024-10-11,1,0.01717385672706213,4443,-0.025251153950583763,0.38316687473990846
2024-10-15,1,-0.008355270687879135,4443,-0.025251153950583763,0.38316687473990846
2024-10-16,1,-0.02490434623227251,4443,-0.025251153950583763,0.38316687473990846
2024-10-17,1,-0.0026443299756967174,4443,-0.025251153950583763,0.38316687473990846
2024-10-18,1,0.07586523034609213,4443,-0.025251153950583763,0.38316687473990846
2024-10-21,1,0.06120453208443806,4443,-0.025251153950583763,0.38316687473990846
2024-10-22,1,0.04510921903422559,4443,-0.025251153950583763,0.38316687473990846
2024-10-23,1,0.03854618817631592,4443,-0.025251153950583763,0.38316687473990846
2024-10-24,1,0.009182027385530568,4443,-0.025251153950583763,0.38316687473990846
2024-10-25,1,-0.03289534135808137,4443,-0.025251153950583763,0.38316687473990846
2024-10-28,1,-0.001509381919596667,4443,-0.025251153950583763,0.38316687473990846
2024-10-29,1,0.02129029291396523,4443,-0.025251153950583763,0.38316687473990846
2024-10-30,1,0.004528423327126823,4443,-0.025251153950583763,0.38316687473990846
2024-10-31,1,0.03341513198633117,4443,-0.025251153950583763,0.38316687473990846
2024-11-01,1,0.01951516999542606,4443,-0.025251153950583763,0.38316687473990846
2024-11-05,1,0.025516144497629446,4443,-0.025251153950583763,0.38316687473990846
2024-11-06,1,0.05612314605377003,4443,-0.025251153950583763,0.38316687473990846
2024-11-07,1,-0.01554325574342248,4443,-0.025251153950583763,0.38316687473990846
2024-11-08,1,0.03611102703029935,4443,-0.025251153950583763,0.38316687473990846
2024-11-11,1,0.03227170768917052,4443,-0.025251153950583763,0.38316687473990846
2024-11-12,1,-0.0238675550659131,4443,-0.025251153950583763,0.38316687473990846
2024-11-13,1,-0.040050666505820606,4443,-0.025251153950583763,0.38316687473990846
2024-11-14,1,-0.04787739047877394,4443,-0.025251153950583763,0.38316687473990846
2024-11-15,1,-0.08290331085916601,4443,-0.025251153950583763,0.38316687473990846
2024-11-18,1,-0.10172328011217155,4443,-0.025251153950583763,0.38316687473990846
2024-11-19,1,-0.10918651407361585,4443,-0.025251153950583763,0.38316687473990846
2024-11-20,1,-0.1048767222625091,4443,-0.025251153950583763,0.38316687473990846
2024-11-21,1,-0.10562335342034339,4443,-0.025251153950583763,0.38316687473990846
2024-11-22,1,-0.08122806751029205,4443,-0.025251153950583763,0.38316687473990846
2024-11-25,1,-0.08060165500845799,4443,-0.025251153950583763,0.38316687473990846
2024-11-26,1,-0.07019017795768726,4443,-0.025251153950583763,0.38316687473990846
2024-11-27,0,-0.05614059237846143,4443,-0.025251153950583763,0.38316687473990846
2024-11-28,1,-0.056987996080352744,4443,-0.025251153950583763,0.38316687473990846
2024-11-29,0,-0.03084173020190804,4443,-0.025251153950583763,0.38316687473990846
2024-12-02,0,-0.01813499302500271,4443,-0.025251153950583763,0.38316687473990846
2024-12-03,0,-0.0028592673223306617,4443,-0.025251153950583763,0.38316687473990846
2024-12-04,0,0.002662410901306639,4443,-0.025251153950583763,0.38316687473990846
2024-12-05,0,0.0008601622020152931,4443,-0.025251153950583763,0.38316687473990846
2024-12-06,0,-0.005160307926571384,4443,-0.025251153950583763,0.38316687473990846
2024-12-09,0,0.036712075733087046,4443,-0.025251153950583763,0.38316687473990846
2024-12-10,0,0.05720157956723548,4443,-0.025251153950583763,0.38316687473990846
2024-12-11,0,0.042911712155751396,4443,-0.025251153950583763,0.38316687473990846
2024-12-12,0,0.09274811216910035,4443,-0.025251153950583763,0.38316687473990846
2024-12-13,0,0.10242034101658928,4443,-0.025251153950583763,0.38316687473990846
2024-12-16,0,0.10162785873965773,4443,-0.025251153950583763,0.38316687473990846
2024-12-17,0,0.1296618683518287,4443,-0.025251153950583763,0.38316687473990846
2024-12-18,0,0.11456530727882516,4443,-0.025251153950583763,0.38316687473990846
2024-12-19,0,0.10401871373640233,4443,-0.025251153950583763,0.38316687473990846
2024-12-20,0,0.09154983294939661,4443,-0.025251153950583763,0.38316687473990846
2024-12-23,0,0.0872296201548616,4443,-0.025251153950583763,0.38316687473990846
2024-12-24,0,0.07011659479316408,4443,-0.025251153950583763,0.38316687473990846
2024-12-25,0,0.04345051321597614,4443,-0.025251153950583763,0.38316687473990846
2024-12-26,0,0.033697632058287796,4443,-0.025251153950583763,0.38316687473990846
2024-12-27,0,0.05704659878108801,4443,-0.025251153950583763,0.38316687473990846
2024-12-30,0,0.040643279273287834,4443,-0.025251153950583763,0.38316687473990846
2025-01-06,0,-0.03734101163080686,4443,-0.025251153950583763,0.38316687473990846
2025-01-07,0,-0.03489875053856088,4443,-0.025251153950583763,0.38316687473990846
2025-01-08,0,-0.031124080527983,4443,-0.025251153950583763,0.38316687473990846
2025-01-09,0,-0.0023365015992559903,4443,-0.025251153950583763,0.38316687473990846
2025-01-10,0,0.10721994958262271,4443,-0.025251153950583763,0.38316687473990846
2025-01-14,0,0.10760328212237896,4443,0.02039775624681285,0.40372638838849145
2025-01-15,0,0.058706677301389024,4443,0.02039775624681285,0.40372638838849145
2025-01-16,0,-0.0006391698311838998,4443,0.02039775624681285,0.40372638838849145
2025-01-17,0,0.00970319205706178,4443,0.02039775624681285,0.40372638838849145
2025-01-20,0,0.0721370604147881,4443,0.02039775624681285,0.40372638838849145
2025-01-21,0,0.05037754987039333,4443,0.02039775624681285,0.40372638838849145
2025-01-22,0,0.03624685422379139,4443,0.02039775624681285,0.40372638838849145
2025-01-23,0,0.03996755733789925,4443,0.02039775624681285,0.40372638838849145
2025-01-24,0,0.06035375129393758,4443,0.02039775624681285,0.40372638838849145
2025-01-27,0,0.0711558902345914,4443,0.02039775624681285,0.40372638838849145
2025-01-28,0,0.09058309364610967,4443,0.02039775624681285,0.40372638838849145
2025-01-29,0,0.12881825906766647,4443,0.02039775624681285,0.40372638838849145
2025-01-30,0,0.11064836161889606,4443,0.02039775624681285,0.40372638838849145
2025-01-31,0,0.08727134995432564,4443,0.02039775624681285,0.40372638838849145
2025-02-03,0,0.07683180065262527,4443,0.02039775624681285,0.40372638838849145
2025-02-04,0,0.08068075777998308,4443,0.02039775624681285,0.40372638838849145
2025-02-05,0,0.08718813815146946,4443,0.02039775624681285,0.40372638838849145
2025-02-06,0,0.10012105465174641,4443,0.02039775624681285,0.40372638838849145
2025-02-07,0,0.10152190735895648,4443,0.02039775624681285,0.40372638838849145
2025-02-10,0,0.08635651041091665,4443,0.02039775624681285,0.40372638838849145
2025-02-12,0,0.09301574248120295,4443,0.02039775624681285,0.40372638838849145
2025-02-13,0,0.09445595741097375,4443,0.02039775624681285,0.40372638838849145
2025-02-14,0,0.09869088731993311,4443,0.02039775624681285,0.40372638838849145
2025-02-17,0,0.0914329787388856,4443,0.02039775624681285,0.40372638838849145
2025-02-18,0,0.06985142161021567,4443,0.02039775624681285,0.40372638838849145
2025-02-19,0,0.031543483447443205,4443,0.02039775624681285,0.40372638838849145
2025-02-20,0,0.03152234244235075,4443,0.02039775624681285,0.40372638838849145
2025-02-21,0,0.009360307121597643,4443,0.02039775624681285,0.40372638838849145
2025-02-25,0,-0.018383777500322822,4443,0.02039775624681285,0.40372638838849145
2025-02-26,0,-0.0536860811740427,4443,0.02039775624681285,0.40372638838849145
2025-02-27,0,-0.08487465360572283,4443,0.02039775624681285,0.40372638838849145
2025-02-28,0,-0.12047148800870787,4443,0.02039775624681285,0.40372638838849145
2025-03-03,0,-0.08700506742248558,4443,0.02039775624681285,0.40372638838849145
2025-03-04,0,-0.10488789622884626,4443,0.02039775624681285,0.40372638838849145
2025-03-05,1,-0.12912030834700497,4443,0.02039775624681285,0.40372638838849145
2025-03-06,1,-0.13162594220880275,4443,0.02039775624681285,0.40372638838849145
2025-03-07,1,-0.14294332251299868,4443,0.02039775624681285,0.40372638838849145
2025-03-10,1,-0.1422407593844383,4443,0.02039775624681285,0.40372638838849145
2025-03-11,1,-0.15909254591285554,4443,0.02039775624681285,0.40372638838849145
2025-03-12,1,-0.15300842228332645,4443,0.02039775624681285,0.40372638838849145
2025-03-13,1,-0.1449776478928256,4443,0.02039775624681285,0.40372638838849145
2025-03-14,1,-0.1556341806475937,4443,0.02039775624681285,0.40372638838849145
2025-03-17,1,-0.14012113632562842,4443,0.02039775624681285,0.40372638838849145
2025-03-18,1,-0.12887488788256662,4443,0.02039775624681285,0.40372638838849145
2025-03-19,1,-0.11725348250521005,4443,0.02039775624681285,0.40372638838849145
2025-03-21,1,-0.1152519991196538,4443,0.02039775624681285,0.40372638838849145
2025-03-24,1,-0.10123602118893472,4443,0.02039775624681285,0.40372638838849145
2025-03-25,1,-0.09703215716361867,4443,0.02039775624681285,0.40372638838849145
2025-03-26,1,-0.09691353002522128,4443,0.02039775624681285,0.40372638838849145
2025-03-27,1,-0.09285046936868792,4443,0.02039775624681285,0.40372638838849145
2025-03-28,1,-0.11275333442374326,4443,0.02039775624681285,0.40372638838849145
2025-03-31,1,-0.14382208438019556,4443,0.02039775624681285,0.40372638838849145
2025-04-01,1,-0.18401543997187284,4443,0.02039775624681285,0.40372638838849145
2025-04-02,1,-0.14714137760232962,4443,0.02039775624681285,0.40372638838849145
2025-04-03,1,-0.15347261434217957,4443,0.02039775624681285,0.40372638838849145
2025-04-04,1,-0.17419977966587696,4443,0.02039775624681285,0.40372638838849145
2025-04-07,1,-0.24982392899605446,4443,0.02039775624681285,0.40372638838849145
2025-04-08,1,-0.20340875430081798,4443,0.02039775624681285,0.40372638838849145
2025-04-09,1,-0.16955491738968143,4443,0.02039775624681285,0.40372638838849145
2025-04-10,1,-0.1103668188387512,4443,0.02039775624681285,0.40372638838849145
2025-04-11,1,-0.10642315930079922,4443,0.09842245679155551,0.4322928419205215
2025-04-14,1,-0.11091942514748693,4443,0.09842245679155551,0.4322928419205215
2025-04-15,1,-0.09295757257728467,4443,0.09842245679155551,0.4322928419205215
2025-04-16,1,-0.12620232300799353,4443,0.09842245679155551,0.4322928419205215
2025-04-17,0,-0.10263478726791274,4443,0.09842245679155551,0.4322928419205215
2025-04-18,0,-0.09888997078870503,4443,0.09842245679155551,0.4322928419205215
2025-04-21,1,-0.0819697738899519,4443,0.09842245679155551,0.4322928419205215
2025-04-22,1,-0.08408784736363924,4443,0.09842245679155551,0.4322928419205215
2025-04-23,1,-0.09090909090909098,4443,0.09842245679155551,0.4322928419205215
2025-04-24,1,-0.10348146453450308,4443,0.09842245679155551,0.4322928419205215
2025-04-25,1,-0.08748138525395263,4443,0.09842245679155551,0.4322928419205215
2025-04-28,0,-0.03986256482041166,4443,0.09842245679155551,0.4322928419205215
2025-04-30,0,-0.06638656133428131,4443,0.09842245679155551,0.4322928419205215
2025-05-01,0,-0.0489705599384261,4443,0.09842245679155551,0.4322928419205215
2025-05-02,0,-0.05983662629270445,4443,0.09842245679155551,0.4322928419205215
2025-05-07,0,-0.03802662186611529,4443,0.09842245679155551,0.4322928419205215
2025-05-08,0,-0.010008509258884144,4443,0.09842245679155551,0.4322928419205215
2025-05-09,0,-0.003521670882369701,4443,0.09842245679155551,0.4322928419205215
2025-05-12,0,-0.02058614579335461,4443,0.09842245679155551,0.4322928419205215
2025-05-13,0,0.0029416343687777135,4443,0.09842245679155551,0.4322928419205215
2025-05-14,0,0.0017271157167530224,4443,0.09842245679155551,0.4322928419205215
2025-05-15,0,0.02014707945757231,4443,0.09842245679155551,0.4322928419205215
2025-05-16,0,0.027841516248477863,4443,0.09842245679155551,0.4322928419205215
2025-05-19,0,0.022707430842527992,4443,0.09842245679155551,0.4322928419205215
2025-05-20,0,-0.01122019635343623,4443,0.09842245679155551,0.4322928419205215
2025-05-21,0,-0.08508354022679994,4443,0.09842245679155551,0.4322928419205215
2025-05-22,0,-0.05831409748782661,4443,0.09842245679155551,0.4322928419205215
2025-05-23,0,-0.05351569438453147,4443,0.09842245679155551,0.4322928419205215
2025-05-26,0,-0.0396578208142032,4443,0.09842245679155551,0.4322928419205215
2025-05-27,0,-0.02302077484559232,4443,0.09842245679155551,0.4322928419205215
2025-05-28,0,-0.03178784236503598,4443,0.09842245679155551,0.4322928419205215
2025-05-29,0,-0.030515129529256075,4443,0.09842245679155551,0.4322928419205215
2025-05-30,0,0.03344867358708189,4443,0.09842245679155551,0.4322928419205215
2025-06-02,0,0.016401292948641222,4443,0.09842245679155551,0.4322928419205215
2025-06-03,0,0.06619941023120642,4443,0.09842245679155551,0.4322928419205215
2025-06-04,0,0.05960151737808003,4443,0.09842245679155551,0.4322928419205215
2025-06-05,0,0.07097126662455394,4443,0.09842245679155551,0.4322928419205215
2025-06-06,0,0.049416422087229524,4443,0.09842245679155551,0.4322928419205215
2025-06-09,0,0.06657122405153904,4443,0.09842245679155551,0.4322928419205215
2025-06-10,0,0.06539096681931934,4443,0.09842245679155551,0.4322928419205215
2025-06-11,0,0.07937155682513768,4443,0.09842245679155551,0.4322928419205215
2025-06-12,0,0.07476675184433708,4443,0.09842245679155551,0.4322928419205215
2025-06-13,0,0.03700184118310866,4443,0.09842245679155551,0.4322928419205215
2025-06-16,0,0.0350969449203576,4443,0.09842245679155551,0.4322928419205215
2025-06-17,0,0.0404036121592403,4443,0.09842245679155551,0.4322928419205215
2025-06-18,0,0.07755516963869706,4443,0.09842245679155551,0.4322928419205215
2025-06-19,0,0.09573738861103351,4443,0.09842245679155551,0.4322928419205215
2025-06-20,0,0.0911581190077614,4443,0.09842245679155551,0.4322928419205215
2025-06-23,0,0.08013584064068117,4443,0.09842245679155551,0.4322928419205215
2025-06-24,0,0.11458869382555664,4443,0.09842245679155551,0.4322928419205215
2025-06-25,0,0.09473187661101475,4443,0.09842245679155551,0.4322928419205215
2025-06-26,0,0.08448928121059268,4443,0.09842245679155551,0.4322928419205215
2025-06-27,0,0.07455478418351949,4443,0.09842245679155551,0.4322928419205215
2025-06-30,0,0.07237888042841607,4443,0.09842245679155551,0.4322928419205215
2025-07-01,0,0.05477655940738758,4443,0.09842245679155551,0.4322928419205215
2025-07-02,0,0.037077780833562564,4443,0.09842245679155551,0.4322928419205215
2025-07-03,0,0.014820229946168679,4443,0.09842245679155551,0.4322928419205215
2025-07-04,0,0.019730027593864746,4443,0.09842245679155551,0.4322928419205215
2025-07-07,0,0.026048127015628877,4443,0.09842245679155551,0.4322928419205215
2025-07-08,0,0.022031672077519788,4443,0.09842245679155551,0.4322928419205215
2025-07-09,0,0.014674567933840697,4443,0.09842245679155551,0.4322928419205215
2025-07-10,0,0.0014678959608121409,4443,0.09842245679155551,0.4322928419205215
2025-07-11,0,-0.005877358568331558,4443,0.09842245679155551,0.4322928419205215
2025-07-14,0,-0.026367163367682266,4443,0.026433915211970076,0.33427809269756587
2025-07-15,0,-0.06124870235800093,4443,0.026433915211970076,0.33427809269756587
2025-07-16,0,-0.062484547807024726,4443,0.026433915211970076,0.33427809269756587
2025-07-17,0,-0.011393687748696254,4443,0.026433915211970076,0.33427809269756587
2025-07-18,0,-0.031253603967247155,4443,0.026433915211970076,0.33427809269756587
2025-07-22,0,-0.02567565341985212,4443,0.026433915211970076,0.33427809269756587
2025-07-23,0,-0.03601764667149539,4443,0.026433915211970076,0.33427809269756587
2025-07-24,0,-0.03238546603475509,4443,0.026433915211970076,0.33427809269756587
2025-07-25,0,-0.050442171829455026,4443,0.026433915211970076,0.33427809269756587
2023-08-01,0,,,,
2023-08-02,0,,,,
2023-08-03,0,,,,
2023-08-04,0,,,,
2023-08-07,0,,,,
2023-08-08,0,,,,
2023-08-09,0,,,,
2023-08-10,0,,,,
2023-08-14,0,,,,
2023-08-15,0,,,,
2023-08-16,0,,,,
2023-08-17,0,,,,
2023-08-18,0,,,,
2023-08-21,0,,,,
2023-08-22,0,,,,
2023-08-23,0,,,,
2023-08-24,0,,,,
2023-08-25,0,,,,
2023-08-28,1,,,,
2023-08-29,0,,,,
2023-08-30,0,,,,
2023-08-31,0,,,,
2023-09-01,0,,,,
2023-09-04,0,,,,
2023-09-05,0,,,,
2023-09-06,0,,,,
2023-09-07,0,,,,
2023-09-08,0,,,,
2023-09-11,0,,,,
2023-09-12,0,,,,
2023-09-13,0,,,,
2023-09-14,0,,,,
2023-09-15,0,,,,
2023-09-19,0,,,,
2023-09-20,1,,,,
2023-09-21,1,,,,
2023-09-22,1,,,,
2023-09-25,1,,,,
2023-09-26,1,,,,
2023-09-27,1,,,,
2023-09-28,1,,,,
2023-09-29,1,,,,
2023-10-02,1,,,,
2023-10-03,1,,,,
2023-10-04,1,,,,
2023-10-05,1,,,,
2023-10-06,1,,,,
2023-10-10,1,,,,
2023-10-11,1,,,,
2023-10-12,1,,,,
2023-10-13,1,,,,
2023-10-16,1,,,,
2023-10-17,1,,,,
2023-10-18,1,,,,
2023-10-19,1,,,,
2023-10-20,1,,,,
2023-10-23,1,,,,
2023-10-24,1,,,,
2023-10-25,1,,,,
2023-10-26,1,-0.09658059221157739,,,
2023-10-27,1,-0.08879674895753338,,,
2023-10-30,1,-0.08726243715698498,,,
2023-10-31,1,-0.06513216437037196,,,
2023-11-01,1,-0.04156084593292348,4751,0.02299157866595375,0.48534613018127937
2023-11-02,1,0.02619244227147698,4751,0.02299157866595375,0.48534613018127937
2023-11-06,1,0.0007969264805585135,4751,0.02299157866595375,0.48534613018127937
2023-11-07,1,-0.005688756515264307,4751,0.02299157866595375,0.48534613018127937
2023-11-08,1,-0.020245943053560884,4751,0.02299157866595375,0.48534613018127937
2023-11-09,1,-0.023306153119412903,4751,0.02299157866595375,0.48534613018127937
2023-11-10,1,-0.028684964605569185,4751,0.02299157866595375,0.48534613018127937
2023-11-13,1,-0.038493864515044614,4751,0.02299157866595375,0.48534613018127937
2023-11-14,1,-0.026592291601548284,4751,0.02299157866595375,0.48534613018127937
2023-11-15,1,0.029084836955323268,4751,0.02299157866595375,0.48534613018127937
2023-11-16,1,0.001812390488863728,4751,0.02299157866595375,0.48534613018127937
2023-11-17,1,-0.011581397405541888,4751,0.02299157866595375,0.48534613018127937
2023-11-20,1,-0.009477852116505378,4751,0.02299157866595375,0.48534613018127937
2023-11-21,1,0.02477538796624016,4751,0.02299157866595375,0.48534613018127937
2023-11-22,1,0.0757403683030987,4751,0.02299157866595375,0.48534613018127937
2023-11-24,1,0.1194873955848759,4751,0.02299157866595375,0.48534613018127937
2023-11-27,1,0.0774390391553865,4751,0.02299157866595375,0.48534613018127937
2023-11-28,1,0.09334162785342949,4751,0.02299157866595375,0.48534613018127937
2023-11-29,1,0.08950690263555183,4751,0.02299157866595375,0.48534613018127937
2023-11-30,1,0.08558519384438648,4751,0.02299157866595375,0.48534613018127937
2023-12-01,1,0.052951251806950886,4751,0.02299157866595375,0.48534613018127937
2023-12-04,1,0.017351309257276484,4751,0.02299157866595375,0.48534613018127937
2023-12-05,1,0.046384811761623686,4751,0.02299157866595375,0.48534613018127937
2023-12-06,1,0.04955379019090746,4751,0.02299157866595375,0.48534613018127937
2023-12-07,1,0.0034975919720192754,4751,0.02299157866595375,0.48534613018127937
2023-12-08,1,-0.0027301544644438777,4751,0.02299157866595375,0.48534613018127937
2023-12-11,1,0.0024449877750611247,4751,0.02299157866595375,0.48534613018127937
2023-12-12,1,0.0052646817742507115,4751,0.02299157866595375,0.48534613018127937
2023-12-13,1,-0.006999571454808926,4751,0.02299157866595375,0.48534613018127937
2023-12-14,1,-0.004021247873476819,4751,0.02299157866595375,0.48534613018127937
2023-12-15,1,-0.016600460987690465,4751,0.02299157866595375,0.48534613018127937
2023-12-18,1,0.02965265664764433,4751,0.02299157866595375,0.48534613018127937
2023-12-19,1,0.058955972687893037,4751,0.02299157866595375,0.48534613018127937
2023-12-20,1,0.05652306752215093,4751,0.02299157866595375,0.48534613018127937
2023-12-21,1,0.05780226846331352,4751,0.02299157866595375,0.48534613018127937
2023-12-22,1,0.029172282976634212,4751,0.02299157866595375,0.48534613018127937
2023-12-25,1,0.019149692690608063,4751,0.02299157866595375,0.48534613018127937
2023-12-26,1,0.007271354274508743,4751,0.02299157866595375,0.48534613018127937
2023-12-27,1,0.03293221889368683,4751,0.02299157866595375,0.48534613018127937
2023-12-28,1,0.041138291752084354,4751,0.02299157866595375,0.48534613018127937
2023-12-29,1,0.07346437147777721,4751,0.02299157866595375,0.48534613018127937
2024-01-04,1,0.07782909464937586,4751,0.02299157866595375,0.48534613018127937
2024-01-05,1,0.07307608704402933,4751,0.02299157866595375,0.48534613018127937
2024-01-09,1,0.10212193604079252,4751,0.02299157866595375,0.48534613018127937
2024-01-10,1,0.08713413754986286,4751,0.02299157866595375,0.48534613018127937
2024-01-11,1,0.10769120218448341,4751,0.02299157866595375,0.48534613018127937
2024-01-12,1,0.09298583786022659,4751,0.02299157866595375,0.48534613018127937
2024-01-15,1,0.06367380511035477,4751,0.02299157866595375,0.48534613018127937
2024-01-16,1,0.04517970778898957,4751,0.02299157866595375,0.48534613018127937
2024-01-17,1,0.0786954097310379,4751,0.02299157866595375,0.48534613018127937
2024-01-18,1,0.0769464426249879,4751,0.02299157866595375,0.48534613018127937
2024-01-19,1,0.08567482870345786,4751,0.02299157866595375,0.48534613018127937
2024-01-22,1,0.09882954688088352,4751,0.02299157866595375,0.48534613018127937
2024-01-23,1,0.09122906502674005,4751,0.02299157866595375,0.48534613018127937
2024-01-24,1,0.08819445527871819,4751,0.02299157866595375,0.48534613018127937
2024-01-25,1,0.10676485912699953,4751,0.02299157866595375,0.48534613018127937
2024-01-26,1,0.10575563261589713,4751,0.02299157866595375,0.48534613018127937
2024-01-29,1,0.09023921153653068,4751,0.02299157866595375,0.48534613018127937
2024-01-30,1,0.09815377154799153,4751,0.02299157866595375,0.48534613018127937
2024-01-31,1,0.10085513367937651,4751,-0.002126950079760628,0.4734862305064639
2024-02-01,0,0.14050127009065505,4751,-0.002126950079760628,0.4734862305064639
2024-02-02,0,0.16738190881996476,4751,-0.002126950079760628,0.4734862305064639
2024-02-05,0,0.20025052667539717,4751,-0.002126950079760628,0.4734862305064639
2024-02-06,0,0.173036053274442,4751,-0.002126950079760628,0.4734862305064639
2024-02-07,0,0.15613904559196085,4751,-0.002126950079760628,0.4734862305064639
2024-02-08,0,0.14227701015044567,4751,-0.002126950079760628,0.4734862305064639
2024-02-09,0,0.13297287595629623,4751,-0.002126950079760628,0.4734862305064639
2024-02-13,0,0.1592411698135683,4751,-0.002126950079760628,0.4734862305064639
2024-02-14,0,0.14560914707730618,4751,-0.002126950079760628,0.4734862305064639
2024-02-15,1,0.1576827871577936,4751,-0.002126950079760628,0.4734862305064639
2024-02-16,0,0.1894056833290117,4751,-0.002126950079760628,0.4734862305064639
2024-02-19,0,0.17462932454695224,4751,-0.002126950079760628,0.4734862305064639
2024-02-20,0,0.15051683943254293,4751,-0.002126950079760628,0.4734862305064639
2024-02-21,0,0.14783480331003518,4751,-0.002126950079760628,0.4734862305064639
2024-02-22,0,0.11829390444691172,4751,-0.002126950079760628,0.4734862305064639
2024-02-26,0,0.11726389664766583,4751,-0.002126950079760628,0.4734862305064639
2024-02-27,0,0.09585235666882523,4751,-0.002126950079760628,0.4734862305064639
2024-02-28,0,0.15247445690000913,4751,-0.002126950079760628,0.4734862305064639
2024-02-29,0,0.13049981974419803,4751,-0.002126950079760628,0.4734862305064639
2024-03-01,0,0.11839574966682462,4751,-0.002126950079760628,0.4734862305064639
2024-03-04,0,0.14848499430569578,4751,-0.002126950079760628,0.4734862305064639
2024-03-05,0,0.11123738360241195,4751,-0.002126950079760628,0.4734862305064639
2024-03-06,0,0.1138659856758321,4751,-0.002126950079760628,0.4734862305064639
2024-03-07,0,0.1309257228297474,4751,-0.002126950079760628,0.4734862305064639
2024-03-08,0,0.10120553026471067,4751,-0.002126950079760628,0.4734862305064639
2024-03-11,0,0.08907305449564097,4751,-0.002126950079760628,0.4734862305064639
2024-03-12,0,0.10188229513509549,4751,-0.002126950079760628,0.4734862305064639
2024-03-13,0,0.08005832523260659,4751,-0.002126950079760628,0.4734862305064639
2024-03-14,0,0.08500596442093257,4751,-0.002126950079760628,0.4734862305064639
2024-03-15,0,0.06847248390574558,4751,-0.002126950079760628,0.4734862305064639
2024-03-18,0,0.093525771923237,4751,-0.002126950079760628,0.4734862305064639
2024-03-19,0,0.10596198373073056,4751,-0.002126950079760628,0.4734862305064639
2024-03-21,0,0.12947658402203854,4751,-0.002126950079760628,0.4734862305064639
2024-03-22,0,0.1288260446213115,4751,-0.002126950079760628,0.4734862305064639
2024-03-25,0,0.12019779704552452,4751,-0.002126950079760628,0.4734862305064639
2024-03-26,0,0.1196942960902202,4751,-0.002126950079760628,0.4734862305064639
2024-03-27,0,0.10666506207754178,4751,-0.002126950079760628,0.4734862305064639
2024-03-28,0,0.09618398852567583,4751,-0.002126950079760628,0.4734862305064639
2024-03-29,0,0.11848893850381183,4751,-0.002126950079760628,0.4734862305064639
2024-04-01,0,0.07952483088599245,4751,-0.002126950079760628,0.4734862305064639
2024-04-02,0,0.05697917129280101,4751,-0.002126950079760628,0.4734862305064639
2024-04-03,0,0.03354594849988181,4751,-0.002126950079760628,0.4734862305064639
2024-04-04,0,0.04046356250797516,4751,-0.002126950079760628,0.4734862305064639
2024-04-05,0,0.030301843182574912,4751,-0.002126950079760628,0.4734862305064639
2024-04-08,0,0.0364735801809839,4751,-0.002126950079760628,0.4734862305064639
2024-04-09,0,0.06386260714535079,4751,-0.002126950079760628,0.4734862305064639
2024-04-10,0,0.03216860697734295,4751,-0.002126950079760628,0.4734862305064639
2024-04-11,0,0.028386438093268768,4751,-0.002126950079760628,0.4734862305064639
2024-04-12,0,0.024416879684170216,4751,-0.002126950079760628,0.4734862305064639
2024-04-15,0,0.00961237120692224,4751,-0.002126950079760628,0.4734862305064639
2024-04-16,0,-0.055109009212927884,4751,-0.002126950079760628,0.4734862305064639
2024-04-17,0,-0.036627088590548224,4751,-0.002126950079760628,0.4734862305064639
2024-04-18,0,-0.030108742472013776,4751,-0.002126950079760628,0.4734862305064639
2024-04-19,0,-0.03370053352780881,4751,-0.002126950079760628,0.4734862305064639
2024-04-22,0,-0.011323791458297563,4751,-0.002126950079760628,0.4734862305064639
2024-04-23,0,-0.02251765895451342,4751,-0.002126950079760628,0.4734862305064639
2024-04-24,0,-0.010919701332789748,4751,0.04120430502712568,0.47909759391726275
2024-04-25,0,-0.06735157455058897,4751,0.04120430502712568,0.47909759391726275
2024-04-26,0,-0.018426366078951914,4751,0.04120430502712568,0.47909759391726275
2024-04-30,0,-0.05641309218492268,4751,0.04120430502712568,0.47909759391726275
2024-05-01,0,-0.06319284298658139,4751,0.04120430502712568,0.47909759391726275
2024-05-02,1,-0.10040053277064603,4751,0.04120430502712568,0.47909759391726275
2024-05-07,0,-0.062171411092205496,4751,0.04120430502712568,0.47909759391726275
2024-05-08,1,-0.07513289282928942,4751,0.04120430502712568,0.47909759391726275
2024-05-09,0,-0.06006271993871642,4751,0.04120430502712568,0.47909759391726275
2024-05-10,0,-0.03986591643720819,4751,0.04120430502712568,0.47909759391726275
2024-05-13,0,-0.042107363799640724,4751,0.04120430502712568,0.47909759391726275
2024-05-14,0,-0.014657980456026017,4751,0.04120430502712568,0.47909759391726275
2024-05-15,0,-0.026887172894024508,4751,0.04120430502712568,0.47909759391726275
2024-05-16,0,0.031039739486475454,4751,0.04120430502712568,0.47909759391726275
2024-05-17,0,-0.012268762580274086,4751,0.04120430502712568,0.47909759391726275
2024-05-20,0,-0.003164556962025273,4751,0.04120430502712568,0.47909759391726275
2024-05-21,0,-0.03410772122036074,4751,0.04120430502712568,0.47909759391726275
2024-05-22,0,-0.03621593501140495,4751,0.04120430502712568,0.47909759391726275
2024-05-23,0,-0.01739332282103209,4751,0.04120430502712568,0.47909759391726275
2024-05-24,0,-0.031459936423544006,4751,0.04120430502712568,0.47909759391726275
2024-05-27,1,-0.07131341169079687,4751,0.04120430502712568,0.47909759391726275
2024-05-28,1,-0.06590240402441751,4751,0.04120430502712568,0.47909759391726275
2024-05-29,1,-0.09347020685396727,4751,0.04120430502712568,0.47909759391726275
2024-05-30,1,-0.08236374030742463,4751,0.04120430502712568,0.47909759391726275
2024-05-31,1,-0.08452749806351662,4751,0.04120430502712568,0.47909759391726275
2024-06-03,1,-0.06418291719380899,4751,0.04120430502712568,0.47909759391726275
2024-06-04,1,-0.05555834167821999,4751,0.04120430502712568,0.47909759391726275
2024-06-05,1,-0.05963945716021878,4751,0.04120430502712568,0.47909759391726275
2024-06-06,1,-0.07139101478062738,4751,0.04120430502712568,0.47909759391726275
2024-06-07,1,-0.0692625568142116,4751,0.04120430502712568,0.47909759391726275
2024-06-10,1,-0.06804517030010455,4751,0.04120430502712568,0.47909759391726275
2024-06-11,1,-0.08961361242544691,4751,0.04120430502712568,0.47909759391726275
2024-06-12,1,-0.09330318634498257,4751,0.04120430502712568,0.47909759391726275
2024-06-13,1,-0.06761485494976859,4751,0.04120430502712568,0.47909759391726275
2024-06-14,1,-0.06104655926842462,4751,0.04120430502712568,0.47909759391726275
2024-06-17,1,-0.040315987510219316,4751,0.04120430502712568,0.47909759391726275
2024-06-18,1,-0.045992388079594465,4751,0.04120430502712568,0.47909759391726275
2024-06-19,1,-0.053650553794074976,4751,0.04120430502712568,0.47909759391726275
2024-06-20,1,-0.02278644219087057,4751,0.04120430502712568,0.47909759391726275
2024-06-21,1,-0.034238234490071545,4751,0.04120430502712568,0.47909759391726275
2024-06-24,1,-0.006451377328396091,4751,0.04120430502712568,0.47909759391726275
2024-06-25,1,-0.004892743677088752,4751,0.04120430502712568,0.47909759391726275
2024-06-26,1,-0.003951936982266195,4751,0.04120430502712568,0.47909759391726275
2024-06-27,1,0.0021407702434605744,4751,0.04120430502712568,0.47909759391726275
2024-06-28,1,0.009718013903875562,4751,0.04120430502712568,0.47909759391726275
2024-07-01,1,-0.009193088295783873,4751,0.04120430502712568,0.47909759391726275
2024-07-02,1,-0.015599649732024882,4751,0.04120430502712568,0.47909759391726275
2024-07-03,1,-0.01213459188445719,4751,0.04120430502712568,0.47909759391726275
2024-07-04,1,-0.02430179556271878,4751,0.04120430502712568,0.47909759391726275
2024-07-05,1,-0.02396430590325436,4751,0.04120430502712568,0.47909759391726275
2024-07-08,1,-0.014146206673450987,4751,0.04120430502712568,0.47909759391726275
2024-07-09,1,-0.006645644900872024,4751,0.04120430502712568,0.47909759391726275
2024-07-10,1,-0.027363020122999133,4751,0.04120430502712568,0.47909759391726275
2024-07-11,1,-0.03421074904782063,4751,0.04120430502712568,0.47909759391726275
2024-07-12,1,-0.0055372072906279815,4751,0.04120430502712568,0.47909759391726275
2024-07-16,1,-0.020052239488581407,4751,0.04120430502712568,0.47909759391726275
2024-07-17,1,-0.012997315108616033,4751,0.04120430502712568,0.47909759391726275
2024-07-18,1,-0.017991780129489203,4751,0.04120430502712568,0.47909759391726275
2024-07-19,1,-0.02669597029780318,4751,0.04120430502712568,0.47909759391726275
2024-07-22,1,-0.015161045734744498,4751,0.04120430502712568,0.47909759391726275
2024-07-23,1,-0.009878072856743957,4751,0.04120430502712568,0.47909759391726275
2024-07-24,1,-0.016994567798673175,4751,0.04120430502712568,0.47909759391726275
2024-07-25,1,-0.02754836433184867,4751,0.04120430502712568,0.47909759391726275
2024-07-26,1,-0.03304554317620022,4751,0.04120430502712568,0.47909759391726275
2024-07-29,1,0.0015166740310943937,4751,0.04120430502712568,0.47909759391726275
2024-07-30,1,-0.012181458193706248,4751,0.04120430502712568,0.47909759391726275
2024-07-31,1,-0.010910281866006264,4751,0.06457892095050377,0.49329852080296965
2024-08-01,1,0.027418277033016435,4751,0.06457892095050377,0.49329852080296965
2024-08-02,1,-0.06346318602738127,4751,0.06457892095050377,0.49329852080296965
2024-08-05,1,-0.16702766472212846,4751,0.06457892095050377,0.49329852080296965
2024-08-06,1,-0.09255306737308769,4751,0.06457892095050377,0.49329852080296965
2024-08-07,1,-0.09279967799032925,4751,0.06457892095050377,0.49329852080296965
2024-08-08,1,-0.07874663205200462,4751,0.06457892095050377,0.49329852080296965
2024-08-09,1,-0.08569807626447293,4751,0.06457892095050377,0.49329852080296965
2024-08-13,1,-0.04779565960367272,4751,0.06457892095050377,0.49329852080296965
2024-08-14,1,-0.03334195780030944,4751,0.06457892095050377,0.49329852080296965
2024-08-15,1,-0.003496868113151046,4751,0.06457892095050377,0.49329852080296965
2024-08-16,1,0.003182885468301544,4751,0.06457892095050377,0.49329852080296965
2024-08-19,1,0.013914735902038082,4751,0.06457892095050377,0.49329852080296965
2024-08-20,1,0.027517503221986057,4751,0.06457892095050377,0.49329852080296965
2024-08-21,1,0.026588363521134407,4751,0.06457892095050377,0.49329852080296965
2024-08-22,1,0.048730196017017675,4751,0.06457892095050377,0.49329852080296965
2024-08-23,1,0.049084137034442775,4751,0.06457892095050377,0.49329852080296965
2024-08-26,0,0.07108081791626095,4751,0.06457892095050377,0.49329852080296965
2024-08-27,0,0.07924141181689637,4751,0.06457892095050377,0.49329852080296965
2024-08-28,0,0.0824720858916939,4751,0.06457892095050377,0.49329852080296965
2024-08-29,1,0.0597773931447325,4751,0.06457892095050377,0.49329852080296965
2024-08-30,1,0.04758087089338978,4751,0.06457892095050377,0.49329852080296965
2024-09-02,1,0.04858893587641318,4751,0.06457892095050377,0.49329852080296965
2024-09-03,0,0.10187711899445955,4751,0.06457892095050377,0.49329852080296965
2024-09-04,1,0.06986922100308632,4751,0.06457892095050377,0.49329852080296965
2024-09-05,1,0.08562796127171599,4751,0.06457892095050377,0.49329852080296965
2024-09-06,1,0.061523830738782925,4751,0.06457892095050377,0.49329852080296965
2024-09-09,1,0.04892771144133858,4751,0.06457892095050377,0.49329852080296965
2024-09-10,1,0.0683855620986292,4751,0.06457892095050377,0.49329852080296965
2024-09-11,1,0.058599391574224786,4751,0.06457892095050377,0.49329852080296965
2024-09-12,1,0.0825026930471659,4751,0.06457892095050377,0.49329852080296965
2024-09-13,1,0.04600978931687589,4751,0.06457892095050377,0.49329852080296965
2024-09-17,1,0.04532106532916395,4751,0.06457892095050377,0.49329852080296965
2024-09-18,1,0.03937698580674118,4751,0.06457892095050377,0.49329852080296965
2024-09-19,1,0.06854410653169028,4751,0.06457892095050377,0.49329852080296965
2024-09-20,1,0.06812114876480459,4751,0.06457892095050377,0.49329852080296965
2024-09-24,1,0.05117659529361879,4751,0.06457892095050377,0.49329852080296965
2024-09-25,1,0.04560981191567994,4751,0.06457892095050377,0.49329852080296965
2024-09-26,1,0.05523551338529316,4751,0.06457892095050377,0.49329852080296965
2024-09-27,1,0.0538362177691176,4751,0.06457892095050377,0.49329852080296965
2024-09-30,1,0.03485903281198457,4751,0.06457892095050377,0.49329852080296965
2024-10-01,1,0.036698659155729604,4751,0.06457892095050377,0.49329852080296965
2024-10-02,1,0.0074643891013498696,4751,0.06457892095050377,0.49329852080296965
2024-10-03,1,0.0203599124537275,4751,0.06457892095050377,0.49329852080296965
2024-10-04,1,0.025784696601982744,4751,0.06457892095050377,0.49329852080296965
2024-10-07,1,0.025236193975092674,4751,0.06457892095050377,0.49329852080296965
2024-10-08,1,0.01585728444003971,4751,0.06457892095050377,0.49329852080296965
2024-10-09,1,0.039762455435145005,4751,0.06457892095050377,0.49329852080296965
2024-10-10,1,0.044830334890572886,4751,0.06457892095050377,0.49329852080296965
2024-10-11,0,0.051995163240628806,4751,0.06457892095050377,0.49329852080296965
2024-10-15,0,0.06107868786476157,4751,0.06457892095050377,0.49329852080296965
2024-10-16,1,0.05060242578121076,4751,0.06457892095050377,0.49329852080296965
2024-10-17,1,0.03175731622659182,4751,0.06457892095050377,0.49329852080296965
2024-10-18,1,0.02476687055048636,4751,0.06457892095050377,0.49329852080296965
2024-10-21,1,0.0351925398025772,4751,0.06457892095050377,0.49329852080296965
2024-10-22,1,0.010850799422847593,4751,0.06457892095050377,0.49329852080296965
2024-10-23,1,-0.0018467651608084887,4751,0.06457892095050377,0.49329852080296965
2024-10-24,1,-0.0047978204139680885,4751,0.06457892095050377,0.49329852080296965
2024-10-25,1,-0.010885817135588177,4751,0.06457892095050377,0.49329852080296965
2024-10-28,1,0.014624635465448005,4751,0.06457892095050377,0.49329852080296965
2024-10-29,1,0.027993120123638405,4751,0.06457892095050377,0.49329852080296965
2024-10-30,1,0.03537618335824614,4751,0.06390150844690935,0.4885217047098769
2024-10-31,1,0.0014609821581078163,4751,0.06390150844690935,0.4885217047098769
2024-11-01,1,0.010409832408143322,4751,0.06390150844690935,0.4885217047098769
2024-11-05,1,-0.008421490138642965,4751,0.06390150844690935,0.4885217047098769
2024-11-06,1,0.016755070613475042,4751,0.06390150844690935,0.4885217047098769
2024-11-07,1,0.04781528789902118,4751,0.06390150844690935,0.4885217047098769
2024-11-08,1,0.02779059380184349,4751,0.06390150844690935,0.4885217047098769
2024-11-11,1,0.018365520889800233,4751,0.06390150844690935,0.4885217047098769
2024-11-12,1,0.010262361777592328,4751,0.06390150844690935,0.4885217047098769
2024-11-13,1,-0.0001351388755469639,4751,0.06390150844690935,0.4885217047098769
2024-11-14,1,-0.043594747730576214,4751,0.06390150844690935,0.4885217047098769
2024-11-15,1,-0.04834139267351442,4751,0.06390150844690935,0.4885217047098769
2024-11-18,1,-0.03936328643158834,4751,0.06390150844690935,0.4885217047098769
2024-11-19,1,-0.018918760616177695,4751,0.06390150844690935,0.4885217047098769
2024-11-20,1,-0.004046923492325901,4751,0.06390150844690935,0.4885217047098769
2024-11-21,1,-0.011479073216905356,4751,0.06390150844690935,0.4885217047098769
2024-11-22,1,-0.015550110793319272,4751,0.06390150844690935,0.4885217047098769
2024-11-25,1,-0.00835404348399262,4751,0.06390150844690935,0.4885217047098769
2024-11-26,1,0.013691673665501261,4751,0.06390150844690935,0.4885217047098769
2024-11-27,1,0.007179961203473369,4751,0.06390150844690935,0.4885217047098769
2024-11-28,1,0.006356018370145626,4751,0.06390150844690935,0.4885217047098769
2024-11-29,1,0.014207358816709354,4751,0.06390150844690935,0.4885217047098769
2024-12-02,1,0.0050472015854264194,4751,0.06390150844690935,0.4885217047098769
2024-12-03,1,0.02675383446685088,4751,0.06390150844690935,0.4885217047098769
2024-12-04,1,0.04261194539582159,4751,0.06390150844690935,0.4885217047098769
2024-12-05,1,0.05110400046802401,4751,0.06390150844690935,0.4885217047098769
2024-12-06,1,0.041524581539001036,4751,0.06390150844690935,0.4885217047098769
2024-12-09,1,0.05589749664504672,4751,0.06390150844690935,0.4885217047098769
2024-12-10,1,0.055024377272955796,4751,0.06390150844690935,0.4885217047098769
2024-12-11,1,0.04741404461964379,4751,0.06390150844690935,0.4885217047098769
2024-12-12,1,0.07657419232655602,4751,0.06390150844690935,0.4885217047098769
2024-12-13,1,0.1179347685627892,4751,0.06390150844690935,0.4885217047098769
2024-12-16,1,0.09889755553334259,4751,0.06390150844690935,0.4885217047098769
2024-12-17,1,0.09829781547888315,4751,0.06390150844690935,0.4885217047098769
2024-12-18,1,0.08585192665153046,4751,0.06390150844690935,0.4885217047098769
2024-12-19,1,0.07335904855809519,4751,0.06390150844690935,0.4885217047098769
2024-12-20,1,0.0652629958236301,4751,0.06390150844690935,0.4885217047098769
2024-12-23,1,0.06361333754143345,4751,0.06390150844690935,0.4885217047098769
2024-12-24,1,0.04923144396976024,4751,0.06390150844690935,0.4885217047098769
2024-12-25,1,0.047064334740824054,4751,0.06390150844690935,0.4885217047098769
2024-12-26,1,0.04354825572202704,4751,0.06390150844690935,0.4885217047098769
2024-12-27,1,0.06310735327875126,4751,0.06390150844690935,0.4885217047098769
2024-12-30,1,0.04679704935673557,4751,0.06390150844690935,0.4885217047098769
2025-01-06,1,0.007902874813881544,4751,0.06390150844690935,0.4885217047098769
2025-01-07,0,0.020808732261401876,4751,0.06390150844690935,0.4885217047098769
2025-01-08,0,0.029101524365561845,4751,0.06390150844690935,0.4885217047098769
2025-01-09,0,0.03668603019187477,4751,0.06390150844690935,0.4885217047098769
2025-01-10,1,0.01289981010109971,4751,0.06390150844690935,0.4885217047098769
2025-01-14,1,-0.011749935004407144,4751,0.06390150844690935,0.4885217047098769
2025-01-15,1,-0.016653927516880693,4751,0.06390150844690935,0.4885217047098769
2025-01-16,1,0.017679405624501696,4751,0.06390150844690935,0.4885217047098769
2025-01-17,1,0.014199104298385496,4751,0.06390150844690935,0.4885217047098769
2025-01-20,1,0.030746733515648623,4751,0.06390150844690935,0.4885217047098769
2025-01-21,1,0.02803413180849243,4751,0.06390150844690935,0.4885217047098769
2025-01-22,1,0.0380163827505776,4751,0.06390150844690935,0.4885217047098769
2025-01-23,1,0.02758844735738175,4751,0.06390150844690935,0.4885217047098769
2025-01-24,1,0.05398028666500853,4751,0.06390150844690935,0.4885217047098769
2025-01-27,1,0.05745140388768891,4751,0.06390150844690935,0.4885217047098769
2025-01-28,1,0.08295779615188675,4751,0.06390150844690935,0.4885217047098769
2025-01-29,1,0.06478040077933651,4751,0.020122856167808192,0.4800294110924011
2025-01-30,1,0.11472799231868097,4751,0.020122856167808192,0.4800294110924011
2025-01-31,1,0.08769798626360781,4751,0.020122856167808192,0.4800294110924011
2025-02-03,1,0.05639550701542999,4751,0.020122856167808192,0.4800294110924011
2025-02-04,1,0.052427425486028086,4751,0.020122856167808192,0.4800294110924011
2025-02-05,1,0.07406661814577949,4751,0.020122856167808192,0.4800294110924011
2025-02-06,1,0.09440816168798555,4751,0.020122856167808192,0.4800294110924011
2025-02-07,1,0.08216525623124465,4751,0.020122856167808192,0.4800294110924011
2025-02-10,1,0.08590388064756997,4751,0.020122856167808192,0.4800294110924011
2025-02-12,1,0.08940928885782544,4751,0.020122856167808192,0.4800294110924011
2025-02-13,1,0.09939943620541744,4751,0.020122856167808192,0.4800294110924011
2025-02-14,1,0.08361639216069595,4751,0.020122856167808192,0.4800294110924011
2025-02-17,1,0.07704511439607675,4751,0.020122856167808192,0.4800294110924011
2025-02-18,1,0.05371853764093991,4751,0.020122856167808192,0.4800294110924011
2025-02-19,1,0.07674251315640018,4751,0.020122856167808192,0.4800294110924011
2025-02-20,1,0.05759423377683093,4751,0.020122856167808192,0.4800294110924011
2025-02-21,1,0.05159208780605473,4751,0.020122856167808192,0.4800294110924011
2025-02-25,1,0.041618088411171386,4751,0.020122856167808192,0.4800294110924011
2025-02-26,1,0.028386098994737295,4751,0.020122856167808192,0.4800294110924011
2025-02-27,1,0.026790399232418303,4751,0.020122856167808192,0.4800294110924011
2025-02-28,1,0.0008160453990761195,4751,0.020122856167808192,0.4800294110924011
2025-03-03,1,0.0013384078180960757,4751,0.020122856167808192,0.4800294110924011
2025-03-04,1,0.00019418345855679598,4751,0.020122856167808192,0.4800294110924011
2025-03-05,1,0.002424016408726391,4751,0.020122856167808192,0.4800294110924011
2025-03-06,1,-0.004307068659741522,4751,0.020122856167808192,0.4800294110924011
2025-03-07,1,-0.023434590229876522,4751,0.020122856167808192,0.4800294110924011
2025-03-10,1,-0.017052647255938573,4751,0.020122856167808192,0.4800294110924011
2025-03-11,1,-0.01970271014611422,4751,0.020122856167808192,0.4800294110924011
2025-03-12,1,0.010837306516516279,4751,0.020122856167808192,0.4800294110924011
2025-03-13,1,0.017130541414291486,4751,0.020122856167808192,0.4800294110924011
2025-03-14,1,0.02668032604338341,4751,0.020122856167808192,0.4800294110924011
2025-03-17,1,0.043068091639287105,4751,0.020122856167808192,0.4800294110924011
2025-03-18,1,0.07685923466816853,4751,0.020122856167808192,0.4800294110924011
2025-03-19,1,0.07086544227053686,4751,0.020122856167808192,0.4800294110924011
2025-03-21,1,0.0972229408590626,4751,0.020122856167808192,0.4800294110924011
2025-03-24,1,0.1275666745338684,4751,0.020122856167808192,0.4800294110924011
2025-03-25,1,0.1413691132983185,4751,0.020122856167808192,0.4800294110924011
2025-03-26,1,0.13695886612232328,4751,0.020122856167808192,0.4800294110924011
2025-03-27,1,0.10242445537596619,4751,0.020122856167808192,0.4800294110924011
2025-03-28,1,0.039957892890038996,4751,0.020122856167808192,0.4800294110924011
2025-03-31,1,-0.009717249945203413,4751,0.020122856167808192,0.4800294110924011
2025-04-01,1,0.012955731542644497,4751,0.020122856167808192,0.4800294110924011
2025-04-02,1,0.0062663680597602614,4751,0.020122856167808192,0.4800294110924011
2025-04-03,1,-0.005271100807069041,4751,0.020122856167808192,0.4800294110924011
2025-04-04,1,-0.029656664554057265,4751,0.020122856167808192,0.4800294110924011
2025-04-07,1,-0.09905969822873387,4751,0.020122856167808192,0.4800294110924011
2025-04-08,1,-0.06694273924264736,4751,0.020122856167808192,0.4800294110924011
2025-04-09,1,-0.09550598690979142,4751,0.020122856167808192,0.4800294110924011
2025-04-10,1,-0.02484906815994408,4751,0.020122856167808192,0.4800294110924011
2025-04-11,1,-0.0336608853373738,4751,0.020122856167808192,0.4800294110924011
2025-04-14,1,-0.03939918785567691,4751,0.020122856167808192,0.4800294110924011
2025-04-15,1,-0.0509865549153135,4751,0.020122856167808192,0.4800294110924011
2025-04-16,1,-0.06200213875733841,4751,0.020122856167808192,0.4800294110924011
2025-04-17,1,0.023111182150408045,4751,0.020122856167808192,0.4800294110924011
2025-04-18,1,0.030760301799187397,4751,0.020122856167808192,0.4800294110924011
2025-04-21,1,0.03371079571388215,4751,0.020122856167808192,0.4800294110924011
2025-04-22,1,0.018516508563613907,4751,0.020122856167808192,0.4800294110924011
2025-04-23,1,0.013838879007418373,4751,0.020122856167808192,0.4800294110924011
2025-04-24,1,0.004632205753763242,4751,0.020122856167808192,0.4800294110924011
2025-04-25,1,0.03265226529153031,4751,0.020122856167808192,0.4800294110924011
2025-04-28,1,0.04030477509848907,4751,0.020122856167808192,0.4800294110924011
2025-04-30,0,0.05969148222669341,4751,0.020122856167808192,0.4800294110924011
2025-05-01,0,0.07150575590358324,4751,0.020122856167808192,0.4800294110924011
2025-05-02,0,0.060105751591669365,4751,0.020122856167808192,0.4800294110924011
2025-05-07,0,0.07597618517534344,4751,0.020122856167808192,0.4800294110924011
2025-05-08,0,0.0787744915229926,4751,0.020122856167808192,0.4800294110924011
2025-05-09,0,0.08607981203842323,4751,0.020122856167808192,0.4800294110924011
2025-05-12,0,0.0770243392905691,4751,0.020122856167808192,0.4800294110924011
2025-05-13,0,0.06401532479414465,4751,0.020122856167808192,0.4800294110924011
2025-05-14,0,0.05512778388880153,4751,0.020122856167808192,0.4800294110924011
2025-05-15,0,0.05081284850388759,4751,0.020425261105807765,0.4763075045900073
2025-05-16,0,0.20537143914432707,4751,0.020425261105807765,0.4763075045900073
2025-05-19,0,0.20014469829695777,4751,0.020425261105807765,0.4763075045900073
2025-05-20,0,0.18669946560352862,4751,0.020425261105807765,0.4763075045900073
2025-05-21,0,0.18477801268498942,4751,0.020425261105807765,0.4763075045900073
2025-05-22,0,0.17261097724606436,4751,0.020425261105807765,0.4763075045900073
2025-05-23,0,0.1906845211012258,4751,0.020425261105807765,0.4763075045900073
2025-05-26,0,0.2387641623813704,4751,0.020425261105807765,0.4763075045900073
2025-05-27,0,0.23210719041278305,4751,0.020425261105807765,0.4763075045900073
2025-05-28,0,0.22228358415021393,4751,0.020425261105807765,0.4763075045900073
2025-05-29,0,0.20732888617143316,4751,0.020425261105807765,0.4763075045900073
2025-05-30,0,0.20197731421656098,4751,0.020425261105807765,0.4763075045900073
2025-06-02,0,0.21026994666376395,4751,0.020425261105807765,0.4763075045900073
2025-06-03,0,0.22502013277480395,4751,0.020425261105807765,0.4763075045900073
2025-06-04,0,0.23353768918618809,4751,0.020425261105807765,0.4763075045900073
2025-06-05,0,0.20905081547017534,4751,0.020425261105807765,0.4763075045900073
2025-06-06,0,0.19821864827622931,4751,0.020425261105807765,0.4763075045900073
2025-06-09,0,0.19261073958816136,4751,0.020425261105807765,0.4763075045900073
2025-06-10,0,0.19960474308300397,4751,0.020425261105807765,0.4763075045900073
2025-06-11,0,0.18018082992938594,4751,0.020425261105807765,0.4763075045900073
2025-06-12,0,0.163690961908803,4751,0.020425261105807765,0.4763075045900073
2025-06-13,0,0.14364123507530624,4751,0.020425261105807765,0.4763075045900073
2025-06-16,0,0.17227886969928602,4751,0.020425261105807765,0.4763075045900073
2025-06-17,0,0.16884122497967397,4751,0.020425261105807765,0.4763075045900073
2025-06-18,0,0.1881913601275219,4751,0.020425261105807765,0.4763075045900073
2025-06-19,0,0.1916686948390486,4751,0.020425261105807765,0.4763075045900073
2025-06-20,0,0.1854982348397311,4751,0.020425261105807765,0.4763075045900073
2025-06-23,0,0.19772516189773406,4751,0.020425261105807765,0.4763075045900073
2025-06-24,0,0.20413541455503748,4751,0.020425261105807765,0.4763075045900073
2025-06-25,0,0.22883277895373455,4751,0.020425261105807765,0.4763075045900073
2025-06-26,0,0.23444580756616018,4751,0.020425261105807765,0.4763075045900073
2025-06-27,0,0.2167257793541161,4751,0.020425261105807765,0.4763075045900073
2025-06-30,0,0.22440650295898235,4751,0.020425261105807765,0.4763075045900073
2025-07-01,0,0.21704826162297672,4751,0.020425261105807765,0.4763075045900073
2025-07-02,0,0.1616072137677396,4751,0.020425261105807765,0.4763075045900073
2025-07-03,0,0.13914600467360633,4751,0.020425261105807765,0.4763075045900073
2025-07-04,0,0.11880853529014189,4751,0.020425261105807765,0.4763075045900073
2025-07-07,0,0.10946506006753477,4751,0.020425261105807765,0.4763075045900073
2025-07-08,0,0.09467226078289771,4751,0.020425261105807765,0.4763075045900073
2025-07-09,0,0.09337054300388926,4751,0.020425261105807765,0.4763075045900073
2025-07-10,0,0.07766387994446255,4751,0.020425261105807765,0.4763075045900073
2025-07-11,0,0.05381376861020297,4751,0.020425261105807765,0.4763075045900073
2025-07-14,0,0.044507121373483054,4751,0.020425261105807765,0.4763075045900073
2025-07-15,0,0.03311953352769674,4751,0.020425261105807765,0.4763075045900073
2025-07-16,0,0.04742153052510507,4751,0.020425261105807765,0.4763075045900073
2025-07-17,0,0.09544518725855326,4751,0.020425261105807765,0.4763075045900073
2025-07-18,0,0.06624591145713357,4751,0.020425261105807765,0.4763075045900073
2025-07-22,0,0.07484350278599433,4751,0.020425261105807765,0.4763075045900073
2025-07-23,0,0.08568788184758609,4751,0.020425261105807765,0.4763075045900073
2025-07-24,0,0.0861763503384364,4751,0.020425261105807765,0.4763075045900073
2025-07-25,0,0.06736331405112901,4751,0.020425261105807765,0.4763075045900073
2023-08-01,0,,,,
2023-08-02,0,,,,
2023-08-03,0,,,,
2023-08-04,0,,,,
2023-08-07,0,,,,
2023-08-08,0,,,,
2023-08-09,0,,,,
2023-08-10,1,,,,
2023-08-14,1,,,,
2023-08-15,1,,,,
2023-08-16,1,,,,
2023-08-17,1,,,,
2023-08-18,1,,,,
2023-08-21,1,,,,
2023-08-22,1,,,,
2023-08-23,1,,,,
2023-08-24,1,,,,
2023-08-25,1,,,,
2023-08-28,1,,,,
2023-08-29,1,,,,
2023-08-30,1,,,,
2023-08-31,1,,,,
2023-09-01,1,,,,
2023-09-04,1,,,,
2023-09-05,1,,,,
2023-09-06,1,,,,
2023-09-07,1,,,,
2023-09-08,1,,,,
2023-09-11,1,,,,
2023-09-12,1,,,,
2023-09-13,1,,,,
2023-09-14,1,,,,
2023-09-15,1,,,,
2023-09-19,1,,,,
2023-09-20,1,,,,
2023-09-21,1,,,,
2023-09-22,1,,,,
2023-09-25,1,,,,
2023-09-26,1,,,,
2023-09-27,1,,,,
2023-09-28,1,,,,
2023-09-29,1,,,,
2023-10-02,1,,,,
2023-10-03,1,,,,
2023-10-04,1,,,,
2023-10-05,1,,,,
2023-10-06,1,,,,
2023-10-10,1,,,,
2023-10-11,1,,,,
2023-10-12,1,,3697,0.21121665934214529,0.5975959595959596
2023-10-13,1,,3697,0.21121665934214529,0.5975959595959596
2023-10-16,0,,3697,0.21121665934214529,0.5975959595959596
2023-10-17,0,,3697,0.21121665934214529,0.5975959595959596
2023-10-18,0,,3697,0.21121665934214529,0.5975959595959596
2023-10-19,0,,3697,0.21121665934214529,0.5975959595959596
2023-10-20,1,,3697,0.21121665934214529,0.5975959595959596
2023-10-23,1,,3697,0.21121665934214529,0.5975959595959596
2023-10-24,1,,3697,0.21113665562242206,0.5971734302442964
2023-10-25,1,,3697,0.21113665562242206,0.5971734302442964
2023-10-26,1,-0.12681260457334076,3697,0.21113665562242206,0.5971734302442964
2023-10-27,1,-0.0912804949223766,3697,0.21113665562242206,0.5971734302442964
2023-10-30,1,-0.07990768617987141,3697,0.21113665562242206,0.5971734302442964
2023-10-31,0,-0.043183046307826004,3697,0.21113665562242206,0.5971734302442964
2023-11-01,0,-0.04417268307057614,3697,0.21113665562242206,0.5971734302442964
2023-11-02,0,-0.008312819709627606,3697,0.21113665562242206,0.5971734302442964
2023-11-06,0,0.07042370198552053,3697,0.21113665562242206,0.5971734302442964
2023-11-07,0,0.10858851214350196,3697,0.21113665562242206,0.5971734302442964
2023-11-08,0,0.12654553846426955,3697,0.21113665562242206,0.5971734302442964
2023-11-09,0,0.15191201903889073,3697,0.21113665562242206,0.5971734302442964
2023-11-10,0,0.16000602692617902,3697,0.21113665562242206,0.5971734302442964
2023-11-13,0,0.15213317001903698,3697,0.21113665562242206,0.5971734302442964
2023-11-14,0,0.14143554886118778,3697,0.21113665562242206,0.5971734302442964
2023-11-15,0,0.17800377135359827,3697,0.21113665562242206,0.5971734302442964
2023-11-16,0,0.17251219898884915,3697,0.21113665562242206,0.5971734302442964
2023-11-17,0,0.17197870301726795,3697,0.21113665562242206,0.5971734302442964
2023-11-20,0,0.17931893541991964,3697,0.21113665562242206,0.5971734302442964
2023-11-21,0,0.20043397613131278,3697,0.21113665562242206,0.5971734302442964
2023-11-22,0,0.19873284792138765,3697,0.21113665562242206,0.5971734302442964
2023-11-24,0,0.17998757785607722,3697,0.21113665562242206,0.5971734302442964
2023-11-27,0,0.15117835557538642,3697,0.21113665562242206,0.5971734302442964
2023-11-28,0,0.1403947653821127,3697,0.21113665562242206,0.5971734302442964
2023-11-29,0,0.1775738147655499,3697,0.21113665562242206,0.5971734302442964
2023-11-30,0,0.18933945730343868,3697,0.21113665562242206,0.5971734302442964
2023-12-01,0,0.162717945038387,3697,0.21113665562242206,0.5971734302442964
2023-12-04,0,0.19079775666704824,3697,0.21113665562242206,0.5971734302442964
2023-12-05,0,0.14425034187619368,3697,0.21113665562242206,0.5971734302442964
2023-12-06,0,0.15493992160345696,3697,0.21113665562242206,0.5971734302442964
2023-12-07,0,0.12843692859819883,3697,0.21113665562242206,0.5971734302442964
2023-12-08,0,0.1193586194010837,3697,0.21113665562242206,0.5971734302442964
2023-12-11,0,0.12594951180062158,3697,0.21113665562242206,0.5971734302442964
2023-12-12,0,0.10477520025668888,3697,0.21113665562242206,0.5971734302442964
2023-12-13,0,0.13367909947461878,3697,0.21113665562242206,0.5971734302442964
2023-12-14,0,0.1283247078954211,3697,0.21113665562242206,0.5971734302442964
2023-12-15,0,0.14581360897314521,3697,0.21113665562242206,0.5971734302442964
2023-12-18,0,0.1469216120546518,3697,0.21113665562242206,0.5971734302442964
2023-12-19,0,0.18268984173995054,3697,0.21113665562242206,0.5971734302442964
2023-12-20,0,0.16182253775456723,3697,0.21113665562242206,0.5971734302442964
2023-12-21,0,0.1547414782352106,3697,0.21113665562242206,0.5971734302442964
2023-12-22,0,0.13674007229053287,3697,0.21113665562242206,0.5971734302442964
2023-12-25,0,0.12808460634547594,3697,0.21113665562242206,0.5971734302442964
2023-12-26,0,0.14681507633844948,3697,0.21113665562242206,0.5971734302442964
2023-12-27,0,0.15885112786795536,3697,0.21113665562242206,0.5971734302442964
2023-12-28,0,0.14293951357801252,3697,0.21113665562242206,0.5971734302442964
2023-12-29,0,0.14174608739999361,3697,0.21113665562242206,0.5971734302442964
2024-01-04,0,0.10392957690630081,3697,0.21113665562242206,0.5971734302442964
2024-01-05,0,0.06687734544736322,3697,0.21113665562242206,0.5971734302442964
2024-01-09,0,0.0746174723675412,3697,0.21113665562242206,0.5971734302442964
2024-01-10,0,0.10257314064152273,3697,0.21113665562242206,0.5971734302442964
2024-01-11,0,0.09845028350374756,3697,0.21113665562242206,0.5971734302442964
2024-01-12,0,0.09071128840076668,3697,0.035701476965211434,0.5734397786336611
2024-01-15,0,-0.12717442528884443,3697,0.035701476965211434,0.5734397786336611
2024-01-16,0,-0.1713433269134561,3697,0.035701476965211434,0.5734397786336611
2024-01-17,0,-0.19202935242383404,3697,0.035701476965211434,0.5734397786336611
2024-01-18,0,-0.20580433765017944,3697,0.035701476965211434,0.5734397786336611
2024-01-19,0,-0.20060198300283283,3697,0.035701476965211434,0.5734397786336611
2024-01-22,0,-0.12524975024975024,3697,0.035701476965211434,0.5734397786336611
2024-01-23,0,-0.14462890498043451,3697,0.035701476965211434,0.5734397786336611
2024-01-24,0,-0.14345637365864564,3697,0.035701476965211434,0.5734397786336611
2024-01-25,0,-0.16653246544101982,3697,0.035701476965211434,0.5734397786336611
2024-01-26,0,-0.1715632331873015,3697,0.035701476965211434,0.5734397786336611
2024-01-29,0,-0.18320531451110647,3697,0.035701476965211434,0.5734397786336611
2024-01-30,0,-0.16311501137480833,3697,0.035701476965211434,0.5734397786336611
2024-01-31,0,-0.16361391019188257,3697,0.035701476965211434,0.5734397786336611
2024-02-01,0,-0.17613260356734114,3697,0.035701476965211434,0.5734397786336611
2024-02-02,0,-0.14169351091637317,3697,0.035701476965211434,0.5734397786336611
2024-02-05,0,-0.12670405230524562,3697,0.035701476965211434,0.5734397786336611
2024-02-06,0,-0.14171895748170904,3697,0.035701476965211434,0.5734397786336611
2024-02-07,0,-0.1393477914832433,3697,0.035701476965211434,0.5734397786336611
2024-02-08,0,-0.15675862411900646,3697,0.035701476965211434,0.5734397786336611
2024-02-09,0,-0.1380138415387886,3697,0.035701476965211434,0.5734397786336611
2024-02-13,0,-0.13894108544268818,3697,0.035701476965211434,0.5734397786336611
2024-02-14,0,-0.1436895663556137,3697,0.035701476965211434,0.5734397786336611
2024-02-15,0,-0.1463004499148631,3697,0.035701476965211434,0.5734397786336611
2024-02-16,0,-0.1364761894640637,3697,0.035701476965211434,0.5734397786336611
2024-02-19,0,-0.13943407393189053,3697,0.035701476965211434,0.5734397786336611
2024-02-20,0,-0.1447310326004062,3697,0.035701476965211434,0.5734397786336611
2024-02-21,0,-0.15440040205218614,3697,0.035701476965211434,0.5734397786336611
2024-02-22,0,-0.15755998531412654,3697,0.035701476965211434,0.5734397786336611
2024-02-26,0,-0.14546410699860665,3697,0.035701476965211434,0.5734397786336611
2024-02-27,0,-0.09758246060487423,3697,0.035701476965211434,0.5734397786336611
2024-02-28,0,-0.07891580714799716,3697,0.035701476965211434,0.5734397786336611
2024-02-29,0,-0.09471369253746041,3697,0.035701476965211434,0.5734397786336611
2024-03-01,0,-0.0848144426691265,3697,0.035701476965211434,0.5734397786336611
2024-03-04,0,-0.10231117674936348,3697,0.035701476965211434,0.5734397786336611
2024-03-05,0,-0.11787173270450696,3697,0.035701476965211434,0.5734397786336611
2024-03-06,0,-0.09826435469490805,3697,0.035701476965211434,0.5734397786336611
2024-03-07,0,-0.10805113104002141,3697,0.035701476965211434,0.5734397786336611
2024-03-08,0,-0.11822502897260619,3697,0.035701476965211434,0.5734397786336611
2024-03-11,0,-0.11972236662779429,3697,0.035701476965211434,0.5734397786336611
2024-03-12,0,-0.12101554983084511,3697,0.035701476965211434,0.5734397786336611
2024-03-13,0,-0.12485553062750697,3697,0.035701476965211434,0.5734397786336611
2024-03-14,0,-0.12712867680539117,3697,0.035701476965211434,0.5734397786336611
2024-03-15,0,-0.15760325424659732,3697,0.035701476965211434,0.5734397786336611
2024-03-18,0,-0.12277423009134537,3697,0.035701476965211434,0.5734397786336611
2024-03-19,0,-0.1361290602367839,3697,0.035701476965211434,0.5734397786336611
2024-03-21,0,-0.12207978078175043,3697,0.035701476965211434,0.5734397786336611
2024-03-22,0,-0.12881359900723505,3697,0.035701476965211434,0.5734397786336611
2024-03-25,0,-0.15099092304474257,3697,0.035701476965211434,0.5734397786336611
2024-03-26,0,-0.1329222742633545,3697,0.035701476965211434,0.5734397786336611
2024-03-27,0,-0.12633695023234445,3697,0.035701476965211434,0.5734397786336611
2024-03-28,0,-0.13367808428980701,3697,0.035701476965211434,0.5734397786336611
2024-03-29,0,-0.1390373846195736,3697,0.035701476965211434,0.5734397786336611
2024-04-01,0,-0.14573630178741248,3697,0.035701476965211434,0.5734397786336611
2024-04-02,0,-0.17445487653087885,3697,0.035701476965211434,0.5734397786336611
2024-04-03,0,-0.17525390026110146,3697,0.035701476965211434,0.5734397786336611
2024-04-04,0,-0.17631532147102597,3697,0.035701476965211434,0.5734397786336611
2024-04-05,0,-0.18993376816972454,3697,0.035701476965211434,0.5734397786336611
2024-04-08,0,-0.18081461743433574,3697,0.035701476965211434,0.5734397786336611
2024-04-09,0,-0.17742461965809234,3697,0.035701476965211434,0.5734397786336611
2024-04-10,0,-0.17264758583950796,3697,0.035701476965211434,0.5734397786336611
2024-04-11,0,-0.19149060404643967,3697,0.09176093456215516,0.5212480519271863
2024-04-12,0,-0.27158537301168045,3697,0.09176093456215516,0.5212480519271863
2024-04-15,0,-0.33283038672220944,3697,0.09176093456215516,0.5212480519271863
2024-04-16,0,-0.3079616721292016,3697,0.09176093456215516,0.5212480519271863
2024-04-17,0,-0.33690002752966075,3697,0.09176093456215516,0.5212480519271863
2024-04-18,0,-0.3441614659762869,3697,0.09176093456215516,0.5212480519271863
2024-04-19,0,-0.3792671173326683,3697,0.09176093456215516,0.5212480519271863
2024-04-22,0,-0.3239683337180724,3697,0.09176093456215516,0.5212480519271863
2024-04-23,0,-0.3432162092844319,3697,0.09176093456215516,0.5212480519271863
2024-04-24,0,-0.3465993261353379,3697,0.09176093456215516,0.5212480519271863
2024-04-25,0,-0.38184709726480714,3697,0.09176093456215516,0.5212480519271863
2024-04-26,0,-0.3830766321363283,3697,0.09176093456215516,0.5212480519271863
2024-04-30,0,-0.3777661607366774,3697,0.09176093456215516,0.5212480519271863
2024-05-01,0,-0.38121853993224397,3697,0.09176093456215516,0.5212480519271863
2024-05-02,0,-0.3903469806889259,3697,0.09176093456215516,0.5212480519271863
2024-05-07,0,-0.3738444382289801,3697,0.09176093456215516,0.5212480519271863
2024-05-08,0,-0.37980287796700934,3697,0.09176093456215516,0.5212480519271863
2024-05-09,0,-0.33825734436607985,3697,0.09176093456215516,0.5212480519271863
2024-05-10,0,-0.3542962838405919,3697,0.09176093456215516,0.5212480519271863
2024-05-13,0,-0.30344619561119074,3697,0.09176093456215516,0.5212480519271863
2024-05-14,0,-0.2563501085439898,3697,0.09176093456215516,0.5212480519271863
2024-05-15,0,-0.2459121955706828,3697,0.09176093456215516,0.5212480519271863
2024-05-16,0,-0.18424069763402007,3697,0.09176093456215516,0.5212480519271863
2024-05-17,0,-0.18628484308699936,3697,0.09176093456215516,0.5212480519271863
2024-05-20,0,-0.13391067401653717,3697,0.09176093456215516,0.5212480519271863
2024-05-21,0,-0.12202386815386257,3697,0.09176093456215516,0.5212480519271863
2024-05-22,0,-0.17909648235224093,3697,0.09176093456215516,0.5212480519271863
2024-05-23,0,-0.17902157146396636,3697,0.09176093456215516,0.5212480519271863
2024-05-24,0,-0.1889377911822856,3697,0.09176093456215516,0.5212480519271863
2024-05-27,0,-0.18609941986122167,3697,0.09176093456215516,0.5212480519271863
2024-05-28,0,-0.1842710729972809,3697,0.09176093456215516,0.5212480519271863
2024-05-29,0,-0.20232190323195023,3697,0.09176093456215516,0.5212480519271863
2024-05-30,0,-0.23784340142088486,3697,0.09176093456215516,0.5212480519271863
2024-05-31,0,-0.23163402449642026,3697,0.09176093456215516,0.5212480519271863
2024-06-03,0,-0.21859131369854826,3697,0.09176093456215516,0.5212480519271863
2024-06-04,0,-0.1351928466568798,3697,0.09176093456215516,0.5212480519271863
2024-06-05,0,-0.1462376426846431,3697,0.09176093456215516,0.5212480519271863
2024-06-06,0,-0.19149663890971758,3697,0.09176093456215516,0.5212480519271863
2024-06-07,0,-0.21683785328000638,3697,0.09176093456215516,0.5212480519271863
2024-06-10,0,-0.20685335957770415,3697,0.09176093456215516,0.5212480519271863
2024-06-11,0,-0.1735947724224512,3697,0.09176093456215516,0.5212480519271863
2024-06-12,0,-0.18039439188419007,3697,0.09176093456215516,0.5212480519271863
2024-06-13,0,-0.1451663325916254,3697,0.09176093456215516,0.5212480519271863
2024-06-14,0,-0.14909020033691128,3697,0.09176093456215516,0.5212480519271863
2024-06-17,0,-0.14336286500964612,3697,0.09176093456215516,0.5212480519271863
2024-06-18,0,-0.15631205673758866,3697,0.09176093456215516,0.5212480519271863
2024-06-19,0,-0.1567812185236989,3697,0.09176093456215516,0.5212480519271863
2024-06-20,0,-0.14296446837405963,3697,0.09176093456215516,0.5212480519271863
2024-06-21,0,-0.180173168596167,3697,0.09176093456215516,0.5212480519271863
2024-06-24,0,-0.1738574938574938,3697,0.09176093456215516,0.5212480519271863
2024-06-25,0,-0.1509546302544357,3697,0.09176093456215516,0.5212480519271863
2024-06-26,0,-0.10768275834451281,3697,0.09176093456215516,0.5212480519271863
2024-06-27,0,-0.10121776359634072,3697,0.09176093456215516,0.5212480519271863
2024-06-28,0,-0.10965003791213548,3697,0.09176093456215516,0.5212480519271863
2024-07-01,0,-0.11391755750251346,3697,0.09176093456215516,0.5212480519271863
2024-07-02,0,-0.12651334536596973,3697,0.09176093456215516,0.5212480519271863
2024-07-03,0,-0.06837731447732909,3697,0.09176093456215516,0.5212480519271863
2024-07-04,0,-0.059133161021081126,3697,0.09176093456215516,0.5212480519271863
2024-07-05,0,-0.03588390501319257,3697,0.09176093456215516,0.5212480519271863
2024-07-08,0,-0.01706723876079318,3697,0.09176093456215516,0.5212480519271863
2024-07-09,0,-0.010510125608818251,3697,0.09176093456215516,0.5212480519271863
2024-07-10,0,-0.018844867507074866,3697,0.10037774934503138,0.5376551904871097
2024-07-11,1,-0.2716663880455357,3697,0.10037774934503138,0.5376551904871097
2024-07-12,1,-0.14054923801216793,3697,0.10037774934503138,0.5376551904871097
2024-07-16,1,-0.14987816552084243,3697,0.10037774934503138,0.5376551904871097
2024-07-17,1,-0.1949388664896581,3697,0.10037774934503138,0.5376551904871097
2024-07-18,1,-0.20488625958802342,3697,0.10037774934503138,0.5376551904871097
2024-07-19,1,-0.25742082795592175,3697,0.10037774934503138,0.5376551904871097
2024-07-22,1,-0.24165571834827293,3697,0.10037774934503138,0.5376551904871097
2024-07-23,1,-0.24156411384894788,3697,0.10037774934503138,0.5376551904871097
2024-07-24,1,-0.24092261571847243,3697,0.10037774934503138,0.5376551904871097
2024-07-25,1,-0.2586768504998315,3697,0.10037774934503138,0.5376551904871097
2024-07-26,1,-0.22053328373602962,3697,0.10037774934503138,0.5376551904871097
2024-07-29,1,-0.20621459343939755,3697,0.10037774934503138,0.5376551904871097
2024-07-30,1,-0.22686463892559589,3697,0.10037774934503138,0.5376551904871097
2024-07-31,1,-0.2171434099043479,3697,0.10037774934503138,0.5376551904871097
2024-08-01,1,-0.2621490095729854,3697,0.10037774934503138,0.5376551904871097
2024-08-02,1,-0.3294721963663943,3697,0.10037774934503138,0.5376551904871097
2024-08-05,1,-0.39021301253647656,3697,0.10037774934503138,0.5376551904871097
2024-08-06,1,-0.37084668976148943,3697,0.10037774934503138,0.5376551904871097
2024-08-07,1,-0.3390878185504618,3697,0.10037774934503138,0.5376551904871097
2024-08-08,1,-0.2981243304350914,3697,0.10037774934503138,0.5376551904871097
2024-08-09,1,-0.3078699056414374,3697,0.10037774934503138,0.5376551904871097
2024-08-13,1,-0.2862836559391344,3697,0.10037774934503138,0.5376551904871097
2024-08-14,1,-0.2661194237136989,3697,0.10037774934503138,0.5376551904871097
2024-08-15,1,-0.2383584773076606,3697,0.10037774934503138,0.5376551904871097
2024-08-16,1,-0.21049888827126179,3697,0.10037774934503138,0.5376551904871097
2024-08-19,1,-0.16114282571495356,3697,0.10037774934503138,0.5376551904871097
2024-08-20,1,-0.10500923163608736,3697,0.10037774934503138,0.5376551904871097
2024-08-21,1,-0.10289896888429945,3697,0.10037774934503138,0.5376551904871097
2024-08-22,1,-0.060617704614335376,3697,0.10037774934503138,0.5376551904871097
2024-08-23,1,-0.05498160972734835,3697,0.10037774934503138,0.5376551904871097
2024-08-26,1,0.012443090931462968,3697,0.10037774934503138,0.5376551904871097
2024-08-27,1,0.04722128039946978,3697,0.10037774934503138,0.5376551904871097
2024-08-28,1,0.03125700057420801,3697,0.10037774934503138,0.5376551904871097
2024-08-29,1,0.03425266903914595,3697,0.10037774934503138,0.5376551904871097
2024-08-30,1,0.06206817792497001,3697,0.10037774934503138,0.5376551904871097
2024-09-02,1,0.06866674816816712,3697,0.10037774934503138,0.5376551904871097
2024-09-03,1,0.10616244019512402,3697,0.10037774934503138,0.5376551904871097
2024-09-04,1,0.035228818433280726,3697,0.10037774934503138,0.5376551904871097
2024-09-05,1,0.022925244450489938,3697,0.10037774934503138,0.5376551904871097
2024-09-06,1,-0.03910778795261695,3697,0.10037774934503138,0.5376551904871097
2024-09-09,1,-0.06413479624651443,3697,0.10037774934503138,0.5376551904871097
2024-09-10,1,-0.06454618099222506,3697,0.10037774934503138,0.5376551904871097
2024-09-11,1,-0.055887920637076025,3697,0.10037774934503138,0.5376551904871097
2024-09-12,1,-0.0015652294690506202,3697,0.10037774934503138,0.5376551904871097
2024-09-13,1,-0.048770775878596566,3697,0.10037774934503138,0.5376551904871097
2024-09-17,1,0.006298443747755541,3697,0.10037774934503138,0.5376551904871097
2024-09-18,1,0.08347568338118712,3697,0.10037774934503138,0.5376551904871097
2024-09-19,1,0.08950275945400932,3697,0.10037774934503138,0.5376551904871097
2024-09-20,1,0.11129533846384038,3697,0.10037774934503138,0.5376551904871097
2024-09-24,1,0.08950646046132833,3697,0.10037774934503138,0.5376551904871097
2024-09-25,1,0.07760312480544404,3697,0.10037774934503138,0.5376551904871097
2024-09-26,1,0.11384830524321725,3697,0.10037774934503138,0.5376551904871097
2024-09-27,1,0.14523219826832426,3697,0.10037774934503138,0.5376551904871097
2024-09-30,1,0.11169586518585237,3697,0.10037774934503138,0.5376551904871097
2024-10-01,1,0.10398134483517732,3697,0.10037774934503138,0.5376551904871097
2024-10-02,1,0.08725852319157971,3697,0.10037774934503138,0.5376551904871097
2024-10-03,1,0.13391834969168614,3697,0.10037774934503138,0.5376551904871097
2024-10-04,1,0.1818043935412729,3697,0.10037774934503138,0.5376551904871097
2024-10-07,1,0.18426669877618937,3697,0.10037774934503138,0.5376551904871097
2024-10-08,1,0.14368826098519227,3697,0.10037774934503138,0.5376551904871097
2024-10-09,1,0.20941006982245608,3697,0.10037774934503138,0.5376551904871097
2024-10-10,1,0.1968432748028409,3697,0.16277877467316074,0.5546095033489195
2024-10-11,1,0.27398559405853284,3697,0.16277877467316074,0.5546095033489195
2024-10-15,1,0.2729460476686288,3697,0.16277877467316074,0.5546095033489195
2024-10-16,1,0.21341821835609473,3697,0.16277877467316074,0.5546095033489195
2024-10-17,1,0.17100879495227592,3697,0.16277877467316074,0.5546095033489195
2024-10-18,1,0.17703207675704938,3697,0.16277877467316074,0.5546095033489195
2024-10-21,1,0.16317810575722058,3697,0.16277877467316074,0.5546095033489195
2024-10-22,0,0.14022146075258576,3697,0.16277877467316074,0.5546095033489195
2024-10-23,0,0.16845141712387057,3697,0.16277877467316074,0.5546095033489195
2024-10-24,0,0.15264148644771844,3697,0.16277877467316074,0.5546095033489195
2024-10-25,0,0.0847570987972834,3697,0.16277877467316074,0.5546095033489195
2024-10-28,0,0.14332986042010537,3697,0.16277877467316074,0.5546095033489195
2024-10-29,0,0.170237970396436,3697,0.16277877467316074,0.5546095033489195
2024-10-30,0,0.19442242559631043,3697,0.14851399107815305,0.5504408693017842
2024-10-31,0,0.1916667624598147,3697,0.14851399107815305,0.5504408693017842
2024-11-01,0,0.15538100969151827,3697,0.14851399107815305,0.5504408693017842
2024-11-05,0,0.17964675923773973,3697,0.14851399107815305,0.5504408693017842
2024-11-06,0,0.18508512425324675,3697,0.14851399107815305,0.5504408693017842
2024-11-07,0,0.14648924795057616,3697,0.14851399107815305,0.5504408693017842
2024-11-08,0,0.21887171231044475,3697,0.14851399107815305,0.5504408693017842
2024-11-11,0,0.20751455991626153,3697,0.14851399107815305,0.5504408693017842
2024-11-12,0,0.17389098289359234,3697,0.14851399107815305,0.5504408693017842
2024-11-13,0,0.178664587893143,3697,0.14851399107815305,0.5504408693017842
2024-11-14,0,0.15408672031833592,3697,0.14851399107815305,0.5504408693017842
2024-11-15,0,0.13963859917201188,3697,0.14851399107815305,0.5504408693017842
2024-11-18,0,0.11737310617225721,3697,0.14851399107815305,0.5504408693017842
2024-11-19,0,0.11146317420081679,3697,0.14851399107815305,0.5504408693017842
2024-11-20,0,0.06526938754027806,3697,0.14851399107815305,0.5504408693017842
2024-11-21,0,0.0792322662595704,3697,0.14851399107815305,0.5504408693017842
2024-11-22,0,0.08905196004950236,3697,0.14851399107815305,0.5504408693017842
2024-11-25,0,0.07795053740999687,3697,0.14851399107815305,0.5504408693017842
2024-11-26,0,0.04493328858905072,3697,0.14851399107815305,0.5504408693017842
2024-11-27,0,0.12716663014772875,3697,0.14851399107815305,0.5504408693017842
2024-11-28,0,0.1622910323433101,3697,0.14851399107815305,0.5504408693017842
2024-11-29,0,0.16279469084290596,3697,0.14851399107815305,0.5504408693017842
2024-12-02,0,0.1930136681663445,3697,0.14851399107815305,0.5504408693017842
2024-12-03,0,0.19666364049024063,3697,0.14851399107815305,0.5504408693017842
2024-12-04,0,0.2217194570135747,3697,0.14851399107815305,0.5504408693017842
2024-12-05,0,0.21305539518746255,3697,0.14851399107815305,0.5504408693017842
2024-12-06,0,0.17913049289147037,3697,0.14851399107815305,0.5504408693017842
2024-12-09,0,0.18089590547522372,3697,0.14851399107815305,0.5504408693017842
2024-12-10,0,0.16765134236487048,3697,0.14851399107815305,0.5504408693017842
2024-12-11,0,0.15902906042688986,3697,0.14851399107815305,0.5504408693017842
2024-12-12,0,0.19764312687182597,3697,0.14851399107815305,0.5504408693017842
2024-12-13,0,0.17540482391575132,3697,0.14851399107815305,0.5504408693017842
2024-12-16,0,0.13846797958164925,3697,0.14851399107815305,0.5504408693017842
2024-12-17,0,0.08897813380677112,3697,0.14851399107815305,0.5504408693017842
2024-12-18,0,0.08679896830302905,3697,0.14851399107815305,0.5504408693017842
2024-12-19,0,0.08364080375866001,3697,0.14851399107815305,0.5504408693017842
2024-12-20,0,0.08340471431743916,3697,0.14851399107815305,0.5504408693017842
2024-12-23,0,0.09910251548476805,3697,0.14851399107815305,0.5504408693017842
2024-12-24,0,0.07765568150197674,3697,0.14851399107815305,0.5504408693017842
2024-12-25,0,0.11258652056627837,3697,0.14851399107815305,0.5504408693017842
2024-12-26,0,0.09883702770518596,3697,0.14851399107815305,0.5504408693017842
2024-12-27,0,0.1327028454821367,3697,0.14851399107815305,0.5504408693017842
2024-12-30,0,0.12698568195059573,3697,0.14851399107815305,0.5504408693017842
2025-01-06,0,0.09203021427470326,3697,0.14851399107815305,0.5504408693017842
2025-01-07,0,0.09107109936704971,3697,0.14851399107815305,0.5504408693017842
2025-01-08,0,0.07927211880359754,3697,0.14851399107815305,0.5504408693017842
2025-01-09,0,0.11447742984953241,3697,0.14851399107815305,0.5504408693017842
2025-01-10,0,0.15450018219361109,3697,0.14851399107815305,0.5504408693017842
2025-01-14,0,0.13693004671624162,3697,0.05549626467449306,0.5377575061922311
2025-01-15,0,0.27165077772202717,3697,0.05549626467449306,0.5377575061922311
2025-01-16,0,0.26803337139893574,3697,0.05549626467449306,0.5377575061922311
2025-01-17,0,0.23060757159709358,3697,0.05549626467449306,0.5377575061922311
2025-01-20,0,0.2114850079839139,3697,0.05549626467449306,0.5377575061922311
2025-01-21,0,0.20738483247915185,3697,0.05549626467449306,0.5377575061922311
2025-01-22,0,-0.9184982880273082,3697,0.05549626467449306,0.5377575061922311
2025-01-23,0,-0.9181500873478203,3697,0.05549626467449306,0.5377575061922311
2025-01-24,0,-0.9155425040531033,3697,0.05549626467449306,0.5377575061922311
2025-01-27,0,-0.9204584715446147,3697,0.05549626467449306,0.5377575061922311
2025-01-28,0,-0.9150465165354017,3697,0.05549626467449306,0.5377575061922311
2025-01-29,0,-0.9138723800325449,3697,0.05549626467449306,0.5377575061922311
2025-01-30,0,-0.91275452664099,3697,0.05549626467449306,0.5377575061922311
2025-01-31,1,-0.9150727748097436,3697,0.05549626467449306,0.5377575061922311
2025-02-03,1,-0.9159583930630629,3697,0.05549626467449306,0.5377575061922311
2025-02-04,0,-0.9070047701601301,3697,0.05549626467449306,0.5377575061922311
2025-02-05,0,-0.8997087911961625,3697,0.05549626467449306,0.5377575061922311
2025-02-06,1,-0.8982454583042311,3697,0.05549626467449306,0.5377575061922311
2025-02-07,1,-0.8990889229077181,3697,0.05549626467449306,0.5377575061922311
2025-02-10,1,-0.8953922337208704,3697,0.05549626467449306,0.5377575061922311
2025-02-12,0,-0.8910161349373352,3697,0.05549626467449306,0.5377575061922311
2025-02-13,0,-0.8880735477219457,3697,0.05549626467449306,0.5377575061922311
2025-02-14,0,-0.886434144725143,3697,0.05549626467449306,0.5377575061922311
2025-02-17,1,-0.8897443469044132,3697,0.05549626467449306,0.5377575061922311
2025-02-18,1,-0.8866424194110907,3697,0.05549626467449306,0.5377575061922311
2025-02-19,1,-0.8869922575541673,3697,0.05549626467449306,0.5377575061922311
2025-02-20,1,-0.8869491878700205,3697,0.05549626467449306,0.5377575061922311
2025-02-21,1,-0.8840356930197596,3697,0.05549626467449306,0.5377575061922311
2025-02-25,1,-0.8842430981132401,3697,0.05549626467449306,0.5377575061922311
2025-02-26,1,-0.8817531156382384,3697,0.05549626467449306,0.5377575061922311
2025-02-27,1,-0.8819265280712572,3697,0.05549626467449306,0.5377575061922311
2025-02-28,1,-0.8851785397159776,3697,0.05549626467449306,0.5377575061922311
2025-03-03,1,-0.8819916497015285,3697,0.05549626467449306,0.5377575061922311
2025-03-04,1,-0.8805095109187229,3697,0.05549626467449306,0.5377575061922311
2025-03-05,1,-0.8782040169394982,3697,0.05549626467449306,0.5377575061922311
2025-03-06,1,-0.8827007341386344,3697,0.05549626467449306,0.5377575061922311
2025-03-07,1,-0.8780356773160511,3697,0.05549626467449306,0.5377575061922311
2025-03-10,1,-0.8771339536943524,3697,0.05549626467449306,0.5377575061922311
2025-03-11,1,-0.8719823075838423,3697,0.05549626467449306,0.5377575061922311
2025-03-12,1,-0.8679041558501229,3697,0.05549626467449306,0.5377575061922311
2025-03-13,1,-0.8589650318682883,3697,0.05549626467449306,0.5377575061922311
2025-03-14,1,-0.8510335695544494,3697,0.05549626467449306,0.5377575061922311
2025-03-17,1,-0.8400376083144868,3697,0.05549626467449306,0.5377575061922311
2025-03-18,1,-0.8321272881002317,3697,0.05549626467449306,0.5377575061922311
2025-03-19,1,-0.8289215725363192,3697,0.05549626467449306,0.5377575061922311
2025-03-21,1,-0.8239810204800174,3697,0.05549626467449306,0.5377575061922311
2025-03-24,1,-0.8171019045749067,3697,0.05549626467449306,0.5377575061922311
2025-03-25,1,-0.8099678173362559,3697,0.05549626467449306,0.5377575061922311
2025-03-26,1,-0.8026775296908322,3697,0.05549626467449306,0.5377575061922311
2025-03-27,1,-0.7946465187079913,3697,0.05549626467449306,0.5377575061922311
2025-03-28,1,-0.789947377760195,3697,0.05549626467449306,0.5377575061922311
2025-03-31,1,-0.7890194124757592,3697,0.05549626467449306,0.5377575061922311
2025-04-01,1,-0.7780502403892569,3697,0.05549626467449306,0.5377575061922311
2025-04-02,1,-0.7495804212468553,3697,0.05549626467449306,0.5377575061922311
2025-04-03,1,-0.7481328618128,3697,0.05549626467449306,0.5377575061922311
2025-04-04,1,-0.747383962918888,3697,0.05549626467449306,0.5377575061922311
2025-04-07,1,-0.7575897068101345,3697,0.05549626467449306,0.5377575061922311
2025-04-08,1,-0.7204200535431543,3697,0.05549626467449306,0.5377575061922311
2025-04-09,1,-0.6894737470024697,3697,0.05549626467449306,0.5377575061922311
2025-04-10,1,-0.6221544238441681,3697,0.12437025964679178,0.5328318584070797
2025-04-11,1,-0.5941266660158605,3697,0.12437025964679178,0.5328318584070797
2025-04-14,1,-0.5516782876601265,3697,0.12437025964679178,0.5328318584070797
2025-04-15,1,-0.4656431658965569,3697,0.12437025964679178,0.5328318584070797
2025-04-16,1,-0.3937120851995447,3697,0.12437025964679178,0.5328318584070797
2025-04-17,1,-0.23909282501336854,3697,0.12437025964679178,0.5328318584070797
2025-04-18,1,-0.03563610546867293,3697,0.12437025964679178,0.5328318584070797
2025-04-21,1,0.011675200400142131,3697,0.12437025964679178,0.5328318584070797
2025-04-22,1,0.014229249011857707,3697,0.12437025964679178,0.5328318584070797
2025-04-23,1,-0.02573614347289413,3697,0.12437025964679178,0.5328318584070797
2025-04-24,1,-0.042597474677396906,3697,0.12437025964679178,0.5328318584070797
2025-04-25,1,-0.028261301211198565,3697,0.12437025964679178,0.5328318584070797
2025-04-28,1,0.0714427544577261,3697,0.12437025964679178,0.5328318584070797
2025-04-30,0,0.04177151484650221,3697,0.12437025964679178,0.5328318584070797
2025-05-01,0,0.07466834287226658,3697,0.12437025964679178,0.5328318584070797
2025-05-02,0,0.09084422834265936,3697,0.12437025964679178,0.5328318584070797
2025-05-07,0,0.08688040483850724,3697,0.12437025964679178,0.5328318584070797
2025-05-08,0,0.12779569608206007,3697,0.12437025964679178,0.5328318584070797
2025-05-09,0,0.15625578260065026,3697,0.12437025964679178,0.5328318584070797
2025-05-12,0,0.14198509592516242,3697,0.12437025964679178,0.5328318584070797
2025-05-13,0,0.1598586665786084,3697,0.12437025964679178,0.5328318584070797
2025-05-14,0,0.14912761698388685,3697,0.12437025964679178,0.5328318584070797
2025-05-15,0,0.13333289257072592,3697,0.12437025964679178,0.5328318584070797
2025-05-16,0,0.14538960179917987,3697,0.12437025964679178,0.5328318584070797
2025-05-19,0,0.17094254332051226,3697,0.12437025964679178,0.5328318584070797
2025-05-20,0,0.21862380235964834,3697,0.12437025964679178,0.5328318584070797
2025-05-21,0,0.21081992478479353,3697,0.12437025964679178,0.5328318584070797
2025-05-22,0,0.21241194406476702,3697,0.12437025964679178,0.5328318584070797
2025-05-23,0,0.2209736845555746,3697,0.12437025964679178,0.5328318584070797
2025-05-26,0,0.24644670548334616,3697,0.12437025964679178,0.5328318584070797
2025-05-27,0,0.24360836628213728,3697,0.12437025964679178,0.5328318584070797
2025-05-28,0,0.2002260165875392,3697,0.12437025964679178,0.5328318584070797
2025-05-29,0,0.25349863932826133,3697,0.12437025964679178,0.5328318584070797
2025-05-30,0,0.29072077458676493,3697,0.12437025964679178,0.5328318584070797
2025-06-02,0,0.34954593641832593,3697,0.12437025964679178,0.5328318584070797
2025-06-03,0,0.3620194411154864,3697,0.12437025964679178,0.5328318584070797
2025-06-04,0,0.3344826284463124,3697,0.12437025964679178,0.5328318584070797
2025-06-05,0,0.3097572857981587,3697,0.12437025964679178,0.5328318584070797
2025-06-06,0,0.2947579845268796,3697,0.12437025964679178,0.5328318584070797
2025-06-09,0,0.282818212030575,3697,0.12437025964679178,0.5328318584070797
2025-06-10,0,0.2610542398777692,3697,0.12437025964679178,0.5328318584070797
2025-06-11,0,0.29321173065370537,3697,0.12437025964679178,0.5328318584070797
2025-06-12,0,0.29366605000391693,3697,0.12437025964679178,0.5328318584070797
2025-06-13,0,0.2615386458526768,3697,0.12437025964679178,0.5328318584070797
2025-06-16,0,0.2585088706651658,3697,0.12437025964679178,0.5328318584070797
2025-06-17,0,0.23665559443664852,3697,0.12437025964679178,0.5328318584070797
2025-06-18,0,0.22869907644493112,3697,0.12437025964679178,0.5328318584070797
2025-06-19,0,0.23873821168651857,3697,0.12437025964679178,0.5328318584070797
2025-06-20,0,0.21273105871130601,3697,0.12437025964679178,0.5328318584070797
2025-06-23,0,0.19039355868674945,3697,0.12437025964679178,0.5328318584070797
2025-06-24,0,0.22399710296543668,3697,0.12437025964679178,0.5328318584070797
2025-06-25,0,0.20694972756245505,3697,0.12437025964679178,0.5328318584070797
2025-06-26,0,0.2002586324243387,3697,0.12437025964679178,0.5328318584070797
2025-06-27,0,0.17638442079405947,3697,0.12437025964679178,0.5328318584070797
2025-06-30,0,0.1748825173493449,3697,0.12437025964679178,0.5328318584070797
2025-07-01,0,0.19208392199615096,3697,0.12437025964679178,0.5328318584070797
2025-07-02,0,0.12742200146963759,3697,0.12437025964679178,0.5328318584070797
2025-07-03,0,0.12629894330687944,3697,0.12437025964679178,0.5328318584070797
2025-07-04,0,0.11953942929281931,3697,0.12437025964679178,0.5328318584070797
2025-07-07,0,0.10268482132722176,3697,0.12437025964679178,0.5328318584070797
2025-07-08,0,0.1117262880640739,3697,0.12437025964679178,0.5328318584070797
2025-07-09,0,0.0794251619939693,3697,0.16397379342747515,0.49223949633817293
2025-07-10,0,-0.0013147599099363233,3697,0.16397379342747515,0.49223949633817293
2025-07-11,0,-0.04654272252642297,3697,0.16397379342747515,0.49223949633817293
2025-07-14,0,-0.026243750858761548,3697,0.16397379342747515,0.49223949633817293
2025-07-15,0,-0.02243800717215819,3697,0.16397379342747515,0.49223949633817293
2025-07-16,0,-0.01802439984258166,3697,0.16397379342747515,0.49223949633817293
2025-07-17,0,0.020155281938671478,3697,0.16397379342747515,0.49223949633817293
2025-07-18,0,0.00882631847691291,3697,0.16397379342747515,0.49223949633817293
2025-07-22,0,0.00756608649624815,3697,0.16397379342747515,0.49223949633817293
2025-07-23,0,-0.012565190648727782,3697,0.16397379342747515,0.49223949633817293
2025-07-24,0,-0.005374683387903902,3697,0.16397379342747515,0.49223949633817293
2025-07-25,0,-0.03107504237505783,3697,0.16397379342747515,0.49223949633817293
