Date,target,Close,MAdivergence,RSI,Volatility,Momentum,code,ROE,SelfCapitalRatio,OpProfitMargin,EPS,BPS,PER,PBR
2023-08-10,0,561.3,,,,,4755,-0.11941117160029822,0.05415247387717576,-0.12858449835526317,-65.46189225623014,548.2057614789089,-8.574454245883487,1.0238856273340988
2023-08-14,0,581.2,,,,,4755,-0.11941117160029822,0.05415247387717576,-0.12858449835526317,-65.46189225623014,548.2057614789089,-8.87844790256099,1.060185866037018
2023-08-15,0,574.0,,,,,4755,-0.11941117160029822,0.05415247387717576,-0.12858449835526317,-65.46189225623014,548.2057614789089,-8.768460247883702,1.0470521113304343
2023-08-16,0,560.3,,,,,4755,-0.11941117160029822,0.05415247387717576,-0.12858449835526317,-65.46189225623014,548.2057614789089,-8.559178182733865,1.022061494735962
2023-08-17,1,535.5,,,,,4755,-0.11941117160029822,0.05415247387717576,-0.12858449835526317,-65.46189225623014,548.2057614789089,-8.18033181662321,0.9768230063021733
2023-08-18,1,535.0,,,,,4755,-0.11941117160029822,0.05415247387717576,-0.12858449835526317,-65.46189225623014,548.2057614789089,-8.172693785048398,0.9759109400031051
2023-08-21,1,539.0,,,,,4755,-0.11941117160029822,0.05415247387717576,-0.12858449835526317,-65.46189225623014,548.2057614789089,-8.233798037646892,0.9832074703956516
2023-08-22,0,553.6,,,,,4755,-0.11941117160029822,0.05415247387717576,-0.12858449835526317,-65.46189225623014,548.2057614789089,-8.45682855963139,1.0098398063284466
2023-08-23,1,550.5,,,,,4755,-0.11941117160029822,0.05415247387717576,-0.12858449835526317,-65.46189225623014,548.2057614789089,-8.409472763867559,1.004184995274223
2023-08-24,1,548.3,,,,,4755,-0.11941117160029822,0.05415247387717576,-0.12858449835526317,-65.46189225623014,548.2057614789089,-8.375865424938386,1.0001719035583223
2023-08-25,1,543.6,,,,,4755,-0.11941117160029822,0.05415247387717576,-0.12858449835526317,-65.46189225623014,548.2057614789089,-8.304067928135158,0.9915984803470802
2023-08-28,1,551.2,,,,,4755,-0.11941117160029822,0.05415247387717576,-0.12858449835526317,-65.46189225623014,548.2057614789089,-8.420166008072295,1.0054618880929187
2023-08-29,1,567.0,,51.93798449612403,,,4755,-0.11941117160029822,0.05415247387717576,-0.12858449835526317,-65.46189225623014,548.2057614789089,-8.661527805836341,1.0342831831434778
2023-08-30,1,570.2,,52.77475516866159,,,4755,-0.11941117160029822,0.05415247387717576,-0.12858449835526317,-65.46189225623014,548.2057614789089,-8.710411207915135,1.040120407457515
2023-08-31,1,568.3,,51.210121012101204,,,4755,-0.11941117160029822,0.05415247387717576,-0.12858449835526317,-65.46189225623014,548.2057614789089,-8.68138668793085,1.0366545555210551
2023-09-01,1,572.7,,58.98366606170598,,,4755,-0.11941117160029822,0.05415247387717576,-0.12858449835526317,-65.46189225623014,548.2057614789089,-8.748601365789193,1.0446807389528567
2023-09-04,0,575.5,,54.95016611295679,,,4755,-0.11941117160029822,0.05415247387717576,-0.12858449835526317,-65.46189225623014,548.2057614789089,-8.791374342608137,1.049788310227639
2023-09-05,0,574.8,0.02805142403365307,53.590785907859036,,,4755,-0.11941117160029822,0.05415247387717576,-0.12858449835526317,-65.46189225623014,548.2057614789089,-8.7806810984034,1.0485114174089434
2023-09-06,0,585.8,0.04579503988231669,58.85042455911164,0.01944640458010444,0.04607142857142854,4755,-0.11941117160029822,0.05415247387717576,-0.12858449835526317,-65.46189225623014,548.2057614789089,-8.948717793049255,1.0685768759884464
2023-09-07,1,574.9,0.025530336004338117,52.989821882951645,0.019842098891994155,0.019507004788082982,4755,-0.11941117160029822,0.05415247387717576,-0.12858449835526317,-65.46189225623014,548.2057614789089,-8.782208704718363,1.0486938306687572
2023-09-08,1,572.3,0.018762460837368208,53.53470437017994,0.018246882564418428,0.05395948434622455,4755,-0.11941117160029822,0.05415247387717576,-0.12858449835526317,-65.46189225623014,548.2057614789089,-8.742490940529343,1.0439510859136019
2023-09-11,1,576.8,0.02558996315841869,48.43081312410839,0.017186589465366237,0.02889760970388866,4755,-0.11941117160029822,0.05415247387717576,-0.12858449835526317,-65.46189225623014,548.2057614789089,-8.811233224702647,1.0521596826052166
2023-09-12,0,600.1,0.06430147345719754,58.349328214971194,0.018870540331370755,0.0636299184686282,4755,-0.11941117160029822,0.05415247387717576,-0.12858449835526317,-65.46189225623014,548.2057614789089,-9.167165496088868,1.0946619721418007
2023-09-13,0,595.6,0.05356258402320804,61.99864038069341,0.018814279565907734,0.06604617862896012,4755,-0.11941117160029822,0.05415247387717576,-0.12858449835526317,-65.46189225623014,548.2057614789089,-9.098423211915563,1.0864533754501857
2023-09-14,0,609.1,0.07412919882059178,77.09867452135488,0.01914782069567947,0.07709991158267027,4755,-0.11941117160029822,0.05415247387717576,-0.12858449835526317,-65.46189225623014,548.2057614789089,-9.304650064435476,1.1110791655250305
2023-09-15,0,617.3,0.08430645138625406,78.67595818815325,0.019122751732310424,0.09976839479779076,4755,-0.11941117160029822,0.05415247387717576,-0.12858449835526317,-65.46189225623014,548.2057614789089,-9.429913782262386,1.1260370528297508
2023-09-19,0,620.1,0.08625582454542272,78.49613492621218,0.017967817434311407,0.06693048864418438,4755,-0.11941117160029822,0.05415247387717576,-0.12858449835526317,-65.46189225623014,548.2057614789089,-9.47268675908133,1.1311446241045335
2023-09-20,0,615.6,0.0752387672831183,73.44931921331312,0.017816355508879157,0.07247386759581875,4755,-0.11941117160029822,0.05415247387717576,-0.12858449835526317,-65.46189225623014,548.2057614789089,-9.403944474908027,1.1229360274129188
2023-09-21,0,628.2,0.0920659203115222,77.41707833450948,0.017232172842116374,0.12118507942173862,4755,-0.11941117160029822,0.05415247387717576,-0.12858449835526317,-65.46189225623014,548.2057614789089,-9.59642287059328,1.1459200981494404
2023-09-22,0,620.3,0.07201122647900567,74.42333785617362,0.014413451707059965,0.1583566760037347,4755,-0.11941117160029822,0.05415247387717576,-0.12858449835526317,-65.46189225623014,548.2057614789089,-9.475741971711255,1.1315094506241608
2023-09-25,0,614.3,0.05585386143787252,73.77269670477463,0.014691801695726196,0.14822429906542056,4755,-0.11941117160029822,0.05415247387717576,-0.12858449835526317,-65.46189225623014,548.2057614789089,-9.384085592813516,1.120564655035341
2023-09-26,0,607.4,0.03910767441064771,68.98648648648643,0.015066408801305867,0.12690166975881256,4755,-0.11941117160029822,0.05415247387717576,-0.12858449835526317,-65.46189225623014,548.2057614789089,-9.278680757081116,1.107978140108198
2023-09-27,0,603.9,0.029576235355092056,63.596168017686026,0.01447130286433305,0.09085982658959524,4755,-0.11941117160029822,0.05415247387717576,-0.12858449835526317,-65.46189225623014,548.2057614789089,-9.225214536057436,1.1015936760147198
2023-09-28,0,609.9,0.035610465116279036,64.33212996389886,0.014393846982281164,0.10790190735694827,4755,-0.11941117160029822,0.05415247387717576,-0.12858449835526317,-65.46189225623014,548.2057614789089,-9.316870914955174,1.1125384716035398
2023-09-29,0,613.1,0.03648228293210718,66.02288984263232,0.014292747160771068,0.11818347619916114,4755,-0.11941117160029822,0.05415247387717576,-0.12858449835526317,-65.46189225623014,548.2057614789089,-9.36575431703397,1.118375695917577
2023-10-02,1,579.5,-0.022693083466564158,52.01183431952662,0.01845069408508607,0.06604120676968361,4755,-0.11941117160029822,0.05415247387717576,-0.12858449835526317,-65.46189225623014,548.2057614789089,-8.85247859520663,1.0570848406201858
2023-10-03,1,565.9,-0.04657447468089983,47.330367074527246,0.01901058796363856,0.02666908563134962,4755,-0.11941117160029822,0.05415247387717576,-0.12858449835526317,-65.46189225623014,548.2057614789089,-8.644724136371755,1.0322766372855274
2023-10-04,1,560.3,-0.05558289902170322,46.074715755278845,0.018240465757803193,-0.011816578483245244,4755,-0.11941117160029822,0.05415247387717576,-0.12858449835526317,-65.46189225623014,548.2057614789089,-8.559178182733865,1.022061494735962
2023-10-05,1,578.0,-0.026260638692156793,47.96238244514108,0.01930093349811635,0.013679410733075992,4755,-0.11941117160029822,0.05415247387717576,-0.12858449835526317,-65.46189225623014,548.2057614789089,-8.829564500482196,1.0543486417229808
2023-10-06,1,576.0,-0.03013322197825875,50.3013698630137,0.019302071514894326,0.01354918177019182,4755,-0.11941117160029822,0.05415247387717576,-0.12858449835526317,-65.46189225623014,548.2057614789089,-8.799012374182949,1.0507003765267076
2023-10-10,1,585.4,-0.01514794651449186,53.46011621764395,0.01950725625721931,0.022175659158372607,4755,-0.11941117160029822,0.05415247387717576,-0.12858449835526317,-65.46189225623014,548.2057614789089,-8.942607367789407,1.067847222949192
2023-10-11,1,587.9,-0.01176668347621449,52.963160704751736,0.01950259095664032,0.021546481320590782,4755,-0.11941117160029822,0.05415247387717576,-0.12858449835526317,-65.46189225623014,548.2057614789089,-8.980797525663464,1.0724075544445335
2023-10-12,1,601.7,0.009604413600547751,50.44994375703038,0.02000246831088403,0.04679888656924169,4755,-0.11941117160029822,0.05415247387717576,-0.12858449835526317,-65.46189225623014,548.2057614789089,-9.191607197128265,1.0975805842988193
2023-10-13,1,575.7,-0.03336624287239823,45.00752634219771,0.021602715085786733,-0.01724137931034464,4755,-0.11941117160029822,0.05415247387717576,-0.12858449835526317,-65.46189225623014,548.2057614789089,-8.794429555238063,1.0501531367472665
2023-10-16,1,566.2,-0.04876147467172023,39.01689708141323,0.021533054139230758,-0.015133066620281688,4755,-0.11941117160029822,0.05415247387717576,-0.12858449835526317,-65.46189225623014,548.2057614789089,-8.649306955316643,1.0328238770649685
2023-10-17,1,571.4,-0.03996720363985835,38.06552262090486,0.021597725176014975,-0.0015726017822820237,4755,-0.11941117160029822,0.05415247387717576,-0.12858449835526317,-65.46189225623014,548.2057614789089,-8.728742483694681,1.042309366575279
2023-10-18,1,576.4,-0.03154046225292864,38.76606683804627,0.021611632937586705,-0.0006934812760055475,4755,-0.11941117160029822,0.05415247387717576,-0.12858449835526317,-65.46189225623014,548.2057614789089,-8.805122799442797,1.051430029565962
2023-10-19,1,571.0,-0.0387334850709082,38.58751279426817,0.019985597686003477,-0.04849191801366437,4755,-0.11941117160029822,0.05415247387717576,-0.12858449835526317,-65.46189225623014,548.2057614789089,-8.722632058434833,1.0415797135360243
2023-10-20,1,575.0,-0.030654906403409347,35.760171306209855,0.0200235219779617,-0.034586971121558174,4755,-0.11941117160029822,0.05415247387717576,-0.12858449835526317,-65.46189225623014,548.2057614789089,-8.783736311033326,1.0488762439285708
2023-10-23,1,565.3,-0.04418428492201988,35.41887592788973,0.01961616966054357,-0.07190937448694812,4755,-0.11941117160029822,0.05415247387717576,-0.12858449835526317,-65.46189225623014,548.2057614789089,-8.63555849848198,1.0311821577266453
2023-10-24,1,569.6,-0.033796758062436774,38.041733547351555,0.019448213347161007,-0.07727199092823578,4755,-0.11941117160029822,0.05415247387717576,-0.12858449835526317,-65.46189225623014,548.2057614789089,-8.70124557002536,1.039025927898633
2023-10-25,1,570.9,-0.02834793619672008,39.9338113623828,0.019416892639830947,-0.07934204160619263,4755,-0.11941117160029822,0.05415247387717576,-0.12858449835526317,-65.46189225623014,548.2057614789089,-8.72110445211987,1.0413973002762105
2023-10-26,1,555.5,-0.05067401290604823,37.474120082815745,0.019984217829800175,-0.09762833008447047,4755,-0.11941117160029822,0.05415247387717576,-0.12858449835526317,-65.46189225623014,548.2057614789089,-8.485853079615675,1.0133056582649063
2023-10-27,1,561.5,-0.03602502386331629,37.474120082815745,0.019582433269655614,-0.10617637695001603,4755,-0.11941117160029822,0.05415247387717576,-0.12858449835526317,-65.46189225623014,548.2057614789089,-8.577509458513413,1.024250453853726
2023-10-30,1,545.8,-0.05816008172506154,33.64122508507535,0.02008877089059704,-0.12010317588263741,4755,-0.11941117160029822,0.05415247387717576,-0.12858449835526317,-65.46189225623014,548.2057614789089,-8.337675267064329,0.9956115720629807
2023-10-31,1,556.8,-0.035349720376158356,43.80120152921899,0.02067129518965402,-0.0936024743610614,4755,-0.11941117160029822,0.05415247387717576,-0.12858449835526317,-65.46189225623014,548.2057614789089,-8.505711961710183,1.0156770306424838
2023-11-01,1,551.1,-0.0414852022429698,45.77625570776257,0.020657169697779643,-0.09269015475798481,4755,-0.11941117160029822,0.05415247387717576,-0.12858449835526317,-65.46189225623014,548.2057614789089,-8.418638401757333,1.005279474833105
2023-11-02,1,554.4,-0.0324134512681248,48.2938114517062,0.020741223543357654,-0.08196721311475408,4755,-0.11941117160029822,0.05415247387717576,-0.12858449835526317,-65.46189225623014,548.2057614789089,-8.469049410151088,1.011299112406956
2023-11-06,1,568.8,-0.004424778761061982,47.28773584905659,0.0214021418804675,-0.06738809640924748,4755,-0.11941117160029822,0.05415247387717576,-0.12858449835526317,-65.46189225623014,548.2057614789089,-8.689024719505662,1.0375666218201236
2023-11-07,1,563.1,-0.010939212545316499,46.27813040969417,0.02138779805039973,-0.0815527646387213,4755,-0.11941117160029822,0.05415247387717576,-0.12858449835526317,-65.46189225623014,548.2057614789089,-8.60195115955281,1.0271690660107449
2023-11-08,1,548.6,-0.034311343937249536,39.68609865470853,0.019136449857076576,-0.0533218291630716,4755,-0.11941117160029822,0.05415247387717576,-0.12858449835526317,-65.46189225623014,548.2057614789089,-8.380448243883274,1.0007191433377634
2023-11-09,1,550.6,-0.029745541693099307,39.51658234963463,0.01863146166822417,-0.02703657890086575,4755,-0.18427345531182843,0.05227038334146682,-0.12042201149513927,-97.39077732274623,528.5122437083578,-5.653512736379032,1.0417923265819942
2023-11-10,1,554.0,-0.023320428469680736,35.761194029850714,0.018586355708866742,-0.011243976441192127,4755,-0.18427345531182843,0.05227038334146682,-0.12042201149513927,-97.39077732274623,528.5122437083578,-5.688423639582244,1.048225479343307
2023-11-13,1,552.5,-0.024210184243246443,41.88811188811186,0.017360900661611414,-0.044117647058823484,4755,-0.18427345531182843,0.05227038334146682,-0.12042201149513927,-97.39077732274623,528.5122437083578,-5.673021770522003,1.045387323713316
2023-11-14,1,540.4,-0.04317402759284968,41.140109890109855,0.017826190252448634,-0.06180555555555556,4755,-0.18427345531182843,0.05227038334146682,-0.12042201149513927,-97.39077732274623,528.5122437083578,-5.5487800267693945,1.022492868298056
2023-11-15,1,562.1,-0.0031071983428276675,47.1314003701419,0.019433790573799927,-0.039801844892381255,4755,-0.18427345531182843,0.05227038334146682,-0.12042201149513927,-97.39077732274623,528.5122437083578,-5.771593732507545,1.0635515197452579
2023-11-16,1,554.5,-0.014250261325899998,43.351548269581066,0.01954135815618233,-0.05681238305834324,4755,-0.18427345531182843,0.05227038334146682,-0.12042201149513927,-97.39077732274623,528.5122437083578,-5.6935575959356575,1.0491715312199705
2023-11-17,1,553.0,-0.013500592256425597,44.40298507462687,0.018798189206062403,-0.0809373441914576,4755,-0.18427345531182843,0.05227038334146682,-0.12042201149513927,-97.39077732274623,528.5122437083578,-5.678155726875417,1.0463333755899797
2023-11-20,1,562.0,0.0035355880147137928,46.07961399276237,0.01722137101357768,-0.02379711655376071,4755,-0.18427345531182843,0.05227038334146682,-0.12042201149513927,-97.39077732274623,528.5122437083578,-5.770566941236861,1.0633623093699252
2023-11-21,1,584.4,0.04217937469237527,55.35014005602242,0.018707855649133975,0.03214411868597655,4755,-0.18427345531182843,0.05227038334146682,-0.12042201149513927,-97.39077732274623,528.5122437083578,-6.000568185869789,1.1057454334444559
2023-11-22,1,576.0,0.026862436088509807,51.75246440306681,0.018893575287129063,0.00805040252012601,4755,-0.18427345531182843,0.05227038334146682,-0.12042201149513927,-97.39077732274623,528.5122437083578,-5.914317719132441,1.089851761916507
2023-11-24,1,577.9,0.030139467229479237,51.91048034934498,0.018825614539591785,0.002602359472588578,4755,-0.18427345531182843,0.05227038334146682,-0.12042201149513927,-97.39077732274623,528.5122437083578,-5.9338267532754125,1.0934467590478285
2023-11-27,1,579.2,0.031853488206370684,57.00768775872267,0.018720795169187433,0.014360770577933613,4755,-0.18427345531182843,0.05227038334146682,-0.12042201149513927,-97.39077732274623,528.5122437083578,-5.947175039794289,1.0959064939271541
2023-11-28,1,589.7,0.04946005395901114,58.12211981566822,0.019005963480790897,0.02556521739130435,4755,-0.18427345531182843,0.05227038334146682,-0.12042201149513927,-97.39077732274623,528.5122437083578,-6.054988123215974,1.1157735833370905
2023-11-29,1,602.8,0.06991736006588464,66.66666666666669,0.019066538617896735,0.06633645851760117,4755,-0.18427345531182843,0.05227038334146682,-0.12042201149513927,-97.39077732274623,528.5122437083578,-6.189497779675409,1.1405601425056775
2023-11-30,1,585.7,0.03837944019345738,58.15923207227559,0.020018186794219187,0.028265449438202195,4755,-0.18427345531182843,0.05227038334146682,-0.12042201149513927,-97.39077732274623,528.5122437083578,-6.013916472388665,1.1082051683237815
2023-12-01,1,560.0,-0.006415715664566121,52.25773718924404,0.02195932231628012,-0.019092660711157783,4755,-0.18427345531182843,0.05227038334146682,-0.12042201149513927,-97.39077732274623,528.5122437083578,-5.750031115823207,1.0595781018632706
2023-12-04,1,565.0,0.0017801544691804644,52.66599597585514,0.021323222779726283,0.017101710171017137,4755,-0.18427345531182843,0.05227038334146682,-0.12042201149513927,-97.39077732274623,528.5122437083578,-5.801370679357343,1.069038620629907
2023-12-05,1,567.0,0.0049342804883236065,49.51716738197426,0.02123195193837709,0.009795191451469343,4755,-0.18427345531182843,0.05227038334146682,-0.12042201149513927,-97.39077732274623,528.5122437083578,-5.821906504770997,1.0728228281365615
2023-12-06,1,585.0,0.033963491367730456,55.510820332159035,0.02124273405553483,0.07182117991938441,4755,-0.18427345531182843,0.05227038334146682,-0.12042201149513927,-97.39077732274623,528.5122437083578,-6.006728933493886,1.1068806956964523
2023-12-07,1,583.2,0.028861759932256037,59.301075268817215,0.02096716633240069,0.0474137931034484,4755,-0.18427345531182843,0.05227038334146682,-0.12042201149513927,-97.39077732274623,528.5122437083578,-5.988246690621597,1.1034749089404632
2023-12-08,1,579.6,0.020458466847424212,57.72921108742005,0.020883392643836634,0.0517147523135546,4755,-0.18427345531182843,0.05227038334146682,-0.12042201149513927,-97.39077732274623,528.5122437083578,-5.951282204877019,1.096663335428485
2023-12-11,1,589.6,0.03549776250992291,59.165808444902176,0.021088435086829897,0.06349206349206349,4755,-0.18427345531182843,0.05227038334146682,-0.12042201149513927,-97.39077732274623,528.5122437083578,-6.053961331945291,1.1155843729617578
2023-12-12,1,579.4,0.016826602458354625,56.62888122227698,0.020871522934646516,0.01863572433192684,4755,-0.18427345531182843,0.05227038334146682,-0.12042201149513927,-97.39077732274623,528.5122437083578,-5.949228622335654,1.0962849146778195
2023-12-13,1,577.6,0.01263692337900947,59.657320872274155,0.0207656591150471,0.025750310779612873,4755,-0.18427345531182843,0.05227038334146682,-0.12042201149513927,-97.39077732274623,528.5122437083578,-5.930746379463365,1.0928791279218304
2023-12-14,1,574.1,0.004704136419956158,53.440366972477065,0.020061384469925697,0.04648195406489242,4755,-0.18427345531182843,0.05227038334146682,-0.12042201149513927,-97.39077732274623,528.5122437083578,-5.89480868498947,1.086256764785185
2023-12-15,1,590.8,0.031028585389689667,59.89100817438692,0.02078022469233164,0.07301126044315276,4755,-0.18427345531182843,0.05227038334146682,-0.12042201149513927,-97.39077732274623,528.5122437083578,-6.066282827193483,1.1178548974657503
2023-12-18,1,581.1,0.012185945403620215,57.329160146061575,0.021126148712581727,0.0489169675090253,4755,-0.18427345531182843,0.05227038334146682,-0.12042201149513927,-97.39077732274623,528.5122437083578,-5.966684073937261,1.099501491058476
2023-12-19,1,577.5,0.00416620298241702,54.159957058507786,0.021170862974901377,0.045248868778280604,4755,-0.18427345531182843,0.05227038334146682,-0.12042201149513927,-97.39077732274623,528.5122437083578,-5.9297195881926825,1.0926899175464977
2023-12-20,1,576.6,8.325354868251575e-05,47.63349514563108,0.020597697290306118,0.06698741672834951,4755,-0.18427345531182843,0.05227038334146682,-0.12042201149513927,-97.39077732274623,528.5122437083578,-5.920478466756538,1.0909870241685031
2023-12-21,1,578.8,0.0027372578912718327,50.882723833543494,0.019077852426910073,0.029710016011385676,4755,-0.18427345531182843,0.05227038334146682,-0.12042201149513927,-97.39077732274623,528.5122437083578,-5.9430678747115575,1.095149652425823
2023-12-22,1,578.8,0.00105155380911522,50.287172941927246,0.018828849636906994,0.04382326420198379,4755,-0.18427345531182843,0.05227038334146682,-0.12042201149513927,-97.39077732274623,528.5122437083578,-5.9430678747115575,1.095149652425823
2023-12-25,1,569.6,-0.015990159901598966,47.0838396111786,0.01914503108073997,0.03001808318264021,4755,-0.18427345531182843,0.05227038334146682,-0.12042201149513927,-97.39077732274623,528.5122437083578,-5.848603077808748,1.0777422978952123
2023-12-26,1,565.4,-0.023475281178323683,42.324699936828765,0.01896071805783497,0.006049822064056798,4755,-0.18427345531182843,0.05227038334146682,-0.12042201149513927,-97.39077732274623,528.5122437083578,-5.805477844440073,1.0697954621312378
2023-12-27,1,578.6,-0.0002764531066417309,42.36111111111112,0.017780359305360746,-0.009924709103353746,4755,-0.18427345531182843,0.05227038334146682,-0.12042201149513927,-97.39077732274623,528.5122437083578,-5.941014292170192,1.0947712316751577
2023-12-28,1,584.0,0.008496235407888303,49.42058623040217,0.01762704242652436,0.01388888888888884,4755,-0.18427345531182843,0.05227038334146682,-0.12042201149513927,-97.39077732274623,528.5122437083578,-5.996461020787058,1.104988591943125
2023-12-29,1,628.0,0.08073875721926595,70.60606060606062,0.02310664370154945,0.08669319951548715,4755,-0.18427345531182843,0.05227038334146682,-0.12042201149513927,-97.39077732274623,528.5122437083578,-6.448249179887454,1.1882411570895248
2024-01-04,1,625.1,0.07235984354628434,68.44689993861269,0.023163909864778523,0.07924723756906071,4755,-0.18427345531182843,0.05227038334146682,-0.12042201149513927,-97.39077732274623,528.5122437083578,-6.418472233037655,1.1827540562048757
2024-01-05,1,648.2,0.10754194716877978,72.06521739130439,0.023958135697656046,0.09920298456842458,4755,-0.18427345531182843,0.05227038334146682,-0.12042201149513927,-97.39077732274623,528.5122437083578,-6.655661016565363,1.2264616529067358
2024-01-09,1,671.9,0.14264043644477092,72.90458618871907,0.024575030171097523,0.11463171864631727,4755,-0.18427345531182843,0.05227038334146682,-0.12042201149513927,-97.39077732274623,528.5122437083578,-6.8990105477171655,1.271304511860592
2024-01-10,1,659.8,0.1164355283017589,69.15,0.024077675812018598,0.12651528086050856,4755,-0.18427345531182843,0.05227038334146682,-0.12042201149513927,-97.39077732274623,528.5122437083578,-6.774768803964557,1.2484100564453318
2024-01-11,1,643.7,0.08305739514348791,65.0823529411765,0.02270441986163568,0.14946428571428583,4755,-0.18427345531182843,0.05227038334146682,-0.12042201149513927,-97.39077732274623,528.5122437083578,-6.6094554093846405,1.217947186016763
2024-01-12,1,654.2,0.09415558350504437,65.16431924882632,0.0227942607179119,0.15787610619469028,4755,-0.18427345531182843,0.05227038334146682,-0.12042201149513927,-97.39077732274623,528.5122437083578,-6.717268492806325,1.2378142754266994
2024-01-15,1,651.4,0.08335550824906866,67.50972762645918,0.022884680008926708,0.1488536155202822,4755,-0.18427345531182843,0.05227038334146682,-0.12042201149513927,-97.39077732274623,528.5122437083578,-6.688518337227209,1.2325163849173828
2024-01-16,1,645.9,0.06987391422456912,66.31629240324894,0.022393272253402347,0.10410256410256413,4755,-0.18427345531182843,0.05227038334146682,-0.12042201149513927,-97.39077732274623,528.5122437083578,-6.63204481733966,1.222109814274083
2024-01-17,1,648.3,0.06923736640717756,67.81940441882806,0.022342399908293786,0.11162551440329205,4755,-0.18427345531182843,0.05227038334146682,-0.12042201149513927,-97.39077732274623,528.5122437083578,-6.656687807836044,1.2266508632820683
2024-01-18,1,652.3,0.07069931125949544,65.7289002557545,0.02223339512304937,0.12543133195307088,4755,-0.18427345531182843,0.05227038334146682,-0.12042201149513927,-97.39077732274623,528.5122437083578,-6.697759458663353,1.2342192782953774
2024-01-19,1,651.2,0.06458806065797826,68.75334403424294,0.022119779200173502,0.10447761194029859,4755,-0.18427345531182843,0.05227038334146682,-0.12042201149513927,-97.39077732274623,528.5122437083578,-6.6864647546858444,1.2321379641667176
2024-01-22,1,658.6,0.0711381452688417,71.2637650760357,0.021697120515302606,0.13669313082499146,4755,-0.18427345531182843,0.05227038334146682,-0.12042201149513927,-97.39077732274623,528.5122437083578,-6.762447308716364,1.2461395319413393
2024-01-23,1,654.5,0.0591711763030475,70.08767405879321,0.02175670138986436,0.1331371191135733,4755,-0.18427345531182843,0.05227038334146682,-0.12042201149513927,-97.39077732274623,528.5122437083578,-6.720348866618373,1.2383819065526975
2024-01-24,1,661.1,0.06386060223747068,70.75138678769545,0.021646845703550577,0.1515415432851419,4755,-0.18427345531182843,0.05227038334146682,-0.12042201149513927,-97.39077732274623,528.5122437083578,-6.788117090483433,1.2508697913246574
2024-01-25,1,661.5,0.05968179109450787,70.81026673376954,0.021117470555525722,0.11966824644549767,4755,-0.18427345531182843,0.05227038334146682,-0.12042201149513927,-97.39077732274623,528.5122437083578,-6.792224255566163,1.2516266328259884
2024-01-26,1,684.7,0.08961342355360086,77.05688763516692,0.021475788406509946,0.1782825675443125,4755,-0.18427345531182843,0.05227038334146682,-0.12042201149513927,-97.39077732274623,528.5122437083578,-7.030439830364553,1.295523439903181
2024-01-29,1,654.7,0.03677732803780357,68.72117400419289,0.023633818222080025,0.13367965367965384,4755,-0.18427345531182843,0.05227038334146682,-0.12042201149513927,-97.39077732274623,528.5122437083578,-6.722402449159739,1.238760327303363
2024-01-30,1,651.2,0.026384642057812956,65.86538461538464,0.023691649580313303,0.1293791189732918,4755,-0.18427345531182843,0.05227038334146682,-0.12042201149513927,-97.39077732274623,528.5122437083578,-6.6864647546858444,1.2321379641667176
2024-01-31,1,650.5,0.020667536966836583,64.83712628290942,0.023723238908524118,0.12387698686938498,4755,-0.18427345531182843,0.05227038334146682,-0.12042201149513927,-97.39077732274623,528.5122437083578,-6.679277215791065,1.2308134915393885
2024-02-01,1,624.2,-0.02338127245190436,49.079457364341096,0.025393834548523547,0.07843814789219095,4755,-0.18427345531182843,0.05227038334146682,-0.12042201149513927,-97.39077732274623,528.5122437083578,-6.409231111601511,1.1810511628268812
2024-02-02,1,632.0,-0.01502400099744403,51.632749645054425,0.02513171038692834,0.1095505617977528,4755,-0.18427345531182843,0.05227038334146682,-0.12042201149513927,-97.39077732274623,528.5122437083578,-6.489320830714762,1.195809572102834
2024-02-05,1,649.3,0.006672909599439158,50.26763990267637,0.02540893619623314,0.14839051998585062,4755,-0.18427345531182843,0.05227038334146682,-0.12042201149513927,-97.39077732274623,528.5122437083578,-6.666955720542871,1.2285429670353956
2024-02-06,1,643.2,-0.006763643102010555,42.36295902075573,0.025313480439238853,0.11164880746629802,4755,-0.18427345531182843,0.05227038334146682,-0.12042201149513927,-97.39077732274623,528.5122437083578,-6.604321453031226,1.2170011341400995
2024-02-07,1,635.0,-0.022505464733228665,43.2608695652174,0.025523880445804104,0.08732876712328763,4755,-0.18427345531182843,0.05227038334146682,-0.12042201149513927,-97.39077732274623,528.5122437083578,-6.520124568835244,1.2014858833628157
2024-02-08,1,619.0,-0.046606906324122836,43.28439369222402,0.021336481107831283,-0.014331210191082855,4755,-0.18427345531182843,0.05227038334146682,-0.12042201149513927,-97.39077732274623,528.5122437083578,-6.3558379655260095,1.1712122233095794
2024-02-09,1,617.5,-0.048471699159881435,39.50829045168666,0.02132273689457674,-0.012158054711246202,4755,-0.18427345531182843,0.05227038334146682,-0.12042201149513927,-97.39077732274623,528.5122437083578,-6.340436096465768,1.1683740676795884
2024-02-13,1,641.7,-0.010784712715971704,47.52929190015284,0.021489438088631168,-0.010027769207034853,4755,-0.18427345531182843,0.05227038334146682,-0.12042201149513927,-97.39077732274623,528.5122437083578,-6.588919583970986,1.2141629785101085
2024-02-14,1,631.3,-0.024374412739231566,46.37176938369781,0.020287948542946174,-0.060425658580145925,4755,-0.31209508303124966,0.048074930777452916,-0.10276418603640683,-158.47374702768067,507.77393058708617,-3.98362512302893,1.243269813537086
2024-02-15,1,731.2,0.12504769759111786,63.87679946434551,0.037727579904810446,0.10821461048802683,4755,-0.31209508303124966,0.048074930777452916,-0.10276418603640683,-158.47374702768067,507.77393058708617,-4.614013448374393,1.4400109102777088
2024-02-16,1,778.7,0.18825992480101578,68.46873173582702,0.0390595964696439,0.2097250271865776,4755,-0.31209508303124966,0.048074930777452916,-0.10276418603640683,-158.47374702768067,507.77393058708617,-4.913747637102214,1.5335564767960226
2024-02-19,1,792.5,0.19919498834851554,69.9070160608622,0.039072612988082234,0.211403240599205,4755,-0.31209508303124966,0.048074930777452916,-0.10276418603640683,-158.47374702768067,507.77393058708617,-5.000828306669455,1.5607339255950274
2024-02-20,1,749.7,0.1277211518790842,61.67050986420702,0.04096432726930247,0.15090574147988955,4755,-0.31209508303124966,0.048074930777452916,-0.10276418603640683,-158.47374702768067,507.77393058708617,-4.730752027142071,1.4764444467111573
2024-02-21,1,767.3,0.14582586672401013,63.96731054977711,0.04097984175368942,0.18795479176343077,4755,-0.31209508303124966,0.048074930777452916,-0.10276418603640683,-158.47374702768067,507.77393058708617,-4.841811431807537,1.5111055408316272
2024-02-22,1,763.2,0.13193443323188622,62.72115624221282,0.04105630858733411,0.17723276260990306,4755,-0.31209508303124966,0.048074930777452916,-0.10276418603640683,-158.47374702768067,507.77393058708617,-4.815939638675241,1.503031081405836
2024-02-26,0,788.0,0.15938276109652869,64.85788113695091,0.041362176321834164,0.20803311359803778,4755,-0.31209508303124966,0.048074930777452916,-0.10276418603640683,-158.47374702768067,507.77393058708617,-4.972432436158399,1.5518717140301346
2024-02-27,1,771.7,0.12740543351858033,60.3868194842407,0.0417275158038414,0.18504299754299747,4755,-0.31209508303124966,0.048074930777452916,-0.10276418603640683,-158.47374702768067,507.77393058708617,-4.869576282973904,1.5197708143617448
2024-02-28,1,788.6,0.14340894196249904,66.50234163174761,0.04182013710127973,0.19738839963559074,4755,-0.31209508303124966,0.048074930777452916,-0.10276418603640683,-158.47374702768067,507.77393058708617,-4.976218552226539,1.553053342238787
2024-02-29,0,820.0,0.17763301508519147,69.46494464944651,0.04217853969429644,0.2528647822765471,4755,-0.31209508303124966,0.048074930777452916,-0.10276418603640683,-158.47374702768067,507.77393058708617,-5.174358626459247,1.6148918851582619
2024-03-01,0,821.1,0.16847300174182317,69.65437788018434,0.0422129248307172,0.24202087430040842,4755,-0.31209508303124966,0.048074930777452916,-0.10276418603640683,-158.47374702768067,507.77393058708617,-5.18129983925084,1.6170582035407912
2024-03-04,0,830.1,0.1700514196793036,74.70602351811857,0.04217257991804361,0.25487528344671206,4755,-0.31209508303124966,0.048074930777452916,-0.10276418603640683,-158.47374702768067,507.77393058708617,-5.238091580272953,1.6347826266705772
2024-03-05,1,822.2,0.15000083921248322,72.81669865642996,0.0420077575630408,0.20081787644223748,4755,-0.31209508303124966,0.048074930777452916,-0.10276418603640683,-158.47374702768067,507.77393058708617,-5.188241052042431,1.6192245219233208
2024-03-06,1,819.2,0.13535568564839467,71.10559006211182,0.040684686577274996,0.25126011913853663,4755,-0.31209508303124966,0.048074930777452916,-0.10276418603640683,-158.47374702768067,507.77393058708617,-5.169310471701726,1.6133163808800588
2024-03-07,0,838.6,0.1502924425813954,73.4968734968735,0.04064986152731949,0.28777641277641264,4755,-0.31209508303124966,0.048074930777452916,-0.10276418603640683,-158.47374702768067,507.77393058708617,-5.2917282245716155,1.6515223596264859
2024-03-08,1,825.4,0.12142472840707141,72.6235741444867,0.0409349850415214,0.26887009992313593,4755,-0.31209508303124966,0.048074930777452916,-0.10276418603640683,-158.47374702768067,507.77393058708617,-5.208433671072515,1.6255265390361333
2024-03-11,1,826.9,0.11122160465291275,75.5845434408073,0.03960238402926389,0.3247356616469079,4755,-0.31209508303124966,0.048074930777452916,-0.10276418603640683,-158.47374702768067,507.77393058708617,-5.2178989612428675,1.6284806095577642
2024-03-12,1,818.3,0.088761395871142,74.2864054184809,0.039854927101340094,0.29477848101265813,4755,-0.31209508303124966,0.048074930777452916,-0.10276418603640683,-158.47374702768067,507.77393058708617,-5.1636312975995144,1.61154393856708
2024-03-13,1,806.7,0.0644109124879268,70.58383233532936,0.04001432719450607,0.2424149083628524,4755,-0.31209508303124966,0.048074930777452916,-0.10276418603640683,-158.47374702768067,507.77393058708617,-5.090433053615458,1.588699126533134
2024-03-14,1,800.7,0.04778430325680721,71.36730575176593,0.039977832937881506,0.24486940298507465,4755,-0.31209508303124966,0.048074930777452916,-0.10276418603640683,-158.47374702768067,507.77393058708617,-5.052571892934048,1.5768828444466103
2024-03-15,1,770.0,0.0005405517786231782,55.92909535452323,0.040889195130764076,0.21259842519685046,4755,-0.31209508303124966,0.048074930777452916,-0.10276418603640683,-158.47374702768067,507.77393058708617,-4.858848954114172,1.516422867770563
2024-03-18,0,827.2,0.06335935170044958,57.19798159691303,0.04229005260111636,0.3363489499192247,4755,-0.31209508303124966,0.048074930777452916,-0.10276418603640683,-158.47374702768067,507.77393058708617,-5.219792019276938,1.6290714236620907
2024-03-19,0,850.2,0.08000304870303095,58.33574111528461,0.042278359877906915,0.37684210526315787,4755,-0.31209508303124966,0.048074930777452916,-0.10276418603640683,-158.47374702768067,507.77393058708617,-5.364926468555674,1.674367171660432
2024-03-21,0,873.1,0.0962037776405063,68.91477621091356,0.04204072066774267,0.3606046439146018,4755,-0.31209508303124966,0.048074930777452916,-0.10276418603640683,-158.47374702768067,507.77393058708617,-5.509429898489718,1.719465981623998
2024-03-22,0,866.4,0.07509802948329775,65.7151918807485,0.04182613238357281,0.37240614604783784,4755,-0.31209508303124966,0.048074930777452916,-0.10276418603640683,-158.47374702768067,507.77393058708617,-5.467151602395478,1.7062711332940463
2024-03-25,0,882.8,0.08726710216468131,68.25396825396824,0.029082555476118307,0.20733041575492317,4755,-0.31209508303124966,0.048074930777452916,-0.10276418603640683,-158.47374702768067,507.77393058708617,-5.570638774924663,1.7385689709972116
2024-03-26,0,879.1,0.07738124417863619,64.86133768352366,0.02662010514429018,0.1289328367792475,4755,-0.31209508303124966,0.048074930777452916,-0.10276418603640683,-158.47374702768067,507.77393058708617,-5.547291059171127,1.731282263710522
2024-03-27,0,865.8,0.057282278981843786,65.50247116968697,0.026786531579607694,0.0924921135646688,4755,-0.31209508303124966,0.048074930777452916,-0.10276418603640683,-158.47374702768067,507.77393058708617,-5.463365486327337,1.705089505085394
2024-03-28,0,856.0,0.03991525176639824,61.369770580296894,0.024175757164903527,0.1417900493530746,4755,-0.31209508303124966,0.048074930777452916,-0.10276418603640683,-158.47374702768067,507.77393058708617,-5.401525590547702,1.685789577677405
2024-03-29,0,849.8,0.028260837999912875,55.494100294985245,0.02400908102506385,0.10751987488596382,4755,-0.31209508303124966,0.048074930777452916,-0.10276418603640683,-158.47374702768067,507.77393058708617,-5.3624023911769125,1.6735794195213303
2024-04-01,0,875.6,0.053746359544612085,59.209192294694155,0.024465090872038457,0.1472746331236896,4755,-0.31209508303124966,0.048074930777452916,-0.10276418603640683,-158.47374702768067,507.77393058708617,-5.525205382106972,1.724389432493383
2024-04-02,0,841.8,0.010452627080802565,51.82413470533207,0.025348178954695526,0.06827411167512687,4755,-0.31209508303124966,0.048074930777452916,-0.10276418603640683,-158.47374702768067,507.77393058708617,-5.3119208436017,1.6578243767392986
2024-04-03,1,858.1,0.02576301658721319,55.454269219082335,0.02505611134552235,0.11196060645328498,4755,-0.31209508303124966,0.048074930777452916,-0.10276418603640683,-158.47374702768067,507.77393058708617,-5.414776996786196,1.6899252764076884
2024-04-04,1,858.2,0.022479781540558505,55.97792765174739,0.024805172618351093,0.08825767182348465,4755,-0.31209508303124966,0.048074930777452916,-0.10276418603640683,-158.47374702768067,507.77393058708617,-5.415408016130886,1.690122214442464
2024-04-05,0,862.7,0.02575382859317046,53.87086411821394,0.02364302050456758,0.052073170731707474,4755,-0.31209508303124966,0.048074930777452916,-0.10276418603640683,-158.47374702768067,507.77393058708617,-5.443803886641943,1.6989844260073568
2024-04-08,0,886.3,0.05055663025337573,59.4653403792353,0.024165918720796487,0.07940567531360365,4755,-0.31209508303124966,0.048074930777452916,-0.10276418603640683,-158.47374702768067,507.77393058708617,-5.5927244519888175,1.7454618022143504
2024-04-09,0,905.2,0.06915237901758943,61.54526688292539,0.02438999594941078,0.09047102758703773,4755,-0.31209508303124966,0.048074930777452916,-0.10276418603640683,-158.47374702768067,507.77393058708617,-5.711987108135257,1.782683090786901
2024-04-10,0,892.1,0.05021143142370109,60.73923166472643,0.024522090512555533,0.08501581123814161,4755,-0.31209508303124966,0.048074930777452916,-0.10276418603640683,-158.47374702768067,507.77393058708617,-5.629323573980847,1.7568842082313236
2024-04-11,1,879.0,0.03188392186326067,60.475224572587635,0.024755364382126808,0.072998046875,4755,-0.31209508303124966,0.048074930777452916,-0.10276418603640683,-158.47374702768067,507.77393058708617,-5.546660039826437,1.7310853256757466
2024-04-12,1,874.0,0.02431157823677788,60.650973554199346,0.024433345153071145,0.042213212497018704,4755,-0.31209508303124966,0.048074930777452916,-0.10276418603640683,-158.47374702768067,507.77393058708617,-5.51510907259193,1.7212384239369767
2024-04-15,1,849.8,-0.005188286086215473,61.8187203791469,0.0249058342568625,0.029561424763750788,4755,-0.31209508303124966,0.048074930777452916,-0.10276418603640683,-158.47374702768067,507.77393058708617,-5.3624023911769125,1.6735794195213303
2024-04-16,1,809.8,-0.0512542938417055,47.28464419475654,0.026729037079269612,-0.020679646873866253,4755,-0.31209508303124966,0.048074930777452916,-0.10276418603640683,-158.47374702768067,507.77393058708617,-5.109994653300851,1.5948042056111713
2024-04-17,1,800.3,-0.06159272444150523,41.87031606386445,0.026750903606028623,-0.021996822681168315,4755,-0.31209508303124966,0.048074930777452916,-0.10276418603640683,-158.47374702768067,507.77393058708617,-5.0500478155552875,1.5760950923075083
2024-04-18,1,785.0,-0.07859523921310864,35.28232542599399,0.026873775268557942,-0.02689971488781462,4755,-0.31209508303124966,0.048074930777452916,-0.10276418603640683,-158.47374702768067,507.77393058708617,-4.953501855817694,1.5459635729868726
2024-04-19,1,743.9,-0.12450217020835873,31.645190290680276,0.028774187256365037,-0.07093792931185217,4755,-0.31209508303124966,0.048074930777452916,-0.10276418603640683,-158.47374702768067,507.77393058708617,-4.694152905150041,1.465022040694184
2024-04-22,1,760.8,-0.10422455611548073,31.747456612806715,0.028194586521419096,-0.01194805194805204,4755,-0.31209508303124966,0.048074930777452916,-0.10276418603640683,-158.47374702768067,507.77393058708617,-4.800795174402677,1.4983045685712264
2024-04-23,1,757.1,-0.1056282456563137,31.747456612806715,0.023555879855445862,-0.08474371373307543,4755,-0.31209508303124966,0.048074930777452916,-0.10276418603640683,-158.47374702768067,507.77393058708617,-4.777447458649142,1.4910178612845366
2024-04-24,1,766.8,-0.09058564007685192,35.02722323049002,0.02291396847470107,-0.0980945659844743,4755,-0.31209508303124966,0.048074930777452916,-0.10276418603640683,-158.47374702768067,507.77393058708617,-4.838656335084086,1.5101208506577501
2024-04-25,1,737.8,-0.11932659161008773,33.10463121783877,0.022946954073442483,-0.15496506700263435,4755,-0.31209508303124966,0.048074930777452916,-0.10276418603640683,-158.47374702768067,507.77393058708617,-4.655660725123942,1.4530088205728848
2024-04-26,1,737.8,-0.11388573954149793,33.70197904540163,0.022981299362978165,-0.14843028624192067,4755,-0.31209508303124966,0.048074930777452916,-0.10276418603640683,-158.47374702768067,507.77393058708617,-4.655660725123942,1.4530088205728848
2024-04-30,1,763.5,-0.07773370119296696,33.682678311499274,0.023906003243219308,-0.13513819664703208,4755,-0.31209508303124966,0.048074930777452916,-0.10276418603640683,-158.47374702768067,507.77393058708617,-4.817832696709312,1.5036218955101621
2024-05-01,1,755.0,-0.08249968403962633,36.36077938403521,0.023930301204203457,-0.1411671027186896,4755,-0.31209508303124966,0.048074930777452916,-0.10276418603640683,-158.47374702768067,507.77393058708617,-4.764196052410648,1.4868821625542534
2024-05-02,1,752.2,-0.08082664502947404,32.62225139481457,0.023853508531711108,-0.13120813120813113,4755,-0.31209508303124966,0.048074930777452916,-0.10276418603640683,-158.47374702768067,507.77393058708617,-4.746527510759324,1.4813678975805422
2024-05-07,1,797.6,-0.022558602366643483,41.34285714285714,0.0271797813026402,-0.06822429906542049,4755,-0.31209508303124966,0.048074930777452916,-0.10276418603640683,-158.47374702768067,507.77393058708617,-5.033010293248654,1.5707777653685728
2024-05-08,1,794.6,-0.023593020398132138,40.22955523672883,0.027163208889297703,-0.06495646034361013,4755,-0.31209508303124966,0.048074930777452916,-0.10276418603640683,-158.47374702768067,507.77393058708617,-5.014079712907949,1.5648696243253108
2024-05-09,0,790.6,-0.024432379072063123,35.45150501672242,0.026297039234817066,-0.09707629054362721,4755,-0.31209508303124966,0.048074930777452916,-0.10276418603640683,-158.47374702768067,507.77393058708617,-4.988838939120343,1.556992102934295
2024-05-10,0,807.7,-0.0016513480240680255,35.096300825435634,0.0257232502342959,-0.040508434307436336,4755,-0.31209508303124966,0.048074930777452916,-0.10276418603640683,-158.47374702768067,507.77393058708617,-5.096743247062359,1.5906685068808881
2024-05-13,0,804.5,-0.0029644611670458245,36.19167717528373,0.025361693718675617,-0.062463582333061485,4755,-0.31209508303124966,0.048074930777452916,-0.10276418603640683,-158.47374702768067,507.77393058708617,-5.076550628032273,1.5843664897680751
2024-05-14,0,817.9,0.01567156765348699,40.377952755905504,0.025640685906771432,-0.046958750873922206,4755,-0.03812982705136473,0.046615652315078915,-0.0647789044125664,-19.770697405125112,518.5100204753613,-41.36930444284569,1.5774044236409606
2024-05-15,0,792.1,-0.012905380481920357,37.8953591486846,0.026278862913486127,-0.08183609597774433,4755,-0.03812982705136473,0.046615652315078915,-0.0647789044125664,-19.770697405125112,518.5100204753613,-40.06434288932396,1.527646465296497
2024-05-16,0,790.0,-0.010773800281491113,40.54395951929158,0.025504760642861852,-0.1086539546428974,4755,-0.03812982705136473,0.046615652315078915,-0.0647789044125664,-19.770697405125112,518.5100204753613,-39.958125088455915,1.523596398919622
2024-05-17,1,795.6,0.0017375538263957031,47.48048261178142,0.025064433746785086,-0.12107821475916924,4755,-0.03812982705136473,0.046615652315078915,-0.0647789044125664,-19.770697405125112,518.5100204753613,-40.24137255743737,1.5343965759246219
2024-05-20,1,815.2,0.030406601073887842,52.552243919150406,0.025652222542412336,-0.08620109853155478,4755,-0.03812982705136473,0.046615652315078915,-0.0647789044125664,-19.770697405125112,518.5100204753613,-41.23273869887249,1.5721971954421214
2024-05-21,1,791.6,0.00501746973267246,51.099267155229846,0.026071635595498816,-0.0994311717861206,4755,-0.03812982705136473,0.046615652315078915,-0.0647789044125664,-19.770697405125112,518.5100204753613,-40.03905293673633,1.5266821637781935
2024-05-22,1,777.9,-0.007532495368740284,56.2316715542522,0.026208884994624343,-0.10995423340961097,4755,-0.03812982705136473,0.046615652315078915,-0.0647789044125664,-19.770697405125112,518.5100204753613,-39.34610823583526,1.5002603021766758
2024-05-23,1,781.9,0.001039575566389316,54.05925355906118,0.025808565443813616,-0.07990115321252056,4755,-0.03812982705136473,0.046615652315078915,-0.0647789044125664,-19.770697405125112,518.5100204753613,-39.5484278565363,1.5079747143231044
2024-05-24,1,775.9,-0.00491450908773783,53.58504958047291,0.024155751473657047,-0.04186218819461596,4755,-0.03812982705136473,0.046615652315078915,-0.0647789044125664,-19.770697405125112,518.5100204753613,-39.244948425484736,1.4964030961034616
2024-05-27,1,800.6,0.026747240119834342,56.096681096681095,0.02494029403864192,0.00037485942771464664,4755,-0.03812982705136473,0.046615652315078915,-0.0647789044125664,-19.770697405125112,518.5100204753613,-40.49427208331368,1.5440395911076574
2024-05-28,1,796.9,0.02137858552715894,61.73084557364033,0.024636377823396345,0.015159235668789739,4755,-0.03812982705136473,0.046615652315078915,-0.0647789044125664,-19.770697405125112,518.5100204753613,-40.30712643416521,1.536903759872211
2024-05-29,1,800.7,0.023269247481124366,62.299569808369185,0.021999818604295906,0.07635434870278268,4755,-0.03812982705136473,0.046615652315078915,-0.0647789044125664,-19.770697405125112,518.5100204753613,-40.4993300738312,1.5442324514113182
2024-05-30,1,798.4,0.018372542717054824,57.51183814033576,0.021645241883095002,0.04942166140904325,4755,-0.03812982705136473,0.046615652315078915,-0.0647789044125664,-19.770697405125112,518.5100204753613,-40.3829962919281,1.5397966644271217
2024-05-31,1,816.0,0.037703216879972364,62.63463131731564,0.021948613231941343,0.07779685642583534,4755,-0.03812982705136473,0.046615652315078915,-0.0647789044125664,-19.770697405125112,518.5100204753613,-41.27320262301269,1.573740077871407
2024-06-03,1,840.0,0.06426109872288671,66.71744097486669,0.022494842276700216,0.09546165884194058,4755,-0.03812982705136473,0.046615652315078915,-0.0647789044125664,-19.770697405125112,518.5100204753613,-42.48712034721895,1.6200265507499778
2024-06-04,1,844.7,0.06444913780501943,60.61288868859845,0.020748367008842403,0.14489021415017622,4755,-0.03812982705136473,0.046615652315078915,-0.0647789044125664,-19.770697405125112,518.5100204753613,-42.72484590154267,1.6290909850220314
2024-06-05,1,829.2,0.04012483505014984,57.38054607508531,0.021273784186185585,0.12388181078883176,4755,-0.03812982705136473,0.046615652315078915,-0.0647789044125664,-19.770697405125112,518.5100204753613,-41.94085737132613,1.599197637954621
2024-06-06,1,835.6,0.04437467503899549,59.50168918918917,0.020355329377122748,0.0944335297969876,4755,-0.03812982705136473,0.046615652315078915,-0.0647789044125664,-19.770697405125112,518.5100204753613,-42.2645687644478,1.6115406973889066
2024-06-07,1,850.0,0.057350702080866234,59.034600598035,0.020277974476983693,0.1258278145695364,4755,-0.03812982705136473,0.046615652315078915,-0.0647789044125664,-19.770697405125112,518.5100204753613,-42.99291939897155,1.639312581116049
2024-06-10,1,839.0,0.039179159936980346,57.13104588673005,0.020524750977566543,0.11539484179739423,4755,-0.03812982705136473,0.046615652315078915,-0.0647789044125664,-19.770697405125112,518.5100204753613,-42.436540442043686,1.6180979477133708
2024-06-11,1,818.9,0.013214223849941786,50.201126307321,0.01771183835719858,0.026705115346038033,4755,-0.03812982705136473,0.046615652315078915,-0.0647789044125664,-19.770697405125112,518.5100204753613,-41.41988434802094,1.5793330266775676
2024-06-12,1,808.7,-0.00010385962135756891,53.562231759656655,0.01789780465084526,0.017744777246413213,4755,-0.03812982705136473,0.046615652315078915,-0.0647789044125664,-19.770697405125112,518.5100204753613,-40.90396931523329,1.5596612757041752
2024-06-13,1,802.7,-0.00811597641325231,52.68045588856058,0.01793683638005478,0.015304831773336636,4755,-0.03812982705136473,0.046615652315078915,-0.0647789044125664,-19.770697405125112,518.5100204753613,-40.60048988418173,1.5480896574845324
2024-06-14,1,813.6,0.005059888524330812,53.7159372419488,0.01761601285158902,0.0073046923362634075,4755,-0.03812982705136473,0.046615652315078915,-0.0647789044125664,-19.770697405125112,518.5100204753613,-41.151810850592064,1.56911143058355
2024-06-17,1,786.0,-0.02814665341187308,44.16466826538768,0.018900321182472677,-0.022995649471721613,4755,-0.03812982705136473,0.046615652315078915,-0.0647789044125664,-19.770697405125112,518.5100204753613,-39.755805467754875,1.5158819867731936
2024-06-18,1,828.2,0.023510336441021483,56.80803571428571,0.021582960323632383,0.012593226555813741,4755,-0.03812982705136473,0.046615652315078915,-0.0647789044125664,-19.770697405125112,518.5100204753613,-41.89027746615088,1.5972690349180139
2024-06-19,1,829.0,0.022633633174284205,59.984368894099255,0.02051056003936675,0.04658502714303747,4755,-0.03812982705136473,0.046615652315078915,-0.0647789044125664,-19.770697405125112,518.5100204753613,-41.93074139029108,1.5988119173472997
2024-06-20,1,825.3,0.01629920794420129,58.48982785602502,0.020530959003299237,0.044683544303797396,4755,-0.03812982705136473,0.046615652315078915,-0.0647789044125664,-19.770697405125112,518.5100204753613,-41.74359574114261,1.591676086111853
2024-06-21,1,813.1,0.0004134041369944122,57.10466004583652,0.020767525393363354,0.02199597787833074,4755,-0.03812982705136473,0.046615652315078915,-0.0647789044125664,-19.770697405125112,518.5100204753613,-41.126520898004436,1.5681471290652464
2024-06-24,1,824.0,0.013385544006021441,54.71774193548386,0.020354038603762625,0.01079489695780178,4755,-0.03812982705136473,0.046615652315078915,-0.0647789044125664,-19.770697405125112,518.5100204753613,-41.67784186441477,1.5891689021642639
2024-06-25,1,848.0,0.040016090814990024,59.52292210212449,0.020150889246752252,0.07124810510358759,4755,-0.03812982705136473,0.046615652315078915,-0.0647789044125664,-19.770697405125112,518.5100204753613,-42.891759588621035,1.6354553750428347
2024-06-26,1,846.9,0.03516302992671113,58.697289156626496,0.019730322917139293,0.08870034708831476,4755,-0.03812982705136473,0.046615652315078915,-0.0647789044125664,-19.770697405125112,518.5100204753613,-42.836121692928245,1.633333911702567
2024-06-27,1,852.9,0.03889048591182159,60.118826587448936,0.01974051169977378,0.09080445069702003,4755,-0.03812982705136473,0.046615652315078915,-0.0647789044125664,-19.770697405125112,518.5100204753613,-43.13960112397981,1.6449055299222095
2024-06-28,1,829.9,0.008222253538922104,52.53003276301419,0.020562381479809752,0.06959659749967773,4755,-0.03812982705136473,0.046615652315078915,-0.0647789044125664,-19.770697405125112,518.5100204753613,-41.976263304948816,1.600547660080246
2024-07-01,1,861.4,0.04340790053829854,53.79163713678241,0.020954113527912467,0.07594304271796148,4755,-0.03812982705136473,0.046615652315078915,-0.0647789044125664,-19.770697405125112,518.5100204753613,-43.56953031796952,1.66129865573337
2024-07-02,1,867.9,0.04767722029347997,54.084507042253506,0.020907552175020327,0.08909524407077418,4755,-0.03812982705136473,0.046615652315078915,-0.0647789044125664,-19.770697405125112,518.5100204753613,-43.89829970160872,1.6738345754713164
2024-07-03,1,859.8,0.03494597769774479,55.53145336225595,0.02106511977901394,0.07381041588609949,4755,-0.03812982705136473,0.046615652315078915,-0.0647789044125664,-19.770697405125112,518.5100204753613,-43.488602469689106,1.6582128908747986
2024-07-04,1,885.9,0.06188898531407167,58.488018899763745,0.021713281409800726,0.1095941883767535,4755,-0.03812982705136473,0.046615652315078915,-0.0647789044125664,-19.770697405125112,518.5100204753613,-44.80873799476341,1.7085494301302444
2024-07-05,1,898.3,0.072520177658914,58.20591233435269,0.02149930588887644,0.10085784313725488,4755,-0.03812982705136473,0.046615652315078915,-0.0647789044125664,-19.770697405125112,518.5100204753613,-45.43592881893664,1.7324641077841727
2024-07-08,1,887.8,0.05756951988869191,58.30496936691626,0.021047497188854427,0.05690476190476179,4755,-0.03812982705136473,0.046615652315078915,-0.0647789044125664,-19.770697405125112,518.5100204753613,-44.90483981459641,1.712213775899798
2024-07-09,1,893.8,0.06223170865044984,63.38934572756525,0.021056075355390922,0.05812714573221256,4755,-0.03812982705136473,0.046615652315078915,-0.0647789044125664,-19.770697405125112,518.5100204753613,-45.20831924564797,1.7237853941194405
2024-07-10,1,913.1,0.08085777327436826,68.0747922437673,0.020925200363535894,0.10118186203569701,4755,-0.03812982705136473,0.046615652315078915,-0.0647789044125664,-19.770697405125112,518.5100204753613,-46.1845114155305,1.7610074327259582
2024-07-11,1,909.6,0.0729552982476008,68.669228082431,0.020968802876376633,0.08855911919578752,4755,-0.03812982705136473,0.046615652315078915,-0.0647789044125664,-19.770697405125112,518.5100204753613,-46.00748174741709,1.7542573220978332
2024-07-12,1,912.8,0.07354892127621518,67.80330222541276,0.020776037131859524,0.07388235294117651,4755,-0.03812982705136473,0.046615652315078915,-0.0647789044125664,-19.770697405125112,518.5100204753613,-46.16933744397792,1.7604288518149758
2024-07-16,1,908.1,0.06456060058989857,73.87563551036372,0.020583530285983004,0.08235995232419557,4755,-0.03812982705136473,0.046615652315078915,-0.0647789044125664,-19.770697405125112,518.5100204753613,-45.9316118896542,1.7513644175429226
2024-07-17,1,895.4,0.04592051284447381,64.85411140583554,0.020123341443057007,0.09341799975577003,4755,-0.03812982705136473,0.046615652315078915,-0.0647789044125664,-19.770697405125112,518.5100204753613,-45.28924709392839,1.7268711589780121
2024-07-18,1,876.2,0.020275085352846278,59.648405560098126,0.020502012326732513,0.08346729318659585,4755,-0.03812982705136473,0.046615652315078915,-0.0647789044125664,-19.770697405125112,518.5100204753613,-44.318112914563386,1.6898419806751555
2024-07-19,1,868.1,0.007773356055927198,58.594377510040175,0.020545391273948815,0.08147502180142019,4755,-0.03812982705136473,0.046615652315078915,-0.0647789044125664,-19.770697405125112,518.5100204753613,-43.90841568264377,1.6742202960786379
2024-07-22,1,870.4,0.007785326904996836,61.98243412797992,0.020434389903815194,0.06981317600786618,4755,-0.03812982705136473,0.046615652315078915,-0.0647789044125664,-19.770697405125112,518.5100204753613,-44.02474946454687,1.678656083062834
2024-07-23,1,898.7,0.03514923103858177,64.56140350877195,0.019754549177750658,0.1433842239185752,4755,-0.03812982705136473,0.046615652315078915,-0.0647789044125664,-19.770697405125112,518.5100204753613,-45.45616078100675,1.7332355489988156
2024-07-24,1,883.5,0.01505521624639824,57.16592652402099,0.017505795675937352,0.06677131127746905,4755,-0.03812982705136473,0.046615652315078915,-0.0647789044125664,-19.770697405125112,518.5100204753613,-44.68734622234278,1.7039207828423875
2024-07-25,1,841.7,-0.03353297263533059,49.09847434119279,0.02016926192450555,0.015319662243667098,4755,-0.03812982705136473,0.046615652315078915,-0.0647789044125664,-19.770697405125112,518.5100204753613,-42.573106186016894,1.6233051759122101
2024-07-26,1,840.3,-0.035804769685509136,47.780126849894295,0.0201465578979402,0.01817520901490366,4755,-0.03812982705136473,0.046615652315078915,-0.0647789044125664,-19.770697405125112,518.5100204753613,-42.502294318771526,1.62060513166096
2024-07-29,0,903.8,0.03275848671971772,61.39377119950663,0.02478343403049362,0.11154839503136138,4755,-0.03812982705136473,0.046615652315078915,-0.0647789044125664,-19.770697405125112,518.5100204753613,-45.714118297400574,1.7430714244855119
2024-07-30,1,889.7,0.013602807145461237,54.61062235255784,0.025028360739353956,0.07973300970873787,4755,-0.03812982705136473,0.046615652315078915,-0.0647789044125664,-19.770697405125112,518.5100204753613,-45.0009416344294,1.7158781216693517
2024-07-31,1,882.4,0.0037127361409382575,52.35619109522263,0.02453642566953255,0.04056603773584899,4755,-0.03812982705136473,0.046615652315078915,-0.0647789044125664,-19.770697405125112,518.5100204753613,-44.63170832665,1.7017993195021195
2024-08-01,1,855.0,-0.027812521319900887,49.266055045871575,0.02540311091648134,0.009564293304994642,4755,-0.03812982705136473,0.046615652315078915,-0.0647789044125664,-19.770697405125112,518.5100204753613,-43.24581892484786,1.6489555962990845
2024-08-02,1,789.1,-0.10013365142067354,36.80479825517994,0.02972815271781417,-0.07480361120881696,4755,-0.03812982705136473,0.046615652315078915,-0.0647789044125664,-19.770697405125112,518.5100204753613,-39.91260317379818,1.5218606561866757
2024-08-05,1,664.0,-0.237020150022062,25.56830031282587,0.04292374813403845,-0.1999036028437161,4755,-0.03812982705136473,0.046615652315078915,-0.0647789044125664,-19.770697405125112,518.5100204753613,-33.58505703637307,1.2805924163071254
2024-08-06,1,732.1,-0.153739452086464,35.50549245950475,0.04750264621785239,-0.150104481077316,4755,-0.03812982705136473,0.046615652315078915,-0.0647789044125664,-19.770697405125112,518.5100204753613,-37.029548578808324,1.41193028310007
2024-08-07,1,780.8,-0.09379584408831793,40.255260434632625,0.049588766048702916,-0.10035718400737415,4755,-0.03812982705136473,0.046615652315078915,-0.0647789044125664,-19.770697405125112,518.5100204753613,-39.49278996084352,1.5058532509828364
2024-08-08,1,773.3,-0.09888178839278651,37.69366197183097,0.04959024689634377,-0.10060479181204929,4755,-0.03812982705136473,0.046615652315078915,-0.0647789044125664,-19.770697405125112,518.5100204753613,-39.11344067202906,1.4913887282082832
2024-08-09,1,779.5,-0.0871296404731233,38.6017171894165,0.04916339656462685,-0.12010384919291117,4755,-0.06733921368733656,0.04543407210236809,-0.04910325166427509,-35.34715121142005,524.9118496622309,-22.052696562096838,1.4850112461770313
2024-08-13,1,851.4,-0.000732373735951261,45.19862370972787,0.05271270057930395,-0.052209729489034795,4755,-0.06733921368733656,0.04543407210236809,-0.04910325166427509,-35.34715121142005,524.9118496622309,-24.086806738895763,1.62198662603608
2024-08-14,1,868.5,0.02026192008946814,46.96225836146056,0.05282151643313276,-0.021739130434782594,4755,-0.06733921368733656,0.04543407210236809,-0.04910325166427509,-35.34715121142005,524.9118496622309,-24.570579812932785,1.6545635244448385
2024-08-15,1,864.9,0.017414503773691546,47.62719775945231,0.05281267031176218,-0.0323338554486462,4755,-0.06733921368733656,0.04543407210236809,-0.04910325166427509,-35.34715121142005,524.9118496622309,-24.46873284997762,1.6477052300429946
2024-08-16,1,892.4,0.050787266210430566,51.24423963133639,0.053024985722294644,-0.02267002518891692,4755,-0.06733921368733656,0.04543407210236809,-0.04910325166427509,-35.34715121142005,524.9118496622309,-25.246730483662883,1.7000949789459687
2024-08-19,1,877.4,0.034694214486190665,50.70679434564523,0.053132237047853165,-0.035400175901495246,4755,-0.06733921368733656,0.04543407210236809,-0.04910325166427509,-35.34715121142005,524.9118496622309,-24.822368138016376,1.6715187522716193
2024-08-20,0,908.0,0.07102247259928203,52.73972602739726,0.053588178504173904,-0.005258545135845671,4755,-0.06733921368733656,0.04543407210236809,-0.04910325166427509,-35.34715121142005,524.9118496622309,-25.688067323135254,1.7298142546872923
2024-08-21,0,949.5,0.11778998968737203,53.631684300829285,0.05429748391194766,0.04558969276511404,4755,-0.06733921368733656,0.04543407210236809,-0.04910325166427509,-35.34715121142005,524.9118496622309,-26.862136479423924,1.8088751484863261
2024-08-22,0,941.4,0.10585891429887087,54.18171313014589,0.05423631964434838,0.05137368773732409,4755,-0.06733921368733656,0.04543407210236809,-0.04910325166427509,-35.34715121142005,524.9118496622309,-26.632980812774807,1.7934439860821774
2024-08-23,0,946.4,0.10807734998103233,57.98627002288329,0.05398794029569399,0.0801186943620178,4755,-0.06733921368733656,0.04543407210236809,-0.04910325166427509,-35.34715121142005,524.9118496622309,-26.77443492799031,1.8029693949736272
2024-08-26,0,940.7,0.09767140103337728,57.608366171567155,0.05395753797347742,0.08363091809699341,4755,-0.06733921368733656,0.04543407210236809,-0.04910325166427509,-35.34715121142005,524.9118496622309,-26.613177236644642,1.7921104288373744
2024-08-27,0,941.9,0.09541597662864464,53.18828451882845,0.0539603649428685,0.08214613970588225,4755,-0.06733921368733656,0.04543407210236809,-0.04910325166427509,-35.34715121142005,524.9118496622309,-26.647126224296358,1.7943965269713222
2024-08-28,0,1028.5,0.18895136454855685,60.35820895522387,0.05649095172290838,0.14443084455324362,4755,-0.06733921368733656,0.04543407210236809,-0.04910325166427509,-35.34715121142005,524.9118496622309,-29.097111499828863,1.9593766089712337
2024-08-29,0,1002.5,0.15255320714456524,58.719326266879634,0.05666289205827415,0.13469156762874923,4755,-0.06733921368733656,0.04543407210236809,-0.04910325166427509,-35.34715121142005,524.9118496622309,-28.36155010070825,1.9098444827356944
2024-08-30,0,1033.5,0.17780462232757438,62.89180990899899,0.05571132971407176,0.227872163478674,4755,-0.06733921368733656,0.04543407210236809,-0.04910325166427509,-35.34715121142005,524.9118496622309,-29.238565615044365,1.9689020178626835
2024-09-02,0,1035.5,0.16967585689628684,69.60534691279439,0.05568519696669796,0.23229798881351904,4755,-0.06733921368733656,0.04543407210236809,-0.04910325166427509,-35.34715121142005,524.9118496622309,-29.295147261130566,1.9727121814192634
2024-09-03,0,1067.5,0.19696894944810478,87.68914627311788,0.0541874039639157,0.18112414250940478,4755,-0.06733921368733656,0.04543407210236809,-0.04910325166427509,-35.34715121142005,524.9118496622309,-30.20045359850978,2.0336747983245425
2024-09-04,0,1002.0,0.1178943422497122,75.33320818471935,0.055771944082409236,0.12622232213105544,4755,-0.06733921368733656,0.04543407210236809,-0.04910325166427509,-35.34715121142005,524.9118496622309,-28.3474046891867,1.9088919418465495
2024-09-05,0,995.8,0.10538327649900545,71.9298245614035,0.0557515401368713,0.12851314596554841,4755,-0.06733921368733656,0.04543407210236809,-0.04910325166427509,-35.34715121142005,524.9118496622309,-28.172001586319475,1.8970804348211516
2024-09-06,0,946.4,0.046300800424534556,66.26573952264613,0.056390525596616385,0.10690058479532172,4755,-0.06733921368733656,0.04543407210236809,-0.04910325166427509,-35.34715121142005,524.9118496622309,-26.77443492799031,1.8029693949736272
2024-09-09,0,956.5,0.04969623009253568,66.51119402985074,0.053694070398133245,0.21214041312888088,4755,-0.06733921368733656,0.04543407210236809,-0.04910325166427509,-35.34715121142005,524.9118496622309,-27.060172240725628,1.8222107209343559
2024-09-10,0,947.7,0.027245806253007883,60.18185662930853,0.041089616896214105,0.4272590361445783,4755,-0.06733921368733656,0.04543407210236809,-0.04910325166427509,-35.34715121142005,524.9118496622309,-26.811212997946345,1.8054460012854041
2024-09-11,1,928.8,-0.0017540239372679162,56.351379818832946,0.03736309575547304,0.2686791421936894,4755,-0.06733921368733656,0.04543407210236809,-0.04910325166427509,-35.34715121142005,524.9118496622309,-26.276516442431742,1.7694399556757237
2024-09-12,1,938.1,0.0014689492315773805,57.618651124063284,0.03547686044388709,0.2014600409836067,4755,-0.06733921368733656,0.04543407210236809,-0.04910325166427509,-35.34715121142005,524.9118496622309,-26.539621096732578,1.7871572162138205
2024-09-13,1,946.8,0.0033232167381610058,55.892547660311955,0.03528780597186744,0.22436311909996132,4755,-0.06733921368733656,0.04543407210236809,-0.04910325166427509,-35.34715121142005,524.9118496622309,-26.78575125720755,1.803731427684943
2024-09-17,1,942.9,-0.007682593138286748,57.269700332963374,0.035381165340209304,0.20962155227710078,4755,-0.06733921368733656,0.04543407210236809,-0.04910325166427509,-35.34715121142005,524.9118496622309,-26.675417047339458,1.7963016087496122
2024-09-18,1,945.6,-0.00877178270130636,54.44865120681496,0.030751449904343885,0.11064129668780831,4755,-0.06733921368733656,0.04543407210236809,-0.04910325166427509,-35.34715121142005,524.9118496622309,-26.75180226955583,1.8014453295509953
2024-09-19,1,963.1,0.005583908986877679,51.705970898143505,0.03072006657330979,0.1089234312032239,4755,-0.06733921368733656,0.04543407210236809,-0.04910325166427509,-35.34715121142005,524.9118496622309,-27.24689167281009,1.8347842606710698
2024-09-20,1,970.6,0.008960685253331675,53.66834170854272,0.030671326412726425,0.12221066019192972,4755,-0.06733921368733656,0.04543407210236809,-0.04910325166427509,-35.34715121142005,524.9118496622309,-27.459072845633344,1.8490723740082444
2024-09-24,0,960.7,-0.004158754115217747,51.774633904194594,0.03029425569742817,0.0765351860152399,4755,-0.06733921368733656,0.04543407210236809,-0.04910325166427509,-35.34715121142005,524.9118496622309,-27.17899369750665,1.8302120644031739
2024-09-25,0,939.5,-0.028635354157792243,49.85659655831739,0.03045815339857262,0.07077729655801224,4755,-0.06733921368733656,0.04543407210236809,-0.04910325166427509,-35.34715121142005,524.9118496622309,-26.57922824899292,1.7898243307034263
2024-09-26,0,946.4,-0.02305281543295783,50.530535251120014,0.02975393027165097,0.04229074889867834,4755,-0.06733921368733656,0.04543407210236809,-0.04910325166427509,-35.34715121142005,524.9118496622309,-26.77443492799031,1.8029693949736272
2024-09-27,0,965.7,-0.003796240896242908,41.19955156950674,0.028616430222939613,0.017061611374407537,4755,-0.06733921368733656,0.04543407210236809,-0.04910325166427509,-35.34715121142005,524.9118496622309,-27.320447812722154,1.8397374732946237
2024-09-30,0,925.6,-0.044539962921213795,39.63332434618497,0.02981318980780585,-0.01678351391544508,4755,-0.06733921368733656,0.04543407210236809,-0.04910325166427509,-35.34715121142005,524.9118496622309,-26.18598580869382,1.7633436939851959
2024-10-01,0,917.5,-0.051769754193916426,33.33333333333336,0.029836450329152876,-0.03053677092138629,4755,-0.06733921368733656,0.04543407210236809,-0.04910325166427509,-35.34715121142005,524.9118496622309,-25.95683014204471,1.747912531581047
2024-10-02,0,900.2,-0.06808893011391638,31.379025598678794,0.030039438608602635,-0.0430530456043372,4755,-0.06733921368733656,0.04543407210236809,-0.04910325166427509,-35.34715121142005,524.9118496622309,-25.46739890339907,1.7149546168166308
2024-10-03,0,917.5,-0.049218856865728036,28.485370051635115,0.03031734786226971,-0.025905085465548372,4755,-0.06733921368733656,0.04543407210236809,-0.04910325166427509,-35.34715121142005,524.9118496622309,-25.95683014204471,1.747912531581047
2024-10-04,0,913.0,-0.04933067881746325,34.527121001390825,0.023395417523226315,-0.11229946524064172,4755,-0.06733921368733656,0.04543407210236809,-0.04910325166427509,-35.34715121142005,524.9118496622309,-25.829521438350756,1.7393396635787421
2024-10-07,0,923.5,-0.0352229799752616,37.615621788283676,0.023188923847674577,-0.07880299251870326,4755,-0.06733921368733656,0.04543407210236809,-0.04910325166427509,-35.34715121142005,524.9118496622309,-26.12657508030331,1.7593430222507869
2024-10-08,1,913.3,-0.04106223383255922,43.45073209339137,0.022124320273553887,-0.11630382196419942,4755,-0.06733921368733656,0.04543407210236809,-0.04910325166427509,-35.34715121142005,524.9118496622309,-25.838008685263684,1.7399111881122291
2024-10-09,1,920.9,-0.028406117591451556,42.88569144684253,0.022240616181920844,-0.11067117334620957,4755,-0.06733921368733656,0.04543407210236809,-0.04910325166427509,-35.34715121142005,524.9118496622309,-26.053018940391247,1.754389809627233
2024-10-10,0,946.5,0.003728589244356295,49.775280898876396,0.022042879885917056,-0.11334894613583135,4755,-0.06733921368733656,0.04543407210236809,-0.04910325166427509,-35.34715121142005,524.9118496622309,-26.777264010294623,1.8031599031514562
2024-10-11,0,948.5,0.008137374527551925,53.93842463014794,0.018617895083770337,-0.053393213572854314,4755,-0.06733921368733656,0.04543407210236809,-0.04910325166427509,-35.34715121142005,524.9118496622309,-26.833845656380824,1.8069700667080362
2024-10-15,0,961.3,0.023243040712576424,54.574132492113556,0.018849217057984338,-0.03464551114681658,4755,-0.06733921368733656,0.04543407210236809,-0.04910325166427509,-35.34715121142005,524.9118496622309,-27.195968191332508,1.8313551134701476
2024-10-16,0,954.5,0.01565459444044826,51.529598728645226,0.016006402163913122,0.00855874894336428,4755,-0.06733921368733656,0.04543407210236809,-0.04910325166427509,-35.34715121142005,524.9118496622309,-27.003590594639427,1.818400557377776
2024-10-17,0,942.2,0.0031771179366622284,49.86543637062669,0.01607375962685181,-0.014950339780449462,4755,-0.06733921368733656,0.04543407210236809,-0.04910325166427509,-35.34715121142005,524.9118496622309,-26.655613471209293,1.7949680515048094
2024-10-18,0,921.4,-0.017868944022580286,45.65061107117182,0.01656370526403202,-0.027751398121768522,4755,-0.06733921368733656,0.04543407210236809,-0.04910325166427509,-35.34715121142005,524.9118496622309,-26.067164351912798,1.7553423505163779
2024-10-21,0,952.1,0.013847359588370235,48.11256005490734,0.017427522799674033,0.025086132644272174,4755,-0.06733921368733656,0.04543407210236809,-0.04910325166427509,-35.34715121142005,524.9118496622309,-26.935692619335985,1.81382836110988
2024-10-22,0,936.6,-0.002594149745057735,44.32197728790915,0.017661396115510777,-0.001598976654940798,4755,-0.06733921368733656,0.04543407210236809,-0.04910325166427509,-35.34715121142005,524.9118496622309,-26.497184862167927,1.7842995935463855
2024-10-23,1,909.3,-0.03011724349784979,41.88762626262625,0.018481251439848165,-0.03960709759188852,4755,-0.06733921368733656,0.04543407210236809,-0.04910325166427509,-35.34715121142005,524.9118496622309,-25.724845393091282,1.7322908609990693
2024-10-24,1,904.6,-0.03355113867034744,44.189144189144194,0.018488756982511904,-0.04061936578640357,4755,-0.06733921368733656,0.04543407210236809,-0.04910325166427509,-35.34715121142005,524.9118496622309,-25.59187852478871,1.7233369766411064
2024-10-25,1,885.7,-0.05131489875836541,40.28178033941724,0.01886226777040123,-0.06334602368866327,4755,-0.06733921368733656,0.04543407210236809,-0.04910325166427509,-35.34715121142005,524.9118496622309,-25.05718196927411,1.6873309310314262
2024-10-28,1,907.8,-0.02533401474775499,40.812440495080914,0.019201537001123946,-0.05741875194683843,4755,-0.06733921368733656,0.04543407210236809,-0.04910325166427509,-35.34715121142005,524.9118496622309,-25.68240915852663,1.7294332383316342
2024-10-29,1,919.9,-0.010187568326002266,49.0073145245559,0.01935284749845582,-0.05223573047599428,4755,-0.06733921368733656,0.04543407210236809,-0.04910325166427509,-35.34715121142005,524.9118496622309,-26.024728117348147,1.7524847278489428
2024-10-30,1,922.7,-0.0055483225700761595,50.92264017033358,0.019299186530225644,-0.03955449151660251,4755,-0.06733921368733656,0.04543407210236809,-0.04910325166427509,-35.34715121142005,524.9118496622309,-26.103942421868833,1.757818956828155
2024-10-31,1,922.7,-0.004827562404548865,54.25330812854442,0.018814717199800768,-0.0178818520489622,4755,-0.06733921368733656,0.04543407210236809,-0.04910325166427509,-35.34715121142005,524.9118496622309,-26.103942421868833,1.757818956828155
2024-11-01,1,903.6,-0.023624905993101752,47.39016147202404,0.01915727589121249,-0.045224006762468294,4755,-0.06733921368733656,0.04543407210236809,-0.04910325166427509,-35.34715121142005,524.9118496622309,-25.56358770174561,1.7214318948628164
2024-11-05,1,916.4,-0.007679546763805315,50.6190823015295,0.018897120182481474,-0.05105105105105112,4755,-0.06733921368733656,0.04543407210236809,-0.04910325166427509,-35.34715121142005,524.9118496622309,-25.925710236697295,1.745816941624928
2024-11-06,1,933.0,0.009971984914287682,51.69219807623798,0.017394053061499958,0.00799481417458936,4755,-0.06733921368733656,0.04543407210236809,-0.04910325166427509,-35.34715121142005,524.9118496622309,-26.395337899212766,1.7774412991445416
2024-11-07,1,929.0,0.0051414771792851624,52.85974499089254,0.01731826802062528,0.012534059945504161,4755,-0.06733921368733656,0.04543407210236809,-0.04910325166427509,-35.34715121142005,524.9118496622309,-26.282174607040364,1.7698209720313818
2024-11-08,1,926.4,0.0011931317113659217,51.020408163265316,0.016856631790171044,0.029104643412575015,4755,-0.06733921368733656,0.04543407210236809,-0.04910325166427509,-35.34715121142005,524.9118496622309,-26.2086184671283,1.7648677594078277
2024-11-11,1,923.6,-0.002096073643494545,45.358735306039726,0.016452778635695886,0.006648501362397807,4755,-0.06733921368733656,0.04543407210236809,-0.04910325166427509,-35.34715121142005,524.9118496622309,-26.12940416260762,1.759533530428616
2024-11-12,1,950.2,0.024996008750544904,50.313306302985644,0.017356564901200338,0.04074479737130354,4755,-0.06733921368733656,0.04543407210236809,-0.04910325166427509,-35.34715121142005,524.9118496622309,-26.881940055554097,1.8102087057311291
2024-11-13,1,964.9,0.038997118503172244,50.6588579795022,0.01746736348460382,0.04482945316729836,4755,-0.15491178688734025,0.03901191027988941,-0.03156858126841825,-69.8837054789303,451.1193556223923,-13.807224350616528,2.1389017961084025
2024-11-14,1,936.9,0.007822483832242504,47.01086956521739,0.018369059819332897,0.025840359137194735,4755,-0.15491178688734025,0.03901191027988941,-0.03156858126841825,-69.8837054789303,451.1193556223923,-13.40655870462496,2.076833964943478
2024-11-15,1,900.1,-0.03089591255776298,43.3991846973973,0.019993394063010723,-0.02258660006515356,4755,-0.15491178688734025,0.03901191027988941,-0.03156858126841825,-69.8837054789303,451.1193556223923,-12.879969569893188,1.9952591011267211
2024-11-18,1,881.1,-0.048673044116694306,43.64553768527279,0.019472456411453804,-0.06909667194928681,4755,-0.15491178688734025,0.03901191027988941,-0.03156858126841825,-69.8837054789303,451.1193556223923,-12.608089310113195,1.9531416442648082
2024-11-19,1,876.9,-0.050270979816227655,37.061252580867155,0.019450535163211036,-0.07548761201897736,4755,-0.15491178688734025,0.03901191027988941,-0.03156858126841825,-69.8837054789303,451.1193556223923,-12.54798946321446,1.9438314695900696
2024-11-20,1,876.3,-0.047413024667469626,39.064200217627835,0.019155435285923728,-0.08842192863830234,4755,-0.15491178688734025,0.03901191027988941,-0.03156858126841825,-69.8837054789303,451.1193556223923,-12.539403770800355,1.9425014446365354
2024-11-21,1,891.9,-0.027808661757203902,46.70454545454546,0.019603977059216245,-0.06558407543216349,4755,-0.15491178688734025,0.03901191027988941,-0.03156858126841825,-69.8837054789303,451.1193556223923,-12.762631773567085,1.9770820934284217
2024-11-22,1,879.4,-0.038802054869384636,45.36423841059602,0.019630116038870143,-0.066652515389514,4755,-0.15491178688734025,0.03901191027988941,-0.03156858126841825,-69.8837054789303,451.1193556223923,-12.583763181606564,1.949373240229795
2024-11-25,1,883.3,-0.03292838874680321,49.53271028037381,0.01924476704875939,-0.041350119383546824,4755,-0.15491178688734025,0.03901191027988941,-0.03156858126841825,-69.8837054789303,451.1193556223923,-12.639570182298247,1.9580184024277665
2024-11-26,1,862.3,-0.05219260835539001,41.10285490809542,0.018304129468415375,-0.09431782375800868,4755,-0.15491178688734025,0.03901191027988941,-0.03156858126841825,-69.8837054789303,451.1193556223923,-12.339070947804572,1.9114675290540732
2024-11-27,1,857.0,-0.05470990514008385,37.36440337484934,0.018127447125595112,-0.08498825539184285,4755,-0.15491178688734025,0.03901191027988941,-0.03156858126841825,-69.8837054789303,451.1193556223923,-12.26323066481331,1.8997189752978556
2024-11-28,1,854.7,-0.05497027916357075,36.31239935587761,0.01731498221697705,-0.06004618937644335,4755,-0.15491178688734025,0.03901191027988941,-0.03156858126841825,-69.8837054789303,451.1193556223923,-12.230318843892576,1.8946205463093084
2024-11-29,1,858.4,-0.04893592504941457,37.2471241570805,0.01735423824481883,-0.05107229714791073,4755,-0.15491178688734025,0.03901191027988941,-0.03156858126841825,-69.8837054789303,451.1193556223923,-12.28326394711289,1.9028223668561017
2024-12-02,1,847.2,-0.0597406517888456,38.45208845208845,0.017065937583837655,-0.04346844303940389,4755,-0.15491178688734025,0.03901191027988941,-0.03156858126841825,-69.8837054789303,451.1193556223923,-12.122997688716264,1.8779952343901323
2024-12-03,1,846.8,-0.057632641433003916,34.987057808455546,0.016148405587252706,-0.06719541749283986,4755,-0.15491178688734025,0.03901191027988941,-0.03156858126841825,-69.8837054789303,451.1193556223923,-12.117273893773525,1.877108551087776
2024-12-04,1,837.0,-0.06508859877221665,28.666666666666643,0.015887447096776718,-0.09011849114034132,4755,-0.15491178688734025,0.03901191027988941,-0.03156858126841825,-69.8837054789303,451.1193556223923,-11.977040917676478,1.8553848101800527
2024-12-05,1,834.2,-0.0645171419215638,28.820375335120616,0.015826577277798837,-0.09591416495068816,4755,-0.15491178688734025,0.03901191027988941,-0.03156858126841825,-69.8837054789303,451.1193556223923,-11.936974353077321,1.8491780270635605
2024-12-06,1,862.9,-0.029729912069624727,37.294917967186855,0.01757896795903053,-0.06480979733391146,4755,-0.15491178688734025,0.03901191027988941,-0.03156858126841825,-69.8837054789303,451.1193556223923,-12.347656640218677,1.9127975540076074
2024-12-09,0,921.0,0.03478960401601726,49.5740498034076,0.02203839832554652,0.019256308100929598,4755,-0.15491178688734025,0.03901191027988941,-0.03156858126841825,-69.8837054789303,451.1193556223923,-13.179037855651178,2.0415883036748252
2024-12-10,0,930.4,0.044693665814802774,46.562499999999986,0.021953859602996357,0.015277171540811763,4755,-0.15491178688734025,0.03901191027988941,-0.03156858126841825,-69.8837054789303,451.1193556223923,-13.31354703680549,2.062425361280192
2024-12-11,0,946.7,0.06234233748978859,46.85773480662984,0.02193466012103723,0.014683815648445897,4755,-0.15491178688734025,0.03901191027988941,-0.03156858126841825,-69.8837054789303,451.1193556223923,-13.54679168072201,2.098557705851202
2024-12-12,0,970.0,0.0864890051793043,55.80905580905581,0.0224111057999116,0.04413347685683533,4755,-0.15491178688734025,0.03901191027988941,-0.03156858126841825,-69.8837054789303,451.1193556223923,-13.88020273613642,2.1502070082134424
2024-12-13,0,982.4,0.09762419778687483,65.79654510556622,0.02248958812059497,0.060449050086355705,4755,-0.15491178688734025,0.03901191027988941,-0.03156858126841825,-69.8837054789303,451.1193556223923,-14.057640379361256,2.17769419058648
2024-12-16,0,988.2,0.10092601670216869,71.65386170642945,0.022467614206763457,0.06994369857080995,4755,-0.15491178688734025,0.03901191027988941,-0.03156858126841825,-69.8837054789303,451.1193556223923,-14.140635406030938,2.190551098470643
2024-12-17,0,998.5,0.11001178380060925,73.99368587213894,0.02187944761234577,0.05083140391496532,4755,-0.15491178688734025,0.03901191027988941,-0.03156858126841825,-69.8837054789303,451.1193556223923,-14.288023125806408,2.2133831935063113
2024-12-18,0,996.8,0.10655228148700725,73.67387033398823,0.02171481253997241,0.033060420768991516,4755,-0.15491178688734025,0.03901191027988941,-0.03156858126841825,-69.8837054789303,451.1193556223923,-14.263696997299776,2.209614789471298
2024-12-19,0,917.3,0.019185984498328982,53.98869346733669,0.026526260632744728,-0.020920055502188117,4755,-0.15491178688734025,0.03901191027988941,-0.03156858126841825,-69.8837054789303,451.1193556223923,-13.126092752430862,2.0333864831280315
2024-12-20,0,919.8,0.02106969205834673,56.549935149156944,0.02526841847578374,0.021886457060326547,4755,-0.15491178688734025,0.03901191027988941,-0.03156858126841825,-69.8837054789303,451.1193556223923,-13.161866470822968,2.038928253767757
2024-12-23,0,906.5,0.005171672011319117,53.65009439899308,0.025058204297880048,0.028827601861309615,4755,-0.15491178688734025,0.03901191027988941,-0.03156858126841825,-69.8837054789303,451.1193556223923,-12.971550288976974,2.009446033964418
2024-12-24,0,891.8,-0.011781497110031628,54.73515248796148,0.025280052499699324,0.016991675219523383,4755,-0.15491178688734025,0.03901191027988941,-0.03156858126841825,-69.8837054789303,451.1193556223923,-12.7612008248314,1.9768604226028326
2024-12-25,0,869.5,-0.036202004079099015,51.90258751902587,0.025809364413269607,-0.007759899577770124,4755,-0.15491178688734025,0.03901191027988941,-0.03156858126841825,-69.8837054789303,451.1193556223923,-12.442099256773831,1.9274278284964825
2024-12-26,0,851.3,-0.05467410519957003,49.50638792102206,0.025859413649291313,-0.045520798295773046,4755,-0.15491178688734025,0.03901191027988941,-0.03156858126841825,-69.8837054789303,451.1193556223923,-12.181666586879313,1.8870837382392818
2024-12-27,0,872.3,-0.03104908403424831,51.921481891069945,0.026236323432127766,-0.008073686604503139,4755,-0.15491178688734025,0.03901191027988941,-0.03156858126841825,-69.8837054789303,451.1193556223923,-12.482165821372988,1.9336346116129748
2024-12-30,0,858.9,-0.044898340442756146,51.607584501236595,0.026395445728081737,-0.027623683912600505,4755,-0.15491178688734025,0.03901191027988941,-0.03156858126841825,-69.8837054789303,451.1193556223923,-12.29041869079131,1.9039307209840468
2025-01-06,0,858.5,-0.04518175468567174,51.60758450123661,0.025957512766751113,-0.0044068189725152696,4755,-0.15491178688734025,0.03901191027988941,-0.03156858126841825,-69.8837054789303,451.1193556223923,-12.284694895848574,1.9030440376816908
2025-01-07,0,870.2,-0.03273710279085678,54.53799890650629,0.026058762212463622,0.015402567094515707,4755,-0.15491178688734025,0.03901191027988941,-0.03156858126841825,-69.8837054789303,451.1193556223923,-12.452115897923623,1.9289795242756056
2025-01-08,0,920.1,0.019763529239649538,60.402034390893675,0.028373552127440742,0.0765180765180764,4755,-0.15491178688734025,0.03901191027988941,-0.03156858126841825,-69.8837054789303,451.1193556223923,-13.16615931703002,2.0395932662445238
2025-01-09,0,936.0,0.03382918844408712,59.13521619595101,0.02851024405736353,0.09040074557315947,4755,-0.15491178688734025,0.03901191027988941,-0.03156858126841825,-69.8837054789303,451.1193556223923,-13.393680166003803,2.074838927513177
2025-01-10,0,914.1,0.006664845911229385,49.05193734542457,0.028839230278441944,0.07896600566572243,4755,-0.15491178688734025,0.03901191027988941,-0.03156858126841825,-69.8837054789303,451.1193556223923,-13.08030239288897,2.0262930167091833
2025-01-14,0,901.7,-0.009386494170793869,46.08885254837832,0.02903158858349137,0.06483230987246125,4755,-0.15491178688734025,0.03901191027988941,-0.03156858126841825,-69.8837054789303,451.1193556223923,-12.902864749664134,1.9988058343361452
2025-01-15,0,893.6,-0.02072091422760131,42.59827153610259,0.028982287912577426,0.06762246117084825,4755,-0.15491178688734025,0.03901191027988941,-0.03156858126841825,-69.8837054789303,451.1193556223923,-12.786957902073716,1.9808504974634351
2025-01-16,0,899.5,-0.01706879972025527,39.67184295341342,0.028959454618698234,0.07827859026612316,4755,-0.15491178688734025,0.03901191027988941,-0.03156858126841825,-69.8837054789303,451.1193556223923,-12.871383877479083,1.993929076173187
2025-01-17,0,893.3,-0.025139250231356127,36.70546105640108,0.028288692070111646,0.03523003824313364,4755,-0.15491178688734025,0.03901191027988941,-0.03156858126841825,-69.8837054789303,451.1193556223923,-12.782665055866664,1.9801854849866678
2025-01-20,0,901.5,-0.015352419731835003,37.155555555555544,0.024855892849202053,-0.021172638436482094,4755,-0.15491178688734025,0.03901191027988941,-0.03156858126841825,-69.8837054789303,451.1193556223923,-12.900002852192765,1.9983624926849672
2025-01-21,0,901.6,-0.014002563418357844,35.197066911090744,0.024755590603143224,-0.03095442820292338,4755,-0.15491178688734025,0.03901191027988941,-0.03156858126841825,-69.8837054789303,451.1193556223923,-12.90143380092845,1.9985841635105563
2025-01-22,0,924.7,0.012233942403264895,39.661600229423584,0.025058729485093387,-0.02323861835850849,4755,-0.15491178688734025,0.03901191027988941,-0.03156858126841825,-69.8837054789303,451.1193556223923,-13.231982958871493,2.0497901242216185
2025-01-23,0,916.0,0.005086880763339435,49.766102914717536,0.024549177381342605,-0.05567010309278353,4755,-0.15491178688734025,0.03901191027988941,-0.03156858126841825,-69.8837054789303,451.1193556223923,-13.10749041886697,2.0305047623953745
2025-01-24,0,930.7,0.02353908958139056,51.87866253016202,0.024639577936894228,-0.05262622149837126,4755,-0.15491178688734025,0.03901191027988941,-0.03156858126841825,-69.8837054789303,451.1193556223923,-13.317839883012542,2.0630903737569595
2025-01-27,0,947.1,0.04346159100624453,56.92360163710778,0.024903530262195196,-0.041590771098967805,4755,-0.15491178688734025,0.03901191027988941,-0.03156858126841825,-69.8837054789303,451.1193556223923,-13.552515475664746,2.099444389153558
2025-01-28,0,979.0,0.07953492885434761,64.04639175257734,0.02578239799654193,-0.019529293940911407,4755,-0.15491178688734025,0.03901191027988941,-0.03156858126841825,-69.8837054789303,451.1193556223923,-14.008988122347995,2.1701573825164537
2025-01-29,0,996.8,0.09916283665169948,70.80745341614906,0.026047985160346315,0.0,4755,-0.15491178688734025,0.03901191027988941,-0.03156858126841825,-69.8837054789303,451.1193556223923,-14.263696997299776,2.209614789471298
2025-01-30,0,1004.0,0.102884636509436,75.89013224821974,0.020015831705764722,0.09451651586176824,4755,-0.15491178688734025,0.03901191027988941,-0.03156858126841825,-69.8837054789303,451.1193556223923,-14.366725306269037,2.225575088913707
2025-01-31,0,982.6,0.07640669024113443,68.67592279038267,0.020637871684642855,0.06827571211132866,4755,-0.15491178688734025,0.03901191027988941,-0.03156858126841825,-69.8837054789303,451.1193556223923,-14.060502276832626,2.178137532237658
2025-02-03,0,963.3,0.052644231819950135,67.33067729083665,0.02084394119693211,0.06265857694429111,4755,-0.15491178688734025,0.03901191027988941,-0.03156858126841825,-69.8837054789303,451.1193556223923,-13.78432917084558,2.135355062898978
2025-02-04,0,963.1,0.049155969219238746,67.37541528239203,0.02048329647698616,0.07995066158331476,4755,-0.15491178688734025,0.03901191027988941,-0.03156858126841825,-69.8837054789303,451.1193556223923,-13.781467273374213,2.1349117212478004
2025-02-05,0,964.5,0.046349655447744276,66.21947024423804,0.019626508066791615,0.1092581943645774,4755,-0.15491178688734025,0.03901191027988941,-0.03156858126841825,-69.8837054789303,451.1193556223923,-13.80150055567379,2.1380151128060465
2025-02-06,0,992.4,0.07006534256323999,63.45366579828804,0.019484318965887495,0.16574650534476687,4755,-0.15491178688734025,0.03901191027988941,-0.03156858126841825,-69.8837054789303,451.1193556223923,-14.200735252929674,2.1998612731453813
2025-02-07,0,990.0,0.06208589378282819,60.57993730407524,0.019172904184639697,0.13493064312736447,4755,-0.15491178688734025,0.03901191027988941,-0.03156858126841825,-69.8837054789303,451.1193556223923,-14.166392483273253,2.194541173331245
2025-02-10,0,977.5,0.043365582491525036,62.89666395443449,0.01905783611240813,0.1380835952963093,4755,-0.15491178688734025,0.03901191027988941,-0.03156858126841825,-69.8837054789303,451.1193556223923,-13.987523891312732,2.1668323201326185
2025-02-12,0,982.5,0.04317967535611447,66.94630872483219,0.019019409381339746,0.1444379732090857,4755,-0.15491178688734025,0.03901191027988941,-0.03156858126841825,-69.8837054789303,451.1193556223923,-14.059071328096941,2.1779158614120693
2025-02-13,0,1012.0,0.06806936962799112,72.78675904541954,0.019582812513067333,0.16295104573661212,4755,-0.15491178688734025,0.03901191027988941,-0.03156858126841825,-69.8837054789303,451.1193556223923,-14.48120120512377,2.2433087549608284
2025-02-14,0,1023.0,0.07500893213677728,73.31068327670818,0.01649120413783451,0.11183567003586559,4755,-0.13115879190707574,0.04671041694261393,0.02324246797058484,-75.39718566435131,574.8542249288878,-13.568145693847649,1.77958159762425
2025-02-17,0,998.4,0.046413643624045584,68.54924108718673,0.017200205740394006,0.06666666666666665,4755,-0.13115879190707574,0.04671041694261393,0.02324246797058484,-75.39718566435131,574.8542249288878,-13.24187356865835,1.7367881398514673
2025-02-18,0,943.7,-0.012142782372029634,56.39781685870226,0.02008971870465853,0.03238157750793125,4755,-0.13115879190707574,0.04671041694261393,0.02324246797058484,-75.39718566435131,574.8542249288878,-12.516382298420359,1.6416335813079224
2025-02-19,0,1013.5,0.0559799619076198,64.00500625782229,0.0245026280776314,0.12398802262393249,4755,-0.13115879190707574,0.04671041694261393,0.02324246797058484,-75.39718566435131,574.8542249288878,-13.442146295908692,1.7630556688095573
2025-02-20,0,974.3,0.011734164070612622,55.967276227141475,0.025887882558159485,0.0903088630259623,4755,-0.13115879190707574,0.04671041694261393,0.02324246797058484,-75.39718566435131,574.8542249288878,-12.922232990728997,1.6948644678057738
2025-02-21,0,982.5,0.016743935756271162,58.01011804384486,0.025898649740773584,0.09227348526959411,4755,-0.13115879190707574,0.04671041694261393,0.02324246797058484,-75.39718566435131,574.8542249288878,-13.030990365792098,1.7091289537300347
2025-02-25,0,961.3,-0.007987286386526881,53.629032258064505,0.02631578105546042,0.0761222433672899,4755,-0.13115879190707574,0.04671041694261393,0.02324246797058484,-75.39718566435131,574.8542249288878,-12.749812761970425,1.6722500389014578
2025-02-26,0,950.0,-0.021607036190240805,50.34813925570228,0.02645259372996984,0.05379922351636157,4755,-0.13115879190707574,0.04671041694261393,0.02324246797058484,-75.39718566435131,574.8542249288878,-12.599939793895667,1.6525928814692448
2025-02-27,0,942.3,-0.03116157794301495,45.32245730308436,0.0265335459086774,0.04514196983141083,4755,-0.13115879190707574,0.04671041694261393,0.02324246797058484,-75.39718566435131,574.8542249288878,-12.497813966092512,1.6391981812720728
2025-02-28,0,920.7,-0.0532141564381848,40.39383993940925,0.02651700728246673,-0.00432572726289604,4755,-0.13115879190707574,0.04671041694261393,0.02324246797058484,-75.39718566435131,574.8542249288878,-12.211331124462886,1.601623437861825
2025-03-03,0,917.3,-0.05676092544987151,38.94978332908487,0.02645562764667282,0.0014192139737991827,4755,-0.13115879190707574,0.04671041694261393,0.02324246797058484,-75.39718566435131,574.8542249288878,-12.166236603095257,1.595708894917619
2025-03-04,0,896.2,-0.07714803525825846,38.97959183673469,0.02664476307502511,-0.03706887289137206,4755,-0.13115879190707574,0.04671041694261393,0.02324246797058484,-75.39718566435131,574.8542249288878,-11.886385308725576,1.5590039372344602
2025-03-05,0,907.1,-0.06438237478339794,42.674661105318044,0.026506348510903853,-0.042234188575651976,4755,-0.13115879190707574,0.04671041694261393,0.02324246797058484,-75.39718566435131,574.8542249288878,-12.03095303899238,1.577965266085002
2025-03-06,0,930.5,-0.038322412617044624,45.99311701081612,0.02611565769185342,-0.04954034729315626,4755,-0.13115879190707574,0.04671041694261393,0.02324246797058484,-75.39718566435131,574.8542249288878,-12.341309450757809,1.6186712381127708
2025-03-07,0,910.0,-0.05612234313998023,43.60178445644517,0.02607808156986467,-0.0870786516853932,4755,-0.13115879190707574,0.04671041694261393,0.02324246797058484,-75.39718566435131,574.8542249288878,-12.06941601310006,1.5830100233021187
2025-03-10,0,911.4,-0.0510243605815886,39.859789684526795,0.02600706071992508,-0.09223107569721123,4755,-0.13115879190707574,0.04671041694261393,0.02324246797058484,-75.39718566435131,574.8542249288878,-12.087984345427905,1.585445423337968
2025-03-11,0,889.4,-0.07032265887301455,37.99522673031025,0.02609346151356592,-0.09485039690616737,4755,-0.13115879190707574,0.04671041694261393,0.02324246797058484,-75.39718566435131,574.8542249288878,-11.796196265990321,1.5471748513460486
2025-03-12,0,898.0,-0.05876335340186829,40.42399421826065,0.02600354169913208,-0.0677878127270839,4755,-0.13115879190707574,0.04671041694261393,0.02324246797058484,-75.39718566435131,574.8542249288878,-11.910258878861377,1.5621351658519809
2025-03-13,0,898.5,-0.055681674864421764,39.77106673161227,0.02600677680422,-0.06707507008618008,4755,-0.13115879190707574,0.04671041694261393,0.02324246797058484,-75.39718566435131,574.8542249288878,-11.916890426121324,1.5630049515790698
2025-03-14,0,898.3,-0.05325705709756842,35.09047993705744,0.02599844871115732,-0.06863659927423538,4755,-0.13115879190707574,0.04671041694261393,0.02324246797058484,-75.39718566435131,574.8542249288878,-11.914237807217344,1.5626570372882342
2025-03-17,0,905.3,-0.042363235549237016,34.40233236151603,0.025266659727531015,-0.08776702942361958,4755,-0.13115879190707574,0.04671041694261393,0.02324246797058484,-75.39718566435131,574.8542249288878,-12.007079468856576,1.5748340374674812
2025-03-18,0,908.3,-0.035856827445652266,37.33483272420578,0.025301582814772888,-0.08252525252525256,4755,-0.13115879190707574,0.04671041694261393,0.02324246797058484,-75.39718566435131,574.8542249288878,-12.046868752416247,1.5800527518300156
2025-03-19,0,902.6,-0.038850624651255945,43.29964134333224,0.02523410625470416,-0.07662404092071606,4755,-0.13115879190707574,0.04671041694261393,0.02324246797058484,-75.39718566435131,574.8542249288878,-11.971269113652873,1.5701371945412004
2025-03-21,0,901.0,-0.03721212535690479,26.41509433962264,0.02518071476113248,-0.08295165394402038,4755,-0.13115879190707574,0.04671041694261393,0.02324246797058484,-75.39718566435131,574.8542249288878,-11.950048162421048,1.5673538802145153
2025-03-24,0,895.5,-0.03830044975965576,30.76171875,0.024215269361619014,-0.11511857707509876,4755,-0.13115879190707574,0.04671041694261393,0.02324246797058484,-75.39718566435131,574.8542249288878,-11.877101142561653,1.5577862372165354
2025-03-25,0,905.9,-0.022213107676366507,31.497584541062793,0.02423552526927459,-0.11446725317693063,4755,-0.13115879190707574,0.04671041694261393,0.02324246797058484,-75.39718566435131,574.8542249288878,-12.01503732556851,1.5758777803399882
2025-03-26,0,905.7,-0.018500778090362397,35.05376344086022,0.02390396437431416,-0.0928485576923076,4755,-0.13115879190707574,0.04671041694261393,0.02324246797058484,-75.39718566435131,574.8542249288878,-12.012384706664532,1.5755298660491526
2025-03-27,0,902.7,-0.020010161410090956,36.691052335396726,0.021398414498039895,-0.04344601038465612,4755,-0.13115879190707574,0.04671041694261393,0.02324246797058484,-75.39718566435131,574.8542249288878,-11.972595423104861,1.5703111516866182
2025-03-28,0,884.7,-0.034149217231817255,34.68085106382979,0.014819348246185702,-0.12708436112481492,4755,-0.13115879190707574,0.04671041694261393,0.02324246797058484,-75.39718566435131,574.8542249288878,-11.733859721746839,1.5389988655114115
2025-03-31,0,851.3,-0.06559392356156564,32.63263263263261,0.014733492659170209,-0.12624448321872117,4755,-0.13115879190707574,0.04671041694261393,0.02324246797058484,-75.39718566435131,574.8542249288878,-11.290872364782507,1.480897178941861
2025-04-01,0,845.0,-0.06687574539511457,32.1657622101628,0.014457930775079524,-0.13994910941475824,4755,-0.13115879190707574,0.04671041694261393,0.02324246797058484,-75.39718566435131,574.8542249288878,-11.207314869307199,1.4699378787805388
2025-04-02,0,829.9,-0.07820025235920323,33.14692425012707,0.014308776066041253,-0.13668989909497553,4755,-0.13115879190707574,0.04671041694261393,0.02324246797058484,-75.39718566435131,574.8542249288878,-11.007042142056857,1.4436703498224486
2025-04-03,0,821.8,-0.0819682386480425,28.00412583806083,0.014279503609884876,-0.1349473684210527,4755,-0.13115879190707574,0.04671041694261393,0.02324246797058484,-75.39718566435131,574.8542249288878,-10.899611076445746,1.4295798210436055
2025-04-04,0,795.6,-0.10537181718819573,15.709201830198268,0.015209040948411225,-0.15568290353390635,4755,-0.13115879190707574,0.04671041694261393,0.02324246797058484,-75.39718566435131,574.8542249288878,-10.552118000024624,1.384003048944138
2025-04-07,1,710.8,-0.19310895980529266,11.839080459770102,0.02499721232344179,-0.22797871184967966,4755,-0.13115879190707574,0.04671041694261393,0.02324246797058484,-75.39718566435131,574.8542249288878,-9.427407584737937,1.2364873896298305
2025-04-08,1,762.6,-0.1281821465970981,26.107899807321786,0.029991526196010577,-0.16864711653766484,4755,-0.13115879190707574,0.04671041694261393,0.02324246797058484,-75.39718566435131,574.8542249288878,-10.114435880868248,1.326597190956259
2025-04-09,1,723.8,-0.1659637624045318,24.77148080438758,0.03111171997544418,-0.19236777505021208,4755,-0.13115879190707574,0.04671041694261393,0.02324246797058484,-75.39718566435131,574.8542249288878,-9.599827813496509,1.2591018185341465
2025-04-10,0,789.6,-0.08518782845649767,35.93668915412559,0.036722041322435166,-0.1295336787564767,4755,-0.13115879190707574,0.04671041694261393,0.02324246797058484,-75.39718566435131,574.8542249288878,-10.472539432905283,1.3735656202190691
2025-04-11,1,774.4,-0.09626040397533381,34.49137715571108,0.03625614514315636,-0.1677592692101021,4755,-0.13115879190707574,0.04671041694261393,0.02324246797058484,-75.39718566435131,574.8542249288878,-10.27094039620295,1.347124134115561
2025-04-14,1,771.5,-0.09378582570617745,34.26017874875869,0.03611784114275641,-0.1521978021978022,4755,-0.13115879190707574,0.04671041694261393,0.02324246797058484,-75.39718566435131,574.8542249288878,-10.23247742209527,1.3420793768984445
2025-04-15,1,771.4,-0.08790366824949387,33.08916393028544,0.03610496212675625,-0.1536098310291859,4755,-0.13115879190707574,0.04671041694261393,0.02324246797058484,-75.39718566435131,574.8542249288878,-10.231151112643282,1.3419054197530267
2025-04-16,1,759.5,-0.09642280988117263,31.62055335968381,0.03596456900988861,-0.14605351922644483,4755,-0.13115879190707574,0.04671041694261393,0.02324246797058484,-75.39718566435131,574.8542249288878,-10.073320287856589,1.3212045194483066
2025-04-17,1,782.1,-0.06437519738919875,35.71259188996919,0.036541344102288535,-0.12906458797327391,4755,-0.13115879190707574,0.04671041694261393,0.02324246797058484,-75.39718566435131,574.8542249288878,-10.373066224006108,1.360518834312733
2025-04-18,1,784.0,-0.05693513542122761,36.13744075829385,0.03655484483042407,-0.12743461324429606,4755,-0.13115879190707574,0.04671041694261393,0.02324246797058484,-75.39718566435131,574.8542249288878,-10.398266103593897,1.3638240200756715
2025-04-21,1,776.2,-0.06079995353609657,35.941550789535725,0.0365559281581618,-0.13592341088723137,4755,-0.13115879190707574,0.04671041694261393,0.02324246797058484,-75.39718566435131,574.8542249288878,-10.294813966338754,1.350255362733082
2025-04-22,1,754.0,-0.0809316476433333,32.58426966292136,0.036741861250780154,-0.16712691925328615,4755,-0.13115879190707574,0.04671041694261393,0.02324246797058484,-75.39718566435131,574.8542249288878,-10.000373267997192,1.3116368764503268
2025-04-23,1,770.2,-0.05482087984370554,35.01437735014379,0.037124697634142736,-0.15204227678079918,4755,-0.13115879190707574,0.04671041694261393,0.02324246797058484,-75.39718566435131,574.8542249288878,-10.215235399219415,1.339817934008013
2025-04-24,1,786.0,-0.029878747185907918,37.44891374489137,0.037498505400248267,-0.1291823620651451,4755,-0.13115879190707574,0.04671041694261393,0.02324246797058484,-75.39718566435131,574.8542249288878,-10.424792292633677,1.3673031629840278
2025-04-25,0,805.0,-0.0016964958926942188,41.44666237389998,0.03794333702746779,-0.1065482796892342,4755,-0.13115879190707574,0.04671041694261393,0.02324246797058484,-75.39718566435131,574.8542249288878,-10.67679108851159,1.4003550206134125
2025-04-28,0,824.8,0.026457923687681996,47.070528410347116,0.03836023732472171,-0.0789503070910107,4755,-0.13115879190707574,0.04671041694261393,0.02324246797058484,-75.39718566435131,574.8542249288878,-10.939400360005417,1.4347985354061399
2025-04-30,0,839.5,0.04821672052382101,49.40308226611678,0.038475844381787104,-0.07329727342973835,4755,-0.13115879190707574,0.04671041694261393,0.02324246797058484,-75.39718566435131,574.8542249288878,-11.134367849447802,1.460370235782559
2025-05-01,0,831.4,0.04196954050070692,50.16530747189772,0.0385005485123516,-0.08203599425858454,4755,-0.13115879190707574,0.04671041694261393,0.02324246797058484,-75.39718566435131,574.8542249288878,-11.026936783836693,1.4462797070037159
2025-05-02,0,831.1,0.04534568981998574,51.04283471630411,0.0385031266987132,-0.07931760274731359,4755,-0.13115879190707574,0.04671041694261393,0.02324246797058484,-75.39718566435131,574.8542249288878,-11.022957855480726,1.4457578355674625
2025-05-07,0,856.7,0.07906510414042589,56.86054345385133,0.03888566799966694,-0.03164914660336837,4755,-0.13115879190707574,0.04671041694261393,0.02324246797058484,-75.39718566435131,574.8542249288878,-11.362493075189914,1.490290864794423
2025-05-08,0,883.7,0.11125921752864616,72.30967741935484,0.038591471871881305,0.038059438505814835,4755,-0.13115879190707574,0.04671041694261393,0.02324246797058484,-75.39718566435131,574.8542249288878,-11.720596627226948,1.5372592940572334
2025-05-09,0,893.5,0.1208484076049596,68.94356005788711,0.0385766778879967,0.05739644970414193,4755,-0.13115879190707574,0.04671041694261393,0.02324246797058484,-75.39718566435131,574.8542249288878,-11.850574953521871,1.5543070943081791
2025-05-12,0,884.2,0.10616811953921775,75.37974683544304,0.038437459895240444,0.0654295698276901,4755,-0.13115879190707574,0.04671041694261393,0.02324246797058484,-75.39718566435131,574.8542249288878,-11.727228174486894,1.5381290797843223
2025-05-13,0,884.6,0.10320160429408061,68.95450917797287,0.0383475505104835,0.07641761985884643,4755,-0.13115879190707574,0.04671041694261393,0.02324246797058484,-75.39718566435131,574.8542249288878,-11.732533412294849,1.5388249083659935
2025-05-14,0,884.0,0.09761306407874984,73.22033898305087,0.03764382585802713,0.11111111111111116,4755,-0.06466487293837865,0.04530733638213234,-0.027446046233899173,-34.05396481110388,526.6223107490686,-25.958798187039783,1.678622386397942
2025-05-15,0,806.1,-0.0038260199012353046,55.562700964630224,0.03548433179705521,0.1340742824985932,4755,-0.06466487293837865,0.04530733638213234,-0.027446046233899173,-34.05396481110388,526.6223107490686,-23.671252509697702,1.530698535831879
2025-05-16,0,784.5,-0.031567564364649074,51.96992481203007,0.033138074848526405,0.02871754523996839,4755,-0.06466487293837865,0.04530733638213234,-0.027446046233899173,-34.05396481110388,526.6223107490686,-23.0369651331818,1.4896824232230603
2025-05-19,0,808.0,-0.006687647521636573,57.04736995059576,0.03171079221364358,0.11633047803260577,4755,-0.06466487293837865,0.04530733638213234,-0.027446046233899173,-34.05396481110388,526.6223107490686,-23.727046306706047,1.5343064346261732
2025-05-20,0,803.0,-0.013484427059274611,53.200612557427256,0.02620526177422881,0.01697061803444777,4755,-0.06466487293837865,0.04530733638213234,-0.027446046233899173,-34.05396481110388,526.6223107490686,-23.58022052510514,1.5248119641148725
2025-05-21,0,821.2,0.0065600454986712905,55.42590431738624,0.026195760487780818,0.060433884297520724,4755,-0.06466487293837865,0.04530733638213234,-0.027446046233899173,-34.05396481110388,526.6223107490686,-24.114666370132433,1.5593718367760068
2025-05-22,0,800.2,-0.020558240187222517,53.37078651685393,0.026776424564845188,0.03720025923525605,4755,-0.06466487293837865,0.04530733638213234,-0.027446046233899173,-34.05396481110388,526.6223107490686,-23.497998087408636,1.5194950606285442
2025-05-23,0,802.0,-0.019823519346874957,57.151370679380214,0.02677345243820674,0.03966813585688356,4755,-0.06466487293837865,0.04530733638213234,-0.027446046233899173,-34.05396481110388,526.6223107490686,-23.550855368784962,1.5229130700126126
2025-05-26,0,813.6,-0.008269298279829786,56.55589123867069,0.026634029568122306,0.07123107307439103,4755,-0.06466487293837865,0.04530733638213234,-0.027446046233899173,-34.05396481110388,526.6223107490686,-23.89149118209906,1.5449402415988298
2025-05-27,0,795.1,-0.03143363901260071,51.36350014983518,0.026514436277271562,0.016621915356092476,4755,-0.06466487293837865,0.04530733638213234,-0.027446046233899173,-34.05396481110388,526.6223107490686,-23.348235790175714,1.5098107007070176
2025-05-28,0,794.7,-0.03242537731392415,48.365598222786424,0.02651436399469488,0.013647959183673564,4755,-0.06466487293837865,0.04530733638213234,-0.027446046233899173,-34.05396481110388,526.6223107490686,-23.336489727647642,1.5090511430661138
2025-05-29,0,804.0,-0.022425842975327147,46.585686145764946,0.026499216625254302,0.035815511466116945,4755,-0.06466487293837865,0.04530733638213234,-0.027446046233899173,-34.05396481110388,526.6223107490686,-23.609585681425322,1.5267108582171327
2025-05-30,0,798.6,-0.031093338251066503,43.074839146630545,0.02580708724571181,0.05915119363395238,4755,-0.06466487293837865,0.04530733638213234,-0.027446046233899173,-34.05396481110388,526.6223107490686,-23.451013837296347,1.5164568300649282
2025-06-02,0,820.7,-0.006714690988661865,48.270287746524424,0.02602422763244329,0.06556738509478066,4755,-0.06466487293837865,0.04530733638213234,-0.027446046233899173,-34.05396481110388,526.6223107490686,-24.099983791972342,1.5584223897248768
2025-06-03,0,816.0,-0.013835310496852814,47.59324195090851,0.025811579463328238,0.03816793893129766,4755,-0.06466487293837865,0.04530733638213234,-0.027446046233899173,-34.05396481110388,526.6223107490686,-23.961967557267492,1.549497587444254
2025-06-04,0,809.2,-0.02225186559950488,41.94642251610715,0.025455350753833268,0.00521739130434784,4755,-0.06466487293837865,0.04530733638213234,-0.027446046233899173,-34.05396481110388,526.6223107490686,-23.762284494290263,1.5365851075488854
2025-06-05,0,800.9,-0.03116154162533568,35.01086169442432,0.025033172427887874,-0.028976721629485946,4755,-0.06466487293837865,0.04530733638213234,-0.027446046233899173,-34.05396481110388,526.6223107490686,-23.51855369683276,1.5208242865001262
2025-06-06,0,804.9,-0.024689921917031368,33.616863905325445,0.024764161009273287,-0.0412150089338893,4755,-0.06466487293837865,0.04530733638213234,-0.027446046233899173,-34.05396481110388,526.6223107490686,-23.636014322113486,1.5284198629091668
2025-06-09,0,823.9,-0.0013042803669441722,39.235987147447325,0.025190900722280207,-0.009020928554245855,4755,-0.06466487293837865,0.04530733638213234,-0.027446046233899173,-34.05396481110388,526.6223107490686,-24.19395229219692,1.564498850852109
2025-06-10,0,818.6,-0.007126950936109558,38.421052631578945,0.025223281153373377,-0.015040308025508375,4755,-0.06466487293837865,0.04530733638213234,-0.027446046233899173,-34.05396481110388,526.6223107490686,-24.038316963699963,1.5544347121101305
2025-06-11,0,831.9,0.010219992130994717,41.249580114208925,0.02463680534727446,-0.02894828994980747,4755,-0.06466487293837865,0.04530733638213234,-0.027446046233899173,-34.05396481110388,526.6223107490686,-24.428873542758364,1.5796900036701897
2025-06-12,0,820.6,-0.0004385110114987498,53.1371700562527,0.023803310227194983,-0.07140432273395947,4755,-0.06466487293837865,0.04530733638213234,-0.027446046233899173,-34.05396481110388,526.6223107490686,-24.097047276340323,1.5582325003146507
2025-06-13,0,803.9,-0.016486904435657656,54.288240495137046,0.023876038433098164,-0.10027979854504754,4755,-0.06466487293837865,0.04530733638213234,-0.027446046233899173,-34.05396481110388,526.6223107490686,-23.606649165793304,1.5265209688069066
2025-06-16,0,808.4,-0.007299126659004148,50.09652509652509,0.023909824743002833,-0.08572721103822667,4755,-0.06466487293837865,0.04530733638213234,-0.027446046233899173,-34.05396481110388,526.6223107490686,-23.73879236923412,1.535065992267077
2025-06-17,0,810.6,-0.0009662502588168835,51.85909980430528,0.023928944196643473,-0.08365362875876103,4755,-0.06466487293837865,0.04530733638213234,-0.027446046233899173,-34.05396481110388,526.6223107490686,-23.803395713138517,1.5392435592920495
2025-06-18,0,822.3,0.016545599295847795,50.27791814047495,0.024184937505353433,-0.06979638009049782,4755,-0.06466487293837865,0.04530733638213234,-0.027446046233899173,-34.05396481110388,526.6223107490686,-24.14696804208463,1.5614606202884926
2025-06-19,0,812.6,0.004231465095356236,53.32261521972133,0.016552237731870298,0.008063515692842138,4755,-0.06466487293837865,0.04530733638213234,-0.027446046233899173,-34.05396481110388,526.6223107490686,-23.862126025778878,1.5430413474965696
2025-06-20,0,806.8,-0.004034229225200883,51.259181532004185,0.015645982118207908,0.02842574888463978,4755,-0.06466487293837865,0.04530733638213234,-0.027446046233899173,-34.05396481110388,526.6223107490686,-23.691808119121827,1.532027761703461
2025-06-23,0,791.5,-0.022124812208428896,44.312918167781774,0.014948402517669566,-0.020420792079207883,4755,-0.06466487293837865,0.04530733638213234,-0.027446046233899173,-34.05396481110388,526.6223107490686,-23.24252122742306,1.5029746819388812
2025-06-24,0,791.8,-0.02121242088607605,49.06303236797272,0.014905910247957635,-0.013947696139476995,4755,-0.06466487293837865,0.04530733638213234,-0.027446046233899173,-34.05396481110388,526.6223107490686,-23.251330774319115,1.5035443501695591
2025-06-25,0,777.8,-0.03645084883501975,45.545598313125964,0.014476346553877134,-0.05284948855333671,4755,-0.06466487293837865,0.04530733638213234,-0.027446046233899173,-34.05396481110388,526.6223107490686,-22.840218585836585,1.4769598327379176
2025-06-26,0,785.5,-0.02620264902632658,45.082402977139814,0.013799251383409516,-0.018370407398150546,4755,-0.06466487293837865,0.04530733638213234,-0.027446046233899173,-34.05396481110388,526.6223107490686,-23.06633028950198,1.4915813173253205
2025-06-27,0,791.8,-0.017895682114736633,48.20105820105818,0.013897694671127768,-0.01271820448877814,4755,-0.06466487293837865,0.04530733638213234,-0.027446046233899173,-34.05396481110388,526.6223107490686,-23.251330774319115,1.5035443501695591
2025-06-30,0,796.4,-0.011346425999950328,42.91545189504371,0.013616468272697897,-0.021140609636184915,4755,-0.06466487293837865,0.04530733638213234,-0.027446046233899173,-34.05396481110388,526.6223107490686,-23.38641049339195,1.5122792630399557
2025-07-01,0,785.0,-0.025009439399058146,41.301907968574625,0.01314616625725528,-0.01270280467865681,4755,-0.06466487293837865,0.04530733638213234,-0.027446046233899173,-34.05396481110388,526.6223107490686,-23.05164771134189,1.4906318702741905
2025-07-02,0,776.4,-0.03481335249451784,40.888888888888864,0.013313778573864354,-0.023027557568893964,4755,-0.06466487293837865,0.04530733638213234,-0.027446046233899173,-34.05396481110388,526.6223107490686,-22.799107366988334,1.4743013809947534
2025-07-03,0,778.2,-0.031332931692914255,43.458213256484164,0.013075382361492669,-0.03208955223880594,4755,-0.06466487293837865,0.04530733638213234,-0.027446046233899173,-34.05396481110388,526.6223107490686,-22.85196464836466,1.4777193903788217
2025-07-04,0,773.0,-0.03657764461306048,40.870062965083,0.01307478305115685,-0.03205609817180066,4755,-0.06466487293837865,0.04530733638213234,-0.027446046233899173,-34.05396481110388,526.6223107490686,-22.69926583549972,1.4678451410470692
2025-07-07,0,772.0,-0.03548225887056469,33.43969368219528,0.011608862346800421,-0.059339588156451906,4755,-0.06466487293837865,0.04530733638213234,-0.027446046233899173,-34.05396481110388,526.6223107490686,-22.669900679179538,1.465946246944809
2025-07-08,0,778.5,-0.025535110777318785,37.30208993033565,0.011782371908914034,-0.045955882352941124,4755,-0.06466487293837865,0.04530733638213234,-0.027446046233899173,-34.05396481110388,526.6223107490686,-22.860774195260714,1.4782890586094997
2025-07-09,0,783.2,-0.01837415085353316,33.690555927662444,0.011801563822909207,-0.03213049925852696,4755,-0.06466487293837865,0.04530733638213234,-0.027446046233899173,-34.05396481110388,526.6223107490686,-22.998790429965563,1.4872138608901224
2025-07-10,0,808.5,0.012949719606496926,46.295162278015916,0.01340696413091429,0.009489324509926345,4755,-0.06466487293837865,0.04530733638213234,-0.027446046233899173,-34.05396481110388,526.6223107490686,-23.741728884866138,1.5352558816773032
2025-07-11,0,800.4,0.0030276296266591057,48.86877828054299,0.013531228467767739,-0.005590756615728609,4755,-0.06466487293837865,0.04530733638213234,-0.027446046233899173,-34.05396481110388,526.6223107490686,-23.50387111867267,1.5198748394489963
2025-07-14,0,790.3,-0.00795842538662386,44.35433562071116,0.012802807284508156,-0.04078164825828379,4755,-0.06466487293837865,0.04530733638213234,-0.027446046233899173,-34.05396481110388,526.6223107490686,-23.207283039838845,1.500696009016169
2025-07-15,0,795.0,-0.0008747059178380014,45.2088452088452,0.01284685742419983,-0.028829709259711733,4755,-0.06466487293837865,0.04530733638213234,-0.027446046233899173,-34.05396481110388,526.6223107490686,-23.345299274543695,1.5096208112967917
2025-07-16,0,785.0,-0.01111083117079445,38.42333954065799,0.012515234958044928,-0.05637696838562323,4755,-0.06466487293837865,0.04530733638213234,-0.027446046233899173,-34.05396481110388,526.6223107490686,-23.05164771134189,1.4906318702741905
2025-07-17,0,784.8,-0.009576116750884767,40.83113456464378,0.012293973285472761,-0.0436266146721912,4755,-0.06466487293837865,0.04530733638213234,-0.027446046233899173,-34.05396481110388,526.6223107490686,-23.04577468007785,1.4902520914537385
2025-07-18,0,774.0,-0.021729238920514878,39.52745849297577,0.011943308399635883,-0.03719368080607033,4755,-0.06466487293837865,0.04530733638213234,-0.027446046233899173,-34.05396481110388,526.6223107490686,-22.7286309918199,1.4697440351493292
2025-07-22,0,770.5,-0.024283376979925858,42.74861878453039,0.01186584500480644,-0.04688273132112808,4755,-0.06466487293837865,0.04530733638213234,-0.027446046233899173,-34.05396481110388,526.6223107490686,-22.625852944699268,1.4630979057914189
2025-07-23,0,802.0,0.01604901359630676,52.89772727272727,0.014614773698470054,-0.010609425117197202,4755,-0.06466487293837865,0.04530733638213234,-0.027446046233899173,-34.05396481110388,526.6223107490686,-23.550855368784962,1.5229130700126126
2025-07-24,0,797.1,0.011132478524058576,55.781905332534464,0.014325029274450153,-0.030645749726377125,4755,-0.06466487293837865,0.04530733638213234,-0.027446046233899173,-34.05396481110388,526.6223107490686,-23.406966102816078,1.513608488911538
2025-07-25,0,787.5,0.00022862368541374533,50.59241706161137,0.01433277835834581,-0.03088850603002713,4755,-0.06466487293837865,0.04530733638213234,-0.027446046233899173,-34.05396481110388,526.6223107490686,-23.12506060214234,1.4953791055298409
2023-08-03,1,381.5,,,,,4689,0.011178024021548461,0.395063598482531,0.13796475449627546,4.8883789020833195,437.32048639900364,78.04223192220495,0.8723579431216629
2023-08-04,0,427.8,,,,,4689,0.011178024021548461,0.395063598482531,0.13796475449627546,4.8883789020833195,437.32048639900364,87.51367448576481,0.9782299556158517
2023-08-07,0,440.0,,,,,4689,0.011178024021548461,0.395063598482531,0.13796475449627546,4.8883789020833195,437.32048639900364,90.00938937292314,1.0061271165754435
2023-08-08,0,422.0,,,,,4689,0.011178024021548461,0.395063598482531,0.13796475449627546,4.8883789020833195,437.32048639900364,86.32718708039447,0.9649673708973572
2023-08-09,0,412.9,,,,,4689,0.011178024021548461,0.395063598482531,0.13796475449627546,4.8883789020833195,437.32048639900364,84.46562925472718,0.9441588328045468
2023-08-10,1,413.4,,,,,4689,0.011178024021548461,0.395063598482531,0.13796475449627546,4.8883789020833195,437.32048639900364,84.56791265174186,0.9453021590733826
2023-08-14,1,413.3,,,,,4689,0.011178024021548461,0.395063598482531,0.13796475449627546,4.8883789020833195,437.32048639900364,84.54745597233894,0.9450734938196155
2023-08-15,1,417.7,,,,,4689,0.011178024021548461,0.395063598482531,0.13796475449627546,4.8883789020833195,437.32048639900364,85.44754986606816,0.9551347649853699
2023-08-16,1,419.4,,,,,4689,0.011178024021548461,0.395063598482531,0.13796475449627546,4.8883789020833195,437.32048639900364,85.79531341591809,0.9590220742994113
2023-08-17,1,409.4,,,,,4689,0.011178024021548461,0.395063598482531,0.13796475449627546,4.8883789020833195,437.32048639900364,83.74964547562439,0.9361555489226967
2023-08-18,1,404.6,,,,,4689,0.011178024021548461,0.395063598482531,0.13796475449627546,4.8883789020833195,437.32048639900364,82.76772486428341,0.9251796167418738
2023-08-21,1,400.0,,,,,4689,0.011178024021548461,0.395063598482531,0.13796475449627546,4.8883789020833195,437.32048639900364,81.82671761174831,0.914661015068585
2023-08-22,1,402.0,,,,,4689,0.011178024021548461,0.395063598482531,0.13796475449627546,4.8883789020833195,437.32048639900364,82.23585119980704,0.9192343201439279
2023-08-23,1,410.5,,,,,4689,0.011178024021548461,0.395063598482531,0.13796475449627546,4.8883789020833195,437.32048639900364,83.97466894905669,0.9386708667141354
2023-08-24,1,417.0,,,,,4689,0.011178024021548461,0.395063598482531,0.13796475449627546,4.8883789020833195,437.32048639900364,85.3043531102476,0.9535341082089999
2023-08-25,1,413.2,,,,,4689,0.011178024021548461,0.395063598482531,0.13796475449627546,4.8883789020833195,437.32048639900364,84.526999292936,0.9448448285658483
2023-08-28,1,413.0,,,,,4689,0.011178024021548461,0.395063598482531,0.13796475449627546,4.8883789020833195,437.32048639900364,84.48608593413013,0.944387498058314
2023-08-29,1,417.5,,55.51282051282051,,,4689,0.011178024021548461,0.395063598482531,0.13796475449627546,4.8883789020833195,437.32048639900364,85.40663650726229,0.9546774344778356
2023-08-30,1,425.7,,57.73447015834348,,,4689,0.011178024021548461,0.395063598482531,0.13796475449627546,4.8883789020833195,437.32048639900364,87.08408421830313,0.9734279852867416
2023-08-31,0,437.8,,61.61383285302594,,,4689,0.011178024021548461,0.395063598482531,0.13796475449627546,4.8883789020833195,437.32048639900364,89.55934242605852,1.0010964809925664
2023-09-01,0,443.3,,68.95705521472394,,,4689,0.011178024021548461,0.395063598482531,0.13796475449627546,4.8883789020833195,437.32048639900364,90.68445979322006,1.0136730699497594
2023-09-04,0,444.7,,57.15495342929721,,,4689,0.011178024021548461,0.395063598482531,0.13796475449627546,4.8883789020833195,437.32048639900364,90.97085330486118,1.0168743835024994
2023-09-05,0,443.3,0.06278409635781289,51.53774464119292,,,4689,0.011178024021548461,0.395063598482531,0.13796475449627546,4.8883789020833195,437.32048639900364,90.68445979322006,1.0136730699497594
2023-09-06,0,444.0,0.06002005443346222,62.22222222222224,0.030339574134401363,0.10916812390706965,4689,0.011178024021548461,0.395063598482531,0.13796475449627546,4.8883789020833195,437.32048639900364,90.82765654904061,1.0152737267261294
2023-09-07,0,443.7,0.05465073162383401,68.96551724137935,0.030265390722508553,0.11622641509433951,4689,0.011178024021548461,0.395063598482531,0.13796475449627546,4.8883789020833195,437.32048639900364,90.7662865108318,1.014587730964828
2023-09-08,0,437.4,0.0341794658394491,63.793103448275886,0.02907354675175216,0.1465268676277851,4689,0.011178024021548461,0.395063598482531,0.13796475449627546,4.8883789020833195,437.32048639900364,89.47751570844676,1.0001818199774977
2023-09-11,1,429.5,0.015337626355753637,58.54430379746835,0.016762167710545083,0.00397381954184195,4689,0.011178024021548461,0.395063598482531,0.13796475449627546,4.8883789020833195,437.32048639900364,87.86143803561474,0.9821172649298932
2023-09-12,1,439.2,0.0383469667596576,60.73926073926075,0.016383612707325523,-0.0018181818181818299,4689,0.011178024021548461,0.395063598482531,0.13796475449627546,4.8883789020833195,437.32048639900364,89.84573593769963,1.0042977945453064
2023-09-13,1,438.9,0.035982023150858175,59.87841945288755,0.013993708010348509,0.040047393364928796,4689,0.011178024021548461,0.395063598482531,0.13796475449627546,4.8883789020833195,437.32048639900364,89.78436589949082,1.003611798784005
2023-09-14,1,441.8,0.039989454158545566,67.68558951965068,0.013154258200089013,0.06999273431823694,4689,0.011178024021548461,0.395063598482531,0.13796475449627546,4.8883789020833195,437.32048639900364,90.37760960217601,1.0102430911432523
2023-09-15,1,446.0,0.04666334988594659,72.74725274725273,0.013217178449682489,0.07885824866956948,4689,0.011178024021548461,0.395063598482531,0.13796475449627546,4.8883789020833195,437.32048639900364,91.23679013709936,1.0198470318014723
2023-09-19,1,440.7,0.03157214684980759,72.19193020719737,0.013541807309680739,0.06629566900556494,4689,0.011178024021548461,0.395063598482531,0.13796475449627546,4.8883789020833195,437.32048639900364,90.15258612874369,1.0077277733518135
2023-09-20,1,435.5,0.01770407829427647,67.65015806111697,0.013732903556540109,0.042614316495092286,4689,0.011178024021548461,0.395063598482531,0.13796475449627546,4.8883789020833195,437.32048639900364,89.08883879979096,0.9958371801559219
2023-09-21,1,424.7,-0.008025487228357558,57.304526748971185,0.014709676457606215,0.012637100619933284,4689,0.011178024021548461,0.395063598482531,0.13796475449627546,4.8883789020833195,437.32048639900364,86.87951742427376,0.9711413327490701
2023-09-22,1,412.0,-0.03792266019054738,47.582205029013544,0.015172024982291268,0.006350757205666913,4689,0.011178024021548461,0.395063598482531,0.13796475449627546,4.8883789020833195,437.32048639900364,84.28151914010076,0.9421008455206425
2023-09-25,1,417.2,-0.026925158136323863,51.90839694656489,0.015145105881105743,0.031141868512110538,4689,0.011178024021548461,0.395063598482531,0.13796475449627546,4.8883789020833195,437.32048639900364,85.34526646905348,0.9539914387165341
2023-09-26,1,405.9,-0.05380204205324267,46.93701466781707,0.01599674599805704,0.01475000000000004,4689,0.011178024021548461,0.395063598482531,0.13796475449627546,4.8883789020833195,437.32048639900364,83.03366169652159,0.9281522650408466
2023-09-27,1,410.3,-0.04428480918306512,46.89119170984457,0.016104300516029495,0.020646766169154285,4689,0.011178024021548461,0.395063598482531,0.13796475449627546,4.8883789020833195,437.32048639900364,83.93375559025083,0.9382135362066011
2023-09-28,1,408.0,-0.04942079904569314,41.94722474977253,0.015586468757595692,-0.006090133982947665,4689,0.011178024021548461,0.395063598482531,0.13796475449627546,4.8883789020833195,437.32048639900364,83.46325196398327,0.9329542353699567
2023-09-29,1,415.5,-0.0318115725896653,39.41120607787274,0.015703086407710346,-0.003597122302158251,4689,0.011178024021548461,0.395063598482531,0.13796475449627546,4.8883789020833195,437.32048639900364,84.99750291920355,0.9501041294024927
2023-10-02,1,403.6,-0.05869841032912905,32.22918531781559,0.016632118209448297,-0.023233301064859546,4689,0.011178024021548461,0.395063598482531,0.13796475449627546,4.8883789020833195,437.32048639900364,82.56315807025405,0.9228929642042023
2023-10-03,1,408.9,-0.04597250608953734,34.51557093425605,0.016864430227302475,-0.009927360774818483,4689,0.011178024021548461,0.395063598482531,0.13796475449627546,4.8883789020833195,437.32048639900364,83.6473620786097,0.935012222653861
2023-10-04,1,400.9,-0.06318642800392583,32.65139116202944,0.017123083593648492,-0.039760479041916263,4689,0.011178024021548461,0.395063598482531,0.13796475449627546,4.8883789020833195,437.32048639900364,82.01082772637473,0.9167190023524893
2023-10-05,1,405.3,-0.051095232297880606,34.63065925337571,0.016761612149590203,-0.047921071176885044,4689,0.011178024021548461,0.395063598482531,0.13796475449627546,4.8883789020833195,437.32048639900364,82.91092162010398,0.9267802735182438
2023-10-06,1,402.9,-0.053621091401082455,34.0625,0.015542027910166786,-0.07971676564641395,4689,0.011178024021548461,0.395063598482531,0.13796475449627546,4.8883789020833195,437.32048639900364,82.41996131443348,0.9212923074278322
2023-10-10,1,407.1,-0.040492127840105474,37.9666401906275,0.01545731131200879,-0.08166027520866226,4689,0.011178024021548461,0.395063598482531,0.13796475449627546,4.8883789020833195,437.32048639900364,83.27914184935685,0.9308962480860524
2023-10-11,1,407.0,-0.037306160294437646,40.474174428450475,0.01541310924936643,-0.08477625365414887,4689,0.011178024021548461,0.395063598482531,0.13796475449627546,4.8883789020833195,437.32048639900364,83.2586851699539,0.9306675828322852
2023-10-12,1,414.1,-0.0177986926120246,39.134199134199164,0.01596863773830803,-0.065869614256711,4689,0.011178024021548461,0.395063598482531,0.13796475449627546,4.8883789020833195,437.32048639900364,84.71110940756243,0.9469028158497527
2023-10-13,1,405.5,-0.034670907290317715,36.51050080775447,0.016346030623654535,-0.08671171171171166,4689,0.011178024021548461,0.395063598482531,0.13796475449627546,4.8883789020833195,437.32048639900364,82.95183497890984,0.927237604025778
2023-10-16,1,393.9,-0.057817792150634276,31.92452830188681,0.017083370078458986,-0.11223799864773498,4689,0.011178024021548461,0.395063598482531,0.13796475449627546,4.8883789020833195,437.32048639900364,80.57886016816914,0.900712434588789
2023-10-17,1,400.1,-0.03956022852753364,32.936802973977734,0.01742904305800299,-0.08527663465935065,4689,0.011178024021548461,0.395063598482531,0.13796475449627546,4.8883789020833195,437.32048639900364,81.84717429115125,0.9148896803223522
2023-10-18,1,400.8,-0.03522116736313044,34.642032332563545,0.01718389846676186,-0.0668218859138533,4689,0.011178024021548461,0.395063598482531,0.13796475449627546,4.8883789020833195,437.32048639900364,81.9903710469718,0.9164903370987222
2023-10-19,1,386.8,-0.06419958580912381,32.4441240086518,0.01751576493792785,-0.11930783242258647,4689,0.011178024021548461,0.395063598482531,0.13796475449627546,4.8883789020833195,437.32048639900364,79.12643593056062,0.8844772015713217
2023-10-20,1,382.3,-0.06999260470185256,33.98791540785501,0.01754228907360523,-0.12895876053770783,4689,0.011178024021548461,0.395063598482531,0.13796475449627546,4.8883789020833195,437.32048639900364,78.20588535742844,0.8741872651518001
2023-10-23,1,377.1,-0.07683042665073787,36.0288230584468,0.017433203008323583,-0.14644635581711174,4689,0.011178024021548461,0.395063598482531,0.13796475449627546,4.8883789020833195,437.32048639900364,77.14213802847571,0.8622966719559085
2023-10-24,1,382.0,-0.05893714094263959,35.87479935794545,0.01757719879179671,-0.1434977578475336,4689,0.011178024021548461,0.395063598482531,0.13796475449627546,4.8883789020833195,437.32048639900364,78.14451531921964,0.8735012693904987
2023-10-25,1,384.9,-0.046550340358491066,40.96385542168676,0.017737677008588765,-0.12661674608577267,4689,0.011178024021548461,0.395063598482531,0.13796475449627546,4.8883789020833195,437.32048639900364,78.73775902190481,0.8801325617497459
2023-10-26,1,376.7,-0.06139432899785715,36.0,0.017984095568354407,-0.13501722158438578,4689,0.011178024021548461,0.395063598482531,0.13796475449627546,4.8883789020833195,437.32048639900364,77.06031131086397,0.8613820109408399
2023-10-27,1,380.0,-0.04893480698382179,38.42975206611572,0.017744422239726172,-0.10525076524605603,4689,0.011178024021548461,0.395063598482531,0.13796475449627546,4.8883789020833195,437.32048639900364,77.73538173116089,0.8689279643151557
2023-10-30,1,376.1,-0.05530046519104975,33.219761499148234,0.016981362348430753,-0.08713592233009704,4689,0.011178024021548461,0.395063598482531,0.13796475449627546,4.8883789020833195,437.32048639900364,76.93757123444635,0.8600100194182371
2023-10-31,1,382.3,-0.0363480540431539,40.4655326768129,0.01715093388342905,-0.08365292425695103,4689,0.011178024021548461,0.395063598482531,0.13796475449627546,4.8883789020833195,437.32048639900364,78.20588535742844,0.8741872651518001
2023-11-01,1,387.2,-0.022153081531017464,40.25157232704404,0.016700446944225775,-0.046070460704607075,4689,0.011178024021548461,0.395063598482531,0.13796475449627546,4.8883789020833195,437.32048639900364,79.20826264817235,0.8853918625863902
2023-11-02,1,400.3,0.011952312094890604,49.742268041237125,0.018004842654703267,-0.02437241043139171,4689,0.011178024021548461,0.395063598482531,0.13796475449627546,4.8883789020833195,437.32048639900364,81.88808764995711,0.9153470108298865
2023-11-06,1,410.0,0.03626419176447993,51.93097781429745,0.018652388333042995,0.004901960784313708,4689,0.011178024021548461,0.395063598482531,0.13796475449627546,4.8883789020833195,437.32048639900364,83.87238555204202,0.9375275404452996
2023-11-07,1,408.2,0.03247673006879799,52.188274153592076,0.01828824880068541,-0.017569193742479006,4689,0.027528693588219074,0.3914107172744344,0.13320501629389342,12.276774718938134,445.9628525267901,33.249775233743705,0.9153228742868856
2023-11-08,1,431.6,0.08857949959644876,58.73129009265859,0.020707768909769796,0.06937561942517334,4689,0.027528693588219074,0.3914107172744344,0.13320501629389342,12.276774718938134,445.9628525267901,35.15581330446787,0.9677936123033314
2023-11-09,0,451.2,0.13317862632229294,63.82978723404255,0.0223168479787968,0.10344827586206895,4689,0.027528693588219074,0.3914107172744344,0.13320501629389342,12.276774718938134,445.9628525267901,36.75232382524537,1.0117434612401832
2023-11-10,0,443.0,0.10789884358369015,58.98073337476693,0.022256832248924732,0.10501371913195312,4689,0.027528693588219074,0.3914107172744344,0.13320501629389342,12.276774718938134,445.9628525267901,36.084395954307844,0.9933562795421126
2023-11-13,1,441.4,0.09992524296037868,61.663417803768674,0.02226404753895216,0.08906982482112014,4689,0.027528693588219074,0.3914107172744344,0.13320501629389342,12.276774718938134,445.9628525267901,35.95406856485662,0.9897685367717572
2023-11-14,1,429.8,0.06815515835934557,61.6634178037687,0.022989395758387172,0.0667659468850832,4689,0.027528693588219074,0.3914107172744344,0.13320501629389342,12.276774718938134,445.9628525267901,35.00919499133524,0.9637574016866817
2023-11-15,0,434.6,0.07713965638600552,61.31147540983608,0.023000095488346008,0.06755097027757317,4689,0.027528693588219074,0.3914107172744344,0.13320501629389342,12.276774718938134,445.9628525267901,35.400177159688916,0.9745206299977475
2023-11-16,0,428.6,0.0599990107335412,58.808618504436005,0.02323531559337831,0.053071253071253155,4689,0.027528693588219074,0.3914107172744344,0.13320501629389342,12.276774718938134,445.9628525267901,34.911449449246824,0.9610665946089153
2023-11-17,1,421.6,0.04191379992091745,61.53846153846155,0.023301577498370345,0.01811156725428642,4689,0.027528693588219074,0.3914107172744344,0.13320501629389342,12.276774718938134,445.9628525267901,34.34126712039772,0.945370219988611
2023-11-20,0,428.0,0.05538294619519647,64.96398166339227,0.023011211176568718,0.055487053020961685,4689,0.027528693588219074,0.3914107172744344,0.13320501629389342,12.276774718938134,445.9628525267901,34.862576678202615,0.959721191070032
2023-11-21,0,436.7,0.07230903715635507,69.07810499359795,0.022333815011977655,0.10865701954810869,4689,0.027528693588219074,0.3914107172744344,0.13320501629389342,12.276774718938134,445.9628525267901,35.571231858343644,0.9792295423838387
2023-11-22,0,436.0,0.0668284852992991,67.76315789473685,0.02223510935026923,0.089727568107973,4689,0.027528693588219074,0.3914107172744344,0.13320501629389342,12.276774718938134,445.9628525267901,35.51421362545874,0.9776599049218083
2023-11-24,0,446.4,0.08742253576022148,69.27899686520378,0.02259183960849337,0.11377245508982026,4689,0.027528693588219074,0.3914107172744344,0.13320501629389342,12.276774718938134,445.9628525267901,36.361341656891696,1.0009802329291175
2023-11-27,0,438.4,0.0625921042426123,69.36597614563718,0.021586726490623574,0.13340227507755942,4689,0.027528693588219074,0.3914107172744344,0.13320501629389342,12.276774718938134,445.9628525267901,35.709704709635574,0.9830415190773412
2023-11-28,0,431.3,0.04044039600903167,65.72654812998164,0.02175393825114944,0.12817159298979863,4689,0.027528693588219074,0.3914107172744344,0.13320501629389342,12.276774718938134,445.9628525267901,35.13137691894576,0.9671209105338897
2023-11-29,0,431.6,0.03571737106326614,67.39811912225707,0.021428390759353298,0.14452399893927348,4689,0.027528693588219074,0.3914107172744344,0.13320501629389342,12.276774718938134,445.9628525267901,35.15581330446787,0.9677936123033314
2023-11-30,0,430.6,0.028519562413414218,65.651328580687,0.021428005034002436,0.1272251308900525,4689,0.027528693588219074,0.3914107172744344,0.13320501629389342,12.276774718938134,445.9628525267901,35.074358686060854,0.9655512730718594
2023-12-01,0,430.4,0.023592085235920754,64.43850267379679,0.02144827536630956,0.1182125227331774,4689,0.027528693588219074,0.3914107172744344,0.13320501629389342,12.276774718938134,445.9628525267901,35.058067762379444,0.9651028052255648
2023-12-04,0,435.0,0.028826050348618407,62.296243798724305,0.020776154397152247,0.1547650650384922,4689,0.027528693588219074,0.3914107172744344,0.13320501629389342,12.276774718938134,445.9628525267901,35.43275900705172,0.9754175656903362
2023-12-05,0,425.8,0.0027222803100950582,55.618776671408256,0.02145913053118665,0.12052631578947381,4689,0.027528693588219074,0.3914107172744344,0.13320501629389342,12.276774718938134,445.9628525267901,34.68337651770718,0.9547880447607936
2023-12-06,0,436.2,0.021430846181225635,59.383378016085786,0.021567069328675952,0.1597979260834883,4689,0.027528693588219074,0.3914107172744344,0.13320501629389342,12.276774718938134,445.9628525267901,35.53050454914014,0.9781083727681027
2023-12-07,0,433.8,0.01093431024357506,50.858034321372855,0.021577119688891287,0.13471095997907412,4689,0.027528693588219074,0.3914107172744344,0.13320501629389342,12.276774718938134,445.9628525267901,35.3350134649633,0.9727267586125699
2023-12-08,0,453.0,0.04924259971279008,50.70422535211267,0.022909506178033903,0.1699380165289257,4689,0.027528693588219074,0.3914107172744344,0.13320501629389342,12.276774718938134,445.9628525267901,36.898942138378,1.015779671856833
2023-12-11,0,466.4,0.0737043721684039,58.79699248120301,0.022713431710294118,0.1651261553834622,4689,0.027528693588219074,0.3914107172744344,0.13320501629389342,12.276774718938134,445.9628525267901,37.990434025032,1.0458270175585582
2023-12-12,0,464.9,0.06486783636446927,58.841234010534244,0.022476508556075303,0.13390243902439014,4689,0.027528693588219074,0.3914107172744344,0.13320501629389342,12.276774718938134,445.9628525267901,37.86825209742148,1.04246350871135
2023-12-13,0,470.0,0.07048823373996711,65.90189873417722,0.022411053159896627,0.1513963743263107,4689,0.027528693588219074,0.3914107172744344,0.13320501629389342,12.276774718938134,445.9628525267901,38.283670651297264,1.0538994387918577
2023-12-14,0,474.0,0.07544447167088693,65.68471337579618,0.019706580173344854,0.09823911028730303,4689,0.027528693588219074,0.3914107172744344,0.13320501629389342,12.276774718938134,445.9628525267901,38.609489124925325,1.0628687957177456
2023-12-15,0,482.4,0.09141259196915809,71.015625,0.017981097485613037,0.06914893617021267,4689,0.027528693588219074,0.3914107172744344,0.13320501629389342,12.276774718938134,445.9628525267901,39.293707919544254,1.0817044452621107
2023-12-18,0,475.0,0.07156715003744843,70.79439252336451,0.017851625020827683,0.07223476297968401,4689,0.027528693588219074,0.3914107172744344,0.13320501629389342,12.276774718938134,445.9628525267901,38.69094374333234,1.0651111349492177
2023-12-19,0,480.2,0.079518375641821,70.51886792452832,0.017866264640960146,0.08790212958767563,4689,0.027528693588219074,0.3914107172744344,0.13320501629389342,12.276774718938134,445.9628525267901,39.11450775904882,1.0767712989528724
2023-12-20,0,478.3,0.07057801812126213,67.27574750830567,0.016842964228741646,0.11284318287575612,4689,0.027528693588219074,0.3914107172744344,0.13320501629389342,12.276774718938134,445.9628525267901,38.95974398407549,1.0725108544130755
2023-12-21,0,477.2,0.06405751083679696,67.05298013245033,0.01683354962747448,0.09802116889093404,4689,0.027528693588219074,0.3914107172744344,0.13320501629389342,12.276774718938134,445.9628525267901,38.870143903827774,1.0700442812584563
2023-12-22,0,481.4,0.06839124336416734,65.27050610820245,0.016446541249394108,0.12319178721418567,4689,0.027528693588219074,0.3914107172744344,0.13320501629389342,12.276774718938134,445.9628525267901,39.21225330113724,1.0794621060306389
2023-12-25,0,473.2,0.045403934182852816,65.15679442508713,0.016484623217066344,0.12239089184060714,4689,0.027528693588219074,0.3914107172744344,0.13320501629389342,12.276774718938134,445.9628525267901,38.544325430199706,1.0610749243325681
2023-12-26,0,484.9,0.0658923248718466,72.44556113902848,0.016842706845994242,0.13294392523364484,4689,0.027528693588219074,0.3914107172744344,0.13320501629389342,12.276774718938134,445.9628525267901,39.49734446556179,1.087310293340791
2023-12-27,0,494.2,0.0808706454604309,74.37694704049844,0.016801093540923295,0.1316693382184566,4689,0.027528693588219074,0.3914107172744344,0.13320501629389342,12.276774718938134,445.9628525267901,40.254872416747034,1.108164048193481
2023-12-28,0,497.3,0.08184895448098231,75.55555555555556,0.016744023707320227,0.14059633027522933,4689,0.027528693588219074,0.3914107172744344,0.13320501629389342,12.276774718938134,445.9628525267901,40.507381733808785,1.1151152998110443
2023-12-29,0,499.7,0.08205141530679402,76.11152976639039,0.01629721322220061,0.11939964157706107,4689,0.027528693588219074,0.3914107172744344,0.13320501629389342,12.276774718938134,445.9628525267901,40.70287281798562,1.120496913966577
2024-01-04,0,495.1,0.06685111921323245,72.64506405425776,0.0158822358756138,0.12933394160583944,4689,0.027528693588219074,0.3914107172744344,0.13320501629389342,12.276774718938134,445.9628525267901,40.32818157331335,1.1101821535018057
2024-01-05,0,483.3,0.03677738782725098,71.24907612712494,0.016372798770843744,0.1205657315093902,4689,0.027528693588219074,0.3914107172744344,0.13320501629389342,12.276774718938134,445.9628525267901,39.367017076110564,1.0837225505704358
2024-01-09,0,481.0,0.02748797347756602,67.61006289308179,0.016464351808025756,0.11445783132530107,4689,0.027528693588219074,0.3914107172744344,0.13320501629389342,12.276774718938134,445.9628525267901,39.17967145377443,1.0785651703380499
2024-01-10,0,480.3,0.021654045775546683,68.52589641434264,0.016450441085042365,0.11542034370645604,4689,0.027528693588219074,0.3914107172744344,0.13320501629389342,12.276774718938134,445.9628525267901,39.12265322088952,1.0769955328760197
2024-01-11,0,485.9,0.028708133971291874,64.70062555853443,0.0164764397823103,0.12894981412639406,4689,0.027528693588219074,0.3914107172744344,0.13320501629389342,12.276774718938134,445.9628525267901,39.5787990839688,1.0895526325722629
2024-01-12,0,475.0,0.0022365700299616033,53.930530164533835,0.017309900609565606,0.09195402298850586,4689,0.027528693588219074,0.3914107172744344,0.13320501629389342,12.276774718938134,445.9628525267901,38.69094374333234,1.0651111349492177
2024-01-15,0,485.1,0.018450091536639995,58.55932203389833,0.016848506345925142,0.13926726162517622,4689,0.027528693588219074,0.3914107172744344,0.13320501629389342,12.276774718938134,445.9628525267901,39.5136353892432,1.0877587611870854
2024-01-16,0,480.0,0.004049666990193736,54.23728813559322,0.01664946075215777,0.10041265474552952,4689,0.027528693588219074,0.3914107172744344,0.13320501629389342,12.276774718938134,445.9628525267901,39.09821683536742,1.076322831106578
2024-01-17,0,479.0,-0.0018171512403306659,52.17391304347826,0.0165823529522477,0.10419548178884286,4689,0.027528693588219074,0.3914107172744344,0.13320501629389342,12.276774718938134,445.9628525267901,39.0167622169604,1.074080491875106
2024-01-18,0,476.8,-0.008368966607324096,47.426470588235304,0.01438605659061924,0.052538631346578324,4689,0.027528693588219074,0.3914107172744344,0.13320501629389342,12.276774718938134,445.9628525267901,38.83756205646497,1.0691473455658675
2024-01-19,0,480.2,-0.0024429967426709844,52.48091603053435,0.013258950437377643,0.029588336192109876,4689,0.027528693588219074,0.3914107172744344,0.13320501629389342,12.276774718938134,445.9628525267901,39.11450775904882,1.0767712989528724
2024-01-22,0,480.0,-0.004108054276111079,49.899799599198396,0.013231439462426562,0.03248010324801043,4689,0.027528693588219074,0.3914107172744344,0.13320501629389342,12.276774718938134,445.9628525267901,39.09821683536742,1.076322831106578
2024-01-23,0,483.3,0.001633120005305472,52.4703557312253,0.013132533075611115,0.028297872340425467,4689,0.027528693588219074,0.3914107172744344,0.13320501629389342,12.276774718938134,445.9628525267901,39.367017076110564,1.0837225505704358
2024-01-24,0,480.3,-0.005103943127490862,51.50339476236664,0.01312102211247525,0.0132911392405064,4689,0.027528693588219074,0.3914107172744344,0.13320501629389342,12.276774718938134,445.9628525267901,39.12265322088952,1.0769955328760197
2024-01-25,0,472.2,-0.021054988431780806,45.700934579439256,0.013064960693249623,-0.021144278606965106,4689,0.027528693588219074,0.3914107172744344,0.13320501629389342,12.276774718938134,445.9628525267901,38.46287081179269,1.058832585101096
2024-01-26,0,467.9,-0.029398098209396276,47.42967992240542,0.012832777355093,-0.014947368421052709,4689,0.027528693588219074,0.3914107172744344,0.13320501629389342,12.276774718938134,445.9628525267901,38.11261595264253,1.0491905264057662
2024-01-29,0,471.2,-0.021822167602218754,42.76663146779303,0.012710788102917115,-0.018742190753852528,4689,0.027528693588219074,0.3914107172744344,0.13320501629389342,12.276774718938134,445.9628525267901,38.381416193385675,1.056590245869624
2024-01-30,0,464.4,-0.0348244644148677,33.839479392624725,0.01299283773496612,-0.029061258624294428,4689,0.027528693588219074,0.3914107172744344,0.13320501629389342,12.276774718938134,445.9628525267901,37.82752478821797,1.041342339095614
2024-01-31,0,462.0,-0.03859760107210935,30.710382513661173,0.013016533377995255,-0.03185247275775349,4689,0.027528693588219074,0.3914107172744344,0.13320501629389342,12.276774718938134,445.9628525267901,37.632033704041135,1.0359607249400813
2024-02-01,0,460.6,-0.03984857707476921,28.39779005524862,0.012851308223522153,-0.04320731200664718,4689,0.027528693588219074,0.3914107172744344,0.13320501629389342,12.276774718938134,445.9628525267901,37.51799723827132,1.0328214500160204
2024-02-02,0,463.0,-0.03402405134068269,31.823329558323877,0.012509937699857629,-0.021555367709213846,4689,0.027528693588219074,0.3914107172744344,0.13320501629389342,12.276774718938134,445.9628525267901,37.71348832244815,1.0382030641715534
2024-02-05,0,465.1,-0.02803668006921386,38.42239185750636,0.011395802998217117,-0.040833161476592994,4689,0.027528693588219074,0.3914107172744344,0.13320501629389342,12.276774718938134,445.9628525267901,37.884543021102886,1.0429119765576447
2024-02-06,0,467.0,-0.021842036914466796,41.04859335038362,0.01062242548250007,-0.05503844597329011,4689,0.03571866128529773,0.3815930957746215,0.1293991862433548,16.035174692575744,448.9298903029166,29.123474421280868,1.0402515183047638
2024-02-07,0,433.3,-0.08753590471457338,28.866906474820127,0.017421004684941146,-0.128694952744822,4689,0.03571866128529773,0.3815930957746215,0.1293991862433548,16.035174692575744,448.9298903029166,27.02184468252891,0.9651841175191738
2024-02-08,0,438.2,-0.07241198286227153,28.416289592760165,0.017625742012557604,-0.12307384430658397,4689,0.03571866128529773,0.3815930957746215,0.1293991862433548,16.035174692575744,448.9298903029166,27.327422893801447,0.9760989621437847
2024-02-09,0,438.1,-0.06812612735255083,31.494483450351055,0.01762975752689056,-0.11512825691779438,4689,0.03571866128529773,0.3815930957746215,0.1293991862433548,16.035174692575744,448.9298903029166,27.32118660377548,0.9758762102126702
2024-02-13,0,443.7,-0.05302383554159278,28.256302521008365,0.017496736519950047,-0.08193668528864062,4689,0.03571866128529773,0.3815930957746215,0.1293991862433548,16.035174692575744,448.9298903029166,27.67041884522981,0.9883503183550828
2024-02-14,0,434.3,-0.06937575534203597,27.03517587939696,0.01785996342701891,-0.09708939708939701,4689,0.03571866128529773,0.3815930957746215,0.1293991862433548,16.035174692575744,448.9298903029166,27.08420758278861,0.9674116368303188
2024-02-15,0,417.6,-0.10032574412712635,23.3506944444444,0.019134648047521397,-0.13054341036851969,4689,0.03571866128529773,0.3815930957746215,0.1293991862433548,16.035174692575744,448.9298903029166,26.04274714845159,0.9302120643341956
2024-02-16,0,423.7,-0.08226477213654483,27.707808564231684,0.019252866323330387,-0.12800987857583868,4689,0.03571866128529773,0.3815930957746215,0.1293991862433548,16.035174692575744,448.9298903029166,26.42316084003577,0.9437999321321807
2024-02-19,0,423.2,-0.07921533132582552,25.473321858863983,0.018930486975834944,-0.1090526315789474,4689,0.03571866128529773,0.3815930957746215,0.1293991862433548,16.035174692575744,448.9298903029166,26.391979389905917,0.9426861724766081
2024-02-20,0,422.7,-0.07528133148987563,25.407725321888364,0.018178450980976778,-0.12863327149041437,4689,0.03571866128529773,0.3815930957746215,0.1293991862433548,16.035174692575744,448.9298903029166,26.360797939776067,0.9415724128210355
2024-02-21,0,423.2,-0.06956292322574968,23.570800351802944,0.018189961726328623,-0.1183333333333334,4689,0.03571866128529773,0.3815930957746215,0.1293991862433548,16.035174692575744,448.9298903029166,26.391979389905917,0.9426861724766081
2024-02-22,0,419.8,-0.07220778302303794,23.488168273444302,0.01819103683253382,-0.12359081419624218,4689,0.03571866128529773,0.3815930957746215,0.1293991862433548,16.035174692575744,448.9298903029166,26.17994552902293,0.9351126068187148
2024-02-26,0,420.8,-0.06537074219513486,25.98130841121491,0.018252504029561686,-0.1174496644295302,4689,0.03571866128529773,0.3815930957746215,0.1293991862433548,16.035174692575744,448.9298903029166,26.242308429282634,0.93734012612986
2024-02-27,0,414.9,-0.07309771681336855,25.598526703499033,0.018165487937995245,-0.13598500624739696,4689,0.03571866128529773,0.3815930957746215,0.1293991862433548,16.035174692575744,448.9298903029166,25.87436731775039,0.9241977621941038
2024-02-28,0,414.8,-0.06789030408168778,23.244781783681162,0.018167634503913097,-0.13583333333333336,4689,0.03571866128529773,0.3815930957746215,0.1293991862433548,16.035174692575744,448.9298903029166,25.86813102772442,0.9239750102629893
2024-02-29,0,412.9,-0.06625116464192347,24.378109452736254,0.017981850092114116,-0.14566521829091672,4689,0.03571866128529773,0.3815930957746215,0.1293991862433548,16.035174692575744,448.9298903029166,25.749641517230984,0.9197427235718135
2024-03-01,0,402.0,-0.0844159393619154,22.477064220183422,0.01843383662808823,-0.16302311055590257,4689,0.03571866128529773,0.3815930957746215,0.1293991862433548,16.035174692575744,448.9298903029166,25.069885904400234,0.8954627630803319
2024-03-04,0,391.7,-0.10128394563192325,20.78032230703981,0.018711704894896288,-0.1704786107581533,4689,0.03571866128529773,0.3815930957746215,0.1293991862433548,16.035174692575744,448.9298903029166,24.4275480317253,0.8725193141755373
2024-03-05,0,390.3,-0.09807274575957849,18.905047048759585,0.018721854847949606,-0.16584740329130154,4689,0.03571866128529773,0.3815930957746215,0.1293991862433548,16.035174692575744,448.9298903029166,24.340239971361722,0.8694007871399342
2024-03-06,0,388.5,-0.09531660425864867,17.15265866209255,0.01849967812093046,-0.17550933786078093,4689,0.03571866128529773,0.3815930957746215,0.1293991862433548,16.035174692575744,448.9298903029166,24.227986750894257,0.865391252379873
2024-03-07,0,386.1,-0.09429978888106975,15.45687446626809,0.018444773093593863,-0.16860465116279055,4689,0.03571866128529773,0.3815930957746215,0.1293991862433548,16.035174692575744,448.9298903029166,24.078315790270974,0.8600452060331248
2024-03-08,0,386.7,-0.0864376027669104,22.261904761904674,0.01852430370881349,-0.162987012987013,4689,0.03571866128529773,0.3815930957746215,0.1293991862433548,16.035174692575744,448.9298903029166,24.11573353042679,0.8613817176198119
2024-03-11,1,377.6,-0.10088387686680889,15.646258503401285,0.018796688746232432,-0.18019973947025614,4689,0.03571866128529773,0.3815930957746215,0.1293991862433548,16.035174692575744,448.9298903029166,23.548231138063503,0.8411112918883914
2024-03-12,0,388.4,-0.06854939278245702,24.87360970677443,0.02001119791708261,-0.16112311015118796,4689,0.03571866128529773,0.3815930957746215,0.1293991862433548,16.035174692575744,448.9298903029166,24.221750460868286,0.8651685004487585
2024-03-13,0,393.0,-0.05095387587539247,24.10623084780383,0.02023588290760027,-0.15502042571490005,4689,0.03571866128529773,0.3815930957746215,0.1293991862433548,16.035174692575744,448.9298903029166,24.508619802062917,0.875415089280026
2024-03-14,0,396.3,-0.03640413157229287,29.302832244008684,0.020348043549095182,-0.15139186295503204,4689,0.03571866128529773,0.3815930957746215,0.1293991862433548,16.035174692575744,448.9298903029166,24.714417372919932,0.8827659030068049
2024-03-15,0,399.2,-0.02612293490246585,38.205128205128155,0.01519100295675388,-0.07869836141241637,4689,0.03571866128529773,0.3815930957746215,0.1293991862433548,16.035174692575744,448.9298903029166,24.89526978367307,0.8892257090091256
2024-03-18,0,394.0,-0.034644974763561494,30.739299610894918,0.015003645258559848,-0.10086718393427652,4689,0.03571866128529773,0.3815930957746215,0.1293991862433548,16.035174692575744,448.9298903029166,24.570982702322617,0.877642608591171
2024-03-19,0,395.6,-0.02667060328707798,32.35294117647058,0.015074537345666635,-0.09700981511070528,4689,0.03571866128529773,0.3815930957746215,0.1293991862433548,16.035174692575744,448.9298903029166,24.67076334273814,0.8812066394890034
2024-03-21,0,398.5,-0.015154510765337267,34.98759305210916,0.014860098294224813,-0.1018706333107956,4689,0.03571866128529773,0.3815930957746215,0.1293991862433548,16.035174692575744,448.9298903029166,24.851615753491277,0.887666445491324
2024-03-22,0,398.1,-0.01260962736616533,34.409937888198755,0.014440130713682914,-0.08335252129864146,4689,0.03571866128529773,0.3815930957746215,0.1293991862433548,16.035174692575744,448.9298903029166,24.826670593387398,0.8867754377668661
2024-03-25,1,391.3,-0.026936428834312957,33.015494636471956,0.012818500957255704,-0.0629789272030652,4689,0.03571866128529773,0.3815930957746215,0.1293991862433548,16.035174692575744,448.9298903029166,24.402602871621422,0.8716283064510794
2024-03-26,1,391.0,-0.0245095104085584,32.09134615384612,0.012321772832568113,-0.07717724805286752,4689,0.03571866128529773,0.3815930957746215,0.1293991862433548,16.035174692575744,448.9298903029166,24.38389400154351,0.8709600506577357
2024-03-27,1,392.0,-0.018960097703565694,35.37675606641123,0.012369058706322668,-0.0737240075614366,4689,0.03571866128529773,0.3815930957746215,0.1293991862433548,16.035174692575744,448.9298903029166,24.446256901803213,0.8731875699688809
2024-03-28,1,382.5,-0.03886744662887459,31.584948688711492,0.013068547960011574,-0.09510290986515257,4689,0.03571866128529773,0.3815930957746215,0.1293991862433548,16.035174692575744,448.9298903029166,23.853809349336043,0.8520261365130024
2024-03-29,1,387.6,-0.022554874112330574,36.08360836083609,0.013485032021707444,-0.0841209829867674,4689,0.03571866128529773,0.3815930957746215,0.1293991862433548,16.035174692575744,448.9298903029166,24.171860140660527,0.8633864849998425
2024-04-01,1,389.3,-0.01523813378393405,42.227662178702566,0.013536688794638175,-0.07265364459266321,4689,0.03571866128529773,0.3815930957746215,0.1293991862433548,16.035174692575744,448.9298903029166,24.27787707110202,0.8671732678287891
2024-04-02,1,379.0,-0.037220692388200714,42.227662178702566,0.014274399305768109,-0.0993346007604563,4689,0.03571866128529773,0.3815930957746215,0.1293991862433548,16.035174692575744,448.9298903029166,23.635539198427086,0.8442298189239945
2024-04-03,0,379.0,-0.033695718685622225,42.963885429638836,0.014142290456223564,-0.08652687394552905,4689,0.03571866128529773,0.3815930957746215,0.1293991862433548,16.035174692575744,448.9298903029166,23.635539198427086,0.8442298189239945
2024-04-04,1,375.7,-0.03827447446832474,42.176039119804386,0.01416192485531718,-0.09426229508196726,4689,0.03571866128529773,0.3815930957746215,0.1293991862433548,16.035174692575744,448.9298903029166,23.42974162757007,0.8368790051972157
2024-04-05,1,373.1,-0.041021950341849536,42.0731707317073,0.014174641317925432,-0.09639137805764098,4689,0.03571866128529773,0.3815930957746215,0.1293991862433548,16.035174692575744,448.9298903029166,23.267598086894846,0.8310874549882384
2024-04-08,1,375.4,-0.03246425220878567,43.249701314217425,0.013506159793480441,-0.06616915422885583,4689,0.03571866128529773,0.3815930957746215,0.1293991862433548,16.035174692575744,448.9298903029166,23.41103275749216,0.8362107494038721
2024-04-09,1,373.2,-0.03629640341272981,47.135416666666636,0.012657083768867448,-0.04723002297676793,4689,0.03571866128529773,0.3815930957746215,0.1293991862433548,16.035174692575744,448.9298903029166,23.273834376920814,0.8313102069193529
2024-04-10,1,367.7,-0.048277218702116174,35.52447552447552,0.012914510159355179,-0.0579041762746606,4689,0.03571866128529773,0.3815930957746215,0.1293991862433548,16.035174692575744,448.9298903029166,22.930838425492453,0.8190588507080548
2024-04-11,1,362.6,-0.058954209012862045,28.88888888888887,0.013114669430273633,-0.06666666666666665,4689,0.03571866128529773,0.3815930957746215,0.1293991862433548,16.035174692575744,448.9298903029166,22.612787634167972,0.8076985022212149
2024-04-12,1,363.0,-0.05565152240421236,25.904486251808905,0.013114445128322539,-0.05982905982905984,4689,0.03571866128529773,0.3815930957746215,0.1293991862433548,16.035174692575744,448.9298903029166,22.63773279427185,0.8085895099456729
2024-04-15,1,357.6,-0.06687402799377912,20.94972067039103,0.013319067884737546,-0.07525213343677262,4689,0.03571866128529773,0.3815930957746215,0.1293991862433548,16.035174692575744,448.9298903029166,22.300973132869462,0.7965609056654893
2024-04-16,1,358.8,-0.061901923257929876,23.964497041420074,0.012664813174415559,-0.04978813559322037,4689,0.03571866128529773,0.3815930957746215,0.1293991862433548,16.035174692575744,448.9298903029166,22.375808613181107,0.7992339288388635
2024-04-17,1,339.7,-0.10729302442921422,17.15628672150403,0.014826746738858962,-0.12538619979402676,4689,0.03571866128529773,0.3815930957746215,0.1293991862433548,16.035174692575744,448.9298903029166,21.184677218220795,0.7566883099959919
2024-04-18,1,349.0,-0.07859164448950288,22.950819672131104,0.015861724070249977,-0.11195928753180662,4689,0.03571866128529773,0.3815930957746215,0.1293991862433548,16.035174692575744,448.9298903029166,21.764652190636024,0.7774042395896414
2024-04-19,1,347.5,-0.07779924419345244,22.67818574514034,0.015629286189066217,-0.12313903608377497,4689,0.03571866128529773,0.3815930957746215,0.1293991862433548,16.035174692575744,448.9298903029166,21.67110784024647,0.7740629606229238
2024-04-22,1,355.2,-0.052941427413506235,30.695187165775366,0.016385067390771675,-0.11022044088176353,4689,0.03571866128529773,0.3815930957746215,0.1293991862433548,16.035174692575744,448.9298903029166,22.151302172246176,0.791214859318741
2024-04-23,1,356.8,-0.04488607161212959,31.96202531645568,0.01638143045324713,-0.09441624365482226,4689,0.03571866128529773,0.3815930957746215,0.1293991862433548,16.035174692575744,448.9298903029166,22.2510828126617,0.7947788902165732
2024-04-24,1,376.3,0.009399242481142553,43.07149161518094,0.020099585067937638,-0.04878665318503539,4689,0.03571866128529773,0.3815930957746215,0.1293991862433548,16.035174692575744,448.9298903029166,23.46715936772589,0.8382155167839028
2024-04-25,1,374.0,0.00587387309852192,45.99434495758718,0.020024677427772912,-0.06148055207026348,4689,0.03571866128529773,0.3815930957746215,0.1293991862433548,16.035174692575744,448.9298903029166,23.323724697128576,0.833092222368269
2024-04-26,0,378.8,0.020903181293862646,45.841209829867665,0.020253178681417634,-0.04848028133634763,4689,0.03571866128529773,0.3815930957746215,0.1293991862433548,16.035174692575744,448.9298903029166,23.623066618375148,0.8437843150617655
2024-04-30,0,383.1,0.03340562586993821,47.140221402214024,0.020156767554988606,-0.020955788397648778,4689,0.03571866128529773,0.3815930957746215,0.1293991862433548,16.035174692575744,448.9298903029166,23.891227089491867,0.8533626480996895
2024-05-01,0,380.3,0.027038413343127513,50.64420218037662,0.020200739482026848,-0.02736572890025568,4689,0.03571866128529773,0.3815930957746215,0.1293991862433548,16.035174692575744,448.9298903029166,23.7166109687647,0.8471255940284832
2024-05-02,0,373.9,0.01173274453139363,47.62348555452002,0.020432707956791106,-0.04617346938775513,4689,0.03571866128529773,0.3815930957746215,0.1293991862433548,16.035174692575744,448.9298903029166,23.317488407102605,0.8328694704371544
2024-05-07,0,377.0,0.02072864321608042,50.606909430438854,0.019967541244876506,-0.01437908496732021,4689,0.03571866128529773,0.3815930957746215,0.1293991862433548,16.035174692575744,448.9298903029166,23.510813397907683,0.8397747803017043
2024-05-08,0,367.6,-0.002561430928193151,47.585601404741,0.020335224159268125,-0.05159958720330238,4689,0.032840003655368384,0.3811363130501664,0.11472708706795696,14.822309475992993,451.3492029885927,24.80045370766173,0.8144469904144057
2024-05-09,0,362.6,-0.013268893750884499,44.51114922813038,0.02042090240905504,-0.06858463909581292,4689,0.032840003655368384,0.3811363130501664,0.11472708706795696,14.822309475992993,451.3492029885927,24.46312435908091,0.8033690933739486
2024-05-10,0,375.0,0.02091931742695654,50.70977917981074,0.021066007596001635,-0.01055408970976257,4689,0.032840003655368384,0.3811363130501664,0.11472708706795696,14.822309475992993,451.3492029885927,25.29970114356134,0.8308422780342821
2024-05-13,0,373.0,0.016138347372206083,52.149229521492295,0.021090762808781145,-0.0158311345646438,4689,0.032840003655368384,0.3811363130501664,0.11472708706795696,14.822309475992993,451.3492029885927,25.16476940412901,0.8264111192180993
2024-05-14,0,386.0,0.05037443399512349,58.91768292682926,0.022150734491666598,0.027415491083311094,4689,0.032840003655368384,0.3811363130501664,0.11472708706795696,14.822309475992993,451.3492029885927,26.041825710439138,0.8552136515232878
2024-05-15,0,385.0,0.046298007413768744,58.34597875569043,0.022100513413507116,0.031894934333958735,4689,0.032840003655368384,0.3811363130501664,0.11472708706795696,14.822309475992993,451.3492029885927,25.974359840722975,0.8529980721151964
2024-05-16,0,390.6,0.05976579881271524,62.49999999999999,0.02223750832346295,0.040490143846563686,4689,0.032840003655368384,0.3811363130501664,0.11472708706795696,14.822309475992993,451.3492029885927,26.35216871113349,0.8654053168005084
2024-05-17,0,393.1,0.06425028697667391,62.865716429107266,0.022196099603001777,0.05332261521972148,4689,0.032840003655368384,0.3811363130501664,0.11472708706795696,14.822309475992993,451.3492029885927,26.520833385423902,0.8709442653207369
2024-05-20,0,390.4,0.05434864803551936,71.68520102651836,0.021999112821809223,0.06173511014413924,4689,0.032840003655368384,0.3811363130501664,0.11472708706795696,14.822309475992993,451.3492029885927,26.338675537190255,0.86496220091889
2024-05-21,0,387.6,0.043967291179607654,67.481884057971,0.021829920305569597,0.06894649751792614,4689,0.032840003655368384,0.3811363130501664,0.11472708706795696,14.822309475992993,451.3492029885927,26.149771101985003,0.858758578576234
2024-05-22,0,383.2,0.029874974468130814,65.75463371579875,0.02201395426733436,0.05564738292011007,4689,0.032840003655368384,0.3811363130501664,0.11472708706795696,14.822309475992993,451.3492029885927,25.85292127523388,0.8490100291806317
2024-05-23,0,383.0,0.02653444116858745,63.13799621928165,0.02172993447153331,0.07102908277404918,4689,0.032840003655368384,0.3811363130501664,0.11472708706795696,14.822309475992993,451.3492029885927,25.839428101290647,0.8485669132990136
2024-05-24,0,381.0,0.01874926468228912,61.39359698681731,0.021791298813649173,0.061872909698996725,4689,0.032840003655368384,0.3811363130501664,0.11472708706795696,14.822309475992993,451.3492029885927,25.70449636185832,0.8441357544828306
2024-05-27,1,371.1,-0.011043481041668902,47.30848861283645,0.019434691888160775,0.09243450103032091,4689,0.032840003655368384,0.3811363130501664,0.11472708706795696,14.822309475992993,451.3492029885927,25.0365842516683,0.8222015183427257
2024-05-28,1,373.5,-0.007240367440673613,49.74146845915202,0.0188142638717509,0.07020057306590255,4689,0.032840003655368384,0.3811363130501664,0.11472708706795696,14.822309475992993,451.3492029885927,25.198502338987094,0.8275189089221451
2024-05-29,1,358.8,-0.047457231148254675,40.61913696060037,0.020594400797257106,0.03251798561151076,4689,0.032840003655368384,0.3811363130501664,0.11472708706795696,14.822309475992993,451.3492029885927,24.20675405415949,0.7949498916232012
2024-05-30,1,355.1,-0.05726998555772662,36.79245283018869,0.020257273943234705,-0.0002815315315314315,4689,0.032840003655368384,0.3811363130501664,0.11472708706795696,14.822309475992993,451.3492029885927,23.957130336209687,0.7867522478132629
2024-05-31,1,372.9,-0.011703717838628622,46.94214876033056,0.022584041208775506,0.04512331838565009,4689,0.032840003655368384,0.3811363130501664,0.11472708706795696,14.822309475992993,451.3492029885927,25.158022817157395,0.8261895612772902
2024-06-03,1,375.0,-0.006001102676110124,50.471293916024,0.019776437644533462,-0.0034546904065905215,4689,0.032840003655368384,0.3811363130501664,0.11472708706795696,14.822309475992993,451.3492029885927,25.29970114356134,0.8308422780342821
2024-06-04,1,378.2,0.002034803620254701,50.513698630136986,0.01980325617257795,0.011229946524064172,4689,0.032840003655368384,0.3811363130501664,0.11472708706795696,14.822309475992993,451.3492029885927,25.515591926653062,0.8379321321401747
2024-06-05,1,380.6,0.008201237602780529,55.919854280510016,0.01967882506920742,0.0047518479408659164,4689,0.032840003655368384,0.3811363130501664,0.11472708706795696,14.822309475992993,451.3492029885927,25.677510013971858,0.8432495227195942
2024-06-06,1,375.9,-0.0034887173396676904,56.073059360730575,0.01969883097906832,-0.018794048551292186,4689,0.032840003655368384,0.3811363130501664,0.11472708706795696,14.822309475992993,451.3492029885927,25.360420426305886,0.8328362995015643
2024-06-07,1,377.7,0.001559218481512183,51.36501516683517,0.019675063117586662,-0.006836707862214131,4689,0.032840003655368384,0.3811363130501664,0.11472708706795696,14.822309475992993,451.3492029885927,25.48185899179498,0.836824342436129
2024-06-10,1,377.8,0.0014101381511285936,52.47422680412371,0.019363669910072132,0.010430596416154181,4689,0.032840003655368384,0.3811363130501664,0.11472708706795696,14.822309475992993,451.3492029885927,25.4886055787666,0.8370459003769382
2024-06-11,1,376.5,-0.0019827805581475507,44.4314185228605,0.01931144894135115,-0.0013262599469495706,4689,0.032840003655368384,0.3811363130501664,0.11472708706795696,14.822309475992993,451.3492029885927,25.400899948135585,0.8341656471464193
2024-06-12,1,368.7,-0.02277281256957472,41.15092290988056,0.019100740091632425,0.0029923830250271344,4689,0.032840003655368384,0.3811363130501664,0.11472708706795696,14.822309475992993,451.3492029885927,24.874666164349506,0.8168841277633062
2024-06-13,1,366.5,-0.029005319938110626,36.41488162344982,0.018929591009371336,0.0107556536127964,4689,0.032840003655368384,0.3811363130501664,0.11472708706795696,14.822309475992993,451.3492029885927,24.72624125097395,0.8120098530655051
2024-06-14,1,364.7,-0.032718361111405844,33.86363636363636,0.017607058162227306,-0.02746666666666675,4689,0.032840003655368384,0.3811363130501664,0.11472708706795696,14.822309475992993,451.3492029885927,24.604802685484852,0.8080218101309405
2024-06-17,1,364.6,-0.032121051234403945,34.894613583138195,0.01758382582083772,-0.02252010723860587,4689,0.032840003655368384,0.3811363130501664,0.11472708706795696,14.822309475992993,451.3492029885927,24.59805609851324,0.8078002521901314
2024-06-18,1,392.9,0.042241415899155324,52.38954012623984,0.02256728116852393,0.017875647668393668,4689,0.032840003655368384,0.3811363130501664,0.11472708706795696,14.822309475992993,451.3492029885927,26.507340211480667,0.8705011494391185
2024-06-19,1,391.0,0.03654139803189682,53.597785977859786,0.022586406433856843,0.01558441558441559,4689,0.032840003655368384,0.3811363130501664,0.11472708706795696,14.822309475992993,451.3492029885927,26.379155059019958,0.8662915485637449
2024-06-20,1,396.8,0.05122607718881804,56.05263157894738,0.022593758853185618,0.015873015873015817,4689,0.032840003655368384,0.3811363130501664,0.11472708706795696,14.822309475992993,451.3492029885927,26.770457103373705,0.8791419091306751
2024-06-21,1,395.2,0.046754319980505755,56.25,0.022583681002899113,0.005342152124141464,4689,0.032840003655368384,0.3811363130501664,0.11472708706795696,14.822309475992993,451.3492029885927,26.662511711827843,0.8755969820777288
2024-06-24,1,392.2,0.0386102431015306,59.887535145267094,0.02259390051210589,0.004610655737705027,4689,0.032840003655368384,0.3811363130501664,0.11472708706795696,14.822309475992993,451.3492029885927,26.460114102679352,0.8689502438534545
2024-06-25,1,391.3,0.0358209271298786,58.46007604562738,0.02254659475366875,0.009545923632610975,4689,0.032840003655368384,0.3811363130501664,0.11472708706795696,14.822309475992993,451.3492029885927,26.399394819934805,0.8669562223861723
2024-06-26,1,390.1,0.031890467776237635,67.06652126499456,0.02242387886396596,0.01800626304801689,4689,0.032840003655368384,0.3811363130501664,0.11472708706795696,14.822309475992993,451.3492029885927,26.31843577627541,0.8642975270964627
2024-06-27,1,390.0,0.03086243537285498,69.80703745743472,0.022423215732148553,0.018276762402088753,4689,0.032840003655368384,0.3811363130501664,0.11472708706795696,14.822309475992993,451.3492029885927,26.31168918930379,0.8640759691556534
2024-06-28,1,388.9,0.027096978660469024,61.204481792717075,0.02240076266791998,0.020734908136482932,4689,0.032840003655368384,0.3811363130501664,0.11472708706795696,14.822309475992993,451.3492029885927,26.23747673261601,0.8616388318067528
2024-07-01,1,377.8,-0.002924192680017174,51.74129353233831,0.02253485008277188,0.018054432767448114,4689,0.032840003655368384,0.3811363130501664,0.11472708706795696,14.822309475992993,451.3492029885927,25.4886055787666,0.8370459003769382
2024-07-02,1,382.6,0.00877470522474644,52.68292682926831,0.022632763584062875,0.02436412315930392,4689,0.032840003655368384,0.3811363130501664,0.11472708706795696,14.822309475992993,451.3492029885927,25.812441753404183,0.847680681535777
2024-07-03,1,388.0,0.019871727473451797,54.35294117647057,0.021115714574966023,0.08138238573021184,4689,0.032840003655368384,0.3811363130501664,0.11472708706795696,14.822309475992993,451.3492029885927,26.176757449871467,0.8596448103394706
2024-07-04,1,387.5,0.015099440450992336,57.17821782178219,0.020949055885877525,0.09124190368910168,4689,0.032840003655368384,0.3811363130501664,0.11472708706795696,14.822309475992993,451.3492029885927,26.143024515013384,0.8585370206354249
2024-07-05,1,399.5,0.043625914315569454,61.97802197802199,0.01947886911782971,0.07133279699651385,4689,0.032840003655368384,0.3811363130501664,0.11472708706795696,14.822309475992993,451.3492029885927,26.952614951607348,0.8851239735325219
2024-07-08,1,400.0,0.04220948410630534,62.144420131291035,0.019473317148519284,0.06666666666666665,4689,0.032840003655368384,0.3811363130501664,0.11472708706795696,14.822309475992993,451.3492029885927,26.986347886465428,0.8862317632365676
2024-07-09,1,401.4,0.043334511654987494,63.606557377049185,0.019437141619902842,0.06134320465362242,4689,0.032840003655368384,0.3811363130501664,0.11472708706795696,14.822309475992993,451.3492029885927,27.080800104068057,0.8893335744078956
2024-07-10,1,404.5,0.048786052830814795,70.62211981566823,0.019450264359431965,0.0627955859169731,4689,0.032840003655368384,0.3811363130501664,0.11472708706795696,14.822309475992993,451.3492029885927,27.289944300188164,0.8962018705729791
2024-07-11,1,404.0,0.04444582325081194,72.03290246768509,0.019219645396568886,0.07475392391593516,4689,0.032840003655368384,0.3811363130501664,0.11472708706795696,14.822309475992993,451.3492029885927,27.25621136533008,0.8950940808689333
2024-07-12,1,410.9,0.058649545520126994,75.609756097561,0.01942184065032793,0.08790045009266612,4689,0.032840003655368384,0.3811363130501664,0.11472708706795696,14.822309475992993,451.3492029885927,27.72172586637161,0.9103815787847641
2024-07-16,1,403.5,0.03683793978888097,69.94871794871796,0.01988895144615248,0.06802541026998399,4689,0.032840003655368384,0.3811363130501664,0.11472708706795696,14.822309475992993,451.3492029885927,27.222478430472,0.8939862911648876
2024-07-17,1,404.6,0.036670356249743956,58.32147937411099,0.019846255216337653,0.07463479415670649,4689,0.032840003655368384,0.3811363130501664,0.11472708706795696,14.822309475992993,451.3492029885927,27.296690887159784,0.8964234285137882
2024-07-18,1,397.3,0.014991109566923488,54.16116248348746,0.01971950425232463,0.07756983997830225,4689,0.032840003655368384,0.3811363130501664,0.11472708706795696,14.822309475992993,451.3492029885927,26.804190038231788,0.8802496988347208
2024-07-19,1,393.6,0.002761670861824894,47.82608695652175,0.019795338629328574,0.07394270122783086,4689,0.032840003655368384,0.3811363130501664,0.11472708706795696,14.822309475992993,451.3492029885927,26.55456632028198,0.8720520550247826
2024-07-22,1,390.5,-0.007744925650746403,46.87083888149135,0.01985375270806414,0.07074307650123401,4689,0.032840003655368384,0.3811363130501664,0.11472708706795696,14.822309475992993,451.3492029885927,26.345422124161875,0.8651837588596991
2024-07-23,1,390.0,-0.0115671982238622,48.48484848484849,0.019861519783410452,0.06966538672517819,4689,0.032840003655368384,0.3811363130501664,0.11472708706795696,14.822309475992993,451.3492029885927,26.31168918930379,0.8640759691556534
2024-07-24,1,380.0,-0.03565047912944602,43.08445532435739,0.013336635971558795,-0.03283278187834049,4689,0.032840003655368384,0.3811363130501664,0.11472708706795696,14.822309475992993,451.3492029885927,25.637030492142156,0.8419201750747393
2024-07-25,1,368.1,-0.06367327004670169,38.095238095238095,0.01462286690088482,-0.058567774936061356,4689,0.032840003655368384,0.3811363130501664,0.11472708706795696,14.822309475992993,451.3492029885927,24.83418664251981,0.8155547801184514
2024-07-26,1,363.8,-0.07149347135871298,36.43892339544514,0.01428543448520949,-0.08316532258064513,4689,0.032840003655368384,0.3811363130501664,0.11472708706795696,14.822309475992993,451.3492029885927,24.54408340274031,0.8060277886636583
2024-07-29,1,369.7,-0.0539724457000143,40.53254437869822,0.014810691122677614,-0.06452429149797567,4689,0.032840003655368384,0.3811363130501664,0.11472708706795696,14.822309475992993,451.3492029885927,24.942132034065672,0.8190997071713976
2024-07-30,1,366.6,-0.05944048767471933,44.00428265524626,0.01482277964275582,-0.06527281998980106,4689,0.032840003655368384,0.3811363130501664,0.11472708706795696,14.822309475992993,451.3492029885927,24.732987837945565,0.8122314110063142
2024-07-31,1,373.0,-0.04121983569643941,44.947368421052616,0.015356047689789463,-0.046767186302069996,4689,0.032840003655368384,0.3811363130501664,0.11472708706795696,14.822309475992993,451.3492029885927,25.16476940412901,0.8264111192180993
2024-08-01,1,367.1,-0.05414875964917695,39.05759162303665,0.015609520881422567,-0.05895924122019991,4689,0.032840003655368384,0.3811363130501664,0.11472708706795696,14.822309475992993,451.3492029885927,24.766720772803648,0.81333920071036
2024-08-02,1,350.6,-0.09297873441299735,33.45291479820628,0.017773480065337785,-0.10102564102564093,4689,0.01487523188871882,0.38625288495483645,0.23063152552987032,6.746674683074944,453.55089141108,51.966341415502555,0.7730113789639331
2024-08-05,1,338.8,-0.11893814883391929,22.731356693620825,0.01872559642392509,-0.128824890717408,4689,0.01487523188871882,0.38625288495483645,0.23063152552987032,6.746674683074944,453.55089141108,50.21733163597337,0.7469944529177995
2024-08-06,1,371.8,-0.03251660178612329,40.19471488178025,0.027231005894949804,-0.015881418740074094,4689,0.01487523188871882,0.38625288495483645,0.23063152552987032,6.746674683074944,453.55089141108,55.1086301719448,0.8197536528773255
2024-08-07,1,375.0,-0.02341715452405263,40.934065934065934,0.02716173795735132,-0.01986408782017779,4689,0.01487523188871882,0.38625288495483645,0.23063152552987032,6.746674683074944,453.55089141108,55.582937908766276,0.8268090904491583
2024-08-08,1,381.3,-0.00631704037276787,42.20430107526882,0.027227014004585045,-0.01726804123711334,4689,0.01487523188871882,0.38625288495483645,0.23063152552987032,6.746674683074944,453.55089141108,56.51673126563355,0.8406994831687041
2024-08-09,1,378.4,-0.012938230383973383,41.534391534391524,0.02726536938469542,-0.02348387096774196,4689,0.01487523188871882,0.38625288495483645,0.23063152552987032,6.746674683074944,453.55089141108,56.086889879139086,0.8343054928692306
2024-08-13,1,381.2,-0.0037320844266495235,39.90482664853841,0.026525710728303717,-0.04580725907384231,4689,0.01487523188871882,0.38625288495483645,0.23063152552987032,6.746674683074944,453.55089141108,56.50190914885788,0.8404790007445844
2024-08-14,1,385.3,0.008533137891320257,43.67176634214187,0.026635348145551015,-0.03674999999999995,4689,0.01487523188871882,0.38625288495483645,0.23063152552987032,6.746674683074944,453.55089141108,57.10961593666039,0.8495187801334951
2024-08-15,1,376.2,-0.012681349597934164,40.64558629776021,0.026987288215661733,-0.06278026905829592,4689,0.01487523188871882,0.38625288495483645,0.23063152552987032,6.746674683074944,453.55089141108,55.76080331007433,0.8294548795385955
2024-08-16,1,382.7,0.00668139730639721,45.16556291390727,0.027201231061253252,-0.053893695920889995,4689,0.01487523188871882,0.38625288495483645,0.23063152552987032,6.746674683074944,453.55089141108,56.724240900492944,0.843786237106381
2024-08-19,1,375.8,-0.008526984529010816,44.22827496757458,0.02739167102646435,-0.06980198019801975,4689,0.01487523188871882,0.38625288495483645,0.23063152552987032,6.746674683074944,453.55089141108,55.70151484297165,0.8285729498421165
2024-08-20,1,380.5,0.007103987126008345,46.790757381258025,0.027270207355983192,-0.07398393769773659,4689,0.01487523188871882,0.38625288495483645,0.23063152552987032,6.746674683074944,453.55089141108,56.39815433142818,0.8389356237757459
2024-08-21,1,378.7,0.004978451478674331,46.40356460852959,0.02708877556189207,-0.06146220570012395,4689,0.01487523188871882,0.38625288495483645,0.23063152552987032,6.746674683074944,453.55089141108,56.1313562294661,0.8349669401415899
2024-08-22,1,388.0,0.03147596767333043,52.55754475703325,0.02760096456682463,-0.04102817597627295,4689,0.01487523188871882,0.38625288495483645,0.23063152552987032,6.746674683074944,453.55089141108,57.509813089603504,0.8554718055847291
2024-08-23,1,381.8,0.016669329498854957,54.54545454545455,0.027551917514493325,-0.03901334004530577,4689,0.01487523188871882,0.38625288495483645,0.23063152552987032,6.746674683074944,453.55089141108,56.590841849511904,0.841801895289303
2024-08-26,1,405.0,0.07713911850126054,62.14622641509434,0.030139257624337792,0.0289634146341462,4689,0.01487523188871882,0.38625288495483645,0.23063152552987032,6.746674683074944,453.55089141108,60.02957294146758,0.892953817685091
2024-08-27,1,406.8,0.08005352477644906,61.20845921450152,0.03007908071227857,0.041741357234315046,4689,0.01487523188871882,0.38625288495483645,0.23063152552987032,6.746674683074944,453.55089141108,60.29637104342966,0.8969225013192469
2024-08-28,1,403.2,0.06899696693320874,61.02409638554216,0.03015211199307415,0.03384615384615386,4689,0.01487523188871882,0.38625288495483645,0.23063152552987032,6.746674683074944,453.55089141108,59.7627748395055,0.8889851340509349
2024-08-29,1,400.7,0.06004169268050065,58.544108574953725,0.02966278082530446,0.05447368421052623,4689,0.01487523188871882,0.38625288495483645,0.23063152552987032,6.746674683074944,453.55089141108,59.39222192011373,0.8834730734479406
2024-08-30,1,399.7,0.05387219591423468,60.36895674300253,0.028841045664305703,0.08584623743547937,4689,0.01487523188871882,0.38625288495483645,0.23063152552987032,6.746674683074944,453.55089141108,59.24400075235702,0.8812682492067428
2024-09-02,1,405.7,0.06498592969045328,68.7798227675528,0.0287422774331775,0.11517317207256728,4689,0.01487523188871882,0.38625288495483645,0.23063152552987032,6.746674683074944,453.55089141108,60.13332775889727,0.8944971946539293
2024-09-03,1,412.8,0.07874188591677382,76.056338028169,0.02876473127082838,0.11658101163105217,4689,0.01487523188871882,0.38625288495483645,0.23063152552987032,6.746674683074944,453.55089141108,61.18569804996992,0.9101514467664334
2024-09-04,1,399.1,0.039409534127843995,61.124694376528105,0.029652714521940852,0.08865248226950362,4689,0.01487523188871882,0.38625288495483645,0.23063152552987032,6.746674683074944,453.55089141108,59.15506805170299,0.8799453546620243
2024-09-05,1,399.1,0.036591067291409006,60.0836820083682,0.02952331900818496,0.06997319034852545,4689,0.01487523188871882,0.38625288495483645,0.23063152552987032,6.746674683074944,453.55089141108,59.15506805170299,0.8799453546620243
2024-09-06,1,395.3,0.02372196612627551,55.98290598290598,0.029381585592471456,0.07681830563879055,4689,0.01487523188871882,0.38625288495483645,0.23063152552987032,6.746674683074944,453.55089141108,58.59182761422749,0.8715670225454727
2024-09-09,1,397.1,0.02345360824742274,58.067299396031075,0.02760412359430312,0.1326297775242442,4689,0.01487523188871882,0.38625288495483645,0.23063152552987032,6.746674683074944,453.55089141108,58.85862571618957,0.8755357061796287
2024-09-10,1,398.3,0.02028792458630057,57.480314960629926,0.02639280544009327,0.17561983471074383,4689,0.01487523188871882,0.38625288495483645,0.23063152552987032,6.746674683074944,453.55089141108,59.036491117497626,0.878181495269066
2024-09-11,1,398.7,0.018505272623232316,56.05786618444846,0.01845484166191988,0.07235072619687988,4689,0.01487523188871882,0.38625288495483645,0.23063152552987032,6.746674683074944,453.55089141108,59.0957795846003,0.879063424965545
2024-09-12,1,416.2,0.058752899995929996,66.80672268907563,0.020174011587847474,0.10986666666666656,4689,0.01487523188871882,0.38625288495483645,0.23063152552987032,6.746674683074944,453.55089141108,61.68965002034273,0.9176478491865058
2024-09-13,1,412.1,0.045047877951797474,62.607204116638094,0.020194004750188156,0.08077629163388411,4689,0.01487523188871882,0.38625288495483645,0.23063152552987032,6.746674683074944,453.55089141108,61.081943232540226,0.908608069797595
2024-09-17,1,406.0,0.0267044305077888,63.03972366148532,0.02040619368098772,0.07293868921775903,4689,0.01487523188871882,0.38625288495483645,0.23063152552987032,6.746674683074944,453.55089141108,60.17779410922429,0.8951586419262887
2024-09-18,1,401.8,0.013970484323582262,59.23677363399827,0.02055545604655465,0.05403987408184685,4689,0.01487523188871882,0.38625288495483645,0.23063152552987032,6.746674683074944,453.55089141108,59.55526520464611,0.8858983801132582
2024-09-19,1,402.9,0.014943269986497549,60.55846422338569,0.020480562794151395,0.045678691928367376,4689,0.01487523188871882,0.38625288495483645,0.23063152552987032,6.746674683074944,453.55089141108,59.71830848917848,0.8883236867785756
2024-09-20,1,409.4,0.027878763532649047,59.57066189624329,0.019945981933331,0.08825093035619358,4689,0.01487523188871882,0.38625288495483645,0.23063152552987032,6.746674683074944,453.55089141108,60.6817460795971,0.902655044346361
2024-09-24,1,405.3,0.015280561122244546,60.71103008204194,0.019911687132170484,0.059054089365037976,4689,0.01487523188871882,0.38625288495483645,0.23063152552987032,6.746674683074944,453.55089141108,60.07403929179459,0.8936152649574503
2024-09-25,1,408.9,0.020912604488120504,52.16426193118756,0.01947917056262083,0.08807876530069181,4689,0.01487523188871882,0.38625288495483645,0.23063152552987032,6.746674683074944,453.55089141108,60.607635495718746,0.9015526322257621
2024-09-26,1,420.8,0.04641215907056331,56.98602794411178,0.02007053030010888,0.10591327201051248,4689,0.01487523188871882,0.38625288495483645,0.23063152552987032,6.746674683074944,453.55089141108,62.3714673920236,0.9277900406960156
2024-09-27,0,423.5,0.04845417995286275,60.22155085599196,0.019986926697295182,0.1182994454713493,4689,0.01487523188871882,0.38625288495483645,0.23063152552987032,6.746674683074944,453.55089141108,62.77166454496672,0.9337430661472494
2024-09-30,1,419.3,0.03484870921565725,59.20792079207923,0.019745520938323297,0.08067010309278344,4689,0.01487523188871882,0.38625288495483645,0.23063152552987032,6.746674683074944,453.55089141108,62.149135640388536,0.9244828043342189
2024-10-01,1,420.4,0.03362476765570753,60.23738872403561,0.019335277998998406,0.10110005238344666,4689,0.01487523188871882,0.38625288495483645,0.23063152552987032,6.746674683074944,453.55089141108,62.312178924920914,0.9269081109995363
2024-10-02,1,419.6,0.030178636314533692,57.24713242961421,0.01531953305271652,0.036049382716049516,4689,0.01487523188871882,0.38625288495483645,0.23063152552987032,6.746674683074944,453.55089141108,62.19360199071555,0.9251442516065782
2024-10-03,0,425.1,0.041809626507205176,56.521739130434796,0.015485304300347748,0.04498525073746307,4689,0.01487523188871882,0.38625288495483645,0.23063152552987032,6.746674683074944,453.55089141108,63.008818413377455,0.9372707849331658
2024-10-04,0,433.8,0.05995152273349232,69.42889137737966,0.01574701044607941,0.0758928571428572,4689,0.01487523188871882,0.38625288495483645,0.23063152552987032,6.746674683074944,453.55089141108,64.29834257286083,0.9564527558315863
2024-10-07,0,430.9,0.04976709739032124,67.24511930585683,0.015759166419150913,0.07536810581482412,4689,0.01487523188871882,0.38625288495483645,0.23063152552987032,6.746674683074944,453.55089141108,63.868501186366366,0.9500587655321128
2024-10-08,1,423.5,0.02935171501905568,64.71816283924846,0.016239655302669513,0.05954465849387036,4689,0.01487523188871882,0.38625288495483645,0.23063152552987032,6.746674683074944,453.55089141108,62.77166454496672,0.9337430661472494
2024-10-09,0,424.8,0.030597688433433204,64.53305351521513,0.01602880125806803,0.047079122504313675,4689,0.01487523188871882,0.38625288495483645,0.23063152552987032,6.746674683074944,453.55089141108,62.96435206305044,0.9366093376608066
2024-10-10,1,424.8,0.02939893570618513,64.08076514346443,0.015700814571430004,0.029069767441860517,4689,0.01487523188871882,0.38625288495483645,0.23063152552987032,6.746674683074944,453.55089141108,62.96435206305044,0.9366093376608066
2024-10-11,1,420.1,0.01594165046383635,60.87398373983744,0.014232911993320623,0.05261839138060642,4689,0.01487523188871882,0.38625288495483645,0.23063152552987032,6.746674683074944,453.55089141108,62.26771257459391,0.9262466637271771
2024-10-15,1,426.7,0.029154968983049267,56.000000000000014,0.014478766403639577,0.06915560010022537,4689,0.01487523188871882,0.38625288495483645,0.23063152552987032,6.746674683074944,453.55089141108,63.245972281788184,0.9407985037190822
2024-10-16,1,424.7,0.02143400001924052,57.377049180327866,0.014339270134632848,0.07437389324563615,4689,0.01487523188871882,0.38625288495483645,0.23063152552987032,6.746674683074944,453.55089141108,62.949529946274765,0.9363888552366867
2024-10-17,1,417.1,0.0012290320412495256,56.38665132336022,0.014926885879016949,0.05036514731805597,4689,0.01487523188871882,0.38625288495483645,0.23063152552987032,6.746674683074944,453.55089141108,61.82304907132377,0.9196321910035838
2024-10-18,1,417.1,-0.0005750706857716784,59.250302297460735,0.014931118219635438,0.047200602560883764,4689,0.01487523188871882,0.38625288495483645,0.23063152552987032,6.746674683074944,453.55089141108,61.82304907132377,0.9196321910035838
2024-10-21,1,427.9,0.022441625966528708,63.52813852813856,0.015676417044709942,0.0732380235766239,4689,0.01487523188871882,0.38625288495483645,0.23063152552987032,6.746674683074944,453.55089141108,63.42383768309624,0.9434442928085195
2024-10-22,1,422.7,0.009389447140182534,57.299670691547774,0.013422466937870697,0.015617491590581345,4689,0.01487523188871882,0.38625288495483645,0.23063152552987032,6.746674683074944,453.55089141108,62.65308761076135,0.9319792067542912
2024-10-23,1,418.5,-0.0012505250295925792,57.23684210526317,0.013425266052987979,0.015530211113807368,4689,0.01487523188871882,0.38625288495483645,0.23063152552987032,6.746674683074944,453.55089141108,62.030558706183164,0.9227189449412606
2024-10-24,1,412.3,-0.016638204905599172,51.8123667377399,0.0134258717508772,0.01551724137931032,4689,0.01487523188871882,0.38625288495483645,0.23063152552987032,6.746674683074944,453.55089141108,61.111587466091564,0.9090490346458345
2024-10-25,1,409.6,-0.023804303268920808,43.380614657210394,0.013316747364174642,0.019412643106022864,4689,0.01487523188871882,0.38625288495483645,0.23063152552987032,6.746674683074944,453.55089141108,60.71139031314845,0.9030960091946006
2024-10-28,1,415.5,-0.010930938937185152,45.44419134396354,0.013587180941485316,0.03127326880119141,4689,0.01487523188871882,0.38625288495483645,0.23063152552987032,6.746674683074944,453.55089141108,61.585895202913036,0.9161044722176673
2024-10-29,1,415.7,-0.011048093942104575,47.85202863961812,0.013232182074871675,0.015388373229115793,4689,0.01487523188871882,0.38625288495483645,0.23063152552987032,6.746674683074944,453.55089141108,61.615539436464374,0.9165454370659069
2024-10-30,1,417.9,-0.007004904383530481,48.52767962308598,0.01306913232520244,0.031088082901554293,4689,0.01487523188871882,0.38625288495483645,0.23063152552987032,6.746674683074944,453.55089141108,61.94162600552914,0.9213960503965419
2024-10-31,1,419.4,-0.004434231890388055,49.88317757009343,0.012983893039248507,0.02567865003668368,4689,0.01487523188871882,0.38625288495483645,0.23063152552987032,6.746674683074944,453.55089141108,62.1639577571642,0.9247032867583386
2024-11-01,1,414.1,-0.016389548693586643,43.55971896955502,0.011868085467894881,-0.01592205323193918,4689,0.01487523188871882,0.38625288495483645,0.23063152552987032,6.746674683074944,453.55089141108,61.378385568053645,0.9130177182799906
2024-11-05,1,423.6,0.006166212197508821,44.08352668213456,0.012704379955790006,0.00023612750885493305,4689,0.026224405702562452,0.37448732066915963,0.1865992717982304,12.204037130225874,465.3694451132362,34.709825566727034,0.9102445475270242
2024-11-06,1,421.1,5.699683667543166e-05,44.2890442890443,0.01259756471834998,0.004292869067493488,4689,0.026224405702562452,0.37448732066915963,0.1865992717982304,12.204037130225874,465.3694451132362,34.504975321408764,0.9048724715855285
2024-11-07,1,417.3,-0.0086755734620574,46.2287104622871,0.012720799282555411,-0.007373929590865802,4689,0.026224405702562452,0.37448732066915963,0.1865992717982304,12.204037130225874,465.3694451132362,34.193602948525,0.8967069161544551
2024-11-08,1,412.1,-0.020330344322623022,42.62485481997676,0.01295220341917179,-0.017874165872259318,4689,0.026224405702562452,0.37448732066915963,0.1865992717982304,12.204037130225874,465.3694451132362,33.76751443826301,0.8855329981961442
2024-11-11,1,405.0,-0.03536517977934875,39.37768240343344,0.01303128596599755,-0.047282992237120736,4689,0.026224405702562452,0.37448732066915963,0.1865992717982304,12.204037130225874,465.3694451132362,33.185739741559125,0.8702763025222965
2024-11-12,1,413.0,-0.014357446970998633,46.32124352331604,0.012981106270474463,-0.04794836330106045,4689,0.026224405702562452,0.37448732066915963,0.1865992717982304,12.204037130225874,465.3694451132362,33.84126052657758,0.8874669455350825
2024-11-13,1,413.0,-0.012670332297394242,42.38042269187986,0.01294687276903871,-0.041540960779763214,4689,0.026224405702562452,0.37448732066915963,0.1865992717982304,12.204037130225874,465.3694451132362,33.84126052657758,0.8874669455350825
2024-11-14,1,418.6,0.0011863077129134877,46.73796791443851,0.012866897111903005,-0.011570247933884281,4689,0.026224405702562452,0.37448732066915963,0.1865992717982304,12.204037130225874,465.3694451132362,34.300125076090495,0.8995003956440328
2024-11-15,1,407.7,-0.02328589909443732,45.144628099173524,0.013822693794908832,-0.0402542372881356,4689,0.026224405702562452,0.37448732066915963,0.1865992717982304,12.204037130225874,465.3694451132362,33.406978006502854,0.8760781445391117
2024-11-18,1,406.4,-0.024680573288151195,44.54638124362892,0.013822500804931498,-0.043314500941619705,4689,0.026224405702562452,0.37448732066915963,0.1865992717982304,12.204037130225874,465.3694451132362,33.300455878937356,0.873284665049534
2024-11-19,1,410.5,-0.013932260389142472,40.48140043763678,0.013871344952995664,-0.022851701975720173,4689,0.026224405702562452,0.37448732066915963,0.1865992717982304,12.204037130225874,465.3694451132362,33.636410281259316,0.8820948695935868
2024-11-20,1,414.1,-0.004078923318165566,45.21158129175949,0.013593123183803202,-0.02952894305132403,4689,0.026224405702562452,0.37448732066915963,0.1865992717982304,12.204037130225874,465.3694451132362,33.931394634517616,0.8898306589493407
2024-11-21,1,418.4,0.00687291839131368,49.94438264738597,0.013761014249620096,-0.01483400047092065,4689,0.026224405702562452,0.37448732066915963,0.1865992717982304,12.204037130225874,465.3694451132362,34.283737056465036,0.8990706295687131
2024-11-22,1,415.0,-0.0011072064699368881,51.5499425947187,0.013380119242562393,-0.005034763845600643,4689,0.026224405702562452,0.37448732066915963,0.1865992717982304,12.204037130225874,465.3694451132362,34.005140722832195,0.891764606288279
2024-11-25,1,414.9,-0.001136330807083996,53.136094674556176,0.013380118921490746,-0.005274514504915007,4689,0.026224405702562452,0.37448732066915963,0.1865992717982304,12.204037130225874,465.3694451132362,33.99694671301946,0.8915497232506192
2024-11-26,1,412.3,-0.005902379276090628,48.029556650246306,0.012274676229100345,-0.036457116148632784,4689,0.026224405702562452,0.37448732066915963,0.1865992717982304,12.204037130225874,465.3694451132362,33.783902457888466,0.8859627642714638
2024-11-27,1,411.1,-0.007685549043651141,47.201946472019486,0.012075284309638593,-0.02744263070735742,4689,0.026224405702562452,0.37448732066915963,0.1865992717982304,12.204037130225874,465.3694451132362,33.6855743401357,0.8833841678195459
2024-11-28,1,412.9,-0.002801526348838393,46.94376528117358,0.011974960636790872,-0.013381123058542443,4689,0.026224405702562452,0.37448732066915963,0.1865992717982304,12.204037130225874,465.3694451132362,33.833066516764845,0.8872520624974227
2024-11-29,1,411.9,-0.0051781936219340505,45.38745387453875,0.011607256315786373,-0.0009701673538686784,4689,0.026224405702562452,0.37448732066915963,0.1865992717982304,12.204037130225874,465.3694451132362,33.75112641863754,0.8851032321208244
2024-12-02,1,418.3,0.009430683990038317,52.54854368932038,0.011922255184591063,0.021240234375,4689,0.026224405702562452,0.37448732066915963,0.1865992717982304,12.204037130225874,465.3694451132362,34.2755430466523,0.8988557465310534
2024-12-03,1,422.4,0.01864624229504078,49.22077922077919,0.011739311571793365,0.016606498194945862,4689,0.026224405702562452,0.37448732066915963,0.1865992717982304,12.204037130225874,465.3694451132362,34.61149744897426,0.9076659510751062
2024-12-04,1,429.6,0.034622276169007656,55.201958384332926,0.012183989928720678,0.03343757517440471,4689,0.026224405702562452,0.37448732066915963,0.1865992717982304,12.204037130225874,465.3694451132362,35.20146615549087,0.9231375297866138
2024-12-05,1,427.5,0.02861350118380781,56.374999999999986,0.01221813617150507,0.022972002871500363,4689,0.026224405702562452,0.37448732066915963,0.1865992717982304,12.204037130225874,465.3694451132362,35.02939194942353,0.9186249859957574
2024-12-06,1,428.8,0.030808877264510107,60.97240473061759,0.012213748442369901,0.02241297091082517,4689,0.026224405702562452,0.37448732066915963,0.1865992717982304,12.204037130225874,465.3694451132362,35.135914076989025,0.9214184654853351
2024-12-09,1,435.0,0.04361594933064634,69.94680851063828,0.012159124799377988,0.05047090074861149,4689,0.026224405702562452,0.37448732066915963,0.1865992717982304,12.204037130225874,465.3694451132362,35.64394268537832,0.9347412138202443
2024-12-10,1,433.6,0.03925986290206604,65.01457725947523,0.011386769340645198,0.023607176581680767,4689,0.026224405702562452,0.37448732066915963,0.1865992717982304,12.204037130225874,465.3694451132362,35.529226548000096,0.9317328512930068
2024-12-11,1,438.3,0.04879542865893942,67.25784447476127,0.011456268169978828,0.040845404891949544,4689,0.026224405702562452,0.37448732066915963,0.1865992717982304,12.204037130225874,465.3694451132362,35.914345009198435,0.9418323540630186
2024-12-12,1,439.5,0.04943695737304083,65.16690856313497,0.011238423710098224,0.05319913731128678,4689,0.026224405702562452,0.37448732066915963,0.1865992717982304,12.204037130225874,465.3694451132362,36.0126731269512,0.9444109505149365
2024-12-13,1,441.1,0.05034813170903634,78.02013422818797,0.010820630044817241,0.07037126910943936,4689,0.026224405702562452,0.37448732066915963,0.1865992717982304,12.204037130225874,465.3694451132362,36.1437772839549,0.9478490791174938
2024-12-16,1,438.0,0.039698439977591864,75.73289902280133,0.010209755729824792,0.08148148148148149,4689,0.026224405702562452,0.37448732066915963,0.1865992717982304,12.204037130225874,465.3694451132362,35.88976297976024,0.9411877049500391
2024-12-17,1,443.0,0.04858027438245013,76.08346709470307,0.00977294956335203,0.07263922518159815,4689,0.026224405702562452,0.37448732066915963,0.1865992717982304,12.204037130225874,465.3694451132362,36.29946347039677,0.9519318568330304
2024-12-18,1,438.0,0.03429710302354797,68.75981161695447,0.010163227926934885,0.060532687651331685,4689,0.026224405702562452,0.37448732066915963,0.1865992717982304,12.204037130225874,465.3694451132362,35.88976297976024,0.9411877049500391
2024-12-19,1,430.6,0.01567143760201545,59.13173652694615,0.01058666275281128,0.028666985188724237,4689,0.026224405702562452,0.37448732066915963,0.1865992717982304,12.204037130225874,465.3694451132362,35.283406253618175,0.925286360163212
2024-12-20,1,426.2,0.0035413566409855973,58.25958702064896,0.009284218015643799,0.045376502330144675,4689,0.026224405702562452,0.37448732066915963,0.1865992717982304,12.204037130225874,465.3694451132362,34.92286982185802,0.9158315065061796
2024-12-23,1,422.0,-0.007805887331891266,54.937413073713515,0.009526552827830562,0.0383858267716537,4689,0.026224405702562452,0.37448732066915963,0.1865992717982304,12.204037130225874,465.3694451132362,34.578721409723336,0.9068064189244669
2024-12-24,1,423.1,-0.006397009092958568,57.67045454545455,0.009363304023758092,0.030694275274055993,4689,0.026224405702562452,0.37448732066915963,0.1865992717982304,12.204037130225874,465.3694451132362,34.668855517663374,0.909170132338725
2024-12-25,1,423.6,-0.006109750260438628,58.967001434720224,0.009231514767882646,0.022941318522096132,4689,0.026224405702562452,0.37448732066915963,0.1865992717982304,12.204037130225874,465.3694451132362,34.709825566727034,0.9102445475270242
2024-12-26,1,423.9,-0.005918991426373885,58.06451612903225,0.009019854573802041,0.013145315487571807,4689,0.026224405702562452,0.37448732066915963,0.1865992717982304,12.204037130225874,465.3694451132362,34.73440759616522,0.9108891966400036
2024-12-27,1,427.2,0.0006746120980435173,60.851063829787236,0.008942316015476983,0.029397590361445847,4689,0.026224405702562452,0.37448732066915963,0.1865992717982304,12.204037130225874,465.3694451132362,35.004809919985334,0.9179803368827778
2024-12-30,1,419.4,-0.018010171110674066,50.764951321279526,0.009752469244342444,0.010845986984815648,4689,0.026224405702562452,0.37448732066915963,0.1865992717982304,12.204037130225874,465.3694451132362,34.36567715459234,0.9012194599453114
2025-01-06,1,413.3,-0.03238343181967153,43.843031123139404,0.010124416505458651,0.002425418384671252,4689,0.026224405702562452,0.37448732066915963,0.1865992717982304,12.204037130225874,465.3694451132362,33.86584255601577,0.888111594648062
2025-01-07,1,425.3,-0.005611409866728962,47.268106734434554,0.011626965351418949,0.0345414740938943,4689,0.026224405702562452,0.37448732066915963,0.1865992717982304,12.204037130225874,465.3694451132362,34.84912373354345,0.9138975591672412
2025-01-08,1,425.7,-0.005866253164320478,48.831168831168824,0.011610884454451787,0.031000242189392235,4689,0.026224405702562452,0.37448732066915963,0.1865992717982304,12.204037130225874,465.3694451132362,34.88189977279437,0.9147570913178804
2025-01-09,1,423.2,-0.01274658007203777,46.419437340153436,0.011677128930336976,0.027433843165816985,4689,0.026224405702562452,0.37448732066915963,0.1865992717982304,12.204037130225874,465.3694451132362,34.67704952747611,0.9093850153763848
2025-01-10,1,425.3,-0.00849528143533876,43.45479082321188,0.011320236176391843,0.016734401147501687,4689,0.026224405702562452,0.37448732066915963,0.1865992717982304,12.204037130225874,465.3694451132362,34.84912373354345,0.9138975591672412
2025-01-14,1,425.1,-0.009211004726699659,44.17009602194787,0.011162395090120824,0.006392045454545636,4689,0.026224405702562452,0.37448732066915963,0.1865992717982304,12.204037130225874,465.3694451132362,34.83273571391799,0.9134677930919216
2025-01-15,1,427.2,-0.004093659955799597,42.10526315789472,0.010657521601284418,-0.005586592178770999,4689,0.026224405702562452,0.37448732066915963,0.1865992717982304,12.204037130225874,465.3694451132362,35.004809919985334,0.9179803368827778
2025-01-16,1,426.4,-0.005856679225575411,40.629470672389104,0.010618886355481971,-0.0025730994152047826,4689,0.026224405702562452,0.37448732066915963,0.1865992717982304,12.204037130225874,465.3694451132362,34.93925784148348,0.9162612725814993
2025-01-17,1,427.0,-0.004290644529428167,39.767779390420884,0.010604094078745394,-0.004197761194029925,4689,0.026224405702562452,0.37448732066915963,0.1865992717982304,12.204037130225874,465.3694451132362,34.98842190035987,0.9175505708074583
2025-01-20,1,425.7,-0.006460225734477322,40.834575260804755,0.01017077063720423,-0.02137931034482765,4689,0.026224405702562452,0.37448732066915963,0.1865992717982304,12.204037130225874,465.3694451132362,34.88189977279437,0.9147570913178804
2025-01-21,1,428.1,-0.0003455941417120708,38.449612403100794,0.01023756800811524,-0.012684501845018459,4689,0.026224405702562452,0.37448732066915963,0.1865992717982304,12.204037130225874,465.3694451132362,35.07855600829991,0.9199142842217164
2025-01-22,1,431.6,0.0084583391747278,44.92063492063494,0.010128338605106769,-0.015286333561487564,4689,0.026224405702562452,0.37448732066915963,0.1865992717982304,12.204037130225874,465.3694451132362,35.36534635174548,0.9274351905398103
2025-01-23,1,435.7,0.018399917723945034,54.271356783919565,0.010308937572970184,-0.008646188850967018,4689,0.026224405702562452,0.37448732066915963,0.1865992717982304,12.204037130225874,465.3694451132362,35.70130075406744,0.9362453950838631
2025-01-24,1,440.7,0.03012538217721811,62.023217247097854,0.010549902301296337,-0.0009068238494672753,4689,0.026224405702562452,0.37448732066915963,0.1865992717982304,12.204037130225874,465.3694451132362,36.11100124470397,0.9469895469668544
2025-01-27,1,447.8,0.04576323434624619,70.41139240506331,0.010914770335235097,0.02237442922374422,4689,0.026224405702562452,0.37448732066915963,0.1865992717982304,12.204037130225874,465.3694451132362,36.692775941407845,0.9622462426407021
2025-01-28,1,453.7,0.058483734298885856,72.5,0.010990548392624864,0.02415349887133189,4689,0.026224405702562452,0.37448732066915963,0.1865992717982304,12.204037130225874,465.3694451132362,37.176222520358955,0.9749243418626318
2025-01-29,1,456.8,0.0638496078102584,73.51274787535411,0.010740244543802121,0.04292237442922375,4689,0.026224405702562452,0.37448732066915963,0.1865992717982304,12.204037130225874,465.3694451132362,37.4302368245536,0.9815857160300865
2025-01-30,1,457.8,0.06348380382463907,73.77279102384294,0.010014421130697733,0.0631676730143984,4689,0.026224405702562452,0.37448732066915963,0.1865992717982304,12.204037130225874,465.3694451132362,37.51217692268091,0.9837345464066848
2025-01-31,1,454.9,0.053936332885408396,69.53455571227079,0.00983745237674907,0.06733927733458467,4689,0.026224405702562452,0.37448732066915963,0.1865992717982304,12.204037130225874,465.3694451132362,37.27455063811172,0.9775029383145497
2025-02-03,1,462.8,0.06820049301561203,80.56338028169014,0.009901248402824987,0.09668246445497641,4689,0.026224405702562452,0.37448732066915963,0.1865992717982304,12.204037130225874,465.3694451132362,37.921877413317446,0.994478698289676
2025-02-04,1,466.9,0.07332346369228779,88.84057971014487,0.009950135321653909,0.10352162609312199,4689,0.026224405702562452,0.37448732066915963,0.1865992717982304,12.204037130225874,465.3694451132362,38.2578318156394,1.0032889028337288
2025-02-05,1,474.0,0.08461855292663956,87.98751950077998,0.01017765956395409,0.11898016997167127,4689,0.026224405702562452,0.37448732066915963,0.1865992717982304,12.204037130225874,465.3694451132362,38.83960651234327,1.0185455985075766
2025-02-06,1,475.7,0.0833720495932514,88.22629969418955,0.010148553183461802,0.1221986317527719,4689,0.03746752547414348,0.3605434108456596,0.1783120876228951,17.851907322648287,476.4634732808275,26.647012635814594,0.9983976247422066
2025-02-07,1,496.9,0.12451344256359188,93.81688466111767,0.012909287218661549,0.16315543071161054,4689,0.03746752547414348,0.3605434108456596,0.1783120876228951,17.851907322648287,476.4634732808275,27.834560812983543,1.0428921163220568
2025-02-10,1,499.4,0.12204547497079175,93.8461538461538,0.011873843051981496,0.19074868860276584,4689,0.03746752547414348,0.3605434108456596,0.1783120876228951,17.851907322648287,476.4634732808275,27.974601871611956,1.048139108253643
2025-02-12,1,499.2,0.1130037724406708,93.8461538461538,0.011113447197177318,0.20783934188240982,4689,0.03746752547414348,0.3605434108456596,0.1783120876228951,17.851907322648287,476.4634732808275,27.963398586921684,1.047719348899116
2025-02-13,1,501.6,0.11079615916096809,93.86792452830184,0.01018787705040787,0.17940277451210918,4689,0.03746752547414348,0.3605434108456596,0.1783120876228951,17.851907322648287,476.4634732808275,28.097838003204963,1.0527564611534388
2025-02-14,1,493.7,0.08675553833691398,86.61588683351464,0.01108627278228057,0.15973690392295037,4689,0.03746752547414348,0.3605434108456596,0.1783120876228951,17.851907322648287,476.4634732808275,27.655308257939172,1.0361759666496266
2025-02-17,1,487.5,0.06706649739526328,81.025641025641,0.011459049770360769,0.1519376181474481,4689,0.03746752547414348,0.3605434108456596,0.1783120876228951,17.851907322648287,476.4634732808275,27.308006432540708,1.023163426659293
2025-02-18,1,489.6,0.0656636890769472,82.50254323499489,0.011461638620587139,0.15118739713143658,4689,0.03746752547414348,0.3605434108456596,0.1783120876228951,17.851907322648287,476.4634732808275,27.425640921788577,1.0275708998818256
2025-02-19,1,491.1,0.06282137848646956,82.34086242299792,0.0114038899195261,0.155257586450247,4689,0.03746752547414348,0.3605434108456596,0.1783120876228951,17.851907322648287,476.4634732808275,27.509665556965626,1.0307190950407772
2025-02-20,1,479.3,0.032626961624970925,72.5638599810785,0.012876851205319527,0.12195692883895126,4689,0.03746752547414348,0.3605434108456596,0.1783120876228951,17.851907322648287,476.4634732808275,26.84867176023951,1.0059532931236908
2025-02-21,1,491.6,0.05320890214326729,74.53906935908691,0.013456459559112318,0.1529080675422141,4689,0.03746752547414348,0.3605434108456596,0.1783120876228951,17.851907322648287,476.4634732808275,27.53767376869131,1.0317684934270943
2025-02-25,1,478.9,0.02145721354833206,65.70723684210523,0.014856573116048634,0.12154566744730677,4689,0.03746752547414348,0.3605434108456596,0.1783120876228951,17.851907322648287,476.4634732808275,26.82626519085896,1.0051137744146368
2025-02-26,1,474.0,0.006856822410848582,60.97152428810718,0.015080618574207668,0.11346018322762519,4689,0.03746752547414348,0.3605434108456596,0.1783120876228951,17.851907322648287,476.4634732808275,26.551784715947274,0.994829670228728
2025-02-27,1,484.8,0.024860476915271417,62.51005631536604,0.015521942207958852,0.1324456902592852,4689,0.03746752547414348,0.3605434108456596,0.1783120876228951,17.851907322648287,476.4634732808275,27.15676208922202,1.0174966753731802
2025-02-28,1,506.3,0.06359289789676235,67.34407848633495,0.01739345086276126,0.17307692307692313,4689,0.03746752547414348,0.3605434108456596,0.1783120876228951,17.851907322648287,476.4634732808275,28.361115193426382,1.0626208059848208
2025-03-03,1,513.0,0.07071297378527298,68.59838274932612,0.017435815087615644,0.1774156529722286,4689,0.03746752547414348,0.3605434108456596,0.1783120876228951,17.851907322648287,476.4634732808275,28.73642523055053,1.0766827443614715
2025-03-04,1,511.6,0.06150768949862631,69.29884275017018,0.017504973527936334,0.16088041751758575,4689,0.03746752547414348,0.3605434108456596,0.1783120876228951,17.851907322648287,476.4634732808275,28.65800223771862,1.0737444288797833
2025-03-05,1,515.6,0.06382100736999351,68.46153846153845,0.017386147667492677,0.1514068780705673,4689,0.03746752547414348,0.3605434108456596,0.1783120876228951,17.851907322648287,476.4634732808275,28.88206793152408,1.0821396159703212
2025-03-06,1,521.0,0.0690249507550886,68.74566874566875,0.017346731453097716,0.14833590478289627,4689,0.03746752547414348,0.3605434108456596,0.1783120876228951,17.851907322648287,476.4634732808275,29.184556618161455,1.093473118542547
2025-03-07,0,518.4,0.05833932187887887,65.87982832618025,0.017474997208599328,0.13485113835376517,4689,0.03746752547414348,0.3605434108456596,0.1783120876228951,17.851907322648287,476.4634732808275,29.0389139171879,1.0880162469336976
2025-03-10,1,528.1,0.07198824284055558,67.72665764546684,0.01766705184714221,0.153560506771516,4689,0.03746752547414348,0.3605434108456596,0.1783120876228951,17.851907322648287,476.4634732808275,29.58227322466615,1.1083745756282517
2025-03-11,1,515.6,0.04148150542152126,56.7217828900072,0.01848752238049936,0.13343591998241378,4689,0.03746752547414348,0.3605434108456596,0.1783120876228951,17.851907322648287,476.4634732808275,28.88206793152408,1.0821396159703212
2025-03-12,1,532.1,0.06882587840172268,60.67929457870673,0.01911051524049602,0.14974070872947287,4689,0.03746752547414348,0.3605434108456596,0.1783120876228951,17.851907322648287,476.4634732808275,29.806338918471614,1.1167697627187896
2025-03-13,1,531.9,0.062873174591756,60.67929457870671,0.019137567973373862,0.13921610623259806,4689,0.03746752547414348,0.3605434108456596,0.1783120876228951,17.851907322648287,476.4634732808275,29.79513563378134,1.1163500033642626
2025-03-14,1,522.5,0.04005764606589492,56.527170518425976,0.019560736906080532,0.10232067510548526,4689,0.03746752547414348,0.3605434108456596,0.1783120876228951,17.851907322648287,476.4634732808275,29.268581253338503,1.0966213137014988
2025-03-17,0,527.2,0.04512762768715965,60.67558954748248,0.01958487516892979,0.1082615093546353,4689,0.03746752547414348,0.3605434108456596,0.1783120876228951,17.851907322648287,476.4634732808275,29.531858443559923,1.1064856585328808
2025-03-18,0,527.0,0.04224349339450996,63.08813783962887,0.017707816241853434,0.06057556852485413,4689,0.03746752547414348,0.3605434108456596,0.1783120876228951,17.851907322648287,476.4634732808275,29.520655158869648,1.1060658991783539
2025-03-19,1,520.0,0.026726480065710496,59.75609756097559,0.017975736048205498,0.04124949939927913,4689,0.03746752547414348,0.3605434108456596,0.1783120876228951,17.851907322648287,476.4634732808275,29.128540194710087,1.0913743217699126
2025-03-21,1,521.1,0.027121851224031317,59.65250965250964,0.01797010695435797,0.04387019230769229,4689,0.03746752547414348,0.3605434108456596,0.1783120876228951,17.851907322648287,476.4634732808275,29.190158260506593,1.0936829982198106
2025-03-24,1,523.1,0.029319165682802,65.04120879120877,0.017964554188864536,0.0428628389154706,4689,0.03746752547414348,0.3605434108456596,0.1783120876228951,17.851907322648287,476.4634732808275,29.302191107409325,1.0978805917650796
2025-03-25,1,536.3,0.05176660704760103,65.2559726962457,0.018161996943798733,0.08628721895888192,4689,0.03746752547414348,0.3605434108456596,0.1783120876228951,17.851907322648287,476.4634732808275,30.041607896967346,1.125584709163854
2025-03-26,0,534.1,0.043636960497725516,70.29411764705884,0.0179282252409612,0.0955897435897437,4689,0.03746752547414348,0.3605434108456596,0.1783120876228951,17.851907322648287,476.4634732808275,29.918371765374346,1.1209673562640585
2025-03-27,0,537.2,0.04580354778925076,73.54694485842028,0.017932447962195605,0.09722222222222232,4689,0.03746752547414348,0.3605434108456596,0.1783120876228951,17.851907322648287,476.4634732808275,30.09202267807358,1.1274736262592253
2025-03-28,0,523.1,0.015822833972875188,63.92727272727272,0.0189185387129754,0.06515984524536744,4689,0.03746752547414348,0.3605434108456596,0.1783120876228951,17.851907322648287,476.4634732808275,29.302191107409325,1.0978805917650796
2025-03-31,1,506.3,-0.018859295547562993,50.0,0.019456185414246974,0.05633215105361988,4689,0.03746752547414348,0.3605434108456596,0.1783120876228951,17.851907322648287,476.4634732808275,28.361115193426382,1.0626208059848208
2025-04-01,0,516.7,-0.0006498580369643489,51.355311355311365,0.019226390753012735,0.0510577705451587,4689,0.03746752547414348,0.3605434108456596,0.1783120876228951,17.851907322648287,476.4634732808275,28.943685997320586,1.084448292420219
2025-04-02,1,517.4,-0.0022677486038691426,52.13549337260676,0.018324084548868778,0.08039256629776581,4689,0.03746752547414348,0.3605434108456596,0.1783120876228951,17.851907322648287,476.4634732808275,28.982897493736537,1.0859174501610631
2025-04-03,1,519.9,-0.0009838358838767309,51.60089352196574,0.018108409368098103,0.09683544303797453,4689,0.03746752547414348,0.3605434108456596,0.1783120876228951,17.851907322648287,476.4634732808275,29.12293855236495,1.0911644420926492
2025-04-04,1,524.3,0.004421523701512434,51.23780945236308,0.01770688144189018,0.08147689768976885,4689,0.03746752547414348,0.3605434108456596,0.1783120876228951,17.851907322648287,476.4634732808275,29.369410815550957,1.1003991478922406
2025-04-07,1,473.5,-0.09061227625412913,37.63085399449037,0.02506388975601109,-0.06478372506419117,4689,0.03746752547414348,0.3605434108456596,0.1783120876228951,17.851907322648287,476.4634732808275,26.52377650422159,0.9937802718424108
2025-04-08,1,500.7,-0.037463378624651086,43.11557788944722,0.02763765453392181,-0.02397660818713454,4689,0.03746752547414348,0.3605434108456596,0.1783120876228951,17.851907322648287,476.4634732808275,28.047423222098733,1.0508675440580677
2025-04-09,1,488.8,-0.05868940601914963,43.24596774193548,0.028022987172836158,-0.044566067240031315,4689,0.03746752547414348,0.3605434108456596,0.1783120876228951,17.851907322648287,476.4634732808275,27.380827783027485,1.0258918624637179
2025-04-10,1,513.0,-0.011888160378448809,45.36632702571566,0.02978185860495326,-0.005042668735453892,4689,0.03746752547414348,0.3605434108456596,0.1783120876228951,17.851907322648287,476.4634732808275,28.73642523055053,1.0766827443614715
2025-04-11,1,511.9,-0.013315137777366608,45.169082125603865,0.02970790995254353,-0.01746641074856048,4689,0.03746752547414348,0.3605434108456596,0.1783120876228951,17.851907322648287,476.4634732808275,28.674807164754025,1.0743740679115736
2025-04-14,1,517.0,-0.003377336376534361,48.64331524420326,0.0297594355177325,-0.002700617283950546,4689,0.03746752547414348,0.3605434108456596,0.1783120876228951,17.851907322648287,476.4634732808275,28.96049092435599,1.0850779314520094
2025-04-15,0,515.2,-0.005858334812710923,46.99699699699699,0.029518190649927133,-0.024427191819731076,4689,0.03746752547414348,0.3605434108456596,0.1783120876228951,17.851907322648287,476.4634732808275,28.859661362143537,1.0813000972612674
2025-04-16,0,528.0,0.017866644047407745,50.23540489642184,0.02953041440664482,0.024049650892164376,4689,0.03746752547414348,0.3605434108456596,0.1783120876228951,17.851907322648287,476.4634732808275,29.576671582321012,1.1081646959509883
2025-04-17,0,538.0,0.03667278136609564,54.178272980501404,0.02907812544406298,0.011088141326818235,4689,0.03746752547414348,0.3605434108456596,0.1783120876228951,17.851907322648287,476.4634732808275,30.13683581683467,1.1291526636773328
2025-04-18,0,554.0,0.06568792656371411,57.14285714285715,0.029643246144905416,0.04154916337657455,4689,0.03746752547414348,0.3605434108456596,0.1783120876228951,17.851907322648287,476.4634732808275,31.03309859205652,1.1627334120394839
2025-04-21,0,556.1,0.06696904811241836,57.16145833333334,0.029357329497744854,0.06430622009569387,4689,0.03746752547414348,0.3605434108456596,0.1783120876228951,17.851907322648287,476.4634732808275,31.150733081304388,1.1671408852620162
2025-04-22,0,552.7,0.058374312545000605,53.717135086128756,0.029382561112946355,0.048368740515933206,4689,0.03746752547414348,0.3605434108456596,0.1783120876228951,17.851907322648287,476.4634732808275,30.960277241569745,1.1600049762350593
2025-04-23,1,550.0,0.05135184732077325,53.595658073270016,0.029413582626701358,0.0436432637571158,4689,0.03746752547414348,0.3605434108456596,0.1783120876228951,17.851907322648287,476.4634732808275,30.809032898251054,1.154338224948946
2025-04-24,1,529.5,0.01143040518341376,48.38574423480083,0.030315059731415468,0.018269230769230704,4689,0.03746752547414348,0.3605434108456596,0.1783120876228951,17.851907322648287,476.4634732808275,29.66069621749806,1.11131289110994
2025-04-25,1,520.9,-0.004981776782780679,49.52789699570815,0.030513025279803475,-0.0003838034926119116,4689,0.03746752547414348,0.3605434108456596,0.1783120876228951,17.851907322648287,476.4634732808275,29.178954975816318,1.0932632388652836
2025-04-28,1,528.3,0.008752835506266652,54.91949910554561,0.03063134622193797,0.0099407379086216,4689,0.03746752547414348,0.3605434108456596,0.1783120876228951,17.851907322648287,476.4634732808275,29.59347650935642,1.1087943349827785
2025-04-30,0,539.8,0.03043584496502848,55.14018691588784,0.03052406060201262,0.006526198023494301,4689,0.03746752547414348,0.3605434108456596,0.1783120876228951,17.851907322648287,476.4634732808275,30.237665379047122,1.1329304978680745
2025-05-01,0,529.9,0.011862024717007051,52.6720820863617,0.03074972450969897,-0.007863695937090465,4689,0.03746752547414348,0.3605434108456596,0.1783120876228951,17.851907322648287,476.4634732808275,29.683102786878607,1.1121524098189937
2025-05-02,0,533.8,0.01957398692011478,52.953676158096044,0.030763219208231867,-0.006329113924050778,4689,0.03746752547414348,0.3605434108456596,0.1783120876228951,17.851907322648287,476.4634732808275,29.90156683833893,1.120337717232268
2023-08-10,0,3571.0,,,,,4385,0.23665531976533644,0.13298594723712473,0.0989341175376604,80.44780040141175,339.9365815278629,44.38903216970161,10.504900602194539
2023-08-14,1,3300.0,,,,,4385,0.23665531976533644,0.13298594723712473,0.0989341175376604,80.44780040141175,339.9365815278629,41.02038817138485,9.707693079597306
2023-08-15,1,3174.0,,,,,4385,0.23665531976533644,0.13298594723712473,0.0989341175376604,80.44780040141175,339.9365815278629,39.45415516847743,9.337035707467226
2023-08-16,1,3255.0,,,,,4385,0.23665531976533644,0.13298594723712473,0.0989341175376604,80.44780040141175,339.9365815278629,40.461019241775055,9.575315446693706
2023-08-17,0,3278.0,,,,,4385,0.23665531976533644,0.13298594723712473,0.0989341175376604,80.44780040141175,339.9365815278629,40.746918916908946,9.642975125733322
2023-08-18,0,3185.0,,,,,4385,0.23665531976533644,0.13298594723712473,0.0989341175376604,80.44780040141175,339.9365815278629,39.59088979571538,9.369394684399218
2023-08-21,0,3174.0,,,,,4385,0.23665531976533644,0.13298594723712473,0.0989341175376604,80.44780040141175,339.9365815278629,39.45415516847743,9.337035707467226
2023-08-22,0,3100.0,,,,,4385,0.23665531976533644,0.13298594723712473,0.0989341175376604,80.44780040141175,339.9365815278629,38.534304039785766,9.119348044470195
2023-08-23,0,3112.0,,,,,4385,0.23665531976533644,0.13298594723712473,0.0989341175376604,80.44780040141175,339.9365815278629,38.683469087681715,9.154648746577822
2023-08-24,1,3136.0,,,,,4385,0.23665531976533644,0.13298594723712473,0.0989341175376604,80.44780040141175,339.9365815278629,38.981799183473605,9.225250150793075
2023-08-25,0,3145.0,,,,,4385,0.23665531976533644,0.13298594723712473,0.0989341175376604,80.44780040141175,339.9365815278629,39.09367296939556,9.251725677373795
2023-08-28,0,3199.0,,,,,4385,0.23665531976533644,0.13298594723712473,0.0989341175376604,80.44780040141175,339.9365815278629,39.76491568492731,9.410578836858114
2023-08-29,0,3254.0,,36.54743390357699,,,4385,0.23665531976533644,0.13298594723712473,0.0989341175376604,80.44780040141175,339.9365815278629,40.44858882111706,9.572373721518069
2023-08-30,0,3272.0,,37.423312883435585,,,4385,0.23665531976533644,0.13298594723712473,0.0989341175376604,80.44780040141175,339.9365815278629,40.67233639296098,9.625324774679509
2023-08-31,0,3318.0,,38.92215568862275,,,4385,0.23665531976533644,0.13298594723712473,0.0989341175376604,80.44780040141175,339.9365815278629,41.24413574322877,9.760644132758745
2023-09-01,0,3217.0,,39.90790483499616,,,4385,0.23665531976533644,0.13298594723712473,0.0989341175376604,80.44780040141175,339.9365815278629,39.98866325677123,9.463529890019554
2023-09-04,0,3209.0,,30.735551663747813,,,4385,0.23665531976533644,0.13298594723712473,0.0989341175376604,80.44780040141175,339.9365815278629,39.88921989150727,9.43999608861447
2023-09-05,0,3204.0,-0.03692392781137661,30.81650570676031,,,4385,0.23665531976533644,0.13298594723712473,0.0989341175376604,80.44780040141175,339.9365815278629,39.82706778821729,9.425287462736293
2023-09-06,0,3241.0,-0.021578998212819403,36.025998142989785,0.025357271072021643,-0.09972222222222227,4385,0.23665531976533644,0.13298594723712473,0.0989341175376604,80.44780040141175,339.9365815278629,40.28699335256312,9.534131294234808
2023-09-07,0,3153.0,-0.04281672353705479,33.30472103004293,0.025718461676260407,-0.12755949086884344,4385,0.23665531976533644,0.13298594723712473,0.0989341175376604,80.44780040141175,339.9365815278629,39.19311633465952,9.27525947877888
2023-09-08,0,3155.0,-0.03841464901372734,31.72231985940246,0.024857511489845042,-0.0933908045977011,4385,0.23665531976533644,0.13298594723712473,0.0989341175376604,80.44780040141175,339.9365815278629,39.21797717597551,9.281142929130151
2023-09-11,0,3045.0,-0.0650561273365921,36.94984646878199,0.02309903775846259,-0.1655248013154289,4385,0.23665531976533644,0.13298594723712473,0.0989341175376604,80.44780040141175,339.9365815278629,37.85063090359602,8.95755315981024
2023-09-12,0,3086.0,-0.0459643612351144,45.06726457399103,0.023443079087874675,-0.1524306509200769,4385,0.23665531976533644,0.13298594723712473,0.0989341175376604,80.44780040141175,339.9365815278629,38.36027815057383,9.078163892011299
2023-09-13,0,3018.0,-0.060901385310481254,36.51877133105802,0.023273938887799134,-0.14793901750423488,4385,0.23665531976533644,0.13298594723712473,0.0989341175376604,80.44780040141175,339.9365815278629,37.51500954583015,8.87812658006808
2023-09-14,0,3097.0,-0.0309519637537861,40.32085561497326,0.024133526528544894,-0.12563523433088652,4385,0.23665531976533644,0.13298594723712473,0.0989341175376604,80.44780040141175,339.9365815278629,38.49701277781178,9.110522868943288
2023-09-15,0,3148.0,-0.009751494180559924,47.92833146696528,0.02437861937944649,-0.11845421450574067,4385,0.23665531976533644,0.13298594723712473,0.0989341175376604,80.44780040141175,339.9365815278629,39.130964231369546,9.260550852900701
2023-09-19,0,3186.0,0.0036415871775809104,50.65217391304347,0.019551532145985845,-0.034545454545454546,4385,0.23665531976533644,0.13298594723712473,0.0989341175376604,80.44780040141175,339.9365815278629,39.60332021637337,9.372336409574853
2023-09-20,0,3146.0,-0.008609279870923879,52.59593679458239,0.01815482157767706,-0.008821676118462518,4385,0.23665531976533644,0.13298594723712473,0.0989341175376604,80.44780040141175,339.9365815278629,39.106103390053555,9.254667402549432
2023-09-21,0,3110.0,-0.018159317068242656,49.89010989010989,0.01746538342243734,-0.044546850998463894,4385,0.23665531976533644,0.13298594723712473,0.0989341175376604,80.44780040141175,339.9365815278629,38.65860824636572,9.148765296226552
2023-09-22,0,3180.0,0.005183967631811889,52.30125523012553,0.01805060345317724,-0.029896278218425887,4385,0.23665531976533644,0.13298594723712473,0.0989341175376604,80.44780040141175,339.9365815278629,39.5287376924254,9.35468605852104
2023-09-25,0,3160.0,-0.0008221083918294786,50.77559462254395,0.01717745138471231,-0.00784929356357933,4385,0.23665531976533644,0.13298594723712473,0.0989341175376604,80.44780040141175,339.9365815278629,39.280129279265495,9.295851555008328
2023-09-26,0,3120.0,-0.012795686676538727,45.85519412381952,0.017348500690300205,-0.017013232514177745,4385,0.23665531976533644,0.13298594723712473,0.0989341175376604,80.44780040141175,339.9365815278629,38.78291245294567,9.178182547982907
2023-09-27,0,3237.0,0.022451609642694676,49.162561576354676,0.01826178226441446,0.04419354838709677,4385,0.23665531976533644,0.13298594723712473,0.0989341175376604,80.44780040141175,339.9365815278629,40.23727166993114,9.522364393532266
2023-09-28,0,3213.0,0.01357745839064214,47.110675808031345,0.018350084946350282,0.03245501285347041,4385,0.23665531976533644,0.13298594723712473,0.0989341175376604,80.44780040141175,339.9365815278629,39.93894157413925,9.451762989317013
2023-09-29,0,3226.0,0.016524029796191046,45.344129554655865,0.01831248685104517,0.02869897959183665,4385,0.23665531976533644,0.13298594723712473,0.0989341175376604,80.44780040141175,339.9365815278629,40.10053704269319,9.490005416600274
2023-10-02,0,3208.0,0.010050124681997957,49.50276243093922,0.018360095923455232,0.020031796502384847,4385,0.23665531976533644,0.13298594723712473,0.0989341175376604,80.44780040141175,339.9365815278629,39.87678947084927,9.437054363438834
2023-10-03,0,3116.0,-0.01788978681022208,45.298281092012125,0.01895325327390315,-0.025945608002500786,4385,0.23665531976533644,0.13298594723712473,0.0989341175376604,80.44780040141175,339.9365815278629,38.73319077031369,9.166415647280365
2023-10-04,0,2929.5,-0.07287849154055034,38.27424177701837,0.021923508564695233,-0.09972341733251378,4385,0.23665531976533644,0.13298594723712473,0.0989341175376604,80.44780040141175,339.9365815278629,36.41491731759755,8.617783902024335
2023-10-05,0,3007.0,-0.04514826081710154,40.338563170933114,0.02268703560590889,-0.08099022004889977,4385,0.23665531976533644,0.13298594723712473,0.0989341175376604,80.44780040141175,339.9365815278629,37.3782749185922,8.845767603136089
2023-10-06,0,3062.0,-0.02451145928243294,46.13752122241087,0.0228358791631046,-0.0771549125979506,4385,0.23665531976533644,0.13298594723712473,0.0989341175376604,80.44780040141175,339.9365815278629,38.06194805478194,9.007562487796045
2023-10-10,0,3180.0,0.01355873859746418,50.965996908809885,0.02353289728874923,-0.01150139881877521,4385,0.23665531976533644,0.13298594723712473,0.0989341175376604,80.44780040141175,339.9365815278629,39.5287376924254,9.35468605852104
2023-10-11,0,3240.0,0.03227450855449714,57.837620578778136,0.023831898508806272,0.009660330320972355,4385,0.23665531976533644,0.13298594723712473,0.0989341175376604,80.44780040141175,339.9365815278629,40.27456293190512,9.531189569059173
2023-10-12,0,3326.0,0.0580293805152088,59.30954228083786,0.024379371358962856,0.038077403245942554,4385,0.23665531976533644,0.13298594723712473,0.0989341175376604,80.44780040141175,339.9365815278629,41.343579108492726,9.784177934163829
2023-10-13,0,3216.0,0.023362969280018353,57.438016528925615,0.02525244264588491,-0.0077136686207960325,4385,0.23665531976533644,0.13298594723712473,0.0989341175376604,80.44780040141175,339.9365815278629,39.97623283611323,9.46058816484392
2023-10-16,0,3029.0,-0.034618596260860106,47.637248088950656,0.027317393645095018,-0.039327624484617796,4385,0.23665531976533644,0.13298594723712473,0.0989341175376604,80.44780040141175,339.9365815278629,37.651744173068096,8.910485557000072
2023-10-17,0,3116.0,-0.006396561290281419,48.91525423728814,0.027967611557012325,-0.012361331220285265,4385,0.23665531976533644,0.13298594723712473,0.0989341175376604,80.44780040141175,339.9365815278629,38.73319077031369,9.166415647280365
2023-10-18,0,3078.0,-0.01892662030101553,46.33898305084745,0.027149587372976947,0.010837438423645374,4385,0.23665531976533644,0.13298594723712473,0.0989341175376604,80.44780040141175,339.9365815278629,38.26083478530987,9.054630090606214
2023-10-19,0,3045.0,-0.02893734812197433,46.55994550408719,0.027109981336687065,-0.01328580686973424,4385,0.23665531976533644,0.13298594723712473,0.0989341175376604,80.44780040141175,339.9365815278629,37.85063090359602,8.95755315981024
2023-10-20,0,3054.0,-0.026514258027910364,48.05690492713394,0.026728533579853244,0.011928429423459175,4385,0.23665531976533644,0.13298594723712473,0.0989341175376604,80.44780040141175,339.9365815278629,37.96250468951798,8.98402868639096
2023-10-23,0,2969.5,-0.051907997241449746,42.76880796976983,0.026769687659036312,-0.04116887310300288,4385,0.23665531976533644,0.13298594723712473,0.0989341175376604,80.44780040141175,339.9365815278629,36.91213414391736,8.735452909049757
2023-10-24,0,3029.0,-0.031439059642121736,45.61872909698997,0.026877882454583904,-0.03780177890724268,4385,0.23665531976533644,0.13298594723712473,0.0989341175376604,80.44780040141175,339.9365815278629,37.651744173068096,8.910485557000072
2023-10-25,0,3097.0,-0.008566599226573173,49.24491135915955,0.027169799593236607,-0.0279347143753923,4385,0.23665531976533644,0.13298594723712473,0.0989341175376604,80.44780040141175,339.9365815278629,38.49701277781178,9.110522868943288
2023-10-26,0,2958.5,-0.05062478740541553,40.98413726124959,0.028480883495776276,-0.05959949141767329,4385,0.23665531976533644,0.13298594723712473,0.0989341175376604,80.44780040141175,339.9365815278629,36.775399516679414,8.703093932117765
2023-10-27,0,2964.0,-0.04707402858777916,41.84141546526868,0.028422501052785567,-0.04694533762057873,4385,0.23665531976533644,0.13298594723712473,0.0989341175376604,80.44780040141175,339.9365815278629,36.84376683029839,8.719273420583761
2023-10-30,0,2938.5,-0.052329106412621486,40.6564835879103,0.0280042205001966,-0.0759433962264151,4385,0.23665531976533644,0.13298594723712473,0.0989341175376604,80.44780040141175,339.9365815278629,36.52679110351951,8.644259428605055
2023-10-31,0,3001.0,-0.030183557394002098,43.46178142766899,0.028399670341124453,-0.05031645569620258,4385,0.23665531976533644,0.13298594723712473,0.0989341175376604,80.44780040141175,339.9365815278629,37.30369239464422,8.828117252082276
2023-11-01,0,2997.0,-0.02993383999896423,46.0200668896321,0.028307285804082503,-0.039423076923076894,4385,0.23665531976533644,0.13298594723712473,0.0989341175376604,80.44780040141175,339.9365815278629,37.25397071201224,8.816350351379734
2023-11-02,0,3197.0,0.03533816080935784,58.86642359960225,0.030492752599965423,-0.012357120790855713,4385,0.23665531976533644,0.13298594723712473,0.0989341175376604,80.44780040141175,339.9365815278629,39.74005484361132,9.404695386506843
2023-11-06,0,3294.0,0.06563316856026298,59.391361256544506,0.031042751571932786,0.025210084033613356,4385,0.23665531976533644,0.13298594723712473,0.0989341175376604,80.44780040141175,339.9365815278629,40.94580564743688,9.690042728543492
2023-11-07,0,3239.0,0.04766402297809581,55.79188481675393,0.031247330551780778,0.00402975821450724,4385,0.23665531976533644,0.13298594723712473,0.0989341175376604,80.44780040141175,339.9365815278629,40.26213251124713,9.528247843883536
2023-11-08,0,3232.0,0.04507534113690749,51.834862385321095,0.03122648954040842,0.007481296758104827,4385,0.23665531976533644,0.13298594723712473,0.0989341175376604,80.44780040141175,339.9365815278629,40.17511956664116,9.507655767654088
2023-11-09,0,3361.0,0.0833548220732336,54.07133243606998,0.03154313817951672,0.07862644415917841,4385,0.23665531976533644,0.13298594723712473,0.0989341175376604,80.44780040141175,339.9365815278629,41.778643831522565,9.887138315311073
2023-11-10,0,3307.0,0.06078588612670409,49.34662998624484,0.0289905531817682,0.1288615804744837,4385,0.23665531976533644,0.13298594723712473,0.0989341175376604,80.44780040141175,339.9365815278629,41.10740111599082,9.728285155826754
2023-11-13,0,3279.0,0.04814632493495032,52.295918367346935,0.028767397453985554,0.09045560359161953,4385,0.04700433088641038,0.13894781354045896,0.10112714869779314,17.246486148086774,366.9127040604885,190.12568542049092,8.936730627510325
2023-11-14,0,3153.0,0.0066985523719516535,54.729214340198325,0.029800370376564467,0.029719137818419394,4385,0.04700433088641038,0.13894781354045896,0.10112714869779314,17.246486148086774,366.9127040604885,182.8198493842049,8.593324693058877
2023-11-15,0,3143.0,0.003980144000715543,51.094003241491095,0.02879682441379322,-0.011635220125786216,4385,0.04700433088641038,0.13894781354045896,0.10112714869779314,17.246486148086774,366.9127040604885,182.24002112735678,8.566070253816699
2023-11-16,0,3147.0,0.0064538412828368235,52.87500000000001,0.02852844460569278,-0.028703703703703676,4385,0.04700433088641038,0.13894781354045896,0.10112714869779314,17.246486148086774,366.9127040604885,182.47195243009602,8.57697202951357
2023-11-17,0,3098.0,-0.00631876062481952,52.17927631578948,0.028088163287847544,-0.06855081178592903,4385,0.04700433088641038,0.13894781354045896,0.10112714869779314,17.246486148086774,366.9127040604885,179.63079397154036,8.443425277226895
2023-11-20,0,3112.0,-0.0004946138479030183,52.37510237510238,0.027378231679818198,-0.03233830845771146,4385,0.04700433088641038,0.13894781354045896,0.10112714869779314,17.246486148086774,366.9127040604885,180.4425535311277,8.481581492165946
2023-11-21,0,3171.0,0.016600303922134445,58.42743621915516,0.0248976917301742,0.04688015846814131,4385,0.04700433088641038,0.13894781354045896,0.10112714869779314,17.246486148086774,366.9127040604885,183.86354024653147,8.642382683694798
2023-11-22,0,3004.0,-0.03555352934755382,49.040675364543354,0.026542189495799888,-0.03594351732991019,4385,0.04700433088641038,0.13894781354045896,0.10112714869779314,17.246486148086774,366.9127040604885,174.18040835716826,8.187233548350417
2023-11-24,0,2983.5,-0.040971275747679184,45.47988849064118,0.02647050368648442,-0.030701754385964897,4385,0.04700433088641038,0.13894781354045896,0.10112714869779314,17.246486148086774,366.9127040604885,172.99176043062965,8.131361947903951
2023-11-27,0,2922.5,-0.059097377384854106,48.47198641765705,0.026691194462579452,-0.04022988505747127,4385,0.04700433088641038,0.13894781354045896,0.10112714869779314,17.246486148086774,366.9127040604885,169.45480806385626,7.965109868526663
2023-11-28,0,2929.5,-0.05532911114837409,48.53751589656634,0.026687705897235427,-0.04076620825147348,4385,0.04700433088641038,0.13894781354045896,0.10112714869779314,17.246486148086774,366.9127040604885,169.86068784364994,7.984187975996187
2023-11-29,0,2931.0,-0.054375810604154154,49.67546516659455,0.02611760987219018,-0.012965145647415355,4385,0.04700433088641038,0.13894781354045896,0.10112714869779314,17.246486148086774,366.9127040604885,169.94766208217715,7.988276141882515
2023-11-30,0,2829.5,-0.0847662668685065,42.8212641272499,0.026636379881996734,-0.0658633212281281,4385,0.04700433088641038,0.13894781354045896,0.10112714869779314,17.246486148086774,366.9127040604885,164.06240527516897,7.711643583574403
2023-12-01,0,2807.5,-0.08846810693575932,42.18556701030928,0.026143702778995973,-0.09347755892799481,4385,0.04700433088641038,0.13894781354045896,0.10112714869779314,17.246486148086774,366.9127040604885,162.78678311010316,7.65168381724161
2023-12-04,0,2799.5,-0.0891847398181948,30.524252817246435,0.024700398626415328,-0.053743451073179016,4385,0.04700433088641038,0.13894781354045896,0.10112714869779314,17.246486148086774,366.9127040604885,162.32292050462468,7.629880265847867
2023-12-05,0,2695.0,-0.12010343273933517,20.86575875486382,0.02567500118662826,-0.09075573549257765,4385,0.04700433088641038,0.13894781354045896,0.10112714869779314,17.246486148086774,366.9127040604885,156.26371522056206,7.345071375767102
2023-12-06,0,2745.0,-0.1015082877268323,25.855327468230698,0.026021507752435637,-0.06584992343032159,4385,0.04700433088641038,0.13894781354045896,0.10112714869779314,17.246486148086774,366.9127040604885,159.16285650480253,7.481343571977995
2023-12-07,0,2649.5,-0.12875773578949443,23.796671165092206,0.026310889474989003,-0.11712762412529154,4385,0.04700433088641038,0.13894781354045896,0.10112714869779314,17.246486148086774,366.9127040604885,153.62549665190323,7.22106367721519
2023-12-08,0,2643.0,-0.12682942944927156,13.700707785642066,0.02630597523091481,-0.11811811811811812,4385,0.04700433088641038,0.13894781354045896,0.10112714869779314,17.246486148086774,366.9127040604885,153.24860828495196,7.203348291707774
2023-12-11,0,2678.5,-0.10899619448066632,17.61978361669243,0.02210024259502805,-0.16218329684078825,4385,0.04700433088641038,0.13894781354045896,0.10112714869779314,17.246486148086774,366.9127040604885,155.3069985967627,7.300101551017508
2023-12-12,0,2649.0,-0.11118119958662716,17.592592592592595,0.02070687237823915,-0.1958105646630237,4385,0.04700433088641038,0.13894781354045896,0.10112714869779314,17.246486148086774,366.9127040604885,153.59650523906083,7.219700955253081
2023-12-13,0,2637.0,-0.10800059534279574,19.930069930069934,0.02064838172694531,-0.18585983328187716,4385,0.04700433088641038,0.13894781354045896,0.10112714869779314,17.246486148086774,366.9127040604885,152.9007113308431,7.1869956281624665
2023-12-14,0,2617.5,-0.10717331241259333,19.711815561959654,0.020613382649164097,-0.19012995049504955,4385,0.04700433088641038,0.13894781354045896,0.10112714869779314,17.246486148086774,366.9127040604885,151.7700462299893,7.133849471640219
2023-12-15,0,2670.0,-0.08059750831594387,23.962882096069862,0.01900211711926783,-0.2055935733412675,4385,0.04700433088641038,0.13894781354045896,0.10112714869779314,17.246486148086774,366.9127040604885,154.8141445784418,7.276935277661656
2023-12-18,0,2589.5,-0.09941711646541654,23.166226912928764,0.01942475926355169,-0.2169640157242213,4385,0.04700433088641038,0.13894781354045896,0.10112714869779314,17.246486148086774,366.9127040604885,150.14652711081465,7.057537041762119
2023-12-19,0,2582.0,-0.09323331507157206,21.838469713071206,0.019469616612095616,-0.21256480634339736,4385,0.04700433088641038,0.13894781354045896,0.10112714869779314,17.246486148086774,366.9127040604885,149.71165591817856,7.037096212330485
2023-12-20,0,2659.5,-0.05949627617814926,23.34549244398123,0.02001196216828061,-0.1565176022835395,4385,0.04700433088641038,0.13894781354045896,0.10112714869779314,17.246486148086774,366.9127040604885,154.20532490875132,7.2483181164573685
2023-12-21,0,2561.0,-0.08681172132959644,25.140291806958473,0.020897455720495534,-0.18517340120903591,4385,0.04700433088641038,0.13894781354045896,0.10112714869779314,17.246486148086774,366.9127040604885,148.49401657879756,6.97986188992191
2023-12-22,0,2536.0,-0.08777634693275588,25.013958682300398,0.020810995925533628,-0.194153161741341,4385,0.04700433088641038,0.13894781354045896,0.10112714869779314,17.246486148086774,366.9127040604885,147.04444593667733,6.9117257918164645
2023-12-25,0,2526.5,-0.08365854720074274,26.540284360189574,0.020775269365370354,-0.18447385409941897,4385,0.04700433088641038,0.13894781354045896,0.10112714869779314,17.246486148086774,366.9127040604885,146.49360909267165,6.885834074536395
2023-12-26,0,2528.0,-0.07527983027288031,26.058437686344675,0.02069205597898157,-0.1876606683804627,4385,0.04700433088641038,0.13894781354045896,0.10112714869779314,17.246486148086774,366.9127040604885,146.58058333119885,6.889922240422721
2023-12-27,0,2559.5,-0.0553049820251427,28.61255037420841,0.020376770141527247,-0.1928413749605803,4385,0.04700433088641038,0.13894781354045896,0.10112714869779314,17.246486148086774,366.9127040604885,148.40704234027035,6.975773724035584
2023-12-28,0,2599.5,-0.0347769905984048,35.749690210656766,0.018693900190758693,-0.1346537949400799,4385,0.04700433088641038,0.13894781354045896,0.10112714869779314,17.246486148086774,366.9127040604885,150.72635536766273,7.084791481004298
2023-12-29,0,2612.5,-0.024575106783356792,37.78195488721804,0.018810850328584663,-0.12435059493883027,4385,0.04700433088641038,0.13894781354045896,0.10112714869779314,17.246486148086774,366.9127040604885,151.48013210156526,7.120222252019129
2024-01-04,0,2541.0,-0.04583449114927938,34.997098084735924,0.0190945722670471,-0.13053892215568863,4385,0.04700433088641038,0.13894781354045896,0.10112714869779314,17.246486148086774,366.9127040604885,147.33436006510138,6.925353011437553
2024-01-05,0,2456.0,-0.07114654402977168,35.80760095011877,0.019816829424785055,-0.16163167776070997,4385,0.04700433088641038,0.13894781354045896,0.10112714869779314,17.246486148086774,366.9127040604885,142.40581988189254,6.693690277879036
2024-01-09,0,2471.5,-0.058741535719454244,33.065015479876166,0.019939992330024726,-0.15677243261685436,4385,0.04700433088641038,0.13894781354045896,0.10112714869779314,17.246486148086774,366.9127040604885,143.3045536800071,6.735934658704413
2024-01-10,0,2496.5,-0.04437265064576143,39.620081411126186,0.019318136129419777,-0.11768863756847503,4385,0.04700433088641038,0.13894781354045896,0.10112714869779314,17.246486148086774,366.9127040604885,144.75412432212735,6.8040707568098595
2024-01-11,0,2528.5,-0.027971060178528948,42.49180327868853,0.019623296549646174,-0.09937666963490654,4385,0.04700433088641038,0.13894781354045896,0.10112714869779314,17.246486148086774,366.9127040604885,146.60957474404125,6.89128496238483
2024-01-12,0,2529.5,-0.023532500019301603,39.76648351648352,0.019641887988120544,-0.09644579389176644,4385,0.04700433088641038,0.13894781354045896,0.10112714869779314,17.246486148086774,366.9127040604885,146.66755756972606,6.894010406309048
2024-01-15,0,2535.0,-0.01898562726871665,41.903409090909086,0.01838625110983868,-0.05936920222634512,4385,0.04700433088641038,0.13894781354045896,0.10112714869779314,17.246486148086774,366.9127040604885,146.9864631109925,6.909000347892246
2024-01-16,0,2518.0,-0.022128327210308437,41.607898448519045,0.017880721828073782,-0.08269581056466302,4385,0.04700433088641038,0.13894781354045896,0.10112714869779314,17.246486148086774,366.9127040604885,146.00075507435076,6.862667801180542
2024-01-17,0,2456.0,-0.04333058070145362,39.25482368596141,0.017238510385414532,-0.07303264766937156,4385,0.04700433088641038,0.13894781354045896,0.10112714869779314,17.246486148086774,366.9127040604885,142.40581988189254,6.693690277879036
2024-01-18,0,2383.0,-0.06799017537272577,31.411917098445585,0.018053546282405814,-0.09837306091562614,4385,0.04700433088641038,0.13894781354045896,0.10112714869779314,17.246486148086774,366.9127040604885,138.17307360690145,6.494732871411133
2024-01-19,0,2412.0,-0.052698552341154135,37.68216516308119,0.018004535509228745,-0.09949598655964154,4385,0.04700433088641038,0.13894781354045896,0.10112714869779314,17.246486148086774,366.9127040604885,139.85457555176092,6.573770745213451
2024-01-22,0,2463.0,-0.029833697030810475,42.212041884816756,0.018622678418853296,-0.07021517553793888,4385,0.04700433088641038,0.13894781354045896,0.10112714869779314,17.246486148086774,366.9127040604885,142.81169966168622,6.712768385348562
2024-01-23,0,2449.0,-0.03248236028476379,34.97501784439686,0.0186287297745354,-0.07129313613955257,4385,0.04700433088641038,0.13894781354045896,0.10112714869779314,17.246486148086774,366.9127040604885,141.9999401020989,6.674612170409511
2024-01-24,0,2472.5,-0.020954930269024587,42.92565947242206,0.01876304020607163,-0.05539637058261704,4385,0.04700433088641038,0.13894781354045896,0.10112714869779314,17.246486148086774,366.9127040604885,143.3625365056919,6.73866010262863
2024-01-25,0,2453.5,-0.025135491663885397,43.34140435835351,0.018209802161692434,-0.08108614232209743,4385,0.04700433088641038,0.13894781354045896,0.10112714869779314,17.246486148086774,366.9127040604885,142.26086281768053,6.686876668068492
2024-01-26,0,2451.5,-0.023789044456125175,43.872549019607845,0.01732563087648755,-0.05329214134002702,4385,0.04700433088641038,0.13894781354045896,0.10112714869779314,17.246486148086774,366.9127040604885,142.1448971663109,6.681425780220056
2024-01-29,0,2446.5,-0.023672889513213304,43.37936636880585,0.01732471995516978,-0.05247869868319133,4385,0.04700433088641038,0.13894781354045896,0.10112714869779314,17.246486148086774,366.9127040604885,141.85498303788685,6.667798560598967
2024-01-30,0,2427.0,-0.02784676269366958,39.022369511184756,0.016015329867632173,-0.08742244782853925,4385,0.04700433088641038,0.13894781354045896,0.10112714869779314,17.246486148086774,366.9127040604885,140.72431793703308,6.614652404076718
2024-01-31,0,2464.0,-0.011489826047884923,38.71773522064946,0.014826824527366757,-0.03787582975400239,4385,0.04700433088641038,0.13894781354045896,0.10112714869779314,17.246486148086774,366.9127040604885,142.86968248737102,6.715493829272779
2024-02-01,0,2366.5,-0.04801557609841267,32.04379562043796,0.016614889584534883,-0.06683753943217663,4385,0.04700433088641038,0.13894781354045896,0.10112714869779314,17.246486148086774,366.9127040604885,137.2163569831021,6.4497630466615385
2024-02-02,0,2402.5,-0.031601434963118256,39.33795227097768,0.016990199316329894,-0.049079754601227044,4385,0.04700433088641038,0.13894781354045896,0.10112714869779314,17.246486148086774,366.9127040604885,139.30373870775523,6.547879027933381
2024-02-05,0,2468.0,-0.004236433326608836,50.95238095238095,0.01796092616829691,-0.02373417721518989,4385,0.04700433088641038,0.13894781354045896,0.10112714869779314,17.246486148086774,366.9127040604885,143.10161379011026,6.7263956049696505
2024-02-06,0,2442.5,-0.012660581610626546,47.734375,0.017837619243217844,-0.04571205313537796,4385,0.04700433088641038,0.13894781354045896,0.10112714869779314,17.246486148086774,366.9127040604885,141.6230517351476,6.656896784902095
2024-02-07,0,2437.5,-0.01209399596326414,45.24193548387097,0.01746799572254758,-0.06231967686093476,4385,0.04700433088641038,0.13894781354045896,0.10112714869779314,17.246486148086774,366.9127040604885,141.33313760672357,6.643269565281006
2024-02-08,0,2378.5,-0.03233549499995932,38.40803709428129,0.01792156536636782,-0.08956937799043063,4385,0.04700433088641038,0.13894781354045896,0.10112714869779314,17.246486148086774,366.9127040604885,137.9121508913198,6.482468373752153
2024-02-09,0,2435.0,-0.007637320987553605,43.27402135231316,0.01801185836283416,-0.04171585989767812,4385,0.04700433088641038,0.13894781354045896,0.10112714869779314,17.246486148086774,366.9127040604885,141.18818054251156,6.636455955470462
2024-02-13,0,2435.5,-0.007101739967059697,42.8673835125448,0.016740741000866758,-0.008346905537459315,4385,0.07348784624081402,0.13560662143160643,0.0846556837616089,27.885402322219083,379.45597467696587,87.33960413615385,6.418399399491237
2024-02-14,0,2120.5,-0.13054352817686812,30.035158211953785,0.030702897848162335,-0.14201901679142226,4385,0.07348784624081402,0.13560662143160643,0.0846556837616089,27.885402322219083,379.45597467696587,76.04337120538462,5.588263570774449
2024-02-15,0,2043.5,-0.15584361935920957,29.58931222167243,0.031112488191298415,-0.18145403564990992,4385,0.07348784624081402,0.13560662143160643,0.0846556837616089,27.885402322219083,379.45597467696587,73.28206982230769,5.385341479310345
2024-02-16,0,2126.5,-0.11568275196699762,37.43263106320432,0.032340769880464734,-0.158987542020961,4385,0.07348784624081402,0.13560662143160643,0.0846556837616089,27.885402322219083,379.45597467696587,76.25853754692308,5.604075681797625
2024-02-19,0,2192.0,-0.08329778603032806,39.593188268684955,0.03316703490313619,-0.13342557817750544,4385,0.07348784624081402,0.13560662143160643,0.0846556837616089,27.885402322219083,379.45597467696587,78.60743677538461,5.776691227133973
2024-02-20,0,2144.5,-0.09726548687467373,34.883720930232556,0.033290103670482414,-0.15404339250493093,4385,0.07348784624081402,0.13560662143160643,0.0846556837616089,27.885402322219083,379.45597467696587,76.90403657153847,5.651512014867157
2024-02-21,0,2121.5,-0.10094503538585406,34.58823529411765,0.033302811800846495,-0.15746624305003976,4385,0.07348784624081402,0.13560662143160643,0.0846556837616089,27.885402322219083,379.45597467696587,76.0792322623077,5.590898922611645
2024-02-22,0,2089.0,-0.10917604114250624,32.104526364909006,0.03314076398600477,-0.1494299674267101,4385,0.07348784624081402,0.13560662143160643,0.0846556837616089,27.885402322219083,379.45597467696587,74.9137479123077,5.505249987902769
2024-02-26,0,2119.0,-0.09229543449020332,34.54965357967667,0.032992684214352364,-0.11078472513638271,4385,0.07348784624081402,0.13560662143160643,0.0846556837616089,27.885402322219083,379.45597467696587,75.98957962,5.584310543018654
2024-02-27,0,2055.5,-0.11408499267304535,32.69230769230769,0.0332007514140662,-0.14780265339966836,4385,0.07348784624081402,0.13560662143160643,0.0846556837616089,27.885402322219083,379.45597467696587,73.71240250538462,5.416965701356698
2024-02-28,0,2077.5,-0.09861244891052516,34.10852713178295,0.03291184660781567,-0.15651644336175397,4385,0.07348784624081402,0.13560662143160643,0.0846556837616089,27.885402322219083,379.45597467696587,74.5013457576923,5.474943441775014
2024-02-29,0,2041.5,-0.10792316297280291,33.63057324840764,0.03298601271205865,-0.166394446712944,4385,0.07348784624081402,0.13560662143160643,0.0846556837616089,27.885402322219083,379.45597467696587,73.21034770846154,5.380070775635952
2024-03-01,0,2114.0,-0.07041782827794238,35.57295960428689,0.03391380501067828,-0.14499494438827099,4385,0.07348784624081402,0.13560662143160643,0.0846556837616089,27.885402322219083,379.45597467696587,75.81027433538462,5.571133783832674
2024-03-04,0,2084.5,-0.07740176508599708,37.685589519650655,0.0339525179206302,-0.15039739148155695,4385,0.07348784624081402,0.13560662143160643,0.0846556837616089,27.885402322219083,379.45597467696587,74.75237315615385,5.493390904635387
2024-03-05,1,2018.5,-0.09971187211760611,33.65957446808511,0.034317944579099716,-0.1766265551703039,4385,0.07348784624081402,0.13560662143160643,0.0846556837616089,27.885402322219083,379.45597467696587,72.38554339923077,5.319457683380441
2024-03-06,1,2034.0,-0.08607271877639783,30.71111111111111,0.03443310326034971,-0.16860821581851626,4385,0.07348784624081402,0.13560662143160643,0.0846556837616089,27.885402322219083,379.45597467696587,72.94138978153846,5.360305636856981
2024-03-07,1,1987.0,-0.10007427670791139,30.135194068905363,0.03458797442649951,-0.18129377832715288,4385,0.07348784624081402,0.13560662143160643,0.0846556837616089,27.885402322219083,379.45597467696587,71.25592010615385,5.236444100508762
2024-03-08,1,1982.5,-0.09421117558367974,30.148342059336827,0.03428697588416853,-0.19541396103896103,4385,0.07348784624081402,0.13560662143160643,0.0846556837616089,27.885402322219083,379.45597467696587,71.09454535,5.224585017241379
2024-03-11,1,1985.5,-0.08647962235329844,31.972477064220186,0.033693606313892475,-0.1609972533276991,4385,0.07348784624081402,0.13560662143160643,0.0846556837616089,27.885402322219083,379.45597467696587,71.20212852076924,5.232491072752968
2024-03-12,1,2014.0,-0.06669385334025361,30.178907721280595,0.03367107152492055,-0.16170655567117587,4385,0.07348784624081402,0.13560662143160643,0.0846556837616089,27.885402322219083,379.45597467696587,72.22416864307692,5.307598600113058
2024-03-13,1,1973.0,-0.07722672254129792,29.02494331065759,0.03302466410141201,-0.2005672609400324,4385,0.07348784624081402,0.13560662143160643,0.0846556837616089,27.885402322219083,379.45597467696587,70.75386530923078,5.199549174788015
2024-03-14,1,1987.0,-0.06269163639794334,41.67186525265128,0.033165021399421346,-0.18648925281473905,4385,0.07348784624081402,0.13560662143160643,0.0846556837616089,27.885402322219083,379.45597467696587,71.25592010615385,5.236444100508762
2024-03-15,1,1955.5,-0.06908436556826075,44.179894179894184,0.033182492751666945,-0.19774358974358974,4385,0.07348784624081402,0.13560662143160643,0.0846556837616089,27.885402322219083,379.45597467696587,70.12629681307693,5.153430517637083
2024-03-18,1,1978.0,-0.0511369087594742,39.32422717469447,0.03323423812012014,-0.16838343493798613,4385,0.07348784624081402,0.13560662143160643,0.0846556837616089,27.885402322219083,379.45597467696587,70.93317059384616,5.212725933973997
2024-03-19,1,1980.0,-0.041811846689895515,33.22784810126582,0.032669777080803805,-0.18685831622176596,4385,0.07348784624081402,0.13560662143160643,0.0846556837616089,27.885402322219083,379.45597467696587,71.0048927076923,5.217996637648389
2024-03-21,1,1995.0,-0.0262497681547068,37.53127606338616,0.03277716708052681,-0.18086635187846434,4385,0.07348784624081402,0.13560662143160643,0.0846556837616089,27.885402322219083,379.45597467696587,71.54280856153846,5.257526915206331
2024-03-22,1,1992.5,-0.02503351829560694,38.86010362694301,0.020714822528705577,-0.06036312190521098,4385,0.07348784624081402,0.13560662143160643,0.0846556837616089,27.885402322219083,379.45597467696587,71.45315591923077,5.250938535613341
2024-03-25,1,1962.0,-0.038423838463046506,38.9948006932409,0.019677019066879835,-0.039882554440910156,4385,0.07348784624081402,0.13560662143160643,0.0846556837616089,27.885402322219083,379.45597467696587,70.35939368307693,5.170560304578858
2024-03-26,1,1960.5,-0.03602194949256549,35.55150410209663,0.017625166789457435,-0.07806254408652713,4385,0.07348784624081402,0.13560662143160643,0.0846556837616089,27.885402322219083,379.45597467696587,70.30560209769232,5.166607276823064
2024-03-27,0,1955.5,-0.03398705725435951,39.79591836734694,0.016153179784952454,-0.10789233576642332,4385,0.07348784624081402,0.13560662143160643,0.0846556837616089,27.885402322219083,379.45597467696587,70.12629681307693,5.153430517637083
2024-03-28,1,1928.5,-0.04324141968387529,34.94949494949495,0.01587775052784101,-0.1007227792026113,4385,0.07348784624081402,0.13560662143160643,0.0846556837616089,27.885402322219083,379.45597467696587,69.15804827615385,5.082276018032787
2024-03-29,0,1967.0,-0.021139797360511185,42.51256281407036,0.016518896962067087,-0.0728258307801084,4385,0.07348784624081402,0.13560662143160643,0.0846556837616089,27.885402322219083,379.45597467696587,70.53869896769231,5.183737063764839
2024-04-01,1,1915.0,-0.0437049317859497,29.140461215932916,0.017009791282542513,-0.08329344183820009,4385,0.07348784624081402,0.13560662143160643,0.0846556837616089,27.885402322219083,379.45597467696587,68.6739240076923,5.046698768230638
2024-04-02,1,1900.5,-0.04678550291406272,30.086580086580085,0.01662029317883033,-0.10311467673430863,4385,0.07348784624081402,0.13560662143160643,0.0846556837616089,27.885402322219083,379.45597467696587,68.1539386823077,5.008486166591294
2024-04-03,1,1863.0,-0.061971320389913764,32.0645905420992,0.016076569745853326,-0.09365117976161519,4385,0.07348784624081402,0.13560662143160643,0.0846556837616089,27.885402322219083,379.45597467696587,66.80914904769232,4.909660472696438
2024-04-04,1,1836.5,-0.07080407196778048,27.78402699662543,0.015911672264404788,-0.11600481347773761,4385,0.07348784624081402,0.13560662143160643,0.0846556837616089,27.885402322219083,379.45597467696587,65.85883103923078,4.83982364901074
2024-04-05,1,1822.5,-0.07378232232883399,30.01215066828675,0.015710348880784,-0.1072740631888317,4385,0.07348784624081402,0.13560662143160643,0.0846556837616089,27.885402322219083,379.45597467696587,65.3567762423077,4.802928723289994
2024-04-08,1,1834.0,-0.0626022244030095,32.25806451612904,0.01355620389608022,-0.13245033112582782,4385,0.07348784624081402,0.13560662143160643,0.0846556837616089,27.885402322219083,379.45597467696587,65.76917839692308,4.83323526941775
2024-04-09,1,1894.0,-0.02814979013371915,40.37854889589905,0.01543754496203184,-0.09138882225953471,4385,0.07348784624081402,0.13560662143160643,0.0846556837616089,27.885402322219083,379.45597467696587,67.9208418123077,4.9913563796495195
2024-04-10,1,1849.5,-0.04768034601719783,33.26551373346898,0.014898423047376022,-0.08372553876641076,4385,0.07348784624081402,0.13560662143160643,0.0846556837616089,27.885402322219083,379.45597467696587,66.32502477923077,4.87408322289429
2024-04-11,1,1794.0,-0.07166882276843467,32.312252964426875,0.015621409862549127,-0.11799410029498525,4385,0.07348784624081402,0.13560662143160643,0.0846556837616089,27.885402322219083,379.45597467696587,64.33473612,4.727821195929904
2024-04-12,1,1809.5,-0.060195284096811096,32.51231527093596,0.015367327835949992,-0.0893306492199295,4385,0.07348784624081402,0.13560662143160643,0.0846556837616089,27.885402322219083,379.45597467696587,64.8905825023077,4.768669149406444
2024-04-15,1,1745.5,-0.08894943421437224,30.555555555555557,0.01662060192915858,-0.11954602774274903,4385,0.07348784624081402,0.13560662143160643,0.0846556837616089,27.885402322219083,379.45597467696587,62.59547485923078,4.60000663182589
2024-04-16,1,1772.0,-0.07097694219295583,31.066176470588232,0.01706094740873499,-0.10752958952404934,4385,0.07348784624081402,0.13560662143160643,0.0846556837616089,27.885402322219083,379.45597467696587,63.54579286769231,4.669843455511589
2024-04-17,1,1740.5,-0.08222775305308898,29.119442022667826,0.016797502521506316,-0.13579940417080438,4385,0.07348784624081402,0.13560662143160643,0.0846556837616089,27.885402322219083,379.45597467696587,62.41616957461539,4.5868298726399095
2024-04-18,1,1745.5,-0.0751533904860809,27.861579414374447,0.016593324012784304,-0.11530663963507348,4385,0.07348784624081402,0.13560662143160643,0.0846556837616089,27.885402322219083,379.45597467696587,62.59547485923078,4.60000663182589
2024-04-19,1,1730.5,-0.07808937285571203,27.256944444444457,0.016422212947229144,-0.12908907901358835,4385,0.07348784624081402,0.13560662143160643,0.0846556837616089,27.885402322219083,379.45597467696587,62.05755900538462,4.560476354267948
2024-04-22,1,1777.5,-0.049444907912468736,34.43037974683544,0.017497608771417067,-0.09102531321912555,4385,0.07348784624081402,0.13560662143160643,0.0846556837616089,27.885402322219083,379.45597467696587,63.743028680769235,4.684337890616167
2024-04-23,1,1749.5,-0.0598230887458217,32.95638126009693,0.017361745479881847,-0.11552072800808899,4385,0.07348784624081402,0.13560662143160643,0.0846556837616089,27.885402322219083,379.45597467696587,62.73891908692308,4.610548039174675
2024-04-24,1,1808.5,-0.02452048587887551,39.07875185735513,0.01897234015950281,-0.08661616161616159,4385,0.07348784624081402,0.13560662143160643,0.0846556837616089,27.885402322219083,379.45597467696587,64.85472144538461,4.766033797569248
2024-04-25,1,1783.5,-0.03359523164454078,39.195230998509686,0.018937110498292054,-0.106015037593985,4385,0.07348784624081402,0.13560662143160643,0.0846556837616089,27.885402322219083,379.45597467696587,63.9581950223077,4.700150001639344
2024-04-26,1,1779.5,-0.03129048764820522,35.27101335428122,0.018931507706837353,-0.10690087829360095,4385,0.07348784624081402,0.13560662143160643,0.0846556837616089,27.885402322219083,379.45597467696587,63.814750794615385,4.68960859429056
2024-04-30,1,1842.5,0.005621657024342296,44.401544401544406,0.02036957084704409,-0.060907237512742074,4385,0.07348784624081402,0.13560662143160643,0.0846556837616089,27.885402322219083,379.45597467696587,66.07399738076923,4.855635760033917
2024-05-01,1,1806.5,-0.01070075135265381,42.9745889387145,0.02065422763432244,-0.07855138995154298,4385,0.07348784624081402,0.13560662143160643,0.0846556837616089,27.885402322219083,379.45597467696587,64.78299933153846,4.760763093894855
2024-05-02,1,1766.5,-0.02858431217280367,42.81459419210722,0.021002712276094213,-0.09665047302480179,4385,0.07348784624081402,0.13560662143160643,0.0846556837616089,27.885402322219083,379.45597467696587,63.34855705461539,4.65534902040701
2024-05-07,1,1803.0,-0.005767979442612484,47.54218635363169,0.02144827554896854,-0.06507648431423385,4385,0.07348784624081402,0.13560662143160643,0.0846556837616089,27.885402322219083,379.45597467696587,64.6574856323077,4.751539362464669
2024-05-08,1,1782.5,-0.013055900070871682,47.093023255813954,0.02099353560717039,-0.0937976614133198,4385,0.07348784624081402,0.13560662143160643,0.0846556837616089,27.885402322219083,379.45597467696587,63.92233396538462,4.697514649802148
2024-05-09,1,1758.0,-0.023224802755861737,44.57917261055635,0.020570551672533858,-0.08198433420365536,4385,0.13024653702518932,0.138619967083146,0.09086585556296937,53.486490356726115,410.655757752561,32.868112831391365,4.280957874841915
2024-05-10,0,1918.0,0.06525965009719523,51.49812734082397,0.027858529027914143,0.009208103130755152,4385,0.13024653702518932,0.138619967083146,0.09086585556296937,53.486490356726115,410.655757752561,35.85952241786612,4.670578614304206
2024-05-13,1,1867.5,0.03710820356754112,51.11524163568773,0.028090729331840224,0.0024154589371980784,4385,0.13024653702518932,0.138619967083146,0.09086585556296937,53.486490356726115,410.655757752561,34.915358767135025,4.547604568411421
2024-05-14,1,2000.0,0.10667212624915615,61.65158371040724,0.03122513391896926,0.08902804247209373,4385,0.13024653702518932,0.138619967083146,0.09086585556296937,53.486490356726115,410.655757752561,37.39261983093443,4.87025924327863
2024-05-15,1,1928.5,0.06461086637298089,56.329787234042556,0.03214964062533057,0.05816186556927305,4385,0.13024653702518932,0.138619967083146,0.09086585556296937,53.486490356726115,410.655757752561,36.055833671978526,4.6961474753314185
2024-05-16,1,1872.0,0.03255413738706438,56.7828418230563,0.0327680463859561,0.02071973827699014,4385,0.13024653702518932,0.138619967083146,0.09086585556296937,53.486490356726115,410.655757752561,34.999492161754624,4.558562651708797
2024-05-17,1,1880.0,0.0372871630196091,55.908096280087534,0.03212007030816349,-0.007391763463569179,4385,0.13024653702518932,0.138619967083146,0.09086585556296937,53.486490356726115,410.655757752561,35.14906264107836,4.5780436886819125
2024-05-20,1,1931.5,0.06377705568100454,60.224839400428266,0.032169248802814444,0.04433630711002978,4385,0.13024653702518932,0.138619967083146,0.09086585556296937,53.486490356726115,410.655757752561,36.11192260172493,4.703452864196337
2024-05-21,1,1853.0,0.019218287625270922,55.33498759305211,0.03267941476139492,0.032887402452619785,4385,0.13024653702518932,0.138619967083146,0.09086585556296937,53.486490356726115,410.655757752561,34.644262273360745,4.51229518889765
2024-05-22,1,1868.0,0.026148099318830977,56.82382133995038,0.03267484112372792,0.03232937275490477,4385,0.13024653702518932,0.138619967083146,0.09086585556296937,53.486490356726115,410.655757752561,34.92470692209275,4.54882213322224
2024-05-23,1,1873.5,0.02628292212629827,54.96894409937888,0.03174542286081915,0.07333142366084222,4385,0.13024653702518932,0.138619967083146,0.09086585556296937,53.486490356726115,410.655757752561,35.02753662662783,4.562215346141256
2024-05-24,1,1857.0,0.015353323272751091,55.63122053431116,0.03173407296210143,0.047968397291196396,4385,0.13024653702518932,0.138619967083146,0.09086585556296937,53.486490356726115,410.655757752561,34.719047513022616,4.522035707384208
2024-05-27,1,1868.0,0.018527606023925593,53.28185328185329,0.031460682934313554,0.0732548118356795,4385,0.13024653702518932,0.138619967083146,0.09086585556296937,53.486490356726115,410.655757752561,34.92470692209275,4.54882213322224
2024-05-28,1,1860.0,0.011639290764712332,54.30016863406408,0.031497213961117675,0.06559725007161266,4385,0.13024653702518932,0.138619967083146,0.09086585556296937,53.486490356726115,410.655757752561,34.77513644276902,4.529341096249126
2024-05-29,1,1779.0,-0.03343583948189117,49.974133471288155,0.03278330835659047,0.028026581912741877,4385,0.13024653702518932,0.138619967083146,0.09086585556296937,53.486490356726115,410.655757752561,33.260735339616176,4.332095596896341
2024-05-30,1,1765.0,-0.040781722136475275,45.77656675749319,0.0323920865818367,-0.007032348804500654,4385,0.13024653702518932,0.138619967083146,0.09086585556296937,53.486490356726115,410.655757752561,32.99898700079963,4.2980037821933905
2024-05-31,1,1833.0,-0.005630960518178622,51.39547130068457,0.03308921501091654,0.047727922263503864,4385,0.13024653702518932,0.138619967083146,0.09086585556296937,53.486490356726115,410.655757752561,34.270336075051404,4.463592596464864
2024-06-03,1,2048.0,0.10525861324583367,62.516674077367725,0.0399065619752729,0.13243019076582807,4385,0.13024653702518932,0.138619967083146,0.09086585556296937,53.486490356726115,410.655757752561,38.290042706876854,4.987145465117317
2024-06-04,1,2091.0,0.12102334259030913,62.73209549071618,0.03980340502270028,0.17241379310344818,4385,0.13024653702518932,0.138619967083146,0.09086585556296937,53.486490356726115,410.655757752561,39.093984033241945,5.091856038847808
2024-06-05,1,2098.0,0.11714589989350373,64.11633109619687,0.03976431808171266,0.178982860354032,4385,0.13024653702518932,0.138619967083146,0.09086585556296937,53.486490356726115,410.655757752561,39.22485820265022,5.108901946199283
2024-06-06,1,2090.0,0.10705016155516707,65.07720254314259,0.03938282180644135,0.13432835820895517,4385,0.13024653702518932,0.138619967083146,0.09086585556296937,53.486490356726115,410.655757752561,39.075287723326475,5.089420909226168
2024-06-07,1,2151.0,0.13110512809726133,61.626746506986024,0.039283619833837796,0.19070024910047056,4385,0.13024653702518932,0.138619967083146,0.09086585556296937,53.486490356726115,410.655757752561,40.215762628169976,5.237963816146166
2024-06-10,1,2123.0,0.10807227783751054,63.0423685553854,0.03903620416709093,0.20181149165015566,4385,0.13024653702518932,0.138619967083146,0.09086585556296937,53.486490356726115,410.655757752561,39.69226595053689,5.169780186740265
2024-06-11,1,2192.0,0.134869272586073,60.48034934497816,0.039266265427915024,0.21575152523571828,4385,0.13024653702518932,0.138619967083146,0.09086585556296937,53.486490356726115,410.655757752561,40.982311334704136,5.337804130633378
2024-06-12,1,2158.0,0.10864517189651277,63.062037564029595,0.0393624524737672,0.21065918653576432,4385,0.13024653702518932,0.138619967083146,0.09086585556296937,53.486490356726115,410.655757752561,40.34663679757825,5.255009723497642
2024-06-13,1,2148.5,0.09497793225763701,66.6265784726398,0.03918747939031229,0.22212741751990905,4385,0.13024653702518932,0.138619967083146,0.09086585556296937,53.486490356726115,410.655757752561,40.16902185338131,5.231875992092068
2024-06-14,1,2167.5,0.09907105044317796,67.06231454005935,0.03524995154443059,0.13008342022940567,4385,0.13024653702518932,0.138619967083146,0.09086585556296937,53.486490356726115,410.655757752561,40.52425174177519,5.278143454903215
2024-06-17,1,2094.0,0.056945860547754336,59.3984962406015,0.03556616670007226,0.12128514056224904,4385,0.13024653702518932,0.138619967083146,0.09086585556296937,53.486490356726115,410.655757752561,39.15007296298835,5.099161427712725
2024-06-18,1,2027.5,0.02281211534192951,60.23460410557185,0.033525427941103206,0.013749999999999929,4385,0.13024653702518932,0.138619967083146,0.09086585556296937,53.486490356726115,410.655757752561,37.90676835360978,4.937225307873711
2024-06-19,1,2024.0,0.019082624238457326,59.274673008323425,0.03264760919863674,0.04952035260565202,4385,0.13024653702518932,0.138619967083146,0.09086585556296937,53.486490356726115,410.655757752561,37.84133126890564,4.9287023541979735
2024-06-20,1,1983.0,-0.003787916846684801,56.24643468339988,0.03233006832825419,0.059294871794871806,4385,0.13024653702518932,0.138619967083146,0.09086585556296937,53.486490356726115,410.655757752561,37.07478256237149,4.828862039710762
2024-06-21,1,2010.5,0.007385657594099496,58.647887323943664,0.03240525390177801,0.06941489361702136,4385,0.13024653702518932,0.138619967083146,0.09086585556296937,53.486490356726115,410.655757752561,37.58893108504683,4.895828104305843
2024-06-24,1,1915.5,-0.039907373992541746,52.44467318579516,0.033501166217101426,-0.008283717318146477,4385,0.13024653702518932,0.138619967083146,0.09086585556296937,53.486490356726115,410.655757752561,35.81278164307745,4.664490790250108
2024-06-25,1,1967.0,-0.01634261481837097,55.27093596059114,0.03278655675506902,0.061521856449001655,4385,0.13024653702518932,0.138619967083146,0.09086585556296937,53.486490356726115,410.655757752561,36.77564160372401,4.7898999657645325
2024-06-26,1,1958.0,-0.022602931192843723,59.49098621420997,0.03280067857796196,0.04817987152034253,4385,0.13024653702518932,0.138619967083146,0.09086585556296937,53.486490356726115,410.655757752561,36.60737481448481,4.767983799169778
2024-06-27,1,2009.0,0.00014935032608152265,62.44897959183674,0.03314081296445259,0.07232452628769681,4385,0.13024653702518932,0.138619967083146,0.09086585556296937,53.486490356726115,410.655757752561,37.56088662017363,4.892175409873384
2024-06-28,1,1997.5,-0.008350212478652815,58.906334596643205,0.03309956743012361,0.07565966612816366,4385,0.13024653702518932,0.138619967083146,0.09086585556296937,53.486490356726115,410.655757752561,37.34587905614576,4.864171419224531
2024-07-01,1,2103.0,0.03917537999327969,53.37837837837837,0.0345438541159557,0.12580299785867233,4385,0.13024653702518932,0.138619967083146,0.09086585556296937,53.486490356726115,410.655757752561,39.31833975222755,5.121077594307479
2024-07-02,1,2228.0,0.09299268067738072,57.645089285714285,0.03612166731510613,0.1978494623655913,4385,0.13024653702518932,0.138619967083146,0.09086585556296937,53.486490356726115,410.655757752561,41.655378491660954,5.425468797012393
2024-07-03,1,2242.0,0.08995799626633477,57.9734219269103,0.034505661880627675,0.2602585722315909,4385,0.13024653702518932,0.138619967083146,0.09086585556296937,53.486490356726115,410.655757752561,41.91712683047749,5.459560611715344
2024-07-04,1,2307.5,0.11009015423397774,61.32222800624674,0.03450934320571974,0.30736543909348435,4385,0.13024653702518932,0.138619967083146,0.09086585556296937,53.486490356726115,410.655757752561,43.1417351299406,5.619061601932719
2024-07-05,1,2407.5,0.1455339639519614,62.83141570785393,0.034680266071611426,0.3134206219312603,4385,0.13024653702518932,0.138619967083146,0.09086585556296937,53.486490356726115,410.655757752561,45.01136612148732,5.862574564096651
2024-07-08,1,2454.0,0.1587058756870077,66.2573673870334,0.026890832781907202,0.1982421875,4385,0.13024653702518932,0.138619967083146,0.09086585556296937,53.486490356726115,410.655757752561,45.88074453255654,5.975808091502879
2024-07-09,1,2446.5,0.14746025045729566,63.30371144798745,0.026821962886019818,0.17001434720229547,4385,0.13024653702518932,0.138619967083146,0.09086585556296937,53.486490356726115,410.655757752561,45.74052220819054,5.957544619340584
2024-07-10,1,2396.5,0.11774966884946178,62.26221079691516,0.027360172527036607,0.14227836034318408,4385,0.13024653702518932,0.138619967083146,0.09086585556296937,53.486490356726115,410.655757752561,44.80570671241718,5.835788138258618
2024-07-11,1,2324.0,0.07922355345035753,58.47416706904876,0.02823973727481633,0.11196172248803826,4385,0.13024653702518932,0.138619967083146,0.09086585556296937,53.486490356726115,410.655757752561,43.450224243545804,5.659241240689768
2024-07-12,1,2389.0,0.10452536385996704,60.24040684234859,0.02819664621864647,0.11064621106462114,4385,0.13024653702518932,0.138619967083146,0.09086585556296937,53.486490356726115,410.655757752561,44.665484388051176,5.817524666096324
2024-07-16,1,2378.0,0.09427919304962455,63.93523061825319,0.028027506743069915,0.12011304757418739,4385,0.13024653702518932,0.138619967083146,0.09086585556296937,53.486490356726115,410.655757752561,44.45982497898103,5.790738240258291
2024-07-17,1,2462.5,0.1275492916472064,70.97396335583413,0.028158114383117546,0.12340328467153294,4385,0.13024653702518932,0.138619967083146,0.09086585556296937,53.486490356726115,410.655757752561,46.03966316683802,5.996506693286813
2024-07-18,1,2344.5,0.06986401387241029,63.91663048198003,0.029839578215360187,0.0864226135310473,4385,0.13024653702518932,0.138619967083146,0.09086585556296937,53.486490356726115,410.655757752561,43.83349859681288,5.709161397933374
2024-07-19,1,2339.5,0.06387332654249128,65.97938144329896,0.029817195830732182,0.08889923202234118,4385,0.13024653702518932,0.138619967083146,0.09086585556296937,53.486490356726115,410.655757752561,43.74001704723555,5.696985749825177
2024-07-22,1,2266.0,0.028606705462600652,60.99870856650882,0.030612212617060708,0.045444059976931905,4385,0.13024653702518932,0.138619967083146,0.09086585556296937,53.486490356726115,410.655757752561,42.365838268448705,5.518003722634687
2024-07-23,1,2276.0,0.029743107145765554,66.74407803065489,0.02967229996756329,0.08691499522445079,4385,0.13024653702518932,0.138619967083146,0.09086585556296937,53.486490356726115,410.655757752561,42.55280136760338,5.54235501885108
2024-07-24,0,2286.5,0.029667390188325832,65.42732979237084,0.02873513125955285,0.12774352651048093,4385,0.13024653702518932,0.138619967083146,0.09086585556296937,53.486490356726115,410.655757752561,42.74911262171579,5.567923879878293
2024-07-25,0,2190.5,-0.016513415466398566,60.356347438752785,0.030229599211346332,0.08226284584980248,4385,0.13024653702518932,0.138619967083146,0.09086585556296937,53.486490356726115,410.655757752561,40.95426686983093,5.334151436200919
2024-07-26,0,2189.5,-0.02059457670182594,58.41491841491841,0.0298351824903058,0.10413514876449814,4385,0.13024653702518932,0.138619967083146,0.09086585556296937,53.486490356726115,410.655757752561,40.93557055991547,5.33171630657928
2024-07-29,0,2322.5,0.03313137783471678,63.609715242881066,0.03185956512254839,0.1551852772942055,4385,0.13024653702518932,0.138619967083146,0.09086585556296937,53.486490356726115,410.655757752561,43.42217977867261,5.655588546257309
2024-07-30,0,2279.5,0.007478188616535138,57.79938135218736,0.030329643484405172,0.19002871312973113,4385,0.13024653702518932,0.138619967083146,0.09086585556296937,53.486490356726115,410.655757752561,42.618238452307516,5.550877972526818
2024-07-31,0,2235.0,-0.016847754365899872,50.33301617507136,0.03050834822118145,0.13624809354346712,4385,0.13024653702518932,0.138619967083146,0.09086585556296937,53.486490356726115,410.655757752561,41.78625266106923,5.442514704363869
2024-08-01,0,2163.5,-0.05172867211332795,46.45917907081642,0.03136863824523778,0.10495403472931564,4385,0.13024653702518932,0.138619967083146,0.09086585556296937,53.486490356726115,410.655757752561,40.44946650211332,5.268402936416658
2024-08-02,1,1978.0,-0.132562667742558,36.58933658933659,0.035816670242434866,-0.015430562468889963,4385,0.13024653702518932,0.138619967083146,0.09086585556296937,53.486490356726115,410.655757752561,36.98130101279415,4.816686391602565
2024-08-05,1,1805.0,-0.2057485325049063,26.85363042643104,0.039862855326008695,-0.09637046307884856,4385,0.13024653702518932,0.138619967083146,0.09086585556296937,53.486490356726115,410.655757752561,33.74683939741832,4.395408967058963
2024-08-06,1,2000.0,-0.11834460382814774,34.34482758620689,0.04437445767499375,-0.04897765097479789,4385,0.13024653702518932,0.138619967083146,0.09086585556296937,53.486490356726115,410.655757752561,37.39261983093443,4.87025924327863
2024-08-07,0,2012.5,-0.10945022656471261,35.08591065292096,0.042592044255104634,-0.0967235188509874,4385,0.13024653702518932,0.138619967083146,0.09086585556296937,53.486490356726115,410.655757752561,37.62632370487777,4.900698363549122
2024-08-08,0,2085.5,-0.0745835515047169,39.47902571041949,0.04328668026584588,-0.06980374665477251,4385,0.13024653702518932,0.138619967083146,0.09086585556296937,53.486490356726115,410.655757752561,38.99115432870688,5.078462825928791
2024-08-09,0,2100.0,-0.06470462481294101,42.112676056338024,0.04284468057082676,-0.08992416034669559,4385,0.13024653702518932,0.138619967083146,0.09086585556296937,53.486490356726115,410.655757752561,39.26225082248115,5.113772205442562
2024-08-13,0,2175.0,-0.0272721580693924,42.51748251748252,0.04252800746352735,-0.09657320872274144,4385,0.1865825767551459,0.1437801555683546,0.09330494591984291,82.13455386220029,440.2048427597088,26.480937653220415,4.94088158223023
2024-08-14,0,2021.0,-0.08908981096698002,38.65225683407501,0.04432271897008717,-0.17644661776691117,4385,0.1865825767551459,0.1437801555683546,0.09330494591984291,82.13455386220029,440.2048427597088,24.605965515934923,4.591044449511401
2024-08-15,0,2096.0,-0.049277886639088414,38.27950111928366,0.04518342327123117,-0.14326589004700596,4385,0.1865825767551459,0.1437801555683546,0.09330494591984291,82.13455386220029,440.2048427597088,25.519101297080457,4.761419676484857
2024-08-16,0,2072.0,-0.05459788470839449,40.72813882272882,0.04509268066846427,-0.13540580012518255,4385,0.1865825767551459,0.1437801555683546,0.09330494591984291,82.13455386220029,440.2048427597088,25.226897847113886,4.706899603853351
2024-08-19,0,2010.5,-0.07737985975990304,39.22018348623853,0.04507940814317322,-0.1348967297762479,4385,0.1865825767551459,0.1437801555683546,0.09330494591984291,82.13455386220029,440.2048427597088,24.47812650657455,4.567191917735117
2024-08-20,0,2185.0,0.00646718502413677,47.51075599262445,0.04828272446371729,-0.08539137714524903,4385,0.1865825767551459,0.1437801555683546,0.09330494591984291,82.13455386220029,440.2048427597088,26.602689090706487,4.963598279160025
2024-08-21,0,2210.0,0.021143680922633454,47.990255785627284,0.04835948314876082,-0.07064760302775441,4385,0.1865825767551459,0.1437801555683546,0.09330494591984291,82.13455386220029,440.2048427597088,26.907067684421662,5.02039002148451
2024-08-22,0,2377.0,0.10004535315296963,52.51598554350848,0.050272384307191616,-0.034720812182741145,4385,0.1865825767551459,0.1437801555683546,0.09330494591984291,82.13455386220029,440.2048427597088,28.940316690439047,5.3997588602120725
2024-08-23,0,2340.0,0.0830124407582939,54.29721184248347,0.04940188222528979,-0.0019193857965451588,4385,0.1865825767551459,0.1437801555683546,0.09330494591984291,82.13455386220029,440.2048427597088,28.489836371740584,5.315707081571834
2024-08-26,0,2299.0,0.06483497142221935,53.07670694015173,0.04953935505890598,-0.017311391322932246,4385,0.1865825767551459,0.1437801555683546,0.09330494591984291,82.13455386220029,440.2048427597088,27.990655478047696,5.2225686241596785
2024-08-27,0,2228.5,0.03289888390374134,47.262667443214916,0.04951942402931891,-0.01654898499558699,4385,0.1865825767551459,0.1437801555683546,0.09330494591984291,82.13455386220029,440.2048427597088,27.132307843770896,5.06241591080463
2024-08-28,0,2230.0,0.03447636012766281,48.52282900626679,0.0495127645211618,-0.020210896309314608,4385,0.1865825767551459,0.1437801555683546,0.09330494591984291,82.13455386220029,440.2048427597088,27.150570559393806,5.065823415344099
2024-08-29,0,2275.5,0.05579889014680511,51.20787354607815,0.049669851619151044,-0.004810846271594116,4385,0.1865825767551459,0.1437801555683546,0.09330494591984291,82.13455386220029,440.2048427597088,27.704539599955428,5.1691843863746625
2024-08-30,0,2373.5,0.09754180230837528,56.16559013505579,0.049516649253522574,0.08354257018945455,4385,0.1865825767551459,0.1437801555683546,0.09330494591984291,82.13455386220029,440.2048427597088,28.897703687318923,5.391808016286645
2024-09-02,0,2358.5,0.08720705105747414,62.41435562805873,0.049554411644880725,0.0771865722767755,4385,0.1865825767551459,0.1437801555683546,0.09330494591984291,82.13455386220029,440.2048427597088,28.715076531089817,5.357732970891954
2024-09-03,0,2505.5,0.15108607762422824,73.24925323597743,0.04963070535703843,0.07879440258342307,4385,0.1865825767551459,0.1437801555683546,0.09330494591984291,82.13455386220029,440.2048427597088,30.50482266213506,5.691668415759928
2024-09-04,0,2343.0,0.07517506585045759,61.63500678426051,0.051350668541050894,0.027856986181180154,4385,0.1865825767551459,0.1437801555683546,0.09330494591984291,82.13455386220029,440.2048427597088,28.526361802986408,5.322522090650772
2024-09-05,0,2438.5,0.11483459210357873,63.680154142581884,0.05169446850186641,0.09105145413870241,4385,0.1865825767551459,0.1437801555683546,0.09330494591984291,82.13455386220029,440.2048427597088,29.689088030978382,5.539466546330307
2024-09-06,0,2374.0,0.08118447539326161,59.31546658056184,0.05154194774246992,0.09729604807025649,4385,0.1865825767551459,0.1437801555683546,0.09330494591984291,82.13455386220029,440.2048427597088,28.903791259193227,5.3929438511331345
2024-09-09,0,2496.0,0.12612002923580842,61.95652173913044,0.04870206219282305,0.26188068756319516,4385,0.1865825767551459,0.1437801555683546,0.09330494591984291,82.13455386220029,440.2048427597088,30.38915879652329,5.670087553676623
2024-09-10,0,2465.0,0.09904318593224716,58.99503722084367,0.04454960297640763,0.36565096952908593,4385,0.1865825767551459,0.1437801555683546,0.09330494591984291,82.13455386220029,440.2048427597088,30.01172934031647,5.599665793194261
2024-09-11,0,2366.5,0.04827421241007832,61.09861869579184,0.04116614527516264,0.1832499999999999,4385,0.1865825767551459,0.1437801555683546,0.09330494591984291,82.13455386220029,440.2048427597088,28.812477681078672,5.375906328435789
2024-09-12,0,2410.0,0.06007688856436555,60.295081967213115,0.04122151184513285,0.19751552795031047,4385,0.1865825767551459,0.1437801555683546,0.09330494591984291,82.13455386220029,440.2048427597088,29.34209643414308,5.474723960080394
2024-09-13,0,2391.5,0.0463060997698696,60.51332675222112,0.04090349155969797,0.14672740350035962,4385,0.1865825767551459,0.1437801555683546,0.09330494591984291,82.13455386220029,440.2048427597088,29.11685627479385,5.432698070760274
2024-09-17,0,2497.5,0.08513356158431674,65.5690537084399,0.04160562427061981,0.18928571428571428,4385,0.1865825767551459,0.1437801555683546,0.09330494591984291,82.13455386220029,440.2048427597088,30.4074215121462,5.673495058216092
2024-09-18,0,2551.5,0.10138909272992555,62.694838933148596,0.04130581280243064,0.173103448275862,4385,0.1865825767551459,0.1437801555683546,0.09330494591984291,82.13455386220029,440.2048427597088,31.064879274570984,5.796165221636981
2024-09-19,0,2717.5,0.159105643895448,66.01451562006942,0.03951131283837824,0.3446313706086095,4385,0.1865825767551459,0.1437801555683546,0.09330494591984291,82.13455386220029,440.2048427597088,33.08595313683976,6.173262390671564
2024-09-20,0,2684.5,0.13364751986892004,60.59979317476733,0.039468989569484164,0.2807729007633588,4385,0.1865825767551459,0.1437801555683546,0.09330494591984291,82.13455386220029,440.2048427597088,32.68417339313573,6.098297290803243
2024-09-24,0,2628.0,0.09946198321521497,59.79591836734694,0.03973896705489781,0.26833976833976836,4385,0.1865825767551459,0.1437801555683546,0.09330494591984291,82.13455386220029,440.2048427597088,31.996277771339425,5.969947953149906
2024-09-25,0,2620.0,0.0850478746314151,61.16910229645094,0.038972006138560736,0.30315841830390444,4385,0.1865825767551459,0.1437801555683546,0.09330494591984291,82.13455386220029,440.2048427597088,31.89887662135057,5.9517745956060715
2024-09-26,0,2609.0,0.0729560783023524,63.811252268602544,0.035749806985078306,0.19405034324942783,4385,0.1865825767551459,0.1437801555683546,0.09330494591984291,82.13455386220029,440.2048427597088,31.76495004011589,5.926786228983297
2024-09-27,0,2679.5,0.0935038647066985,65.53750432077427,0.035952507518558705,0.21244343891402706,4385,0.1865825767551459,0.1437801555683546,0.09330494591984291,82.13455386220029,440.2048427597088,32.62329767439269,6.086938942338346
2024-09-30,0,2507.0,0.020940063040096463,57.35621226564983,0.035945409305700594,0.05469078670593186,4385,0.1865825767551459,0.1437801555683546,0.09330494591984291,82.13455386220029,440.2048427597088,30.52308537775797,5.695075920299397
2024-10-01,0,2494.0,0.013104552064799784,54.04769902586496,0.03578460031018045,0.0658119658119658,4385,0.1865825767551459,0.1437801555683546,0.09330494591984291,82.13455386220029,440.2048427597088,30.364808509026076,5.665544214290665
2024-10-02,0,2426.5,-0.016352904931004907,52.20635950681376,0.03606430235091477,0.05545889517181379,4385,0.1865825767551459,0.1437801555683546,0.09330494591984291,82.13455386220029,440.2048427597088,29.542986305995097,5.512206510014554
2024-10-03,0,2459.0,-0.006889978433478973,48.3701366982124,0.035432560117057546,0.10343280233340812,4385,0.1865825767551459,0.1437801555683546,0.09330494591984291,82.13455386220029,440.2048427597088,29.93867847782483,5.586035775036385
2024-10-04,0,2589.5,0.03977610382101152,58.838293295087844,0.03672014814493528,0.16121076233183862,4385,0.1865825767551459,0.1437801555683546,0.09330494591984291,82.13455386220029,440.2048427597088,31.527534737018055,5.882488669970199
2024-10-07,0,2653.0,0.05885358046568805,57.87155963302752,0.036793620604387046,0.16589760492199512,4385,0.1865825767551459,0.1437801555683546,0.09330494591984291,82.13455386220029,440.2048427597088,32.3006563650546,6.026739695474392
2024-10-08,0,2510.0,-0.00039824771007566706,54.71894517696044,0.0379062453026988,0.05751000631978087,4385,0.1865825767551459,0.1437801555683546,0.09330494591984291,82.13455386220029,440.2048427597088,30.55961080900379,5.701890929378335
2024-10-09,0,2569.0,0.019679132498749682,52.64876632801161,0.03807201929165548,0.08925164299342803,4385,0.1865825767551459,0.1437801555683546,0.09330494591984291,82.13455386220029,440.2048427597088,31.277944290171607,5.835919441264121
2024-10-10,0,2510.5,-0.0036195934307553883,51.618641053006044,0.03641953417719073,0.0019956096587507854,4385,0.1865825767551459,0.1437801555683546,0.09330494591984291,82.13455386220029,440.2048427597088,30.565698380878093,5.703026764224825
2024-10-11,0,2448.5,-0.029851337644224728,52.99488677867057,0.03422621847286954,0.045027742210840715,4385,0.1865825767551459,0.1437801555683546,0.09330494591984291,82.13455386220029,440.2048427597088,29.810839468464454,5.562183243260101
2024-10-15,0,2551.0,0.008962402208563664,54.93697478991597,0.03427848290414512,0.046134919007586594,4385,0.1865825767551459,0.1437801555683546,0.09330494591984291,82.13455386220029,440.2048427597088,31.05879170269668,5.795029386790492
2024-10-16,0,2509.0,-0.00976422205909043,54.04753703065794,0.0339855822444027,0.0568660488626791,4385,0.1865825767551459,0.1437801555683546,0.09330494591984291,82.13455386220029,440.2048427597088,30.547435665255183,5.699619259685356
2024-10-17,0,2452.0,-0.03158792723481229,48.37789661319073,0.03277845824266529,-0.017628205128205177,4385,0.1865825767551459,0.1437801555683546,0.09330494591984291,82.13455386220029,440.2048427597088,29.85345247158458,5.570134087185529
2024-10-18,0,2389.5,-0.055145198026066065,44.25939050318923,0.03308433097683736,-0.030628803245436154,4385,0.1865825767551459,0.1437801555683546,0.09330494591984291,82.13455386220029,440.2048427597088,29.092505987296637,5.428154731374316
2024-10-21,0,2372.0,-0.062146624597695634,36.31683168316831,0.03210072474225064,0.0023241073315021232,4385,0.1865825767551459,0.1437801555683546,0.09330494591984291,82.13455386220029,440.2048427597088,28.879440971696013,5.388400511747176
2024-10-22,0,2277.0,-0.09781049662025632,34.61683654209135,0.032869113129949945,-0.05518672199170127,4385,0.1865825767551459,0.1437801555683546,0.09330494591984291,82.13455386220029,440.2048427597088,27.72280231557834,5.1725918909141315
2024-10-23,0,2166.0,-0.13871260199456034,33.248730964467015,0.03417800506624101,-0.09429228517666732,4385,0.1865825767551459,0.1437801555683546,0.09330494591984291,82.13455386220029,440.2048427597088,26.37136135948295,4.920436554993416
2024-10-24,0,2120.0,-0.15191179882707795,32.35709244883557,0.03285370469600075,-0.1511511511511512,4385,0.1865825767551459,0.1437801555683546,0.09330494591984291,82.13455386220029,440.2048427597088,25.811304747047025,4.815939749116363
2024-10-25,0,2096.5,-0.15516171409689145,32.07415180132914,0.03235469999562691,-0.17832647462277096,4385,0.1865825767551459,0.1437801555683546,0.09330494591984291,82.13455386220029,440.2048427597088,25.52518886895476,4.762555511331347
2024-10-28,0,2090.0,-0.14917522919346698,28.41450018308312,0.028662096204411677,-0.23091076356945717,4385,0.1865825767551459,0.1437801555683546,0.09330494591984291,82.13455386220029,440.2048427597088,25.446050434588813,4.7477896583269805
2024-10-29,0,2101.5,-0.1362941408561846,33.167289331672904,0.028825224978886607,-0.217172657850624,4385,0.1865825767551459,0.1437801555683546,0.09330494591984291,82.13455386220029,440.2048427597088,25.586064587697795,4.773913859796243
2024-10-30,0,2131.5,-0.11675492901718015,35.16168645108472,0.029092193124338087,-0.1889269406392694,4385,0.1865825767551459,0.1437801555683546,0.09330494591984291,82.13455386220029,440.2048427597088,25.951318900156007,4.842063950585626
2024-10-31,0,2159.5,-0.09826961300128616,38.70558375634517,0.02938398751757413,-0.17576335877862592,4385,0.1865825767551459,0.1437801555683546,0.09330494591984291,82.13455386220029,440.2048427597088,26.292222925117006,4.90567070198905
2024-11-01,0,2105.0,-0.1135647750433742,35.29900332225914,0.029592445776386617,-0.19317746262935986,4385,0.1865825767551459,0.1437801555683546,0.09330494591984291,82.13455386220029,440.2048427597088,25.62867759081792,4.781864703721672
2024-11-05,0,2171.5,-0.07766866579452596,31.66666666666667,0.029831737583577753,-0.18958760962866206,4385,0.039324260910370716,0.15388853011024017,0.0967634226693972,17.881030462874584,454.7073498375387,121.4415469236277,4.775599076583763
2024-11-06,1,1824.0,-0.21617161716171615,20.89185393258427,0.0413003038126297,-0.2724371759074591,4385,0.039324260910370716,0.15388853011024017,0.0967634226693972,17.881030462874584,454.7073498375387,102.00754390453461,4.011371271328015
2024-11-07,1,1828.5,-0.2051451474078647,23.49280435628161,0.041379420045738975,-0.26684041700080197,4385,0.039324260910370716,0.15388853011024017,0.0967634226693972,17.881030462874584,454.7073498375387,102.2592072529833,4.021267746503988
2024-11-08,1,1860.0,-0.18340826074740105,21.82034976152623,0.04163103738164267,-0.23346383680197813,4385,0.039324260910370716,0.15388853011024017,0.0967634226693972,17.881030462874584,454.7073498375387,104.02085069212411,4.090543072735804
2024-11-11,1,1848.0,-0.17987680400475747,22.657862154354106,0.04136082973539204,-0.24847498983326555,4385,0.039324260910370716,0.15388853011024017,0.0967634226693972,17.881030462874584,454.7073498375387,103.34974842959429,4.064152472266541
2024-11-12,1,1811.5,-0.18481684816848162,23.145025295109605,0.039206503799654374,-0.3004441011778336,4385,0.039324260910370716,0.15388853011024017,0.0967634226693972,17.881030462874584,454.7073498375387,101.3084790477327,3.9838810625058656
2024-11-13,1,1803.0,-0.1760350973402796,15.750915750915752,0.038457381188284206,-0.32039200904636256,4385,0.039324260910370716,0.15388853011024017,0.0967634226693972,17.881030462874584,454.7073498375387,100.83311494510741,3.9651877205068042
2024-11-14,1,1914.0,-0.11567391746289901,24.375538329026696,0.04042007242573613,-0.23745019920318722,4385,0.039324260910370716,0.15388853011024017,0.0967634226693972,17.881030462874584,454.7073498375387,107.04081087350836,4.209300774847489
2024-11-15,1,1925.0,-0.09987842513794067,26.3677130044843,0.039961080053973655,-0.2506811989100818,4385,0.039324260910370716,0.15388853011024017,0.0967634226693972,17.881030462874584,454.7073498375387,107.65598794749404,4.23349215861098
2024-11-18,1,1987.0,-0.06170017849890911,31.942575145805293,0.04077133042510372,-0.2085241983668592,4385,0.039324260910370716,0.15388853011024017,0.0967634226693972,17.881030462874584,454.7073498375387,111.12334963723151,4.369843594368841
2024-11-19,1,1970.5,-0.061013847722702436,31.971261787157616,0.040630900563820016,-0.19522156422299364,4385,0.039324260910370716,0.15388853011024017,0.0967634226693972,17.881030462874584,454.7073498375387,110.200584026253,4.333556518723604
2024-11-20,1,2045.0,-0.016022710869460704,39.387008234217745,0.0404319904688694,-0.19835358682869464,4385,0.039324260910370716,0.15388853011024017,0.0967634226693972,17.881030462874584,454.7073498375387,114.36701057279237,4.497398163303613
2024-11-21,1,2068.0,0.0035619655838421407,45.124378109452735,0.04056892936341767,-0.17576723794340376,4385,0.039324260910370716,0.15388853011024017,0.0967634226693972,17.881030462874584,454.7073498375387,115.65328990930789,4.547980147536368
2024-11-22,1,2097.5,0.024930612564012345,48.861911987860395,0.04064071056887331,-0.1445758564437194,4385,0.039324260910370716,0.15388853011024017,0.0967634226693972,17.881030462874584,454.7073498375387,117.3030829713604,4.61285704035664
2024-11-25,1,2011.0,-0.01001309480441478,45.93437945791725,0.04108510742809029,-0.1584013391922996,4385,0.039324260910370716,0.15388853011024017,0.0967634226693972,17.881030462874584,454.7073498375387,112.46555416229118,4.422624795307367
2024-11-26,1,1911.5,-0.050384516026469046,42.20183486238532,0.0419962551766325,-0.1941399662731872,4385,0.039324260910370716,0.15388853011024017,0.0967634226693972,17.881030462874584,454.7073498375387,106.90099790214798,4.20380273308306
2024-11-27,1,1920.0,-0.039346755793939925,42.04993429697766,0.04150790610030855,-0.1567852437417655,4385,0.039324260910370716,0.15388853011024017,0.0967634226693972,17.881030462874584,454.7073498375387,107.37636200477327,4.2224960750821205
2024-11-28,1,1970.5,-0.010206849438924633,43.0722891566265,0.04099168802757911,-0.09025854108956599,4385,0.039324260910370716,0.15388853011024017,0.0967634226693972,17.881030462874584,454.7073498375387,110.200584026253,4.333556518723604
2024-11-29,1,1947.5,-0.018357595064317146,40.83837510803803,0.040857945155553896,-0.08136792452830188,4385,0.039324260910370716,0.15388853011024017,0.0967634226693972,17.881030462874584,454.7073498375387,108.91430468973748,4.282974534490849
2024-12-02,1,1925.5,-0.02608897970744731,42.018674966651844,0.04085981332005363,-0.08156451228237538,4385,0.039324260910370716,0.15388853011024017,0.0967634226693972,17.881030462874584,454.7073498375387,107.68395054176612,4.234591766963867
2024-12-03,1,1958.0,-0.006998681407850672,40.210912425492886,0.041043336659409256,-0.06315789473684208,4385,0.039324260910370716,0.15388853011024017,0.0967634226693972,17.881030462874584,454.7073498375387,109.50151916945109,4.306066309901454
2024-12-04,1,1948.5,-0.008739978022872524,58.27242524916944,0.04101945074835533,-0.0728051391862955,4385,0.039324260910370716,0.15388853011024017,0.0967634226693972,17.881030462874584,454.7073498375387,108.97022987828163,4.285173751196621
2024-12-05,1,1908.0,-0.024908776843116615,55.04121750158529,0.041033697784169466,-0.10485573539760729,4385,0.039324260910370716,0.15388853011024017,0.0967634226693972,17.881030462874584,454.7073498375387,106.70525974224344,4.196105474612858
2024-12-06,1,1915.5,-0.01616863039168354,53.62982341399608,0.04091880965977032,-0.11298911785135446,4385,0.039324260910370716,0.15388853011024017,0.0967634226693972,17.881030462874584,454.7073498375387,107.12469865632458,4.212599599906147
2024-12-09,1,1907.5,-0.016286073808197667,53.91190006574622,0.040677822846022484,-0.09382422802850354,4385,0.039324260910370716,0.15388853011024017,0.0967634226693972,17.881030462874584,454.7073498375387,106.67729714797137,4.195005866259971
2024-12-10,1,1882.5,-0.02335643728729143,54.73965287049399,0.0400680621426182,-0.13308772737738894,4385,0.039324260910370716,0.15388853011024017,0.0967634226693972,17.881030462874584,454.7073498375387,105.27916743436755,4.140025448615673
2024-12-11,1,1896.0,-0.01782014090343975,56.16710875331565,0.02370263236272491,0.03947368421052633,4385,0.039324260910370716,0.15388853011024017,0.0967634226693972,17.881030462874584,454.7073498375387,106.03415747971361,4.169714874143595
2024-12-12,1,1927.0,-0.0037945759277065658,50.96439169139467,0.023880431504375733,0.053869291769209626,4385,0.039324260910370716,0.15388853011024017,0.0967634226693972,17.881030462874584,454.7073498375387,107.76783832458234,4.2378905920225245
2024-12-13,1,1918.5,-0.009387198711196513,49.51600893521966,0.023711173240079316,0.031451612903225845,4385,0.039324260910370716,0.15388853011024017,0.0967634226693972,17.881030462874584,454.7073498375387,107.29247422195705,4.219197250023463
2024-12-16,1,1886.5,-0.026684277326619283,42.166796570537805,0.023941359142950976,0.02083333333333326,4385,0.039324260910370716,0.15388853011024017,0.0967634226693972,17.881030462874584,454.7073498375387,105.50286818854416,4.148822315438761
2024-12-17,1,1857.0,-0.04280324117028513,41.3292589763178,0.023805840885272152,0.025117306099917247,4385,0.039324260910370716,0.15388853011024017,0.0967634226693972,17.881030462874584,454.7073498375387,103.85307512649166,4.083945422618489
2024-12-18,1,1839.0,-0.05278447370047593,32.775919732441466,0.023878868460544468,0.019966722129783676,4385,0.039324260910370716,0.15388853011024017,0.0967634226693972,17.881030462874584,454.7073498375387,102.84642173269691,4.044359521914594
2024-12-19,1,1833.0,-0.05429668152550768,29.77624784853701,0.02028454487240816,-0.042319749216300995,4385,0.039324260910370716,0.15388853011024017,0.0967634226693972,17.881030462874584,454.7073498375387,102.51087060143199,4.031164221679963
2024-12-20,1,1825.0,-0.056476962527917944,25.647899910634493,0.020234152915547986,-0.051948051948051965,4385,0.039324260910370716,0.15388853011024017,0.0967634226693972,17.881030462874584,454.7073498375387,102.06346909307877,4.013570488033787
2024-12-23,1,1830.0,-0.0508101827838752,31.06694560669456,0.018981951849571372,-0.07901358832410665,4385,0.039324260910370716,0.15388853011024017,0.0967634226693972,17.881030462874584,454.7073498375387,102.34309503579954,4.024566571562646
2024-12-24,1,1795.5,-0.06531109445277362,35.95641646489105,0.019217924168731727,-0.08880994671403197,4385,0.039324260910370716,0.15388853011024017,0.0967634226693972,17.881030462874584,454.7073498375387,100.41367603102626,3.9486935952135145
2024-12-25,1,1780.0,-0.06823844720366837,33.33333333333333,0.017193043134128158,-0.1295843520782396,4385,0.039324260910370716,0.15388853011024017,0.0967634226693972,17.881030462874584,454.7073498375387,99.54683560859189,3.9146057362740496
2024-12-26,1,1772.0,-0.06664138381476097,23.708609271523173,0.01684296044878458,-0.14313346228239843,4385,0.039324260910370716,0.15388853011024017,0.0967634226693972,17.881030462874584,454.7073498375387,99.09943410023867,3.897012002627874
2024-12-27,1,1812.0,-0.03979651316835351,32.82636248415716,0.017334717823032364,-0.1361144219308701,4385,0.039324260910370716,0.15388853011024017,0.0967634226693972,17.881030462874584,454.7073498375387,101.33644164200479,3.984980670858752
2024-12-30,1,1793.0,-0.04545406147850813,33.07790549169859,0.01572311155755287,-0.1084037792143212,4385,0.039324260910370716,0.15388853011024017,0.0967634226693972,17.881030462874584,454.7073498375387,100.27386305966587,3.943195553449085
2025-01-06,1,1720.0,-0.08056790968183375,22.45370370370371,0.014744834757752748,-0.10018310227569971,4385,0.039324260910370716,0.15388853011024017,0.0967634226693972,17.881030462874584,454.7073498375387,96.19132429594272,3.7826527339277334
2025-01-07,1,1720.5,-0.07636063003961906,23.04964539007092,0.014667579945029647,-0.10390624999999998,4385,0.039324260910370716,0.15388853011024017,0.0967634226693972,17.881030462874584,454.7073498375387,96.2192868902148,3.783752342280619
2025-01-08,1,1697.5,-0.08333423334881357,24.04438964241676,0.013304254790219676,-0.13854351687388988,4385,0.039324260910370716,0.15388853011024017,0.0967634226693972,17.881030462874584,454.7073498375387,94.93300755369928,3.7331703580478646
2025-01-09,1,1701.0,-0.0765271775717171,23.28767123287672,0.013337853769051031,-0.1265725288831836,4385,0.039324260910370716,0.15388853011024017,0.0967634226693972,17.881030462874584,454.7073498375387,95.12874571360382,3.7408676165180665
2025-01-10,1,1703.0,-0.07095239653912035,24.146649810366625,0.013337962042804357,-0.11555440145416773,4385,0.039324260910370716,0.15388853011024017,0.0967634226693972,17.881030462874584,454.7073498375387,95.24059609069214,3.74526604992961
2025-01-14,1,1667.5,-0.0845155481377372,23.522167487684726,0.012908593686539457,-0.14836567926455568,4385,0.039324260910370716,0.15388853011024017,0.0967634226693972,17.881030462874584,454.7073498375387,93.2552518973747,3.6671938568747064
2025-01-15,1,1684.5,-0.06978927372327272,24.175824175824175,0.013324123046698848,-0.13548883756735952,4385,0.039324260910370716,0.15388853011024017,0.0967634226693972,17.881030462874584,454.7073498375387,94.2059801026253,3.7045805408728296
2025-01-16,1,1690.0,-0.06223642739823328,19.140625,0.013056682508053667,-0.11425576519916147,4385,0.039324260910370716,0.15388853011024017,0.0967634226693972,17.881030462874584,454.7073498375387,94.51356863961814,3.7166762327545753
2025-01-17,1,1675.5,-0.06530325344758331,18.846153846153854,0.012949062905456095,-0.12529365700861395,4385,0.039324260910370716,0.15388853011024017,0.0967634226693972,17.881030462874584,454.7073498375387,93.70265340572793,3.684787590520882
2025-01-20,1,1740.5,-0.02541044191099072,32.74231678486997,0.015665735626412772,-0.08754914809960679,4385,0.039324260910370716,0.15388853011024017,0.0967634226693972,17.881030462874584,454.7073498375387,97.33779066109786,3.827736676396058
2025-01-21,1,1754.0,-0.015016229208082038,37.34643734643735,0.015690589227522308,-0.06826029216467466,4385,0.039324260910370716,0.15388853011024017,0.0967634226693972,17.881030462874584,454.7073498375387,98.09278070644392,3.8574261019239793
2025-01-22,1,1753.5,-0.012134937804218477,39.024390243902445,0.015565382902181391,-0.07515822784810122,4385,0.039324260910370716,0.15388853011024017,0.0967634226693972,17.881030462874584,454.7073498375387,98.06481811217185,3.8563264935710935
2025-01-23,1,1782.0,0.007212136284506337,43.810679611650485,0.015560368522411732,-0.07524649714582254,4385,0.039324260910370716,0.15388853011024017,0.0967634226693972,17.881030462874584,454.7073498375387,99.6586859856802,3.9190041696855937
2025-01-24,1,1791.5,0.015497460547796072,45.94921402660218,0.01564552360709513,-0.06619755016940321,4385,0.039324260910370716,0.15388853011024017,0.0967634226693972,17.881030462874584,454.7073498375387,100.18997527684965,3.939896728390427
2025-01-27,1,1854.0,0.05170007828188291,52.54777070063694,0.01705058587981086,-0.017227670288894825,4385,0.039324260910370716,0.15388853011024017,0.0967634226693972,17.881030462874584,454.7073498375387,103.68529956085919,4.077347772501173
2025-01-28,1,1920.0,0.08758454270468674,62.388059701492544,0.018202580026455053,0.03392568659127626,4385,0.039324260910370716,0.15388853011024017,0.0967634226693972,17.881030462874584,454.7073498375387,107.37636200477327,4.2224960750821205
2025-01-29,1,1948.5,0.10099674532139952,66.34335596508245,0.018235735164835266,0.05954323001631323,4385,0.039324260910370716,0.15388853011024017,0.0967634226693972,17.881030462874584,454.7073498375387,108.97022987828163,4.285173751196621
2025-01-30,1,1930.5,0.08842731977943907,65.08087535680303,0.01835285460906868,0.05319148936170204,4385,0.039324260910370716,0.15388853011024017,0.0967634226693972,17.881030462874584,454.7073498375387,107.96357648448688,4.2455878504927265
2025-01-31,1,1888.5,0.06322486206508274,57.251184834123215,0.018933893032517465,0.034794520547945185,4385,0.039324260910370716,0.15388853011024017,0.0967634226693972,17.881030462874584,454.7073498375387,105.61471856563247,4.153220748850305
2025-02-03,1,1860.5,0.046741906808745216,56.29077353215284,0.01921145268218841,0.016666666666666607,4385,0.039324260910370716,0.15388853011024017,0.0967634226693972,17.881030462874584,454.7073498375387,104.04881328639618,4.091642681088691
2025-02-04,1,1862.0,0.04602040357736735,65.26881720430109,0.018769156344347036,0.03703703703703698,4385,0.039324260910370716,0.15388853011024017,0.0967634226693972,17.881030462874584,454.7073498375387,104.13270106921242,4.094941506147348
2025-02-05,1,1870.5,0.04866289174188482,65.85623678646934,0.01865389263922262,0.05084269662921348,4385,0.039324260910370716,0.15388853011024017,0.0967634226693972,17.881030462874584,454.7073498375387,104.60806517183772,4.11363484814641
2025-02-06,1,1907.0,0.06589905539097876,71.53134635149024,0.0189136293316155,0.07618510158013536,4385,0.09152092809955256,0.1594583857904338,0.1212072938902518,44.96183243385109,491.2737814999377,42.413751770585044,3.8817459262279845
2025-02-07,1,2307.0,0.27536071645751553,84.31483578708946,0.045417393702823355,0.2731788079470199,4385,0.09152092809955256,0.1594583857904338,0.1212072938902518,44.96183243385109,491.2737814999377,51.310186331798484,4.695955874047174
2025-02-10,0,2361.0,0.28902283224686354,85.18716577540107,0.04526737191239374,0.316787506971556,4385,0.09152092809955256,0.1594583857904338,0.1212072938902518,44.96183243385109,491.2737814999377,52.511204997562295,4.805874217002764
2025-02-12,1,2298.0,0.23898767482234706,82.75324675324676,0.04467021950478482,0.336046511627907,4385,0.09152092809955256,0.1594583857904338,0.1212072938902518,44.96183243385109,491.2737814999377,51.11001655417118,4.677636150221241
2025-02-13,0,2354.0,0.252074379813625,83.42486270594108,0.04465520695757739,0.3682069165940134,4385,0.09152092809955256,0.1594583857904338,0.1212072938902518,44.96183243385109,491.2737814999377,52.355517392741056,4.791625542915928
2025-02-14,0,2389.5,0.2525160397534281,83.90693165293263,0.044303629090470406,0.407658321060383,4385,0.09152092809955256,0.1594583857904338,0.1212072938902518,44.96183243385109,491.2737814999377,53.14507596004875,4.863886675784881
2025-02-17,1,2333.0,0.20690725489384598,80.62412668840241,0.044901483373048966,0.37154614932392716,4385,0.09152092809955256,0.1594583857904338,0.1212072938902518,44.96183243385109,491.2737814999377,51.888454578277354,4.748879520655421
2025-02-18,1,2292.0,0.17141980987427174,76.27441638875655,0.04527252269731666,0.34586024662360537,4385,0.09152092809955256,0.1594583857904338,0.1212072938902518,44.96183243385109,491.2737814999377,50.97657003575298,4.665423001003954
2025-02-19,1,2310.0,0.1653130202290269,76.37571157495256,0.04474355984055782,0.3853073463268366,4385,0.09152092809955256,0.1594583857904338,0.1212072938902518,44.96183243385109,491.2737814999377,51.37690959100758,4.702062448655817
2025-02-20,1,2253.0,0.12366835574352633,72.4898694281855,0.04540532865690331,0.33748886910062326,4385,0.09152092809955256,0.1594583857904338,0.1212072938902518,44.96183243385109,491.2737814999377,50.109167666034665,4.586037531091583
2025-02-21,1,2299.5,0.13308235850637123,72.92866637128932,0.04538957440012111,0.36065088757396446,4385,0.09152092809955256,0.1594583857904338,0.1212072938902518,44.96183243385109,491.2737814999377,51.14337818377573,4.680689437525563
2025-02-25,1,2335.5,0.1360430387874424,73.54978354978356,0.04516130904008063,0.3939122649955238,4385,0.09152092809955256,0.1594583857904338,0.1212072938902518,44.96183243385109,491.2737814999377,51.94405729428494,4.753968332829291
2025-02-26,1,2317.0,0.11454244593242509,70.83708370837084,0.045070104906777826,0.33122665900603265,4385,0.09152092809955256,0.1594583857904338,0.1212072938902518,44.96183243385109,491.2737814999377,51.53259719582882,4.7163111227426535
2025-02-27,0,2392.5,0.1368928255766434,71.0843373493976,0.04523703565829063,0.3640250855188141,4385,0.09152092809955256,0.1594583857904338,0.1212072938902518,44.96183243385109,491.2737814999377,53.211799219257855,4.8699932503935255
2025-02-28,1,2339.0,0.09923678472065561,67.04495853339154,0.04572774541269102,0.33390362132877094,4385,0.09152092809955256,0.1594583857904338,0.1212072938902518,44.96183243385109,491.2737814999377,52.02190109669556,4.761092669872709
2025-03-03,1,2374.0,0.10340596415557374,69.0752688172043,0.04572406063732614,0.3322109988776656,4385,0.09152092809955256,0.1594583857904338,0.1212072938902518,44.96183243385109,491.2737814999377,52.80033912080173,4.832336040306887
2025-03-04,1,2320.5,0.06803578990003138,68.39863713798978,0.04624150506381683,0.2952832821657829,4385,0.09152092809955256,0.1594583857904338,0.1212072938902518,44.96183243385109,491.2737814999377,51.61044099823943,4.723435459786071
2025-03-05,1,2323.0,0.06003358522250207,70.13495864170658,0.046017774048467144,0.2529665587918015,4385,0.09152092809955256,0.1594583857904338,0.1212072938902518,44.96183243385109,491.2737814999377,51.66604371424702,4.728524271959941
2025-03-06,0,2472.0,0.11677328418085223,73.53395061728395,0.047022953052006794,0.2875000000000001,4385,0.09152092809955256,0.1594583857904338,0.1212072938902518,44.96183243385109,491.2737814999377,54.979965588299024,5.031817477522589
2025-03-07,1,2376.0,0.0651747047905964,68.26888326707626,0.04806000141810104,0.21939953810623547,4385,0.09152092809955256,0.1594583857904338,0.1212072938902518,44.96183243385109,491.2737814999377,52.8448212936078,4.8364070900459835
2025-03-10,1,2373.5,0.055667737086027846,67.28417932567618,0.04795853064267405,0.22947422947422957,4385,0.09152092809955256,0.1594583857904338,0.1212072938902518,44.96183243385109,491.2737814999377,52.78921857760022,4.831318277872113
2025-03-11,1,2335.5,0.030570730114463825,51.443037974683534,0.04781704723890953,0.23669579030976973,4385,0.09152092809955256,0.1594583857904338,0.1212072938902518,44.96183243385109,491.2737814999377,51.94405729428494,4.753968332829291
2025-03-12,1,2402.0,0.04988023847404579,52.050000000000004,0.047682002283563805,0.2910507927976351,4385,0.09152092809955256,0.1594583857904338,0.1212072938902518,44.96183243385109,491.2737814999377,53.42308954008667,4.889330736654231
2025-03-13,1,2373.5,0.028228077319632224,53.909891248058,0.04786479172318322,0.2747046186895812,4385,0.09152092809955256,0.1594583857904338,0.1212072938902518,44.96183243385109,491.2737814999377,52.78921857760022,4.831318277872113
2025-03-14,1,2456.5,0.05348703565516463,55.16372795969774,0.048086665726471314,0.31328521785618824,4385,0.09152092809955256,0.1594583857904338,0.1212072938902518,44.96183243385109,491.2737814999377,54.635228749052004,5.000266842044596
2025-03-17,1,2444.5,0.03876291813978778,52.83797729618163,0.04817475853514603,0.2818563188253802,4385,0.09152092809955256,0.1594583857904338,0.1212072938902518,44.96183243385109,491.2737814999377,54.3683357122156,4.97584054361002
2025-03-18,1,2575.0,0.0892554991539763,61.601150527325025,0.026625431586915965,0.11616818378846983,4385,0.09152092809955256,0.1594583857904338,0.1212072938902518,44.96183243385109,491.2737814999377,57.270797487811485,5.2414765390860305
2025-03-19,1,2451.0,0.03522554485554996,57.06039076376554,0.02832759467331606,0.03811944091486663,4385,0.09152092809955256,0.1594583857904338,0.1212072938902518,44.96183243385109,491.2737814999377,54.512902773835314,4.989071455262081
2025-03-21,1,2633.5,0.1060385885040865,62.53390158853158,0.031159270626107377,0.14599651871192343,4385,0.09152092809955256,0.1594583857904338,0.1212072938902518,44.96183243385109,491.2737814999377,58.571901042388944,5.360554743954586
2025-03-24,1,2640.0,0.10346672462653501,65.60483870967741,0.03092612624560303,0.12149532710280364,4385,0.09152092809955256,0.1594583857904338,0.1212072938902518,44.96183243385109,491.2737814999377,58.71646810400866,5.373785655606649
2025-03-25,1,2623.0,0.0920975934715629,63.36224700536968,0.030934776675099834,0.0977191881146684,4385,0.09152092809955256,0.1594583857904338,0.1212072938902518,44.96183243385109,491.2737814999377,58.33836963515709,5.339181732824333
2025-03-26,1,2576.5,0.06840442207054415,59.86895986895987,0.03073492937804408,0.10437205315045017,4385,0.09152092809955256,0.1594583857904338,0.1212072938902518,44.96183243385109,491.2737814999377,57.304159117416035,5.244529826390353
2025-03-27,1,2477.5,0.024200482852134785,56.16596235113331,0.031626721607448706,0.08093368237347298,4385,0.09152092809955256,0.1594583857904338,0.1212072938902518,44.96183243385109,491.2737814999377,55.102291563515706,5.043012864305103
2025-03-28,1,2481.0,0.02275537966856287,53.5990239934933,0.0316167876821085,0.0740259740259741,4385,0.09152092809955256,0.1594583857904338,0.1212072938902518,44.96183243385109,491.2737814999377,55.180135365926326,5.05013720134852
2025-03-31,1,2355.0,-0.030816336609215313,50.614439324116745,0.0329823649813752,0.045272969374167804,4385,0.09152092809955256,0.1594583857904338,0.1212072938902518,44.96183243385109,491.2737814999377,52.37775847914409,4.793661067785476
2025-04-01,1,2326.5,-0.04297067825056769,48.16673099189502,0.03287323079160616,0.011741682974559797,4385,0.09152092809955256,0.1594583857904338,0.1212072938902518,44.96183243385109,491.2737814999377,51.74388751665764,4.735648609003359
2025-04-02,1,2305.0,-0.05133882637648464,49.38662445587653,0.032787112800635565,-0.013059302076643076,4385,0.09152092809955256,0.1594583857904338,0.1212072938902518,44.96183243385109,491.2737814999377,51.26570415899241,4.691884824308078
2025-04-03,1,2263.5,-0.06759762728620856,47.715930902111324,0.03295001938627171,-0.023090202848511043,4385,0.09152092809955256,0.1594583857904338,0.1212072938902518,44.96183243385109,491.2737814999377,50.34269907326652,4.607410542221837
2025-04-04,1,2159.5,-0.10700994094976603,37.57455268389662,0.033412566115422426,-0.09738766980146285,4385,0.09152092809955256,0.1594583857904338,0.1212072938902518,44.96183243385109,491.2737814999377,48.029626087351026,4.395715955788847
2025-04-07,1,1951.0,-0.18801711365263288,34.48905109489051,0.038115489884892294,-0.1658828559213339,4385,0.09152092809955256,0.1594583857904338,0.1212072938902518,44.96183243385109,491.2737814999377,43.392359572318526,3.971309020488095
2025-04-08,1,2178.5,-0.09037387157924627,43.887147335423194,0.04525580132370165,-0.08235046335299079,4385,0.09152092809955256,0.1594583857904338,0.1212072938902518,44.96183243385109,491.2737814999377,48.452206729008665,4.434390928310259
2025-04-09,1,2052.5,-0.13913145598979954,41.592394533571,0.04644339978770684,-0.11549235078646847,4385,0.09152092809955256,0.1594583857904338,0.1212072938902518,44.96183243385109,491.2737814999377,45.64982984222643,4.177914794747214
2025-04-10,1,2223.5,-0.06585050247033904,45.00699300699301,0.04961284312160097,-0.042832544123977634,4385,0.09152092809955256,0.1594583857904338,0.1212072938902518,44.96183243385109,491.2737814999377,49.453055617145175,4.525989547439917
2025-04-11,1,2254.0,-0.04955471596275805,46.66107851355127,0.04786602658373263,-0.0881877022653722,4385,0.09152092809955256,0.1594583857904338,0.1212072938902518,44.96183243385109,491.2737814999377,50.1314087524377,4.588073055961131
2025-04-14,1,2240.0,-0.05328644847173381,43.708224353385646,0.04727816656298252,-0.0572390572390572,4385,0.09152092809955256,0.1594583857904338,0.1212072938902518,44.96183243385109,491.2737814999377,49.82003354279523,4.5595757077874595
2025-04-15,1,2294.0,-0.02915908417622417,45.730496453900706,0.04755059054253949,-0.03349483884558668,4385,0.09152092809955256,0.1594583857904338,0.1212072938902518,44.96183243385109,491.2737814999377,51.02105220855904,4.66949405074305
2025-04-16,1,2200.0,-0.06680014252506915,39.13673232908459,0.04815283562926071,-0.058017555127381715,4385,0.09152092809955256,0.1594583857904338,0.1212072938902518,44.96183243385109,491.2737814999377,48.93039008667389,4.478154713005541
2025-04-17,1,2255.0,-0.0410784146963769,44.085697042848516,0.04806831450141603,-0.061199000832639516,4385,0.09152092809955256,0.1594583857904338,0.1212072938902518,44.96183243385109,491.2737814999377,50.153649838840735,4.5901085808306785
2025-04-18,1,2320.0,-0.012539051526733819,39.81812276713218,0.04838802655164165,-0.022540551927533126,4385,0.09152092809955256,0.1594583857904338,0.1212072938902518,44.96183243385109,491.2737814999377,51.59932045503792,4.722417697351297
2025-04-21,1,2322.0,-0.009419473738097645,39.641693811074916,0.04784460651740071,-0.054752696926521516,4385,0.09152092809955256,0.1594583857904338,0.1212072938902518,44.96183243385109,491.2737814999377,51.64380262784398,4.726488747090393
2025-04-22,1,2320.0,-0.008165533752297853,40.0328947368421,0.04783833936916352,-0.050930660666803074,4385,0.09152092809955256,0.1594583857904338,0.1212072938902518,44.96183243385109,491.2737814999377,51.59932045503792,4.722417697351297
2025-04-23,1,2382.0,0.021712462146882914,43.66655812438945,0.04686255743296617,-0.07495145631067957,4385,0.09152092809955256,0.1594583857904338,0.1212072938902518,44.96183243385109,491.2737814999377,52.978267812026,4.848620239263272
2025-04-24,1,2309.5,-0.006974184338613333,44.433399602385684,0.04626673426315306,-0.05773153814769483,4385,0.09152092809955256,0.1594583857904338,0.1212072938902518,44.96183243385109,491.2737814999377,51.36578904780607,4.701044686221043
2025-04-25,1,2290.5,-0.009299307958477509,43.75204985241062,0.04349301638738417,-0.13024492120751852,4385,0.09152092809955256,0.1594583857904338,0.1212072938902518,44.96183243385109,491.2737814999377,50.94320840614843,4.662369713699632
2025-04-28,1,2318.5,0.008420539854032433,48.720644935155974,0.04360335811839777,-0.12178030303030307,4385,0.09152092809955256,0.1594583857904338,0.1212072938902518,44.96183243385109,491.2737814999377,51.56595882543337,4.719364410046976
2025-04-30,0,2299.5,0.005817513778322187,49.047282992237115,0.043608395399689456,-0.12333206252382767,4385,0.09152092809955256,0.1594583857904338,0.1212072938902518,44.96183243385109,491.2737814999377,51.14337818377573,4.680689437525563
2025-05-01,0,2303.5,0.012402869097429678,49.946409431939976,0.04353329495124356,-0.10595769454686588,4385,0.09152092809955256,0.1594583857904338,0.1212072938902518,44.96183243385109,491.2737814999377,51.232342529387864,4.688831537003756
2025-05-02,0,2265.0,-0.0007852548549044018,50.05370569280343,0.043022602618529866,-0.08577194752774975,4385,0.09152092809955256,0.1594583857904338,0.1212072938902518,44.96183243385109,491.2737814999377,50.37606070287107,4.610463829526159
2025-05-07,0,2311.5,0.022787610619469028,55.67587752053772,0.04326798408499285,-0.06831922611850061,4385,0.13804139359211193,0.1624727345023963,0.14115654521854415,71.36525132235577,516.9844310122481,32.38971288083873,4.471121104119356
2025-05-08,0,2398.0,0.06025502714748077,68.36483155299918,0.04271153469717841,0.018259023354564752,4385,0.13804139359211193,0.1624727345023963,0.14115654521854415,71.36525132235577,516.9844310122481,33.601787362427544,4.638437554695313
2025-05-09,0,2385.5,0.0536288470372072,60.32934131736528,0.0426416779627602,0.025359982806791415,4385,0.13804139359211193,0.1624727345023963,0.14115654521854415,71.36525132235577,516.9844310122481,33.42663209052165,4.614258876866417
2025-05-12,0,2345.0,0.035009357014229796,65.95744680851064,0.04275356797784703,0.017353579175704903,4385,0.13804139359211193,0.1624727345023963,0.14115654521854415,71.36525132235577,516.9844310122481,32.859129009546535,4.535919960700796
2025-05-13,0,2341.5,0.03204337094499286,57.87716955941255,0.04256591766368789,0.0344599072233267,4385,0.13804139359211193,0.1624727345023963,0.14115654521854415,71.36525132235577,516.9844310122481,32.81008553341289,4.529149930908705
2025-05-14,0,2300.0,0.011246823365957002,53.02631578947367,0.04159857935034314,0.06506135679555447,4385,0.13804139359211193,0.1624727345023963,0.14115654521854415,71.36525132235577,516.9844310122481,32.228570030685304,4.448876720516772
2025-05-15,0,2301.5,0.005706944468721026,54.113712374581944,0.03604433305936939,0.1796514607893387,4385,0.13804139359211193,0.1624727345023963,0.14115654521854415,71.36525132235577,516.9844310122481,32.24958866331401,4.4517781618562395
2025-05-16,0,2343.5,0.021115100390407156,53.36505778382053,0.028101486423496493,0.07574018820289186,4385,0.13804139359211193,0.1624727345023963,0.14115654521854415,71.36525132235577,516.9844310122481,32.83811037691783,4.533018519361328
2025-05-19,0,2398.0,0.03860779778765273,64.22413793103448,0.025289973348920424,0.1683313032886724,4385,0.13804139359211193,0.1624727345023963,0.14115654521854415,71.36525132235577,516.9844310122481,33.601787362427544,4.638437554695313
2025-05-20,0,2364.5,0.02160293799956794,58.117123795404005,0.019894210865056525,0.06341353721610066,4385,0.13804139359211193,0.1624727345023963,0.14115654521854415,71.36525132235577,516.9844310122481,33.13237123371974,4.573638698113873
2025-05-21,0,2385.0,0.02813246312086709,55.15873015873016,0.01980264565668723,0.05811889973380646,4385,0.13804139359211193,0.1624727345023963,0.14115654521854415,71.36525132235577,516.9844310122481,33.41962587964541,4.613291729753262
2025-05-22,0,2400.0,0.031752173128014705,56.06531881804043,0.019732519229955572,0.0714285714285714,4385,0.13804139359211193,0.1624727345023963,0.14115654521854415,71.36525132235577,516.9844310122481,33.62981220593249,4.642306143147937
2025-05-23,0,2322.0,-0.002260168610297181,50.13908205841446,0.020438830255345198,0.012205754141237923,4385,0.13804139359211193,0.1624727345023963,0.14115654521854415,71.36525132235577,516.9844310122481,32.536843309239686,4.491431193495629
2025-05-26,0,2351.0,0.007585822654609273,47.74052478134111,0.01861348639295269,0.0686363636363636,4385,0.13804139359211193,0.1624727345023963,0.14115654521854415,71.36525132235577,516.9844310122481,32.94320354006137,4.547525726058666
2025-05-27,0,2389.5,0.021730206783313735,56.13496932515338,0.01826199053173478,0.059645232815964455,4385,0.13804139359211193,0.1624727345023963,0.14115654521854415,71.36525132235577,516.9844310122481,33.48268177753153,4.621996053771664
2025-05-28,0,2374.0,0.01416585499222495,56.437933693138014,0.017488658854097363,0.02327586206896548,4385,0.13804139359211193,0.1624727345023963,0.14115654521854415,71.36525132235577,516.9844310122481,33.26548924036822,4.592014493263834
2025-05-29,0,2346.0,0.0017934921854982568,52.120277563608326,0.017677027358875146,0.010335917312661591,4385,0.13804139359211193,0.1624727345023963,0.14115654521854415,71.36525132235577,516.9844310122481,32.87314143129901,4.537854254927108
2025-05-30,0,2392.5,0.02038640337783093,56.87869822485208,0.0180868971833571,0.03125,4385,0.13804139359211193,0.1624727345023963,0.14115654521854415,71.36525132235577,516.9844310122481,33.52471904278895,4.627798936450599
2025-06-02,0,2376.5,0.013657612775540838,55.30523255813954,0.017356475607177874,-0.0023089840470192913,4385,0.13804139359211193,0.1624727345023963,0.14115654521854415,71.36525132235577,516.9844310122481,33.300520294749404,4.596850228829613
2025-06-03,0,2396.0,0.0204690068741109,59.790732436472354,0.016211012843112074,0.03745399437107588,4385,0.13804139359211193,0.1624727345023963,0.14115654521854415,71.36525132235577,516.9844310122481,33.5737625189226,4.63456896624269
2025-06-04,0,2470.0,0.04877883080267677,61.378320172290024,0.01708697136342282,0.07836716874044969,4385,0.13804139359211193,0.1624727345023963,0.14115654521854415,71.36525132235577,516.9844310122481,34.61068172860552,4.777706738989751
2025-06-05,0,2491.0,0.0546058035071676,57.36925515055468,0.01702080319923484,0.07440155272805704,4385,0.13804139359211193,0.1624727345023963,0.14115654521854415,71.36525132235577,516.9844310122481,34.90494258540743,4.818326917742295
2025-06-06,0,2600.0,0.09517952519755356,64.74226804123711,0.018685437743873653,0.1306805827353772,4385,0.13804139359211193,0.1624727345023963,0.14115654521854415,71.36525132235577,516.9844310122481,36.43229655642686,5.0291649884102645
2025-06-09,0,2538.5,0.06505722820796829,62.92585170340681,0.019545623280368084,0.10201866724549591,4385,0.13804139359211193,0.1624727345023963,0.14115654521854415,71.36525132235577,516.9844310122481,35.57053261864984,4.9102058934920985
2025-06-10,0,2544.0,0.062390378351290444,63.49100599600266,0.01906779877002398,0.12317880794701996,4385,0.13804139359211193,0.1624727345023963,0.14115654521854415,71.36525132235577,516.9844310122481,35.64760093828844,4.920844511736813
2025-06-11,0,2563.5,0.06604620989071318,68.08510638297872,0.0187981587001315,0.10902011680726797,4385,0.13804139359211193,0.1624727345023963,0.14115654521854415,71.36525132235577,516.9844310122481,35.920843162461644,4.95856324914989
2025-06-12,0,2563.5,0.06311947911914727,68.01925722145805,0.01749708375951037,0.06901584653878223,4385,0.13804139359211193,0.1624727345023963,0.14115654521854415,71.36525132235577,516.9844310122481,35.920843162461644,4.95856324914989
2025-06-13,0,2563.5,0.05998957997370181,66.05839416058394,0.01742830374206852,0.074617480612031,4385,0.13804139359211193,0.1624727345023963,0.14115654521854415,71.36525132235577,516.9844310122481,35.920843162461644,4.95856324914989
2025-06-16,0,2680.5,0.10225179288111054,68.89632107023411,0.018873140604733173,0.1430703624733476,4385,0.13804139359211193,0.1624727345023963,0.14115654521854415,71.36525132235577,516.9844310122481,37.56029650750085,5.184875673628351
2025-06-17,0,2683.5,0.09731263698518107,72.24546722454673,0.018839832643875707,0.14606021780909684,4385,0.13804139359211193,0.1624727345023963,0.14115654521854415,71.36525132235577,516.9844310122481,37.602333772758264,5.190678556307287
2025-06-18,0,2808.0,0.1387600168705187,75.76126674786846,0.019863646738283853,0.22086956521739132,4385,0.13804139359211193,0.1624727345023963,0.14115654521854415,71.36525132235577,516.9844310122481,39.346880280941015,5.431498187483085
2025-06-19,0,2858.0,0.14866765805232912,76.75233644859813,0.01988825487388961,0.241798826852053,4385,0.13804139359211193,0.1624727345023963,0.14115654521854415,71.36525132235577,516.9844310122481,40.0475013685646,5.528212898798667
2025-06-20,0,2775.0,0.10762525146086785,76.30662020905923,0.02116854240538551,0.18412630680605924,4385,0.13804139359211193,0.1624727345023963,0.14115654521854415,71.36525132235577,516.9844310122481,38.88447036310944,5.367666478014801
2025-06-23,0,2740.0,0.08771595528455287,72.43367935409458,0.021236029364820084,0.1426188490408673,4385,0.13804139359211193,0.1624727345023963,0.14115654521854415,71.36525132235577,516.9844310122481,38.39403560177293,5.299966180093894
2025-06-24,0,2686.0,0.06086338322998535,66.79886685552408,0.021485469834866294,0.13596954958765073,4385,0.13804139359211193,0.1624727345023963,0.14115654521854415,71.36525132235577,516.9844310122481,37.63736482713944,5.1955142918730655
2025-06-25,0,2627.0,0.033609014864769186,63.66090712742981,0.022150528066647978,0.10146750524109005,4385,0.13804139359211193,0.1624727345023963,0.14115654521854415,71.36525132235577,516.9844310122481,36.8106319437436,5.081390932520678
2025-06-26,0,2607.0,0.02240907343932603,64.2156862745098,0.022267655565124802,0.08624999999999994,4385,0.13804139359211193,0.1624727345023963,0.14115654521854415,71.36525132235577,516.9844310122481,36.530383508694165,5.0427050479944455
2025-06-27,0,2611.0,0.019356450718741917,62.478583666476304,0.020974637298324533,0.12446167097329885,4385,0.13804139359211193,0.1624727345023963,0.14115654521854415,71.36525132235577,516.9844310122481,36.58643319570405,5.050442224899692
2025-06-30,0,2674.0,0.03871283513444217,66.12466124661248,0.021276843799613403,0.1373883453849425,4385,0.13804139359211193,0.1624727345023963,0.14115654521854415,71.36525132235577,516.9844310122481,37.469215766109784,5.172302761157326
2025-07-01,0,2622.5,0.01503293777044973,61.86485070717653,0.021698811616852193,0.0975099393178489,4385,0.13804139359211193,0.1624727345023963,0.14115654521854415,71.36525132235577,516.9844310122481,36.74757604585748,5.072686608502276
2025-07-02,0,2544.0,-0.017935038564579276,53.85818561001042,0.0226544544843664,0.07160909856781794,4385,0.13804139359211193,0.1624727345023963,0.14115654521854415,71.36525132235577,516.9844310122481,35.64760093828844,4.920844511736813
2025-07-03,0,2564.0,-0.013535037973514661,53.81002087682673,0.022459341177317634,0.09292412617220802,4385,0.13804139359211193,0.1624727345023963,0.14115654521854415,71.36525132235577,516.9844310122481,35.92784937333788,4.9595303962630455
2025-07-04,0,2611.0,0.001181017822632568,50.61383928571429,0.022416987142618534,0.09132706374085675,4385,0.13804139359211193,0.1624727345023963,0.14115654521854415,71.36525132235577,516.9844310122481,36.58643319570405,5.050442224899692
2025-07-07,0,2585.5,-0.011764795816961562,52.73255813953488,0.02248501897026102,0.08794445613296875,4385,0.13804139359211193,0.1624727345023963,0.14115654521854415,71.36525132235577,516.9844310122481,36.229116441016025,5.001117722128746
2025-07-08,0,2615.0,-0.003824703623563818,54.015837104072396,0.02252136480874573,0.09140233722871449,4385,0.13804139359211193,0.1624727345023963,0.14115654521854415,71.36525132235577,516.9844310122481,36.64248288271394,5.058179401804939
2025-07-09,0,2616.0,-0.0056559022076263865,53.03292894280763,0.02180468544258326,0.059109311740890735,4385,0.13804139359211193,0.1624727345023963,0.14115654521854415,71.36525132235577,516.9844310122481,36.65649530446641,5.060113696031251
2025-07-10,0,2559.0,-0.02832624544349936,49.75609756097561,0.022294858448204162,0.027298273785628213,4385,0.13804139359211193,0.1624727345023963,0.14115654521854415,71.36525132235577,516.9844310122481,35.85778726457552,4.949858925131487
2025-07-11,0,2558.0,-0.028085960059576306,49.7022198159177,0.020466399429694266,-0.016153846153846185,4385,0.13804139359211193,0.1624727345023963,0.14115654521854415,71.36525132235577,516.9844310122481,35.843774842823045,4.947924630905176
2025-07-14,0,2420.0,-0.07886022274834607,36.209634727368986,0.022675067186877552,-0.04668111089225924,4385,0.13804139359211193,0.1624727345023963,0.14115654521854415,71.36525132235577,516.9844310122481,33.910060640981925,4.680992027674169
2025-07-15,0,2428.5,-0.07399640046366907,36.57894736842105,0.0226861335524841,-0.04540094339622647,4385,0.13804139359211193,0.1624727345023963,0.14115654521854415,71.36525132235577,516.9844310122481,34.02916622587794,4.697433528597818
2025-07-16,0,2376.0,-0.09141664053597238,25.398633257403176,0.022941844005782138,-0.07314218841427733,4385,0.13804139359211193,0.1624727345023963,0.14115654521854415,71.36525132235577,516.9844310122481,33.29351408387316,4.595883081716457
2025-07-17,0,2423.0,-0.07144828009074745,25.142857142857153,0.023378714335563437,-0.05480787985176516,4385,0.13804139359211193,0.1624727345023963,0.14115654521854415,71.36525132235577,516.9844310122481,33.952097906239345,4.686794910353104
2025-07-18,0,2375.5,-0.08702035419997543,26.206075044669447,0.023636540089867212,-0.07333723425004879,4385,0.13804139359211193,0.1624727345023963,0.14115654521854415,71.36525132235577,516.9844310122481,33.28650787299693,4.594915934603301
2025-07-22,0,2431.5,-0.061906819549684425,32.074375363160954,0.022116378225618225,-0.09289311695579183,4385,0.13804139359211193,0.1624727345023963,0.14115654521854415,71.36525132235577,516.9844310122481,34.07120349113536,4.703236411276753
2025-07-23,0,2448.5,-0.05190973297813021,35.57984213721919,0.022200240642825705,-0.08757220048444192,4385,0.13804139359211193,0.1624727345023963,0.14115654521854415,71.36525132235577,516.9844310122481,34.309414660927374,4.736119413124051
2025-07-24,0,2416.0,-0.05877953001308986,36.76286072772899,0.019686494437690296,-0.13960113960113962,4385,0.13804139359211193,0.1624727345023963,0.14115654521854415,71.36525132235577,516.9844310122481,33.85401095397204,4.673254850768923
2025-07-25,0,2347.0,-0.0783211071142458,34.63356973995272,0.019552667478670367,-0.17879636109167252,4385,0.13804139359211193,0.1624727345023963,0.14115654521854415,71.36525132235577,516.9844310122481,32.88715385305148,4.539788549153419
2023-10-12,1,1300.5,0.011857522991456988,41.607324516785354,0.0225625234317095,-0.06304034582132567,4443,0.001861920011916288,0.42456916996047434,0.015991471215351813,0.19915486323589435,106.96209394673414,6530.09411304,12.15851290876592
2023-10-13,1,1250.0,-0.022505825865277822,39.10133843212237,0.023305713973737444,-0.11473087818696881,4443,0.001861920011916288,0.42456916996047434,0.015991471215351813,0.19915486323589435,106.96209394673414,6276.5226,11.68638303418485
2023-10-16,1,1120.0,-0.11657990219277485,32.38321456848773,0.03063156387801602,-0.19684474722122625,4443,0.001861920011916288,0.42456916996047434,0.015991471215351813,0.19915486323589435,106.96209394673414,5623.7642496,10.470999198629626
2023-10-17,1,1150.0,-0.08551616648376988,34.659525631216525,0.03125823774692085,-0.18236757909704937,4443,0.001861920011916288,0.42456916996047434,0.015991471215351813,0.19915486323589435,106.96209394673414,5774.400792,10.751472391450063
2023-10-18,1,1188.0,-0.04928055826757785,39.330855018587364,0.032254802915836864,-0.14347512617159341,4443,0.001861920011916288,0.42456916996047434,0.015991471215351813,0.19915486323589435,106.96209394673414,5965.20707904,11.106738435689282
2023-10-19,1,1143.0,-0.07821093888611108,38.22254335260116,0.03288235652232965,-0.17353579175704992,4443,0.001861920011916288,0.42456916996047434,0.015991471215351813,0.19915486323589435,106.96209394673414,5739.25226544,10.686028646458627
2023-10-20,1,1102.0,-0.10370069133794226,38.084953203743694,0.033363935192630895,-0.1920821114369502,4443,0.001861920011916288,0.42456916996047434,0.015991471215351813,0.19915486323589435,106.96209394673414,5533.38232416,10.302715282937365
2023-10-23,1,1100.0,-0.09821282177406129,39.21423276501112,0.03334445338534258,-0.18063314711359402,4443,0.001861920011916288,0.42456916996047434,0.015991471215351813,0.19915486323589435,106.96209394673414,5523.339888,10.284017070082669
2023-10-24,1,1160.0,-0.043046412249005975,42.45614035087719,0.03550117055310943,-0.14105886708626436,4443,0.001861920011916288,0.42456916996047434,0.015991471215351813,0.19915486323589435,106.96209394673414,5824.6129728,10.84496345572354
2023-10-25,1,1151.5,-0.04438247937725109,44.25749817117776,0.03545853930957488,-0.1351858805858055,4443,0.001861920011916288,0.42456916996047434,0.015991471215351813,0.19915486323589435,106.96209394673414,5781.93261912,10.765496051091084
2023-10-26,1,1135.5,-0.05229685517793957,43.24517512508935,0.03538774669081966,-0.13055130168453288,4443,0.001861920011916288,0.42456916996047434,0.015991471215351813,0.19915486323589435,106.96209394673414,5701.59312984,10.615910348253518
2023-10-27,1,1164.0,-0.02514195742114871,44.7075208913649,0.035495961865402686,-0.08165680473372783,4443,0.001861920011916288,0.42456916996047434,0.015991471215351813,0.19915486323589435,106.96209394673414,5844.69784512,10.882359881432933
2023-10-30,1,1156.5,-0.028526787964316343,42.82685512367491,0.03537619076481671,-0.07145724608590931,4443,0.001861920011916288,0.42456916996047434,0.015991471215351813,0.19915486323589435,106.96209394673414,5807.03870952,10.812241583227824
2023-10-31,1,1189.0,0.0014149513189368188,48.412698412698404,0.0356825065699657,-0.06193293885601581,4443,0.001861920011916288,0.42456916996047434,0.015991471215351813,0.19915486323589435,106.96209394673414,5970.22829712,11.11608754211663
2023-11-01,1,1203.0,0.014128675478823838,50.799418604651166,0.03530369393047418,-0.02195121951219514,4443,0.001861920011916288,0.42456916996047434,0.015991471215351813,0.19915486323589435,106.96209394673414,6040.52535024,11.2469750320995
2023-11-02,1,1278.0,0.07561271209264737,58.47107438016529,0.03746010480555773,0.039024390243902474,4443,0.001861920011916288,0.42456916996047434,0.015991471215351813,0.19915486323589435,106.96209394673414,6417.11670624,11.948158014150591
2023-11-06,1,1356.0,0.13682092555331996,60.224274406332455,0.03925907609151494,0.09354838709677415,4443,0.001861920011916288,0.42456916996047434,0.015991471215351813,0.19915486323589435,106.96209394673414,6808.77171648,12.677388315483727
2023-11-07,1,1344.0,0.12352036380659398,59.3628088426528,0.03928467696681383,0.06836248012718604,4443,0.001861920011916288,0.42456916996047434,0.015991471215351813,0.19915486323589435,106.96209394673414,6748.51709952,12.565199038355551
2023-11-08,1,1377.0,0.14475259377494004,59.72938144329897,0.03855283904730105,0.13707679603633371,4443,0.001861920011916288,0.42456916996047434,0.015991471215351813,0.19915486323589435,106.96209394673414,6914.21729616,12.87371955045803
2023-11-09,1,1400.0,0.15587846763540286,60.69182389937107,0.03834163536433357,0.17449664429530198,4443,0.001861920011916288,0.42456916996047434,0.015991471215351813,0.19915486323589435,106.96209394673414,7029.705312,13.088748998287032
2023-11-10,1,1353.0,0.10981691712054607,53.402462734931945,0.03844993060403741,0.17142857142857149,4443,0.001861920011916288,0.42456916996047434,0.015991471215351813,0.19915486323589435,106.96209394673414,6793.70806224,12.649340996201682
2023-11-13,1,1364.0,0.11288796057569914,57.78688524590164,0.037842567643524165,0.1357202331390508,4443,0.001861920011916288,0.42456916996047434,0.015991471215351813,0.19915486323589435,106.96209394673414,6848.94146112,12.75218116690251
2023-11-14,1,1354.0,0.09920441630134766,69.11764705882354,0.03791229667495371,0.1283333333333334,4443,0.001861920011916288,0.42456916996047434,0.015991471215351813,0.19915486323589435,106.96209394673414,6798.72928032,12.65869010262903
2023-11-15,0,1406.0,0.13478611783696529,70.18927444794953,0.03835414224484791,0.1468189233278956,4443,0.001861920011916288,0.42456916996047434,0.015991471215351813,0.19915486323589435,106.96209394673414,7059.83262048,13.14484363685112
2023-11-16,1,1407.0,0.12914098613251163,68.34170854271356,0.038365708244137986,0.14390243902439015,4443,0.001861920011916288,0.42456916996047434,0.015991471215351813,0.19915486323589435,106.96209394673414,7064.85383856,13.154192743278468
2023-11-17,1,1395.0,0.11612500600067216,72.34042553191489,0.036937377795518686,0.0726643598615917,4443,0.001861920011916288,0.42456916996047434,0.015991471215351813,0.19915486323589435,106.96209394673414,7004.5992216,13.042003466150293
2023-11-20,1,1454.0,0.15578448673312031,80.2405498281787,0.03662799207669657,0.1632,4443,0.001861920011916288,0.42456916996047434,0.015991471215351813,0.19915486323589435,106.96209394673414,7300.85108832,13.593600745363819
2023-11-21,1,1475.0,0.15939067142475355,81.19800332778702,0.02845910137000529,0.3169642857142858,4443,0.001861920011916288,0.42456916996047434,0.015991471215351813,0.19915486323589435,106.96209394673414,7406.296668,13.789931980338125
2023-11-22,1,1444.0,0.12462810947211014,74.82517482517483,0.028987347874713434,0.2556521739130435,4443,0.001861920011916288,0.42456916996047434,0.015991471215351813,0.19915486323589435,106.96209394673414,7250.63890752,13.50010968109034
2023-11-24,1,1473.0,0.13711806574132676,77.13080168776372,0.028663693176216726,0.23989898989898983,4443,0.001861920011916288,0.42456916996047434,0.015991471215351813,0.19915486323589435,106.96209394673414,7396.25423184,13.771233767483428
2023-11-27,1,1460.0,0.11615675121936307,77.52332485156913,0.027236105424857493,0.2773403324584427,4443,0.001861920011916288,0.42456916996047434,0.015991471215351813,0.19915486323589435,106.96209394673414,7330.9783968,13.649695383927906
2023-11-28,1,1470.0,0.111295907104734,76.79509632224168,0.0255113817318458,0.33393829401088926,4443,0.001861920011916288,0.42456916996047434,0.015991471215351813,0.19915486323589435,106.96209394673414,7381.1905776,13.743186448201385
2023-11-29,1,1515.0,0.13112036912601344,79.45768282662284,0.025609253481694225,0.3772727272727272,4443,0.001861920011916288,0.42456916996047434,0.015991471215351813,0.19915486323589435,106.96209394673414,7607.1453912,14.16389623743204
2023-11-30,1,1546.0,0.1411109962947108,79.40691927512356,0.02418379625705463,0.3327586206896551,4443,0.001861920011916288,0.42456916996047434,0.015991471215351813,0.19915486323589435,106.96209394673414,7762.80315168,14.453718536679823
2023-12-01,1,1554.0,0.1335453564029994,79.20133111480865,0.02389866892667022,0.34954407294832834,4443,0.001861920011916288,0.42456916996047434,0.015991471215351813,0.19915486323589435,106.96209394673414,7802.97289632,14.528511388098606
2023-12-04,1,1597.0,0.14943356029308028,78.03163444639719,0.023439448579607964,0.4064288859533245,4443,0.001861920011916288,0.42456916996047434,0.015991471215351813,0.19915486323589435,106.96209394673414,8018.88527376,14.930522964474566
2023-12-05,1,1568.0,0.11558546893009096,70.38461538461539,0.024170854462280334,0.3470790378006874,4443,0.001861920011916288,0.42456916996047434,0.015991471215351813,0.19915486323589435,106.96209394673414,7873.26994944,14.659398878081477
2023-12-06,1,1573.0,0.10603290676416816,72.3196881091618,0.023935848210301713,0.36013834846519677,4443,0.001861920011916288,0.42456916996047434,0.015991471215351813,0.19915486323589435,106.96209394673414,7898.37603984,14.706144410218217
2023-12-07,1,1531.0,0.06624509011895137,64.75095785440612,0.024949757576214385,0.2876366694701429,4443,0.001861920011916288,0.42456916996047434,0.015991471215351813,0.19915486323589435,106.96209394673414,7687.48488048,14.313481940269606
2023-12-08,1,1485.0,0.0261477652782,57.79816513761468,0.026227073238701024,0.23441396508728185,4443,0.001861920011916288,0.42456916996047434,0.015991471215351813,0.19915486323589435,106.96209394673414,7456.5088488,13.883423044611602
2023-12-11,1,1522.0,0.04466957691568509,65.7943925233645,0.024017546652052323,0.19092331768388116,4443,0.001861920011916288,0.42456916996047434,0.015991471215351813,0.19915486323589435,106.96209394673414,7642.29391776,14.229339982423474
2023-12-12,1,1496.0,0.02289199463938956,62.0,0.02170403426227807,0.1032448377581121,4443,0.001861920011916288,0.42456916996047434,0.015991471215351813,0.19915486323589435,106.96209394673414,7511.74224768,13.986263215312428
2023-12-13,1,1503.0,0.023228582321224257,63.61974405850091,0.021534053748362387,0.1183035714285714,4443,0.001861920011916288,0.42456916996047434,0.015991471215351813,0.19915486323589435,106.96209394673414,7546.89077424,14.051706960303864
2023-12-14,1,1553.0,0.052225052848392815,63.48623853211009,0.021935467449134365,0.12781408859840226,4443,0.001861920011916288,0.42456916996047434,0.015991471215351813,0.19915486323589435,106.96209394673414,7797.95167824,14.519162281671258
2023-12-15,1,1611.0,0.08531623056401419,66.94352159468438,0.022765186915073087,0.1507142857142858,4443,0.001861920011916288,0.42456916996047434,0.015991471215351813,0.19915486323589435,106.96209394673414,8089.18232688,15.061410454457436
2023-12-18,1,1617.0,0.08166323281513387,68.6241610738255,0.021243401850276296,0.19512195121951215,4443,0.001861920011916288,0.42456916996047434,0.015991471215351813,0.19915486323589435,106.96209394673414,8119.30963536,15.117505093021522
2023-12-19,1,1636.0,0.08646566609111439,66.36690647482014,0.021261124670595575,0.19941348973607043,4443,0.001861920011916288,0.42456916996047434,0.015991471215351813,0.19915486323589435,106.96209394673414,8214.71277888,15.295138115141132
2023-12-20,1,1616.0,0.06576621732133908,62.7027027027027,0.02142540045042675,0.1935007385524372,4443,0.001861920011916288,0.42456916996047434,0.015991471215351813,0.19915486323589435,106.96209394673414,8114.28841728,15.108155986594175
2023-12-21,1,1607.0,0.05424057940589907,65.29080675422139,0.020554445821024284,0.14295874822190613,4443,0.001861920011916288,0.42456916996047434,0.015991471215351813,0.19915486323589435,106.96209394673414,8069.09745456,15.024014028748043
2023-12-22,1,1606.0,0.04811131124859688,63.168316831683164,0.020569280017532842,0.14143567874911156,4443,0.001861920011916288,0.42456916996047434,0.015991471215351813,0.19915486323589435,106.96209394673414,8064.07623648,15.014664922320696
2023-12-25,1,1610.0,0.044857484035096755,65.12096774193549,0.020373098973844428,0.15412186379928317,4443,0.001861920011916288,0.42456916996047434,0.015991471215351813,0.19915486323589435,106.96209394673414,8084.1611088,15.052061348030088
2023-12-26,1,1589.0,0.02762759655431101,61.735700197238664,0.019233973440982575,0.092847317744154,4443,0.001861920011916288,0.42456916996047434,0.015991471215351813,0.19915486323589435,106.96209394673414,7978.71552912,14.855730113055783
2023-12-27,1,1604.0,0.03387820347548081,59.329140461215935,0.019143732253579807,0.08745762711864402,4443,0.001861920011916288,0.42456916996047434,0.015991471215351813,0.19915486323589435,106.96209394673414,8054.03380032,14.995966709466
2023-12-28,1,1607.0,0.03147705974479445,56.79287305122494,0.01845559944353563,0.11288088642659289,4443,0.001861920011916288,0.42456916996047434,0.015991471215351813,0.19915486323589435,106.96209394673414,8069.09745456,15.024014028748043
2023-12-29,1,1599.0,0.023032629558541268,55.01113585746102,0.01825056713647255,0.08553971486761713,4443,0.001861920011916288,0.42456916996047434,0.015991471215351813,0.19915486323589435,106.96209394673414,8028.92770992,14.94922117732926
2024-01-04,1,1571.0,0.0022712193130199213,47.004608294930875,0.01857373849516282,0.07602739726027408,4443,0.001861920011916288,0.42456916996047434,0.015991471215351813,0.19915486323589435,106.96209394673414,7888.33360368,14.68744619736352
2024-01-05,1,1470.0,-0.0621650589496249,40.316205533596836,0.022917053703435896,0.0,4443,0.001861920011916288,0.42456916996047434,0.015991471215351813,0.19915486323589435,106.96209394673414,7381.1905776,13.743186448201385
2024-01-09,1,1476.0,-0.05739903440876702,40.433925049309664,0.02205060180210978,-0.025742574257425765,4443,0.001861920011916288,0.42456916996047434,0.015991471215351813,0.19915486323589435,106.96209394673414,7411.31788608,13.799281086765472
2024-01-10,1,1495.0,-0.04401984857785958,46.28099173553719,0.02179636683618152,-0.03298835705045278,4443,0.001861920011916288,0.42456916996047434,0.015991471215351813,0.19915486323589435,106.96209394673414,7506.7210296,13.976914108885081
2024-01-11,1,1485.0,-0.04873549081405176,50.0,0.021782975030479077,-0.044401544401544424,4443,0.001861920011916288,0.42456916996047434,0.015991471215351813,0.19915486323589435,106.96209394673414,7456.5088488,13.883423044611602
2024-01-12,1,1496.0,-0.03920258952884959,46.91943127962086,0.02101241299865618,-0.06324358171571698,4443,0.010441767068273093,0.43737225344915687,0.019839755818389926,1.1381755641060751,109.00219825477411,1314.384219076923,13.724493853815261
2024-01-15,1,1430.0,-0.07832319274002268,42.857142857142854,0.022418205011470432,-0.08801020408163263,4443,0.010441767068273093,0.43737225344915687,0.019839755818389926,1.1381755641060751,109.00219825477411,1256.39668,13.119001477911647
2024-01-16,1,1430.0,-0.07491266658041142,41.978021978021985,0.02238800729950904,-0.09090909090909094,4443,0.010441767068273093,0.43737225344915687,0.019839755818389926,1.1381755641060751,109.00219825477411,1256.39668,13.119001477911647
2024-01-17,1,1339.0,-0.12945673939614588,28.427419354838705,0.025040280856343914,-0.12540822991508815,4443,0.010441767068273093,0.43737225344915687,0.019839755818389926,1.1381755641060751,109.00219825477411,1176.444164,12.28415592931727
2024-01-18,1,1289.0,-0.1576704916747262,17.008196721311478,0.02538401336198105,-0.13198653198653199,4443,0.010441767068273093,0.43737225344915687,0.019839755818389926,1.1381755641060751,109.00219825477411,1132.514210153846,11.825449583935743
2024-01-19,1,1340.0,-0.12015758371634931,24.015009380863034,0.026265141590806035,-0.11957950065703027,4443,0.010441767068273093,0.43737225344915687,0.019839755818389926,1.1381755641060751,109.00219825477411,1177.3227630769231,12.2933300562249
2024-01-22,0,1405.0,-0.07526853411962926,30.051813471502584,0.028186898607280356,-0.06082887700534756,4443,0.010441767068273093,0.43737225344915687,0.019839755818389926,1.1381755641060751,109.00219825477411,1234.4317030769232,12.889648305220884
2024-01-23,0,1412.0,-0.06842952524212917,31.978798586572438,0.028190009955197094,-0.06054557551563544,4443,0.010441767068273093,0.43737225344915687,0.019839755818389926,1.1381755641060751,109.00219825477411,1240.5818966153847,12.953867193574299
2024-01-24,1,1399.0,-0.07323988446964676,31.754385964912288,0.027232820743806525,-0.0991629104958146,4443,0.010441767068273093,0.43737225344915687,0.019839755818389926,1.1381755641060751,109.00219825477411,1229.1601086153846,12.834603543775101
2024-01-25,1,1385.0,-0.07698664462986164,31.04631217838765,0.025863474141583357,-0.1402855369335816,4443,0.010441767068273093,0.43737225344915687,0.019839755818389926,1.1381755641060751,109.00219825477411,1216.8597215384616,12.706165767068274
2024-01-26,1,1386.0,-0.07059707097258729,30.689655172413794,0.025824822330481816,-0.1428571428571429,4443,0.010441767068273093,0.43737225344915687,0.019839755818389926,1.1381755641060751,109.00219825477411,1217.7383206153847,12.715339893975905
2024-01-29,1,1382.0,-0.06692232904828771,31.616341030195372,0.025574554604890436,-0.15525672371638144,4443,0.010441767068273093,0.43737225344915687,0.019839755818389926,1.1381755641060751,109.00219825477411,1214.2239243076924,12.678643386345382
2024-01-30,1,1400.0,-0.04922307943062046,31.978798586572438,0.025832508017570945,-0.13366336633663367,4443,0.010441767068273093,0.43737225344915687,0.019839755818389926,1.1381755641060751,109.00219825477411,1230.0387076923078,12.843777670682732
2024-01-31,1,1391.0,-0.049759536561372775,31.11888111888112,0.025833317931089398,-0.13441194772868703,4443,0.010441767068273093,0.43737225344915687,0.019839755818389926,1.1381755641060751,109.00219825477411,1222.131316,12.761210528514058
2024-02-01,1,1400.0,-0.0381973069524594,32.63525305410121,0.02592710930264229,-0.12826899128268987,4443,0.010441767068273093,0.43737225344915687,0.019839755818389926,1.1381755641060751,109.00219825477411,1230.0387076923078,12.843777670682732
2024-02-02,1,1392.0,-0.03792989052305658,33.81555153707052,0.025878271038225365,-0.13540372670807455,4443,0.010441767068273093,0.43737225344915687,0.019839755818389926,1.1381755641060751,109.00219825477411,1223.009915076923,12.770384655421687
2024-02-05,1,1481.0,0.02664707187222719,51.016635859519404,0.029294698347456974,-0.06796727501573319,4443,0.010441767068273093,0.43737225344915687,0.019839755818389926,1.1381755641060751,109.00219825477411,1301.205232923077,13.586881950200803
2024-02-06,1,1427.0,-0.005907431660489884,45.84040747028863,0.02995296620378237,-0.11034912718204493,4443,0.010441767068273093,0.43737225344915687,0.019839755818389926,1.1381755641060751,109.00219825477411,1253.7608827692309,13.091479097188756
2024-02-07,1,1409.0,-0.013001204853035912,42.687074829931966,0.029970067200536493,-0.12321095208462973,4443,0.010441767068273093,0.43737225344915687,0.019839755818389926,1.1381755641060751,109.00219825477411,1237.9460993846155,12.926344812851406
2024-02-08,1,1432.0,0.007826135915770431,45.590682196339436,0.030266507171892023,-0.10444027517198251,4443,0.010441767068273093,0.43737225344915687,0.019839755818389926,1.1381755641060751,109.00219825477411,1258.153878153846,13.137349731726909
2024-02-09,1,1490.0,0.05104257780536659,49.53703703703704,0.03138750355753315,-0.05155951623169952,4443,0.010441767068273093,0.43737225344915687,0.019839755818389926,1.1381755641060751,109.00219825477411,1309.1126246153847,13.66944909236948
2024-02-13,1,1447.0,0.021373313004686863,51.35999999999999,0.029161765436400425,-0.0156462585034014,4443,0.010441767068273093,0.43737225344915687,0.019839755818389926,1.1381755641060751,109.00219825477411,1271.3328643076923,13.274961635341366
2024-02-14,1,1377.0,-0.025312154930773798,46.18705035971223,0.030686555432446912,-0.06707317073170727,4443,0.010441767068273093,0.43737225344915687,0.019839755818389926,1.1381755641060751,109.00219825477411,1209.830928923077,12.632772751807229
2024-02-15,1,1390.0,-0.01317657749758615,54.13290113452188,0.030623367915090304,-0.07023411371237454,4443,0.010441767068273093,0.43737225344915687,0.019839755818389926,1.1381755641060751,109.00219825477411,1221.252716923077,12.752036401606427
2024-02-16,1,1506.0,0.06853980417198802,65.88579795021963,0.03508609794241396,0.014141414141414232,4443,0.010441767068273093,0.43737225344915687,0.019839755818389926,1.1381755641060751,109.00219825477411,1323.170209846154,13.816235122891568
2024-02-19,1,1512.0,0.07231000538991804,63.47962382445141,0.03506732419165768,0.010695187165775444,4443,0.010441767068273093,0.43737225344915687,0.019839755818389926,1.1381755641060751,109.00219825477411,1328.4418043076923,13.87127988433735
2024-02-20,1,1514.0,0.07117588792981457,59.47826086956522,0.03378495773899248,0.058741258741258795,4443,0.010441767068273093,0.43737225344915687,0.019839755818389926,1.1381755641060751,109.00219825477411,1330.1990024615386,13.889628138152611
2024-02-21,1,1493.0,0.05443810384767495,56.8760611205433,0.03394684221553951,0.04405594405594404,4443,0.010441767068273093,0.43737225344915687,0.019839755818389926,1.1381755641060751,109.00219825477411,1311.7484218461539,13.69697147309237
2024-02-22,1,1531.0,0.07544254003933697,60.74918566775244,0.03131360488575543,0.14339058999253185,4443,0.010441767068273093,0.43737225344915687,0.019839755818389926,1.1381755641060751,109.00219825477411,1345.1351867692308,14.04558829558233
2024-02-26,0,1647.0,0.1454044731278513,68.29608938547486,0.03294388274169833,0.2777346780449961,4443,0.010441767068273093,0.43737225344915687,0.019839755818389926,1.1381755641060751,109.00219825477411,1447.0526796923077,15.10978701686747
2024-02-27,0,1687.0,0.1620057859209258,69.93377483443709,0.032518502310497674,0.258955223880597,4443,0.010441767068273093,0.43737225344915687,0.019839755818389926,1.1381755641060751,109.00219825477411,1482.1966427692307,15.476752093172692
2024-02-28,0,1773.0,0.2089845348171181,73.35722819593786,0.0326447033674429,0.26192170818505334,4443,0.010441767068273093,0.43737225344915687,0.019839755818389926,1.1381755641060751,109.00219825477411,1557.7561633846155,16.265727007228918
2024-02-29,0,1781.0,0.20233851803845326,73.03506650544135,0.03264775861708604,0.2613314447592068,4443,0.010441767068273093,0.43737225344915687,0.019839755818389926,1.1381755641060751,109.00219825477411,1564.784956,16.33912002248996
2024-03-01,0,1806.0,0.2059616976949171,74.61447212336893,0.03241315971304114,0.29092208720514656,4443,0.010441767068273093,0.43737225344915687,0.019839755818389926,1.1381755641060751,109.00219825477411,1586.749932923077,16.568473195180722
2024-03-04,0,1804.0,0.1912937820275768,74.16267942583733,0.032223894661795725,0.30252707581227445,4443,0.010441767068273093,0.43737225344915687,0.019839755818389926,1.1381755641060751,109.00219825477411,1584.9927347692308,16.550124941365464
2024-03-05,0,1762.0,0.15211591776952457,71.26436781609195,0.03289706921190038,0.27128427128427135,4443,0.010441767068273093,0.43737225344915687,0.019839755818389926,1.1381755641060751,109.00219825477411,1548.0915735384615,16.164811611244982
2024-03-06,0,1748.0,0.13212435233160622,66.79245283018868,0.03299605798797522,0.26483357452966705,4443,0.010441767068273093,0.43737225344915687,0.019839755818389926,1.1381755641060751,109.00219825477411,1535.7911864615385,16.036373834538153
2024-03-07,0,1729.0,0.11035474838809108,69.86842105263159,0.033248483599566475,0.2350000000000001,4443,0.010441767068273093,0.43737225344915687,0.019839755818389926,1.1381755641060751,109.00219825477411,1519.097804,15.862065423293174
2024-03-08,0,1686.0,0.07459718539669588,67.64331210191082,0.0338049024598123,0.2120776419841841,4443,0.010441767068273093,0.43737225344915687,0.019839755818389926,1.1381755641060751,109.00219825477411,1481.3180436923078,15.467577966265061
2024-03-11,0,1726.0,0.09102402022756005,68.32917705735662,0.033942699462162475,0.23285714285714287,4443,0.010441767068273093,0.43737225344915687,0.019839755818389926,1.1381755641060751,109.00219825477411,1516.4620067692308,15.834543042570282
2024-03-12,0,1762.0,0.10345691382765534,67.43589743589743,0.03388034262371898,0.2658045977011494,4443,0.010441767068273093,0.43737225344915687,0.019839755818389926,1.1381755641060751,109.00219825477411,1548.0915735384615,16.164811611244982
2024-03-13,0,1750.0,0.08860633506680936,70.22696929238985,0.032096279152794095,0.18163403106009457,4443,0.010441767068273093,0.43737225344915687,0.019839755818389926,1.1381755641060751,109.00219825477411,1537.5483846153847,16.054722088353415
2024-03-14,0,1739.0,0.07343028567195874,76.23188405797102,0.030932864858659925,0.2186405045550106,4443,0.010441767068273093,0.43737225344915687,0.019839755818389926,1.1381755641060751,109.00219825477411,1527.883794769231,15.95380669236948
2024-03-15,0,1727.0,0.0577182194566256,74.45573294629898,0.03079200448666421,0.22569198012775016,4443,0.010441767068273093,0.43737225344915687,0.019839755818389926,1.1381755641060751,109.00219825477411,1517.340605846154,15.843717169477912
2024-03-18,0,1755.0,0.06642846725973453,70.71547420965058,0.030790859825141115,0.2255586592178771,4443,0.010441767068273093,0.43737225344915687,0.019839755818389926,1.1381755641060751,109.00219825477411,1541.94138,16.100592722891566
2024-03-19,0,1800.0,0.08559297500723734,72.5,0.030288918602869853,0.20805369127516782,4443,0.010441767068273093,0.43737225344915687,0.019839755818389926,1.1381755641060751,109.00219825477411,1581.4783384615384,16.51342843373494
2024-03-21,0,1784.0,0.06726650553973537,70.64220183486239,0.029529609517668063,0.23289564616447822,4443,0.010441767068273093,0.43737225344915687,0.019839755818389926,1.1381755641060751,109.00219825477411,1567.4207532307694,16.366642403212854
2024-03-22,0,1791.0,0.06094353481979961,73.28125,0.027058025630832327,0.30065359477124187,4443,0.010441767068273093,0.43737225344915687,0.019839755818389926,1.1381755641060751,109.00219825477411,1573.5709467692309,16.430861291566266
2024-03-25,0,1756.0,0.03126688435246307,67.66091051805337,0.027736025056278885,0.2633093525179857,4443,0.010441767068273093,0.43737225344915687,0.019839755818389926,1.1381755641060751,109.00219825477411,1542.8199790769231,16.109766849799197
2024-03-26,0,1730.0,0.010679316710676963,57.586837294332724,0.023494491567523416,0.14873837981407712,4443,0.010441767068273093,0.43737225344915687,0.019839755818389926,1.1381755641060751,109.00219825477411,1519.9764030769231,15.871239550200805
2024-03-27,0,1739.0,0.010576476057647633,55.03875968992248,0.023491786335554637,0.15013227513227512,4443,0.010441767068273093,0.43737225344915687,0.019839755818389926,1.1381755641060751,109.00219825477411,1527.883794769231,15.95380669236948
2024-03-28,1,1732.0,0.001433923863268432,45.30892448512586,0.023559170010769695,0.14398943196829594,4443,0.010441767068273093,0.43737225344915687,0.019839755818389926,1.1381755641060751,109.00219825477411,1521.7336012307692,15.889587804016065
2024-03-29,0,1757.0,0.009723690864787868,47.356828193832605,0.02325991752181272,0.17682518419290028,4443,0.010441767068273093,0.43737225344915687,0.019839755818389926,1.1381755641060751,109.00219825477411,1543.6985781538463,16.118940976706828
2024-04-01,1,1728.0,-0.011419025606993316,41.48471615720524,0.02337054385742561,0.1286740692357935,4443,0.010441767068273093,0.43737225344915687,0.019839755818389926,1.1381755641060751,109.00219825477411,1518.219204923077,15.852891296385543
2024-04-02,1,1691.0,-0.03355965525912719,38.5395537525355,0.018754418693484477,0.02671523982999391,4443,0.010441767068273093,0.43737225344915687,0.019839755818389926,1.1381755641060751,109.00219825477411,1485.711039076923,15.513448600803214
2024-04-03,1,1660.0,-0.050690822582121015,39.41908713692947,0.018505914484565476,-0.016004742145821038,4443,0.010441767068273093,0.43737225344915687,0.019839755818389926,1.1381755641060751,109.00219825477411,1458.4744676923078,15.229050666666668
2024-04-04,1,1720.0,-0.01518448113963767,47.348484848484844,0.01696050349820032,-0.029892836999436012,4443,0.010441767068273093,0.43737225344915687,0.019839755818389926,1.1381755641060751,109.00219825477411,1511.1904123076924,15.779498281124498
2024-04-05,1,1721.0,-0.01325596862601191,49.21568627450981,0.016924725932737018,-0.033688938798427825,4443,0.010441767068273093,0.43737225344915687,0.019839755818389926,1.1381755641060751,109.00219825477411,1512.0690113846154,15.788672408032129
2024-04-08,1,1732.0,-0.0052608605757081955,54.81171548117155,0.01670495876116225,-0.04097452934662238,4443,0.010441767068273093,0.43737225344915687,0.019839755818389926,1.1381755641060751,109.00219825477411,1521.7336012307692,15.889587804016065
2024-04-09,1,1773.0,0.01901236838475328,54.906054279749476,0.01745013565127762,-0.01718403547671843,4443,0.010441767068273093,0.43737225344915687,0.019839755818389926,1.1381755641060751,109.00219825477411,1557.7561633846155,16.265727007228918
2024-04-10,1,1743.0,0.002207962464638054,47.99154334038055,0.01714860439011978,-0.010783200908059065,4443,0.010441767068273093,0.43737225344915687,0.019839755818389926,1.1381755641060751,109.00219825477411,1531.3981910769232,15.990503200000001
2024-04-11,1,1682.0,-0.031396125584502325,43.486590038314176,0.018455270410048383,-0.03775743707093826,4443,0.037592411772911144,0.43682783414069404,0.030453082446150036,4.285216914341074,113.99154010727703,392.512219012987,14.75548096303529
2024-04-12,1,1535.0,-0.11208033503783058,34.4984802431611,0.025207063105874863,-0.11220358588779644,4443,0.037592411772911144,0.43682783414069404,0.030453082446150036,4.285216914341074,113.99154010727703,358.2082379220779,13.465911580415678
2024-04-15,1,1411.0,-0.1785814083457526,29.480519480519476,0.02925146923924137,-0.16310794780545668,4443,0.037592411772911144,0.43682783414069404,0.030453082446150036,4.285216914341074,113.99154010727703,329.27154638961036,12.378111556981448
2024-04-16,1,1445.0,-0.1532475447108736,30.025773195876283,0.02926764883651868,-0.16280417149478565,4443,0.037592411772911144,0.43682783414069404,0.030453082446150036,4.285216914341074,113.99154010727703,337.2058005194805,12.676379305342445
2024-04-17,1,1380.0,-0.1840306520659398,23.6180904522613,0.029648347592531085,-0.21679909194097613,4443,0.037592411772911144,0.43682783414069404,0.030453082446150036,4.285216914341074,113.99154010727703,322.0373735064935,12.10616155112289
2024-04-18,1,1401.0,-0.16471906896880661,26.092384519350816,0.030049756100408578,-0.1994285714285714,4443,0.037592411772911144,0.43682783414069404,0.030453082446150036,4.285216914341074,113.99154010727703,326.9379422337662,12.290385748639977
2024-04-19,1,1373.0,-0.17420487898763418,24.574209245742082,0.030134196783420553,-0.21046578493387003,4443,0.037592411772911144,0.43682783414069404,0.030453082446150036,4.285216914341074,113.99154010727703,320.4038505974026,12.044753485283861
2024-04-22,1,1405.0,-0.14836097371738918,28.57142857142857,0.030817994852021417,-0.18645049218297627,4443,0.037592411772911144,0.43682783414069404,0.030453082446150036,4.285216914341074,113.99154010727703,327.8713838961039,12.325476071976565
2024-04-23,1,1400.0,-0.14402406515199684,29.32330827067669,0.03042865209504796,-0.20227920227920226,4443,0.037592411772911144,0.43682783414069404,0.030453082446150036,4.285216914341074,113.99154010727703,326.7045818181818,12.28161316780583
2024-04-24,1,1467.0,-0.09569484170036494,34.112149532710276,0.031763621623814055,-0.18500000000000005,4443,0.037592411772911144,0.43682783414069404,0.030453082446150036,4.285216914341074,113.99154010727703,342.3397296623376,12.86937608369368
2024-04-25,1,1447.0,-0.10054949153385215,33.6018411967779,0.031785482949304125,-0.18890134529147984,4443,0.037592411772911144,0.43682783414069404,0.030453082446150036,4.285216914341074,113.99154010727703,337.67252135064933,12.69392446701074
2024-04-26,1,1472.0,-0.07769423558897243,33.6018411967779,0.03210205921292032,-0.1781127861529872,4443,0.037592411772911144,0.43682783414069404,0.030453082446150036,4.285216914341074,113.99154010727703,343.50653174025973,12.913238987864416
2024-04-30,1,1472.0,-0.0710823909531503,34.76190476190477,0.03202958730748214,-0.1617312072892938,4443,0.037592411772911144,0.43682783414069404,0.030453082446150036,4.285216914341074,113.99154010727703,343.50653174025973,12.913238987864416
2024-05-01,1,1471.0,-0.06560459384607566,36.318407960199,0.032002024726121944,-0.14971098265895955,4443,0.037592411772911144,0.43682783414069404,0.030453082446150036,4.285216914341074,113.99154010727703,343.27317132467533,12.904466407030268
2024-05-02,1,1484.0,-0.05119942713927672,38.80407124681934,0.03206306258029776,-0.1466359976998275,4443,0.037592411772911144,0.43682783414069404,0.030453082446150036,4.285216914341074,113.99154010727703,346.3068567272727,13.01850995787418
2024-05-07,1,1563.0,0.003647291500783438,40.24844720496894,0.03417207704334812,-0.0975750577367206,4443,0.037592411772911144,0.43682783414069404,0.030453082446150036,4.285216914341074,113.99154010727703,364.74232955844155,13.711543843771794
2024-05-08,1,1566.0,0.01053120644262037,40.396530359355644,0.03398919891635627,-0.1087080250426864,4443,0.037592411772911144,0.43682783414069404,0.030453082446150036,4.285216914341074,113.99154010727703,365.4424108051948,13.737861586274235
2024-05-09,1,1513.0,-0.018220987878630523,37.102473498233216,0.034428512961893844,-0.12442129629629628,4443,0.037592411772911144,0.43682783414069404,0.030453082446150036,4.285216914341074,113.99154010727703,353.07430877922076,13.272914802064443
2024-05-10,1,1463.0,-0.045014230136557115,31.93473193473193,0.03474078248248523,-0.1348314606741573,4443,0.037592411772911144,0.43682783414069404,0.030453082446150036,4.285216914341074,113.99154010727703,341.40628799999996,12.834285760357092
2024-05-13,1,1525.0,-0.0010219054606435028,37.75280898876405,0.035886472440981386,-0.08132530120481929,4443,0.037592411772911144,0.43682783414069404,0.030453082446150036,4.285216914341074,113.99154010727703,355.8746337662337,13.378185772074207
2024-05-14,1,1568.0,0.031253288435230966,43.46330275229358,0.035561223875147104,-0.08837209302325577,4443,0.037592411772911144,0.43682783414069404,0.030453082446150036,4.285216914341074,113.99154010727703,365.9091316363636,13.75540674794253
2024-05-15,1,1590.0,0.049338718618832655,53.68139223560911,0.035720206927579885,-0.0761185357350378,4443,0.037592411772911144,0.43682783414069404,0.030453082446150036,4.285216914341074,113.99154010727703,371.04306077922075,13.948403526293765
2024-05-16,1,1599.0,0.05899650312599338,64.87341772151899,0.035712890044090964,-0.07678983833718245,4443,0.037592411772911144,0.43682783414069404,0.030453082446150036,4.285216914341074,113.99154010727703,373.1433045194805,14.027356753801087
2024-05-17,1,1562.0,0.040306897194767814,59.21259842519685,0.03550649156632426,-0.1190073322053018,4443,0.037592411772911144,0.43682783414069404,0.030453082446150036,4.285216914341074,113.99154010727703,364.5089691428571,13.702771262937647
2024-05-20,1,1570.0,0.050476394390322275,66.43598615916954,0.03545725631603397,-0.0992541594951234,4443,0.037592411772911144,0.43682783414069404,0.030453082446150036,4.285216914341074,113.99154010727703,366.37585246753247,13.772951909610823
2024-05-21,1,1593.0,0.06841046277665996,66.55172413793103,0.035010452273009446,-0.05291319857312726,4443,0.037592411772911144,0.43682783414069404,0.030453082446150036,4.285216914341074,113.99154010727703,371.743142025974,13.974721268796205
2024-05-22,1,1570.0,0.05199678370410071,67.1304347826087,0.030279411934485082,0.0228013029315961,4443,0.037592411772911144,0.43682783414069404,0.030453082446150036,4.285216914341074,113.99154010727703,366.37585246753247,13.772951909610823
2024-05-23,1,1580.0,0.05392353051041911,65.82278481012659,0.024983641516799847,0.11977321048901479,4443,0.037592411772911144,0.43682783414069404,0.030453082446150036,4.285216914341074,113.99154010727703,368.7094566233766,13.860677717952294
2024-05-24,1,1591.0,0.05714285714285714,67.08407871198568,0.024666200342581174,0.10103806228373702,4443,0.037592411772911144,0.43682783414069404,0.030453082446150036,4.285216914341074,113.99154010727703,371.27642119480515,13.95717610712791
2024-05-27,1,1615.0,0.0664289487585842,64.34108527131784,0.022512523832702448,0.17028985507246386,4443,0.037592411772911144,0.43682783414069404,0.030453082446150036,4.285216914341074,113.99154010727703,376.87707116883115,14.16771804714744
2024-05-28,1,1630.0,0.06986269001549007,67.90606653620353,0.022448560611540012,0.1634546752319772,4443,0.037592411772911144,0.43682783414069404,0.030453082446150036,4.285216914341074,113.99154010727703,380.3774774025974,14.299306759659645
2024-05-29,1,1603.0,0.04582583052793654,62.76803118908383,0.022291429259112303,0.1675163874726875,4443,0.037592411772911144,0.43682783414069404,0.030453082446150036,4.285216914341074,113.99154010727703,374.0767461818182,14.062447077137675
2024-05-30,1,1644.0,0.06592665594688525,65.52346570397111,0.022367457515845426,0.17010676156583626,4443,0.037592411772911144,0.43682783414069404,0.030453082446150036,4.285216914341074,113.99154010727703,383.6445232207792,14.422122891337704
2024-05-31,1,1616.0,0.04193531748078607,62.47848537005164,0.022779464327722203,0.15428571428571436,4443,0.037592411772911144,0.43682783414069404,0.030453082446150036,4.285216914341074,113.99154010727703,377.11043158441555,14.176490627981586
2024-06-03,1,1603.0,0.02994088923155995,60.24096385542169,0.02118787562206555,0.09270620313565092,4443,0.037592411772911144,0.43682783414069404,0.030453082446150036,4.285216914341074,113.99154010727703,374.0767461818182,14.062447077137675
2024-06-04,1,1654.0,0.05708515479203411,58.22784810126583,0.021578903222969605,0.1430545957152729,4443,0.037592411772911144,0.43682783414069404,0.030453082446150036,4.285216914341074,113.99154010727703,385.9781273766234,14.509848699679173
2024-06-05,1,1635.0,0.04060590631364559,56.06326889279437,0.021696019874076822,0.11073369565217384,4443,0.037592411772911144,0.43682783414069404,0.030453082446150036,4.285216914341074,113.99154010727703,381.54427948051944,14.34316966383038
2024-06-06,1,1629.0,0.03265968506732255,61.11111111111111,0.02173963922622689,0.1066576086956521,4443,0.037592411772911144,0.43682783414069404,0.030453082446150036,4.285216914341074,113.99154010727703,380.144116987013,14.290534178825498
2024-06-07,1,1648.0,0.040036350785076016,68.83910386965377,0.021762292141550375,0.12032630863358262,4443,0.037592411772911144,0.43682783414069404,0.030453082446150036,4.285216914341074,113.99154010727703,384.57796488311686,14.457213214674292
2024-06-10,1,1603.0,0.008607454760526555,58.22784810126583,0.02266346730392135,0.08018867924528306,4443,0.037592411772911144,0.43682783414069404,0.030453082446150036,4.285216914341074,113.99154010727703,374.0767461818182,14.062447077137675
2024-06-11,1,1628.0,0.022664455500276348,56.57894736842105,0.020341766182775025,0.04158669225847733,4443,0.037592411772911144,0.43682783414069404,0.030453082446150036,4.285216914341074,113.99154010727703,379.9107565714286,14.28176159799135
2024-06-12,1,1628.0,0.021073758153537323,54.3778801843318,0.02034503520552877,0.03959131545338446,4443,0.037592411772911144,0.43682783414069404,0.030453082446150036,4.285216914341074,113.99154010727703,379.9107565714286,14.28176159799135
2024-06-13,1,1680.0,0.04929172808354366,58.49056603773585,0.019796000333939898,0.11037673496364842,4443,0.037592411772911144,0.43682783414069404,0.030453082446150036,4.285216914341074,113.99154010727703,392.0454981818182,14.737935801366996
2024-06-14,1,1678.0,0.042443218527906126,63.12217194570135,0.01825119768095195,0.14695830485304162,4443,0.037592411772911144,0.43682783414069404,0.030453082446150036,4.285216914341074,113.99154010727703,391.5787773506493,14.720390639698701
2024-06-17,1,1683.0,0.04146039603960396,62.87015945330296,0.016572146310532464,0.10360655737704927,4443,0.037592411772911144,0.43682783414069404,0.030453082446150036,4.285216914341074,113.99154010727703,392.74557942857143,14.764253543869437
2024-06-18,1,1675.0,0.03377194065223296,59.66981132075472,0.015869807036267277,0.06823979591836737,4443,0.037592411772911144,0.43682783414069404,0.030453082446150036,4.285216914341074,113.99154010727703,390.87869610389606,14.69407289719626
2024-06-19,1,1670.0,0.028654495281740446,62.31527093596059,0.015730770980097827,0.05031446540880502,4443,0.037592411772911144,0.43682783414069404,0.030453082446150036,4.285216914341074,113.99154010727703,389.711894025974,14.650209993025525
2024-06-20,1,1691.0,0.03923400280242872,63.309352517985616,0.015856554497853427,0.057535959974984285,4443,0.037592411772911144,0.43682783414069404,0.030453082446150036,4.285216914341074,113.99154010727703,394.61246275324675,14.834434190542613
2024-06-21,1,1679.0,0.028899892146288905,60.526315789473685,0.015087545598145673,0.07490396927016651,4443,0.037592411772911144,0.43682783414069404,0.030453082446150036,4.285216914341074,113.99154010727703,391.8121377662337,14.729163220532849
2024-06-24,1,1698.0,0.03728863258723485,60.04842615012107,0.015174420559933224,0.08152866242038215,4443,0.037592411772911144,0.43682783414069404,0.030453082446150036,4.285216914341074,113.99154010727703,396.24598566233766,14.895842256381643
2024-06-25,1,1741.0,0.059724386443318976,62.585034013605444,0.015651224246253315,0.0929064657878218,4443,0.037592411772911144,0.43682783414069404,0.030453082446150036,4.285216914341074,113.99154010727703,406.2804835324675,15.273063232249964
2024-06-26,1,1740.0,0.05475001212356332,66.50602409638554,0.015222361195823708,0.10828025477707004,4443,0.037592411772911144,0.43682783414069404,0.030453082446150036,4.285216914341074,113.99154010727703,406.0471231168831,15.264290651415818
2024-06-27,1,1729.0,0.04430914933198032,61.038961038961034,0.015359100611239875,0.09430379746835449,4443,0.037592411772911144,0.43682783414069404,0.030453082446150036,4.285216914341074,113.99154010727703,403.4801585454545,15.1677922622402
2024-06-28,1,1730.0,0.04141584396821572,65.92178770949721,0.015356087397006144,0.08736643620364548,4443,0.037592411772911144,0.43682783414069404,0.030453082446150036,4.285216914341074,113.99154010727703,403.7135189610389,15.176564843074347
2024-07-01,1,1697.0,0.019537633374987973,62.43386243386244,0.015792969511378076,0.05077399380804959,4443,0.037592411772911144,0.43682783414069404,0.030453082446150036,4.285216914341074,113.99154010727703,396.0126252467532,14.887069675547496
2024-07-02,1,1730.0,0.03687188339087072,60.55555555555556,0.01611298441587643,0.06134969325153383,4443,0.037592411772911144,0.43682783414069404,0.030453082446150036,4.285216914341074,113.99154010727703,403.7135189610389,15.176564843074347
2024-07-03,1,1730.0,0.0337245154042879,63.929618768328446,0.015629326776474696,0.07922645040548981,4443,0.037592411772911144,0.43682783414069404,0.030453082446150036,4.285216914341074,113.99154010727703,403.7135189610389,15.176564843074347
2024-07-04,1,1734.0,0.033890624627346176,65.48672566371681,0.01491598618175066,0.054744525547445244,4443,0.037592411772911144,0.43682783414069404,0.030453082446150036,4.285216914341074,113.99154010727703,404.64696062337663,15.211655166410935
2024-07-05,1,1778.0,0.05604523532346576,67.85714285714286,0.01504373413555551,0.10024752475247523,4443,0.037592411772911144,0.43682783414069404,0.030453082446150036,4.285216914341074,113.99154010727703,414.9148189090909,15.597648723113403
2024-07-08,1,1789.0,0.057903824774700234,78.18181818181819,0.014839341186841439,0.11603243917654393,4443,0.037592411772911144,0.43682783414069404,0.030453082446150036,4.285216914341074,113.99154010727703,417.4817834805195,15.694147112289022
2024-07-09,1,1793.0,0.05679460580912857,76.69902912621359,0.013707203403736375,0.08403869407496978,4443,0.037592411772911144,0.43682783414069404,0.030453082446150036,4.285216914341074,113.99154010727703,418.41522514285714,15.72923743562561
2024-07-10,1,1783.0,0.04724649938915519,74.29467084639498,0.013490386796873678,0.09051987767584091,4443,0.037592411772911144,0.43682783414069404,0.030453082446150036,4.285216914341074,113.99154010727703,416.08162098701297,15.641511627284139
2024-07-11,1,1730.0,0.013711473104418195,57.8125,0.014994734457673123,0.06200122774708405,4443,0.06451394530192256,0.3929559480740583,0.03946513961863156,7.573384586736694,117.39143453858809,228.4315526547744,14.737020693203357
2024-07-12,1,2130.0,0.23415301179688036,81.47632311977716,0.04816928895332249,0.29247572815533984,4443,0.06451394530192256,0.3929559480740583,0.03946513961863156,7.573384586736694,117.39143453858809,281.2480966211962,18.144424321689684
2024-07-16,0,2317.0,0.32064932400082075,85.22222222222223,0.049798713801593494,0.445414847161572,4443,0.06451394530192256,0.3929559480740583,0.03946513961863156,7.573384586736694,117.39143453858809,305.9398309254984,19.73738551800704
2024-07-17,0,2357.0,0.3214846378111685,86.58798283261802,0.0497994024022955,0.4477886977886978,4443,0.06451394530192256,0.3929559480740583,0.03946513961863156,7.573384586736694,117.39143453858809,311.2214853221406,20.078125880855673
2024-07-18,0,2242.0,0.23993451906910887,77.447216890595,0.05138222870175313,0.37714987714987713,4443,0.06451394530192256,0.3929559480740583,0.03946513961863156,7.573384586736694,117.39143453858809,296.03672893179436,19.098497337665854
2024-07-19,0,2270.0,0.23924531598025942,77.59771210676836,0.05124661423990081,0.3511904761904763,4443,0.06451394530192256,0.3929559480740583,0.03946513961863156,7.573384586736694,117.39143453858809,299.7338870094439,19.3370155916599
2024-07-22,1,2303.0,0.24033262241754455,79.1588785046729,0.051158545631647616,0.37246722288438616,4443,0.06451394530192256,0.3929559480740583,0.03946513961863156,7.573384586736694,117.39143453858809,304.09125188667366,19.61812639101002
2024-07-23,0,2316.0,0.23055343024738592,79.04135338345864,0.051137681716803315,0.37611408199643503,4443,0.06451394530192256,0.3929559480740583,0.03946513961863156,7.573384586736694,117.39143453858809,305.80778956558237,19.728867008935826
2024-07-24,0,2330.0,0.22099482256272665,78.45410628019323,0.051018360281930436,0.3910447761194029,4443,0.06451394530192256,0.3929559480740583,0.03946513961863156,7.573384586736694,117.39143453858809,307.65636860440713,19.848126135932848
2024-07-25,1,2247.0,0.16342887913180357,72.69471799462846,0.05189204900018929,0.34550898203592806,4443,0.06451394530192256,0.3929559480740583,0.03946513961863156,7.573384586736694,117.39143453858809,296.69693573137465,19.141089883021934
2024-07-26,0,2257.0,0.15506653019447286,73.65591397849462,0.0519209207051786,0.3347131874630396,4443,0.06451394530192256,0.3929559480740583,0.03946513961863156,7.573384586736694,117.39143453858809,298.0173493305352,19.226274973734093
2024-07-29,0,2308.0,0.1661512965096303,74.78559176672384,0.051786807443325644,0.37462775461584275,4443,0.06451394530192256,0.3929559480740583,0.03946513961863156,7.573384586736694,117.39143453858809,304.75145868625395,19.6607189363661
2024-07-30,0,2251.0,0.12478014070994566,73.27731092436974,0.05236123932754098,0.32567726737338054,4443,0.06451394530192256,0.3929559480740583,0.03946513961863156,7.573384586736694,117.39143453858809,297.22510117103883,19.175163919306797
2024-07-31,0,2256.0,0.11579322214968242,72.63339070567986,0.05232978758468949,0.29580700746697297,4443,0.06451394530192256,0.3929559480740583,0.03946513961863156,7.573384586736694,117.39143453858809,297.8853079706191,19.217756464662877
2024-08-01,1,2158.0,0.05856960659275978,66.98412698412699,0.053435878967370926,0.24022988505747134,4443,0.06451394530192256,0.3929559480740583,0.03946513961863156,7.573384586736694,117.39143453858809,284.94525469884576,18.382942575683725
2024-08-02,1,1953.0,-0.04618179687042136,57.49486652977412,0.05735570754213204,0.12955465587044523,4443,0.06451394530192256,0.3929559480740583,0.03946513961863156,7.573384586736694,117.39143453858809,257.87677591605456,16.636648216084485
2024-08-05,1,1858.0,-0.09484186526881923,52.645502645502646,0.05839704505324024,0.07398843930635834,4443,0.06451394530192256,0.3929559480740583,0.03946513961863156,7.573384586736694,117.39143453858809,245.3328467240294,15.827389854318982
2024-08-06,1,2019.0,-0.022541102654970054,56.919374247894105,0.06042170255794519,0.18974661166764872,4443,0.06451394530192256,0.3929559480740583,0.03946513961863156,7.573384586736694,117.39143453858809,266.5915056705142,17.19886981478473
2024-08-07,1,1980.0,-0.04604058663685943,55.50972304065999,0.06062874653528811,0.1445086705202312,4443,0.06451394530192256,0.3929559480740583,0.03946513961863156,7.573384586736694,117.39143453858809,261.44189263378803,16.86664796100731
2024-08-08,1,2020.0,-0.03217769600797249,56.861609727851764,0.060665507350717615,0.16763005780346818,4443,0.06451394530192256,0.3929559480740583,0.03946513961863156,7.573384586736694,117.39143453858809,266.7235470304302,17.207388323855945
2024-08-09,1,2024.0,-0.035621033372086476,58.760429082240755,0.06066680769174546,0.1672433679354095,4443,0.06451394530192256,0.3929559480740583,0.03946513961863156,7.573384586736694,117.39143453858809,267.25171247009445,17.241462360140808
2024-08-13,1,2019.0,-0.04240182128628348,45.67420109119252,0.060587083887586934,0.13554555680539937,4443,0.06451394530192256,0.3929559480740583,0.03946513961863156,7.573384586736694,117.39143453858809,266.5915056705142,17.19886981478473
2024-08-14,1,2040.0,-0.03702724646437947,37.60071620411817,0.060591374094424465,0.1403018446059252,4443,0.06451394530192256,0.3929559480740583,0.03946513961863156,7.573384586736694,117.39143453858809,269.36437422875133,17.37775850528026
2024-08-15,1,2013.0,-0.05370339030856875,34.42028985507247,0.06071984497625984,0.12269938650306744,4443,0.06451394530192256,0.3929559480740583,0.03946513961863156,7.573384586736694,117.39143453858809,265.79925751101786,17.147758760357434
2024-08-16,1,2024.0,-0.05282467897121041,39.1,0.060670147504703245,0.13516545148625903,4443,0.06451394530192256,0.3929559480740583,0.03946513961863156,7.573384586736694,117.39143453858809,267.25171247009445,17.241462360140808
2024-08-19,1,1998.0,-0.06965915440491707,36.37274549098196,0.06034068248097606,0.1549132947976879,4443,0.06451394530192256,0.3929559480740583,0.03946513961863156,7.573384586736694,117.39143453858809,263.81863711227703,17.019981124289195
2024-08-20,0,2077.0,-0.03191826537651249,39.17624521072797,0.03918606413782286,-0.024882629107981225,4443,0.06451394530192256,0.3929559480740583,0.03946513961863156,7.573384586736694,117.39143453858809,274.24990454564534,17.692943340915246
2024-08-21,0,2069.0,-0.031167468954278948,38.11357074109721,0.034625777047979645,-0.10703495899870519,4443,0.06451394530192256,0.3929559480740583,0.03946513961863156,7.573384586736694,117.39143453858809,273.1935736663169,17.62479526834552
2024-08-22,0,2144.0,0.00797352188957426,41.54545454545455,0.03531154066772022,-0.09036911327959274,4443,0.06451394530192256,0.3929559480740583,0.03946513961863156,7.573384586736694,117.39143453858809,283.096675660021,18.263683448686706
2024-08-23,0,2261.0,0.06259986840868494,50.617283950617285,0.035796094326043276,0.008474576271186418,4443,0.06451394530192256,0.3929559480740583,0.03946513961863156,7.573384586736694,117.39143453858809,298.54551477019936,19.260349010018956
2024-08-26,0,2454.0,0.14932838756814484,57.4791192103265,0.03954490393311549,0.08105726872246688,4443,0.06451394530192256,0.3929559480740583,0.03946513961863156,7.573384586736694,117.39143453858809,324.0294972339979,20.904421260763606
2024-08-27,0,2427.0,0.13404855802478371,54.60170146945089,0.03958776619572292,0.05384281372123323,4443,0.06451394530192256,0.3929559480740583,0.03946513961863156,7.573384586736694,117.39143453858809,320.46438051626444,20.67442151584078
2024-08-28,0,2337.0,0.09156640011957251,53.242835595776775,0.04037656742414663,0.0090673575129534,4443,0.06451394530192256,0.3929559480740583,0.03946513961863156,7.573384586736694,117.39143453858809,308.58065812381955,19.907755699431355
2024-08-29,0,2226.0,0.041744664919505715,48.952513966480446,0.04150971629698309,-0.0446351931330472,4443,0.06451394530192256,0.3929559480740583,0.03946513961863156,7.573384586736694,117.39143453858809,293.9240671731375,18.9622011925264
2024-08-30,0,2190.0,0.025991792065663485,51.16788321167883,0.04101307807253315,-0.025367156208277675,4443,0.06451394530192256,0.3929559480740583,0.03946513961863156,7.573384586736694,117.39143453858809,289.1705782161595,18.655534865962633
2024-09-02,0,2227.0,0.043912774454840264,61.39767054908486,0.04114745712252497,-0.01329198050509528,4443,0.06451394530192256,0.3929559480740583,0.03946513961863156,7.573384586736694,117.39143453858809,294.05610853305353,18.970719701597616
2024-09-03,0,2174.0,0.02163574503280135,63.620689655172406,0.04114504624556051,-0.058058925476603074,4443,0.06451394530192256,0.3929559480740583,0.03946513961863156,7.573384586736694,117.39143453858809,287.05791645750264,18.51923872082318
2024-09-04,0,2181.0,0.026275668655536596,58.05168986083498,0.040869438641225844,-0.031097290093291874,4443,0.06451394530192256,0.3929559480740583,0.03946513961863156,7.573384586736694,117.39143453858809,287.982205976915,18.57886828432169
2024-09-05,0,2298.0,0.08047619943202114,64.6678966789668,0.04227994601179845,0.018617021276595702,4443,0.06451394530192256,0.3929559480740583,0.03946513961863156,7.573384586736694,117.39143453858809,303.4310450870934,19.57553384565394
2024-09-06,0,2297.0,0.07719002063402734,63.25358851674641,0.04123329455914003,0.06441149212233555,4443,0.06451394530192256,0.3929559480740583,0.03946513961863156,7.573384586736694,117.39143453858809,303.29900372717736,19.567015336582724
2024-09-09,0,2333.0,0.08632892531197621,64.34540389972145,0.03582520172262753,0.19457245263696876,4443,0.06451394530192256,0.3929559480740583,0.03946513961863156,7.573384586736694,117.39143453858809,308.0524926841553,19.873681663146492
2024-09-10,0,2346.0,0.08254272952120792,65.06912442396313,0.033856773186445525,0.26264800861141,4443,0.06451394530192256,0.3929559480740583,0.03946513961863156,7.573384586736694,117.39143453858809,309.769030363064,19.9844222810723
2024-09-11,0,2310.0,0.06023609759679807,62.27272727272727,0.030168128019534873,0.14413075780089146,4443,0.06451394530192256,0.3929559480740583,0.03946513961863156,7.573384586736694,117.39143453858809,305.0155414060861,19.67775595450853
2024-09-12,0,2318.0,0.057346689291513764,64.1073080481036,0.02971765568692255,0.1707070707070708,4443,0.06451394530192256,0.3929559480740583,0.03946513961863156,7.573384586736694,117.39143453858809,306.0718722854145,19.745904027078257
2024-09-13,1,2303.0,0.04510800508259216,62.85714285714286,0.029693001762725813,0.14009900990099,4443,0.06451394530192256,0.3929559480740583,0.03946513961863156,7.573384586736694,117.39143453858809,304.09125188667366,19.61812639101002
2024-09-17,1,2277.0,0.028585367616500826,62.85714285714286,0.029879784020459235,0.125,4443,0.06451394530192256,0.3929559480740583,0.03946513961863156,7.573384586736694,117.39143453858809,300.65817652885625,19.396645155158406
2024-09-18,1,2242.0,0.008710362451859108,57.92507204610951,0.030127108841438783,0.11045071817731555,4443,0.06451394530192256,0.3929559480740583,0.03946513961863156,7.573384586736694,117.39143453858809,296.03672893179436,19.098497337665854
2024-09-19,1,2233.0,0.0011836654172420024,57.869481765834934,0.03014991714696009,0.09460784313725501,4443,0.06451394530192256,0.3929559480740583,0.03946513961863156,7.573384586736694,117.39143453858809,294.8483566925499,19.02183075602491
2024-09-20,1,2221.0,-0.0078975110332874,53.932584269662925,0.030002766208221076,0.1033283656234476,4443,0.06451394530192256,0.3929559480740583,0.03946513961863156,7.573384586736694,117.39143453858809,293.2638603735572,18.91960864717032
2024-09-24,1,2192.0,-0.023781954217511395,46.12794612794613,0.030202476429529192,0.08300395256916993,4443,0.06451394530192256,0.3929559480740583,0.03946513961863156,7.573384586736694,117.39143453858809,289.43466093599164,18.672571884105064
2024-09-25,1,2100.0,-0.06645091309991644,27.594936708860757,0.031402098047907376,0.05105105105105112,4443,0.06451394530192256,0.3929559480740583,0.03946513961863156,7.573384586736694,117.39143453858809,277.2868558237146,17.888869049553207
2024-09-26,1,2135.0,-0.05186961541877617,31.70426065162907,0.03059965269737759,0.02792489167067891,4443,0.06451394530192256,0.3929559480740583,0.03946513961863156,7.573384586736694,117.39143453858809,281.9083034207765,18.187016867045763
2024-09-27,1,2207.0,-0.02229192139351096,41.66666666666667,0.0312397479509346,0.06669888835186089,4443,0.06451394530192256,0.3929559480740583,0.03946513961863156,7.573384586736694,117.39143453858809,291.4152813347324,18.800349520173302
2024-09-30,1,2149.0,-0.04807044898827031,44.70426409903714,0.030972644803172928,0.0023320895522387364,4443,0.06451394530192256,0.3929559480740583,0.03946513961863156,7.573384586736694,117.39143453858809,283.7568824596013,18.306275994042785
2024-10-01,1,2131.0,-0.05386445975705058,45.839210155148095,0.02888599857202241,-0.05749668288367982,4443,0.06451394530192256,0.3929559480740583,0.03946513961863156,7.573384586736694,117.39143453858809,281.3801379811123,18.1529428307609
2024-10-02,1,2002.0,-0.1039458607848753,35.95505617977528,0.024980527683687158,-0.1841890790546047,4443,0.06451394530192256,0.3929559480740583,0.03946513961863156,7.573384586736694,117.39143453858809,264.34680255194127,17.05405516057406
2024-10-03,1,2058.0,-0.0727557806333015,42.7860696517413,0.02596947967598727,-0.1520395550061805,4443,0.06451394530192256,0.3929559480740583,0.03946513961863156,7.573384586736694,117.39143453858809,271.74111870724033,17.531091668562144
2024-10-04,0,2124.0,-0.03933133118645296,46.69756662804171,0.02623003274503493,-0.09114249037227218,4443,0.06451394530192256,0.3929559480740583,0.03946513961863156,7.573384586736694,117.39143453858809,280.45584846169993,18.09331326726239
2024-10-07,0,2152.0,-0.025362318840579712,40.568475452196374,0.02475350238669294,-0.03324348607367478,4443,0.06451394530192256,0.3929559480740583,0.03946513961863156,7.573384586736694,117.39143453858809,284.15300653934946,18.331831521256433
2024-10-08,0,2156.0,-0.022948917811695554,40.926640926640935,0.024556613320515314,-0.015525114155251152,4443,0.06451394530192256,0.3929559480740583,0.03946513961863156,7.573384586736694,117.39143453858809,284.68117197901364,18.365905557541293
2024-10-09,0,2227.0,0.009226697603596476,43.47290640394089,0.02522577032174126,0.0,4443,0.06451394530192256,0.3929559480740583,0.03946513961863156,7.573384586736694,117.39143453858809,294.05610853305353,18.970719701597616
2024-10-10,1,2200.0,-0.00347876503841129,41.16222760290557,0.02486643208010617,0.011959521619135272,4443,0.06451394530192256,0.3929559480740583,0.03946513961863156,7.573384586736694,117.39143453858809,290.49099181532006,18.74071995667479
2024-10-11,1,2225.0,0.007042508508943418,44.785276073619634,0.02495300738598165,0.02017423200366797,4443,-0.025251153950583763,0.38316687473990846,-0.03391068447412354,-2.9498151750482178,116.81902462045791,-754.2845459677419,19.046555192777628
2024-10-15,1,2166.0,-0.017312717770034777,41.22401847575058,0.022992922704500447,-0.057441253263707526,4443,-0.025251153950583763,0.38316687473990846,-0.03391068447412354,-2.9498151750482178,116.81902462045791,-734.2832928387096,18.541500470811837
2024-10-16,1,2128.0,-0.03158277964867575,40.15748031496063,0.023194799715345528,-0.0735742272529386,4443,-0.025251153950583763,0.38316687473990846,-0.03391068447412354,-2.9498151750482178,116.81902462045791,-721.4011298064515,18.216210988867772
2024-10-17,1,2175.0,-0.007338846596199102,44.39560439560439,0.02344169726352189,-0.0677239605657951,4443,-0.025251153950583763,0.38316687473990846,-0.03391068447412354,-2.9498151750482178,116.81902462045791,-737.3343314516129,18.618542716535433
2024-10-18,1,2347.0,0.07114169922231559,55.01432664756447,0.028553716305161878,0.0004262574595055302,4443,-0.025251153950583763,0.38316687473990846,-0.03391068447412354,-2.9498151750482178,116.81902462045791,-795.6430693870967,20.09090563480858
2024-10-21,1,2315.0,0.05644086669222196,53.831775700934585,0.028516420670365465,0.0021645021645022577,4443,-0.025251153950583763,0.38316687473990846,-0.03391068447412354,-2.9498151750482178,116.81902462045791,-784.7949320967741,19.816977650013577
2024-10-22,1,2279.0,0.040753324565249056,52.6508226691042,0.028686416780247963,-0.016824849007765263,4443,-0.025251153950583763,0.38316687473990846,-0.03391068447412354,-2.9498151750482178,116.81902462045791,-772.5907776451612,19.508808667119197
2024-10-23,1,2265.0,0.0350784191861954,53.38276181649677,0.028683544975397133,-0.016500217108119886,4443,-0.025251153950583763,0.38316687473990846,-0.03391068447412354,-2.9498151750482178,116.81902462045791,-767.8447175806451,19.388965173771382
2024-10-24,1,2200.0,0.006791264712881504,54.75285171102662,0.02916928956480179,-0.033816425120772986,4443,-0.025251153950583763,0.38316687473990846,-0.03391068447412354,-2.9498151750482178,116.81902462045791,-745.8094387096774,18.83254895465653
2024-10-25,1,2105.0,-0.0342619100051383,48.65107913669065,0.030251611858499998,-0.06110615521855489,4443,-0.025251153950583763,0.38316687473990846,-0.03391068447412354,-2.9498151750482178,116.81902462045791,-713.6040311290323,18.01932524979636
2024-10-28,1,2172.0,-0.0024067167606693714,48.41915085817525,0.030996445521877324,-0.027317510076130813,4443,-0.025251153950583763,0.38316687473990846,-0.03391068447412354,-2.9498151750482178,116.81902462045791,-736.3173185806451,18.5928619679609
2024-10-29,1,2221.0,0.020098840734140574,53.278688524590166,0.031320796607252045,0.0,4443,-0.025251153950583763,0.38316687473990846,-0.03391068447412354,-2.9498151750482178,116.81902462045791,-752.9285288064516,19.01231419467825
2024-10-30,1,2185.0,0.003693223577833292,52.41935483870967,0.031383787060818624,-0.0031934306569343374,4443,-0.025251153950583763,0.38316687473990846,-0.03391068447412354,-2.9498151750482178,116.81902462045791,-740.7243743548387,18.70414521178387
2024-10-31,1,2253.0,0.032028143723546586,61.89573459715639,0.030674253270018166,0.07285714285714295,4443,-0.025251153950583763,0.38316687473990846,-0.03391068447412354,-2.9498151750482178,116.81902462045791,-763.7766660967742,19.286242179473255
2024-11-01,1,2229.0,0.019278959594666207,58.35777126099706,0.0306635884657192,0.04402810304449645,4443,-0.025251153950583763,0.38316687473990846,-0.03391068447412354,-2.9498151750482178,116.81902462045791,-755.6405631290322,19.080796190877003
2024-11-05,1,2246.0,0.02632059952476691,56.26283367556468,0.0299813922512161,0.01767104666968744,4443,-0.025251153950583763,0.38316687473990846,-0.03391068447412354,-2.9498151750482178,116.81902462045791,-761.403636064516,19.226320432799348
2024-11-06,1,2319.0,0.05639577259475227,58.194308145240434,0.030047160856904686,0.07910656119125181,4443,-0.025251153950583763,0.38316687473990846,-0.03391068447412354,-2.9498151750482178,116.81902462045791,-786.1509492580644,19.85121864811295
2024-11-07,1,2164.0,-0.01480523737548485,50.341880341880334,0.03312574468359296,0.015485687470671028,4443,-0.025251153950583763,0.38316687473990846,-0.03391068447412354,-2.9498151750482178,116.81902462045791,-733.6052842580644,18.52437997176215
2024-11-08,1,2282.0,0.033645570996322094,52.259654889071484,0.032179185542287804,0.1398601398601398,4443,-0.025251153950583763,0.38316687473990846,-0.03391068447412354,-2.9498151750482178,116.81902462045791,-773.607790516129,19.534489415693727
2024-11-11,1,2278.0,0.02773717358742534,53.266331658291456,0.03187137071927257,0.10689990281827022,4443,-0.025251153950583763,0.38316687473990846,-0.03391068447412354,-2.9498151750482178,116.81902462045791,-772.2517733548386,19.500248417594353
2024-11-12,1,2156.0,-0.027865452249977534,47.327652982184354,0.03335758114077068,0.015065913370998052,4443,-0.025251153950583763,0.38316687473990846,-0.03391068447412354,-2.9498151750482178,116.81902462045791,-730.8932499354838,18.4558979755634
2024-11-13,1,2122.0,-0.042677975277451916,48.262243285939974,0.03342425130016886,-0.013940520446096616,4443,-0.025251153950583763,0.38316687473990846,-0.03391068447412354,-2.9498151750482178,116.81902462045791,-719.3671040645161,18.16484949171871
2024-11-14,1,2106.0,-0.049038201029531256,49.11575562700965,0.0334549973470633,-0.023191094619666064,4443,-0.025251153950583763,0.38316687473990846,-0.03391068447412354,-2.9498151750482178,116.81902462045791,-713.9430354193548,18.027885499321204
2024-11-15,1,2029.0,-0.08051915094168609,44.27001569858712,0.033456925920899085,-0.08890884598114057,4443,-0.025251153950583763,0.38316687473990846,-0.03391068447412354,-2.9498151750482178,116.81902462045791,-687.8397050645161,17.368746285908227
2024-11-18,1,1986.0,-0.0965006460065874,34.235807860262014,0.03360673338296542,-0.09727272727272729,4443,-0.025251153950583763,0.38316687473990846,-0.03391068447412354,-2.9498151750482178,116.81902462045791,-673.2625205806452,17.00065555633994
2024-11-19,1,1968.0,-0.10048266783677057,34.659593280282934,0.033477209079116256,-0.11550561797752812,4443,-0.025251153950583763,0.38316687473990846,-0.03391068447412354,-2.9498151750482178,116.81902462045791,-667.1604433548387,16.84657106489275
2024-11-20,1,1975.0,-0.09411980552242906,36.206896551724135,0.03318703933933951,-0.08818097876269626,4443,-0.025251153950583763,0.38316687473990846,-0.03391068447412354,-2.9498151750482178,116.81902462045791,-669.5334733870967,16.906492811566658
2024-11-21,1,1969.0,-0.09422956611342147,36.471663619744064,0.033051607089247086,-0.0747180451127819,4443,-0.025251153950583763,0.38316687473990846,-0.03391068447412354,-2.9498151750482178,116.81902462045791,-667.4994476451612,16.855131314417594
2024-11-22,1,2016.0,-0.06988761141971322,41.44981412639406,0.033108941542142195,-0.07310344827586202,4443,-0.025251153950583763,0.38316687473990846,-0.03391068447412354,-2.9498151750482178,116.81902462045791,-683.4326492903225,17.257463042085256
2024-11-25,1,2011.0,-0.06640545208074129,45.233265720081135,0.028420968417080847,-0.14316148274392837,4443,-0.025251153950583763,0.38316687473990846,-0.03391068447412354,-2.9498151750482178,116.81902462045791,-681.7376278387096,17.214661794461037
2024-11-26,1,2029.0,-0.05301969569681691,42.36926360725721,0.028519376867184292,-0.1235421166306695,4443,-0.025251153950583763,0.38316687473990846,-0.03391068447412354,-2.9498151750482178,116.81902462045791,-687.8397050645161,17.368746285908227
2024-11-27,0,2057.0,-0.03595598297808513,41.048034934497814,0.028665010939748402,-0.09741114523913996,4443,-0.025251153950583763,0.38316687473990846,-0.03391068447412354,-2.9498151750482178,116.81902462045791,-697.3318251935483,17.608433272603854
2024-11-28,1,2053.0,-0.033991455082719974,42.53393665158371,0.028662359337200606,-0.09359823399558498,4443,-0.025251153950583763,0.38316687473990846,-0.03391068447412354,-2.9498151750482178,116.81902462045791,-695.975808032258,17.57419227450448
2024-11-29,0,2108.0,-0.006391523218763526,41.67623421354765,0.028780035810641064,-0.041818181818181865,4443,-0.025251153950583763,0.38316687473990846,-0.03391068447412354,-2.9498151750482178,116.81902462045791,-714.621044,18.045005998370893
2024-12-02,0,2135.0,0.005766078124705468,44.62242562929062,0.02753724058143361,0.014251781472684133,4443,-0.025251153950583763,0.38316687473990846,-0.03391068447412354,-2.9498151750482178,116.81902462045791,-723.7741598387096,18.276132735541676
2024-12-03,0,2168.0,0.021388862715537593,45.61797752808989,0.026960517912303972,-0.0018416206261510082,4443,-0.025251153950583763,0.38316687473990846,-0.03391068447412354,-2.9498151750482178,116.81902462045791,-734.9613014193548,18.558620969861526
2024-12-04,0,2178.0,0.02693221681566137,41.47521160822249,0.026578752613058296,-0.019360648356596122,4443,-0.025251153950583763,0.38316687473990846,-0.03391068447412354,-2.9498151750482178,116.81902462045791,-738.3513443225806,18.644223465109963
2024-12-05,0,2172.0,0.024354354920862433,50.58997050147493,0.02638161896547756,-0.00594965675057213,4443,-0.025251153950583763,0.38316687473990846,-0.03391068447412354,-2.9498151750482178,116.81902462045791,-736.3173185806451,18.5928619679609
2024-12-06,0,2156.0,0.018672512851527056,39.0625,0.02560750544092158,-0.04305370616955173,4443,-0.025251153950583763,0.38316687473990846,-0.03391068447412354,-2.9498151750482178,116.81902462045791,-730.8932499354838,18.4558979755634
2024-12-09,0,2245.0,0.060402811366384576,47.50378214826021,0.026902730955169846,0.007178106774338167,4443,-0.025251153950583763,0.38316687473990846,-0.03391068447412354,-2.9498151750482178,116.81902462045791,-761.0646317741935,19.217760183274503
2024-12-10,0,2289.0,0.08030809310754934,61.4065180102916,0.027137873358237512,0.019145146927871837,4443,-0.025251153950583763,0.38316687473990846,-0.03391068447412354,-2.9498151750482178,116.81902462045791,-775.9808205483871,19.594411162367635
2024-12-11,0,2257.0,0.06645372242907628,61.61790017211704,0.026482297439777123,-0.026735661923242726,4443,-0.025251153950583763,0.38316687473990846,-0.03391068447412354,-2.9498151750482178,116.81902462045791,-765.1326832580645,19.32048317757263
2024-12-12,0,2366.0,0.11370525879761252,69.28783382789318,0.024441526315192186,0.09334565619223656,4443,-0.025251153950583763,0.38316687473990846,-0.03391068447412354,-2.9498151750482178,116.81902462045791,-802.0841509032258,20.253550375780613
2024-12-13,0,2389.0,0.12227066030290513,79.03225806451613,0.022102238124711345,0.04688869412795804,4443,-0.025251153950583763,0.38316687473990846,-0.03391068447412354,-2.9498151750482178,116.81902462045791,-809.8812495806451,20.45043611485202
2024-12-16,0,2390.0,0.12038252390774433,84.94809688581316,0.022090854687446624,0.04916593503072875,4443,-0.025251153950583763,0.38316687473990846,-0.03391068447412354,-2.9498151750482178,116.81902462045791,-810.2202538709677,20.458996364376866
2024-12-17,0,2455.0,0.14443677860858872,88.96000000000001,0.019337432895153894,0.13868274582560303,4443,-0.025251153950583763,0.38316687473990846,-0.03391068447412354,-2.9498151750482178,116.81902462045791,-832.2555327419354,21.015412583491717
2024-12-18,0,2426.0,0.1245434149778428,84.85316846986089,0.019172527914276146,0.14326107445805847,4443,-0.025251153950583763,0.38316687473990846,-0.03391068447412354,-2.9498151750482178,116.81902462045791,-822.4244083225806,20.767165347271245
2024-12-19,0,2407.0,0.10954382859460848,83.18181818181819,0.0191809117101448,0.14292497625830958,4443,-0.025251153950583763,0.38316687473990846,-0.03391068447412354,-2.9498151750482178,116.81902462045791,-815.9833268064516,20.60452060629921
2024-12-20,0,2385.0,0.0922330097087379,79.05511811023622,0.0173721303208966,0.1754558896007885,4443,-0.025251153950583763,0.38316687473990846,-0.03391068447412354,-2.9498151750482178,116.81902462045791,-808.5252324193548,20.416195116752647
2024-12-23,0,2380.0,0.08213298414084091,79.05511811023622,0.016495507323524814,0.1983887210473314,4443,-0.025251153950583763,0.38316687473990846,-0.03391068447412354,-2.9498151750482178,116.81902462045791,-806.8302109677419,20.373393869128428
2024-12-24,0,2345.0,0.058958472570943415,74.23312883435582,0.01676644048393521,0.19156504065040658,4443,-0.025251153950583763,0.38316687473990846,-0.03391068447412354,-2.9498151750482178,116.81902462045791,-794.9650608064516,20.073785135758893
2024-12-25,0,2289.0,0.02784014369106421,67.05882352941177,0.017874092853676034,0.1589873417721519,4443,-0.025251153950583763,0.38316687473990846,-0.03391068447412354,-2.9498151750482178,116.81902462045791,-775.9808205483871,19.594411162367635
2024-12-26,0,2270.0,0.013827354580534532,65.61151079136691,0.018016258812880895,0.15286947689182329,4443,-0.025251153950583763,0.38316687473990846,-0.03391068447412354,-2.9498151750482178,116.81902462045791,-769.539739032258,19.4317664213956
2024-12-27,0,2327.0,0.03354238101160125,65.71018651362985,0.018069541667738803,0.15426587301587302,4443,-0.025251153950583763,0.38316687473990846,-0.03391068447412354,-2.9498151750482178,116.81902462045791,-788.8629835806452,19.919700644311703
2024-12-30,0,2295.0,0.014212228880521757,61.396011396011396,0.018424731223268785,0.1412232720039781,4443,-0.025251153950583763,0.38316687473990846,-0.03391068447412354,-2.9498151750482178,116.81902462045791,-778.0148462903226,19.645772659516698
2025-01-06,0,2123.0,-0.06335480455307506,47.32461355529132,0.024425427131787927,0.046328240512567787,4443,-0.025251153950583763,0.38316687473990846,-0.03391068447412354,-2.9498151750482178,116.81902462045791,-719.7061083548386,18.17340974124355
2025-01-07,0,2128.0,-0.06232374506486184,47.00956937799043,0.024304015418951448,0.034516285853184225,4443,-0.025251153950583763,0.38316687473990846,-0.03391068447412354,-2.9498151750482178,116.81902462045791,-721.4011298064515,18.216210988867772
2025-01-08,0,2136.0,-0.060173533501117676,47.85202863961813,0.024295682966139542,0.04042864101315158,4443,-0.025251153950583763,0.38316687473990846,-0.03391068447412354,-2.9498151750482178,116.81902462045791,-724.1131641290322,18.28469298506652
2025-01-09,0,2199.0,-0.034001054296257285,52.429378531073446,0.024416960376059876,0.04316888045540801,4443,-0.025251153950583763,0.38316687473990846,-0.03391068447412354,-2.9498151750482178,116.81902462045791,-745.4704344193548,18.823988705131686
2025-01-10,0,2445.0,0.06824536875218447,59.59692898272552,0.032834191109980794,0.14519906323185006,4443,-0.025251153950583763,0.38316687473990846,-0.03391068447412354,-2.9498151750482178,116.81902462045791,-828.8654898387097,20.92981008824328
2025-01-14,0,2450.0,0.06518034155333731,58.02592223330009,0.03278181389787035,0.13007380073800734,4443,0.02039775624681285,0.40372638838849145,0.00912354172898594,2.534291257414267,124.24362889473444,966.7397118750001,19.719320996940336
2025-01-15,0,2345.0,0.016577363921690933,54.08921933085502,0.03417494860780549,0.07667584940312211,4443,0.02039775624681285,0.40372638838849145,0.00912354172898594,2.534291257414267,124.24362889473444,925.3080099375001,18.87420723992861
2025-01-16,0,2215.0,-0.040494177987247026,43.11759343664539,0.036144742268699466,0.01979742173112342,4443,0.02039775624681285,0.40372638838849145,0.00912354172898594,2.534291257414267,124.24362889473444,874.0116170625,17.82787592172361
2025-01-17,0,2239.0,-0.03149061337485949,43.169398907103826,0.03614408860624549,0.03849721706864573,4443,0.02039775624681285,0.40372638838849145,0.00912354172898594,2.534291257414267,124.24362889473444,883.4817203625,18.021044780469147
2025-01-20,0,2378.0,0.026273995304516,49.51456310679612,0.03730371804415962,0.0592427616926503,4443,0.02039775624681285,0.40372638838849145,0.00912354172898594,2.534291257414267,124.24362889473444,938.3294019750001,19.139814420703722
2025-01-21,0,2330.0,0.004847418447790966,44.872846595570145,0.03741282400277,0.017911751856706015,4443,0.02039775624681285,0.40372638838849145,0.00912354172898594,2.534291257414267,124.24362889473444,919.3891953750001,18.753476703212648
2025-01-22,0,2299.0,-0.009239626967299328,44.7993447993448,0.037401523440359685,0.018608772707133348,4443,0.02039775624681285,0.40372638838849145,0.00912354172898594,2.534291257414267,124.24362889473444,907.1569786125001,18.503966927332993
2025-01-23,0,2308.0,-0.0043656066122547115,45.91246903385632,0.03611394401737384,-0.024513947590870666,4443,0.02039775624681285,0.40372638838849145,0.00912354172898594,2.534291257414267,124.24362889473444,910.70826735,18.57640524936257
2025-01-24,0,2356.0,0.01691988950276235,48.82780921584479,0.03631040810825684,-0.013813311008790241,4443,0.02039775624681285,0.40372638838849145,0.00912354172898594,2.534291257414267,124.24362889473444,929.64847395,18.962742966853646
2025-01-27,0,2385.0,0.029526029526029566,50.19825535289453,0.03639301117222631,-0.0020920502092049986,4443,0.02039775624681285,0.40372638838849145,0.00912354172898594,2.534291257414267,124.24362889473444,941.0915154375001,19.196155337837837
2025-01-28,0,2433.0,0.050645155718308,53.453689167974886,0.036204204722860234,-0.008961303462321824,4443,0.02039775624681285,0.40372638838849145,0.00912354172898594,2.534291257414267,124.24362889473444,960.0317220375001,19.582493055328914
2025-01-29,0,2524.0,0.08809987756720876,58.97631779984721,0.03685274628998638,0.04039571310799661,4443,0.02039775624681285,0.40372638838849145,0.00912354172898594,2.534291257414267,124.24362889473444,995.9391970500001,20.314924978072412
2025-01-30,0,2489.0,0.07149622027448209,58.264150943396224,0.03694103850021701,0.034067303697548734,4443,0.02039775624681285,0.40372638838849145,0.00912354172898594,2.534291257414267,124.24362889473444,982.1286297375001,20.033220392401837
2025-01-31,0,2440.0,0.04940820258739339,54.290053151100985,0.037133101697089534,0.023060796645702375,4443,0.02039775624681285,0.40372638838849145,0.00912354172898594,2.534291257414267,124.24362889473444,962.7938355000001,19.63883397246303
2025-02-03,0,2420.0,0.04009077155824517,54.78927203065134,0.037178168261597415,0.01680672268907557,4443,0.02039775624681285,0.40372638838849145,0.00912354172898594,2.534291257414267,124.24362889473444,954.9020827500001,19.477859923508415
2025-02-04,0,2432.0,0.04368723714702609,63.49344978165939,0.03703273490520167,0.037100213219616096,4443,0.02039775624681285,0.40372638838849145,0.00912354172898594,2.534291257414267,124.24362889473444,959.6371344,19.574444352881184
2025-02-05,0,2449.0,0.04810408285543101,63.872082973206574,0.03664276132403205,0.06989951944080386,4443,0.02039775624681285,0.40372638838849145,0.00912354172898594,2.534291257414267,124.24362889473444,966.3451242375,19.711272294492606
2025-02-06,0,2484.0,0.059202783605383065,64.69594594594594,0.03662228157208674,0.09427312775330399,4443,0.02039775624681285,0.40372638838849145,0.00912354172898594,2.534291257414267,124.24362889473444,980.15569155,19.992976880163184
2025-02-07,0,2491.0,0.059224737638834644,62.94326241134752,0.03636354078878344,0.07047700902449505,4443,0.02039775624681285,0.40372638838849145,0.00912354172898594,2.534291257414267,124.24362889473444,982.9178050125,20.0493177972973
2025-02-10,0,2460.0,0.043115438108483936,50.821467688937574,0.03633885995508872,0.07189542483660127,4443,0.02039775624681285,0.40372638838849145,0.00912354172898594,2.534291257414267,124.24362889473444,970.68558825,19.799808021417643
2025-02-12,0,2481.0,0.04567064535707066,51.66846071044134,0.03246862546734617,0.1686292981629769,4443,0.02039775624681285,0.40372638838849145,0.00912354172898594,2.534291257414267,124.24362889473444,978.9719286375001,19.96883077281999
2025-02-13,0,2491.0,0.04349938839457772,58.75299760191847,0.032460916807113646,0.17058270676691722,4443,0.02039775624681285,0.40372638838849145,0.00912354172898594,2.534291257414267,124.24362889473444,982.9178050125,20.0493177972973
2025-02-14,0,2508.0,0.044112504371284424,70.31900138696255,0.032454697750078185,0.1741573033707866,4443,0.02039775624681285,0.40372638838849145,0.00912354172898594,2.534291257414267,124.24362889473444,989.62579485,20.18614573890872
2025-02-17,0,2500.0,0.035591198303287414,68.51063829787233,0.03216504012287304,0.13688040018190084,4443,0.02039775624681285,0.40372638838849145,0.00912354172898594,2.534291257414267,124.24362889473444,986.4690937500001,20.121756119326875
2025-02-18,0,2459.0,0.01837126859490447,56.67215815485996,0.023602360186865415,0.00572597137014319,4443,0.02039775624681285,0.40372638838849145,0.00912354172898594,2.534291257414267,124.24362889473444,970.2910006125,19.791759318969913
2025-02-19,0,2378.0,-0.013998076093807101,53.75,0.02452576382308303,-0.029387755102040836,4443,0.02039775624681285,0.40372638838849145,0.00912354172898594,2.534291257414267,124.24362889473444,938.3294019750001,19.139814420703722
2025-02-20,0,2385.0,-0.011751251367388258,56.98051948051949,0.02291935045505582,0.017057569296375252,4443,0.02039775624681285,0.40372638838849145,0.00912354172898594,2.534291257414267,124.24362889473444,941.0915154375001,19.196155337837837
2025-02-21,0,2340.0,-0.0324021237532874,52.45398773006136,0.0201747147181795,0.05643340857787815,4443,0.02039775624681285,0.40372638838849145,0.00912354172898594,2.534291257414267,124.24362889473444,923.3350717500001,18.833963727689955
2025-02-25,0,2280.0,-0.05785123966942149,44.27710843373494,0.020846395507954456,0.01831174631531929,4443,0.02039775624681285,0.40372638838849145,0.00912354172898594,2.534291257414267,124.24362889473444,899.6598135,18.35104158082611
2025-02-26,0,2201.0,-0.08782719692322997,37.11484593837536,0.017774334466710916,-0.07443229604709845,4443,0.02039775624681285,0.40372638838849145,0.00912354172898594,2.534291257414267,124.24362889473444,868.4873901375,17.71519408745538
2025-02-27,0,2130.0,-0.11431565291153138,29.44369063772048,0.018414942341952987,-0.0858369098712446,4443,0.02039775624681285,0.40372638838849145,0.00912354172898594,2.534291257414267,124.24362889473444,840.4716678750001,17.143736213666497
2025-02-28,0,2047.0,-0.14524561139783873,17.28395061728395,0.019661918810716147,-0.10961287516311435,4443,0.02039775624681285,0.40372638838849145,0.00912354172898594,2.534291257414267,124.24362889473444,807.7208939625001,16.475693910504845
2025-03-03,0,2126.0,-0.10955117358307223,26.520051746442434,0.02142096250740037,-0.07885615251299827,4443,0.02039775624681285,0.40372638838849145,0.00912354172898594,2.534291257414267,124.24362889473444,838.8933173250001,17.111541403875574
2025-03-04,0,2084.0,-0.12314657421276733,26.762402088772845,0.021071716922933918,-0.11544991511035652,4443,0.02039775624681285,0.40372638838849145,0.00912354172898594,2.534291257414267,124.24362889473444,822.32063655,16.77349590107088
2025-03-05,1,2026.0,-0.1423685190829355,25.49751243781094,0.021251651665902024,-0.15052410901467506,4443,0.02039775624681285,0.40372638838849145,0.00912354172898594,2.534291257414267,124.24362889473444,799.4345535750001,16.3066711591025
2025-03-06,1,2018.0,-0.13970976928192616,24.125,0.02053840404083178,-0.1705713111385121,4443,0.02039775624681285,0.40372638838849145,0.00912354172898594,2.534291257414267,124.24362889473444,796.277852475,16.242281539520654
2025-03-07,1,1989.0,-0.1442658497969299,21.674876847290633,0.01834104924467583,-0.21196513470681455,4443,0.02039775624681285,0.40372638838849145,0.00912354172898594,2.534291257414267,124.24362889473444,784.8348109875001,16.00886916853646
2025-03-10,1,1988.0,-0.13725762494141344,18.123393316195376,0.018397704545622274,-0.2012856568903174,4443,0.02039775624681285,0.40372638838849145,0.00912354172898594,2.534291257414267,124.24362889473444,784.4402233500001,16.00082046608873
2025-03-11,1,1946.0,-0.14817992401029537,16.48216482164821,0.018435472077975947,-0.20245901639344266,4443,0.02039775624681285,0.40372638838849145,0.00912354172898594,2.534291257414267,124.24362889473444,767.867542575,15.662774963284038
2025-03-12,1,1956.0,-0.1367897050256845,18.181818181818187,0.01864670152464244,-0.19173553719008263,4443,0.02039775624681285,0.40372638838849145,0.00912354172898594,2.534291257414267,124.24362889473444,771.81341895,15.743261987761347
2025-03-13,1,1970.0,-0.12346272269386158,17.452229299363054,0.01871695071080232,-0.18996710526315785,4443,0.02039775624681285,0.40372638838849145,0.00912354172898594,2.534291257414267,124.24362889473444,777.337645875,15.855943822029577
2025-03-14,1,1941.0,-0.12848650299035538,15.796019900497512,0.01848391172403941,-0.20743160473662714,4443,0.02039775624681285,0.40372638838849145,0.00912354172898594,2.534291257414267,124.24362889473444,765.8946043875001,15.622531451045385
2025-03-17,1,1971.0,-0.10678678896421703,17.1358629130967,0.018546647610584926,-0.2065217391304348,4443,0.02039775624681285,0.40372638838849145,0.00912354172898594,2.534291257414267,124.24362889473444,777.7322335125001,15.863992524477307
2025-03-18,1,1991.0,-0.0894706033000402,19.300361881785292,0.018798190868788964,-0.2007226013649137,4443,0.02039775624681285,0.40372638838849145,0.00912354172898594,2.534291257414267,124.24362889473444,785.6239862625,16.02496657343192
2025-03-19,1,2012.0,-0.07226382382234674,22.373300370828176,0.019168756444810958,-0.1821138211382114,4443,0.02039775624681285,0.40372638838849145,0.00912354172898594,2.534291257414267,124.24362889473444,793.9103266500001,16.19398932483427
2025-03-21,1,2010.0,-0.06506409660074056,24.79452054794521,0.018922856161175308,-0.1898428053204353,4443,0.02039775624681285,0.40372638838849145,0.00912354172898594,2.534291257414267,124.24362889473444,793.1211513750001,16.17789191993881
2025-03-24,1,2036.0,-0.044884785708924346,26.702269692923906,0.01924400427974332,-0.1826575672420715,4443,0.02039775624681285,0.40372638838849145,0.00912354172898594,2.534291257414267,124.24362889473444,803.3804299500001,16.387158183579807
2025-03-25,1,2040.0,-0.03452975920036349,28.813559322033896,0.019113623026679457,-0.1866028708133971,4443,0.02039775624681285,0.40372638838849145,0.00912354172898594,2.534291257414267,124.24362889473444,804.9587805000001,16.41935299337073
2025-03-26,1,2035.0,-0.02834278729540295,31.240428790199076,0.0191220219830715,-0.18600000000000005,4443,0.02039775624681285,0.40372638838849145,0.00912354172898594,2.534291257414267,124.24362889473444,802.9858423125,16.379109481132076
2025-03-27,1,2039.0,-0.01856023412079552,35.98615916955018,0.01913950760693145,-0.17080113867425784,4443,0.02039775624681285,0.40372638838849145,0.00912354172898594,2.534291257414267,124.24362889473444,804.5641928625,16.411304290923
2025-03-28,1,1989.0,-0.03540252182347236,37.342908438061045,0.01873923601416348,-0.16358284272497903,4443,0.02039775624681285,0.40372638838849145,0.00912354172898594,2.534291257414267,124.24362889473444,784.8348109875001,16.00886916853646
2025-03-31,1,1914.0,-0.06321580297186714,37.88706739526411,0.019589350939307092,-0.1974842767295597,4443,0.02039775624681285,0.40372638838849145,0.00912354172898594,2.534291257414267,124.24362889473444,755.240738175,15.405216484956656
2025-04-01,1,1818.0,-0.10101469628340289,22.79151943462898,0.021206993674800726,-0.22307692307692306,4443,0.02039775624681285,0.40372638838849145,0.00912354172898594,2.534291257414267,124.24362889473444,717.360324975,14.632541049974503
2025-04-02,1,1894.0,-0.056227701261685,34.16666666666667,0.023298371174793085,-0.16929824561403506,4443,0.02039775624681285,0.40372638838849145,0.00912354172898594,2.534291257414267,124.24362889473444,747.348985425,15.24424243600204
2025-04-03,1,1874.0,-0.060067410320199015,36.47686832740214,0.02260050739832574,-0.14856883234893226,4443,0.02039775624681285,0.40372638838849145,0.00912354172898594,2.534291257414267,124.24362889473444,739.4572326750001,15.083268387047426
2025-04-04,1,1824.0,-0.07949452945213774,33.94039735099338,0.022358459378148603,-0.14366197183098595,4443,0.02039775624681285,0.40372638838849145,0.00912354172898594,2.534291257414267,124.24362889473444,719.7278508,14.680833264660887
2025-04-07,1,1651.0,-0.1600870945423467,27.406417112299465,0.027903037540860008,-0.19345383488031265,4443,0.02039775624681285,0.40372638838849145,0.00912354172898594,2.534291257414267,124.24362889473444,651.4641895125001,13.288407741203468
2025-04-08,1,1748.0,-0.1038471003199081,35.78199052132702,0.029553485997646872,-0.17779868297271872,4443,0.02039775624681285,0.40372638838849145,0.00912354172898594,2.534291257414267,124.24362889473444,689.7391903500001,14.06913187863335
2025-04-09,1,1817.0,-0.06334412437882761,42.5947187141217,0.030864405338878315,-0.12811900191938574,4443,0.02039775624681285,0.40372638838849145,0.00912354172898594,2.534291257414267,124.24362889473444,716.9657373375001,14.624492347526772
2025-04-10,1,1939.0,0.0013426977897128222,49.1353001017294,0.03365628639948403,-0.04294175715695958,4443,0.02039775624681285,0.40372638838849145,0.00912354172898594,2.534291257414267,124.24362889473444,765.1054291125,15.606434046149923
2025-04-11,1,1940.0,0.0034759579574609096,48.45360824742268,0.03365296070877404,-0.038652130822596664,4443,0.09842245679155551,0.4322928419205215,0.060699489353502264,13.425321919758062,136.4050680851317,144.5030526340601,14.222345454123653
2025-04-14,1,1924.0,-0.0034599208569001923,49.11180773249739,0.03357397628015713,-0.0326797385620915,4443,0.09842245679155551,0.4322928419205215,0.060699489353502264,13.425321919758062,136.4050680851317,143.31127488037714,14.105047759656653
2025-04-15,1,1959.0,0.015278411211078412,49.37629937629937,0.033787916693024445,-0.014587525150905445,4443,0.09842245679155551,0.4322928419205215,0.060699489353502264,13.425321919758062,136.4050680851317,145.91828871655864,14.361636466303214
2025-04-16,1,1882.0,-0.023332087848216897,44.65161923454367,0.034449934370090224,-0.03288797533401855,4443,0.09842245679155551,0.4322928419205215,0.060699489353502264,13.425321919758062,136.4050680851317,140.18285827695934,13.79714131168078
2025-04-17,0,1926.0,0.00012462612163509945,45.87332053742802,0.03477172924375556,-0.015337423312883458,4443,0.09842245679155551,0.4322928419205215,0.060699489353502264,13.425321919758062,136.4050680851317,143.4602470995875,14.119709971465028
2025-04-18,0,1928.0,0.0020373373248513955,46.06525911708253,0.03474054777213205,-0.02131979695431474,4443,0.09842245679155551,0.4322928419205215,0.060699489353502264,13.425321919758062,136.4050680851317,143.60921931879787,14.134372183273403
2025-04-21,1,1959.0,0.017768079800498777,46.32282712511939,0.03475303546039018,0.009273570324574987,4443,0.09842245679155551,0.4322928419205215,0.060699489353502264,13.425321919758062,136.4050680851317,145.91828871655864,14.361636466303214
2025-04-22,1,1949.0,0.013035885067986157,45.67901234567901,0.03463871473891227,-0.011161846778285134,4443,0.09842245679155551,0.4322928419205215,0.060699489353502264,13.425321919758062,136.4050680851317,145.17342762050677,14.28832540726134
2025-04-23,1,1928.0,0.0034349953159154307,44.995322731524794,0.0346394657717035,-0.03164239075841291,4443,0.09842245679155551,0.4322928419205215,0.060699489353502264,13.425321919758062,136.4050680851317,143.60921931879787,14.134372183273403
2025-04-24,1,1894.0,-0.011832961162009341,43.40309372156506,0.03471659103198013,-0.05864811133200798,4443,0.09842245679155551,0.4322928419205215,0.060699489353502264,13.425321919758062,136.4050680851317,141.07669159222155,13.88511458253103
2025-04-25,1,1920.0,0.0036172036715663085,46.790697674418595,0.03485593064212319,-0.04477611940298509,4443,0.09842245679155551,0.4322928419205215,0.060699489353502264,13.425321919758062,136.4050680851317,143.01333044195638,14.075723336039903
2025-04-28,0,2012.0,0.05223521536305259,54.48717948717948,0.03612767313632265,-0.011787819253438081,4443,0.09842245679155551,0.4322928419205215,0.060699489353502264,13.425321919758062,136.4050680851317,149.86605252563345,14.75018507922515
2025-04-30,0,1948.0,0.020728972354383656,56.13207547169811,0.036684491691191576,-0.045098039215686225,4443,0.09842245679155551,0.4322928419205215,0.060699489353502264,13.425321919758062,136.4050680851317,145.0989415109016,14.280994301357152
2025-05-01,0,1977.0,0.03718548674794877,54.09674234945706,0.03682333486083518,-0.028501228501228493,4443,0.09842245679155551,0.4322928419205215,0.060699489353502264,13.425321919758062,136.4050680851317,147.25903868945196,14.493596372578589
2025-05-02,0,1947.0,0.0234225520909989,53.567937438905176,0.036934929427034045,-0.045120156939676304,4443,0.09842245679155551,0.4322928419205215,0.060699489353502264,13.425321919758062,136.4050680851317,145.0244554012964,14.273663195452965
2025-05-07,0,1985.0,0.043484660512647995,57.9624134520277,0.03682554533563322,-0.002011060834590239,4443,0.09842245679155551,0.4322928419205215,0.060699489353502264,13.425321919758062,136.4050680851317,147.85492756629344,14.552245219812088
2025-05-08,0,2036.0,0.06755594706264809,71.65354330708662,0.03625788798796753,0.0637408568443052,4443,0.09842245679155551,0.4322928419205215,0.060699489353502264,13.425321919758062,136.4050680851317,151.6537191561579,14.926131620925648
2025-05-09,0,2042.0,0.0656952591695719,68.42105263157895,0.03452100466181322,0.12321232123212322,4443,0.09842245679155551,0.4322928419205215,0.060699489353502264,13.425321919758062,136.4050680851317,152.10063581378904,14.970118256350773
2025-05-12,0,1999.0,0.040972337943676086,61.78756476683938,0.034032459083021924,0.05543822597676873,4443,0.09842245679155551,0.4322928419205215,0.060699489353502264,13.425321919758062,136.4050680851317,148.89773310076606,14.654880702470713
2025-05-13,0,2040.0,0.05866234898492961,57.3082489146165,0.03409445579624697,0.08858057630736393,4443,0.09842245679155551,0.4322928419205215,0.060699489353502264,13.425321919758062,136.4050680851317,151.95166359457866,14.955456044542398
2025-05-14,0,2030.0,0.04898718478710208,56.42857142857142,0.033552711676194974,0.11293859649122817,4443,0.09842245679155551,0.4322928419205215,0.060699489353502264,13.425321919758062,136.4050680851317,151.2068024985268,14.882144985500522
2025-05-15,0,2060.0,0.05556580376724265,59.523809523809526,0.026378849137935423,0.2477286493034525,4443,0.09842245679155551,0.4322928419205215,0.060699489353502264,13.425321919758062,136.4050680851317,153.44138578668236,15.102078162626146
2025-05-16,0,2068.0,0.052760186523855154,57.9330422125182,0.024285651766413004,0.18306636155606415,4443,0.09842245679155551,0.4322928419205215,0.060699489353502264,13.425321919758062,136.4050680851317,154.03727466352385,15.160727009859647
2025-05-19,0,2050.0,0.038668882493615955,63.37579617834395,0.02350252327132982,0.12823335167859118,4443,0.09842245679155551,0.4322928419205215,0.060699489353502264,13.425321919758062,136.4050680851317,152.69652469063053,15.028767103584272
2025-05-20,0,1974.0,-0.0005468132936387018,53.63636363636363,0.021165519887033225,0.018050541516245522,4443,0.09842245679155551,0.4322928419205215,0.060699489353502264,13.425321919758062,136.4050680851317,147.0355803606364,14.471603054866026
2025-05-21,0,1818.0,-0.0772510405035022,43.24324324324324,0.026529534368079654,-0.06288659793814433,4443,0.09842245679155551,0.4322928419205215,0.060699489353502264,13.425321919758062,136.4050680851317,135.41574726222746,13.327950533812784
2025-05-22,0,1863.0,-0.05323819978046103,44.20289855072463,0.027034884242918694,-0.03170478170478175,4443,0.09842245679155551,0.4322928419205215,0.060699489353502264,13.425321919758062,136.4050680851317,138.7676221944608,13.657850299501218
2025-05-23,0,1865.0,-0.050407331975560084,44.8780487804878,0.026745627328828063,-0.04798366513527308,4443,0.09842245679155551,0.4322928419205215,0.060699489353502264,13.425321919758062,136.4050680851317,138.9165944136712,13.672512511309593
2025-05-26,0,1886.0,-0.03979309221244709,47.4390243902439,0.02566679424467191,0.002125398512220933,4443,0.09842245679155551,0.4322928419205215,0.060699489353502264,13.425321919758062,136.4050680851317,140.48080271538007,13.82646573529753
2025-05-27,0,1914.0,-0.02529943779027136,51.22850122850122,0.025403966431727078,-0.006230529595015577,4443,0.09842245679155551,0.4322928419205215,0.060699489353502264,13.425321919758062,136.4050680851317,142.56641378432528,14.031736700614779
2025-05-28,0,1893.0,-0.03530586868336831,48.331273176761435,0.02549819537545584,-0.018153526970954403,4443,0.09842245679155551,0.4322928419205215,0.060699489353502264,13.425321919758062,136.4050680851317,141.00220548261638,13.877783476626842
2025-05-29,0,1893.0,-0.03400624604519202,41.701534170153415,0.025266571662419197,-0.03369065849923425,4443,0.09842245679155551,0.4322928419205215,0.060699489353502264,13.425321919758062,136.4050680851317,141.00220548261638,13.877783476626842
2025-05-30,0,2016.0,0.0273553752700885,54.381443298969074,0.028481890907764776,0.034376603386351956,4443,0.09842245679155551,0.4322928419205215,0.060699489353502264,13.425321919758062,136.4050680851317,150.1639969640542,14.779509502841899
2025-06-02,0,1981.0,0.008429883325527857,50.25575447570332,0.02863259083044724,0.0274896265560165,4443,0.09842245679155551,0.4322928419205215,0.060699489353502264,13.425321919758062,136.4050680851317,147.5569831278727,14.522920796195338
2025-06-03,0,2079.0,0.05434518013631942,57.764705882352935,0.02988384343224854,0.09767687434002115,4443,0.09842245679155551,0.4322928419205215,0.060699489353502264,13.425321919758062,136.4050680851317,154.8566218691809,15.241369174805708
2025-06-04,0,2067.0,0.045142891814817045,54.9757281553398,0.029878365756873547,0.07656250000000009,4443,0.09842245679155551,0.4322928419205215,0.060699489353502264,13.425321919758062,136.4050680851317,153.96278855391867,15.15339590395546
2025-06-05,0,2091.0,0.055591454303137944,53.4504391468005,0.028473066700752434,0.039264413518886654,4443,0.09842245679155551,0.4322928419205215,0.060699489353502264,13.425321919758062,136.4050680851317,155.75045518444313,15.329342445655957
2025-06-06,0,2050.0,0.032766403353216164,50.48076923076923,0.02797071860449792,0.05236139630390135,4443,0.09842245679155551,0.4322928419205215,0.060699489353502264,13.425321919758062,136.4050680851317,152.69652469063053,15.028767103584272
2025-06-09,0,2086.0,0.04859952144451374,55.27272727272727,0.028025427680045265,0.05513404147698542,4443,0.09842245679155551,0.4322928419205215,0.060699489353502264,13.425321919758062,136.4050680851317,155.3780246364172,15.29268691613502
2025-06-10,0,2086.0,0.045676932948347716,52.933673469387756,0.02778935492331311,0.07139188495120696,4443,0.09842245679155551,0.4322928419205215,0.060699489353502264,13.425321919758062,136.4050680851317,155.3780246364172,15.29268691613502
2025-06-11,0,2116.0,0.05793652380857155,55.34825870646766,0.027681991238410586,0.06599496221662471,4443,0.09842245679155551,0.4322928419205215,0.060699489353502264,13.425321919758062,136.4050680851317,157.61260792457276,15.512620093260644
2025-06-12,0,2110.0,0.053377798190786224,53.205128205128204,0.027289809046074264,0.036345776031434074,4443,0.09842245679155551,0.4322928419205215,0.060699489353502264,13.425321919758062,136.4050680851317,157.16569126694165,15.46863345783552
2025-06-13,0,2037.0,0.017035468924748307,48.16568047337278,0.028239952434720376,-0.0024485798237022793,4443,0.09842245679155551,0.4322928419205215,0.060699489353502264,13.425321919758062,136.4050680851317,151.7282052657631,14.933462726829836
2025-06-16,0,2034.0,0.01482826750753389,49.036144578313255,0.027892652428955004,0.017508754377188573,4443,0.09842245679155551,0.4322928419205215,0.060699489353502264,13.425321919758062,136.4050680851317,151.50474693694756,14.911469409117274
2025-06-17,0,2045.0,0.020214719029374193,54.64052287581699,0.027616276298424083,0.002450980392156854,4443,0.09842245679155551,0.4322928419205215,0.060699489353502264,13.425321919758062,136.4050680851317,152.3240941426046,14.992111574063335
2025-06-18,0,2120.0,0.05573483128162229,72.07602339181287,0.028516688745549818,0.044334975369458185,4443,0.09842245679155551,0.4322928419205215,0.060699489353502264,13.425321919758062,136.4050680851317,157.9105523629935,15.541944516877393
2025-06-19,0,2158.0,0.07256461232604373,71.78729689807976,0.028581700826772544,0.04757281553398052,4443,0.09842245679155551,0.4322928419205215,0.060699489353502264,13.425321919758062,136.4050680851317,160.74102452799056,15.820526541236516
2025-06-20,0,2151.0,0.06732429589345616,70.96774193548387,0.028600330414828894,0.04013539651837528,4443,0.09842245679155551,0.4322928419205215,0.060699489353502264,13.425321919758062,136.4050680851317,160.21962176075425,15.769208799907204
2025-06-23,0,2131.0,0.0557030754597337,67.98825256975036,0.028609812437234674,0.039512195121951255,4443,0.09842245679155551,0.4322928419205215,0.060699489353502264,13.425321919758062,136.4050680851317,158.72989956865055,15.622586681823456
2025-06-24,0,2202.0,0.08597017280833265,69.88950276243094,0.028068251432206683,0.11550151975683898,4443,0.09842245679155551,0.4322928419205215,0.060699489353502264,13.425321919758062,136.4050680851317,164.01841335061874,16.143095201020763
2025-06-25,0,2166.0,0.06093260188087779,68.47090663058187,0.02252369718656137,0.19141914191419152,4443,0.09842245679155551,0.4322928419205215,0.060699489353502264,13.425321919758062,136.4050680851317,161.33691340483205,15.879175388470017
2025-06-26,0,2150.0,0.047207122956728464,67.01986754966887,0.022401146181997674,0.15405260332796566,4443,0.09842245679155551,0.4322928419205215,0.060699489353502264,13.425321919758062,136.4050680851317,160.14513565114908,15.761877694003017
2025-06-27,0,2136.0,0.03492383425714171,59.28792569659443,0.02252147551019274,0.14530831099195707,4443,0.09842245679155551,0.4322928419205215,0.060699489353502264,13.425321919758062,136.4050680851317,159.10233011667648,15.659242211344393
2025-06-30,0,2136.0,0.029933652214164445,62.684124386252044,0.022517844813432088,0.13255567338282082,4443,0.09842245679155551,0.4322928419205215,0.060699489353502264,13.425321919758062,136.4050680851317,159.10233011667648,15.659242211344393
2025-07-01,0,2105.0,0.011260785180345536,52.38970588235295,0.022759752657652482,0.09979101358411713,4443,0.09842245679155551,0.4322928419205215,0.060699489353502264,13.425321919758062,136.4050680851317,156.79326071891572,15.431977928314582
2025-07-02,0,2074.0,-0.007085407889697521,50.621669626998234,0.022875159624133536,0.09561542525092448,4443,0.09842245679155551,0.4322928419205215,0.060699489353502264,13.425321919758062,136.4050680851317,154.48419132115498,15.204713645284771
2025-07-03,0,2036.0,-0.027939575654565237,45.233968804159446,0.023295164389759426,0.07554146856840993,4443,0.09842245679155551,0.4322928419205215,0.060699489353502264,13.425321919758062,136.4050680851317,151.6537191561579,14.926131620925648
2025-07-04,0,2051.0,-0.021432115729608035,50.0907441016334,0.01946060792232622,0.01736111111111116,4443,0.09842245679155551,0.4322928419205215,0.060699489353502264,13.425321919758062,136.4050680851317,152.7710108002357,15.03609820948846
2025-07-07,0,2068.0,-0.014956654282175902,48.30827067669173,0.01913284388289604,0.04391721352852085,4443,0.09842245679155551,0.4322928419205215,0.060699489353502264,13.425321919758062,136.4050680851317,154.03727466352385,15.160727009859647
2025-07-08,0,2062.0,-0.0174963787451398,47.76951672862453,0.016375116707108613,-0.008177008177008172,4443,0.09842245679155551,0.4322928419205215,0.060699489353502264,13.425321919758062,136.4050680851317,153.59035800589274,15.11674037443452
2025-07-09,0,2049.0,-0.023355576739752144,43.57005758157389,0.016383011587624185,-0.00870827285921627,4443,0.09842245679155551,0.4322928419205215,0.060699489353502264,13.425321919758062,136.4050680851317,152.62203858102532,15.021435997680085
2025-07-10,0,2024.0,-0.034037760342095796,42.03703703703704,0.016358608998665324,-0.032042085126733566,4443,0.09842245679155551,0.4322928419205215,0.060699489353502264,13.425321919758062,136.4050680851317,150.7598858408957,14.838158350075398
2025-07-11,0,2010.0,-0.03998624457902671,47.19334719334719,0.01595466084610216,-0.019512195121951237,4443,0.09842245679155551,0.4322928419205215,0.060699489353502264,13.425321919758062,136.4050680851317,149.7170803064231,14.735522867416774
2025-07-14,0,1970.0,-0.057001167978248765,43.82239382239382,0.015930601112766604,-0.0556088207094918,4443,0.026433915211970076,0.33427809269756587,0.06481181426785797,3.3513427961131885,126.78193030579138,587.824081226415,15.538491922693266
2025-07-15,0,1899.0,-0.08772098385857029,37.37024221453287,0.01729854193052494,-0.0896452540747843,4443,0.026433915211970076,0.33427809269756587,0.06481181426785797,3.3513427961131885,126.78193030579138,566.6385432735849,14.97847520872818
2025-07-16,0,1896.0,-0.08529525279814751,27.86561264822133,0.01689686784166549,-0.10396975425330812,4443,0.026433915211970076,0.33427809269756587,0.06481181426785797,3.3513427961131885,126.78193030579138,565.7433796981132,14.954812530673317
2025-07-17,0,2000.0,-0.03306903887062468,36.18881118881119,0.020625094659284405,-0.05213270142180093,4443,0.026433915211970076,0.33427809269756587,0.06481181426785797,3.3513427961131885,126.78193030579138,596.7757169811321,15.775118703241896
2025-07-18,0,1960.0,-0.05099451900916088,34.21487603305785,0.019854198157836223,-0.037800687285223344,4443,0.026433915211970076,0.33427809269756587,0.06481181426785797,3.3513427961131885,126.78193030579138,584.8402026415094,15.459616329177058
2025-07-22,0,1972.0,-0.044036377033604225,36.683417085427145,0.019910327265475,-0.03048180924287114,4443,0.026433915211970076,0.33427809269756587,0.06481181426785797,3.3513427961131885,126.78193030579138,588.4208569433962,15.554267041396509
2025-07-23,0,1952.0,-0.05202222308558991,27.10622710622711,0.019943049182500797,-0.04547677261613692,4443,0.026433915211970076,0.33427809269756587,0.06481181426785797,3.3513427961131885,126.78193030579138,582.4530997735849,15.39651585436409
2025-07-24,0,1960.0,-0.045169336295256934,30.11583011583012,0.0183323491161798,-0.07547169811320753,4443,0.026433915211970076,0.33427809269756587,0.06481181426785797,3.3513427961131885,126.78193030579138,584.8402026415094,15.459616329177058
2025-07-25,0,1922.0,-0.05935554598488703,28.888888888888886,0.01807706396567575,-0.10936051899907318,4443,0.026433915211970076,0.33427809269756587,0.06481181426785797,3.3513427961131885,126.78193030579138,573.5014640188679,15.159889073815462
2023-11-01,1,807.6,0.029713271519936316,57.376212353241435,0.018207439304930063,0.009500000000000064,4751,0.02299157866595375,0.48534613018127937,0.03409714151625852,10.533569133560599,458.149015628877,76.66916975243811,1.7627452476165426
2023-11-02,1,863.7,0.09798886374615448,66.7859984089101,0.022830462696648107,0.07212015888778556,4751,0.02299157866595375,0.48534613018127937,0.03409714151625852,10.533569133560599,458.149015628877,81.99499989497374,1.8851944903001583
2023-11-06,1,841.4,0.06645643422800405,60.31507876969241,0.022686278048319842,0.07499680592819713,4751,0.02299157866595375,0.48534613018127937,0.03409714151625852,10.533569133560599,458.149015628877,79.87795867966992,1.836520370659434
2023-11-07,1,834.6,0.05632198455891659,58.69405722670578,0.022069769058591412,0.03509859853652486,4751,0.02299157866595375,0.48534613018127937,0.03409714151625852,10.533569133560599,458.149015628877,79.23240351087772,1.8216780382129352
2023-11-08,1,820.9,0.03765857506181193,57.12245626561941,0.02217028476924928,0.03167022747266546,4751,0.02299157866595375,0.48534613018127937,0.03409714151625852,10.533569133560599,458.149015628877,77.93179971492873,1.791775103725136
2023-11-09,1,816.7,0.030369858243715842,60.10518407212623,0.021705985118314133,0.04879928085270313,4751,0.02299157866595375,0.48534613018127937,0.03409714151625852,10.533569133560599,458.149015628877,77.5330744636159,1.7826077807434748
2023-11-10,1,810.7,0.02118193589995505,53.23051271363068,0.021787716409469332,0.040292570255357596,4751,0.02299157866595375,0.48534613018127937,0.03409714151625852,10.533569133560599,458.149015628877,76.96346696174044,1.7695116050553876
2023-11-13,1,800.8,0.00798026332351524,54.99569336778637,0.021906819912477518,0.01831129196337744,4751,0.02299157866595375,0.48534613018127937,0.03409714151625852,10.533569133560599,458.149015628877,76.02361458364591,1.7479029151700436
2023-11-14,1,809.7,0.0180295715147858,58.803271631510995,0.022000940846591318,0.028582317073170715,4751,0.02299157866595375,0.48534613018127937,0.03409714151625852,10.533569133560599,458.149015628877,76.86853237809453,1.7673289091073732
2023-11-15,1,855.6,0.0717184572064174,64.15730337078651,0.024517547807337118,0.09551856594110109,4751,0.02299157866595375,0.48534613018127937,0.03409714151625852,10.533569133560599,458.149015628877,81.22602976744186,1.8675146531212405
2023-11-16,1,831.9,0.0384419501088497,58.45511482254697,0.024741702940486745,0.09044435705859222,4751,0.02299157866595375,0.48534613018127937,0.03409714151625852,10.533569133560599,458.149015628877,78.97608013503375,1.8157847591532958
2023-11-17,1,819.6,0.02184320766008376,55.686406460296105,0.02364358178999126,0.030684104627766606,4751,0.02299157866595375,0.48534613018127937,0.03409714151625852,10.533569133560599,458.149015628877,77.80838475618906,1.788937598992717
2023-11-20,1,819.7,0.01982671530449255,57.2218382861092,0.023131203373796237,0.054140946502057696,4751,0.02299157866595375,0.48534613018127937,0.03409714151625852,10.533569133560599,458.149015628877,77.81787821455364,1.7891558685875186
2023-11-21,1,846.9,0.049588046916052717,60.83517874090477,0.023738868759436916,0.10158688865764831,4751,0.02299157866595375,0.48534613018127937,0.03409714151625852,10.533569133560599,458.149015628877,80.40009888972243,1.8485251983735138
2023-11-22,1,888.8,0.09560672550663175,63.95924308588063,0.025349530985984796,0.13948717948717948,4751,0.02299157866595375,0.48534613018127937,0.03409714151625852,10.533569133560599,458.149015628877,84.37785794448612,1.9399801585953231
2023-11-24,1,925.4,0.13278591398955106,67.94803817603392,0.026328279867319934,0.1814119749776586,4751,0.02299157866595375,0.48534613018127937,0.03409714151625852,10.533569133560599,458.149015628877,87.85246370592648,2.0198668302926555
2023-11-27,1,889.9,0.08380587708016667,65.48288196218701,0.027847647529837975,0.13247645711376954,4751,0.02299157866595375,0.48534613018127937,0.03409714151625852,10.533569133560599,458.149015628877,84.48228598649662,1.942381124138139
2023-11-28,1,902.2,0.09217248141781481,66.15731462925851,0.027706254676412658,0.15978917598663078,4751,0.02299157866595375,0.48534613018127937,0.03409714151625852,10.533569133560599,458.149015628877,85.64998136534135,1.969228284298718
2023-11-29,1,898.5,0.08140441757014381,65.66384883142715,0.027762869988919893,0.1542908530318603,4751,0.02299157866595375,0.48534613018127937,0.03409714151625852,10.533569133560599,458.149015628877,85.29872340585146,1.961152309291064
2023-11-30,1,894.6,0.07146450249840706,63.48675752121367,0.027711696358304106,0.12826333711691262,4751,0.02299157866595375,0.48534613018127937,0.03409714151625852,10.533569133560599,458.149015628877,84.92847852963241,1.9526397950938075
2023-12-01,1,866.8,0.03436260447444171,57.42226680040119,0.0286050364417045,0.0972151898734177,4751,0.02299157866595375,0.48534613018127937,0.03409714151625852,10.533569133560599,458.149015628877,82.28929710427607,1.891960847739003
2023-12-04,1,836.1,-0.005471630783870611,46.30423138725228,0.02903443606158677,0.08768049954468582,4751,0.02299157866595375,0.48534613018127937,0.03409714151625852,10.533569133560599,458.149015628877,79.3748053863466,1.824952082134957
2023-12-05,1,858.7,0.01727242572146145,52.314690928552324,0.029404423278004087,0.11057941024314544,4751,0.02299157866595375,0.48534613018127937,0.03409714151625852,10.533569133560599,458.149015628877,81.52032697674419,1.8742810105600856
2023-12-06,1,860.3,0.014945164882873709,53.48710990502034,0.02938798187569401,0.11365695792880248,4751,0.02299157866595375,0.48534613018127937,0.03409714151625852,10.533569133560599,458.149015628877,81.67222231057764,1.8777733240769086
2023-12-07,1,822.0,-0.031715442136163056,50.13991350801322,0.03073169222817569,0.0409016082056477,4751,0.02299157866595375,0.48534613018127937,0.03409714151625852,10.533569133560599,458.149015628877,78.03622775693924,1.7941760692679518
2023-12-08,1,816.4,-0.03871061939816971,49.96197718631178,0.030472235817119254,0.0108964834076275,4751,0.02299157866595375,0.48534613018127937,0.03409714151625852,10.533569133560599,458.149015628877,77.50459408852213,1.7819529719590703
2023-12-11,1,820.0,-0.032480342832331095,51.185921958684006,0.02694421336684256,-0.0505962718536529,4751,0.02299157866595375,0.48534613018127937,0.03409714151625852,10.533569133560599,458.149015628877,77.84635858964741,1.789810677371923
2023-12-12,1,821.7,-0.029572241774334464,52.72206303724929,0.02647857969961403,-0.023413358687901065,4751,0.02299157866595375,0.48534613018127937,0.03409714151625852,10.533569133560599,458.149015628877,78.00774738184546,1.7935212604835475
2023-12-13,1,811.0,-0.04113994391082476,50.16852476017629,0.026554960992707103,-0.028277018931224585,4751,0.02299157866595375,0.48534613018127937,0.03409714151625852,10.533569133560599,458.149015628877,76.99194733683422,1.770166413839792
2023-12-14,1,812.8,-0.03864350327391094,43.73536299765807,0.026359516451342754,-0.009867218906078667,4751,0.02299157866595375,0.48534613018127937,0.03409714151625852,10.533569133560599,458.149015628877,77.16282958739684,1.774095266546218
2023-12-15,1,802.1,-0.05064339888837338,45.46561168594035,0.026472674943957487,-0.01787682135423052,4751,0.02299157866595375,0.48534613018127937,0.03409714151625852,10.533569133560599,458.149015628877,76.1470295423856,1.7507404199024625
2023-12-18,1,840.2,-0.006935612740347039,52.90632054176073,0.02809486539467977,0.03638830640187485,4751,0.02299157866595375,0.48534613018127937,0.03409714151625852,10.533569133560599,458.149015628877,79.76403717929483,1.8339011355218167
2023-12-19,1,865.4,0.01973482652488894,56.02108036890645,0.02848275398734099,0.08066933066933069,4751,0.02299157866595375,0.48534613018127937,0.03409714151625852,10.533569133560599,458.149015628877,82.1563886871718,1.888905073411783
2023-12-20,1,864.5,0.016049945700974635,52.49150622876558,0.028450996365976755,0.06767938742744217,4751,0.02299157866595375,0.48534613018127937,0.03409714151625852,10.533569133560599,458.149015628877,82.07094756189048,1.88694064705857
2023-12-21,1,866.4,0.017766270868672333,46.42401021711367,0.02616253665798815,0.012622720897615736,4751,0.02299157866595375,0.48534613018127937,0.03409714151625852,10.533569133560599,458.149015628877,82.25132327081771,1.8910877693597974
2023-12-22,1,843.7,-0.009448804106378883,36.351486802539256,0.026096041002487688,0.014184397163120588,4751,0.02299157866595375,0.48534613018127937,0.03409714151625852,10.533569133560599,458.149015628877,80.09630822205553,1.8415405713398676
2023-12-25,1,836.0,-0.01924439584985536,40.073664825046045,0.025978693663065853,0.02000976085895556,4751,0.02299157866595375,0.48534613018127937,0.03409714151625852,10.533569133560599,458.149015628877,79.36531192798199,1.8247338125401553
2023-12-26,1,827.0,-0.030135007083415457,35.98061148396717,0.026087073590270272,0.00890569720629486,4751,0.02299157866595375,0.48534613018127937,0.03409714151625852,10.533569133560599,458.149015628877,78.5109006751688,1.8050895490080245
2023-12-27,1,848.8,-0.004657751427110623,41.32029339853299,0.025766604704483404,0.0022434762073444414,4751,0.02299157866595375,0.48534613018127937,0.03409714151625852,10.533569133560599,458.149015628877,80.58047459864966,1.8526723206747415
2023-12-28,1,856.6,0.006008333685659507,43.452791178497584,0.023750984944844962,-0.03622862286228612,4751,0.02299157866595375,0.48534613018127937,0.03409714151625852,10.533569133560599,458.149015628877,81.32096435108778,1.869697349069255
2023-12-29,1,885.1,0.041450947907449534,53.145410794087326,0.023209478353710514,-0.043548735681867234,4751,0.02299157866595375,0.48534613018127937,0.03409714151625852,10.533569133560599,458.149015628877,84.02659998499625,1.9319041835876694
2024-01-04,1,890.7,0.04800071537491299,60.27088036117382,0.021940026219376647,0.0008989774131926698,4751,0.02299157866595375,0.48534613018127937,0.03409714151625852,10.533569133560599,458.149015628877,84.55823365341335,1.9441272808965508
2024-01-05,1,888.6,0.04619949138174627,56.09457806767224,0.021761429118947444,-0.01507426291287961,4751,0.02299157866595375,0.48534613018127937,0.03409714151625852,10.533569133560599,458.149015628877,84.35887102775695,1.9395436194057203
2024-01-09,1,915.0,0.07644526011152682,60.12587930396151,0.02255666171384889,0.01836393989983298,4751,0.02299157866595375,0.48534613018127937,0.03409714151625852,10.533569133560599,458.149015628877,86.865144036009,1.997166792433304
2024-01-10,1,904.8,0.06393486573819296,67.10743801652892,0.022664288688824065,0.011401743796109809,4751,0.02299157866595375,0.48534613018127937,0.03409714151625852,10.533569133560599,458.149015628877,85.8968112828207,1.9749032937635558
2024-01-11,1,924.9,0.08460607538885855,71.15009746588694,0.022048924336593022,0.06702814951545921,4751,0.02299157866595375,0.48534613018127937,0.03409714151625852,10.533569133560599,458.149015628877,87.80499641410353,2.018775482318648
2024-01-12,1,914.8,0.06881645051992052,68.02281368821292,0.02078644449030279,0.09412749671091958,4751,0.02299157866595375,0.48534613018127937,0.03409714151625852,10.533569133560599,458.149015628877,86.84615711927982,1.996730253243701
2024-01-15,1,892.3,0.040893841193405896,62.43833685694149,0.020947407544171556,0.03912891580295774,4751,0.02299157866595375,0.48534613018127937,0.03409714151625852,10.533569133560599,458.149015628877,84.7101289872468,1.9476195944133738
2024-01-16,1,878.7,0.024149747080351554,61.80676665504013,0.021220982319469537,0.021387887946065387,4751,0.02299157866595375,0.48534613018127937,0.03409714151625852,10.533569133560599,458.149015628877,83.41901864966242,1.9179349295203765
2024-01-17,1,909.2,0.05540774584778537,65.282181357007,0.02001183429829632,0.10608272506082739,4751,0.02299157866595375,0.48534613018127937,0.03409714151625852,10.533569133560599,458.149015628877,86.31452345086272,1.9845071559348197
2024-01-18,1,910.0,0.05176534768357338,67.65957446808511,0.0198937389652448,0.1146496815286624,4751,0.02299157866595375,0.48534613018127937,0.03409714151625852,10.533569133560599,458.149015628877,86.39047111777944,1.9862533126932314
2024-01-19,1,919.8,0.05820958025963972,64.35786435786434,0.019932638311678814,0.12170731707317062,4751,0.02299157866595375,0.48534613018127937,0.03409714151625852,10.533569133560599,458.149015628877,87.32083003750938,2.007643732983774
2024-01-22,1,933.8,0.06880259314537909,62.85714285714286,0.020031076693172938,0.136424485822076,4751,0.02299157866595375,0.48534613018127937,0.03409714151625852,10.533569133560599,458.149015628877,88.64991420855213,2.0382014762559773
2024-01-23,1,930.1,0.05879433366877191,62.20238095238096,0.01976563407038143,0.14685573366214544,4751,0.02299157866595375,0.48534613018127937,0.03409714151625852,10.533569133560599,458.149015628877,88.29865624906228,2.0301255012483237
2024-01-24,1,930.0,0.053060669882464856,61.91011235955057,0.01978808380151252,0.14419291338582685,4751,0.02299157866595375,0.48534613018127937,0.03409714151625852,10.533569133560599,458.149015628877,88.28916279069767,2.0299072316535223
2024-01-25,1,948.8,0.06725698756366637,69.97339414671227,0.0195952069731675,0.18289490088517635,4751,0.02299157866595375,0.48534613018127937,0.03409714151625852,10.533569133560599,458.149015628877,90.07393296324081,2.070941915476195
2024-01-26,1,951.3,0.06474662320975269,72.3536254362156,0.017685625895861767,0.13223042132825502,4751,0.02299157866595375,0.48534613018127937,0.03409714151625852,10.533569133560599,458.149015628877,90.3112694223556,2.0763986553462317
2024-01-29,1,941.0,0.04966557944663313,71.99074074074076,0.017171323828834663,0.08735844696094297,4751,0.02299157866595375,0.48534613018127937,0.03409714151625852,10.533569133560599,458.149015628877,89.3334432108027,2.053916887081682
2024-01-30,1,951.1,0.056848234326732854,70.66666666666669,0.017203143151532933,0.1001735106998265,4751,0.02299157866595375,0.48534613018127937,0.03409714151625852,10.533569133560599,458.149015628877,90.29228250562642,2.075962116156629
2024-01-31,1,956.5,0.05860920995546428,70.3794369645043,0.01720230751574171,0.10399353647276088,4751,-0.002126950079760628,0.4734862305064639,0.03254693771850317,-0.9324090367819562,438.3784300602352,-1025.8373334745763,2.18190479825518
2024-02-01,0,994.5,0.09336657959312922,71.48468185388846,0.01741479853923443,0.17873651771956856,4751,-0.002126950079760628,0.4734862305064639,0.03254693771850317,-0.9324090367819562,438.3784300602352,-1066.5919792372881,2.2685878953107963
2024-02-02,0,1021.0,0.11344244560381092,73.64791288566244,0.01752579662175438,0.2212918660287082,4751,-0.002126950079760628,0.4734862305064639,0.03254693771850317,-0.9324090367819562,438.3784300602352,-1095.0129822033898,2.3290379498364233
2024-02-05,0,1054.0,0.13816011126756922,76.99086161879897,0.017703300621217312,0.2744860943168077,4751,-0.002126950079760628,0.4734862305064639,0.03254693771850317,-0.9324090367819562,438.3784300602352,-1130.405174576271,2.4043153762268266
2024-02-06,0,1034.0,0.1077020645681034,69.83333333333334,0.01825994227659148,0.21819038642789823,4751,-0.002126950079760628,0.4734862305064639,0.03254693771850317,-0.9324090367819562,438.3784300602352,-1108.9553610169492,2.358692693565976
2024-02-07,0,1023.0,0.08815895843083861,69.64760638297875,0.01863666994002061,0.19425636236282973,4751,-0.002126950079760628,0.4734862305064639,0.03254693771850317,-0.9324090367819562,438.3784300602352,-1097.157963559322,2.333600218102508
2024-02-08,0,1014.5,0.0732088150166721,65.49100968188108,0.01806825737356064,0.1461981696983392,4751,-0.002126950079760628,0.4734862305064639,0.03254693771850317,-0.9324090367819562,438.3784300602352,-1088.04179279661,2.3142105779716466
2024-02-09,0,1010.0,0.06308180046059862,66.78420310296195,0.01817879665127848,0.1339395980689344,4751,-0.002126950079760628,0.4734862305064639,0.03254693771850317,-0.9324090367819562,438.3784300602352,-1083.2155847457627,2.3039454743729553
2024-02-13,0,1038.0,0.08572408801268563,75.1988931165687,0.01864732531854619,0.16812964213369352,4751,-0.002126950079760628,0.4734862305064639,0.03254693771850317,-0.9324090367819562,438.3784300602352,-1113.2453237288134,2.3678172300981464
2024-02-14,0,1030.0,0.07219740091022285,76.68430335097003,0.018194652357625928,0.12568306010928953,4751,-0.002126950079760628,0.4734862305064639,0.03254693771850317,-0.9324090367819562,438.3784300602352,-1104.6653983050846,2.349568157033806
2024-02-15,1,1044.5,0.08100332011359594,75.28971962616824,0.017965389869853892,0.1543987621573828,4751,-0.002126950079760628,0.4734862305064639,0.03254693771850317,-0.9324090367819562,438.3784300602352,-1120.2165131355932,2.3826446019629226
2024-02-16,0,1078.0,0.10864745011086488,77.98134576948702,0.018440009789001007,0.1655314088009514,4751,-0.002126950079760628,0.4734862305064639,0.03254693771850317,-0.9324090367819562,438.3784300602352,-1156.1449508474575,2.4590625954198475
2024-02-19,0,1069.5,0.0929503425497474,75.04182000669122,0.018331532377487306,0.1691080017490163,4751,-0.002126950079760628,0.4734862305064639,0.03254693771850317,-0.9324090367819562,438.3784300602352,-1147.0287800847457,2.439672955288986
2024-02-20,0,1052.0,0.06809404100993773,69.54365079365081,0.017817727252524767,0.17897568082483484,4751,-0.002126950079760628,0.4734862305064639,0.03254693771850317,-0.9324090367819562,438.3784300602352,-1128.260193220339,2.3997531079607417
2024-02-21,0,1053.5,0.06207733657014048,70.55296469020652,0.017263453191401535,0.19893023785137132,4751,-0.002126950079760628,0.4734862305064639,0.03254693771850317,-0.9324090367819562,438.3784300602352,-1129.868929237288,2.4031748091603053
2024-02-22,0,1029.0,0.032390369974998,65.24953789279112,0.017338619781546154,0.13176418829740433,4751,-0.002126950079760628,0.4734862305064639,0.03254693771850317,-0.9324090367819562,438.3784300602352,-1103.5929076271186,2.3472870229007636
2024-02-26,0,1030.0,0.028440883620431463,63.233376792698834,0.01733769586654394,0.13186813186813184,4751,-0.002126950079760628,0.4734862305064639,0.03254693771850317,-0.9324090367819562,438.3784300602352,-1104.6653983050846,2.349568157033806
2024-02-27,0,1012.5,0.007238187707416524,59.50901180857676,0.017841749634246565,0.10078277886497067,4751,-0.002126950079760628,0.4734862305064639,0.03254693771850317,-0.9324090367819562,438.3784300602352,-1085.896811440678,2.309648309705562
2024-02-28,0,1068.0,0.05680630759000667,67.30245231607628,0.020446506668862812,0.1437138573570358,4751,-0.002126950079760628,0.4734862305064639,0.03254693771850317,-0.9324090367819562,438.3784300602352,-1145.4200440677967,2.436251254089422
2024-02-29,0,1050.5,0.03455950711438159,63.27457264957265,0.02083544917856559,0.12944844640361253,4751,-0.002126950079760628,0.4734862305064639,0.03254693771850317,-0.9324090367819562,438.3784300602352,-1126.6514572033898,2.3963314067611776
2024-03-01,0,1042.0,0.021680812010730556,61.32450331125828,0.020979068894668586,0.12043010752688166,4751,-0.002126950079760628,0.4734862305064639,0.03254693771850317,-0.9324090367819562,438.3784300602352,-1117.535286440678,2.3769417666303165
2024-03-04,0,1074.0,0.047911202697639606,60.699865410497985,0.02140181907829807,0.13195615514333903,4751,-0.002126950079760628,0.4734862305064639,0.03254693771850317,-0.9324090367819562,438.3784300602352,-1151.8549881355932,2.4499380588876774
2024-03-05,0,1043.0,0.014035101364621114,52.92553191489362,0.02245938949551669,0.09639440765268592,4751,-0.002126950079760628,0.4734862305064639,0.03254693771850317,-0.9324090367819562,438.3784300602352,-1118.607777118644,2.379222900763359
2024-03-06,0,1049.0,0.015602913783154725,49.2836676217765,0.022249371080027894,0.11477151965993615,4751,-0.002126950079760628,0.4734862305064639,0.03254693771850317,-0.9324090367819562,438.3784300602352,-1125.0427211864405,2.392909705561614
2024-03-07,0,1069.0,0.030262143407864393,55.01432664756447,0.022407082418551588,0.12396172852486598,4751,-0.002126950079760628,0.4734862305064639,0.03254693771850317,-0.9324090367819562,438.3784300602352,-1146.4925347457627,2.4385323882224648
2024-03-08,0,1045.0,0.003707474499106652,53.03867403314917,0.023064218379937895,0.09252483010977519,4751,-0.002126950079760628,0.4734862305064639,0.03254693771850317,-0.9324090367819562,438.3784300602352,-1120.7527584745762,2.383785169029444
2024-03-11,0,1037.5,-0.005139711945994573,53.18559556786704,0.021897963744996713,0.043237807943690365,4751,-0.002126950079760628,0.4734862305064639,0.03254693771850317,-0.9324090367819562,438.3784300602352,-1112.7090783898304,2.366676663031625
2024-03-12,0,1054.0,0.009404508801164488,55.898123324396785,0.021494251413763127,0.03232125367286964,4751,-0.002126950079760628,0.4734862305064639,0.03254693771850317,-0.9324090367819562,438.3784300602352,-1130.405174576271,2.4043153762268266
2024-03-13,0,1037.0,-0.006229036895064686,49.86187845303868,0.020770843791133784,-0.016129032258064502,4751,-0.002126950079760628,0.4734862305064639,0.03254693771850317,-0.9324090367819562,438.3784300602352,-1112.1728330508474,2.3655360959651035
2024-03-14,0,1046.0,0.0019349029674897813,52.20385674931129,0.02047720750291239,0.011605415860735047,4751,-0.002126950079760628,0.4734862305064639,0.03254693771850317,-0.9324090367819562,438.3784300602352,-1121.8252491525423,2.3860663031624862
2024-03-15,0,1034.0,-0.009976829244939844,48.54368932038835,0.02049705099051443,0.010752688172043001,4751,-0.002126950079760628,0.4734862305064639,0.03254693771850317,-0.9324090367819562,438.3784300602352,-1108.9553610169492,2.358692693565976
2024-03-18,0,1063.0,0.015902748576016,47.8932584269663,0.021116924218140706,0.04780680137999016,4751,-0.002126950079760628,0.4734862305064639,0.03254693771850317,-0.9324090367819562,438.3784300602352,-1140.0575906779661,2.4248455834242093
2024-03-19,0,1079.5,0.028937987303886897,51.37362637362638,0.021237186049969117,0.06881188118811887,4751,-0.002126950079760628,0.4734862305064639,0.03254693771850317,-0.9324090367819562,438.3784300602352,-1157.7536868644067,2.462484296619411
2024-03-21,0,1107.0,0.052381405076528095,57.352941176470594,0.021132114352171265,0.06647398843930641,4751,-0.002126950079760628,0.4734862305064639,0.03254693771850317,-0.9324090367819562,438.3784300602352,-1187.2471805084745,2.5252154852780806
2024-03-22,0,1111.0,0.05294084197357687,57.636122177954846,0.021018797137476064,0.07864077669902914,4751,-0.002126950079760628,0.4734862305064639,0.03254693771850317,-0.9324090367819562,438.3784300602352,-1191.537143220339,2.5343400218102508
2024-03-25,0,1107.0,0.04666994440452318,60.95505617977528,0.02093629698811829,0.05983724269985635,4751,-0.002126950079760628,0.4734862305064639,0.03254693771850317,-0.9324090367819562,438.3784300602352,-1187.2471805084745,2.5252154852780806
2024-03-26,0,1111.5,0.049594893199116113,61.33518776077886,0.020019156390550606,0.031076066790352463,4751,-0.002126950079760628,0.4734862305064639,0.03254693771850317,-0.9324090367819562,438.3784300602352,-1192.073388559322,2.535480588876772
2024-03-27,0,1103.5,0.040703925156082094,63.0,0.02000631678678595,0.03179055633473582,4751,-0.002126950079760628,0.4734862305064639,0.03254693771850317,-0.9324090367819562,438.3784300602352,-1183.4934631355932,2.517231515812432
2024-03-28,0,1098.0,0.03372309778003722,55.0,0.019711623620784696,0.04372623574144496,4751,-0.002126950079760628,0.4734862305064639,0.03254693771850317,-0.9324090367819562,438.3784300602352,-1177.5947644067796,2.504685278080698
2024-03-29,0,1125.5,0.05674797663981378,62.096774193548384,0.02024684203345529,0.068343616516374,4751,-0.002126950079760628,0.4734862305064639,0.03254693771850317,-0.9324090367819562,438.3784300602352,-1207.0882580508473,2.5674164667393677
2024-04-01,0,1090.5,0.021526528776978436,57.20653789004457,0.020723136188792703,0.05976676384839652,4751,-0.002126950079760628,0.4734862305064639,0.03254693771850317,-0.9324090367819562,438.3784300602352,-1169.5510843220338,2.487576772082879
2024-04-02,0,1071.0,0.0017209772157580885,49.53703703703704,0.021121389977118557,0.03980582524271847,4751,-0.002126950079760628,0.4734862305064639,0.03254693771850317,-0.9324090367819562,438.3784300602352,-1148.637516101695,2.4430946564885496
2024-04-03,0,1050.0,-0.019296508695571032,51.11464968152866,0.02122452370980647,0.03703703703703698,4751,-0.002126950079760628,0.4734862305064639,0.03254693771850317,-0.9324090367819562,438.3784300602352,-1126.1152118644068,2.3951908396946564
2024-04-04,0,1060.0,-0.009660481716090139,51.729559748427675,0.018219499338417496,-0.0074906367041198685,4751,-0.002126950079760628,0.4734862305064639,0.03254693771850317,-0.9324090367819562,438.3784300602352,-1136.8401186440678,2.418002181025082
2024-04-05,0,1052.0,-0.01718983557548588,47.22222222222223,0.017975268158113993,0.0014278914802474674,4751,-0.002126950079760628,0.4734862305064639,0.03254693771850317,-0.9324090367819562,438.3784300602352,-1128.260193220339,2.3997531079607417
2024-04-08,0,1061.0,-0.00948504425109235,52.74914089347079,0.017963182054431006,0.018234165067178454,4751,-0.002126950079760628,0.4734862305064639,0.03254693771850317,-0.9324090367819562,438.3784300602352,-1137.9126093220339,2.4202833151581244
2024-04-09,0,1092.0,0.018770757920662656,58.664546899841014,0.017862103319808,0.016759776536312776,4751,-0.002126950079760628,0.4734862305064639,0.03254693771850317,-0.9324090367819562,438.3784300602352,-1171.159820338983,2.490998473282443
2024-04-10,0,1062.0,-0.009919451073985773,51.21951219512195,0.017767672955302512,0.0182166826462129,4751,-0.002126950079760628,0.4734862305064639,0.03254693771850317,-0.9324090367819562,438.3784300602352,-1138.9850999999999,2.422564449291167
2024-04-11,0,1061.0,-0.011294170269867202,53.846153846153854,0.01774150751517856,0.011439466158245981,4751,-0.002126950079760628,0.4734862305064639,0.03254693771850317,-0.9324090367819562,438.3784300602352,-1137.9126093220339,2.4202833151581244
2024-04-12,0,1060.0,-0.011894552369588716,52.30263157894736,0.01732037801294309,-0.008419083255378879,4751,-0.002126950079760628,0.4734862305064639,0.03254693771850317,-0.9324090367819562,438.3784300602352,-1136.8401186440678,2.418002181025082
2024-04-15,0,1047.0,-0.02408560456358816,52.13114754098361,0.016889425935662554,0.00191387559808609,4751,-0.002126950079760628,0.4734862305064639,0.03254693771850317,-0.9324090367819562,438.3784300602352,-1122.8977398305085,2.388347437295529
2024-04-16,0,981.0,-0.08367427002185725,38.01169590643275,0.021082437240519832,-0.05445783132530124,4751,-0.002126950079760628,0.4734862305064639,0.03254693771850317,-0.9324090367819562,438.3784300602352,-1052.1133550847458,2.237792584514722
2024-04-17,0,1001.5,-0.06268718179095539,38.72832369942197,0.021282043466819642,-0.04981024667931688,4751,-0.002126950079760628,0.4734862305064639,0.03254693771850317,-0.9324090367819562,438.3784300602352,-1074.099413983051,2.2845558342420937
2024-04-18,0,1009.5,-0.054226236204538314,35.06891271056661,0.021152680151812174,-0.026518804243008676,4751,-0.002126950079760628,0.4734862305064639,0.03254693771850317,-0.9324090367819562,438.3784300602352,-1082.6793394067797,2.302804907306434
2024-04-19,0,1007.0,-0.05518755512187794,34.0,0.021060605861170346,-0.0372848948374761,4751,-0.002126950079760628,0.4734862305064639,0.03254693771850317,-0.9324090367819562,438.3784300602352,-1079.9981127118645,2.297102071973828
2024-04-22,0,1032.0,-0.03165875354213974,39.161849710982665,0.021575250151782407,-0.0019342359767892114,4751,-0.002126950079760628,0.4734862305064639,0.03254693771850317,-0.9324090367819562,438.3784300602352,-1106.810379661017,2.354130425299891
2024-04-23,0,1021.5,-0.040015788286594925,37.215909090909086,0.020858318217746787,-0.0390404515522107,4751,-0.002126950079760628,0.4734862305064639,0.03254693771850317,-0.9324090367819562,438.3784300602352,-1095.5492275423728,2.3301785169029445
2024-04-24,0,1035.0,-0.025698955097430063,40.41958041958041,0.02078542393621196,-0.04122278832792958,4751,0.04120430502712568,0.47909759391726275,0.06701289793118653,19.487502004846394,472.94820267002086,53.11096310561525,2.188400324088189
2024-04-25,0,976.5,-0.07622885685094782,35.200974421437266,0.02273415698411259,-0.11788617886178865,4751,0.04120430502712568,0.47909759391726275,0.06701289793118653,19.487502004846394,472.94820267002086,50.10903910399352,2.064708131857117
2024-04-26,0,1029.0,-0.023533877396090298,38.92078071182548,0.025542185191299152,-0.0738073807380738,4751,0.04120430502712568,0.47909759391726275,0.06701289793118653,19.487502004846394,472.94820267002086,52.80307346442327,2.1757139453978223
2024-04-30,0,989.7,-0.056627153734410476,38.54024556616645,0.026509066739968643,-0.10596205962059613,4751,0.04120430502712568,0.47909759391726275,0.06701289793118653,19.487502004846394,472.94820267002086,50.78639631461586,2.092618164975923
2024-05-01,0,982.4,-0.05895335381974531,39.639850327408794,0.02646041457960279,-0.1161493477282951,4751,0.04120430502712568,0.47909759391726275,0.06701289793118653,19.487502004846394,472.94820267002086,50.41179725116562,2.077183070902644
2024-05-02,1,942.2,-0.09184841907214698,37.93643688451209,0.027440438433787857,-0.14617127322156764,4751,0.04120430502712568,0.47909759391726275,0.06701289793118653,19.487502004846394,472.94820267002086,48.34893665517941,1.9921843336771898
2024-05-07,0,981.1,-0.05007281064584593,41.70695816691191,0.029022180556397395,-0.10646630236794175,4751,0.04120430502712568,0.47909759391726275,0.06701289793118653,19.487502004846394,472.94820267002086,50.34508782890736,2.0744343555197315
2024-05-08,1,966.5,-0.058410686868214635,41.136222268297736,0.028445168660964446,-0.14127054642381165,4751,0.04120430502712568,0.47909759391726275,0.06701289793118653,19.487502004846394,472.94820267002086,49.59588970200689,2.0435641673731735
2024-05-09,0,981.6,-0.03962430290578221,41.871416871416876,0.028239875276112575,-0.09986244841815684,4751,0.04120430502712568,0.47909759391726275,0.06701289793118653,19.487502004846394,472.94820267002086,50.37074529900669,2.0754915537439285
2024-05-10,0,1002.5,-0.016539789671951043,40.643947313401625,0.028512248597014556,-0.06395891690009337,4751,0.04120430502712568,0.47909759391726275,0.06701289793118653,19.487502004846394,472.94820267002086,51.44322754915873,2.1196824395153713
2024-05-13,0,1000.0,-0.017063772902414103,43.12333629103816,0.02828257326090813,-0.04761904761904767,4751,0.04120430502712568,0.47909759391726275,0.06701289793118653,19.487502004846394,472.94820267002086,51.31494019866207,2.1143964483943853
2024-05-14,0,1028.5,0.01220352327526816,46.60255070039724,0.02884161040411864,-0.029716981132075437,4751,0.04120430502712568,0.47909759391726275,0.06701289793118653,19.487502004846394,472.94820267002086,52.777415994323945,2.1746567471736253
2024-05-15,0,1015.5,0.0008475912638965679,45.46196206404243,0.02890913277673302,-0.03469581749049433,4751,0.04120430502712568,0.47909759391726275,0.06701289793118653,19.487502004846394,472.94820267002086,52.11032177174133,2.1471695933444983
2024-05-16,0,1076.5,0.06031952406280166,52.740107746609695,0.0313517509878205,0.014608859566446641,4751,0.04120430502712568,0.47909759391726275,0.06701289793118653,19.487502004846394,472.94820267002086,55.24053312385972,2.276147776696556
2024-05-17,0,1030.5,0.01747630331753559,54.77522670268185,0.03195518781058992,-0.05631868131868134,4751,0.04120430502712568,0.47909759391726275,0.06701289793118653,19.487502004846394,472.94820267002086,52.88004587472127,2.178885540070414
2024-05-20,0,1039.5,0.027275422472576364,53.74901341752171,0.031562378491764756,-0.021186440677966156,4751,0.04120430502712568,0.47909759391726275,0.06701289793118653,19.487502004846394,472.94820267002086,53.34188033650923,2.1979151081059634
2024-05-21,0,1006.5,-0.0031890028918908483,49.71793907484017,0.03218062121502869,-0.05136663524976437,4751,0.04120430502712568,0.47909759391726275,0.06701289793118653,19.487502004846394,472.94820267002086,51.648487309953374,2.128140025308949
2024-05-22,0,1003.5,-0.003930677148472432,49.67123802367086,0.03218144641356652,-0.053301886792452846,4751,0.04120430502712568,0.47909759391726275,0.06701289793118653,19.487502004846394,472.94820267002086,51.49454248935739,2.1217968359637656
2024-05-23,0,1023.0,0.01639344262295082,49.145785876993166,0.032371288495508854,-0.022922636103151817,4751,0.04120430502712568,0.47909759391726275,0.06701289793118653,19.487502004846394,472.94820267002086,52.4951838232313,2.163027566707456
2024-05-24,0,1008.0,0.0004168403501458535,48.72953133822699,0.029817578621509737,0.02752293577981657,4751,0.04120430502712568,0.47909759391726275,0.06701289793118653,19.487502004846394,472.94820267002086,51.72545972025137,2.1313116199815405
2024-05-27,1,965.8,-0.0401052723644141,43.82142857142857,0.03074525091301217,-0.035646530204692994,4751,0.04120430502712568,0.47909759391726275,0.06701289793118653,19.487502004846394,472.94820267002086,49.559969243867826,2.0420840898592973
2024-05-28,1,969.9,-0.03451035669063718,49.34731012658228,0.03070876530851259,-0.03922734026745911,4751,0.04120430502712568,0.47909759391726275,0.06701289793118653,19.487502004846394,472.94820267002086,49.770360498682344,2.0507531152977143
2024-05-29,1,939.6,-0.0621556446332465,40.75299958626397,0.031293919586123334,-0.06693147964250246,4751,0.04120430502712568,0.47909759391726275,0.06701289793118653,19.487502004846394,472.94820267002086,48.21551781066289,1.9866869029113643
2024-05-30,1,949.7,-0.048949508301788534,45.59665345662704,0.03090982834861043,-0.07974806201550388,4751,0.04120430502712568,0.47909759391726275,0.06701289793118653,19.487502004846394,472.94820267002086,48.733798706669376,2.0080423070401476
2024-05-31,1,945.5,-0.050264178234927744,45.90999778319664,0.030874506775319596,-0.07440039158100831,4751,0.04120430502712568,0.47909759391726275,0.06701289793118653,19.487502004846394,472.94820267002086,48.51827595783499,1.9991618419568913
2024-06-03,1,965.3,-0.027652424774767516,52.681680984443915,0.03107771185509549,-0.06734299516908215,4751,0.04120430502712568,0.47909759391726275,0.06701289793118653,19.487502004846394,472.94820267002086,49.5343117737685,2.0410268916351
2024-06-04,1,973.0,-0.019757971896370352,48.98623279098873,0.02899839829877492,-0.0035842293906810374,4751,0.04120430502712568,0.47909759391726275,0.06701289793118653,19.487502004846394,472.94820267002086,49.929436813298196,2.057307744287737
2024-06-05,1,967.2,-0.023168440826549723,50.089582800102384,0.026782287902591215,-0.06005830903790088,4751,0.04120430502712568,0.47909759391726275,0.06701289793118653,19.487502004846394,472.94820267002086,49.63181016014596,2.0450442448870496
2024-06-06,1,953.7,-0.03540002022858298,46.41480339244411,0.025844822560994636,-0.03637465898757197,4751,0.04120430502712568,0.47909759391726275,0.06701289793118653,19.487502004846394,472.94820267002086,48.93905846746402,2.016499892833725
2024-06-07,1,954.6,-0.03340259298411872,43.51124356542942,0.025815010683112857,-0.028298045602605848,4751,0.04120430502712568,0.47909759391726275,0.06701289793118653,19.487502004846394,472.94820267002086,48.98524191364282,2.01840284963728
2024-06-10,1,954.3,-0.03417969540681262,43.77214499863723,0.024427539671652614,0.01284228401613241,4751,0.04120430502712568,0.47909759391726275,0.06701289793118653,19.487502004846394,472.94820267002086,48.96984743158321,2.0177685307027615
2024-06-11,1,930.6,-0.05623638509936595,36.48163490748412,0.02341962179183662,-0.05147283661196611,4751,0.04120430502712568,0.47909759391726275,0.06701289793118653,19.487502004846394,472.94820267002086,47.75368334887493,1.9676573348758148
2024-06-12,1,925.0,-0.06033368820551157,37.24274034395264,0.02328078942315295,-0.04293843766166583,4751,0.04120430502712568,0.47909759391726275,0.06701289793118653,19.487502004846394,472.94820267002086,47.46631968376242,1.9558167147648062
2024-06-13,1,949.9,-0.03379431282320455,30.131826741996235,0.023732080770544457,-0.03229421352893236,4751,0.04120430502712568,0.47909759391726275,0.06701289793118653,19.487502004846394,472.94820267002086,48.7440616947091,2.0084651863298264
2024-06-14,1,954.9,-0.026823750025478536,36.383285302593656,0.02331643561097082,-0.04748129675810475,4751,0.04120430502712568,0.47909759391726275,0.06701289793118653,19.487502004846394,472.94820267002086,49.000636395702415,2.0190371685717983
2024-06-17,1,974.3,-0.006011067219483583,38.68055555555555,0.02372611189773874,-0.025700000000000056,4751,0.04120430502712568,0.47909759391726275,0.06701289793118653,19.487502004846394,472.94820267002086,49.99614623555646,2.0600564596706494
2024-06-18,1,966.3,-0.01166406192467261,42.35741444866919,0.022962749898083605,-0.06047642197374825,4751,0.04120430502712568,0.47909759391726275,0.06701289793118653,19.487502004846394,472.94820267002086,49.58562671396716,2.0431412880834943
2024-06-19,1,956.1,-0.019714393516847617,41.22871946706144,0.022927177129452584,-0.05849335302806502,4751,0.04120430502712568,0.47909759391726275,0.06701289793118653,19.487502004846394,472.94820267002086,49.06221432394081,2.0215744443098718
2024-06-20,1,985.3,0.014016960316153472,43.265451947123964,0.020184526629358285,-0.08471899674872274,4751,0.04120430502712568,0.47909759391726275,0.06701289793118653,19.487502004846394,472.94820267002086,50.56061057774174,2.0833148206029874
2024-06-21,1,971.5,0.0022489992984772314,43.451740222461424,0.01860434782103735,-0.05725376031052887,4751,0.04120430502712568,0.47909759391726275,0.06701289793118653,19.487502004846394,472.94820267002086,49.852464403000205,2.0541361496151453
2024-06-24,1,997.7,0.031056747908330323,56.071564522268766,0.01939122208357705,-0.04021164021164014,4751,0.04120430502712568,0.47909759391726275,0.06701289793118653,19.487502004846394,472.94820267002086,51.19691583620515,2.109533336563078
2024-06-25,1,997.6,0.03133283434578194,55.35369153459607,0.018335941311034606,-0.008842523596621965,4751,0.04120430502712568,0.47909759391726275,0.06701289793118653,19.487502004846394,472.94820267002086,51.19178434218529,2.109321896918239
2024-06-26,1,996.4,0.030394784738078627,62.36933797909408,0.018328126865202854,-0.007075236671649221,4751,0.04120430502712568,0.47909759391726275,0.06701289793118653,19.487502004846394,472.94820267002086,51.13020641394689,2.1067846211801653
2024-06-27,1,1001.0,0.036094596161171145,61.44578313253012,0.017904137482090306,-0.021505376344086002,4751,0.04120430502712568,0.47909759391726275,0.06701289793118653,19.487502004846394,472.94820267002086,51.36625513886074,2.1165108448427796
2024-06-28,1,1007.5,0.042844071263254145,63.69257950530036,0.017716408996700787,-0.0004960317460317443,4751,0.04120430502712568,0.47909759391726275,0.06701289793118653,19.487502004846394,472.94820267002086,51.69980225015204,2.130254421757343
2024-07-01,1,987.6,0.021324122525801986,54.92273730684328,0.016001284991822816,0.0225719610685442,4751,0.04120430502712568,0.47909759391726275,0.06701289793118653,19.487502004846394,472.94820267002086,50.67863494019866,2.088177932434295
2024-07-02,1,979.9,0.01294217370629947,51.523178807947005,0.01608107189504443,0.01031034127229602,4751,0.04120430502712568,0.47909759391726275,0.06701289793118653,19.487502004846394,472.94820267002086,50.28350990066897,2.071897079781658
2024-07-03,1,982.2,0.01353443045184936,53.36322869955157,0.014655711878017456,0.045338441890166115,4751,0.04120430502712568,0.47909759391726275,0.06701289793118653,19.487502004846394,472.94820267002086,50.40153426312589,2.076760191612965
2024-07-04,1,968.6,-0.001278561412191711,53.339309726580005,0.01485949155759595,0.019901021375171135,4751,0.04120430502712568,0.47909759391726275,0.06701289793118653,19.487502004846394,472.94820267002086,49.70365107642409,2.0480043999148014
2024-07-05,1,966.9,-0.003910596108359413,52.746761947297884,0.014829273735940788,0.02263352723426748,4751,0.04120430502712568,0.47909759391726275,0.06701289793118653,19.487502004846394,472.94820267002086,49.616415678086355,2.044409925952531
2024-07-08,1,975.2,0.0042302892001993084,54.50625269512723,0.014334614187971153,0.010255879001346724,4751,0.04120430502712568,0.47909759391726275,0.06701289793118653,19.487502004846394,472.94820267002086,50.042329681735254,2.0619594164742043
2024-07-09,1,981.3,0.010166518430674825,61.829211385907584,0.014301326064228282,0.008530318602260945,4751,0.04120430502712568,0.47909759391726275,0.06701289793118653,19.487502004846394,472.94820267002086,50.35535081694709,2.0748572348094103
2024-07-10,1,959.2,-0.012258213332454604,57.409012131715784,0.014977565577574363,-0.008271298593879206,4751,0.04120430502712568,0.47909759391726275,0.06701289793118653,19.487502004846394,472.94820267002086,49.22129063855666,2.0281290732998944
2024-07-11,1,950.9,-0.020692240512795147,50.23342670401494,0.014811558808536136,-0.0029359337317815815,4751,0.04120430502712568,0.47909759391726275,0.06701289793118653,19.487502004846394,472.94820267002086,48.79537663490776,2.0105795827782207
2024-07-12,1,979.1,0.007333544587704099,55.09688289806235,0.015957658121230327,0.025665200083804685,4751,0.04120430502712568,0.47909759391726275,0.06701289793118653,19.487502004846394,472.94820267002086,50.24245794851004,2.0702055626229425
2024-07-16,1,964.2,-0.008400111891793944,47.83168741949336,0.01628903557777652,0.010374096196164917,4751,0.04120430502712568,0.47909759391726275,0.06701289793118653,19.487502004846394,472.94820267002086,49.47786533954997,2.0387010555418663
2024-07-17,1,970.5,-0.0035565996279122657,50.908304498269906,0.01543897551165414,0.04287556415215987,4751,0.04120430502712568,0.47909759391726275,0.06701289793118653,19.487502004846394,472.94820267002086,49.80114946280154,2.052021753166751
2024-07-18,1,964.9,-0.010927057279921245,51.94174757281552,0.015433837988174675,0.043135135135135005,4751,0.04120430502712568,0.47909759391726275,0.06701289793118653,19.487502004846394,472.94820267002086,49.51378579768903,2.0401811330557424
2024-07-19,1,955.1,-0.02118126439891439,42.712355212355234,0.01468305510100489,0.005474260448468327,4751,0.04120430502712568,0.47909759391726275,0.06701289793118653,19.487502004846394,472.94820267002086,49.01089938374215,2.0194600478614775
2024-07-22,1,965.5,-0.010952763390808373,48.5279685966634,0.014804549532305197,0.01110063881034673,4751,0.04120430502712568,0.47909759391726275,0.06701289793118653,19.487502004846394,472.94820267002086,49.544574761808235,2.0414497709247788
2024-07-23,1,969.6,-0.006561448518653724,42.2674738580077,0.014248832536556363,-0.0048239761880323195,4751,0.04120430502712568,0.47909759391726275,0.06701289793118653,19.487502004846394,472.94820267002086,49.754966016622745,2.050118796363196
2024-07-24,1,962.4,-0.0137808347201612,40.677966101694906,0.014231053473052209,-0.004036013660353888,4751,0.04120430502712568,0.47909759391726275,0.06701289793118653,19.487502004846394,472.94820267002086,49.385498447192376,2.034895141934756
2024-07-25,1,950.8,-0.0254562152278105,38.554216867469876,0.014280115375678842,-0.005543353205731738,4751,0.04120430502712568,0.47909759391726275,0.06701289793118653,19.487502004846394,472.94820267002086,48.7902451408879,2.0103681431333813
2024-07-26,1,944.7,-0.030094085083140557,35.974090682610864,0.012810595358676407,-0.0412057241449304,4751,0.04120430502712568,0.47909759391726275,0.06701289793118653,19.487502004846394,472.94820267002086,48.477224005676064,1.9974703247981758
2024-07-29,1,978.4,0.004220517957729097,43.61562088635366,0.014542507082599684,0.007102418939783917,4751,0.04120430502712568,0.47909759391726275,0.06701289793118653,19.487502004846394,472.94820267002086,50.20653749037097,2.0687254851090664
2024-07-30,1,965.4,-0.007806815238706137,44.97737556561085,0.013679290232378526,-0.032374461260900156,4751,0.04120430502712568,0.47909759391726275,0.06701289793118653,19.487502004846394,472.94820267002086,49.539443267788364,2.0412383312799394
2024-07-31,1,966.4,-0.005503484442468696,46.850209986000934,0.013685072939224543,-0.031275060144346445,4751,0.06457892095050377,0.49329852080296965,0.06002833353380645,31.257234099203053,484.0160479479058,30.917642838546602,1.9966280128464102
2024-08-01,1,1004.5,0.03335966883111539,54.45821671331467,0.01591322662930948,0.008129265355279136,4751,0.06457892095050377,0.49329852080296965,0.06002833353380645,31.257234099203053,484.0160479479058,32.136560669826224,2.0753444111177766
2024-08-02,1,914.6,-0.05576616533280482,41.72794117647059,0.02397507040740492,-0.0863136863136863,4751,0.06457892095050377,0.49329852080296965,0.06002833353380645,31.257234099203053,484.0160479479058,29.26042646951027,1.889606767952532
2024-08-05,1,810.8,-0.15607422549929856,31.78529754959159,0.03244287300694279,-0.1952357320099256,4751,0.06457892095050377,0.49329852080296965,0.06002833353380645,31.257234099203053,484.0160479479058,25.93959521263823,1.6751510687250304
2024-08-06,1,881.5,-0.07841472696402746,40.456304746384184,0.03750198717865072,-0.10743215876873236,4751,0.06457892095050377,0.49329852080296965,0.06002833353380645,31.257234099203053,484.0160479479058,28.20147160821485,1.8212206056747833
2024-08-07,1,879.0,-0.07713434992041734,39.503386004514674,0.0374933123380217,-0.10296969078477392,4751,0.06457892095050377,0.49329852080296965,0.06002833353380645,31.257234099203053,484.0160479479058,28.12149012322275,1.8160554876779746
2024-08-08,1,890.7,-0.06124315983844987,42.81820088068778,0.03763016612301043,-0.09315821624923637,4751,0.06457892095050377,0.49329852080296965,0.06002833353380645,31.257234099203053,484.0160479479058,28.495803472985784,1.8402282399030399
2024-08-09,1,881.0,-0.06802467777561512,42.69287058331591,0.03759996588572115,-0.09043981003510226,4751,0.06457892095050377,0.49329852080296965,0.06002833353380645,31.257234099203053,484.0160479479058,28.18547531121643,1.8201875820754216
2024-08-13,1,915.7,-0.02921370232471335,43.461221122112214,0.03854905477528028,-0.05295273554659208,4751,0.06457892095050377,0.49329852080296965,0.06002833353380645,31.257234099203053,484.0160479479058,29.295618322906794,1.891879419871128
2024-08-14,1,927.8,-0.01440469108523844,46.224066390041486,0.03861029473904814,-0.04860541427399512,4751,0.06457892095050377,0.49329852080296965,0.06002833353380645,31.257234099203053,484.0160479479058,29.682728710268563,1.9168785909756823
2024-08-15,1,955.6,0.016236818485386044,48.52035749751738,0.03909062743595787,-0.026189748293080517,4751,0.06457892095050377,0.49329852080296965,0.06002833353380645,31.257234099203053,484.0160479479058,30.572122823380727,1.9743147031001962
2024-08-16,1,961.3,0.022207193412277136,49.64257347100873,0.03883044562564362,0.002189324437030793,4751,0.06457892095050377,0.49329852080296965,0.06002833353380645,31.257234099203053,484.0160479479058,30.754480609162716,1.9860911721329202
2024-08-19,1,970.7,0.03133420030428976,51.550079491255964,0.038817825834539604,0.02082237879903248,4751,0.06457892095050377,0.49329852080296965,0.06002833353380645,31.257234099203053,484.0160479479058,31.05521099273302,2.0055120158009214
2024-08-20,1,983.3,0.04453480862057254,51.7609814008706,0.03845667765446569,0.004289653763660528,4751,0.06457892095050377,0.49329852080296965,0.06002833353380645,31.257234099203053,484.0160479479058,31.458317677093206,2.031544210504838
2024-08-21,1,982.7,0.04307749788773351,51.30504084478981,0.03831224372973565,0.019186890686579527,4751,0.06457892095050377,0.49329852080296965,0.06002833353380645,31.257234099203053,484.0160479479058,31.439122120695107,2.030304582185604
2024-08-22,1,1004.5,0.06467997066168073,54.0755082284608,0.038525410561757255,0.035033487892838666,4751,0.06457892095050377,0.49329852080296965,0.06002833353380645,31.257234099203053,484.0160479479058,32.136560669826224,2.0753444111177766
2024-08-23,1,1006.0,0.06441510072794988,55.45023696682465,0.03849085872249167,0.042595087573841894,4751,0.06457892095050377,0.49329852080296965,0.06002833353380645,31.257234099203053,484.0160479479058,32.18454956082149,2.0784434819158615
2024-08-26,0,1028.5,0.08485152775785391,58.014537107880635,0.03859812505615723,0.07685059156109308,4751,0.06457892095050377,0.49329852080296965,0.06002833353380645,31.257234099203053,484.0160479479058,32.9043829257504,2.124929543887141
2024-08-27,0,1038.0,0.09153315190187557,55.97673485760129,0.03858672343653646,0.07509062661833243,4751,0.06457892095050377,0.49329852080296965,0.06002833353380645,31.257234099203053,484.0160479479058,33.20831256872038,2.1445569922750143
2024-08-28,0,1042.5,0.09291393394501574,57.86574168537034,0.03858678584627911,0.07518564356435631,4751,0.06457892095050377,0.49329852080296965,0.06002833353380645,31.257234099203053,484.0160479479058,33.352279241706164,2.1538542046692704
2024-08-29,1,1021.5,0.06825093386988138,55.40090178396393,0.0388218961463567,0.061408977556109745,4751,0.06457892095050377,0.49329852080296965,0.06002833353380645,31.257234099203053,484.0160479479058,32.68043476777251,2.1104672134960762
2024-08-30,1,1010.5,0.0541150649263946,50.62111801242236,0.03880180189491508,0.06278923012200255,4751,0.06457892095050377,0.49329852080296965,0.06002833353380645,31.257234099203053,484.0160479479058,32.32851623380727,2.0877406943101176
2024-09-02,1,1012.5,0.05322176637512793,62.389268539610214,0.03875155531675239,0.07176881549698311,4751,0.06457892095050377,0.49329852080296965,0.06002833353380645,31.257234099203053,484.0160479479058,32.39250142180095,2.0918727887075645
2024-09-03,0,1066.0,0.10484639940300979,87.00696055684456,0.03949009632296687,0.08953393295175793,4751,0.06457892095050377,0.49329852080296965,0.06002833353380645,31.257234099203053,484.0160479479058,34.10410520063191,2.202406313839273
2024-09-04,1,1036.5,0.07111412403222543,75.5270092226614,0.03985874213503618,0.07364822871348675,4751,0.06457892095050377,0.49329852080296965,0.06002833353380645,31.257234099203053,484.0160479479058,33.16032367772512,2.141457921476929
2024-09-05,1,1054.0,0.0852687636173429,77.46390458254865,0.039941683269387206,0.0906456953642385,4751,0.06457892095050377,0.49329852080296965,0.06002833353380645,31.257234099203053,484.0160479479058,33.72019407266983,2.1776137474545907
2024-09-06,1,1032.5,0.061906309523319776,71.58952496954933,0.0395374573112594,0.027874564459930307,4751,0.06457892095050377,0.49329852080296965,0.06002833353380645,31.257234099203053,484.0160479479058,33.03235330173776,2.133193732682035
2024-09-09,1,1021.5,0.0459929714187413,71.3072490142554,0.03480716690241104,0.11688169691668482,4751,0.06457892095050377,0.49329852080296965,0.06002833353380645,31.257234099203053,484.0160479479058,32.68043476777251,2.1104672134960762
2024-09-10,1,1042.0,0.056975224987624674,70.01584786053883,0.024616334102281232,0.2851504686729156,4751,0.06457892095050377,0.49329852080296965,0.06002833353380645,31.257234099203053,484.0160479479058,33.33628294470774,2.1528211810699083
2024-09-11,1,1033.5,0.04192710643686142,66.94453350432832,0.018951532028442054,0.17243335224049905,4751,0.06457892095050377,0.49329852080296965,0.06002833353380645,31.257234099203053,484.0160479479058,33.0643458957346,2.1352597798807587
2024-09-12,1,1058.5,0.05946199148827137,66.64509867356843,0.019163197812135442,0.2042093287827076,4751,0.06457892095050377,0.49329852080296965,0.06002833353380645,31.257234099203053,484.0160479479058,33.86416074565561,2.1869109598488463
2024-09-13,1,1024.0,0.01948977722555417,59.277892867712346,0.02073172217800753,0.14965757269563262,4751,0.06457892095050377,0.49329852080296965,0.06002833353380645,31.257234099203053,484.0160479479058,32.760416252764614,2.115632331492885
2024-09-17,1,1024.0,0.013716856210599785,58.11263318112633,0.020479314168308872,0.16231555051078317,4751,0.06457892095050377,0.49329852080296965,0.06002833353380645,31.257234099203053,484.0160479479058,32.760416252764614,2.115632331492885
2024-09-18,1,1019.0,0.00465750939586457,55.56248052352759,0.019377577040119536,0.11280987222889594,4751,0.06457892095050377,0.49329852080296965,0.06002833353380645,31.257234099203053,484.0160479479058,32.600453282780414,2.1053020954992676
2024-09-19,1,1048.5,0.028844946148773896,59.405374499714114,0.019921590250114543,0.1300926923906014,4751,0.06457892095050377,0.49329852080296965,0.06002833353380645,31.257234099203053,484.0160479479058,33.5442348056872,2.1662504878616113
2024-09-20,1,1049.0,0.025575847639904548,56.77321156773212,0.019249332652543267,0.0977396400167434,4751,0.06457892095050377,0.49329852080296965,0.06002833353380645,31.257234099203053,484.0160479479058,33.56023110268563,2.167283511460973
2024-09-24,1,1033.0,0.007109235766904339,53.93586005830904,0.019619314021519254,0.07458649745136792,4751,0.06457892095050377,0.49329852080296965,0.06002833353380645,31.257234099203053,484.0160479479058,33.04834959873618,2.1342267562813966
2024-09-25,1,1028.0,0.0,49.9231950844854,0.019628737951631017,0.05902956629236633,4751,0.06457892095050377,0.49329852080296965,0.06002833353380645,31.257234099203053,484.0160479479058,32.888386628751974,2.1238965202877793
2024-09-26,1,1038.0,0.0075830819229110585,50.0,0.019566922181269094,0.055629004373029645,4751,0.06457892095050377,0.49329852080296965,0.06002833353380645,31.257234099203053,484.0160479479058,33.20831256872038,2.1445569922750143
2024-09-27,1,1037.5,0.004959414169201157,49.22360248447205,0.019566129010669342,0.05576472982598957,4751,0.06457892095050377,0.49329852080296965,0.06002833353380645,31.257234099203053,484.0160479479058,33.19231627172196,2.1435239686756526
2024-09-30,1,1019.5,-0.01304962341962092,49.68652037617555,0.019494226990391893,0.014932802389248323,4751,0.06457892095050377,0.49329852080296965,0.06002833353380645,31.257234099203053,484.0160479479058,32.61644957977883,2.1063351190986292
2024-10-01,1,1022.0,-0.011242042530136696,51.851851851851855,0.019496644339551505,0.015904572564612307,4751,0.06457892095050377,0.49329852080296965,0.06002833353380645,31.257234099203053,484.0160479479058,32.696431064770934,2.111500237095438
2024-10-02,1,993.6,-0.03741823480174837,47.195013357079254,0.019764982954660414,-0.03393291200777826,4751,0.06457892095050377,0.49329852080296965,0.06002833353380645,31.257234099203053,484.0160479479058,31.787841395260664,2.05282449665169
2024-10-03,1,1007.0,-0.02326321262017638,40.06064690026953,0.019876384802767204,-0.029865125240847834,4751,0.06457892095050377,0.49329852080296965,0.06002833353380645,31.257234099203053,484.0160479479058,32.21654215481833,2.080509529114585
2024-10-04,1,1013.0,-0.01631766821647601,45.70069520673253,0.01989725788994907,-0.028297362110311752,4751,0.06457892095050377,0.49329852080296965,0.06002833353380645,31.257234099203053,484.0160479479058,32.40849771879937,2.092905812306926
2024-10-07,1,1013.0,-0.015992788480218775,41.9859265050821,0.019491713570525017,-0.008321096426823327,4751,0.06457892095050377,0.49329852080296965,0.06002833353380645,31.257234099203053,484.0160479479058,32.40849771879937,2.092905812306926
2024-10-08,1,1004.5,-0.0240219816094455,44.2339373970346,0.019443502591821895,-0.005937654626422595,4751,0.06457892095050377,0.49329852080296965,0.06002833353380645,31.257234099203053,484.0160479479058,32.136560669826224,2.0753444111177766
2024-10-09,1,1029.5,-0.0003922695707561058,51.5576323987539,0.02007315489176477,0.016790123456790207,4751,0.06457892095050377,0.49329852080296965,0.06002833353380645,31.257234099203053,484.0160479479058,32.93637551974724,2.1269955910858642
2024-10-10,1,1035.5,0.006625941494180945,48.658687577383404,0.016961486066985058,-0.02861163227016883,4751,0.06457892095050377,0.49329852080296965,0.06002833353380645,31.257234099203053,484.0160479479058,33.12833108372828,2.1393918742782057
2024-10-11,0,1044.0,0.01459303546022103,52.1667354519191,0.01610902493397752,0.00723589001447178,4751,0.06457892095050377,0.49329852080296965,0.06002833353380645,31.257234099203053,484.0160479479058,33.40026813270142,2.1569532754673553
2024-10-15,0,1054.5,0.024777357522419833,49.12203687445127,0.015874356780265705,0.0004743833017077925,4751,0.06457892095050377,0.49329852080296965,0.06002833353380645,31.257234099203053,484.0160479479058,33.73619036966825,2.1786467710539523
2024-10-16,1,1045.5,0.015517850968020283,55.31389026198715,0.015405189446966058,0.012590799031477085,4751,0.06457892095050377,0.49329852080296965,0.06002833353380645,31.257234099203053,484.0160479479058,33.448257023696684,2.1600523462654406
2024-10-17,1,1028.0,-0.0017324021348165035,50.90991810737034,0.01563695826004584,0.006363191385217792,4751,0.06457892095050377,0.49329852080296965,0.06002833353380645,31.257234099203053,484.0160479479058,32.888386628751974,2.1238965202877793
2024-10-18,1,1022.0,-0.006787277547561405,50.67934782608696,0.015127318757846325,-0.019193857965451033,4751,0.06457892095050377,0.49329852080296965,0.06002833353380645,31.257234099203053,484.0160479479058,32.696431064770934,2.111500237095438
2024-10-21,1,1033.5,0.004388795161052141,46.30177514792899,0.015224537099500779,0.0,4751,0.06457892095050377,0.49329852080296965,0.06002833353380645,31.257234099203053,484.0160479479058,33.0643458957346,2.1352597798807587
2024-10-22,1,1010.0,-0.016595199426704087,41.364038972542076,0.015023781979994264,-0.045819555975436965,4751,0.06457892095050377,0.49329852080296965,0.06002833353380645,31.257234099203053,484.0160479479058,32.31251993680885,2.086707670710756
2024-10-23,1,998.1,-0.02720056763689953,42.129003157419945,0.01376862516926389,-0.025292968749999978,4751,0.06457892095050377,0.49329852080296965,0.06002833353380645,31.257234099203053,484.0160479479058,31.931808068246447,2.062121709045946
2024-10-24,1,996.0,-0.02818649452427965,42.68738574040219,0.013769113430968117,-0.02734375,4751,0.06457892095050377,0.49329852080296965,0.06002833353380645,31.257234099203053,484.0160479479058,31.86462362085308,2.0577830099286265
2024-10-25,1,990.1,-0.032852348075472826,38.84489986027015,0.013782855631836646,-0.02836113837095189,4751,0.06457892095050377,0.49329852080296965,0.06002833353380645,31.257234099203053,484.0160479479058,31.675867316271724,2.045593331456158
2024-10-28,1,1016.5,-0.005821300168614271,45.6359102244389,0.013581586161839116,-0.030519790176442574,4751,0.06457892095050377,0.49329852080296965,0.06002833353380645,31.257234099203053,484.0160479479058,32.52047179778831,2.1001369775024585
2024-10-29,1,1031.0,0.00907087181374375,52.425137072965,0.013925995748997787,-0.01715919923736897,4751,0.06457892095050377,0.49329852080296965,0.06002833353380645,31.257234099203053,484.0160479479058,32.984364410742494,2.1300946618839496
2024-10-30,1,1039.0,0.016661904631438063,53.50370981038747,0.013675329867436407,0.0058083252662148865,4751,0.06390150844690935,0.4885217047098769,0.052108603280713726,32.08488135743182,502.09896663219735,32.38285310845747,2.0693131614451197
2024-10-31,1,1006.5,-0.0143098896105422,52.6145115524929,0.015044941272926101,-0.02091439688715957,4751,0.06390150844690935,0.4885217047098769,0.052108603280713726,32.08488135743182,502.09896663219735,31.36991496983873,2.004584886423978
2024-11-01,1,1019.0,-0.0013250329298124329,52.44100895036615,0.015132319879325645,-0.01830443159922923,4751,0.06390150844690935,0.4885217047098769,0.052108603280713726,32.08488135743182,502.09896663219735,31.75950656161517,2.029480376816725
2024-11-05,1,1002.0,-0.016617399394660306,47.8582554517134,0.015468948186795116,-0.03421686746987951,4751,0.06390150844690935,0.4885217047098769,0.052108603280713726,32.08488135743182,502.09896663219735,31.229661996799212,1.995622509882589
2024-11-06,1,1030.0,0.010445851874524232,52.984550561797754,0.016145642278376005,0.010299166257969672,4751,0.06390150844690935,0.4885217047098769,0.052108603280713726,32.08488135743182,502.09896663219735,32.10234716237843,2.051388408362342
2024-11-07,1,1064.5,0.04255219126939664,59.65250965250966,0.017440964091838675,0.041585127201565486,4751,0.06390150844690935,0.4885217047098769,0.052108603280713726,32.08488135743182,502.09896663219735,33.1776199556814,2.120099961846323
2024-11-08,1,1047.0,0.023272360504618908,52.88493241015497,0.016774310450507982,0.05374396135265691,4751,0.06390150844690935,0.4885217047098769,0.052108603280713726,32.08488135743182,502.09896663219735,32.63219172719439,2.0852462752964778
2024-11-11,1,1039.5,0.014653173097195812,50.656167979002625,0.01670525536261034,0.03227408142999,4751,0.06390150844690935,0.4885217047098769,0.052108603280713726,32.08488135743182,502.09896663219735,32.39843677212853,2.0703089810608297
2024-11-12,1,1033.0,0.0075217889997737115,48.18361955085866,0.016745050084821213,0.019743336623889496,4751,0.06390150844690935,0.4885217047098769,0.052108603280713726,32.08488135743182,502.09896663219735,32.195849144404775,2.0573633260566013
2024-11-13,1,1023.5,-0.002152659431339215,44.86414844267726,0.016866598469972814,0.01036525172754188,4751,0.06390150844690935,0.4885217047098769,0.052108603280713726,32.08488135743182,502.09896663219735,31.899759534654685,2.0384427533581135
2024-11-14,1,979.3,-0.044305650434273536,40.178041543026694,0.018942760813870283,-0.02508710801393732,4751,0.06390150844690935,0.4885217047098769,0.052108603280713726,32.08488135743182,502.09896663219735,30.522163666133203,1.9504122993293607
2024-11-15,1,974.5,-0.0469437652811736,41.75146469318532,0.018178238516935702,-0.05342399222923755,4751,0.06390150844690935,0.4885217047098769,0.052108603280713726,32.08488135743182,502.09896663219735,30.37256049489105,1.940852431018546
2024-11-18,1,983.7,-0.0359927403011285,44.152671755725194,0.0182575336566635,-0.05002414292612256,4751,0.06390150844690935,0.4885217047098769,0.052108603280713726,32.08488135743182,502.09896663219735,30.65929990643851,1.9591755119476078
2024-11-19,1,1005.0,-0.013611184176949261,45.775274236584636,0.018758513638840586,-0.03735632183908044,4751,0.06390150844690935,0.4885217047098769,0.052108603280713726,32.08488135743182,502.09896663219735,31.32316397882556,2.0015974275768484
2024-11-20,1,1020.5,0.0029405174209933245,51.59429092013362,0.018924452368112753,-0.032242769084874334,4751,0.06390150844690935,0.4885217047098769,0.052108603280713726,32.08488135743182,502.09896663219735,31.806257552628338,2.0324678356638546
2024-11-21,1,1013.0,-0.003156834033977155,52.29301323484148,0.01890662156027147,-0.031085604973696834,4751,0.06390150844690935,0.4885217047098769,0.052108603280713726,32.08488135743182,502.09896663219735,31.572502597562476,2.017530541428206
2024-11-22,1,1008.5,-0.006822738786009332,51.90956309196456,0.018640652586049297,-0.018968871595330783,4751,0.06390150844690935,0.4885217047098769,0.052108603280713726,32.08488135743182,502.09896663219735,31.43224962452296,2.0085681648868174
2024-11-25,1,1015.5,0.0003270394653890857,53.86723507917174,0.01866620238604937,-0.006360078277886538,4751,0.06390150844690935,0.4885217047098769,0.052108603280713726,32.08488135743182,502.09896663219735,31.650420915917763,2.022509639506756
2024-11-26,1,1038.0,0.022309592376210087,53.31278890600924,0.019065345065702757,0.004354136429608024,4751,0.06390150844690935,0.4885217047098769,0.052108603280713726,32.08488135743182,502.09896663219735,32.35168578111535,2.0673215222137
2024-11-27,1,1031.5,0.015048100388896904,50.07898894154818,0.018510729580798302,0.021287128712871306,4751,0.06390150844690935,0.4885217047098769,0.052108603280713726,32.08488135743182,502.09896663219735,32.149098153391606,2.0543758672094716
2024-11-28,1,1031.0,0.013243913657073557,48.70550161812298,0.018322424113049865,0.032962628995090615,4751,0.06390150844690935,0.4885217047098769,0.052108603280713726,32.08488135743182,502.09896663219735,32.13351448972055,2.0533800475937616
2024-11-29,1,1039.5,0.01985354137887741,55.78947368421053,0.018355424212630294,0.04367469879518082,4751,0.06390150844690935,0.4885217047098769,0.052108603280713726,32.08488135743182,502.09896663219735,32.39843677212853,2.0703089810608297
2024-12-02,1,1029.5,0.008483209905567932,51.858407079646014,0.01843556048232161,0.03979396020603976,4751,0.06390150844690935,0.4885217047098769,0.052108603280713726,32.08488135743182,502.09896663219735,32.08676349870738,2.0503925887466323
2024-12-03,1,1052.0,0.029092403106841712,58.68055555555555,0.018187948527908258,0.03492375799311365,4751,0.06390150844690935,0.4885217047098769,0.052108603280713726,32.08488135743182,502.09896663219735,32.788028363904964,2.0952044714535765
2024-12-04,1,1068.5,0.04370164882394312,56.962025316455694,0.01823152190446715,0.03637245392822508,4751,0.06390150844690935,0.4885217047098769,0.052108603280713726,32.08488135743182,502.09896663219735,33.30228926504986,2.1280665187720023
2024-12-05,1,1078.0,0.051379081652557314,52.68389662027833,0.018248871657859794,0.0375360923965351,4751,0.06390150844690935,0.4885217047098769,0.052108603280713726,32.08488135743182,502.09896663219735,33.59837887479995,2.14698709147049
2024-12-06,1,1069.0,0.040065381097857664,54.52674897119342,0.017063276069458396,0.062096373571783436,4751,0.06390150844690935,0.4885217047098769,0.052108603280713726,32.08488135743182,502.09896663219735,33.31787292872092,2.1290623383877123
2024-12-09,1,1084.5,0.05246302550366828,58.964143426294825,0.017118379026096992,0.06427870461236496,4751,0.06390150844690935,0.4885217047098769,0.052108603280713726,32.08488135743182,502.09896663219735,33.8009665025237,2.1599327464747184
2024-12-10,1,1084.5,0.04910325613790701,60.53169734151329,0.016652735331928594,0.08233532934131738,4751,0.06390150844690935,0.4885217047098769,0.052108603280713726,32.08488135743182,502.09896663219735,33.8009665025237,2.1599327464747184
2024-12-11,1,1077.0,0.03995674088951557,61.03092783505155,0.015948057596234615,0.04563106796116512,4751,0.06390150844690935,0.4885217047098769,0.052108603280713726,32.08488135743182,502.09896663219735,33.56721154745784,2.1449954522390704
2024-12-12,1,1108.5,0.06855732711253339,78.11140121845084,0.01561674029378774,0.0413339596054485,4751,0.06390150844690935,0.4885217047098769,0.052108603280713726,32.08488135743182,502.09896663219735,34.548982358734456,2.2077320880287923
2024-12-13,1,1153.5,0.10738834914173792,83.14814814814815,0.016958797850727958,0.1017191977077363,4751,0.06390150844690935,0.4885217047098769,0.052108603280713726,32.08488135743182,502.09896663219735,35.95151208912963,2.297355853442681
2024-12-16,1,1136.0,0.08656145384983262,77.36255839022637,0.017251928799209535,0.09283309283309293,4751,0.06390150844690935,0.4885217047098769,0.052108603280713726,32.08488135743182,502.09896663219735,35.40608386064262,2.2625021668928356
2024-12-17,1,1137.0,0.08320789589009767,75.5813953488372,0.017139074714915683,0.100677637947725,4751,0.06390150844690935,0.4885217047098769,0.052108603280713726,32.08488135743182,502.09896663219735,35.437251187984735,2.264493806124255
2024-12-18,1,1125.5,0.06810029039421488,70.66929133858268,0.01716944373994821,0.0996580361504642,4751,0.06390150844690935,0.4885217047098769,0.052108603280713726,32.08488135743182,502.09896663219735,35.078826923550416,2.241589954962928
2024-12-19,1,1114.0,0.0518086576882115,69.57364341085271,0.014449002203177186,0.13754722761155924,4751,0.06390150844690935,0.4885217047098769,0.052108603280713726,32.08488135743182,502.09896663219735,34.72040265911609,2.218686103801601
2024-12-20,1,1107.0,0.039995189904812836,68.90595009596929,0.014492114007576466,0.13596716264751163,4751,0.06390150844690935,0.4885217047098769,0.052108603280713726,32.08488135743182,502.09896663219735,34.502231367721286,2.2047446291816626
2024-12-23,1,1106.5,0.03475040679297518,67.91338582677164,0.014506888425182645,0.12483480735996744,4751,0.06390150844690935,0.4885217047098769,0.052108603280713726,32.08488135743182,502.09896663219735,34.48664770405023,2.203748809565953
2024-12-24,1,1092.5,0.01832519294582611,61.09979633401222,0.014470393815603751,0.08706467661691542,4751,0.06390150844690935,0.4885217047098769,0.052108603280713726,32.08488135743182,502.09896663219735,34.05030512126062,2.1758658603260765
2024-12-25,1,1091.5,0.014706976052357518,62.50000000000001,0.014274473085968617,0.0695737383635473,4751,0.06390150844690935,0.4885217047098769,0.052108603280713726,32.08488135743182,502.09896663219735,34.0191377939185,2.1738742210946564
2024-12-26,1,1089.0,0.009529813111836224,61.98347107438017,0.014160137856632372,0.07502467917077982,4751,0.06390150844690935,0.4885217047098769,0.052108603280713726,32.08488135743182,502.09896663219735,33.941219475563216,2.168895123016107
2024-12-27,1,1111.5,0.026467437479221385,64.0625,0.014496983469401408,0.10213187902825971,4751,0.06390150844690935,0.4885217047098769,0.052108603280713726,32.08488135743182,502.09896663219735,34.6424843407608,2.2137070057230517
2024-12-30,1,1096.0,0.009152348857337582,62.7151051625239,0.01491602955233902,0.07927129492860652,4751,0.06390150844690935,0.4885217047098769,0.052108603280713726,32.08488135743182,502.09896663219735,34.15939076695802,2.1828365976360455
2025-01-06,1,1056.0,-0.02832219952520287,50.716845878136205,0.016347860317232295,0.01734104046242768,4751,0.06390150844690935,0.4885217047098769,0.052108603280713726,32.08488135743182,502.09896663219735,32.91269767327342,2.1031710283792555
2025-01-07,0,1070.5,-0.01639193634342202,50.361010830324915,0.016475724912095178,0.037809015996122186,4751,0.06390150844690935,0.4885217047098769,0.052108603280713726,32.08488135743182,502.09896663219735,33.364623919734086,2.132049797234842
2025-01-08,0,1080.5,-0.009006530192970813,50.45045045045045,0.016540617593408753,0.04801163918525697,4751,0.06390150844690935,0.4885217047098769,0.052108603280713726,32.08488135743182,502.09896663219735,33.676297193155236,2.1519661895490394
2025-01-09,0,1089.5,-0.0025816610517064016,53.6936936936937,0.0165419623984079,0.0481000481000482,4751,0.06390150844690935,0.4885217047098769,0.052108603280713726,32.08488135743182,502.09896663219735,33.956803139234275,2.169890942631817
2025-01-10,1,1065.0,-0.02627681167370674,46.596858638743456,0.017109407316406696,0.034482758620689724,4751,0.06390150844690935,0.4885217047098769,0.052108603280713726,32.08488135743182,502.09896663219735,33.19320361935246,2.1210957814620333
2025-01-14,1,1039.0,-0.04959660452607895,42.72,0.01731667804942833,-0.012357414448669224,4751,0.06390150844690935,0.4885217047098769,0.052108603280713726,32.08488135743182,502.09896663219735,32.38285310845747,2.0693131614451197
2025-01-15,1,1033.5,-0.05341539814255091,42.99516908212561,0.017012735107362793,-0.03275620028076742,4751,0.06390150844690935,0.4885217047098769,0.052108603280713726,32.08488135743182,502.09896663219735,32.211432808075834,2.0583591456723114
2025-01-16,1,1070.0,-0.019697663765460376,43.89857369255151,0.018427488942713496,-0.007421150278293154,4751,0.06390150844690935,0.4885217047098769,0.052108603280713726,32.08488135743182,502.09896663219735,33.349040256063034,2.131053977619132
2025-01-17,1,1067.0,-0.02237452126587388,34.18647166361974,0.018357753241689707,-0.00187090739008422,4751,0.06390150844690935,0.4885217047098769,0.052108603280713726,32.08488135743182,502.09896663219735,33.25553827403669,2.1250790599248726
2025-01-20,1,1085.5,-0.005460575742583362,40.80145719489981,0.01845912248647517,0.0009220839096357736,4751,0.06390150844690935,0.4885217047098769,0.052108603280713726,32.08488135743182,502.09896663219735,33.83213382986581,2.161924385706138
2025-01-21,1,1083.5,-0.007256601491634818,40.29038112522686,0.01846363014591614,-0.0009220839096357736,4751,0.06390150844690935,0.4885217047098769,0.052108603280713726,32.08488135743182,502.09896663219735,33.76979917518158,2.157941107243299
2025-01-22,1,1095.5,0.0030581599765601357,44.56521739130435,0.018528235926742413,0.01717734447539465,4751,0.06390150844690935,0.4885217047098769,0.052108603280713726,32.08488135743182,502.09896663219735,34.14380710328696,2.1818407780203355
2025-01-23,1,1086.0,-0.004820116195956959,44.89051094890511,0.01763691957456419,-0.020297699594046037,4751,0.06390150844690935,0.4885217047098769,0.052108603280713726,32.08488135743182,502.09896663219735,33.84771749353687,2.162920205321848
2025-01-24,1,1116.0,0.024078696226692124,51.515151515151516,0.01652830251243749,-0.032509752925877766,4751,0.06390150844690935,0.4885217047098769,0.052108603280713726,32.08488135743182,502.09896663219735,34.78273731380032,2.2226693822644403
2025-01-27,1,1122.0,0.030113845023870687,52.561983471074385,0.01631358442345607,-0.01232394366197187,4751,0.06390150844690935,0.4885217047098769,0.052108603280713726,32.08488135743182,502.09896663219735,34.96974127785301,2.234619217652959
2025-01-28,1,1151.5,0.056635284185798995,59.27672955974843,0.017164142406729973,0.012752858399296407,4751,0.06390150844690935,0.4885217047098769,0.052108603280713726,32.08488135743182,502.09896663219735,35.8891774344454,2.2933725749798417
2025-01-29,1,1134.0,0.04025244927163992,56.35276532137519,0.017326293128409043,0.0075521990226565805,4751,0.020122856167808192,0.4800294110924011,0.04072271661384798,10.013221955080105,497.60440921398083,113.25026101360679,2.278918713343545
2025-01-30,1,1190.0,0.08858721504628775,63.01546391752577,0.019731461403279665,0.06822262118491929,4751,0.020122856167808192,0.4800294110924011,0.04072271661384798,10.013221955080105,497.60440921398083,118.8428664957602,2.3914579090642136
2025-01-31,1,1164.0,0.0625867231432118,56.70498084291188,0.02026922172553255,0.051490514905149,4751,0.020122856167808192,0.4800294110924011,0.04072271661384798,10.013221955080105,497.60440921398083,116.2462996647604,2.339207568193903
2025-02-03,1,1132.5,0.032850576389902214,54.47852760736196,0.021096437825719017,0.02349751468594663,4751,0.020122856167808192,0.4800294110924011,0.04072271661384798,10.013221955080105,497.60440921398083,113.10045908104911,2.275904270601027
2025-02-04,1,1130.5,0.02959927140255009,60.08119079837619,0.02091138106943941,0.034782608695652195,4751,0.020122856167808192,0.4800294110924011,0.04072271661384798,10.013221955080105,497.60440921398083,112.9007231709722,2.271885013611003
2025-02-05,1,1156.0,0.05035526722273717,61.235216819973715,0.02131776125435556,0.059092991296381125,4751,0.020122856167808192,0.4800294110924011,0.04072271661384798,10.013221955080105,497.60440921398083,115.44735602445277,2.323130540233808
2025-02-06,1,1180.0,0.06862762855228122,62.61089987325728,0.021597882786924198,0.08356290174471992,4751,0.020122856167808192,0.4800294110924011,0.04072271661384798,10.013221955080105,497.60440921398083,117.84418694537567,2.3713616241140945
2025-02-07,1,1169.0,0.056465314680258845,60.025220680958384,0.021433510136255586,0.05173189383715693,4751,0.020122856167808192,0.4800294110924011,0.04072271661384798,10.013221955080105,497.60440921398083,116.74563943995268,2.349255710668963
2025-02-10,1,1175.5,0.05929530503739745,64.59709379128137,0.02117326732958502,0.07253649635036497,4751,0.020122856167808192,0.4800294110924011,0.04072271661384798,10.013221955080105,497.60440921398083,117.39478114770263,2.3623182958865407
2025-02-12,1,1182.0,0.060336939555412014,69.91643454038997,0.0195080597266948,0.11931818181818188,4751,0.020122856167808192,0.4800294110924011,0.04072271661384798,10.013221955080105,497.60440921398083,118.04392285545258,2.3753808811041184
2025-02-13,1,1196.0,0.06808601843252127,72.10884353741497,0.019475289463394014,0.1172349369453527,4751,0.020122856167808192,0.4800294110924011,0.04072271661384798,10.013221955080105,497.60440921398083,119.44207422599094,2.4035156800342854
2025-02-14,1,1182.5,0.052196042141230144,66.32801161103049,0.019702815884984706,0.09440074039796387,4751,0.020122856167808192,0.4800294110924011,0.04072271661384798,10.013221955080105,497.60440921398083,118.09385683297181,2.3763856953516242
2025-02-17,1,1179.0,0.04575047453477845,66.23188405797102,0.019724029792764306,0.08214777420835251,4751,0.020122856167808192,0.4800294110924011,0.04072271661384798,10.013221955080105,497.60440921398083,117.74431899033722,2.3693519956190823
2025-02-18,1,1156.5,0.022474095554691157,60.17191977077364,0.019549252887247164,0.08591549295774659,4751,0.020122856167808192,0.4800294110924011,0.04072271661384798,10.013221955080105,497.60440921398083,115.497290001972,2.3241353544813137
2025-02-19,1,1185.0,0.0422896949653449,63.51531291611185,0.019088981937101287,0.1405197305101058,4751,0.020122856167808192,0.4800294110924011,0.04072271661384798,10.013221955080105,497.60440921398083,118.34352672056794,2.381409766589154
2025-02-20,1,1166.5,0.021238969043283366,59.29319371727748,0.01943920698395661,0.12868892114175123,4751,0.020122856167808192,0.4800294110924011,0.04072271661384798,10.013221955080105,497.60440921398083,116.49596955235654,2.3442316394314333
2025-02-21,1,1162.5,0.014451018377925498,60.1593625498008,0.018443254906481233,0.08644859813084116,4751,0.020122856167808192,0.4800294110924011,0.04072271661384798,10.013221955080105,497.60440921398083,116.09649773220272,2.3361931254513855
2025-02-25,1,1154.0,0.003984618329244251,55.352112676056336,0.01852913044380772,0.08153701968134963,4751,0.020122856167808192,0.4800294110924011,0.04072271661384798,10.013221955080105,497.60440921398083,115.24762011437586,2.319111283243784
2025-02-26,1,1141.5,-0.008822048173940295,52.69709543568464,0.018496602834695584,0.05158912943344074,4751,0.020122856167808192,0.4800294110924011,0.04072271661384798,10.013221955080105,497.60440921398083,113.9992706763952,2.2939909270561345
2025-02-27,1,1141.5,-0.010814745489523232,48.49397590361446,0.01848358709771599,0.053530226119058666,4751,0.020122856167808192,0.4800294110924011,0.04072271661384798,10.013221955080105,497.60440921398083,113.9992706763952,2.2939909270561345
2025-02-28,1,1114.0,-0.035263960094221995,47.07602339181287,0.01911148029227186,0.016887266088543962,4751,0.020122856167808192,0.4800294110924011,0.04072271661384798,10.013221955080105,497.60440921398083,111.25290191283771,2.238726143443306
2025-03-03,1,1116.0,-0.034535261955844755,37.15277777777778,0.019008707727208994,0.027624309392265234,4751,0.020122856167808192,0.4800294110924011,0.04072271661384798,10.013221955080105,497.60440921398083,111.45263782291461,2.24274540043333
2025-03-04,1,1116.0,-0.034535261955844755,40.839694656488554,0.018198064103351872,0.0,4751,0.020122856167808192,0.4800294110924011,0.04072271661384798,10.013221955080105,497.60440921398083,111.45263782291461,2.24274540043333
2025-03-05,1,1120.0,-0.031007751937984426,47.33475479744136,0.018180170878311953,-0.0017825311942959443,4751,0.020122856167808192,0.4800294110924011,0.04072271661384798,10.013221955080105,497.60440921398083,111.85210964306843,2.2507839144133777
2025-03-06,1,1113.5,-0.03536281100561364,46.44351464435147,0.017367530462417097,-0.03300043421623966,4751,0.020122856167808192,0.4800294110924011,0.04072271661384798,10.013221955080105,497.60440921398083,111.20296793531848,2.2377213291958
2025-03-07,1,1092.5,-0.05219232037200916,36.46055437100213,0.017505415238355818,-0.03659611992945322,4751,0.020122856167808192,0.4800294110924011,0.04072271661384798,10.013221955080105,497.60440921398083,109.10574087951095,2.195519130800549
2025-03-10,1,1100.0,-0.04269576871529768,31.65137614678899,0.014107309559142796,-0.07563025210084029,4751,0.020122856167808192,0.4800294110924011,0.04072271661384798,10.013221955080105,497.60440921398083,109.85475054229936,2.210591344513139
2025-03-11,1,1097.5,-0.042655268667131964,32.93556085918854,0.01355249323597003,-0.05713058419243988,4751,0.020122856167808192,0.4800294110924011,0.04072271661384798,10.013221955080105,497.60440921398083,109.60508065470322,2.205567273275609
2025-03-12,1,1132.5,-0.012124912770411802,40.96638655462184,0.014172231670340466,0.0,4751,0.020122856167808192,0.4800294110924011,0.04072271661384798,10.013221955080105,497.60440921398083,113.10045908104911,2.275904270601027
2025-03-13,1,1140.5,-0.005493547261946246,41.33611691022964,0.014233791127463279,0.00884564352056616,4751,0.020122856167808192,0.4800294110924011,0.04072271661384798,10.013221955080105,497.60440921398083,113.89940272135674,2.2919812985611228
2025-03-14,1,1152.5,0.0050930528665863615,40.84210526315789,0.013646356297495789,-0.003027681660899617,4751,0.020122856167808192,0.4800294110924011,0.04072271661384798,10.013221955080105,497.60440921398083,115.09781818181818,2.316096840501266
2025-03-17,1,1172.0,0.022384283894830576,47.84394250513348,0.013422250631786162,-0.006779661016949157,4751,0.020122856167808192,0.4800294110924011,0.04072271661384798,10.013221955080105,497.60440921398083,117.04524330506804,2.3552845961539988
2025-03-18,1,1211.0,0.054859671434295584,55.7347670250896,0.014842837156262837,0.03592814371257491,4751,0.020122856167808192,0.4800294110924011,0.04072271661384798,10.013221955080105,497.60440921398083,120.94009355156774,2.4336601074594646
2025-03-19,1,1205.5,0.048972346461077926,59.351145038167935,0.014865696925429626,0.025521054870268012,4751,0.020122856167808192,0.4800294110924011,0.04072271661384798,10.013221955080105,497.60440921398083,120.39081979885624,2.422607150736899
2025-03-21,1,1237.0,0.07432561532716117,59.81132075471698,0.01566986820817848,0.04653130287648044,4751,0.020122856167808192,0.4800294110924011,0.04072271661384798,10.013221955080105,497.60440921398083,123.53666038256755,2.485910448329775
2025-03-24,1,1274.0,0.10346978017218983,68.95943562610229,0.01653830791791506,0.0652173913043479,4751,0.020122856167808192,0.4800294110924011,0.04072271661384798,10.013221955080105,497.60440921398083,127.23177471899034,2.560266702645217
2025-03-25,1,1293.0,0.1156554151998343,71.85929648241206,0.016447510803293715,0.093446088794926,4751,0.020122856167808192,0.4800294110924011,0.04072271661384798,10.013221955080105,497.60440921398083,129.12926586472096,2.598449644050444
2025-03-26,1,1291.5,0.11005105461296474,73.58490566037736,0.01642102414909131,0.09541984732824438,4751,0.020122856167808192,0.4800294110924011,0.04072271661384798,10.013221955080105,497.60440921398083,128.9794639321633,2.595435201307926
2025-03-27,1,1255.0,0.07503854719890346,67.98732171156894,0.017044250124658756,0.08517077388672711,4751,0.020122856167808192,0.4800294110924011,0.04072271661384798,10.013221955080105,497.60440921398083,125.33428357325971,2.52208376123999
2025-03-28,1,1185.5,0.015487142587928875,55.71428571428571,0.020126502809378142,0.00042194092826997043,4751,0.020122856167808192,0.4800294110924011,0.04072271661384798,10.013221955080105,497.60440921398083,118.39346069808717,2.38241458083666
2025-03-31,1,1129.5,-0.03125375233717005,51.87424425634825,0.022063284122834488,-0.03171881697385337,4751,0.020122856167808192,0.4800294110924011,0.04072271661384798,10.013221955080105,497.60440921398083,112.80085521593375,2.269875385115991
2025-04-01,1,1156.5,-0.007892253581539029,54.61801596351197,0.02261104575210531,-0.005161290322580614,4751,0.020122856167808192,0.4800294110924011,0.04072271661384798,10.013221955080105,497.60440921398083,115.497290001972,2.3241353544813137
2025-04-02,1,1149.5,-0.013744937881803814,53.75982042648708,0.02259538250742993,-0.0038994800693240572,4751,0.020122856167808192,0.4800294110924011,0.04072271661384798,10.013221955080105,497.60440921398083,114.79821431670283,2.31006795501623
2025-04-03,1,1137.0,-0.02431908284277543,51.87224669603524,0.022596238226767484,-0.003942181340341633,4751,0.020122856167808192,0.4800294110924011,0.04072271661384798,10.013221955080105,497.60440921398083,113.54986487872215,2.284947598828581
2025-04-04,1,1110.0,-0.046457288158889366,49.63119072708114,0.023093803766796754,-0.02759526938239154,4751,0.020122856167808192,0.4800294110924011,0.04072271661384798,10.013221955080105,497.60440921398083,110.8534300926839,2.230687629463258
2025-04-07,1,1030.0,-0.11261975325659937,44.142455482661674,0.02680107641907227,-0.07540394973070019,4751,0.020122856167808192,0.4800294110924011,0.04072271661384798,10.013221955080105,497.60440921398083,102.86399368960758,2.069917349862303
2025-04-08,1,1066.5,-0.07960370747536118,47.02222222222222,0.027863828247349617,-0.04435483870967738,4751,0.020122856167808192,0.4800294110924011,0.04072271661384798,10.013221955080105,497.60440921398083,106.50917404851114,2.1432687899302385
2025-04-09,1,1033.0,-0.10595281369545279,44.566133108677334,0.02849748165487942,-0.07437275985663083,4751,0.020122856167808192,0.4800294110924011,0.04072271661384798,10.013221955080105,497.60440921398083,103.16359755472294,2.0759462353473386
2025-04-10,1,1114.5,-0.03523199445983383,48.59375,0.032838417924815684,-0.004910714285714324,4751,0.020122856167808192,0.4800294110924011,0.04072271661384798,10.013221955080105,497.60440921398083,111.30283589035693,2.239730957690812
2025-04-11,1,1105.5,-0.04275768911055703,47.269890795631824,0.032859212828082074,-0.007184553210597189,4751,0.020122856167808192,0.4800294110924011,0.04072271661384798,10.013221955080105,497.60440921398083,110.40402429501086,2.2216443012357043
2025-04-14,1,1100.0,-0.04776744749735977,45.8628841607565,0.032639702117958115,0.006864988558352492,4751,0.020122856167808192,0.4800294110924011,0.04072271661384798,10.013221955080105,497.60440921398083,109.85475054229936,2.210591344513139
2025-04-15,1,1087.0,-0.058597336012332704,43.23248407643312,0.03270855095613252,-0.011818181818181839,4751,0.020122856167808192,0.4800294110924011,0.04072271661384798,10.013221955080105,497.60440921398083,108.55646712679945,2.1844661740779836
2025-04-16,1,1074.5,-0.06868098531731587,38.65336658354115,0.03278768884779124,-0.0209567198177677,4751,0.020122856167808192,0.4800294110924011,0.04072271661384798,10.013221955080105,497.60440921398083,107.30811768881878,2.159345817890334
2025-04-17,1,1173.5,0.015683151863456084,47.697841726618705,0.037174878325536946,0.03620309050772619,4751,0.020122856167808192,0.4800294110924011,0.04072271661384798,10.013221955080105,497.60440921398083,117.19504523762572,2.358299038896517
2025-04-18,1,1184.0,0.023230088495575316,46.06824925816023,0.03718730657680862,0.03814116615519514,4751,0.020122856167808192,0.4800294110924011,0.04072271661384798,10.013221955080105,497.60440921398083,118.24365876552949,2.3794001380941423
2025-04-21,1,1189.0,0.026256279238378078,43.38006230529595,0.03714958143045306,0.031670281995661576,4751,0.020122856167808192,0.4800294110924011,0.04072271661384798,10.013221955080105,497.60440921398083,118.74299854072176,2.389448280569202
2025-04-22,1,1173.0,0.012411316911498257,40.610328638497656,0.03713474343650875,0.0008532423208191808,4751,0.020122856167808192,0.4800294110924011,0.04072271661384798,10.013221955080105,497.60440921398083,117.14511126010649,2.357294224649011
2025-04-23,1,1168.5,0.010009335131210393,40.42056074766355,0.036514352428456555,-0.03509496284062763,4751,0.020122856167808192,0.4800294110924011,0.04072271661384798,10.013221955080105,497.60440921398083,116.69570546243345,2.348250896421457
2025-04-24,1,1158.5,0.002995567253082176,42.160844841592194,0.03654034511868593,-0.03898797179593527,4751,0.020122856167808192,0.4800294110924011,0.04072271661384798,10.013221955080105,497.60440921398083,115.69702591204891,2.3281546114713376
2025-04-25,1,1191.5,0.033194013284542384,50.5181347150259,0.03661603669834162,-0.036782538399353304,4751,0.020122856167808192,0.4800294110924011,0.04072271661384798,10.013221955080105,497.60440921398083,118.99266842831788,2.3944723518067317
2025-04-28,1,1201.5,0.044491967452535,56.754221388367725,0.03611194960585714,-0.05690737833594972,4751,0.020122856167808192,0.4800294110924011,0.04072271661384798,10.013221955080105,497.60440921398083,119.99134797870244,2.4145686367568513
2025-04-30,0,1224.5,0.06702800676205588,56.42722117202268,0.03620292117671412,-0.05297757153905647,4751,0.020122856167808192,0.4800294110924011,0.04072271661384798,10.013221955080105,497.60440921398083,122.28831094458687,2.4607900921421257
2025-05-01,0,1239.5,0.08206023570493234,58.37988826815642,0.036308191480489964,-0.04026325977545486,4751,0.020122856167808192,0.4800294110924011,0.04072271661384798,10.013221955080105,497.60440921398083,123.78633027016367,2.490934519567305
2025-05-02,0,1228.0,0.07303262788137216,58.48880597014925,0.0359110065220655,-0.021513944223107595,4751,0.020122856167808192,0.4800294110924011,0.04072271661384798,10.013221955080105,497.60440921398083,122.63784878722146,2.4678237918746677
2025-05-07,0,1248.5,0.08854865991246268,63.078375826251175,0.03415147607456115,0.053142134120624185,4751,0.020122856167808192,0.4800294110924011,0.04072271661384798,10.013221955080105,497.60440921398083,124.68514186550976,2.5090211760224124
2025-05-08,0,1253.5,0.08820210087681214,74.58745874587459,0.03253357348637207,0.10978308986277119,4751,0.020122856167808192,0.4800294110924011,0.04072271661384798,10.013221955080105,497.60440921398083,125.18448164070203,2.5190693184974724
2025-05-09,0,1263.5,0.0928229168468577,73.01401869158879,0.03229639656335844,0.09252053610030253,4751,0.020122856167808192,0.4800294110924011,0.04072271661384798,10.013221955080105,497.60440921398083,126.18316119108657,2.5391656034475916
2025-05-12,0,1254.5,0.08111136007170054,77.44733581164809,0.03231103563920156,0.09134406263592876,4751,0.020122856167808192,0.4800294110924011,0.04072271661384798,10.013221955080105,497.60440921398083,125.2843495957405,2.521078946992484
2025-05-13,0,1240.5,0.06524576649606706,68.75,0.032316560417343966,0.09102902374670174,4751,0.020122856167808192,0.4800294110924011,0.04072271661384798,10.013221955080105,497.60440921398083,123.88619822520214,2.492944148062317
2025-05-14,0,1231.0,0.05271259492371905,68.64784546805349,0.03189884234346302,0.109009009009009,4751,0.020122856167808192,0.4800294110924011,0.04072271661384798,10.013221955080105,497.60440921398083,122.93745265233682,2.4738526773597034
2025-05-15,0,1226.5,0.041861334330031745,68.85245901639345,0.027703446007832044,0.1907766990291262,4751,0.020425261105807765,0.4763075045900073,0.04072271661384798,10.013221955080105,490.2371579589219,122.48804685466378,2.501850339346923
2025-05-16,0,1411.5,0.18511863780625012,81.9704433497537,0.039624845447989984,0.3234880450070323,4751,0.020425261105807765,0.4763075045900073,0.04072271661384798,10.013221955080105,490.2371579589219,140.96361853677777,2.8792187150331694
2025-05-19,0,1410.0,0.16905729209849937,83.7865055387714,0.03869410313715244,0.36495643756050344,4751,0.020425261105807765,0.4763075045900073,0.04072271661384798,10.013221955080105,490.2371579589219,140.81381660422008,2.8761589714465243
2025-05-20,0,1399.0,0.14909485166080755,77.60097919216646,0.036375815916951354,0.2552714221624046,4751,0.020425261105807765,0.4763075045900073,0.04072271661384798,10.013221955080105,490.2371579589219,139.71526909879708,2.8537208518111257
2025-05-21,0,1401.0,0.1396729846253966,77.125,0.03623139858611445,0.2672998643147897,4751,0.020425261105807765,0.4763075045900073,0.04072271661384798,10.013221955080105,490.2371579589219,139.915005008874,2.8578005099266526
2025-05-22,0,1391.0,0.12092446048962878,74.93827160493828,0.036271464476974005,0.26454545454545464,4751,0.020425261105807765,0.4763075045900073,0.04072271661384798,10.013221955080105,490.2371579589219,138.91632545848947,2.8374022193490176
2025-05-23,0,1417.5,0.1302385660521783,79.42238267148014,0.03602167297806831,0.3040478380864766,4751,0.020425261105807765,0.4763075045900073,0.04072271661384798,10.013221955080105,490.2371579589219,141.5628262670085,2.8914576893797506
2025-05-26,0,1481.5,0.16613141903592452,82.94736842105263,0.03631134955482962,0.3787808282922289,4751,0.020425261105807765,0.4763075045900073,0.04072271661384798,10.013221955080105,490.2371579589219,147.95437538946953,3.022006749076614
2025-05-27,0,1480.5,0.15418797555195207,84.54935622317596,0.032481255421846926,0.26161056668086924,4751,0.020425261105807765,0.4763075045900073,0.04072271661384798,10.013221955080105,490.2371579589219,147.85450743443107,3.01996692001885
2025-05-28,0,1475.5,0.1399279964152721,82.42009132420091,0.03258820240568802,0.24619932432432434,4751,0.020425261105807765,0.4763075045900073,0.04072271661384798,10.013221955080105,490.2371579589219,147.35516765923882,3.009767774730033
2025-05-29,0,1464.5,0.12187835146315298,79.95444191343964,0.03274753009886994,0.23170731707317072,4751,0.020425261105807765,0.4763075045900073,0.04072271661384798,10.013221955080105,490.2371579589219,146.25662015381582,2.9873296550946344
2025-05-30,0,1465.0,0.11230904728642153,78.87154861944778,0.032471069764432085,0.24893435635123606,4751,0.020425261105807765,0.4763075045900073,0.04072271661384798,10.013221955080105,490.2371579589219,146.30655413133505,2.9883495696235163
2025-06-02,0,1482.5,0.11496344875304586,78.99761336515513,0.03235624307254308,0.26872058194266146,4751,0.020425261105807765,0.4763075045900073,0.04072271661384798,10.013221955080105,490.2371579589219,148.054243344508,3.0240465781343775
2025-06-03,0,1508.5,0.12269655562501852,82.3529411764706,0.0321518756540983,0.30211480362537757,4751,0.020425261105807765,0.4763075045900073,0.04072271661384798,10.013221955080105,490.2371579589219,150.6508101755078,3.077082133636228
2025-06-04,0,1527.5,0.1255784478439002,82.29166666666666,0.03194977035850258,0.2819974821653377,4751,0.020425261105807765,0.4763075045900073,0.04072271661384798,10.013221955080105,490.2371579589219,152.54830132123843,3.1158388857337345
2025-06-05,0,1505.5,0.09951505944903742,78.06236080178174,0.032333562231452104,0.2530170620058261,4751,0.020425261105807765,0.4763075045900073,0.04072271661384798,10.013221955080105,490.2371579589219,150.35120631039243,3.0709626464629376
2025-06-06,0,1500.0,0.0867517714053874,76.6029246344207,0.032372494375092334,0.2249897917517354,4751,0.020425261105807765,0.4763075045900073,0.04072271661384798,10.013221955080105,490.2371579589219,149.80193255768094,3.0597435866452383
2025-06-09,0,1501.0,0.07929705476300043,78.23596792668957,0.032401180551460095,0.21097216619604686,4751,0.020425261105807765,0.4763075045900073,0.04072271661384798,10.013221955080105,490.2371579589219,149.9018005127194,3.061783415703002
2025-06-10,0,1517.5,0.08215075233544894,81.5489749430524,0.03219984721827069,0.2357491856677525,4751,0.020425261105807765,0.4763075045900073,0.04072271661384798,10.013221955080105,490.2371579589219,151.5496217708539,3.0954405951560995
2025-06-11,0,1500.0,0.06205216800249236,80.08948545861297,0.03241161502799764,0.20144173007609134,4751,0.020425261105807765,0.4763075045900073,0.04072271661384798,10.013221955080105,490.2371579589219,149.80193255768094,3.0597435866452383
2025-06-12,0,1485.5,0.0449199516051883,78.33698030634574,0.03259372633490182,0.18508177104108503,4751,0.020425261105807765,0.4763075045900073,0.04072271661384798,10.013221955080105,490.2371579589219,148.35384720962335,3.0301660653076676
2025-06-13,0,1465.5,0.025025879193128705,59.24657534246575,0.032855821032534205,0.15987336762960025,4751,0.020425261105807765,0.4763075045900073,0.04072271661384798,10.013221955080105,490.2371579589219,146.35648810885428,2.989369484152398
2025-06-16,0,1508.0,0.0473240453933022,64.71471471471472,0.03302886364076724,0.20207253886010368,4751,0.020425261105807765,0.4763075045900073,0.04072271661384798,10.013221955080105,490.2371579589219,150.60087619798855,3.0760622191073463
2025-06-17,0,1509.5,0.04058954102383816,67.07882534775888,0.03282584976524856,0.21684804514308742,4751,0.020425261105807765,0.4763075045900073,0.04072271661384798,10.013221955080105,490.2371579589219,150.75067813054625,3.079121962693992
2025-06-18,0,1540.5,0.05297334244702666,69.7872340425532,0.03273680642957989,0.251421608448416,4751,0.020425261105807765,0.4763075045900073,0.04072271661384798,10.013221955080105,490.2371579589219,153.84658473673832,3.14235666348466
2025-06-19,0,1550.5,0.05050272365104743,72.62411347517731,0.03262978979523772,0.2641663269465959,4751,0.020425261105807765,0.4763075045900073,0.04072271661384798,10.013221955080105,490.2371579589219,154.84526428712286,3.162754954062295
2025-06-20,0,1547.5,0.044619954097475295,69.75683890577508,0.014280774011551055,0.09635139922068725,4751,0.020425261105807765,0.4763075045900073,0.04072271661384798,10.013221955080105,490.2371579589219,154.5456604220075,3.1566354668890044
2025-06-23,0,1569.0,0.05460558154541056,65.27050610820245,0.014382235565038655,0.1127659574468085,4751,0.020425261105807765,0.4763075045900073,0.04072271661384798,10.013221955080105,490.2371579589219,156.69282145533427,3.2004917916309195
2025-06-24,0,1584.0,0.05941839000508301,67.22129783693843,0.014187321666522194,0.1322373123659757,4751,0.020425261105807765,0.4763075045900073,0.04072271661384798,10.013221955080105,490.2371579589219,158.19084078091106,3.231089227497372
2025-06-25,0,1625.5,0.08068397888494415,72.25519287833828,0.014774850539008996,0.16024268379728768,4751,0.020425261105807765,0.4763075045900073,0.04072271661384798,10.013221955080105,490.2371579589219,162.3353609150069,3.315742133394557
2025-06-26,0,1643.5,0.08536295435333896,76.01744186046511,0.014543851462893505,0.18152408339324233,4751,0.020425261105807765,0.4763075045900073,0.04072271661384798,10.013221955080105,490.2371579589219,164.13298410569908,3.3524590564342995
2025-06-27,0,1629.5,0.07012451402752966,73.00699300699301,0.014620821032207638,0.14955908289241626,4751,0.020425261105807765,0.4763075045900073,0.04072271661384798,10.013221955080105,490.2371579589219,162.73483273516072,3.3239014496256107
2025-06-30,0,1650.0,0.0788121297712918,73.23162274618585,0.012210884822080928,0.11373607829902133,4751,0.020425261105807765,0.4763075045900073,0.04072271661384798,10.013221955080105,490.2371579589219,164.78212581344903,3.365717945309762
2025-07-01,0,1650.5,0.07436241261244841,71.19402985074626,0.012195541221541472,0.11482607227288089,4751,0.020425261105807765,0.4763075045900073,0.04072271661384798,10.013221955080105,490.2371579589219,164.83205979096826,3.366737859838644
2025-07-02,0,1584.5,0.028482039698303353,57.460732984293195,0.015038576273025411,0.07387326330057609,4751,0.020425261105807765,0.4763075045900073,0.04072271661384798,10.013221955080105,490.2371579589219,158.2407747584303,3.2321091420262538
2025-07-03,0,1564.0,0.012559886054642038,57.68725361366622,0.015235537059378756,0.06794127688630924,4751,0.020425261105807765,0.4763075045900073,0.04072271661384798,10.013221955080105,490.2371579589219,156.19348168014199,3.190292646342102
2025-07-04,0,1545.0,-0.0018090192531334504,55.710659898477154,0.015519749704141413,0.05460750853242313,4751,0.020425261105807765,0.4763075045900073,0.04072271661384798,10.013221955080105,490.2371579589219,154.29599053441137,3.1515358942445957
2025-07-07,0,1541.5,-0.005586520101150901,55.10718789407314,0.015409509998395566,0.03979763912310297,4751,0.020425261105807765,0.4763075045900073,0.04072271661384798,10.013221955080105,490.2371579589219,153.94645269177678,3.1443964925424233
2025-07-08,0,1528.5,-0.014481353484293621,51.399491094147585,0.015169212686510164,0.013258203513423883,4751,0.020425261105807765,0.4763075045900073,0.04072271661384798,10.013221955080105,490.2371579589219,152.6481692762769,3.117878714791498
2025-07-09,0,1534.5,-0.010791366906474826,54.52162516382699,0.014982405661171594,0.004582651391161985,4751,0.020425261105807765,0.4763075045900073,0.04072271661384798,10.013221955080105,490.2371579589219,153.2473770065076,3.130117689138079
2025-07-10,0,1520.0,-0.02050495547163971,54.52162516382699,0.014811777723005355,0.009631351710395197,4751,0.020425261105807765,0.4763075045900073,0.04072271661384798,10.013221955080105,490.2371579589219,151.79929165845002,3.1005401678005082
2025-07-11,0,1493.5,-0.03742040269148467,53.60824742268042,0.01522308964545735,-0.0043333333333333,4751,0.020425261105807765,0.4763075045900073,0.04072271661384798,10.013221955080105,490.2371579589219,149.152790849931,3.0464846977697757
2025-07-14,0,1487.5,-0.04095369498781446,47.083926031294446,0.01524255861117753,-0.008994003997335076,4751,0.020425261105807765,0.4763075045900073,0.04072271661384798,10.013221955080105,490.2371579589219,148.55358311970025,3.034245723423195
2025-07-15,0,1476.5,-0.047038170106752444,45.42936288088642,0.0151206268242105,-0.027018121911037918,4751,0.020425261105807765,0.4763075045900073,0.04072271661384798,10.013221955080105,490.2371579589219,147.45503561427728,3.0118076037877963
2025-07-16,0,1502.5,-0.03031984923974496,44.66292134831461,0.015394447049879191,0.0016666666666667052,4751,0.020425261105807765,0.4763075045900073,0.04072271661384798,10.013221955080105,490.2371579589219,150.05160244527707,3.064843159289647
2025-07-17,0,1578.5,0.016288951841359745,53.317535545023695,0.018241326157214965,0.06260518343991928,4751,0.020425261105807765,0.4763075045900073,0.04072271661384798,10.013221955080105,490.2371579589219,157.64156702819957,3.2198701676796726
2025-07-18,0,1543.0,-0.008545910171560724,49.504950495049506,0.01865691637388293,0.05288297509382467,4751,0.020425261105807765,0.4763075045900073,0.04072271661384798,10.013221955080105,490.2371579589219,154.09625462433445,3.1474562361290688
2025-07-22,0,1562.5,0.0025794363739027656,49.2817679558011,0.01795234170863061,0.03614058355437666,4751,0.020425261105807765,0.4763075045900073,0.04072271661384798,10.013221955080105,490.2371579589219,156.04367974758432,3.187232902755457
2025-07-23,0,1586.0,0.01566402397633108,50.2169197396963,0.018152083594865028,0.050679032792315226,4751,0.020425261105807765,0.4763075045900073,0.04072271661384798,10.013221955080105,490.2371579589219,158.39057669098798,3.235168885612899
2025-07-24,0,1594.0,0.019390156553770552,46.31578947368421,0.01775792796073837,0.034728984096072724,4751,0.020425261105807765,0.4763075045900073,0.04072271661384798,10.013221955080105,490.2371579589219,159.1895203312956,3.251487518075007
2025-07-25,0,1573.0,0.005381635966201839,41.81184668989547,0.01796279145256486,0.0145114479200259,4751,0.020425261105807765,0.4763075045900073,0.04072271661384798,10.013221955080105,490.2371579589219,157.0922932754881,3.2086511078619733
2023-10-12,1,28045.0,0.03203750588789443,49.59183673469387,0.02172367129664851,-0.04625063764665871,3697,0.21121665934214529,0.5975959595959596,0.13140170144134117,350.5560251704612,1659.6987484903032,80.00147761363637,16.897644843987695
2023-10-13,1,27420.0,0.012039654828780043,49.365159979685124,0.022100379450833627,-0.06845591982333954,3697,0.21121665934214529,0.5975959595959596,0.13140170144134117,350.5560251704612,1659.6987484903032,78.21859569142126,16.521070480375915
2023-10-16,0,28705.0,0.0594909423766849,54.846014492753625,0.023713278334796525,-0.0005222841225627217,3697,0.21121665934214529,0.5975959595959596,0.13140170144134117,350.5560251704612,1659.6987484903032,81.88420092349553,17.29530737196173
2023-10-17,0,29270.0,0.07920565744161526,56.310254163014896,0.023989254713162576,0.02503939765365093,3697,0.21121665934214529,0.5975959595959596,0.13140170144134117,350.5560251704612,1659.6987484903032,83.49592618117798,17.63573059666678
2023-10-18,0,28315.0,0.043171033629048866,55.57958477508651,0.02428324594992846,0.019258459323254096,3697,0.21121665934214529,0.5975959595959596,0.13140170144134117,350.5560251704612,1659.6987484903032,80.77168260403329,17.06032496906798
2023-10-19,0,27965.0,0.03051944223342475,57.57168458781362,0.024305375017373492,-0.0056888888888888545,3697,0.21121665934214529,0.5975959595959596,0.13140170144134117,350.5560251704612,1659.6987484903032,79.77326872759284,16.849443325445385
2023-10-20,1,26420.0,-0.024797171099742332,50.19825535289453,0.02642666436967411,-0.040842258123071296,3697,0.21121665934214529,0.5975959595959596,0.13140170144134117,350.5560251704612,1659.6987484903032,75.36598461587708,15.918551498597072
2023-10-23,1,26310.0,-0.026953858899063543,49.36608557844691,0.026414576977494414,-0.047946444725891046,3697,0.21121665934214529,0.5975959595959596,0.13140170144134117,350.5560251704612,1659.6987484903032,75.05219739756723,15.8522744106014
2023-10-24,1,26595.0,-0.014613144419661106,47.665847665847664,0.026477027990044564,-0.04437657204455625,3697,0.21113665562242206,0.5971734302442964,0.13137566738611836,350.3877044157379,1659.5304277355797,75.90163600160128,16.025617581648522
2023-10-25,1,25665.0,-0.04715054761462781,46.897663174858984,0.026764105552330452,-0.05032377428307122,3697,0.21113665562242206,0.5971734302442964,0.13137566738611836,350.3877044157379,1659.5304277355797,73.24743327622097,15.465218094867808
2023-10-26,1,25050.0,-0.0682883284981031,44.55559830704117,0.026620869560016826,-0.04662226450999052,3697,0.21113665562242206,0.5971734302442964,0.13137566738611836,350.3877044157379,1659.5304277355797,71.4922346997598,15.09463133748056
2023-10-27,1,25950.0,-0.034210173730516755,46.45113340765514,0.02764761482732081,-0.015927189988623414,3697,0.21113665562242206,0.5971734302442964,0.13137566738611836,350.3877044157379,1659.5304277355797,74.0608179823859,15.636953421461898
2023-10-30,1,26180.0,-0.025229357798165084,45.74548192771085,0.02769725310886083,-0.010955799017755896,3697,0.21113665562242206,0.5971734302442964,0.13137566738611836,350.3877044157379,1659.5304277355797,74.71723371016813,15.775546842923795
2023-10-31,0,27150.0,0.010909632498045203,52.30141054194507,0.0282043172350646,-0.000552181115405892,3697,0.21113665562242206,0.5971734302442964,0.13137566738611836,350.3877044157379,1659.5304277355797,77.48559569255404,16.360049533437014
2023-11-01,0,27030.0,0.005550430046724827,51.935127165499445,0.027653107368566913,0.022508038585209,3697,0.21113665562242206,0.5971734302442964,0.13137566738611836,350.3877044157379,1659.5304277355797,77.14311792153723,16.287739922239503
2023-11-02,0,27965.0,0.038016688442807964,58.03636363636363,0.028445105403836535,0.056678632155677366,3697,0.21113665562242206,0.5971734302442964,0.13137566738611836,350.3877044157379,1659.5304277355797,79.81159055404324,16.851152309486782
2023-11-06,0,30150.0,0.11375440514802042,61.863846662260414,0.03213038380502005,0.12060955212785718,3697,0.21113665562242206,0.5971734302442964,0.13137566738611836,350.3877044157379,1659.5304277355797,86.04753996797437,18.167789813374807
2023-11-07,0,31210.0,0.1463054512866095,66.45408163265306,0.03263858282189506,0.142804833394361,3697,0.21113665562242206,0.5971734302442964,0.13137566738611836,350.3877044157379,1659.5304277355797,89.0727602786229,18.80652471228616
2023-11-08,0,31730.0,0.15656871250173146,65.64337034617897,0.03189608415614214,0.19600452318130412,3697,0.21113665562242206,0.5971734302442964,0.13137566738611836,350.3877044157379,1659.5304277355797,90.55683061969576,19.11986636080871
2023-11-09,0,32470.0,0.1733373805703713,67.26932668329178,0.03199213258756854,0.22505187700433882,3697,0.21113665562242206,0.5971734302442964,0.13137566738611836,350.3877044157379,1659.5304277355797,92.66877687429944,19.56577562986003
2023-11-10,0,32720.0,0.1705865096344422,65.40362438220757,0.031056835670426323,0.2704329256455058,3697,0.21113665562242206,0.5971734302442964,0.13137566738611836,350.3877044157379,1659.5304277355797,93.38227223058446,19.71642065318818
2023-11-13,0,32530.0,0.15393074287173744,67.33378561736771,0.030888018910415725,0.22477409638554224,3697,0.21113665562242206,0.5971734302442964,0.13137566738611836,350.3877044157379,1659.5304277355797,92.84001575980784,19.601930435458787
2023-11-14,0,32270.0,0.1346934182858991,62.99671892088954,0.030547147283532732,0.23877159309021123,3697,0.21113665562242206,0.5971734302442964,0.13137566738611836,350.3877044157379,1659.5304277355797,92.09798058927142,19.445259611197514
2023-11-15,0,33370.0,0.16285552992340563,64.3859649122807,0.03054448959913602,0.23867854491462515,3697,0.21113665562242206,0.5971734302442964,0.13137566738611836,350.3877044157379,1659.5304277355797,95.23736015692553,20.10809771384137
2023-11-16,0,33280.0,0.149544396316484,68.54688083675757,0.03057788163627804,0.23579650946899378,3697,0.21113665562242206,0.5971734302442964,0.13137566738611836,350.3877044157379,1659.5304277355797,94.98050182866292,20.053865505443238
2023-11-17,0,33330.0,0.14292572525889857,70.50057317539168,0.029845916494270947,0.18844713852736672,3697,0.21113665562242206,0.5971734302442964,0.13137566738611836,350.3877044157379,1659.5304277355797,95.12320089991994,20.083994510108866
2023-11-20,0,33610.0,0.14282411185463256,80.414551607445,0.029200192384010355,0.225747629467542,3697,0.21113665562242206,0.5971734302442964,0.13137566738611836,350.3877044157379,1659.5304277355797,95.92231569895917,20.252716936236393
2023-11-21,0,34300.0,0.15747771096128013,82.21774193548387,0.02822019909598727,0.19491377808744126,3697,0.21113665562242206,0.5971734302442964,0.13137566738611836,350.3877044157379,1659.5304277355797,97.89156288230583,20.668497200622085
2023-11-22,0,34340.0,0.1509508583532755,81.8593171534348,0.028130735589858173,0.17321489579774507,3697,0.21113665562242206,0.5971734302442964,0.13137566738611836,350.3877044157379,1659.5304277355797,98.00572213931144,20.69260040435459
2023-11-24,0,33880.0,0.12712416996021134,85.15190415062045,0.027257389010169514,0.196538936959209,3697,0.21113665562242206,0.5971734302442964,0.13137566738611836,350.3877044157379,1659.5304277355797,96.692890683747,20.415413561430793
2023-11-27,0,33110.0,0.09401743290841451,84.03716216216216,0.02764904195705683,0.183979974968711,3697,0.21113665562242206,0.5971734302442964,0.13137566738611836,350.3877044157379,1659.5304277355797,94.49532498638911,19.951426889580095
2023-11-28,0,32860.0,0.07659343035560999,80.87578194816801,0.02464725873733435,0.2437547312641939,3697,0.21113665562242206,0.5971734302442964,0.13137566738611836,350.3877044157379,1659.5304277355797,93.78182963010408,19.800781866251945
2023-11-29,0,34010.0,0.10313912981427299,82.32865400495459,0.025014187924920366,0.29266438616495627,3697,0.21113665562242206,0.5971734302442964,0.13137566738611836,350.3877044157379,1659.5304277355797,97.06390826901522,20.49374897356143
2023-11-30,0,34440.0,0.10583097867968148,81.5038893690579,0.02501746240755187,0.2949802594472646,3697,0.21113665562242206,0.5971734302442964,0.13137566738611836,350.3877044157379,1659.5304277355797,98.29112028182546,20.75285841368585
2023-12-01,0,33760.0,0.07284271541067379,77.74113767518548,0.024025378719088632,0.3154100915643874,3697,0.21113665562242206,0.5971734302442964,0.13137566738611836,350.3877044157379,1659.5304277355797,96.35041291273018,20.34310395023328
2023-12-04,0,34680.0,0.08875145198254482,77.71357820883203,0.023057523288518934,0.38443113772455084,3697,0.21113665562242206,0.5971734302442964,0.13137566738611836,350.3877044157379,1659.5304277355797,98.97607582385908,20.897477636080872
2023-12-05,0,33400.0,0.03884793630058163,64.49598572702943,0.0246331253844495,0.2870905587668593,3697,0.21113665562242206,0.5971734302442964,0.13137566738611836,350.3877044157379,1659.5304277355797,95.32297959967974,20.12617511664075
2023-12-06,0,33810.0,0.0417115990165207,62.31060606060606,0.024633520892140832,0.29144385026737973,3697,0.21113665562242206,0.5971734302442964,0.13137566738611836,350.3877044157379,1659.5304277355797,96.49311198398719,20.373232954898914
2023-12-07,0,33120.0,0.012998929499923536,56.47716682199441,0.024740039231893437,0.21988950276243102,3697,0.21113665562242206,0.5971734302442964,0.13137566738611836,350.3877044157379,1659.5304277355797,94.52386480064051,19.95745269051322
2023-12-08,0,32950.0,0.0005526573099556382,52.362204724409445,0.024755683447256958,0.21901590825009243,3697,0.21113665562242206,0.5971734302442964,0.13137566738611836,350.3877044157379,1659.5304277355797,94.0386879583667,19.85501407465008
2023-12-11,0,33240.0,0.0029327636771786657,52.54901960784314,0.024141672347562013,0.18862864294654025,3697,0.21113665562242206,0.5971734302442964,0.13137566738611836,350.3877044157379,1659.5304277355797,94.86634257165733,20.029762301710733
2023-12-12,0,32710.0,-0.016098564604815045,50.853889943073995,0.019514713242193754,0.08490878938640134,3697,0.21113665562242206,0.5971734302442964,0.13137566738611836,350.3877044157379,1659.5304277355797,93.35373241633306,19.710394852255057
2023-12-13,0,33680.0,0.010076775431861805,56.266666666666666,0.019170122868639516,0.0791413008651074,3697,0.21113665562242206,0.5971734302442964,0.13137566738611836,350.3877044157379,1659.5304277355797,96.12209439871897,20.294897542768275
2023-12-14,0,33630.0,0.0062836624775583485,51.27450980392156,0.0189828921826115,0.05988023952095811,3697,0.21113665562242206,0.5971734302442964,0.13137566738611836,350.3877044157379,1659.5304277355797,95.97939532746197,20.264768538102643
2023-12-15,0,34290.0,0.023802130607175183,54.68895078922934,0.018827727470051896,0.05605174006775493,3697,0.21113665562242206,0.5971734302442964,0.13137566738611836,350.3877044157379,1659.5304277355797,97.86302306805445,20.662471399688958
2023-12-18,0,34480.0,0.027315631405825515,55.27039413382218,0.018807129698550706,0.05378973105134466,3697,0.21113665562242206,0.5971734302442964,0.13137566738611836,350.3877044157379,1659.5304277355797,98.40527953883107,20.77696161741835
2023-12-19,0,35740.0,0.06079853732087528,58.95710681244743,0.01992369103056389,0.09867814325238244,3697,0.21113665562242206,0.5971734302442964,0.13137566738611836,350.3877044157379,1659.5304277355797,102.0012961345076,21.536212534992224
2023-12-20,0,35280.0,0.04341653850703892,54.2024013722127,0.020068997756643225,0.09327548806941421,3697,0.21113665562242206,0.5971734302442964,0.13137566738611836,350.3877044157379,1659.5304277355797,100.68846467894315,21.25902569206843
2023-12-21,0,35220.0,0.03936729032638848,53.76712328767123,0.019067456138505717,0.055439017081210684,3697,0.21113665562242206,0.5971734302442964,0.13137566738611836,350.3877044157379,1659.5304277355797,100.51722579343475,21.222870886469675
2023-12-22,0,34830.0,0.025980911983032873,54.091300602928506,0.01923243394899339,0.04657451923076916,3697,0.21113665562242206,0.5971734302442964,0.13137566738611836,350.3877044157379,1659.5304277355797,99.4041730376301,20.98786465007776
2023-12-25,0,34720.0,0.02106835746803284,57.35159817351598,0.01926002223879695,0.041704170417041775,3697,0.21113665562242206,0.5971734302442964,0.13137566738611836,350.3877044157379,1659.5304277355797,99.09023508086469,20.921580839813377
2023-12-26,0,35460.0,0.04056623705894786,61.36363636363636,0.01961393455512187,0.055043141922046956,3697,0.21113665562242206,0.5971734302442964,0.13137566738611836,350.3877044157379,1659.5304277355797,101.20218133546837,21.367490108864697
2023-12-27,0,36000.0,0.05430860784405609,59.18744228993537,0.01943683177589038,0.04956268221574334,3697,0.21113665562242206,0.5971734302442964,0.13137566738611836,350.3877044157379,1659.5304277355797,102.74333130504404,21.6928833592535
2023-12-28,0,35680.0,0.04329925846218634,55.78358208955224,0.01956097712651234,0.0390215492137449,3697,0.21113665562242206,0.5971734302442964,0.13137566738611836,350.3877044157379,1659.5304277355797,101.8300572489992,21.50005772939347
2023-12-29,0,35820.0,0.04502170564346721,60.117878192534384,0.019308573671682476,0.05726092089728452,3697,0.21113665562242206,0.5971734302442964,0.13137566738611836,350.3877044157379,1659.5304277355797,102.2296146485188,21.584418942457233
2024-01-04,0,34800.0,0.013265627001781907,50.583657587548636,0.019651554564361965,0.051041981274539516,3697,0.21113665562242206,0.5971734302442964,0.13137566738611836,350.3877044157379,1659.5304277355797,99.3185535948759,20.969787247278383
2024-01-05,0,33760.0,-0.018045165268583303,51.79282868525896,0.020597186118594957,0.027388922702373808,3697,0.21113665562242206,0.5971734302442964,0.13137566738611836,350.3877044157379,1659.5304277355797,96.35041291273018,20.34310395023328
2024-01-09,0,34150.0,-0.00686325830279765,51.69660678642715,0.01950297264185729,0.004116436342252339,3697,0.21113665562242206,0.5971734302442964,0.13137566738611836,350.3877044157379,1659.5304277355797,97.46346566853482,20.578110186625196
2024-01-10,0,35190.0,0.022489539748953975,59.98071359691418,0.02028065172904154,0.021777003484320545,3697,0.21113665562242206,0.5971734302442964,0.13137566738611836,350.3877044157379,1659.5304277355797,100.43160635068054,21.204793483670297
2024-01-11,0,35210.0,0.02134942275337936,61.05675146771037,0.01981397632611851,0.04295023696682465,3697,0.21113665562242206,0.5971734302442964,0.13137566738611836,350.3877044157379,1659.5304277355797,100.48868597918334,21.216845085536548
2024-01-12,0,35090.0,0.017384547584255287,59.20398009950249,0.019114157619150408,0.011822376009227309,3697,0.035701476965211434,0.5734397786336611,0.07238862521437403,61.42501318534187,1720.5174241165485,571.2656486392694,20.39502739591145
2024-01-15,0,28090.0,-0.18052395122235837,36.016949152542374,0.043947837453507964,-0.15898203592814375,3697,0.035701476965211434,0.5734397786336611,0.07238862521437403,61.42501318534187,1720.5174241165485,457.3055591415525,16.326483885755273
2024-01-16,0,26640.0,-0.2162677398856174,29.294117647058826,0.04470084699786532,-0.21206743566992015,3697,0.035701476965211434,0.5734397786336611,0.07238862521437403,61.42501318534187,1720.5174241165485,433.6995406027398,15.483714158651495
2024-01-17,0,25930.0,-0.2306459844052267,28.199320498301248,0.04478800930975054,-0.21708937198067635,3697,0.035701476965211434,0.5734397786336611,0.07238862521437403,61.42501318534187,1720.5174241165485,422.1407315251142,15.071047602621368
2024-01-18,0,25450.0,-0.23810607239938206,24.713958810068647,0.044823982824039064,-0.22761760242792106,3697,0.035701476965211434,0.5734397786336611,0.07238862521437403,61.42501318534187,1720.5174241165485,414.3263253881279,14.792061761924945
2024-01-19,0,25585.0,-0.22697855420667487,24.47632711621233,0.04477090172648161,-0.230294825511432,3697,0.035701476965211434,0.5734397786336611,0.07238862521437403,61.42501318534187,1720.5174241165485,416.52412711415525,14.870526529620815
2024-01-22,0,28020.0,-0.14858188138487632,29.24731182795699,0.04936742661032688,-0.1433812289819627,3697,0.035701476965211434,0.5734397786336611,0.07238862521437403,61.42501318534187,1720.5174241165485,456.16595824657537,16.28579845065371
2024-01-23,0,27415.0,-0.1605734371938076,29.02107228594292,0.0489351860945379,-0.1860154394299287,3697,0.035701476965211434,0.5734397786336611,0.07238862521437403,61.42501318534187,1720.5174241165485,446.3165505114155,15.934160047275927
2024-01-24,0,27465.0,-0.1526443420151422,29.30344275420336,0.0489550323520287,-0.18331846565566456,3697,0.035701476965211434,0.5734397786336611,0.07238862521437403,61.42501318534187,1720.5174241165485,447.13055115068494,15.963221072348473
2024-01-25,0,26740.0,-0.16725318119250338,28.788673308862087,0.04878452372667547,-0.2201808107319918,3697,0.035701476965211434,0.5734397786336611,0.07238862521437403,61.42501318534187,1720.5174241165485,435.3275418812786,15.541836208796584
2024-01-26,0,26600.0,-0.16340099511250059,28.7434554973822,0.048701430879732166,-0.228538283062645,3697,0.035701476965211434,0.5734397786336611,0.07238862521437403,61.42501318534187,1720.5174241165485,433.04834009132423,15.46046533859346
2024-01-29,0,26230.0,-0.1650485436893204,25.36038441003737,0.04776839749485736,-0.26608841634023506,3697,0.035701476965211434,0.5734397786336611,0.07238862521437403,61.42501318534187,1720.5174241165485,427.02473536073063,15.245413753056633
2024-01-30,0,26885.0,-0.13495199361630933,25.815866277527192,0.048306519787887976,-0.237953514739229,3697,0.035701476965211434,0.5734397786336611,0.07238862521437403,61.42501318534187,1720.5174241165485,437.6881437351598,15.62611318150696
2024-01-31,0,26865.0,-0.1261993820133355,26.23348611485575,0.04831340677965095,-0.2372231686541738,3697,0.035701476965211434,0.5734397786336611,0.07238862521437403,61.42501318534187,1720.5174241165485,437.3625434794521,15.614488771477943
2024-02-01,0,26455.0,-0.1300559026635975,25.11294180175392,0.04832617228095932,-0.24045363192650016,3697,0.035701476965211434,0.5734397786336611,0.07238862521437403,61.42501318534187,1720.5174241165485,430.68773823744294,15.376188365883081
2024-02-02,0,27555.0,-0.08526261975739795,30.82826144482668,0.04939564729504703,-0.2063652073732719,3697,0.035701476965211434,0.5734397786336611,0.07238862521437403,61.42501318534187,1720.5174241165485,448.5957523013699,16.01553091747905
2024-02-05,0,28005.0,-0.06102892855705915,34.280251297459714,0.04928267820208145,-0.2102368866328257,3697,0.035701476965211434,0.5734397786336611,0.07238862521437403,61.42501318534187,1720.5174241165485,455.92175805479457,16.277080143131947
2024-02-06,0,27470.0,-0.06830823497490164,31.897018970189706,0.0490827069246345,-0.2369444444444444,3697,0.035701476965211434,0.5734397786336611,0.07238862521437403,61.42501318534187,1720.5174241165485,447.2119512146119,15.966127174855727
2024-02-07,0,27485.0,-0.05731885499482102,27.8909612625538,0.04912385354832091,-0.22968049327354256,3697,0.035701476965211434,0.5734397786336611,0.07238862521437403,61.42501318534187,1720.5174241165485,447.45615140639273,15.97484548237749
2024-02-08,0,26850.0,-0.06762416051449094,26.829268292682926,0.04912218355699233,-0.2504187604690117,3697,0.035701476965211434,0.5734397786336611,0.07238862521437403,61.42501318534187,1720.5174241165485,437.1183432876713,15.60577046395618
2024-02-09,0,27370.0,-0.03965586206412589,29.067245119305866,0.0493122225572406,-0.21350574712643677,3697,0.035701476965211434,0.5734397786336611,0.07238862521437403,61.42501318534187,1720.5174241165485,445.5839499360731,15.90800512471064
2024-02-13,0,27265.0,-0.03453917083327437,46.427024686011265,0.04911169731161673,-0.19238744075829384,3697,0.035701476965211434,0.5734397786336611,0.07238862521437403,61.42501318534187,1720.5174241165485,443.87454859360736,15.846976972058297
2024-02-14,0,27040.0,-0.03276577478895407,51.93798449612403,0.048955295042358536,-0.20819912152269404,3697,0.035701476965211434,0.5734397786336611,0.07238862521437403,61.42501318534187,1720.5174241165485,440.211545716895,15.716202359231847
2024-02-15,0,26865.0,-0.027440900698693118,54.77772100153295,0.048298143950269996,-0.23657289002557547,3697,0.035701476965211434,0.5734397786336611,0.07238862521437403,61.42501318534187,1720.5174241165485,437.3625434794521,15.614488771477943
2024-02-16,0,27085.0,-0.0078027694336581434,58.58267716535433,0.04838841238143764,-0.23075830729906277,3697,0.035701476965211434,0.5734397786336611,0.07238862521437403,61.42501318534187,1720.5174241165485,440.94414629223746,15.742357281797137
2024-02-19,0,26900.0,-0.002610269035683618,56.866840731070496,0.04837614844860223,-0.23339982901111422,3697,0.035701476965211434,0.5734397786336611,0.07238862521437403,61.42501318534187,1720.5174241165485,437.9323439269407,15.634831489028723
2024-02-20,0,26635.0,-0.010300161265151148,40.64821066846725,0.027820337747030504,-0.05179779280882879,3697,0.035701476965211434,0.5734397786336611,0.07238862521437403,61.42501318534187,1720.5174241165485,433.61814053881284,15.480808056144241
2024-02-21,0,26220.0,-0.025112100954066546,41.71864171864172,0.02600370703050747,-0.015765765765765716,3697,0.035701476965211434,0.5734397786336611,0.07238862521437403,61.42501318534187,1720.5174241165485,426.86193523287676,15.239601548042124
2024-02-22,0,26005.0,-0.03321387145703839,40.108401084010836,0.02548186787125917,0.002892402622445056,3697,0.035701476965211434,0.5734397786336611,0.07238862521437403,61.42501318534187,1720.5174241165485,423.36173248401826,15.114639140230185
2024-02-26,0,26270.0,-0.02455144961977189,46.604046242774565,0.02523897861262452,0.03222003929273076,3697,0.035701476965211434,0.5734397786336611,0.07238862521437403,61.42501318534187,1720.5174241165485,427.67593587214617,15.268662573114668
2024-02-27,0,27660.0,0.02390594576185855,56.487148102815176,0.02724892609880584,0.08110220832519044,3697,0.035701476965211434,0.5734397786336611,0.07238862521437403,61.42501318534187,1720.5174241165485,450.30515364383564,16.076559070131395
2024-02-28,0,28160.0,0.042198683928082396,61.62650602409638,0.01977586875418725,0.0049964311206280865,3697,0.035701476965211434,0.5734397786336611,0.07238862521437403,61.42501318534187,1720.5174241165485,458.4451600365297,16.367169320856835
2024-02-29,0,27580.0,0.02048367522126508,54.22492401215805,0.019730741210887682,0.0060186029545870046,3697,0.035701476965211434,0.5734397786336611,0.07238862521437403,61.42501318534187,1720.5174241165485,449.0027526210046,16.030061430015323
2024-03-01,0,27780.0,0.027404859647176302,55.44318857822724,0.01977659053546009,0.011469142545057265,3697,0.035701476965211434,0.5734397786336611,0.07238862521437403,61.42501318534187,1720.5174241165485,452.2587551780822,16.1463055303055
2024-03-04,0,27150.0,0.0034965293434951446,54.02898550724638,0.01957771416419892,0.015332834704562481,3697,0.035701476965211434,0.5734397786336611,0.07238862521437403,61.42501318534187,1720.5174241165485,442.0023471232877,15.780136614391445
2024-03-05,0,26560.0,-0.018252519054624463,43.86937769562538,0.020061267263232173,-0.0015037593984962294,3697,0.035701476965211434,0.5734397786336611,0.07238862521437403,61.42501318534187,1720.5174241165485,432.3971395799087,15.437216518535424
2024-03-06,0,27055.0,-0.0011740035736963863,44.17892156862745,0.020167935169732802,0.03145253526496372,3697,0.035701476965211434,0.5734397786336611,0.07238862521437403,61.42501318534187,1720.5174241165485,440.45574590867585,15.724920666753611
2024-03-07,0,26655.0,-0.015606996188731593,44.92211838006231,0.019798552056341186,-0.008554956295331984,3697,0.035701476965211434,0.5734397786336611,0.07238862521437403,61.42501318534187,1720.5174241165485,433.9437407945206,15.492432466173257
2024-03-08,0,26250.0,-0.029682475141389126,42.661913250148544,0.02002600304100346,-0.022892238972641032,3697,0.035701476965211434,0.5734397786336611,0.07238862521437403,61.42501318534187,1720.5174241165485,427.3503356164384,15.257038163085651
2024-03-11,0,26105.0,-0.03454269758496986,45.299684542586746,0.01982540052299566,-0.013230013230013271,3697,0.035701476965211434,0.5734397786336611,0.07238862521437403,61.42501318534187,1720.5174241165485,424.9897337625571,15.172761190375272
2024-03-12,0,25960.0,-0.03763456804768827,40.66225165562914,0.017810992012807624,-0.05788423153692612,3697,0.035701476965211434,0.5734397786336611,0.07238862521437403,61.42501318534187,1720.5174241165485,422.62913190867584,15.088484217664895
2024-03-13,0,25745.0,-0.04239570314824731,40.07832898172324,0.01741808836337941,-0.08069987502231746,3697,0.035701476965211434,0.5734397786336611,0.07238862521437403,61.42501318534187,1720.5174241165485,419.1289291598174,14.963521809852955
2024-03-14,0,25560.0,-0.046567493770609265,40.28871391076115,0.017125783351531032,-0.0695303967965053,3697,0.035701476965211434,0.5734397786336611,0.07238862521437403,61.42501318534187,1720.5174241165485,416.1171267945206,14.855996017084543
2024-03-15,0,24540.0,-0.08057518377256408,36.26698168930892,0.018645961094132066,-0.10714935419319627,3697,0.035701476965211434,0.5734397786336611,0.07238862521437403,61.42501318534187,1720.5174241165485,399.5115137534247,14.263151105604642
2024-03-18,0,25425.0,-0.0453787696743962,40.90909090909091,0.019881478111744413,-0.05307262569832405,3697,0.035701476965211434,0.5734397786336611,0.07238862521437403,61.42501318534187,1720.5174241165485,413.91932506849315,14.777531249388673
2024-03-19,0,24900.0,-0.06160965976755051,39.4403379091869,0.019700332572791364,-0.0902447935696018,3697,0.035701476965211434,0.5734397786336611,0.07238862521437403,61.42501318534187,1720.5174241165485,405.3723183561644,14.47239048612696
2024-03-21,0,25150.0,-0.04915652811698969,42.147012162876784,0.01988774295011432,-0.07757197872730603,3697,0.035701476965211434,0.5734397786336611,0.07238862521437403,61.42501318534187,1720.5174241165485,409.44232155251143,14.617695611489681
2024-03-22,0,24805.0,-0.05901945312737092,42.46137453383058,0.01997730375524482,-0.08265532544378695,3697,0.035701476965211434,0.5734397786336611,0.07238862521437403,61.42501318534187,1720.5174241165485,403.82571714155256,14.417174538489126
2024-03-25,0,24015.0,-0.08503131810354021,40.010040160642575,0.020776283910719406,-0.10608598548297044,3697,0.035701476965211434,0.5734397786336611,0.07238862521437403,61.42501318534187,1720.5174241165485,390.9645070410959,13.958010342342929
2024-03-26,0,24375.0,-0.06746396106877244,40.57682744903033,0.020989670060366852,-0.10005538120731028,3697,0.035701476965211434,0.5734397786336611,0.07238862521437403,61.42501318534187,1720.5174241165485,396.8253116438356,14.167249722865247
2024-03-27,0,24410.0,-0.06255280581286385,31.321839080459768,0.021008295402565245,-0.09256505576208174,3697,0.035701476965211434,0.5734397786336611,0.07238862521437403,61.42501318534187,1720.5174241165485,397.3951120913242,14.187592440416028
2024-03-28,0,24040.0,-0.07306728359359939,25.96266044340723,0.021099983658839593,-0.09742819598272945,3697,0.035701476965211434,0.5734397786336611,0.07238862521437403,61.42501318534187,1720.5174241165485,391.3715073607306,13.972540854879202
2024-03-29,0,23715.0,-0.08205211575084767,26.75886951292844,0.02105632490504552,-0.09553775743707094,3697,0.035701476965211434,0.5734397786336611,0.07238862521437403,61.42501318534187,1720.5174241165485,386.0805032054795,13.783644191907666
2024-04-01,0,23355.0,-0.09226236746369824,23.893805309734518,0.021163149029972145,-0.10190348009998074,3697,0.035701476965211434,0.5734397786336611,0.07238862521437403,61.42501318534187,1720.5174241165485,380.21969860273975,13.574404811385348
2024-04-02,0,22385.0,-0.12467642159431289,22.97220646625071,0.022212536801651445,-0.147887323943662,3697,0.035701476965211434,0.5734397786336611,0.07238862521437403,61.42501318534187,1720.5174241165485,364.42808620091324,13.010620924977992
2024-04-03,0,22190.0,-0.12481364328366445,24.049881235154388,0.018493723934941222,-0.1977584960231381,3697,0.035701476965211434,0.5734397786336611,0.07238862521437403,61.42501318534187,1720.5174241165485,361.2534837077626,12.89728292719507
2024-04-04,0,22000.0,-0.12379222724050312,18.853974121996302,0.017639741057298014,-0.21875,3697,0.035701476965211434,0.5734397786336611,0.07238862521437403,61.42501318534187,1720.5174241165485,358.16028127853883,12.786851031919403
2024-04-05,0,21465.0,-0.13668977943660607,18.545454545454547,0.017751094215983778,-0.22171863669325598,3697,0.035701476965211434,0.5734397786336611,0.07238862521437403,61.42501318534187,1720.5174241165485,349.4504744383562,12.47589806364318
2024-04-08,0,21520.0,-0.12567240342580407,20.063291139240505,0.017587151255475688,-0.22534197264218858,3697,0.035701476965211434,0.5734397786336611,0.07238862521437403,61.42501318534187,1720.5174241165485,350.34587514155254,12.50786519122298
2024-04-09,0,21420.0,-0.12155511811023623,20.178230426479956,0.01741496943035822,-0.21104972375690612,3697,0.035701476965211434,0.5734397786336611,0.07238862521437403,61.42501318534187,1720.5174241165485,348.7178738630137,12.44974314107789
2024-04-10,0,21355.0,-0.11667866213320756,20.38585209003216,0.01725924126393907,-0.19597138554216864,3697,0.035701476965211434,0.5734397786336611,0.07238862521437403,61.42501318534187,1720.5174241165485,347.6596730319635,12.411963808483584
2024-04-11,0,20770.0,-0.1318486566016285,19.45979128299571,0.01668456019818615,-0.23230456477545736,3697,0.09176093456215516,0.5212480519271863,0.08957078673167002,166.9950285181735,1819.8924118962389,124.37496004702722,11.412762570045928
2024-04-12,0,18615.0,-0.21132238547968882,15.66979733069698,0.02505255807273193,-0.3016319639842431,3697,0.09176093456215516,0.5212480519271863,0.08957078673167002,166.9950285181735,1819.8924118962389,111.47038426939872,10.228626636562588
2024-04-15,0,16950.0,-0.2703652048142982,14.730483271375462,0.02925563390697731,-0.3542857142857143,3697,0.09176093456215516,0.5212480519271863,0.08957078673167002,166.9950285181735,1819.8924118962389,101.50002757809875,9.313737388650864
2024-04-16,0,17490.0,-0.23578400957782422,11.90590494479116,0.0307777443353432,-0.3300134073932197,3697,0.09176093456215516,0.5212480519271863,0.08957078673167002,166.9950285181735,1819.8924118962389,104.73365677527713,9.610458225811424
2024-04-17,0,16660.0,-0.26002256353767844,11.56716417910448,0.03135373996666758,-0.35824345146379044,3697,0.09176093456215516,0.5212480519271863,0.08957078673167002,166.9950285181735,1819.8924118962389,99.76344893516963,9.154387309435009
2024-04-18,0,16350.0,-0.26146424312506783,9.183673469387756,0.031300786736316456,-0.36492522819965045,3697,0.09176093456215516,0.5212480519271863,0.08957078673167002,166.9950285181735,1819.8924118962389,97.90710624790057,8.984047569583577
2024-04-19,0,15350.0,-0.2936033133916245,8.657630083078274,0.03240141536353421,-0.3994522691705791,3697,0.09176093456215516,0.5212480519271863,0.08957078673167002,166.9950285181735,1819.8924118962389,91.91890403090359,8.434564537804766
2024-04-22,0,16595.0,-0.22497454722074334,18.7973086627418,0.03783534738289891,-0.3237571312143439,3697,0.09176093456215516,0.5212480519271863,0.08957078673167002,166.9950285181735,1819.8924118962389,99.37421579106483,9.118670912369387
2024-04-23,0,16005.0,-0.23913973587381276,15.470297029702976,0.036509752683167036,-0.37050147492625374,3697,0.09176093456215516,0.5212480519271863,0.08957078673167002,166.9950285181735,1819.8924118962389,95.84117648303662,8.794475923619888
2024-04-24,0,15805.0,-0.23542444706747417,14.977614977614977,0.03651863369337764,-0.3652610441767068,3697,0.09176093456215516,0.5212480519271863,0.08957078673167002,166.9950285181735,1819.8924118962389,94.64353603963723,8.684579317264125
2024-04-25,0,14835.0,-0.26773285946986525,14.2801707411719,0.03707450387753163,-0.4101391650099404,3697,0.09176093456215516,0.5212480519271863,0.08957078673167002,166.9950285181735,1819.8924118962389,88.83497988915015,8.151580776438678
2024-04-26,0,14680.0,-0.2606023975017629,14.471097129374755,0.037104152587040785,-0.4081838339044548,3697,0.09176093456215516,0.5212480519271863,0.08957078673167002,166.9950285181735,1819.8924118962389,87.90680854551562,8.066410906512962
2024-04-30,0,14680.0,-0.24642978142357005,14.892755969243225,0.03723013974249533,-0.3887153862169478,3697,0.09176093456215516,0.5212480519271863,0.08957078673167002,166.9950285181735,1819.8924118962389,87.90680854551562,8.066410906512962
2024-05-01,0,14475.0,-0.24153505968162806,15.875754961173428,0.03657931871272638,-0.4061538461538462,3697,0.09176093456215516,0.5212480519271863,0.08957078673167002,166.9950285181735,1819.8924118962389,86.67922709103124,7.953766884998305
2024-05-02,0,14125.0,-0.24356832251569097,15.666240953597267,0.03631240005216875,-0.42134371159360917,3697,0.09176093456215516,0.5212480519271863,0.08957078673167002,166.9950285181735,1819.8924118962389,84.5833563150823,7.761447823875721
2024-05-07,0,14365.0,-0.21443492907219655,17.634590928359472,0.03708882393397966,-0.40245424292845255,3697,0.09176093456215516,0.5212480519271863,0.08957078673167002,166.9950285181735,1819.8924118962389,86.02052484716157,7.893323751502636
2024-05-08,0,14090.0,-0.21290192836234445,18.03207628955353,0.037066740429242795,-0.40586126923887833,3697,0.09176093456215516,0.5212480519271863,0.08957078673167002,166.9950285181735,1819.8924118962389,84.37376923748741,7.742215917763462
2024-05-09,0,14895.0,-0.15190060810349143,23.036223036223035,0.04014696691027815,-0.36223506743737954,3697,0.09176093456215516,0.5212480519271863,0.08957078673167002,166.9950285181735,1819.8924118962389,89.19427202216997,8.184549758345407
2024-05-10,0,14400.0,-0.16489787396917088,22.3186119873817,0.03996995062002195,-0.35671208398481125,3697,0.09176093456215516,0.5212480519271863,0.08957078673167002,166.9950285181735,1819.8924118962389,86.23011192475647,7.912555657614894
2024-05-13,0,15395.0,-0.0928963680501543,28.104335047758994,0.043493084157014215,-0.3062190175754844,3697,0.09176093456215516,0.5212480519271863,0.08957078673167002,166.9950285181735,1819.8924118962389,92.18837313066845,8.459291274234813
2024-05-14,0,16300.0,-0.026493705057454704,33.95549174443647,0.04584053375677278,-0.25909090909090904,3697,0.09176093456215516,0.5212480519271863,0.08957078673167002,166.9950285181735,1819.8924118962389,97.60769613705072,8.956573417994637
2024-05-15,0,16395.0,-0.00881456761462561,40.64869418702611,0.04586954465739126,-0.23619846261355693,3697,0.09176093456215516,0.5212480519271863,0.08957078673167002,166.9950285181735,1819.8924118962389,98.17657534766543,9.008774306013624
2024-05-16,0,17610.0,0.07480286125826997,52.88966725043783,0.048804534493944625,-0.18169144981412644,3697,0.09176093456215516,0.5212480519271863,0.08957078673167002,166.9950285181735,1819.8924118962389,105.45224104131677,9.676396189624882
2024-05-17,0,17435.0,0.07457627118644068,49.75124378109453,0.04880610219304539,-0.18604108309990663,3697,0.09176093456215516,0.5212480519271863,0.08957078673167002,166.9950285181735,1819.8924118962389,104.40430565334229,9.580236659063589
2024-05-20,0,18435.0,0.14444816925541024,57.906458797327396,0.0504789894981231,-0.13673612737063923,3697,0.09176093456215516,0.5212480519271863,0.08957078673167002,166.9950285181735,1819.8924118962389,110.39250787033927,10.129719690842402
2024-05-21,0,18570.0,0.15916155853235286,60.04524886877828,0.05030403861103041,-0.10592200288878195,3697,0.09176093456215516,0.5212480519271863,0.08957078673167002,166.9950285181735,1819.8924118962389,111.20091516963386,10.20389990013254
2024-05-22,0,17240.0,0.07984867085911854,58.30404217926186,0.04798594820423121,-0.0738651625033575,3697,0.09176093456215516,0.5212480519271863,0.08957078673167002,166.9950285181735,1819.8924118962389,103.23660622102788,9.473087467866721
2024-05-23,0,17120.0,0.07187578261958427,52.55972696245734,0.04442374050399947,0.010029498525073732,3697,0.09176093456215516,0.5212480519271863,0.08957078673167002,166.9950285181735,1819.8924118962389,102.51802195498824,9.407149504053264
2024-05-24,0,16785.0,0.05276032062619957,53.900000000000006,0.04414135845825398,-0.04030874785591765,3697,0.09176093456215516,0.5212480519271863,0.08957078673167002,166.9950285181735,1819.8924118962389,100.51197421229426,9.223072688407361
2024-05-27,0,16695.0,0.04702355567819778,54.49949443882709,0.0430742516625586,0.0021008403361344463,3697,0.09176093456215516,0.5212480519271863,0.08957078673167002,166.9950285181735,1819.8924118962389,99.97303601276452,9.173619215547268
2024-05-28,0,16575.0,0.03891138383623116,59.623893805309734,0.04291831547308614,0.013761467889908285,3697,0.09176093456215516,0.5212480519271863,0.08957078673167002,166.9950285181735,1819.8924118962389,99.2544517467249,9.10768125173381
2024-05-29,0,16055.0,0.004542496746421086,57.30994152046784,0.041498396896596415,0.045928338762214915,3697,0.09176093456215516,0.5212480519271863,0.08957078673167002,166.9950285181735,1819.8924118962389,96.14058659388647,8.821950075208829
2024-05-30,0,15180.0,-0.04682967260671359,52.431906614785994,0.03963153321870818,-0.08526664658029526,3697,0.09176093456215516,0.5212480519271863,0.08957078673167002,166.9950285181735,1819.8924118962389,90.90090965401411,8.341152422402368
2024-05-31,0,15150.0,-0.04666616325605983,53.33993072736269,0.03904024748800228,-0.0534208059981256,3697,0.09176093456215516,0.5212480519271863,0.08957078673167002,166.9950285181735,1819.8924118962389,90.7212635875042,8.324667931449003
2024-06-03,0,15260.0,-0.0384251849424693,55.75266092245312,0.039007661428901066,-0.03448275862068961,3697,0.09176093456215516,0.5212480519271863,0.08957078673167002,166.9950285181735,1819.8924118962389,91.37996583137387,8.385111064944672
2024-06-04,0,16740.0,0.0497930515489778,60.69338135974786,0.04151780628931243,0.12841253791708795,3697,0.09176093456215516,0.5212480519271863,0.08957078673167002,166.9950285181735,1819.8924118962389,100.24250511252939,9.198345951977315
2024-06-05,0,16380.0,0.02285500187336081,60.23235031277927,0.041754736437577676,0.11580381471389645,3697,0.09176093456215516,0.5212480519271863,0.08957078673167002,166.9950285181735,1819.8924118962389,98.08675231441048,9.000532060536942
2024-06-06,0,15365.0,-0.04216589574476041,52.06140350877193,0.04386312757869366,0.046662125340599436,3697,0.09176093456215516,0.5212480519271863,0.08957078673167002,166.9950285181735,1819.8924118962389,92.00872706415855,8.442806783281448
2024-06-07,0,14735.0,-0.08203441358601524,51.45210229735587,0.044618867890969784,0.01796200345423138,3697,0.09176093456215516,0.5212480519271863,0.08957078673167002,166.9950285181735,1819.8924118962389,88.23615966745045,8.096632473260795
2024-06-10,0,14775.0,-0.08103098682655584,47.06994328922495,0.04429308243945346,0.046017699115044275,3697,0.09176093456215516,0.5212480519271863,0.08957078673167002,166.9950285181735,1819.8924118962389,88.47568775613033,8.11861179453195
2024-06-11,0,15250.0,-0.05357098527915006,44.827586206896555,0.04459911998252662,0.06160807518273592,3697,0.09176093456215516,0.5212480519271863,0.08957078673167002,166.9950285181735,1819.8924118962389,91.3200838092039,8.379616234626884
2024-06-12,0,14980.0,-0.07237689487763793,43.14769975786925,0.04456982054251239,0.063165365507452,3697,0.09176093456215516,0.5212480519271863,0.08957078673167002,166.9950285181735,1819.8924118962389,89.7032692106147,8.231255816046605
2024-06-13,0,15495.0,-0.04190987336762956,39.01298701298701,0.043649534355215756,0.040281973816717054,3697,0.09176093456215516,0.5212480519271863,0.08957078673167002,166.9950285181735,1819.8924118962389,92.78719335236815,8.514239577412694
2024-06-14,0,15280.0,-0.05725567620927937,38.851526125194006,0.04315849926062842,0.061111111111111116,3697,0.09176093456215516,0.5212480519271863,0.08957078673167002,166.9950285181735,1819.8924118962389,91.49972987571381,8.396100725580249
2024-06-17,0,15245.0,-0.059066781878780394,31.66666666666667,0.040924659045247475,-0.009743423189347178,3697,0.09176093456215516,0.5212480519271863,0.08957078673167002,166.9950285181735,1819.8924118962389,91.29014279811891,8.37686881946799
2024-06-18,0,14870.0,-0.07896040830484115,29.30648769574944,0.0393352131736708,-0.0877300613496933,3697,0.09176093456215516,0.5212480519271863,0.08957078673167002,166.9950285181735,1819.8924118962389,89.04456696674505,8.170812682550936
2024-06-19,0,14720.0,-0.08445185286544175,33.76288659793815,0.03931629840639191,-0.1021652942970418,3697,0.09176093456215516,0.5212480519271863,0.08957078673167002,166.9950285181735,1819.8924118962389,88.14633663419549,8.088390227784114
2024-06-20,0,14830.0,-0.0711861009858079,35.2258064516129,0.035945001965272255,-0.15786484951731972,3697,0.09176093456215516,0.5212480519271863,0.08957078673167002,166.9950285181735,1819.8924118962389,88.80503887806516,8.148833361279783
2024-06-21,0,14045.0,-0.11281662560798433,33.29268292682927,0.03713831623824542,-0.19443647834815025,3697,0.09176093456215516,0.5212480519271863,0.08957078673167002,166.9950285181735,1819.8924118962389,84.10430013772255,7.717489181333415
2024-06-24,0,14010.0,-0.10502108087389804,33.517495395948444,0.034594792163350374,-0.24003254678600483,3697,0.09176093456215516,0.5212480519271863,0.08957078673167002,166.9950285181735,1819.8924118962389,83.89471306012764,7.698257275221158
2024-06-25,0,14260.0,-0.07890657296403475,36.01208459214501,0.03488154060149312,-0.23209477652127086,3697,0.09176093456215516,0.5212480519271863,0.08957078673167002,166.9950285181735,1819.8924118962389,85.39176361437688,7.83562803316586
2024-06-26,0,14855.0,-0.03452444398226987,42.81437125748503,0.03388057150095914,-0.13834106728538287,3697,0.09176093456215516,0.5212480519271863,0.08957078673167002,166.9950285181735,1819.8924118962389,88.9547439334901,8.162570437074253
2024-06-27,0,14835.0,-0.03006250490362733,47.69846564376251,0.033888360866779876,-0.13346962616822433,3697,0.09176093456215516,0.5212480519271863,0.08957078673167002,166.9950285181735,1819.8924118962389,88.83497988915015,8.151580776438678
2024-06-28,0,14580.0,-0.04120579222179845,46.30829015544042,0.03384956799604066,-0.13136729222520105,3697,0.09176093456215516,0.5212480519271863,0.08957078673167002,166.9950285181735,1819.8924118962389,87.30798832381592,8.01146260333508
2024-07-01,0,14395.0,-0.047609596019742524,44.451571520205256,0.033883861439231146,-0.1377657981431566,3697,0.09176093456215516,0.5212480519271863,0.08957078673167002,166.9950285181735,1819.8924118962389,86.20017091367149,7.909808242456
2024-07-02,0,14075.0,-0.06257908968603894,29.917106254709864,0.03405067712343601,-0.1508295625942685,3697,0.09176093456215516,0.5212480519271863,0.08957078673167002,166.9950285181735,1819.8924118962389,84.28394620423245,7.73397367228678
2024-07-03,0,14910.0,-0.003928170594837213,39.66244725738397,0.03600677626487053,-0.07131734662099032,3697,0.09176093456215516,0.5212480519271863,0.08957078673167002,166.9950285181735,1819.8924118962389,89.28409505542493,8.192792003822088
2024-07-04,0,14955.0,-0.00032085990454412976,46.66123778501629,0.034333862613029,-0.014822134387351804,3697,0.09176093456215516,0.5212480519271863,0.08957078673167002,166.9950285181735,1819.8924118962389,89.55356415518979,8.217518740252135
2024-07-05,0,15225.0,0.017523458176277217,54.238754325259514,0.03452001679705213,0.004950495049504955,3697,0.09176093456215516,0.5212480519271863,0.08957078673167002,166.9950285181735,1819.8924118962389,91.17037875377898,8.365879158832414
2024-07-08,0,15425.0,0.03043542159338386,55.47138047138047,0.034586052417946496,0.01081258191349943,3697,0.09176093456215516,0.5212480519271863,0.08957078673167002,166.9950285181735,1819.8924118962389,92.36801919717837,8.475775765188176
2024-07-09,0,15440.0,0.03503291458297025,51.73357664233577,0.028229639587751546,-0.07765830346475511,3697,0.09176093456215516,0.5212480519271863,0.08957078673167002,166.9950285181735,1819.8924118962389,92.45784223043333,8.484018010664858
2024-07-10,0,15255.0,0.025725504962211907,52.548656163113996,0.028030891306211746,-0.06868131868131866,3697,0.10037774934503138,0.5376551904871097,0.08704386083827317,184.79179768937905,1840.9637483919748,82.55236536874052,8.286420638822884
2024-07-11,1,11255.0,-0.2347701930921947,26.126126126126124,0.05815954645365495,-0.26749105109013993,3697,0.10037774934503138,0.5376551904871097,0.08704386083827317,184.79179768937905,1840.9637483919748,60.90638297116844,6.113645643392433
2024-07-12,1,13220.0,-0.09745074211122791,40.310442144873,0.06850722605414732,-0.10281642348150666,3697,0.10037774934503138,0.5376551904871097,0.08704386083827317,184.79179768937905,1840.9637483919748,71.53997182397572,7.181021359897643
2024-07-16,1,13025.0,-0.10649361340156678,39.7126969416126,0.06854777777894504,-0.11844331641285955,3697,0.10037774934503138,0.5376551904871097,0.08704386083827317,184.79179768937905,1840.9637483919748,70.48473018209408,7.075098578870408
2024-07-17,1,12280.0,-0.1506784889270054,38.39605734767026,0.06899108240264032,-0.19475409836065571,3697,0.10037774934503138,0.5376551904871097,0.08704386083827317,184.79179768937905,1840.9637483919748,66.45316596054629,6.670419235971486
2024-07-18,1,12085.0,-0.15741696182056497,38.241856314145465,0.06897927803050655,-0.1932576769025367,3697,0.10037774934503138,0.5376551904871097,0.08704386083827317,184.79179768937905,1840.9637483919748,65.39792431866465,6.564496454944251
2024-07-19,1,11220.0,-0.20828687957775296,34.908026755852845,0.06964362997591816,-0.2758954501452081,3697,0.10037774934503138,0.5376551904871097,0.08704386083827317,184.79179768937905,1840.9637483919748,60.716980625189684,6.094633862182416
2024-07-22,1,11400.0,-0.1866786524549463,38.35314839277851,0.06983619315056969,-0.25392670157068065,3697,0.10037774934503138,0.5376551904871097,0.08704386083827317,184.79179768937905,1840.9637483919748,61.69104983308043,6.192408736976787
2024-07-23,1,11345.0,-0.18149286466675327,38.28571428571428,0.06982775052919157,-0.2558215808461791,3697,0.10037774934503138,0.5376551904871097,0.08704386083827317,184.79179768937905,1840.9637483919748,61.393417575113816,6.162533080789618
2024-07-24,1,11310.0,-0.17554781239521225,36.7831541218638,0.06976251113134158,-0.23940820443846667,3697,0.10037774934503138,0.5376551904871097,0.08704386083827317,184.79179768937905,1840.9637483919748,61.20401522913506,6.143521299579602
2024-07-25,1,11000.0,-0.18935251374415962,32.27586206896552,0.06986661883649739,-0.2527173913043478,3697,0.10037774934503138,0.5376551904871097,0.08704386083827317,184.79179768937905,1840.9637483919748,59.52645159332322,5.975131237433741
2024-07-26,1,11525.0,-0.14230643288780406,35.45694200351494,0.07072129938717835,-0.22285906945380984,3697,0.10037774934503138,0.5376551904871097,0.08704386083827317,184.79179768937905,1840.9637483919748,62.36748678300456,6.260307955583988
2024-07-29,1,11700.0,-0.12316201268042626,37.256637168141594,0.07020481439601776,-0.16696333214667136,3697,0.10037774934503138,0.5376551904871097,0.08704386083827317,184.79179768937905,1840.9637483919748,63.31449851289833,6.355366861634071
2024-07-30,1,11360.0,-0.1418254339976128,36.75250982103885,0.07037104816566363,-0.18915060670949324,3697,0.10037774934503138,0.5376551904871097,0.08704386083827317,184.79179768937905,1840.9637483919748,61.47459000910471,6.170680987022482
2024-07-31,1,11465.0,-0.12651612116779426,38.38967971530249,0.07027182922308606,-0.1960028050490884,3697,0.10037774934503138,0.5376551904871097,0.08704386083827317,184.79179768937905,1840.9637483919748,62.04279704704098,6.227716330652532
2024-08-01,1,10765.0,-0.16949544823329732,31.337235479513737,0.07036398219761904,-0.2753281723325479,3697,0.10037774934503138,0.5376551904871097,0.08704386083827317,184.79179768937905,1840.9637483919748,58.25475012746586,5.8474807064522025
2024-08-02,1,9725.0,-0.23770928701323135,28.388429752066116,0.07241371302642112,-0.34445567913717556,3697,0.10037774934503138,0.5376551904871097,0.08704386083827317,184.79179768937905,1840.9637483919748,52.62679470409712,5.282559207640285
2024-08-05,1,8787.0,-0.2984924013322816,24.78853383458646,0.07426976494476191,-0.3973251028806585,3697,0.10037774934503138,0.5376551904871097,0.08704386083827317,184.79179768937905,1840.9637483919748,47.55081183186647,4.773043471211844
2024-08-06,1,8999.0,-0.26897069384015004,24.85915492957747,0.07472628801348337,-0.37485237929836746,3697,0.10037774934503138,0.5376551904871097,0.08704386083827317,184.79179768937905,1840.9637483919748,48.698048898937785,4.888200545969658
2024-08-07,1,9377.0,-0.2264554384876573,26.934489842501705,0.07559228482156903,-0.33378330373001774,3697,0.10037774934503138,0.5376551904871097,0.08704386083827317,184.79179768937905,1840.9637483919748,50.74359423550835,5.093527783037836
2024-08-08,1,9882.0,-0.17104269776025502,30.045309366411644,0.07538140404479088,-0.33722334004024146,3697,0.10037774934503138,0.5376551904871097,0.08704386083827317,184.79179768937905,1840.9637483919748,53.47639951320183,5.36784062621093
2024-08-09,1,9653.0,-0.1755857927118812,41.73545191910854,0.07532620175083267,-0.3545302574389836,3697,0.10037774934503138,0.5376551904871097,0.08704386083827317,184.79179768937905,1840.9637483919748,52.237167020940824,5.243449257722537
2024-08-13,1,9864.0,-0.14184895706460837,28.861174099269334,0.07539833292174426,-0.35211822660098524,3697,0.10037774934503138,0.5376551904871097,0.08704386083827317,184.79179768937905,1840.9637483919748,53.37899259241275,5.358063138731493
2024-08-14,1,10040.0,-0.10985647765597903,31.15292334890769,0.0754754247678059,-0.3491085899513776,3697,0.10037774934503138,0.5376551904871097,0.08704386083827317,184.79179768937905,1840.9637483919748,54.33141581790592,5.453665238530434
2024-08-15,1,10315.0,-0.06854564893878318,36.810310108739436,0.07587870628987202,-0.33193005181347146,3697,0.10037774934503138,0.5376551904871097,0.08704386083827317,184.79179768937905,1840.9637483919748,55.819577107739,5.603043519466277
2024-08-16,1,10605.0,-0.025999074216941823,40.19088016967126,0.07632392727149097,-0.30481809242871194,3697,0.10037774934503138,0.5376551904871097,0.08704386083827317,184.79179768937905,1840.9637483919748,57.38891083156298,5.760569706634985
2024-08-19,1,11185.0,0.02753443181985207,49.758919961427196,0.05673832656336459,-0.006219458018658419,3697,0.10037774934503138,0.5376551904871097,0.08704386083827317,184.79179768937905,1840.9637483919748,60.52757827921093,6.0756220809724
2024-08-20,1,11860.0,0.09501721005126092,52.96621098787722,0.045729758172186545,-0.10287443267776097,3697,0.10037774934503138,0.5376551904871097,0.08704386083827317,184.79179768937905,1840.9637483919748,64.18033780880121,6.442277861451289
2024-08-21,1,11815.0,0.0957590461563574,53.03460743801653,0.04566796672718904,-0.09289827255278316,3697,0.10037774934503138,0.5376551904871097,0.08704386083827317,184.79179768937905,1840.9637483919748,63.93682050682853,6.417834142752696
2024-08-22,1,12305.0,0.14109730810461935,56.067813147944875,0.04503626634946155,0.0020358306188925646,3697,0.10037774934503138,0.5376551904871097,0.08704386083827317,184.79179768937905,1840.9637483919748,66.58845335053111,6.683999079692926
2024-08-23,1,12320.0,0.14149328075546108,58.350202429149796,0.04489761105992313,0.01944559371121235,3697,0.10037774934503138,0.5376551904871097,0.08704386083827317,184.79179768937905,1840.9637483919748,66.66962578452201,6.692146985925791
2024-08-26,1,13165.0,0.21105579411775524,59.97081712062257,0.04410218286165982,0.17335115864527628,3697,0.10037774934503138,0.5376551904871097,0.08704386083827317,184.79179768937905,1840.9637483919748,71.24233956600911,7.1511457037104735
2024-08-27,1,13590.0,0.24015812700533287,61.15175831956573,0.04435413199320621,0.19210526315789478,3697,0.10037774934503138,0.5376551904871097,0.08704386083827317,184.79179768937905,1840.9637483919748,73.54222519575114,7.382003046974959
2024-08-28,1,13350.0,0.2094056428058936,61.88201576307619,0.04458270085979,0.17672983693256938,3697,0.10037774934503138,0.5376551904871097,0.08704386083827317,184.79179768937905,1840.9637483919748,72.24346625189682,7.251636547249132
2024-08-29,1,13330.0,0.19881862854429416,61.24984919773194,0.044568120272080895,0.178603006189213,3697,0.10037774934503138,0.5376551904871097,0.08704386083827317,184.79179768937905,1840.9637483919748,72.13523633990896,7.24077267227198
2024-08-30,1,13640.0,0.2151577566976218,68.19850614001773,0.044060318871345934,0.24,3697,0.10037774934503138,0.5376551904871097,0.08704386083827317,184.79179768937905,1840.9637483919748,73.8127999757208,7.40916273441784
2024-09-02,1,13695.0,0.21069549350759567,78.70986404396876,0.04334554850386713,0.18828633405639916,3697,0.10037774934503138,0.5376551904871097,0.08704386083827317,184.79179768937905,1840.9637483919748,74.1104322336874,7.439038390605008
2024-09-03,1,14165.0,0.2414243997518027,91.71579273968352,0.04364836691918009,0.2106837606837606,3697,0.10037774934503138,0.5376551904871097,0.08704386083827317,184.79179768937905,1840.9637483919748,76.65383516540213,7.694339452568086
2024-09-04,1,13230.0,0.15192928564711783,79.50899707072116,0.045560754999438194,0.164612676056338,3697,0.10037774934503138,0.5376551904871097,0.08704386083827317,184.79179768937905,1840.9637483919748,71.59408677996966,7.186453297386218
2024-09-05,1,13035.0,0.12877861564200535,76.18093329516176,0.045766547790498005,0.13693850850414302,3697,0.10037774934503138,0.5376551904871097,0.08704386083827317,184.79179768937905,1840.9637483919748,70.53884513808802,7.080530516358984
2024-09-06,1,12200.0,0.05124563991562455,65.84199015855658,0.04595391069997405,0.13330236878773793,3697,0.10037774934503138,0.5376551904871097,0.08704386083827317,184.79179768937905,1840.9637483919748,66.02024631259485,6.626963736062877
2024-09-09,1,11825.0,0.011610638123134986,64.55373894398285,0.04149411337709062,0.21593830334190223,3697,0.10037774934503138,0.5376551904871097,0.08704386083827317,184.79179768937905,1840.9637483919748,63.99093546282246,6.423266080241272
2024-09-10,1,11765.0,-0.0036753497510246635,63.0009574613596,0.035427489775502634,0.33890975304426996,3697,0.10037774934503138,0.5376551904871097,0.08704386083827317,184.79179768937905,1840.9637483919748,63.66624572685888,6.390674455309815
2024-09-11,1,11820.0,-0.008492405152484119,62.378303198887345,0.03537154689977041,0.31347927547505283,3697,0.10037774934503138,0.5376551904871097,0.08704386083827317,184.79179768937905,1840.9637483919748,63.963877984825494,6.4205501114969845
2024-09-12,1,12460.0,0.03449192000371957,64.1958967571145,0.03588643166594406,0.32878319291884406,3697,0.10037774934503138,0.5376551904871097,0.08704386083827317,184.79179768937905,1840.9637483919748,67.42723516843704,6.768194110765856
2024-09-13,1,11825.0,-0.024523439484981424,57.721518987341774,0.03690775849568751,0.19662011738514473,3697,0.10037774934503138,0.5376551904871097,0.08704386083827317,184.79179768937905,1840.9637483919748,63.99093546282246,6.423266080241272
2024-09-17,1,12470.0,0.019210524595094786,58.066541117388574,0.037453887343779406,0.2918263752201389,3697,0.10037774934503138,0.5376551904871097,0.08704386083827317,184.79179768937905,1840.9637483919748,67.48135012443096,6.773626048254433
2024-09-18,1,13415.0,0.08386523390159166,59.44140862173649,0.03959838298872119,0.35999594484995945,3697,0.10037774934503138,0.5376551904871097,0.08704386083827317,184.79179768937905,1840.9637483919748,72.59521346585737,7.286944140924877
2024-09-19,1,13480.0,0.07714189826282898,60.08479709267111,0.039619205414711235,0.34262948207171307,3697,0.10037774934503138,0.5376551904871097,0.08704386083827317,184.79179768937905,1840.9637483919748,72.9469606798179,7.322251734600622
2024-09-20,1,13740.0,0.08602864459831165,58.94080996884735,0.03952626315149846,0.33204071740184204,3697,0.10037774934503138,0.5376551904871097,0.08704386083827317,184.79179768937905,1840.9637483919748,74.35394953566009,7.463482109303601
2024-09-24,1,13445.0,0.05325415974681159,56.77302829620711,0.039940631019804974,0.26779820839226787,3697,0.10037774934503138,0.5376551904871097,0.08704386083827317,184.79179768937905,1840.9637483919748,72.75755833383916,7.303239953390605
2024-09-25,1,13270.0,0.03279734757094155,50.68762278978389,0.039091620251168045,0.18641037103263303,3697,0.10037774934503138,0.5376551904871097,0.08704386083827317,184.79179768937905,1840.9637483919748,71.81054660394538,7.208181047340523
2024-09-26,1,13700.0,0.0601909891504542,50.71989528795812,0.03790162561858667,0.15514333895446875,3697,0.10037774934503138,0.5376551904871097,0.08704386083827317,184.79179768937905,1840.9637483919748,74.13748971168438,7.4417543593492965
2024-09-27,1,14080.0,0.08201155785073165,54.69151670951157,0.03806997542196521,0.19170545916208215,3697,0.10037774934503138,0.5376551904871097,0.08704386083827317,184.79179768937905,1840.9637483919748,76.19385803945373,7.648167983915189
2024-09-30,1,13660.0,0.045381495370016074,52.01711491442543,0.03810796480234562,0.11011783827712307,3697,0.10037774934503138,0.5376551904871097,0.08704386083827317,184.79179768937905,1840.9637483919748,73.92102988770866,7.420026609394992
2024-10-01,1,13540.0,0.03234267067201396,49.37421777221527,0.03820044685579701,0.09902597402597402,3697,0.10037774934503138,0.5376551904871097,0.08704386083827317,184.79179768937905,1840.9637483919748,73.2716504157815,7.354843359532079
2024-10-02,1,13305.0,0.013992409346563657,47.61321909424725,0.03599453782870986,0.010634257500949484,3697,0.10037774934503138,0.5376551904871097,0.08704386083827317,184.79179768937905,1840.9637483919748,71.99994894992413,7.227192828550539
2024-10-03,1,13850.0,0.05469166450905442,48.08975136446331,0.036348509297517116,0.019131714495952856,3697,0.10037774934503138,0.5376551904871097,0.08704386083827317,184.79179768937905,1840.9637483919748,74.94921405159333,7.523233421677938
2024-10-04,1,14415.0,0.0941674763177071,57.523809523809526,0.0369470533714194,0.07977528089887631,3697,0.10037774934503138,0.5376551904871097,0.08704386083827317,184.79179768937905,1840.9637483919748,78.00670906525039,7.83013788978249
2024-10-07,1,14425.0,0.09129836135025943,59.03771131339402,0.03693672936498457,0.08214553638409594,3697,0.10037774934503138,0.5376551904871097,0.08704386083827317,184.79179768937905,1840.9637483919748,78.06082402124431,7.835569827271065
2024-10-08,1,13905.0,0.05111574746008714,61.559322033898304,0.037535829403701884,0.019428152492668715,3697,0.10037774934503138,0.5376551904871097,0.08704386083827317,184.79179768937905,1840.9637483919748,75.24684630955994,7.553109077865107
2024-10-09,1,14775.0,0.11324593128390596,68.7420584498094,0.039479247353344606,0.07886089813800656,3697,0.10037774934503138,0.5376551904871097,0.08704386083827317,184.79179768937905,1840.9637483919748,79.95484748103188,8.025687639371231
2024-10-10,1,14650.0,0.10221647080066813,68.17895400126024,0.03902522756253127,0.034239322273208694,3697,0.16277877467316074,0.5546095033489195,0.09524799551646523,320.46648705590155,1968.7240409528695,45.714608521434826,7.441367959782392
2024-10-11,1,15650.0,0.16893981267085936,71.56531531531532,0.03850056213642128,0.18291761148904007,3697,0.16277877467316074,0.5546095033489195,0.09524799551646523,320.46648705590155,1968.7240409528695,48.835059615048124,7.949311165228289
2024-10-15,1,15710.0,0.16411761218803717,69.57831325301204,0.038232886576088136,0.2052167242040659,3697,0.16277877467316074,0.5546095033489195,0.09524799551646523,320.46648705590155,1968.7240409528695,49.02228668066492,7.979787757555043
2024-10-16,1,15035.0,0.10481607218964475,69.24460431654677,0.036777180389138714,0.23237704918032787,3697,0.16277877467316074,0.5546095033489195,0.09524799551646523,320.46648705590155,1968.7240409528695,46.915982192475944,7.636926093879062
2024-10-17,1,14575.0,0.0624261950927937,62.90619251992643,0.036770773341911485,0.2325581395348837,3697,0.16277877467316074,0.5546095033489195,0.09524799551646523,320.46648705590155,1968.7240409528695,45.48057468941383,7.4032722193739495
2024-10-18,1,14715.0,0.06348380382463897,58.843537414965986,0.03665303904612842,0.2507437314067149,3697,0.16277877467316074,0.5546095033489195,0.09524799551646523,320.46648705590155,1968.7240409528695,45.91743784251969,7.474384268136375
2024-10-21,1,14605.0,0.04710352738743906,57.606490872210955,0.03680167732652174,0.23561759729272413,3697,0.16277877467316074,0.5546095033489195,0.09524799551646523,320.46648705590155,1968.7240409528695,45.574188222222226,7.418510515537326
2024-10-22,0,14375.0,0.024984669794503915,54.310930074677536,0.03588362298655277,0.1536918138041734,3697,0.16277877467316074,0.5546095033489195,0.09524799551646523,320.46648705590155,1968.7240409528695,44.856484470691164,7.30168357828477
2024-10-23,0,14805.0,0.0467483985916091,59.06666666666667,0.034103370074061744,0.25200845665961946,3697,0.16277877467316074,0.5546095033489195,0.09524799551646523,320.46648705590155,1968.7240409528695,46.19827844094488,7.520099156626506
2024-10-24,0,14665.0,0.030453357317518734,59.343603482920294,0.03297062829836369,0.17602245388933446,3697,0.16277877467316074,0.5546095033489195,0.09524799551646523,320.46648705590155,1968.7240409528695,45.76141528783902,7.44898710786408
2024-10-25,0,13840.0,-0.0286765015510296,50.890585241730285,0.03205959013214248,0.03168095415579586,3697,0.16277877467316074,0.5546095033489195,0.09524799551646523,320.46648705590155,1968.7240409528695,43.18704313560805,7.0299339633712155
2024-10-28,0,14650.0,0.02480518208654535,53.43787696019301,0.034014466172789026,0.08679525222551931,3697,0.16277877467316074,0.5546095033489195,0.09524799551646523,320.46648705590155,1968.7240409528695,45.714608521434826,7.441367959782392
2024-10-29,0,15065.0,0.04994285077081768,58.47917923958962,0.034232381915126786,0.09643377001455611,3697,0.16277877467316074,0.5546095033489195,0.09524799551646523,320.46648705590155,1968.7240409528695,47.00959572528434,7.652164390042439
2024-10-30,0,15470.0,0.07211665072698799,61.26021003500583,0.03408452282221465,0.15061361100780957,3697,0.14851399107815305,0.5504408693017842,0.09524799551646523,287.4946070228534,1935.8082355457277,53.80970502438073,7.991494051908928
2024-10-31,0,15550.0,0.07089238736691318,63.33927510398099,0.03385101635560411,0.17181612660135648,3697,0.14851399107815305,0.5504408693017842,0.09524799551646523,287.4946070228534,1935.8082355457277,54.087971113711724,8.032820459417184
2024-11-01,0,15200.0,0.04248110502997131,58.21167883211678,0.03390922277666182,0.10948905109489049,3697,0.14851399107815305,0.5504408693017842,0.09524799551646523,287.4946070228534,1935.8082355457277,52.870556972888636,7.852017426568565
2024-11-05,0,15650.0,0.06874086619227777,57.61875385564466,0.033964089328295394,0.11150568181818188,3697,0.14851399107815305,0.5504408693017842,0.09524799551646523,287.4946070228534,1935.8082355457277,54.435803725375465,8.084478468802503
2024-11-06,0,15850.0,0.07596225646595614,58.58951175406872,0.03321548095338014,0.1603221083455344,3697,0.14851399107815305,0.5504408693017842,0.09524799551646523,287.4946070228534,1935.8082355457277,55.13146894870295,8.187794487573143
2024-11-07,0,15440.0,0.04275005065171878,59.376908979841176,0.03371478205661624,0.14032496307237818,3697,0.14851399107815305,0.5504408693017842,0.09524799551646523,287.4946070228534,1935.8082355457277,53.70535524088161,7.975996649093332
2024-11-08,0,16555.0,0.10832161745999866,60.55753262158956,0.03584282329301614,0.24426907177752732,3697,0.14851399107815305,0.5504408693017842,0.09524799551646523,287.4946070228534,1935.8082355457277,57.58368886093233,8.551983453739645
2024-11-11,0,16535.0,0.09908005636648855,61.32132132132132,0.03528302425793306,0.19386281588447662,3697,0.14851399107815305,0.5504408693017842,0.09524799551646523,287.4946070228534,1935.8082355457277,57.51412233859958,8.54165185186258
2024-11-12,0,16195.0,0.07140966948053663,53.55512067840835,0.035018313719479416,0.12348248352410685,3697,0.14851399107815305,0.5504408693017842,0.09524799551646523,287.4946070228534,1935.8082355457277,56.33149145894286,8.366014619952495
2024-11-13,0,16380.0,0.07807131856415121,54.300385109114245,0.035025905931286225,0.13552859618717505,3697,0.14851399107815305,0.5504408693017842,0.09524799551646523,287.4946070228534,1935.8082355457277,56.97498179052078,8.461581937315335
2024-11-14,0,16145.0,0.05637489040396773,57.55102040816327,0.03420804794985194,0.16109313196691843,3697,0.14851399107815305,0.5504408693017842,0.09524799551646523,287.4946070228534,1935.8082355457277,56.15757515311098,8.340185615259834
2024-11-15,0,16035.0,0.04572904302912525,60.42857142857143,0.03223103578211588,0.08527918781725896,3697,0.14851399107815305,0.5504408693017842,0.09524799551646523,287.4946070228534,1935.8082355457277,55.77495928028087,8.283361804935984
2024-11-18,0,15795.0,0.027009805196494034,57.605633802816904,0.032359941719068606,0.07815699658703079,3697,0.14851399107815305,0.5504408693017842,0.09524799551646523,287.4946070228534,1935.8082355457277,54.940161012287895,8.159382582411217
2024-11-19,0,15785.0,0.025999350016249593,58.42857142857142,0.029415797025490752,0.008626198083067083,3697,0.14851399107815305,0.5504408693017842,0.09524799551646523,287.4946070228534,1935.8082355457277,54.90537775112152,8.154216781472684
2024-11-20,0,15180.0,-0.011963186190916263,55.45762711864407,0.030423275373715936,-0.033736473583704685,3697,0.14851399107815305,0.5504408693017842,0.09524799551646523,287.4946070228534,1935.8082355457277,52.80099045055589,7.841685824691502
2024-11-21,0,15435.0,0.0035891233956228774,54.375,0.02931036765222848,0.02660458929165288,3697,0.14851399107815305,0.5504408693017842,0.09524799551646523,287.4946070228534,1935.8082355457277,53.687963610298425,7.973413748624066
2024-11-22,0,15620.0,0.012865072366032035,56.59075224292616,0.02859860547571418,0.07169811320754715,3697,0.14851399107815305,0.5504408693017842,0.09524799551646523,287.4946070228534,1935.8082355457277,54.33145394187635,8.068981065986907
2024-11-25,0,15495.0,0.00273089666597644,62.64323911382735,0.02865009657814874,0.05300713557594294,3697,0.14851399107815305,0.5504408693017842,0.09524799551646523,287.4946070228534,1935.8082355457277,53.896663177296666,8.004408554255258
2024-11-26,0,15050.0,-0.0271870515687821,53.236245954692556,0.029265424472271227,0.03046901745977415,3697,0.14851399107815305,0.5504408693017842,0.09524799551646523,287.4946070228534,1935.8082355457277,52.34880805539302,7.774530412490586
2024-11-27,0,16290.0,0.047777091694967536,58.743754461099215,0.033162875223866364,0.13321739130434773,3697,0.14851399107815305,0.5504408693017842,0.09524799551646523,287.4946070228534,1935.8082355457277,56.66193244002341,8.415089728868548
2024-11-28,0,16860.0,0.07873622787822951,59.693165969316595,0.0333335188175652,0.13880445795339402,3697,0.14851399107815305,0.5504408693017842,0.09524799551646523,287.4946070228534,1935.8082355457277,58.64457832650673,8.70954038236487
2024-11-29,0,16930.0,0.07697201017811704,59.63687150837988,0.03318585779402259,0.1544493692465052,3697,0.14851399107815305,0.5504408693017842,0.09524799551646523,287.4946070228534,1935.8082355457277,58.888061154671355,8.745700988934592
2024-12-02,0,17435.0,0.09904310442643004,65.27682843472317,0.030807384098990056,0.2597543352601157,3697,0.14851399107815305,0.5504408693017842,0.09524799551646523,287.4946070228534,1935.8082355457277,60.64461584357324,9.006573936330456
2024-12-03,0,17575.0,0.09975720865038051,63.74018558172734,0.029081503737693734,0.19965870307167233,3697,0.14851399107815305,0.5504408693017842,0.09524799551646523,287.4946070228534,1935.8082355457277,61.13158149990248,9.078895149469904
2024-12-04,0,18045.0,0.12080745341614907,65.08591065292096,0.029036361235505664,0.19780949220046473,3697,0.14851399107815305,0.5504408693017842,0.09524799551646523,287.4946070228534,1935.8082355457277,62.766394774722066,9.321687793580905
2024-12-05,0,18035.0,0.11309296038907334,68.87272727272727,0.028796309330196904,0.16580478345184235,3697,0.14851399107815305,0.5504408693017842,0.09524799551646523,287.4946070228534,1935.8082355457277,62.73161151355569,9.316521992642373
2024-12-06,0,17645.0,0.0834192946261912,58.86178861788618,0.029343038786971868,0.1347266881028939,3697,0.14851399107815305,0.5504408693017842,0.09524799551646523,287.4946070228534,1935.8082355457277,61.3750643280671,9.115055756039627
2024-12-09,0,17790.0,0.08541793776693106,60.0,0.02875993018787787,0.17039473684210527,3697,0.14851399107815305,0.5504408693017842,0.09524799551646523,287.4946070228534,1935.8082355457277,61.87942161497953,9.18995986964834
2024-12-10,0,17705.0,0.07484124767790576,62.54152823920266,0.028439339639849695,0.13130990415335453,3697,0.14851399107815305,0.5504408693017842,0.09524799551646523,287.4946070228534,1935.8082355457277,61.583763895065346,9.146050561670819
2024-12-11,0,17675.0,0.068285665933322,61.04006820119353,0.028428607583775592,0.1151419558359621,3697,0.14851399107815305,0.5504408693017842,0.09524799551646523,287.4946070228534,1935.8082355457277,61.47941411156622,9.130553158855223
2024-12-12,0,18395.0,0.10391636760805108,67.71653543307087,0.028560558275315784,0.19138601036269431,3697,0.14851399107815305,0.5504408693017842,0.09524799551646523,287.4946070228534,1935.8082355457277,63.98380891554516,9.502490826429524
2024-12-13,0,18165.0,0.08591685696863909,66.46058732612056,0.025402509550942802,0.09725158562367864,3697,0.14851399107815305,0.5504408693017842,0.09524799551646523,287.4946070228534,1935.8082355457277,63.183793908718556,9.383677404843288
2024-12-16,0,17675.0,0.05375177364159911,63.98809523809524,0.026135722609484418,0.06894466283640766,3697,0.14851399107815305,0.5504408693017842,0.09524799551646523,287.4946070228534,1935.8082355457277,61.47941411156622,9.130553158855223
2024-12-17,0,16970.0,0.009854561900454556,57.990559676331756,0.027128292681520453,0.04785427601111447,3697,0.14851399107815305,0.5504408693017842,0.09524799551646523,287.4946070228534,1935.8082355457277,59.02719419933685,8.766364192688721
2024-12-18,0,16995.0,0.00986392536692614,63.27724945135333,0.0270605309562222,0.037545787545787634,3697,0.14851399107815305,0.5504408693017842,0.09524799551646523,287.4946070228534,1935.8082355457277,59.11415235225278,8.77927869503505
2024-12-19,0,17010.0,0.008681420337294615,61.94086429112964,0.026852023723631713,0.053576958810777287,3697,0.14851399107815305,0.5504408693017842,0.09524799551646523,287.4946070228534,1935.8082355457277,59.166327244002346,8.787027396442848
2024-12-20,0,17075.0,0.010044246740647805,61.23552123552123,0.026783641334040577,0.06485812285625192,3697,0.14851399107815305,0.5504408693017842,0.09524799551646523,287.4946070228534,1935.8082355457277,59.39241844158378,8.820605102543306
2024-12-23,0,17390.0,0.02480994755141729,64.21605401350338,0.02669077865156857,0.10098132320354547,3697,0.14851399107815305,0.5504408693017842,0.09524799551646523,287.4946070228534,1935.8082355457277,60.48809116832456,8.983327832107063
2024-12-24,0,17105.0,0.00488784969862181,65.79554189085319,0.026993748178766215,0.08362369337979092,3697,0.14851399107815305,0.5504408693017842,0.09524799551646523,287.4946070228534,1935.8082355457277,59.496768225082896,8.836102505358902
2024-12-25,0,17735.0,0.035680915673907965,62.25614927905004,0.026310720983623956,0.16831357048748363,3697,0.14851399107815305,0.5504408693017842,0.09524799551646523,287.4946070228534,1935.8082355457277,61.68811367856447,9.161547964486415
2024-12-26,0,17590.0,0.022068308328781726,56.672760511883,0.026380134325883573,0.1396177518626498,3697,0.14851399107815305,0.5504408693017842,0.09524799551646523,287.4946070228534,1935.8082355457277,61.18375639165205,9.086643850877701
2024-12-27,0,18225.0,0.05259206209859992,60.72908036454018,0.02705671492626023,0.16677336747759286,3697,0.14851399107815305,0.5504408693017842,0.09524799551646523,287.4946070228534,1935.8082355457277,63.3924934757168,9.41467221047448
2024-12-30,0,18215.0,0.04544515358831898,57.03971119133573,0.02693063205035443,0.17554049693449492,3697,0.14851399107815305,0.5504408693017842,0.09524799551646523,287.4946070228534,1935.8082355457277,63.35771021455042,9.409506409535949
2025-01-06,0,17710.0,0.010291164658634623,51.14309906858595,0.026876609146775414,0.17674418604651154,3697,0.14851399107815305,0.5504408693017842,0.09524799551646523,287.4946070228534,1935.8082355457277,61.60115552564853,9.148633462140085
2025-01-07,0,17755.0,0.009483631070831538,47.35401459854015,0.02179146481394207,0.0899324739103744,3697,0.14851399107815305,0.5504408693017842,0.09524799551646523,287.4946070228534,1935.8082355457277,61.75768020089721,9.17187956636348
2025-01-08,0,17630.0,0.0006243260116919235,46.38069705093834,0.0208771438816473,0.045670225385527896,3697,0.14851399107815305,0.5504408693017842,0.09524799551646523,287.4946070228534,1935.8082355457277,61.32288943631754,9.10730705463183
2025-01-09,0,18270.0,0.03380374138496891,55.3464499572284,0.021976685287429482,0.07914943886591841,3697,0.14851399107815305,0.5504408693017842,0.09524799551646523,287.4946070228534,1935.8082355457277,63.54901815096548,9.437918314697875
2025-01-10,0,19010.0,0.07185547711946602,59.47204968944099,0.022608574778056355,0.09033553197591049,3697,0.14851399107815305,0.5504408693017842,0.09524799551646523,287.4946070228534,1935.8082355457277,66.12297947727717,9.820187584149238
2025-01-14,0,18780.0,0.05601727414838228,58.16249050873196,0.02280585753412663,0.06856330014224743,3697,0.05549626467449306,0.5377575061922311,0.11655730098760522,110.80346079133184,1996.593130028422,169.48929091093117,9.406022547885188
2025-01-15,0,21120.0,0.17944021265664445,69.36481169196178,0.03312934203748444,0.17040731504571904,3697,0.05549626467449306,0.5377575061922311,0.11655730098760522,110.80346079133184,1996.593130028422,190.60776485829962,10.578018967589733
2025-01-16,0,21190.0,0.17506793101536072,66.94966646452396,0.03310249419980167,0.17493762129193224,3697,0.05549626467449306,0.5377575061922311,0.11655730098760522,110.80346079133184,1996.593130028422,191.23951407894737,10.613078689546706
2025-01-17,0,20690.0,0.13964351025624083,64.82677627715796,0.0331757257497217,0.1725701331822045,3697,0.05549626467449306,0.5377575061922311,0.11655730098760522,110.80346079133184,1996.593130028422,186.727019645749,10.362652104139752
2025-01-20,0,20485.0,0.12169132544106544,67.07168894289185,0.03334324320432072,0.15148960089938157,3697,0.05549626467449306,0.5377575061922311,0.11655730098760522,110.80346079133184,1996.593130028422,184.87689692813765,10.259977204122901
2025-01-21,0,20535.0,0.11750236724387514,73.53135313531354,0.033275678189404134,0.15984185258401573,3697,0.05549626467449306,0.5377575061922311,0.11655730098760522,110.80346079133184,1996.593130028422,185.3281463714575,10.285019862663596
2025-01-22,0,1368.5,-0.922786305670312,20.754964160724654,0.19094523049807846,-0.9225742574257426,3697,0.05549626467449306,0.5377575061922311,0.11655730098760522,110.80346079133184,1996.593130028422,12.35069726366397,0.6854175642588328
2025-01-23,0,1356.0,-0.9204317808142012,20.700756157819868,0.1904264635406577,-0.9262843163903235,3697,0.05549626467449306,0.5377575061922311,0.11655730098760522,110.80346079133184,1996.593130028422,12.23788490283401,0.679156899623659
2025-01-24,0,1380.5,-0.915671997361123,20.580351284983223,0.1906602681611691,-0.9240022020368841,3697,0.05549626467449306,0.5377575061922311,0.11655730098760522,110.80346079133184,1996.593130028422,12.45899713006073,0.6914278023085997
2025-01-27,0,1283.5,-0.9183261278757666,19.559259889247983,0.19081321549903588,-0.9273833097595474,3697,0.05549626467449306,0.5377575061922311,0.11655730098760522,110.80346079133184,1996.593130028422,11.583573210020244,0.6428450447396507
2025-01-28,0,1352.0,-0.9104055474340335,19.98170661991692,0.19158929551135975,-0.920329994107248,3697,0.05549626467449306,0.5377575061922311,0.11655730098760522,110.80346079133184,1996.593130028422,12.201784947368422,0.6771534869404033
2025-01-29,0,1351.0,-0.9065986562927341,18.012495119094112,0.19157486114579178,-0.9205060311856428,3697,0.05549626467449306,0.5377575061922311,0.11655730098760522,110.80346079133184,1996.593130028422,12.192759958502025,0.6766526337695894
2025-01-30,0,1348.0,-0.9025869382670014,18.11292602481545,0.19155524449470723,-0.9207524985302763,3697,0.05549626467449306,0.5377575061922311,0.11655730098760522,110.80346079133184,1996.593130028422,12.165684991902834,0.6751500742571477
2025-01-31,1,1292.0,-0.9021705715146752,15.98296436176625,0.1914383702225945,-0.9243338213762811,3697,0.05549626467449306,0.5377575061922311,0.11655730098760522,110.80346079133184,1996.593130028422,11.660285615384616,0.6471022966915688
2025-02-03,1,1259.0,-0.8997724779523334,15.968208092485554,0.19116106906375016,-0.9276020701552616,3697,0.05549626467449306,0.5377575061922311,0.11655730098760522,110.80346079133184,1996.593130028422,11.362460982793523,0.6305741420547099
2025-02-04,0,1371.0,-0.8850994715078536,16.680941310820174,0.1927058627341043,-0.9198479976615025,3697,0.05549626467449306,0.5377575061922311,0.11655730098760522,110.80346079133184,1996.593130028422,12.37325973582996,0.6866696971858676
2025-02-05,0,1454.5,-0.871064566113871,16.81156469510333,0.19310904660326617,-0.9179870312940513,3697,0.05549626467449306,0.5377575061922311,0.11655730098760522,110.80346079133184,1996.593130028422,13.12684630617409,0.7284909369488288
2025-02-06,1,1452.0,-0.8634737835815002,16.89584612236547,0.1931412487188494,-0.917453098351336,3697,0.05549626467449306,0.5377575061922311,0.11655730098760522,110.80346079133184,1996.593130028422,13.104283834008099,0.7272388040217941
2025-02-07,1,1414.5,-0.8580232663180399,14.637574740375541,0.19268235708760836,-0.9223868312757202,3697,0.05549626467449306,0.5377575061922311,0.11655730098760522,110.80346079133184,1996.593130028422,12.76584675151822,0.7084568101162726
2025-02-10,1,1440.0,-0.8450263132405643,11.999307898607142,0.19283806778564172,-0.9209442766950315,3697,0.05549626467449306,0.5377575061922311,0.11655730098760522,110.80346079133184,1996.593130028422,12.995983967611338,0.7212285659720272
2025-02-12,0,1473.5,-0.8295041678044627,12.248325807647845,0.19312888996732422,-0.916798418972332,3697,0.05549626467449306,0.5377575061922311,0.11655730098760522,110.80346079133184,1996.593130028422,13.298321094635629,0.7380071471942932
2025-02-13,0,1485.5,-0.8141187187643117,2.328404593682478,0.19316860506449565,-0.9163334272036047,3697,0.05549626467449306,0.5377575061922311,0.11655730098760522,110.80346079133184,1996.593130028422,13.40662096103239,0.74401738524406
2025-02-14,0,1479.5,-0.7985880059463846,1.9946905672325244,0.19318271974687265,-0.9160805445263756,3697,0.05549626467449306,0.5377575061922311,0.11655730098760522,110.80346079133184,1996.593130028422,13.352471027834008,0.7410122662191766
2025-02-17,1,1409.5,-0.7887193047148797,2.037364113535162,0.1927593430657318,-0.9228516694033936,3697,0.05549626467449306,0.5377575061922311,0.11655730098760522,110.80346079133184,1996.593130028422,12.720721807186235,0.705952544262203
2025-02-18,1,1422.0,-0.7617172444995559,2.1198573366152687,0.19237638509340887,-0.9251972645975802,3697,0.05549626467449306,0.5377575061922311,0.11655730098760522,110.80346079133184,1996.593130028422,12.833534168016195,0.7122132088973768
2025-02-19,1,1390.5,-0.7362541065074392,1.8704276340598796,0.19234378859022494,-0.9259584664536741,3697,0.05549626467449306,0.5377575061922311,0.11655730098760522,110.80346079133184,1996.593130028422,12.549247018724698,0.6964363340167388
2025-02-20,1,1365.0,-0.6954430244181066,49.76588628762543,0.18959037492347525,-0.9353693181818181,3697,0.05549626467449306,0.5377575061922311,0.11655730098760522,110.80346079133184,1996.593130028422,12.31910980263158,0.6836645781609841
2025-02-21,1,1373.0,-0.6278366275980961,51.14401076716017,0.18961418569259036,-0.935205285512034,3697,0.05549626467449306,0.5377575061922311,0.11655730098760522,110.80346079133184,1996.593130028422,12.391309713562753,0.6876714035274953
2025-02-25,1,1343.0,-0.539336479885846,47.494989979959925,0.18961999986485215,-0.9350894151764138,3697,0.05549626467449306,0.5377575061922311,0.11655730098760522,110.80346079133184,1996.593130028422,12.120560047570851,0.6726458084030782
2025-02-26,1,1344.0,-0.374802299834397,54.6360153256705,0.18969734052655968,-0.9343910178179156,3697,0.05549626467449306,0.5377575061922311,0.11655730098760522,110.80346079133184,1996.593130028422,12.129585036437248,0.673146661573892
2025-02-27,1,1315.0,-0.04773629174753068,46.982055464926596,0.18954783793742713,-0.9359629900170441,3697,0.05549626467449306,0.5377575061922311,0.11655730098760522,110.80346079133184,1996.593130028422,11.867860359311742,0.6586219196202887
2025-02-28,1,1250.0,-0.09168858724876111,42.54062038404727,0.03544858088205572,-0.08659115820241137,3697,0.05549626467449306,0.5377575061922311,0.11655730098760522,110.80346079133184,1996.593130028422,11.281236082995951,0.6260664635173847
2025-03-03,1,1254.0,-0.08607244369943876,43.067846607669615,0.03544575951298553,-0.0752212389380531,3697,0.05549626467449306,0.5377575061922311,0.11655730098760522,110.80346079133184,1996.593130028422,11.317336038461539,0.6280698762006404
2025-03-04,1,1238.5,-0.0936168967081864,45.80392156862745,0.03523092505942759,-0.10286128214415069,3697,0.05549626467449306,0.5377575061922311,0.11655730098760522,110.80346079133184,1996.593130028422,11.177448711032389,0.6203066520530248
2025-03-05,1,1229.5,-0.0987788251506311,47.5957620211899,0.032415141863959475,-0.04207245812232174,3697,0.05549626467449306,0.5377575061922311,0.11655730098760522,110.80346079133184,1996.593130028422,11.096223811234818,0.6157989735156997
2025-03-06,1,1152.0,-0.15060534115877486,31.0880829015544,0.03260624485960814,-0.14792899408284022,3697,0.05549626467449306,0.5377575061922311,0.11655730098760522,110.80346079133184,1996.593130028422,10.39678717408907,0.5769828527776217
2025-03-07,1,1163.5,-0.13735579346955723,21.301775147928993,0.03274687999336856,-0.1387860843819393,3697,0.05549626467449306,0.5377575061922311,0.11655730098760522,110.80346079133184,1996.593130028422,10.500574546052633,0.5827426642419817
2025-03-10,1,1137.5,-0.15133473596251693,20.35815268614516,0.032911144402468215,-0.1561572700296736,3697,0.05549626467449306,0.5377575061922311,0.11655730098760522,110.80346079133184,1996.593130028422,10.265924835526317,0.5697204818008201
2025-03-11,1,1150.0,-0.1383573344522201,23.837784371908995,0.03223429656959958,-0.1099071207430341,3697,0.05549626467449306,0.5377575061922311,0.11655730098760522,110.80346079133184,1996.593130028422,10.378737196356276,0.575981146435994
2025-03-12,1,1150.0,-0.13553333834473424,19.79166666666667,0.0319315145840266,-0.08657664813343924,3697,0.05549626467449306,0.5377575061922311,0.11655730098760522,110.80346079133184,1996.593130028422,10.378737196356276,0.575981146435994
2025-03-13,1,1189.0,-0.10129854423969402,20.700308959835212,0.026802652330404117,-0.1327498176513494,3697,0.05549626467449306,0.5377575061922311,0.11655730098760522,110.80346079133184,1996.593130028422,10.73071176214575,0.5955144200977364
2025-03-14,1,1215.0,-0.07494822755512247,22.922922922922922,0.023745675492201388,-0.1646613956686146,3697,0.05549626467449306,0.5377575061922311,0.11655730098760522,110.80346079133184,1996.593130028422,10.965361472672065,0.608536602538898
2025-03-17,1,1259.0,-0.035781025028336876,29.48837209302326,0.025254254939199684,-0.13292011019283745,3697,0.05549626467449306,0.5377575061922311,0.11655730098760522,110.80346079133184,1996.593130028422,11.362460982793523,0.6305741420547099
2025-03-18,1,1274.0,-0.020075378817014006,35.95854922279793,0.02510859064571001,-0.09932838458819371,3697,0.05549626467449306,0.5377575061922311,0.11655730098760522,110.80346079133184,1996.593130028422,11.497835815789474,0.6380869396169185
2025-03-19,1,1251.5,-0.03176641703286497,32.69035532994924,0.024824736795407178,-0.1309027777777778,3697,0.05549626467449306,0.5377575061922311,0.11655730098760522,110.80346079133184,1996.593130028422,11.294773566295547,0.6268177432736056
2025-03-21,1,1241.5,-0.03255719718222054,34.18259023354565,0.02410301152429841,-0.15744825246012895,3697,0.05549626467449306,0.5377575061922311,0.11655730098760522,110.80346079133184,1996.593130028422,11.20452367763158,0.6218092115654665
2025-03-24,1,1242.0,-0.02476561395794397,36.210762331838566,0.023955699271827634,-0.16391787277011105,3697,0.05549626467449306,0.5377575061922311,0.11655730098760522,110.80346079133184,1996.593130028422,11.209036172064778,0.6220596381508735
2025-03-25,1,1240.5,-0.01857624329498886,34.92605233219568,0.023976255800845545,-0.161541061169314,3697,0.05549626467449306,0.5377575061922311,0.11655730098760522,110.80346079133184,1996.593130028422,11.195498688765182,0.6213083583946526
2025-03-26,1,1236.0,-0.016737733087252564,37.07729468599034,0.022438867080199085,-0.12309329549485637,3697,0.05549626467449306,0.5377575061922311,0.11655730098760522,110.80346079133184,1996.593130028422,11.154886238866398,0.6190545191259901
2025-03-27,1,1231.0,-0.014727068993116767,36.483253588516746,0.022254300513482442,-0.13431786216596342,3697,0.05549626467449306,0.5377575061922311,0.11655730098760522,110.80346079133184,1996.593130028422,11.109761294534414,0.6165502532719205
2025-03-28,1,1203.5,-0.030935970110796244,36.61464585834334,0.02226017800154513,-0.13448399856166848,3697,0.05549626467449306,0.5377575061922311,0.11655730098760522,110.80346079133184,1996.593130028422,10.861574100708502,0.6027767910745381
2025-03-31,1,1150.5,-0.06716720450159723,37.7008652657602,0.0234390303767328,-0.15714285714285714,3697,0.05549626467449306,0.5377575061922311,0.11655730098760522,110.80346079133184,1996.593130028422,10.383249690789475,0.5762315730214009
2025-04-01,1,1149.5,-0.06117281934008501,36.986301369863014,0.023328971410828313,-0.16278222869628556,3697,0.05549626467449306,0.5377575061922311,0.11655730098760522,110.80346079133184,1996.593130028422,10.374224701923078,0.575730719850587
2025-04-02,1,1226.0,0.005148722657659113,48.648648648648646,0.02731449294927608,-0.08711839166046165,3697,0.05549626467449306,0.5377575061922311,0.11655730098760522,110.80346079133184,1996.593130028422,11.064636350202429,0.614045987417851
2025-04-03,1,1161.5,-0.041998647333432365,43.43629343629344,0.029018158748009563,-0.13578869047619047,3697,0.05549626467449306,0.5377575061922311,0.11655730098760522,110.80346079133184,1996.593130028422,10.482524568319839,0.5817409579003539
2025-04-04,1,1095.0,-0.09024442930493004,44.37869822485207,0.030675995178749502,-0.16730038022813687,3697,0.05549626467449306,0.5377575061922311,0.11655730098760522,110.80346079133184,1996.593130028422,9.882362808704453,0.548434222041229
2025-04-07,1,983.0,-0.17598538065619398,35.144032921810705,0.035218350320477126,-0.2136,3697,0.05549626467449306,0.5377575061922311,0.11655730098760522,110.80346079133184,1996.593130028422,8.871564055668017,0.49233866691007133
2025-04-08,1,1056.5,-0.10846891244177409,43.81679389312978,0.038958062028021406,-0.1574960127591707,3697,0.05549626467449306,0.5377575061922311,0.11655730098760522,110.80346079133184,1996.593130028422,9.53490073734818,0.5291513749648936
2025-04-09,1,1084.5,-0.08005903908794797,45.11558538404176,0.03946956863420264,-0.12434396447315299,3697,0.05549626467449306,0.5377575061922311,0.11655730098760522,110.80346079133184,1996.593130028422,9.787600425607287,0.543175263747683
2025-04-10,1,1207.5,0.02504244482173175,53.6231884057971,0.04596723110567217,-0.017893452623017447,3697,0.12437025964679178,0.5328318584070797,0.1306250810530411,16.79621961320695,135.05012903332167,71.89117717004228,8.94112437095167
2025-04-11,1,1178.0,-0.0008820735513637906,49.298469387755105,0.04437218359543756,0.02256944444444442,3697,0.12437025964679178,0.5328318584070797,0.1306250810530411,16.79621961320695,135.05012903332167,70.1348295704429,8.722686963959475
2025-04-14,1,1152.0,-0.022552563254085365,45.98214285714286,0.044589454335552524,-0.009883970777825546,3697,0.12437025964679178,0.5328318584070797,0.1306250810530411,16.79621961320695,135.05012903332167,68.58686219452481,8.53016585949178
2025-04-15,1,1195.0,0.011957184472596614,45.91315453384419,0.04490870910919935,0.05054945054945059,3697,0.12437025964679178,0.5328318584070797,0.1306250810530411,16.79621961320695,135.05012903332167,71.14696208546628,8.848566147649892
2025-04-16,1,1158.5,-0.019234350925314527,42.82162834058422,0.04536435768911611,0.007391304347825978,3697,0.12437025964679178,0.5328318584070797,0.1306250810530411,16.79621961320695,135.05012903332167,68.97385403850434,8.578296135608703
2025-04-17,1,1209.5,0.021882392700236643,47.47899159663865,0.04616017697517476,0.05173913043478251,3697,0.12437025964679178,0.5328318584070797,0.1306250810530411,16.79621961320695,135.05012903332167,72.01025158357444,8.955933686679954
2025-04-18,1,1222.5,0.03169780748392319,48.86363636363637,0.04574520147737235,0.028174936921782967,3697,0.12437025964679178,0.5328318584070797,0.1306250810530411,16.79621961320695,135.05012903332167,72.78423527153349,9.052194238913803
2025-04-21,1,1281.0,0.07866417420300113,52.18120805369128,0.04650178298132142,0.05432098765432092,3697,0.12437025964679178,0.5328318584070797,0.1306250810530411,16.79621961320695,135.05012903332167,76.2671618673492,9.48536672396612
2025-04-22,1,1283.0,0.07947565921214267,52.37562884292901,0.045988786487638336,0.019062748212867353,3697,0.12437025964679178,0.5328318584070797,0.1306250810530411,16.79621961320695,135.05012903332167,76.38623628088136,9.500176039694404
2025-04-23,1,1230.0,0.03641787020340757,49.68186638388123,0.04672535671645531,-0.03453689167974883,3697,0.12437025964679178,0.5328318584070797,0.1306250810530411,16.79621961320695,135.05012903332167,73.2307643222791,9.107729172894869
2025-04-24,1,1207.5,0.01897014396381497,48.77667881311817,0.046735270542302705,-0.03515781062724732,3697,0.12437025964679178,0.5328318584070797,0.1306250810530411,16.79621961320695,135.05012903332167,71.89117717004228,8.94112437095167
2025-04-25,1,1223.5,0.033099721354386595,51.053740779768184,0.04678439759960872,-0.014498590414820822,3697,0.12437025964679178,0.5328318584070797,0.1306250810530411,16.79621961320695,135.05012903332167,72.84377247829957,9.059598896777944
2025-04-28,1,1349.0,0.1349677766746875,59.71610376896721,0.051047640620957686,0.08615136876006435,3697,0.12437025964679178,0.5328318584070797,0.1306250810530411,16.79621961320695,135.05012903332167,80.31569192744269,9.988883458727786
2025-04-30,0,1311.0,0.1003861003861003,57.62871988663202,0.0514574172227822,0.056831922611850105,3697,0.12437025964679178,0.5328318584070797,0.1306250810530411,16.79621961320695,135.05012903332167,78.05327807033163,9.707506459890384
2025-05-01,0,1353.5,0.13159434829863734,56.22254758418741,0.051754461316545486,0.0950647249190939,3697,0.12437025964679178,0.5328318584070797,0.1306250810530411,16.79621961320695,135.05012903332167,80.58360935789005,10.022204419116425
2025-05-02,0,1376.0,0.14485398119643889,60.916030534351144,0.051770536529072285,0.11779041429731918,3697,0.12437025964679178,0.5328318584070797,0.1306250810530411,16.79621961320695,135.05012903332167,81.92319651012686,10.188809221059625
2025-05-07,0,1371.0,0.134370345854708,64.98371335504886,0.05148222568074944,0.1391773992521812,3697,0.12437025964679178,0.5328318584070797,0.1306250810530411,16.79621961320695,135.05012903332167,81.62551047629645,10.151785931738914
2025-05-08,0,1422.0,0.1660899086480901,75.52325581395348,0.050718555501866214,0.23598435462842238,3697,0.12437025964679178,0.5328318584070797,0.1306250810530411,16.79621961320695,135.05012903332167,84.66190802136657,10.529423482810165
2025-05-09,0,1458.0,0.1836337067705797,74.40729483282675,0.050760828409283566,0.2683775554588952,3697,0.12437025964679178,0.5328318584070797,0.1306250810530411,16.79621961320695,135.05012903332167,86.80524746494547,10.795991165919283
2025-05-12,0,1440.5,0.1613376545897224,71.92118226600985,0.049582410505662866,0.17495921696574235,3697,0.12437025964679178,0.5328318584070797,0.1306250810530411,16.79621961320695,135.05012903332167,85.76334634653905,10.666409653296794
2025-05-13,0,1463.5,0.16850039123005922,67.97752808988764,0.04798142393926667,0.2600086095566079,3697,0.12437025964679178,0.5328318584070797,0.1306250810530411,16.79621961320695,135.05012903332167,87.13270210215892,10.836716784172065
2025-05-14,0,1449.5,0.1443661971830985,69.49030868628859,0.046091198829981236,0.32374429223744294,3697,0.12437025964679178,0.5328318584070797,0.1306250810530411,16.79621961320695,135.05012903332167,86.29918120743378,10.733051574074075
2025-05-15,0,1428.5,0.11214051040904345,69.99276934201012,0.03993083383130957,0.45320447609359116,3697,0.12437025964679178,0.5328318584070797,0.1306250810530411,16.79621961320695,135.05012903332167,85.04889986534609,10.577553758927088
2025-05-16,0,1443.0,0.11006831189611663,68.7028657616893,0.037999357951876485,0.36583057264552776,3697,0.12437025964679178,0.5328318584070797,0.1306250810530411,16.79621961320695,135.05012903332167,85.91218936345426,10.68492129795715
2025-05-19,0,1476.5,0.12230161143204629,74.0909090909091,0.037957135465906684,0.3614568925772246,3697,0.12437025964679178,0.5328318584070797,0.1306250810530411,16.79621961320695,135.05012903332167,87.90668579011796,10.932977336405914
2025-05-20,0,1539.0,0.1581355447526452,74.53462397617275,0.03238098156170544,0.2745341614906833,3697,0.12437025964679178,0.5328318584070797,0.1306250810530411,16.79621961320695,135.05012903332167,91.627761212998,11.3957684529148
2025-05-21,0,1532.0,0.14071272207413146,73.25319308790384,0.03173157301909444,0.30050933786078105,3697,0.12437025964679178,0.5328318584070797,0.1306250810530411,16.79621961320695,135.05012903332167,91.21100076563543,11.343935847865804
2025-05-22,0,1537.5,0.13181296192691613,70.93877551020408,0.03102308943664481,0.33463541666666674,3697,0.12437025964679178,0.5328318584070797,0.1306250810530411,16.79621961320695,135.05012903332167,91.53845540284887,11.384661466118585
2025-05-23,0,1552.0,0.13060201643452413,71.52000000000001,0.03057502456761296,0.29874476987447696,3697,0.12437025964679178,0.5328318584070797,0.1306250810530411,16.79621961320695,135.05012903332167,92.40174490095704,11.492029005148646
2025-05-26,0,1589.5,0.14355808800253242,79.49138638228055,0.029417478808164105,0.37203280103582226,3697,0.12437025964679178,0.5328318584070797,0.1306250810530411,16.79621961320695,135.05012903332167,94.63439015468506,11.769703675053979
2025-05-27,0,1591.0,0.1322070565463059,82.58283772302464,0.028787853787145195,0.3154195948739149,3697,0.12437025964679178,0.5328318584070797,0.1306250810530411,16.79621961320695,135.05012903332167,94.72369596483418,11.780810661850191
2025-05-28,0,1540.0,0.0860979462875197,75.38091419406575,0.030073199895144696,0.25971370143149275,3697,0.12437025964679178,0.5328318584070797,0.1306250810530411,16.79621961320695,135.05012903332167,91.68729841976408,11.40317311077894
2025-05-29,0,1616.0,0.1290277506078306,73.25783972125436,0.03015376224576651,0.26151444184231076,3697,0.12437025964679178,0.5328318584070797,0.1306250810530411,16.79621961320695,135.05012903332167,96.2121261339862,11.965927108453746
2025-05-30,0,1673.0,0.15624913609598312,80.52276559865092,0.030523307333826397,0.303975058456742,3697,0.12437025964679178,0.5328318584070797,0.1306250810530411,16.79621961320695,135.05012903332167,99.60574691965279,12.38799260670985
2025-06-02,0,1761.0,0.19946054925893628,81.91072826938137,0.02956712807465627,0.43170731707317067,3697,0.12437025964679178,0.5328318584070797,0.1306250810530411,16.79621961320695,135.05012903332167,104.84502111506788,13.03960249875436
2025-06-03,0,1790.0,0.20016628002091907,82.09302325581396,0.028748860584398867,0.4824016563146998,3697,0.12437025964679178,0.5328318584070797,0.1306250810530411,16.79621961320695,135.05012903332167,106.57160011128421,13.254337576814484
2025-06-04,0,1767.5,0.16803901613777242,79.9245283018868,0.029319472447850065,0.44462607274213317,3697,0.12437025964679178,0.5328318584070797,0.1306250810530411,16.79621961320695,135.05012903332167,105.23201295904741,13.087732774871284
2025-06-05,0,1747.5,0.14278427371890443,75.77197149643705,0.023439946901852058,0.29540400296515945,3697,0.12437025964679178,0.5328318584070797,0.1306250810530411,16.79621961320695,135.05012903332167,104.04126882372579,12.93963961758844
2025-06-06,0,1740.5,0.12556100210820395,73.44398340248962,0.022239245589123924,0.32761250953470644,3697,0.12437025964679178,0.5328318584070797,0.1306250810530411,16.79621961320695,135.05012903332167,103.62450837636322,12.887807012539445
2025-06-09,0,1737.0,0.11226371599815578,75.1911639762107,0.02196286585498917,0.28333949021056526,3697,0.12437025964679178,0.5328318584070797,0.1306250810530411,16.79621961320695,135.05012903332167,103.41612815268195,12.861890710014949
2025-06-10,0,1719.5,0.09145497708547556,71.95540308747856,0.022287099376523182,0.24963662790697683,3697,0.12437025964679178,0.5328318584070797,0.1306250810530411,16.79621961320695,135.05012903332167,102.37422703427553,12.73230919739246
2025-06-11,0,1776.0,0.11584423417649949,76.09912070343725,0.022605037234882927,0.29540481400437635,3697,0.12437025964679178,0.5328318584070797,0.1306250810530411,16.79621961320695,135.05012903332167,105.73807921655909,13.150672366716494
2025-06-12,0,1789.0,0.11373965012762252,79.19028340080972,0.021922353860211054,0.2580872011251758,3697,0.12437025964679178,0.5328318584070797,0.1306250810530411,16.79621961320695,135.05012903332167,106.51206290451813,13.24693291895034
2025-06-13,0,1755.0,0.08455178039525883,74.48979591836735,0.02237356282112801,0.20370370370370372,3697,0.12437025964679178,0.5328318584070797,0.1306250810530411,16.79621961320695,135.05012903332167,104.4877978744714,12.995174551569507
2025-06-16,0,1761.0,0.07970570202329859,73.33880229696473,0.02201802803143373,0.22249219021173205,3697,0.12437025964679178,0.5328318584070797,0.1306250810530411,16.79621961320695,135.05012903332167,104.84502111506788,13.03960249875436
2025-06-17,0,1740.5,0.059936178505310383,67.75330396475772,0.022307782050226134,0.18927229244960708,3697,0.12437025964679178,0.5328318584070797,0.1306250810530411,16.79621961320695,135.05012903332167,103.62450837636322,12.887807012539445
2025-06-18,0,1739.5,0.05189637656620382,68.4772929652716,0.022097813435292622,0.2000689893066574,3697,0.12437025964679178,0.5328318584070797,0.1306250810530411,16.79621961320695,135.05012903332167,103.56497116959714,12.880402354675304
2025-06-19,0,1764.5,0.05841211190556175,69.53528399311531,0.021647666786111203,0.2352117605880295,3697,0.12437025964679178,0.5328318584070797,0.1306250810530411,16.79621961320695,135.05012903332167,105.05340133874915,13.065518801278857
2025-06-20,0,1737.5,0.0349038060634939,65.62763268744735,0.022169192535275935,0.20408870408870405,3697,0.12437025964679178,0.5328318584070797,0.1306250810530411,16.79621961320695,135.05012903332167,103.44589675606498,12.865593038947019
2025-06-23,0,1715.0,0.015730496789936238,60.847018150388934,0.022293432168631094,0.1615306467998645,3697,0.12437025964679178,0.5328318584070797,0.1306250810530411,16.79621961320695,135.05012903332167,102.10630960382818,12.698988237003821
2025-06-24,0,1774.5,0.04513917519701277,64.41476826394344,0.021825811147149803,0.15302144249512661,3697,0.12437025964679178,0.5328318584070797,0.1306250810530411,16.79621961320695,135.05012903332167,105.64877340640997,13.13956537992028
2025-06-25,0,1761.0,0.03162235943339856,68.4474123539232,0.021895517407957022,0.14947780678851186,3697,0.12437025964679178,0.5328318584070797,0.1306250810530411,16.79621961320695,135.05012903332167,104.84502111506788,13.03960249875436
2025-06-26,0,1763.5,0.02764472104704967,64.03425309229306,0.021909004745904227,0.14699186991869917,3697,0.12437025964679178,0.5328318584070797,0.1306250810530411,16.79621961320695,135.05012903332167,104.99386413198307,13.058114143414716
2025-06-27,0,1740.0,0.009526682834565307,56.8089430894309,0.022219290733824663,0.12113402061855671,3697,0.12437025964679178,0.5328318584070797,0.1306250810530411,16.79621961320695,135.05012903332167,103.59473977298019,12.884104683607374
2025-06-30,0,1748.0,0.010451350351461297,48.42233009708738,0.021851053646402677,0.09971689210443535,3697,0.12437025964679178,0.5328318584070797,0.1306250810530411,16.79621961320695,135.05012903332167,104.07103742710883,12.943341946520512
2025-07-01,0,1786.0,0.027783532444812728,49.5249406175772,0.02212259741202366,0.12256442489000619,3697,0.12437025964679178,0.5328318584070797,0.1306250810530411,16.79621961320695,135.05012903332167,106.33345128421989,13.224718945357914
2025-07-02,0,1700.5,-0.025020927219145308,43.078512396694215,0.023411174636047048,0.10422077922077921,3697,0.12437025964679178,0.5328318584070797,0.1306250810530411,16.79621961320695,135.05012903332167,101.24302010572,12.59162069797376
2025-07-03,0,1712.5,-0.02030892448512586,46.3235294117647,0.02146209642288798,0.05971534653465338,3697,0.12437025964679178,0.5328318584070797,0.1306250810530411,16.79621961320695,135.05012903332167,101.95746658691297,12.680476592343465
2025-07-04,0,1714.5,-0.020095332807516936,47.23991507430998,0.020350104940881953,0.024805738194859428,3697,0.12437025964679178,0.5328318584070797,0.1306250810530411,16.79621961320695,135.05012903332167,102.07654100044513,12.69528590807175
2025-07-07,0,1700.0,-0.027025789539954916,46.16182572614108,0.017366828824196913,-0.034639409426462264,3697,0.12437025964679178,0.5328318584070797,0.1306250810530411,16.79621961320695,135.05012903332167,101.21325150233696,12.587918369041688
2025-07-08,0,1723.5,-0.012071811803549288,50.40983606557378,0.017262066792794115,-0.03715083798882679,3697,0.12437025964679178,0.5328318584070797,0.1306250810530411,16.79621961320695,135.05012903332167,102.61237586133986,12.761927828849029
2025-07-09,0,1682.5,-0.03369018355579044,40.1058201058201,0.017705497641873957,-0.048090523338048086,3697,0.16397379342747515,0.49223949633817293,0.12478514233010522,23.48405332966082,143.2183328737083,71.64436123447946,11.747797689305944
2025-07-10,0,1563.5,-0.09822355519667779,30.50993949870353,0.022398634039075153,-0.10529327610872674,3697,0.16397379342747515,0.49223949633817293,0.12478514233010522,23.48405332966082,143.2183328737083,66.57709289159503,10.916898476808228
2025-07-11,0,1497.5,-0.1314208157394088,28.910728910728906,0.02365349449630998,-0.13961505314564782,3697,0.16397379342747515,0.49223949633817293,0.12478514233010522,23.48405332966082,143.2183328737083,63.76667515520534,10.456063619456554
2025-07-14,0,1535.5,-0.10519690912693325,32.45136186770428,0.024453246028365107,-0.1160046056419114,3697,0.16397379342747515,0.49223949633817293,0.12478514233010522,23.48405332966082,143.2183328737083,65.38479445797516,10.721392779749943
2025-07-15,0,1547.0,-0.09485583224115328,34.72770323599053,0.02454238596253017,-0.100319860424542,3697,0.16397379342747515,0.49223949633817293,0.12478514233010522,23.48405332966082,143.2183328737083,65.8744884574976,10.801689762470309
2025-07-16,0,1559.5,-0.08289521658845256,36.04651162790697,0.023471988166515693,-0.12190315315315314,3697,0.16397379342747515,0.49223949633817293,0.12478514233010522,23.48405332966082,143.2183328737083,66.40676454393505,10.888969091514188
2025-07-17,0,1626.0,-0.040107677957897006,39.91260014566642,0.025236037586587347,-0.09111235326998324,3697,0.16397379342747515,0.49223949633817293,0.12478514233010522,23.48405332966082,143.2183328737083,69.23847332378223,11.353295122027617
2025-07-18,0,1613.5,-0.044293600587580244,40.773809523809526,0.025047179712050196,-0.08062678062678064,3697,0.16397379342747515,0.49223949633817293,0.12478514233010522,23.48405332966082,143.2183328737083,68.7061972373448,11.266015792983739
2025-07-22,0,1618.0,-0.0383701027006466,42.58409785932722,0.0250407170618287,-0.08120386144236225,3697,0.16397379342747515,0.49223949633817293,0.12478514233010522,23.48405332966082,143.2183328737083,68.89781662846227,11.297436351439535
2025-07-23,0,1592.0,-0.05047058963867775,35.294117647058826,0.025119363507163945,-0.08532031025567366,3697,0.16397379342747515,0.49223949633817293,0.12478514233010522,23.48405332966082,143.2183328737083,67.79068236867239,11.11589534702827
2025-07-24,0,1610.0,-0.03675872301727855,37.92,0.025284004927117916,-0.07444668008048294,3697,0.16397379342747515,0.49223949633817293,0.12478514233010522,23.48405332966082,143.2183328737083,68.5571599331423,11.241577580851454
2025-07-25,0,1572.0,-0.055140827292726034,35.50340651021952,0.0253513669367982,-0.10909606120714088,3697,0.16397379342747515,0.49223949633817293,0.12478514233010522,23.48405332966082,143.2183328737083,66.93904063037249,10.976248420558065
