Date,target,Close,MAdivergence,RSI,code,ROE,SelfCapitalRatio,OpProfitMargin,EPS,BPS,PER,PBR
2023-08-10,0,561.3,,,4755,-0.11941117160029822,0.05415247387717576,-0.12858449835526317,-65.46189225623014,548.2057614789089,-8.574454245883487,1.0238856273340988
2023-08-14,0,581.2,,,4755,-0.11941117160029822,0.05415247387717576,-0.12858449835526317,-65.46189225623014,548.2057614789089,-8.87844790256099,1.060185866037018
2023-08-15,0,574.0,,,4755,-0.11941117160029822,0.05415247387717576,-0.12858449835526317,-65.46189225623014,548.2057614789089,-8.768460247883702,1.0470521113304343
2023-08-16,0,560.3,,,4755,-0.11941117160029822,0.05415247387717576,-0.12858449835526317,-65.46189225623014,548.2057614789089,-8.559178182733865,1.022061494735962
2023-08-17,1,535.5,,,4755,-0.11941117160029822,0.05415247387717576,-0.12858449835526317,-65.46189225623014,548.2057614789089,-8.18033181662321,0.9768230063021733
2023-08-18,1,535.0,,,4755,-0.11941117160029822,0.05415247387717576,-0.12858449835526317,-65.46189225623014,548.2057614789089,-8.172693785048398,0.9759109400031051
2023-08-21,1,539.0,,,4755,-0.11941117160029822,0.05415247387717576,-0.12858449835526317,-65.46189225623014,548.2057614789089,-8.233798037646892,0.9832074703956516
2023-08-22,0,553.6,,,4755,-0.11941117160029822,0.05415247387717576,-0.12858449835526317,-65.46189225623014,548.2057614789089,-8.45682855963139,1.0098398063284466
2023-08-23,1,550.5,,,4755,-0.11941117160029822,0.05415247387717576,-0.12858449835526317,-65.46189225623014,548.2057614789089,-8.409472763867559,1.004184995274223
2023-08-24,1,548.3,,,4755,-0.11941117160029822,0.05415247387717576,-0.12858449835526317,-65.46189225623014,548.2057614789089,-8.375865424938386,1.0001719035583223
2023-08-25,1,543.6,,,4755,-0.11941117160029822,0.05415247387717576,-0.12858449835526317,-65.46189225623014,548.2057614789089,-8.304067928135158,0.9915984803470802
2023-08-28,1,551.2,,,4755,-0.11941117160029822,0.05415247387717576,-0.12858449835526317,-65.46189225623014,548.2057614789089,-8.420166008072295,1.0054618880929187
2023-08-29,1,567.0,,51.93798449612403,4755,-0.11941117160029822,0.05415247387717576,-0.12858449835526317,-65.46189225623014,548.2057614789089,-8.661527805836341,1.0342831831434778
2023-08-30,1,570.2,,52.77475516866159,4755,-0.11941117160029822,0.05415247387717576,-0.12858449835526317,-65.46189225623014,548.2057614789089,-8.710411207915135,1.040120407457515
2023-08-31,1,568.3,,51.210121012101204,4755,-0.11941117160029822,0.05415247387717576,-0.12858449835526317,-65.46189225623014,548.2057614789089,-8.68138668793085,1.0366545555210551
2023-09-01,1,572.7,,58.98366606170598,4755,-0.11941117160029822,0.05415247387717576,-0.12858449835526317,-65.46189225623014,548.2057614789089,-8.748601365789193,1.0446807389528567
2023-09-04,0,575.5,,54.95016611295679,4755,-0.11941117160029822,0.05415247387717576,-0.12858449835526317,-65.46189225623014,548.2057614789089,-8.791374342608137,1.049788310227639
2023-09-05,0,574.8,,53.590785907859036,4755,-0.11941117160029822,0.05415247387717576,-0.12858449835526317,-65.46189225623014,548.2057614789089,-8.7806810984034,1.0485114174089434
2023-09-06,0,585.8,,58.85042455911164,4755,-0.11941117160029822,0.05415247387717576,-0.12858449835526317,-65.46189225623014,548.2057614789089,-8.948717793049255,1.0685768759884464
2023-09-07,1,574.9,,52.989821882951645,4755,-0.11941117160029822,0.05415247387717576,-0.12858449835526317,-65.46189225623014,548.2057614789089,-8.782208704718363,1.0486938306687572
2023-09-08,1,572.3,,53.53470437017994,4755,-0.11941117160029822,0.05415247387717576,-0.12858449835526317,-65.46189225623014,548.2057614789089,-8.742490940529343,1.0439510859136019
2023-09-11,1,576.8,,48.43081312410839,4755,-0.11941117160029822,0.05415247387717576,-0.12858449835526317,-65.46189225623014,548.2057614789089,-8.811233224702647,1.0521596826052166
2023-09-12,0,600.1,,58.349328214971194,4755,-0.11941117160029822,0.05415247387717576,-0.12858449835526317,-65.46189225623014,548.2057614789089,-9.167165496088868,1.0946619721418007
2023-09-13,0,595.6,,61.99864038069341,4755,-0.11941117160029822,0.05415247387717576,-0.12858449835526317,-65.46189225623014,548.2057614789089,-9.098423211915563,1.0864533754501857
2023-09-14,0,609.1,,77.09867452135488,4755,-0.11941117160029822,0.05415247387717576,-0.12858449835526317,-65.46189225623014,548.2057614789089,-9.304650064435476,1.1110791655250305
2023-09-15,0,617.3,,78.67595818815325,4755,-0.11941117160029822,0.05415247387717576,-0.12858449835526317,-65.46189225623014,548.2057614789089,-9.429913782262386,1.1260370528297508
2023-09-19,0,620.1,,78.49613492621218,4755,-0.11941117160029822,0.05415247387717576,-0.12858449835526317,-65.46189225623014,548.2057614789089,-9.47268675908133,1.1311446241045335
2023-09-20,0,615.6,,73.44931921331312,4755,-0.11941117160029822,0.05415247387717576,-0.12858449835526317,-65.46189225623014,548.2057614789089,-9.403944474908027,1.1229360274129188
2023-09-21,0,628.2,,77.41707833450948,4755,-0.11941117160029822,0.05415247387717576,-0.12858449835526317,-65.46189225623014,548.2057614789089,-9.59642287059328,1.1459200981494404
2023-09-22,0,620.3,,74.42333785617362,4755,-0.11941117160029822,0.05415247387717576,-0.12858449835526317,-65.46189225623014,548.2057614789089,-9.475741971711255,1.1315094506241608
2023-09-25,0,614.3,,73.77269670477463,4755,-0.11941117160029822,0.05415247387717576,-0.12858449835526317,-65.46189225623014,548.2057614789089,-9.384085592813516,1.120564655035341
2023-09-26,0,607.4,,68.98648648648643,4755,-0.11941117160029822,0.05415247387717576,-0.12858449835526317,-65.46189225623014,548.2057614789089,-9.278680757081116,1.107978140108198
2023-09-27,0,603.9,,63.596168017686026,4755,-0.11941117160029822,0.05415247387717576,-0.12858449835526317,-65.46189225623014,548.2057614789089,-9.225214536057436,1.1015936760147198
2023-09-28,0,609.9,,64.33212996389886,4755,-0.11941117160029822,0.05415247387717576,-0.12858449835526317,-65.46189225623014,548.2057614789089,-9.316870914955174,1.1125384716035398
2023-09-29,0,613.1,,66.02288984263232,4755,-0.11941117160029822,0.05415247387717576,-0.12858449835526317,-65.46189225623014,548.2057614789089,-9.36575431703397,1.118375695917577
2023-10-02,1,579.5,,52.01183431952662,4755,-0.11941117160029822,0.05415247387717576,-0.12858449835526317,-65.46189225623014,548.2057614789089,-8.85247859520663,1.0570848406201858
2023-10-03,1,565.9,,47.330367074527246,4755,-0.11941117160029822,0.05415247387717576,-0.12858449835526317,-65.46189225623014,548.2057614789089,-8.644724136371755,1.0322766372855274
2023-10-04,1,560.3,,46.074715755278845,4755,-0.11941117160029822,0.05415247387717576,-0.12858449835526317,-65.46189225623014,548.2057614789089,-8.559178182733865,1.022061494735962
2023-10-05,1,578.0,,47.96238244514108,4755,-0.11941117160029822,0.05415247387717576,-0.12858449835526317,-65.46189225623014,548.2057614789089,-8.829564500482196,1.0543486417229808
2023-10-06,1,576.0,,50.3013698630137,4755,-0.11941117160029822,0.05415247387717576,-0.12858449835526317,-65.46189225623014,548.2057614789089,-8.799012374182949,1.0507003765267076
2023-10-10,1,585.4,,53.46011621764395,4755,-0.11941117160029822,0.05415247387717576,-0.12858449835526317,-65.46189225623014,548.2057614789089,-8.942607367789407,1.067847222949192
2023-10-11,1,587.9,,52.963160704751736,4755,-0.11941117160029822,0.05415247387717576,-0.12858449835526317,-65.46189225623014,548.2057614789089,-8.980797525663464,1.0724075544445335
2023-10-12,1,601.7,,50.44994375703038,4755,-0.11941117160029822,0.05415247387717576,-0.12858449835526317,-65.46189225623014,548.2057614789089,-9.191607197128265,1.0975805842988193
2023-10-13,1,575.7,,45.00752634219771,4755,-0.11941117160029822,0.05415247387717576,-0.12858449835526317,-65.46189225623014,548.2057614789089,-8.794429555238063,1.0501531367472665
2023-10-16,1,566.2,,39.01689708141323,4755,-0.11941117160029822,0.05415247387717576,-0.12858449835526317,-65.46189225623014,548.2057614789089,-8.649306955316643,1.0328238770649685
2023-10-17,1,571.4,,38.06552262090486,4755,-0.11941117160029822,0.05415247387717576,-0.12858449835526317,-65.46189225623014,548.2057614789089,-8.728742483694681,1.042309366575279
2023-10-18,1,576.4,,38.76606683804627,4755,-0.11941117160029822,0.05415247387717576,-0.12858449835526317,-65.46189225623014,548.2057614789089,-8.805122799442797,1.051430029565962
2023-10-19,1,571.0,,38.58751279426817,4755,-0.11941117160029822,0.05415247387717576,-0.12858449835526317,-65.46189225623014,548.2057614789089,-8.722632058434833,1.0415797135360243
2023-10-20,1,575.0,,35.760171306209855,4755,-0.11941117160029822,0.05415247387717576,-0.12858449835526317,-65.46189225623014,548.2057614789089,-8.783736311033326,1.0488762439285708
2023-10-23,1,565.3,,35.41887592788973,4755,-0.11941117160029822,0.05415247387717576,-0.12858449835526317,-65.46189225623014,548.2057614789089,-8.63555849848198,1.0311821577266453
2023-10-24,1,569.6,,38.041733547351555,4755,-0.11941117160029822,0.05415247387717576,-0.12858449835526317,-65.46189225623014,548.2057614789089,-8.70124557002536,1.039025927898633
2023-10-25,1,570.9,,39.9338113623828,4755,-0.11941117160029822,0.05415247387717576,-0.12858449835526317,-65.46189225623014,548.2057614789089,-8.72110445211987,1.0413973002762105
2023-10-26,1,555.5,,37.474120082815745,4755,-0.11941117160029822,0.05415247387717576,-0.12858449835526317,-65.46189225623014,548.2057614789089,-8.485853079615675,1.0133056582649063
2023-10-27,1,561.5,,37.474120082815745,4755,-0.11941117160029822,0.05415247387717576,-0.12858449835526317,-65.46189225623014,548.2057614789089,-8.577509458513413,1.024250453853726
2023-10-30,1,545.8,,33.64122508507535,4755,-0.11941117160029822,0.05415247387717576,-0.12858449835526317,-65.46189225623014,548.2057614789089,-8.337675267064329,0.9956115720629807
2023-10-31,1,556.8,,43.80120152921899,4755,-0.11941117160029822,0.05415247387717576,-0.12858449835526317,-65.46189225623014,548.2057614789089,-8.505711961710183,1.0156770306424838
2023-11-01,1,551.1,,45.77625570776257,4755,-0.11941117160029822,0.05415247387717576,-0.12858449835526317,-65.46189225623014,548.2057614789089,-8.418638401757333,1.005279474833105
2023-11-02,1,554.4,,48.2938114517062,4755,-0.11941117160029822,0.05415247387717576,-0.12858449835526317,-65.46189225623014,548.2057614789089,-8.469049410151088,1.011299112406956
2023-11-06,1,568.8,,47.28773584905659,4755,-0.11941117160029822,0.05415247387717576,-0.12858449835526317,-65.46189225623014,548.2057614789089,-8.689024719505662,1.0375666218201236
2023-11-07,1,563.1,,46.27813040969417,4755,-0.11941117160029822,0.05415247387717576,-0.12858449835526317,-65.46189225623014,548.2057614789089,-8.60195115955281,1.0271690660107449
2023-11-08,1,548.6,,39.68609865470853,4755,-0.11941117160029822,0.05415247387717576,-0.12858449835526317,-65.46189225623014,548.2057614789089,-8.380448243883274,1.0007191433377634
2023-11-09,1,550.6,,39.51658234963463,4755,-0.18427345531182843,0.05227038334146682,-0.12042201149513927,-97.39077732274623,528.5122437083578,-5.653512736379032,1.0417923265819942
2023-11-10,1,554.0,,35.761194029850714,4755,-0.18427345531182843,0.05227038334146682,-0.12042201149513927,-97.39077732274623,528.5122437083578,-5.688423639582244,1.048225479343307
2023-11-13,1,552.5,,41.88811188811186,4755,-0.18427345531182843,0.05227038334146682,-0.12042201149513927,-97.39077732274623,528.5122437083578,-5.673021770522003,1.045387323713316
2023-11-14,1,540.4,,41.140109890109855,4755,-0.18427345531182843,0.05227038334146682,-0.12042201149513927,-97.39077732274623,528.5122437083578,-5.5487800267693945,1.022492868298056
2023-11-15,1,562.1,,47.1314003701419,4755,-0.18427345531182843,0.05227038334146682,-0.12042201149513927,-97.39077732274623,528.5122437083578,-5.771593732507545,1.0635515197452579
2023-11-16,1,554.5,,43.351548269581066,4755,-0.18427345531182843,0.05227038334146682,-0.12042201149513927,-97.39077732274623,528.5122437083578,-5.6935575959356575,1.0491715312199705
2023-11-17,1,553.0,-0.03302519147150366,44.40298507462687,4755,-0.18427345531182843,0.05227038334146682,-0.12042201149513927,-97.39077732274623,528.5122437083578,-5.678155726875417,1.0463333755899797
2023-11-20,1,562.0,-0.01733362863837172,46.07961399276237,4755,-0.18427345531182843,0.05227038334146682,-0.12042201149513927,-97.39077732274623,528.5122437083578,-5.770566941236861,1.0633623093699252
2023-11-21,1,584.4,0.02134501561262065,55.35014005602242,4755,-0.18427345531182843,0.05227038334146682,-0.12042201149513927,-97.39077732274623,528.5122437083578,-6.000568185869789,1.1057454334444559
2023-11-22,1,576.0,0.005890981907933036,51.75246440306681,4755,-0.18427345531182843,0.05227038334146682,-0.12042201149513927,-97.39077732274623,528.5122437083578,-5.914317719132441,1.089851761916507
2023-11-24,1,577.9,0.00880265708972322,51.91048034934498,4755,-0.18427345531182843,0.05227038334146682,-0.12042201149513927,-97.39077732274623,528.5122437083578,-5.9338267532754125,1.0934467590478285
2023-11-27,1,579.2,0.01071911361981226,57.00768775872267,4755,-0.18427345531182843,0.05227038334146682,-0.12042201149513927,-97.39077732274623,528.5122437083578,-5.947175039794289,1.0959064939271541
2023-11-28,1,589.7,0.028300197859582668,58.12211981566822,4755,-0.18427345531182843,0.05227038334146682,-0.12042201149513927,-97.39077732274623,528.5122437083578,-6.054988123215974,1.1157735833370905
2023-11-29,1,602.8,0.05023276558971928,66.66666666666669,4755,-0.18427345531182843,0.05227038334146682,-0.12042201149513927,-97.39077732274623,528.5122437083578,-6.189497779675409,1.1405601425056775
2023-11-30,1,585.7,0.019862091381872362,58.15923207227559,4755,-0.18427345531182843,0.05227038334146682,-0.12042201149513927,-97.39077732274623,528.5122437083578,-6.013916472388665,1.1082051683237815
2023-12-01,1,560.0,-0.02440837336356102,52.25773718924404,4755,-0.18427345531182843,0.05227038334146682,-0.12042201149513927,-97.39077732274623,528.5122437083578,-5.750031115823207,1.0595781018632706
2023-12-04,1,565.0,-0.015491917159598164,52.66599597585514,4755,-0.18427345531182843,0.05227038334146682,-0.12042201149513927,-97.39077732274623,528.5122437083578,-5.801370679357343,1.069038620629907
2023-12-05,1,567.0,-0.012160702463500503,49.51716738197426,4755,-0.18427345531182843,0.05227038334146682,-0.12042201149513927,-97.39077732274623,528.5122437083578,-5.821906504770997,1.0728228281365615
2023-12-06,1,585.0,0.018028678825003506,55.510820332159035,4755,-0.18427345531182843,0.05227038334146682,-0.12042201149513927,-97.39077732274623,528.5122437083578,-6.006728933493886,1.1068806956964523
2023-12-07,1,583.2,0.013762509792287589,59.301075268817215,4755,-0.18427345531182843,0.05227038334146682,-0.12042201149513927,-97.39077732274623,528.5122437083578,-5.988246690621597,1.1034749089404632
2023-12-08,1,579.6,0.006557559254216485,57.72921108742005,4755,-0.18427345531182843,0.05227038334146682,-0.12042201149513927,-97.39077732274623,528.5122437083578,-5.951282204877019,1.096663335428485
2023-12-11,1,589.6,0.023071156889419558,59.165808444902176,4755,-0.18427345531182843,0.05227038334146682,-0.12042201149513927,-97.39077732274623,528.5122437083578,-6.053961331945291,1.1155843729617578
2023-12-12,1,579.4,0.004700393279339412,56.62888122227698,4755,-0.18427345531182843,0.05227038334146682,-0.12042201149513927,-97.39077732274623,528.5122437083578,-5.949228622335654,1.0962849146778195
2023-12-13,1,577.6,0.0009010882373327472,59.657320872274155,4755,-0.18427345531182843,0.05227038334146682,-0.12042201149513927,-97.39077732274623,528.5122437083578,-5.930746379463365,1.0928791279218304
2023-12-14,1,574.1,-0.005864493263913723,53.440366972477065,4755,-0.18427345531182843,0.05227038334146682,-0.12042201149513927,-97.39077732274623,528.5122437083578,-5.89480868498947,1.086256764785185
2023-12-15,1,590.8,0.02211939258750053,59.89100817438692,4755,-0.18427345531182843,0.05227038334146682,-0.12042201149513927,-97.39077732274623,528.5122437083578,-6.066282827193483,1.1178548974657503
2023-12-18,1,581.1,0.0050109304234734016,57.329160146061575,4755,-0.18427345531182843,0.05227038334146682,-0.12042201149513927,-97.39077732274623,528.5122437083578,-5.966684073937261,1.099501491058476
2023-12-19,1,577.5,-0.0013833650354486504,54.159957058507786,4755,-0.18427345531182843,0.05227038334146682,-0.12042201149513927,-97.39077732274623,528.5122437083578,-5.9297195881926825,1.0926899175464977
2023-12-20,1,576.6,-0.003130417143067845,47.63349514563108,4755,-0.18427345531182843,0.05227038334146682,-0.12042201149513927,-97.39077732274623,528.5122437083578,-5.920478466756538,1.0909870241685031
2023-12-21,1,578.8,0.0005324187715644797,50.882723833543494,4755,-0.18427345531182843,0.05227038334146682,-0.12042201149513927,-97.39077732274623,528.5122437083578,-5.9430678747115575,1.095149652425823
2023-12-22,1,578.8,0.000456324239113722,50.287172941927246,4755,-0.18427345531182843,0.05227038334146682,-0.12042201149513927,-97.39077732274623,528.5122437083578,-5.9430678747115575,1.095149652425823
2023-12-25,1,569.6,-0.015327878298951263,47.0838396111786,4755,-0.18427345531182843,0.05227038334146682,-0.12042201149513927,-97.39077732274623,528.5122437083578,-5.848603077808748,1.0777422978952123
2023-12-26,1,565.4,-0.022128648713466946,42.324699936828765,4755,-0.18427345531182843,0.05227038334146682,-0.12042201149513927,-97.39077732274623,528.5122437083578,-5.805477844440073,1.0697954621312378
2023-12-27,1,578.6,0.0006156570582660512,42.36111111111112,4755,-0.18427345531182843,0.05227038334146682,-0.12042201149513927,-97.39077732274623,528.5122437083578,-5.941014292170192,1.0947712316751577
2023-12-28,1,584.0,0.009681881051175697,49.42058623040217,4755,-0.18427345531182843,0.05227038334146682,-0.12042201149513927,-97.39077732274623,528.5122437083578,-5.996461020787058,1.104988591943125
2023-12-29,1,628.0,0.08447383447843944,70.60606060606062,4755,-0.18427345531182843,0.05227038334146682,-0.12042201149513927,-97.39077732274623,528.5122437083578,-6.448249179887454,1.1882411570895248
2024-01-04,1,625.1,0.07884490590525647,68.44689993861269,4755,-0.18427345531182843,0.05227038334146682,-0.12042201149513927,-97.39077732274623,528.5122437083578,-6.418472233037655,1.1827540562048757
2024-01-05,1,648.2,0.11736016621924784,72.06521739130439,4755,-0.18427345531182843,0.05227038334146682,-0.12042201149513927,-97.39077732274623,528.5122437083578,-6.655661016565363,1.2264616529067358
2024-01-09,1,671.9,0.15654462998834104,72.90458618871907,4755,-0.18427345531182843,0.05227038334146682,-0.12042201149513927,-97.39077732274623,528.5122437083578,-6.8990105477171655,1.271304511860592
2024-01-10,1,659.8,0.13461013754726095,69.15,4755,-0.18427345531182843,0.05227038334146682,-0.12042201149513927,-97.39077732274623,528.5122437083578,-6.774768803964557,1.2484100564453318
2024-01-11,1,643.7,0.10632549378175299,65.0823529411765,4755,-0.18427345531182843,0.05227038334146682,-0.12042201149513927,-97.39077732274623,528.5122437083578,-6.6094554093846405,1.217947186016763
2024-01-12,1,654.2,0.12337812497853526,65.16431924882632,4755,-0.18427345531182843,0.05227038334146682,-0.12042201149513927,-97.39077732274623,528.5122437083578,-6.717268492806325,1.2378142754266994
2024-01-15,1,651.4,0.1179761782171421,67.50972762645918,4755,-0.18427345531182843,0.05227038334146682,-0.12042201149513927,-97.39077732274623,528.5122437083578,-6.688518337227209,1.2325163849173828
2024-01-16,1,645.9,0.10788768922198015,66.31629240324894,4755,-0.18427345531182843,0.05227038334146682,-0.12042201149513927,-97.39077732274623,528.5122437083578,-6.63204481733966,1.222109814274083
2024-01-17,1,648.3,0.11114031138666013,67.81940441882806,4755,-0.18427345531182843,0.05227038334146682,-0.12042201149513927,-97.39077732274623,528.5122437083578,-6.656687807836044,1.2266508632820683
2024-01-18,1,652.3,0.11685005935531004,65.7289002557545,4755,-0.18427345531182843,0.05227038334146682,-0.12042201149513927,-97.39077732274623,528.5122437083578,-6.697759458663353,1.2342192782953774
2024-01-19,1,651.2,0.11376401611810816,68.75334403424294,4755,-0.18427345531182843,0.05227038334146682,-0.12042201149513927,-97.39077732274623,528.5122437083578,-6.6864647546858444,1.2321379641667176
2024-01-22,1,658.6,0.12517084282460134,71.2637650760357,4755,-0.18427345531182843,0.05227038334146682,-0.12042201149513927,-97.39077732274623,528.5122437083578,-6.762447308716364,1.2461395319413393
2024-01-23,1,654.5,0.11711279112636364,70.08767405879321,4755,-0.18427345531182843,0.05227038334146682,-0.12042201149513927,-97.39077732274623,528.5122437083578,-6.720348866618373,1.2383819065526975
2024-01-24,1,661.1,0.12628625945528474,70.75138678769545,4755,-0.18427345531182843,0.05227038334146682,-0.12042201149513927,-97.39077732274623,528.5122437083578,-6.788117090483433,1.2508697913246574
2024-01-25,1,661.5,0.12452571024465885,70.81026673376954,4755,-0.18427345531182843,0.05227038334146682,-0.12042201149513927,-97.39077732274623,528.5122437083578,-6.792224255566163,1.2516266328259884
2024-01-26,1,684.7,0.16069208688380096,77.05688763516692,4755,-0.18427345531182843,0.05227038334146682,-0.12042201149513927,-97.39077732274623,528.5122437083578,-7.030439830364553,1.295523439903181
2024-01-29,1,654.7,0.10791589293248847,68.72117400419289,4755,-0.18427345531182843,0.05227038334146682,-0.12042201149513927,-97.39077732274623,528.5122437083578,-6.722402449159739,1.238760327303363
2024-01-30,1,651.2,0.10012636586634976,65.86538461538464,4755,-0.18427345531182843,0.05227038334146682,-0.12042201149513927,-97.39077732274623,528.5122437083578,-6.6864647546858444,1.2321379641667176
2024-01-31,1,650.5,0.09733468286099874,64.83712628290942,4755,-0.18427345531182843,0.05227038334146682,-0.12042201149513927,-97.39077732274623,528.5122437083578,-6.679277215791065,1.2308134915393885
2024-02-01,1,624.2,0.052109950715003364,49.079457364341096,4755,-0.18427345531182843,0.05227038334146682,-0.12042201149513927,-97.39077732274623,528.5122437083578,-6.409231111601511,1.1810511628268812
2024-02-02,1,632.0,0.06453221220573771,51.632749645054425,4755,-0.18427345531182843,0.05227038334146682,-0.12042201149513927,-97.39077732274623,528.5122437083578,-6.489320830714762,1.195809572102834
2024-02-05,1,649.3,0.09186730104349312,50.26763990267637,4755,-0.18427345531182843,0.05227038334146682,-0.12042201149513927,-97.39077732274623,528.5122437083578,-6.666955720542871,1.2285429670353956
2024-02-06,1,643.2,0.07974537347909004,42.36295902075573,4755,-0.18427345531182843,0.05227038334146682,-0.12042201149513927,-97.39077732274623,528.5122437083578,-6.604321453031226,1.2170011341400995
2024-02-07,1,635.0,0.06446464971569577,43.2608695652174,4755,-0.18427345531182843,0.05227038334146682,-0.12042201149513927,-97.39077732274623,528.5122437083578,-6.520124568835244,1.2014858833628157
2024-02-08,1,619.0,0.03665643966291087,43.28439369222402,4755,-0.18427345531182843,0.05227038334146682,-0.12042201149513927,-97.39077732274623,528.5122437083578,-6.3558379655260095,1.1712122233095794
2024-02-09,1,617.5,0.033071677608025055,39.50829045168666,4755,-0.18427345531182843,0.05227038334146682,-0.12042201149513927,-97.39077732274623,528.5122437083578,-6.340436096465768,1.1683740676795884
2024-02-13,1,641.7,0.07196313306575573,47.52929190015284,4755,-0.18427345531182843,0.05227038334146682,-0.12042201149513927,-97.39077732274623,528.5122437083578,-6.588919583970986,1.2141629785101085
2024-02-14,1,631.3,0.05304186145818974,46.37176938369781,4755,-0.31209508303124966,0.048074930777452916,-0.10276418603640683,-158.47374702768067,507.77393058708617,-3.98362512302893,1.243269813537086
2024-02-15,1,731.2,0.21531240443043884,63.87679946434551,4755,-0.31209508303124966,0.048074930777452916,-0.10276418603640683,-158.47374702768067,507.77393058708617,-4.614013448374393,1.4400109102777088
2024-02-16,1,778.7,0.2883283331862704,68.46873173582702,4755,-0.31209508303124966,0.048074930777452916,-0.10276418603640683,-158.47374702768067,507.77393058708617,-4.913747637102214,1.5335564767960226
2024-02-19,1,792.5,0.3043406701924553,69.9070160608622,4755,-0.31209508303124966,0.048074930777452916,-0.10276418603640683,-158.47374702768067,507.77393058708617,-5.000828306669455,1.5607339255950274
2024-02-20,1,749.7,0.2288230049041463,61.67050986420702,4755,-0.31209508303124966,0.048074930777452916,-0.10276418603640683,-158.47374702768067,507.77393058708617,-4.730752027142071,1.4764444467111573
2024-02-21,1,767.3,0.25161215954344057,63.96731054977711,4755,-0.31209508303124966,0.048074930777452916,-0.10276418603640683,-158.47374702768067,507.77393058708617,-4.841811431807537,1.5111055408316272
2024-02-22,1,763.2,0.23936074621468836,62.72115624221282,4755,-0.31209508303124966,0.048074930777452916,-0.10276418603640683,-158.47374702768067,507.77393058708617,-4.815939638675241,1.503031081405836
2024-02-26,0,788.0,0.2731032700012924,64.85788113695091,4755,-0.31209508303124966,0.048074930777452916,-0.10276418603640683,-158.47374702768067,507.77393058708617,-4.972432436158399,1.5518717140301346
2024-02-27,1,771.7,0.24095987718512094,60.3868194842407,4755,-0.31209508303124966,0.048074930777452916,-0.10276418603640683,-158.47374702768067,507.77393058708617,-4.869576282973904,1.5197708143617448
2024-02-28,1,788.6,0.26218813421512555,66.50234163174761,4755,-0.31209508303124966,0.048074930777452916,-0.10276418603640683,-158.47374702768067,507.77393058708617,-4.976218552226539,1.553053342238787
2024-02-29,0,820.0,0.30528907377536285,69.46494464944651,4755,-0.31209508303124966,0.048074930777452916,-0.10276418603640683,-158.47374702768067,507.77393058708617,-5.174358626459247,1.6148918851582619
2024-03-01,0,821.1,0.2995241461536027,69.65437788018434,4755,-0.31209508303124966,0.048074930777452916,-0.10276418603640683,-158.47374702768067,507.77393058708617,-5.18129983925084,1.6170582035407912
2024-03-04,0,830.1,0.30606486531845256,74.70602351811857,4755,-0.31209508303124966,0.048074930777452916,-0.10276418603640683,-158.47374702768067,507.77393058708617,-5.238091580272953,1.6347826266705772
2024-03-05,1,822.2,0.2863973364597112,72.81669865642996,4755,-0.31209508303124966,0.048074930777452916,-0.10276418603640683,-158.47374702768067,507.77393058708617,-5.188241052042431,1.6192245219233208
2024-03-06,1,819.2,0.27461210840011707,71.10559006211182,4755,-0.31209508303124966,0.048074930777452916,-0.10276418603640683,-158.47374702768067,507.77393058708617,-5.169310471701726,1.6133163808800588
2024-03-07,0,838.6,0.29677471232611224,73.4968734968735,4755,-0.31209508303124966,0.048074930777452916,-0.10276418603640683,-158.47374702768067,507.77393058708617,-5.2917282245716155,1.6515223596264859
2024-03-08,1,825.4,0.26947117159239115,72.6235741444867,4755,-0.31209508303124966,0.048074930777452916,-0.10276418603640683,-158.47374702768067,507.77393058708617,-5.208433671072515,1.6255265390361333
2024-03-11,1,826.9,0.2647134397024274,75.5845434408073,4755,-0.31209508303124966,0.048074930777452916,-0.10276418603640683,-158.47374702768067,507.77393058708617,-5.2178989612428675,1.6284806095577642
2024-03-12,1,818.3,0.24482527113449531,74.2864054184809,4755,-0.31209508303124966,0.048074930777452916,-0.10276418603640683,-158.47374702768067,507.77393058708617,-5.1636312975995144,1.61154393856708
2024-03-13,1,806.7,0.22111821550534044,70.58383233532936,4755,-0.31209508303124966,0.048074930777452916,-0.10276418603640683,-158.47374702768067,507.77393058708617,-5.090433053615458,1.588699126533134
2024-03-14,1,800.7,0.20676766519770695,71.36730575176593,4755,-0.31209508303124966,0.048074930777452916,-0.10276418603640683,-158.47374702768067,507.77393058708617,-5.052571892934048,1.5768828444466103
2024-03-15,1,770.0,0.15599184099957772,55.92909535452323,4755,-0.31209508303124966,0.048074930777452916,-0.10276418603640683,-158.47374702768067,507.77393058708617,-4.858848954114172,1.516422867770563
2024-03-18,0,827.2,0.23569903438605458,57.19798159691303,4755,-0.31209508303124966,0.048074930777452916,-0.10276418603640683,-158.47374702768067,507.77393058708617,-5.219792019276938,1.6290714236620907
2024-03-19,0,850.2,0.26323859786756054,58.33574111528461,4755,-0.31209508303124966,0.048074930777452916,-0.10276418603640683,-158.47374702768067,507.77393058708617,-5.364926468555674,1.674367171660432
2024-03-21,0,873.1,0.29002103985752775,68.91477621091356,4755,-0.31209508303124966,0.048074930777452916,-0.10276418603640683,-158.47374702768067,507.77393058708617,-5.509429898489718,1.719465981623998
2024-03-22,0,866.4,0.2735083607058583,65.7151918807485,4755,-0.31209508303124966,0.048074930777452916,-0.10276418603640683,-158.47374702768067,507.77393058708617,-5.467151602395478,1.7062711332940463
2024-03-25,0,882.8,0.29010258858373195,68.25396825396824,4755,-0.31209508303124966,0.048074930777452916,-0.10276418603640683,-158.47374702768067,507.77393058708617,-5.570638774924663,1.7385689709972116
2024-03-26,0,879.1,0.27675704774925136,64.86133768352366,4755,-0.31209508303124966,0.048074930777452916,-0.10276418603640683,-158.47374702768067,507.77393058708617,-5.547291059171127,1.731282263710522
2024-03-27,0,865.8,0.2501588328385449,65.50247116968697,4755,-0.31209508303124966,0.048074930777452916,-0.10276418603640683,-158.47374702768067,507.77393058708617,-5.463365486327337,1.705089505085394
2024-03-28,0,856.0,0.22916921945839963,61.369770580296894,4755,-0.31209508303124966,0.048074930777452916,-0.10276418603640683,-158.47374702768067,507.77393058708617,-5.401525590547702,1.685789577677405
2024-03-29,0,849.8,0.21411100443469105,55.494100294985245,4755,-0.31209508303124966,0.048074930777452916,-0.10276418603640683,-158.47374702768067,507.77393058708617,-5.3624023911769125,1.6735794195213303
2024-04-01,0,875.6,0.24404216141669643,59.209192294694155,4755,-0.31209508303124966,0.048074930777452916,-0.10276418603640683,-158.47374702768067,507.77393058708617,-5.525205382106972,1.724389432493383
2024-04-02,0,841.8,0.19010816251899143,51.82413470533207,4755,-0.31209508303124966,0.048074930777452916,-0.10276418603640683,-158.47374702768067,507.77393058708617,-5.3119208436017,1.6578243767392986
2024-04-03,1,858.1,0.20704336034719792,55.454269219082335,4755,-0.31209508303124966,0.048074930777452916,-0.10276418603640683,-158.47374702768067,507.77393058708617,-5.414776996786196,1.6899252764076884
2024-04-04,1,858.2,0.200904526550877,55.97792765174739,4755,-0.31209508303124966,0.048074930777452916,-0.10276418603640683,-158.47374702768067,507.77393058708617,-5.415408016130886,1.690122214442464
2024-04-05,0,862.7,0.20081399794366228,53.87086411821394,4755,-0.31209508303124966,0.048074930777452916,-0.10276418603640683,-158.47374702768067,507.77393058708617,-5.443803886641943,1.6989844260073568
2024-04-08,0,886.3,0.22655661839599658,59.4653403792353,4755,-0.31209508303124966,0.048074930777452916,-0.10276418603640683,-158.47374702768067,507.77393058708617,-5.5927244519888175,1.7454618022143504
2024-04-09,0,905.2,0.24548696724198668,61.54526688292539,4755,-0.31209508303124966,0.048074930777452916,-0.10276418603640683,-158.47374702768067,507.77393058708617,-5.711987108135257,1.782683090786901
2024-04-10,0,892.1,0.22049879787959814,60.73923166472643,4755,-0.31209508303124966,0.048074930777452916,-0.10276418603640683,-158.47374702768067,507.77393058708617,-5.629323573980847,1.7568842082313236
2024-04-11,1,879.0,0.19599864299281755,60.475224572587635,4755,-0.31209508303124966,0.048074930777452916,-0.10276418603640683,-158.47374702768067,507.77393058708617,-5.546660039826437,1.7310853256757466
2024-04-12,1,874.0,0.18281374337543094,60.650973554199346,4755,-0.31209508303124966,0.048074930777452916,-0.10276418603640683,-158.47374702768067,507.77393058708617,-5.51510907259193,1.7212384239369767
2024-04-15,1,849.8,0.14446657101762087,61.8187203791469,4755,-0.31209508303124966,0.048074930777452916,-0.10276418603640683,-158.47374702768067,507.77393058708617,-5.3624023911769125,1.6735794195213303
2024-04-16,1,809.8,0.08609155464792102,47.28464419475654,4755,-0.31209508303124966,0.048074930777452916,-0.10276418603640683,-158.47374702768067,507.77393058708617,-5.109994653300851,1.5948042056111713
2024-04-17,1,800.3,0.06894040041744276,41.87031606386445,4755,-0.31209508303124966,0.048074930777452916,-0.10276418603640683,-158.47374702768067,507.77393058708617,-5.0500478155552875,1.5760950923075083
2024-04-18,1,785.0,0.044420003193131205,35.28232542599399,4755,-0.31209508303124966,0.048074930777452916,-0.10276418603640683,-158.47374702768067,507.77393058708617,-4.953501855817694,1.5459635729868726
2024-04-19,1,743.9,-0.013156149235093185,31.645190290680276,4755,-0.31209508303124966,0.048074930777452916,-0.10276418603640683,-158.47374702768067,507.77393058708617,-4.694152905150041,1.465022040694184
2024-04-22,1,760.8,0.006116752566867206,31.747456612806715,4755,-0.31209508303124966,0.048074930777452916,-0.10276418603640683,-158.47374702768067,507.77393058708617,-4.800795174402677,1.4983045685712264
2024-04-23,1,757.1,-0.001050276027317647,31.747456612806715,4755,-0.31209508303124966,0.048074930777452916,-0.10276418603640683,-158.47374702768067,507.77393058708617,-4.777447458649142,1.4910178612845366
2024-04-24,1,766.8,0.009232432318602164,35.02722323049002,4755,-0.31209508303124966,0.048074930777452916,-0.10276418603640683,-158.47374702768067,507.77393058708617,-4.838656335084086,1.5101208506577501
2024-04-25,1,737.8,-0.03046072170096463,33.10463121783877,4755,-0.31209508303124966,0.048074930777452916,-0.10276418603640683,-158.47374702768067,507.77393058708617,-4.655660725123942,1.4530088205728848
2024-04-26,1,737.8,-0.03157891052408673,33.70197904540163,4755,-0.31209508303124966,0.048074930777452916,-0.10276418603640683,-158.47374702768067,507.77393058708617,-4.655660725123942,1.4530088205728848
2024-04-30,1,763.5,0.0003389054750704369,33.682678311499274,4755,-0.31209508303124966,0.048074930777452916,-0.10276418603640683,-158.47374702768067,507.77393058708617,-4.817832696709312,1.5036218955101621
2024-05-01,1,755.0,-0.012717420110749974,36.36077938403521,4755,-0.31209508303124966,0.048074930777452916,-0.10276418603640683,-158.47374702768067,507.77393058708617,-4.764196052410648,1.4868821625542534
2024-05-02,1,752.2,-0.018056686926916737,32.62225139481457,4755,-0.31209508303124966,0.048074930777452916,-0.10276418603640683,-158.47374702768067,507.77393058708617,-4.746527510759324,1.4813678975805422
2024-05-07,1,797.6,0.03856690961238636,41.34285714285714,4755,-0.31209508303124966,0.048074930777452916,-0.10276418603640683,-158.47374702768067,507.77393058708617,-5.033010293248654,1.5707777653685728
2024-05-08,1,794.6,0.031996301125766874,40.22955523672883,4755,-0.31209508303124966,0.048074930777452916,-0.10276418603640683,-158.47374702768067,507.77393058708617,-5.014079712907949,1.5648696243253108
2024-05-09,0,790.6,0.024277244962825895,35.45150501672242,4755,-0.31209508303124966,0.048074930777452916,-0.10276418603640683,-158.47374702768067,507.77393058708617,-4.988838939120343,1.556992102934295
2024-05-10,0,807.7,0.04362994228615742,35.096300825435634,4755,-0.31209508303124966,0.048074930777452916,-0.10276418603640683,-158.47374702768067,507.77393058708617,-5.096743247062359,1.5906685068808881
2024-05-13,0,804.5,0.036757087406333266,36.19167717528373,4755,-0.31209508303124966,0.048074930777452916,-0.10276418603640683,-158.47374702768067,507.77393058708617,-5.076550628032273,1.5843664897680751
2024-05-14,0,817.9,0.051148436536115297,40.377952755905504,4755,-0.03812982705136473,0.046615652315078915,-0.0647789044125664,-19.770697405125112,518.5100204753613,-41.36930444284569,1.5774044236409606
2024-05-15,0,792.1,0.015596151479095852,37.8953591486846,4755,-0.03812982705136473,0.046615652315078915,-0.0647789044125664,-19.770697405125112,518.5100204753613,-40.06434288932396,1.527646465296497
2024-05-16,0,790.0,0.01067649652617266,40.54395951929158,4755,-0.03812982705136473,0.046615652315078915,-0.0647789044125664,-19.770697405125112,518.5100204753613,-39.958125088455915,1.523596398919622
2024-05-17,1,795.6,0.015517834106558735,47.48048261178142,4755,-0.03812982705136473,0.046615652315078915,-0.0647789044125664,-19.770697405125112,518.5100204753613,-40.24137255743737,1.5343965759246219
2024-05-20,1,815.2,0.03822974526522082,52.552243919150406,4755,-0.03812982705136473,0.046615652315078915,-0.0647789044125664,-19.770697405125112,518.5100204753613,-41.23273869887249,1.5721971954421214
2024-05-21,1,791.6,0.005834756444661425,51.099267155229846,4755,-0.03812982705136473,0.046615652315078915,-0.0647789044125664,-19.770697405125112,518.5100204753613,-40.03905293673633,1.5266821637781935
2024-05-22,1,777.9,-0.013690084747338767,56.2316715542522,4755,-0.03812982705136473,0.046615652315078915,-0.0647789044125664,-19.770697405125112,518.5100204753613,-39.34610823583526,1.5002603021766758
2024-05-23,1,781.9,-0.010815789162957161,54.05925355906118,4755,-0.03812982705136473,0.046615652315078915,-0.0647789044125664,-19.770697405125112,518.5100204753613,-39.5484278565363,1.5079747143231044
2024-05-24,1,775.9,-0.020911779848373196,53.58504958047291,4755,-0.03812982705136473,0.046615652315078915,-0.0647789044125664,-19.770697405125112,518.5100204753613,-39.244948425484736,1.4964030961034616
2024-05-27,1,800.6,0.007398832293134683,56.096681096681095,4755,-0.03812982705136473,0.046615652315078915,-0.0647789044125664,-19.770697405125112,518.5100204753613,-40.49427208331368,1.5440395911076574
2024-05-28,1,796.9,0.00026610166087587034,61.73084557364033,4755,-0.03812982705136473,0.046615652315078915,-0.0647789044125664,-19.770697405125112,518.5100204753613,-40.30712643416521,1.536903759872211
2024-05-29,1,800.7,0.0023936263439110683,62.299569808369185,4755,-0.03812982705136473,0.046615652315078915,-0.0647789044125664,-19.770697405125112,518.5100204753613,-40.4993300738312,1.5442324514113182
2024-05-30,1,798.4,-0.003204461275958283,57.51183814033576,4755,-0.03812982705136473,0.046615652315078915,-0.0647789044125664,-19.770697405125112,518.5100204753613,-40.3829962919281,1.5397966644271217
2024-05-31,1,816.0,0.015438986552070247,62.63463131731564,4755,-0.03812982705136473,0.046615652315078915,-0.0647789044125664,-19.770697405125112,518.5100204753613,-41.27320262301269,1.573740077871407
2024-06-03,1,840.0,0.041460027772267476,66.71744097486669,4755,-0.03812982705136473,0.046615652315078915,-0.0647789044125664,-19.770697405125112,518.5100204753613,-42.48712034721895,1.6200265507499778
2024-06-04,1,844.7,0.04378449625175063,60.61288868859845,4755,-0.03812982705136473,0.046615652315078915,-0.0647789044125664,-19.770697405125112,518.5100204753613,-42.72484590154267,1.6290909850220314
2024-06-05,1,829.2,0.021301333981465824,57.38054607508531,4755,-0.03812982705136473,0.046615652315078915,-0.0647789044125664,-19.770697405125112,518.5100204753613,-41.94085737132613,1.599197637954621
2024-06-06,1,835.6,0.027422525259314667,59.50168918918917,4755,-0.03812982705136473,0.046615652315078915,-0.0647789044125664,-19.770697405125112,518.5100204753613,-42.2645687644478,1.6115406973889066
2024-06-07,1,850.0,0.04390799854589765,59.034600598035,4755,-0.03812982705136473,0.046615652315078915,-0.0647789044125664,-19.770697405125112,518.5100204753613,-42.99291939897155,1.639312581116049
2024-06-10,1,839.0,0.029614612428025232,57.13104588673005,4755,-0.03812982705136473,0.046615652315078915,-0.0647789044125664,-19.770697405125112,518.5100204753613,-42.436540442043686,1.6180979477133708
2024-06-11,1,818.9,0.0038114352865032267,50.201126307321,4755,-0.03812982705136473,0.046615652315078915,-0.0647789044125664,-19.770697405125112,518.5100204753613,-41.41988434802094,1.5793330266775676
2024-06-12,1,808.7,-0.009362081609520137,53.562231759656655,4755,-0.03812982705136473,0.046615652315078915,-0.0647789044125664,-19.770697405125112,518.5100204753613,-40.90396931523329,1.5596612757041752
2024-06-13,1,802.7,-0.01734589946658128,52.68045588856058,4755,-0.03812982705136473,0.046615652315078915,-0.0647789044125664,-19.770697405125112,518.5100204753613,-40.60048988418173,1.5480896574845324
2024-06-14,1,813.6,-0.00441828137338724,53.7159372419488,4755,-0.03812982705136473,0.046615652315078915,-0.0647789044125664,-19.770697405125112,518.5100204753613,-41.151810850592064,1.56911143058355
2024-06-17,1,786.0,-0.0384160534767907,44.16466826538768,4755,-0.03812982705136473,0.046615652315078915,-0.0647789044125664,-19.770697405125112,518.5100204753613,-39.755805467754875,1.5158819867731936
2024-06-18,1,828.2,0.0125569120070684,56.80803571428571,4755,-0.03812982705136473,0.046615652315078915,-0.0647789044125664,-19.770697405125112,518.5100204753613,-41.89027746615088,1.5972690349180139
2024-06-19,1,829.0,0.013386315739719122,59.984368894099255,4755,-0.03812982705136473,0.046615652315078915,-0.0647789044125664,-19.770697405125112,518.5100204753613,-41.93074139029108,1.5988119173472997
2024-06-20,1,825.3,0.008794303586009277,58.48982785602502,4755,-0.03812982705136473,0.046615652315078915,-0.0647789044125664,-19.770697405125112,518.5100204753613,-41.74359574114261,1.591676086111853
2024-06-21,1,813.1,-0.005842757442424274,57.10466004583652,4755,-0.03812982705136473,0.046615652315078915,-0.0647789044125664,-19.770697405125112,518.5100204753613,-41.126520898004436,1.5681471290652464
2024-06-24,1,824.0,0.007454839777186121,54.71774193548386,4755,-0.03812982705136473,0.046615652315078915,-0.0647789044125664,-19.770697405125112,518.5100204753613,-41.67784186441477,1.5891689021642639
2024-06-25,1,848.0,0.036311643026486276,59.52292210212449,4755,-0.03812982705136473,0.046615652315078915,-0.0647789044125664,-19.770697405125112,518.5100204753613,-42.891759588621035,1.6354553750428347
2024-06-26,1,846.9,0.03482741879250174,58.697289156626496,4755,-0.03812982705136473,0.046615652315078915,-0.0647789044125664,-19.770697405125112,518.5100204753613,-42.836121692928245,1.633333911702567
2024-06-27,1,852.9,0.04169211152419999,60.118826587448936,4755,-0.03812982705136473,0.046615652315078915,-0.0647789044125664,-19.770697405125112,518.5100204753613,-43.13960112397981,1.6449055299222095
2024-06-28,1,829.9,0.013551472635697925,52.53003276301419,4755,-0.03812982705136473,0.046615652315078915,-0.0647789044125664,-19.770697405125112,518.5100204753613,-41.976263304948816,1.600547660080246
2024-07-01,1,861.4,0.051284387845098776,53.79163713678241,4755,-0.03812982705136473,0.046615652315078915,-0.0647789044125664,-19.770697405125112,518.5100204753613,-43.56953031796952,1.66129865573337
2024-07-02,1,867.9,0.05816342786915626,54.084507042253506,4755,-0.03812982705136473,0.046615652315078915,-0.0647789044125664,-19.770697405125112,518.5100204753613,-43.89829970160872,1.6738345754713164
2024-07-03,1,859.8,0.047281550402200896,55.53145336225595,4755,-0.03812982705136473,0.046615652315078915,-0.0647789044125664,-19.770697405125112,518.5100204753613,-43.488602469689106,1.6582128908747986
2024-07-04,1,885.9,0.07704540149393085,58.488018899763745,4755,-0.03812982705136473,0.046615652315078915,-0.0647789044125664,-19.770697405125112,518.5100204753613,-44.80873799476341,1.7085494301302444
2024-07-05,1,898.3,0.09086360743968232,58.20591233435269,4755,-0.03812982705136473,0.046615652315078915,-0.0647789044125664,-19.770697405125112,518.5100204753613,-45.43592881893664,1.7324641077841727
2024-07-08,1,887.8,0.07745682324594694,58.30496936691626,4755,-0.03812982705136473,0.046615652315078915,-0.0647789044125664,-19.770697405125112,518.5100204753613,-44.90483981459641,1.712213775899798
2024-07-09,1,893.8,0.08437535385561068,63.38934572756525,4755,-0.03812982705136473,0.046615652315078915,-0.0647789044125664,-19.770697405125112,518.5100204753613,-45.20831924564797,1.7237853941194405
2024-07-10,1,913.1,0.10695425736716797,68.0747922437673,4755,-0.03812982705136473,0.046615652315078915,-0.0647789044125664,-19.770697405125112,518.5100204753613,-46.1845114155305,1.7610074327259582
2024-07-11,1,909.6,0.10223371167750536,68.669228082431,4755,-0.03812982705136473,0.046615652315078915,-0.0647789044125664,-19.770697405125112,518.5100204753613,-46.00748174741709,1.7542573220978332
2024-07-12,1,912.8,0.10550946126195379,67.80330222541276,4755,-0.03812982705136473,0.046615652315078915,-0.0647789044125664,-19.770697405125112,518.5100204753613,-46.16933744397792,1.7604288518149758
2024-07-16,1,908.1,0.09906646118592513,73.87563551036372,4755,-0.03812982705136473,0.046615652315078915,-0.0647789044125664,-19.770697405125112,518.5100204753613,-45.9316118896542,1.7513644175429226
2024-07-17,1,895.4,0.08300716521604497,64.85411140583554,4755,-0.03812982705136473,0.046615652315078915,-0.0647789044125664,-19.770697405125112,518.5100204753613,-45.28924709392839,1.7268711589780121
2024-07-18,1,876.2,0.05933330431712795,59.648405560098126,4755,-0.03812982705136473,0.046615652315078915,-0.0647789044125664,-19.770697405125112,518.5100204753613,-44.318112914563386,1.6898419806751555
2024-07-19,1,868.1,0.04966724061212253,58.594377510040175,4755,-0.03812982705136473,0.046615652315078915,-0.0647789044125664,-19.770697405125112,518.5100204753613,-43.90841568264377,1.6742202960786379
2024-07-22,1,870.4,0.051963245744931205,61.98243412797992,4755,-0.03812982705136473,0.046615652315078915,-0.0647789044125664,-19.770697405125112,518.5100204753613,-44.02474946454687,1.678656083062834
2024-07-23,1,898.7,0.08545639010564286,64.56140350877195,4755,-0.03812982705136473,0.046615652315078915,-0.0647789044125664,-19.770697405125112,518.5100204753613,-45.45616078100675,1.7332355489988156
2024-07-24,1,883.5,0.06666312520826191,57.16592652402099,4755,-0.03812982705136473,0.046615652315078915,-0.0647789044125664,-19.770697405125112,518.5100204753613,-44.68734622234278,1.7039207828423875
2024-07-25,1,841.7,0.016540982893802618,49.09847434119279,4755,-0.03812982705136473,0.046615652315078915,-0.0647789044125664,-19.770697405125112,518.5100204753613,-42.573106186016894,1.6233051759122101
2024-07-26,1,840.3,0.015602464293368807,47.780126849894295,4755,-0.03812982705136473,0.046615652315078915,-0.0647789044125664,-19.770697405125112,518.5100204753613,-42.502294318771526,1.62060513166096
2024-07-29,0,903.8,0.09237440957634535,61.39377119950663,4755,-0.03812982705136473,0.046615652315078915,-0.0647789044125664,-19.770697405125112,518.5100204753613,-45.714118297400574,1.7430714244855119
2024-07-30,1,889.7,0.07537409045857811,54.61062235255784,4755,-0.03812982705136473,0.046615652315078915,-0.0647789044125664,-19.770697405125112,518.5100204753613,-45.0009416344294,1.7158781216693517
2024-07-31,1,882.4,0.06649219468881075,52.35619109522263,4755,-0.03812982705136473,0.046615652315078915,-0.0647789044125664,-19.770697405125112,518.5100204753613,-44.63170832665,1.7017993195021195
2024-08-01,1,855.0,0.03369232480426333,49.266055045871575,4755,-0.03812982705136473,0.046615652315078915,-0.0647789044125664,-19.770697405125112,518.5100204753613,-43.24581892484786,1.6489555962990845
2024-08-02,1,789.1,-0.04504616437162561,36.80479825517994,4755,-0.03812982705136473,0.046615652315078915,-0.0647789044125664,-19.770697405125112,518.5100204753613,-39.91260317379818,1.5218606561866757
2024-08-05,1,664.0,-0.19454490169566097,25.56830031282587,4755,-0.03812982705136473,0.046615652315078915,-0.0647789044125664,-19.770697405125112,518.5100204753613,-33.58505703637307,1.2805924163071254
2024-08-06,1,732.1,-0.1109565707364937,35.50549245950475,4755,-0.03812982705136473,0.046615652315078915,-0.0647789044125664,-19.770697405125112,518.5100204753613,-37.029548578808324,1.41193028310007
2024-08-07,1,780.8,-0.05175205648034201,40.255260434632625,4755,-0.03812982705136473,0.046615652315078915,-0.0647789044125664,-19.770697405125112,518.5100204753613,-39.49278996084352,1.5058532509828364
2024-08-08,1,773.3,-0.06130736387560823,37.69366197183097,4755,-0.03812982705136473,0.046615652315078915,-0.0647789044125664,-19.770697405125112,518.5100204753613,-39.11344067202906,1.4913887282082832
2024-08-09,1,779.5,-0.054067610401251694,38.6017171894165,4755,-0.06733921368733656,0.04543407210236809,-0.04910325166427509,-35.34715121142005,524.9118496622309,-22.052696562096838,1.4850112461770313
2024-08-13,1,851.4,0.03160986390601368,45.19862370972787,4755,-0.06733921368733656,0.04543407210236809,-0.04910325166427509,-35.34715121142005,524.9118496622309,-24.086806738895763,1.62198662603608
2024-08-14,1,868.5,0.050603144188477105,46.96225836146056,4755,-0.06733921368733656,0.04543407210236809,-0.04910325166427509,-35.34715121142005,524.9118496622309,-24.570579812932785,1.6545635244448385
2024-08-15,1,864.9,0.04410789477072828,47.62719775945231,4755,-0.06733921368733656,0.04543407210236809,-0.04910325166427509,-35.34715121142005,524.9118496622309,-24.46873284997762,1.6477052300429946
2024-08-16,1,892.4,0.07463175438089444,51.24423963133639,4755,-0.06733921368733656,0.04543407210236809,-0.04910325166427509,-35.34715121142005,524.9118496622309,-25.246730483662883,1.7000949789459687
2024-08-19,1,877.4,0.054639983203970864,50.70679434564523,4755,-0.06733921368733656,0.04543407210236809,-0.04910325166427509,-35.34715121142005,524.9118496622309,-24.822368138016376,1.6715187522716193
2024-08-20,0,908.0,0.0887516447184354,52.73972602739726,4755,-0.06733921368733656,0.04543407210236809,-0.04910325166427509,-35.34715121142005,524.9118496622309,-25.688067323135254,1.7298142546872923
2024-08-21,0,949.5,0.1349329040895037,53.631684300829285,4755,-0.06733921368733656,0.04543407210236809,-0.04910325166427509,-35.34715121142005,524.9118496622309,-26.862136479423924,1.8088751484863261
2024-08-22,0,941.4,0.12267808134228442,54.18171313014589,4755,-0.06733921368733656,0.04543407210236809,-0.04910325166427509,-35.34715121142005,524.9118496622309,-26.632980812774807,1.7934439860821774
2024-08-23,0,946.4,0.12592319991878376,57.98627002288329,4755,-0.06733921368733656,0.04543407210236809,-0.04910325166427509,-35.34715121142005,524.9118496622309,-26.77443492799031,1.8029693949736272
2024-08-26,0,940.7,0.11648365212520014,57.608366171567155,4755,-0.06733921368733656,0.04543407210236809,-0.04910325166427509,-35.34715121142005,524.9118496622309,-26.613177236644642,1.7921104288373744
2024-08-27,0,941.9,0.11553882376721057,53.18828451882845,4755,-0.06733921368733656,0.04543407210236809,-0.04910325166427509,-35.34715121142005,524.9118496622309,-26.647126224296358,1.7943965269713222
2024-08-28,0,1028.5,0.2138099351847918,60.35820895522387,4755,-0.06733921368733656,0.04543407210236809,-0.04910325166427509,-35.34715121142005,524.9118496622309,-29.097111499828863,1.9593766089712337
2024-08-29,0,1002.5,0.17969859338348937,58.719326266879634,4755,-0.06733921368733656,0.04543407210236809,-0.04910325166427509,-35.34715121142005,524.9118496622309,-28.36155010070825,1.9098444827356944
2024-08-30,0,1033.5,0.21158905150220622,62.89180990899899,4755,-0.06733921368733656,0.04543407210236809,-0.04910325166427509,-35.34715121142005,524.9118496622309,-29.238565615044365,1.9689020178626835
2024-09-02,0,1035.5,0.20929316396092262,69.60534691279439,4755,-0.06733921368733656,0.04543407210236809,-0.04910325166427509,-35.34715121142005,524.9118496622309,-29.295147261130566,1.9727121814192634
2024-09-03,0,1067.5,0.24140802222866561,87.68914627311788,4755,-0.06733921368733656,0.04543407210236809,-0.04910325166427509,-35.34715121142005,524.9118496622309,-30.20045359850978,2.0336747983245425
2024-09-04,0,1002.0,0.1618720441063016,75.33320818471935,4755,-0.06733921368733656,0.04543407210236809,-0.04910325166427509,-35.34715121142005,524.9118496622309,-28.3474046891867,1.9088919418465495
2024-09-05,0,995.8,0.15104886698323006,71.9298245614035,4755,-0.06733921368733656,0.04543407210236809,-0.04910325166427509,-35.34715121142005,524.9118496622309,-28.172001586319475,1.8970804348211516
2024-09-06,0,946.4,0.09111367996458256,66.26573952264613,4755,-0.06733921368733656,0.04543407210236809,-0.04910325166427509,-35.34715121142005,524.9118496622309,-26.77443492799031,1.8029693949736272
2024-09-09,0,956.5,0.0998062164059889,66.51119402985074,4755,-0.06733921368733656,0.04543407210236809,-0.04910325166427509,-35.34715121142005,524.9118496622309,-27.060172240725628,1.8222107209343559
2024-09-10,0,947.7,0.08682522110362213,60.18185662930853,4755,-0.06733921368733656,0.04543407210236809,-0.04910325166427509,-35.34715121142005,524.9118496622309,-26.811212997946345,1.8054460012854041
2024-09-11,1,928.8,0.06306674765060107,56.351379818832946,4755,-0.06733921368733656,0.04543407210236809,-0.04910325166427509,-35.34715121142005,524.9118496622309,-26.276516442431742,1.7694399556757237
2024-09-12,1,938.1,0.07140246632332672,57.618651124063284,4755,-0.06733921368733656,0.04543407210236809,-0.04910325166427509,-35.34715121142005,524.9118496622309,-26.539621096732578,1.7871572162138205
2024-09-13,1,946.8,0.07893829190135336,55.892547660311955,4755,-0.06733921368733656,0.04543407210236809,-0.04910325166427509,-35.34715121142005,524.9118496622309,-26.78575125720755,1.803731427684943
2024-09-17,1,942.9,0.07214005021285881,57.269700332963374,4755,-0.06733921368733656,0.04543407210236809,-0.04910325166427509,-35.34715121142005,524.9118496622309,-26.675417047339458,1.7963016087496122
2024-09-18,1,945.6,0.07310164505937458,54.44865120681496,4755,-0.06733921368733656,0.04543407210236809,-0.04910325166427509,-35.34715121142005,524.9118496622309,-26.75180226955583,1.8014453295509953
2024-09-19,1,963.1,0.0909292740428837,51.705970898143505,4755,-0.06733921368733656,0.04543407210236809,-0.04910325166427509,-35.34715121142005,524.9118496622309,-27.24689167281009,1.8347842606710698
2024-09-20,1,970.6,0.0973381691886074,53.66834170854272,4755,-0.06733921368733656,0.04543407210236809,-0.04910325166427509,-35.34715121142005,524.9118496622309,-27.459072845633344,1.8490723740082444
2024-09-24,0,960.7,0.08399667214789387,51.774633904194594,4755,-0.06733921368733656,0.04543407210236809,-0.04910325166427509,-35.34715121142005,524.9118496622309,-27.17899369750665,1.8302120644031739
2024-09-25,0,939.5,0.05842140681235069,49.85659655831739,4755,-0.06733921368733656,0.04543407210236809,-0.04910325166427509,-35.34715121142005,524.9118496622309,-26.57922824899292,1.7898243307034263
2024-09-26,0,946.4,0.06465315526116835,50.530535251120014,4755,-0.06733921368733656,0.04543407210236809,-0.04910325166427509,-35.34715121142005,524.9118496622309,-26.77443492799031,1.8029693949736272
2024-09-27,0,965.7,0.08430407073445687,41.19955156950674,4755,-0.06733921368733656,0.04543407210236809,-0.04910325166427509,-35.34715121142005,524.9118496622309,-27.320447812722154,1.8397374732946237
2024-09-30,0,925.6,0.03762163131698137,39.63332434618497,4755,-0.06733921368733656,0.04543407210236809,-0.04910325166427509,-35.34715121142005,524.9118496622309,-26.18598580869382,1.7633436939851959
2024-10-01,0,917.5,0.026871386830379092,33.33333333333336,4755,-0.06733921368733656,0.04543407210236809,-0.04910325166427509,-35.34715121142005,524.9118496622309,-25.95683014204471,1.747912531581047
2024-10-02,0,900.2,0.006045361820194883,31.379025598678794,4755,-0.06733921368733656,0.04543407210236809,-0.04910325166427509,-35.34715121142005,524.9118496622309,-25.46739890339907,1.7149546168166308
2024-10-03,0,917.5,0.02379443323632866,28.485370051635115,4755,-0.06733921368733656,0.04543407210236809,-0.04910325166427509,-35.34715121142005,524.9118496622309,-25.95683014204471,1.747912531581047
2024-10-04,0,913.0,0.01685174680205882,34.527121001390825,4755,-0.06733921368733656,0.04543407210236809,-0.04910325166427509,-35.34715121142005,524.9118496622309,-25.829521438350756,1.7393396635787421
2024-10-07,0,923.5,0.027092555108214532,37.615621788283676,4755,-0.06733921368733656,0.04543407210236809,-0.04910325166427509,-35.34715121142005,524.9118496622309,-26.12657508030331,1.7593430222507869
2024-10-08,1,913.3,0.014480196920014511,43.45073209339137,4755,-0.06733921368733656,0.04543407210236809,-0.04910325166427509,-35.34715121142005,524.9118496622309,-25.838008685263684,1.7399111881122291
2024-10-09,1,920.9,0.021475876797297722,42.88569144684253,4755,-0.06733921368733656,0.04543407210236809,-0.04910325166427509,-35.34715121142005,524.9118496622309,-26.053018940391247,1.754389809627233
2024-10-10,0,946.5,0.047804536759322586,49.775280898876396,4755,-0.06733921368733656,0.04543407210236809,-0.04910325166427509,-35.34715121142005,524.9118496622309,-26.777264010294623,1.8031599031514562
2024-10-11,0,948.5,0.048092548910985564,53.93842463014794,4755,-0.06733921368733656,0.04543407210236809,-0.04910325166427509,-35.34715121142005,524.9118496622309,-26.833845656380824,1.8069700667080362
2024-10-15,0,961.3,0.06046632718800458,54.574132492113556,4755,-0.06733921368733656,0.04543407210236809,-0.04910325166427509,-35.34715121142005,524.9118496622309,-27.195968191332508,1.8313551134701476
2024-10-16,0,954.5,0.051300991861274604,51.529598728645226,4755,-0.06733921368733656,0.04543407210236809,-0.04910325166427509,-35.34715121142005,524.9118496622309,-27.003590594639427,1.818400557377776
2024-10-17,0,942.2,0.03639443560392181,49.86543637062669,4755,-0.06733921368733656,0.04543407210236809,-0.04910325166427509,-35.34715121142005,524.9118496622309,-26.655613471209293,1.7949680515048094
2024-10-18,0,921.4,0.012156719150494258,45.65061107117182,4755,-0.06733921368733656,0.04543407210236809,-0.04910325166427509,-35.34715121142005,524.9118496622309,-26.067164351912798,1.7553423505163779
2024-10-21,0,952.1,0.04449307181817792,48.11256005490734,4755,-0.06733921368733656,0.04543407210236809,-0.04910325166427509,-35.34715121142005,524.9118496622309,-26.935692619335985,1.81382836110988
2024-10-22,0,936.6,0.026457454145868066,44.32197728790915,4755,-0.06733921368733656,0.04543407210236809,-0.04910325166427509,-35.34715121142005,524.9118496622309,-26.497184862167927,1.7842995935463855
2024-10-23,1,909.3,-0.004182004821571332,41.88762626262625,4755,-0.06733921368733656,0.04543407210236809,-0.04910325166427509,-35.34715121142005,524.9118496622309,-25.724845393091282,1.7322908609990693
2024-10-24,1,904.6,-0.009599635634267804,44.189144189144194,4755,-0.06733921368733656,0.04543407210236809,-0.04910325166427509,-35.34715121142005,524.9118496622309,-25.59187852478871,1.7233369766411064
2024-10-25,1,885.7,-0.03011388523872098,40.28178033941724,4755,-0.06733921368733656,0.04543407210236809,-0.04910325166427509,-35.34715121142005,524.9118496622309,-25.05718196927411,1.6873309310314262
2024-10-28,1,907.8,-0.006203473945409512,40.812440495080914,4755,-0.06733921368733656,0.04543407210236809,-0.04910325166427509,-35.34715121142005,524.9118496622309,-25.68240915852663,1.7294332383316342
2024-10-29,1,919.9,0.006659264241764423,49.0073145245559,4755,-0.06733921368733656,0.04543407210236809,-0.04910325166427509,-35.34715121142005,524.9118496622309,-26.024728117348147,1.7524847278489428
2024-10-30,1,922.7,0.009581928552775882,50.92264017033358,4755,-0.06733921368733656,0.04543407210236809,-0.04910325166427509,-35.34715121142005,524.9118496622309,-26.103942421868833,1.757818956828155
2024-10-31,1,922.7,0.009389020811332771,54.25330812854442,4755,-0.06733921368733656,0.04543407210236809,-0.04910325166427509,-35.34715121142005,524.9118496622309,-26.103942421868833,1.757818956828155
2024-11-01,1,903.6,-0.011372787003862926,47.39016147202404,4755,-0.06733921368733656,0.04543407210236809,-0.04910325166427509,-35.34715121142005,524.9118496622309,-25.56358770174561,1.7214318948628164
2024-11-05,1,916.4,0.0025102869253579873,50.6190823015295,4755,-0.06733921368733656,0.04543407210236809,-0.04910325166427509,-35.34715121142005,524.9118496622309,-25.925710236697295,1.745816941624928
2024-11-06,1,933.0,0.020110648657710763,51.69219807623798,4755,-0.06733921368733656,0.04543407210236809,-0.04910325166427509,-35.34715121142005,524.9118496622309,-26.395337899212766,1.7774412991445416
2024-11-07,1,929.0,0.014955942099075924,52.85974499089254,4755,-0.06733921368733656,0.04543407210236809,-0.04910325166427509,-35.34715121142005,524.9118496622309,-26.282174607040364,1.7698209720313818
2024-11-08,1,926.4,0.011256560505104452,51.020408163265316,4755,-0.06733921368733656,0.04543407210236809,-0.04910325166427509,-35.34715121142005,524.9118496622309,-26.2086184671283,1.7648677594078277
2024-11-11,1,923.6,0.00742003321708316,45.358735306039726,4755,-0.06733921368733656,0.04543407210236809,-0.04910325166427509,-35.34715121142005,524.9118496622309,-26.12940416260762,1.759533530428616
2024-11-12,1,950.2,0.03565838750321532,50.313306302985644,4755,-0.06733921368733656,0.04543407210236809,-0.04910325166427509,-35.34715121142005,524.9118496622309,-26.881940055554097,1.8102087057311291
2024-11-13,1,964.9,0.0504378548089999,50.6588579795022,4755,-0.15491178688734025,0.03901191027988941,-0.03156858126841825,-69.8837054789303,451.1193556223923,-13.807224350616528,2.1389017961084025
2024-11-14,1,936.9,0.018548180188120062,47.01086956521739,4755,-0.15491178688734025,0.03901191027988941,-0.03156858126841825,-69.8837054789303,451.1193556223923,-13.40655870462496,2.076833964943478
2024-11-15,1,900.1,-0.0223063186753507,43.3991846973973,4755,-0.15491178688734025,0.03901191027988941,-0.03156858126841825,-69.8837054789303,451.1193556223923,-12.879969569893188,1.9952591011267211
2024-11-18,1,881.1,-0.04262948207171316,43.64553768527279,4755,-0.15491178688734025,0.03901191027988941,-0.03156858126841825,-69.8837054789303,451.1193556223923,-12.608089310113195,1.9531416442648082
2024-11-19,1,876.9,-0.047016324649844725,37.061252580867155,4755,-0.15491178688734025,0.03901191027988941,-0.03156858126841825,-69.8837054789303,451.1193556223923,-12.54798946321446,1.9438314695900696
2024-11-20,1,876.3,-0.04758419907805242,39.064200217627835,4755,-0.15491178688734025,0.03901191027988941,-0.03156858126841825,-69.8837054789303,451.1193556223923,-12.539403770800355,1.9425014446365354
2024-11-21,1,891.9,-0.031147256057819116,46.70454545454546,4755,-0.15491178688734025,0.03901191027988941,-0.03156858126841825,-69.8837054789303,451.1193556223923,-12.762631773567085,1.9770820934284217
2024-11-22,1,879.4,-0.045973503362344945,45.36423841059602,4755,-0.15491178688734025,0.03901191027988941,-0.03156858126841825,-69.8837054789303,451.1193556223923,-12.583763181606564,1.949373240229795
2024-11-25,1,883.3,-0.04477265452196471,49.53271028037381,4755,-0.15491178688734025,0.03901191027988941,-0.03156858126841825,-69.8837054789303,451.1193556223923,-12.639570182298247,1.9580184024277665
2024-11-26,1,862.3,-0.06923008284064558,41.10285490809542,4755,-0.15491178688734025,0.03901191027988941,-0.03156858126841825,-69.8837054789303,451.1193556223923,-12.339070947804572,1.9114675290540732
2024-11-27,1,857.0,-0.07596428930835698,37.36440337484934,4755,-0.15491178688734025,0.03901191027988941,-0.03156858126841825,-69.8837054789303,451.1193556223923,-12.26323066481331,1.8997189752978556
2024-11-28,1,854.7,-0.07952136977961055,36.31239935587761,4755,-0.15491178688734025,0.03901191027988941,-0.03156858126841825,-69.8837054789303,451.1193556223923,-12.230318843892576,1.8946205463093084
2024-11-29,1,858.4,-0.07658281135926479,37.2471241570805,4755,-0.15491178688734025,0.03901191027988941,-0.03156858126841825,-69.8837054789303,451.1193556223923,-12.28326394711289,1.9028223668561017
2024-12-02,1,847.2,-0.0885762194990756,38.45208845208845,4755,-0.15491178688734025,0.03901191027988941,-0.03156858126841825,-69.8837054789303,451.1193556223923,-12.122997688716264,1.8779952343901323
2024-12-03,1,846.8,-0.08872289198116322,34.987057808455546,4755,-0.15491178688734025,0.03901191027988941,-0.03156858126841825,-69.8837054789303,451.1193556223923,-12.117273893773525,1.877108551087776
2024-12-04,1,837.0,-0.09890835492460401,28.666666666666643,4755,-0.15491178688734025,0.03901191027988941,-0.03156858126841825,-69.8837054789303,451.1193556223923,-11.977040917676478,1.8553848101800527
2024-12-05,1,834.2,-0.10117185984803317,28.820375335120616,4755,-0.15491178688734025,0.03901191027988941,-0.03156858126841825,-69.8837054789303,451.1193556223923,-11.936974353077321,1.8491780270635605
2024-12-06,1,862.9,-0.07005466082698213,37.294917967186855,4755,-0.15491178688734025,0.03901191027988941,-0.03156858126841825,-69.8837054789303,451.1193556223923,-12.347656640218677,1.9127975540076074
2024-12-09,0,921.0,-0.007625801298167752,49.5740498034076,4755,-0.15491178688734025,0.03901191027988941,-0.03156858126841825,-69.8837054789303,451.1193556223923,-13.179037855651178,2.0415883036748252
2024-12-10,0,930.4,0.002777829671474649,46.562499999999986,4755,-0.15491178688734025,0.03901191027988941,-0.03156858126841825,-69.8837054789303,451.1193556223923,-13.31354703680549,2.062425361280192
2024-12-11,0,946.7,0.02026813426830677,46.85773480662984,4755,-0.15491178688734025,0.03901191027988941,-0.03156858126841825,-69.8837054789303,451.1193556223923,-13.54679168072201,2.098557705851202
2024-12-12,0,970.0,0.04502439108475677,55.80905580905581,4755,-0.15491178688734025,0.03901191027988941,-0.03156858126841825,-69.8837054789303,451.1193556223923,-13.88020273613642,2.1502070082134424
2024-12-13,0,982.4,0.057749869719325865,65.79654510556622,4755,-0.15491178688734025,0.03901191027988941,-0.03156858126841825,-69.8837054789303,451.1193556223923,-14.057640379361256,2.17769419058648
2024-12-16,0,988.2,0.06328797938700453,71.65386170642945,4755,-0.15491178688734025,0.03901191027988941,-0.03156858126841825,-69.8837054789303,451.1193556223923,-14.140635406030938,2.190551098470643
2024-12-17,0,998.5,0.0748332223395951,73.99368587213894,4755,-0.15491178688734025,0.03901191027988941,-0.03156858126841825,-69.8837054789303,451.1193556223923,-14.288023125806408,2.2133831935063113
2024-12-18,0,996.8,0.07309105054121055,73.67387033398823,4755,-0.15491178688734025,0.03901191027988941,-0.03156858126841825,-69.8837054789303,451.1193556223923,-14.263696997299776,2.209614789471298
2024-12-19,0,917.3,-0.010843732072688418,53.98869346733669,4755,-0.15491178688734025,0.03901191027988941,-0.03156858126841825,-69.8837054789303,451.1193556223923,-13.126092752430862,2.0333864831280315
2024-12-20,0,919.8,-0.006495189815081623,56.549935149156944,4755,-0.15491178688734025,0.03901191027988941,-0.03156858126841825,-69.8837054789303,451.1193556223923,-13.161866470822968,2.038928253767757
2024-12-23,0,906.5,-0.018585348249729298,53.65009439899308,4755,-0.15491178688734025,0.03901191027988941,-0.03156858126841825,-69.8837054789303,451.1193556223923,-12.971550288976974,2.009446033964418
2024-12-24,0,891.8,-0.032961853428333375,54.73515248796148,4755,-0.15491178688734025,0.03901191027988941,-0.03156858126841825,-69.8837054789303,451.1193556223923,-12.7612008248314,1.9768604226028326
2024-12-25,0,869.5,-0.05541835352737964,51.90258751902587,4755,-0.15491178688734025,0.03901191027988941,-0.03156858126841825,-69.8837054789303,451.1193556223923,-12.442099256773831,1.9274278284964825
2024-12-26,0,851.3,-0.07391425430135445,49.50638792102206,4755,-0.15491178688734025,0.03901191027988941,-0.03156858126841825,-69.8837054789303,451.1193556223923,-12.181666586879313,1.8870837382392818
2024-12-27,0,872.3,-0.04990908985291728,51.921481891069945,4755,-0.15491178688734025,0.03901191027988941,-0.03156858126841825,-69.8837054789303,451.1193556223923,-12.482165821372988,1.9336346116129748
2024-12-30,0,858.9,-0.06329612740365033,51.607584501236595,4755,-0.15491178688734025,0.03901191027988941,-0.03156858126841825,-69.8837054789303,451.1193556223923,-12.29041869079131,1.9039307209840468
2025-01-06,0,858.5,-0.0627742899937554,51.60758450123661,4755,-0.15491178688734025,0.03901191027988941,-0.03156858126841825,-69.8837054789303,451.1193556223923,-12.284694895848574,1.9030440376816908
2025-01-07,0,870.2,-0.04906151922858374,54.53799890650629,4755,-0.15491178688734025,0.03901191027988941,-0.03156858126841825,-69.8837054789303,451.1193556223923,-12.452115897923623,1.9289795242756056
2025-01-08,0,920.1,0.0058595885169556525,60.402034390893675,4755,-0.15491178688734025,0.03901191027988941,-0.03156858126841825,-69.8837054789303,451.1193556223923,-13.16615931703002,2.0395932662445238
2025-01-09,0,936.0,0.023344499741977342,59.13521619595101,4755,-0.15491178688734025,0.03901191027988941,-0.03156858126841825,-69.8837054789303,451.1193556223923,-13.393680166003803,2.074838927513177
2025-01-10,0,914.1,-0.00014000883805794916,49.05193734542457,4755,-0.15491178688734025,0.03901191027988941,-0.03156858126841825,-69.8837054789303,451.1193556223923,-13.08030239288897,2.0262930167091833
2025-01-14,0,901.7,-0.012819371234802252,46.08885254837832,4755,-0.15491178688734025,0.03901191027988941,-0.03156858126841825,-69.8837054789303,451.1193556223923,-12.902864749664134,1.9988058343361452
2025-01-15,0,893.6,-0.02058639138256335,42.59827153610259,4755,-0.15491178688734025,0.03901191027988941,-0.03156858126841825,-69.8837054789303,451.1193556223923,-12.786957902073716,1.9808504974634351
2025-01-16,0,899.5,-0.013237283797125885,39.67184295341342,4755,-0.15491178688734025,0.03901191027988941,-0.03156858126841825,-69.8837054789303,451.1193556223923,-12.871383877479083,1.993929076173187
2025-01-17,0,893.3,-0.01937609500990162,36.70546105640108,4755,-0.15491178688734025,0.03901191027988941,-0.03156858126841825,-69.8837054789303,451.1193556223923,-12.782665055866664,1.9801854849866678
2025-01-20,0,901.5,-0.00972371126772938,37.155555555555544,4755,-0.15491178688734025,0.03901191027988941,-0.03156858126841825,-69.8837054789303,451.1193556223923,-12.900002852192765,1.9983624926849672
2025-01-21,0,901.6,-0.0086831847042249,35.197066911090744,4755,-0.15491178688734025,0.03901191027988941,-0.03156858126841825,-69.8837054789303,451.1193556223923,-12.90143380092845,1.9985841635105563
2025-01-22,0,924.7,0.01672887523199943,39.661600229423584,4755,-0.15491178688734025,0.03901191027988941,-0.03156858126841825,-69.8837054789303,451.1193556223923,-13.231982958871493,2.0497901242216185
2025-01-23,0,916.0,0.007185173999668811,49.766102914717536,4755,-0.15491178688734025,0.03901191027988941,-0.03156858126841825,-69.8837054789303,451.1193556223923,-13.10749041886697,2.0305047623953745
2025-01-24,0,930.7,0.022891131939437735,51.87866253016202,4755,-0.15491178688734025,0.03901191027988941,-0.03156858126841825,-69.8837054789303,451.1193556223923,-13.317839883012542,2.0630903737569595
2025-01-27,0,947.1,0.040464332796250224,56.92360163710778,4755,-0.15491178688734025,0.03901191027988941,-0.03156858126841825,-69.8837054789303,451.1193556223923,-13.552515475664746,2.099444389153558
2025-01-28,0,979.0,0.074470264575041,64.04639175257734,4755,-0.15491178688734025,0.03901191027988941,-0.03156858126841825,-69.8837054789303,451.1193556223923,-14.008988122347995,2.1701573825164537
2025-01-29,0,996.8,0.09283386907920406,70.80745341614906,4755,-0.15491178688734025,0.03901191027988941,-0.03156858126841825,-69.8837054789303,451.1193556223923,-14.263696997299776,2.209614789471298
2025-01-30,0,1004.0,0.09927007299270069,75.89013224821974,4755,-0.15491178688734025,0.03901191027988941,-0.03156858126841825,-69.8837054789303,451.1193556223923,-14.366725306269037,2.225575088913707
2025-01-31,0,982.6,0.07487124735821903,68.67592279038267,4755,-0.15491178688734025,0.03901191027988941,-0.03156858126841825,-69.8837054789303,451.1193556223923,-14.060502276832626,2.178137532237658
2025-02-03,0,963.3,0.05350073273693646,67.33067729083665,4755,-0.15491178688734025,0.03901191027988941,-0.03156858126841825,-69.8837054789303,451.1193556223923,-13.78432917084558,2.135355062898978
2025-02-04,0,963.1,0.053057814853097386,67.37541528239203,4755,-0.15491178688734025,0.03901191027988941,-0.03156858126841825,-69.8837054789303,451.1193556223923,-13.781467273374213,2.1349117212478004
2025-02-05,0,964.5,0.05453938477731303,66.21947024423804,4755,-0.15491178688734025,0.03901191027988941,-0.03156858126841825,-69.8837054789303,451.1193556223923,-13.80150055567379,2.1380151128060465
2025-02-06,0,992.4,0.08444478117323434,63.45366579828804,4755,-0.15491178688734025,0.03901191027988941,-0.03156858126841825,-69.8837054789303,451.1193556223923,-14.200735252929674,2.1998612731453813
2025-02-07,0,990.0,0.08106927579278414,60.57993730407524,4755,-0.15491178688734025,0.03901191027988941,-0.03156858126841825,-69.8837054789303,451.1193556223923,-14.166392483273253,2.194541173331245
2025-02-10,0,977.5,0.06654824616915518,62.89666395443449,4755,-0.15491178688734025,0.03901191027988941,-0.03156858126841825,-69.8837054789303,451.1193556223923,-13.987523891312732,2.1668323201326185
2025-02-12,0,982.5,0.07152984287864361,66.94630872483219,4755,-0.15491178688734025,0.03901191027988941,-0.03156858126841825,-69.8837054789303,451.1193556223923,-14.059071328096941,2.1779158614120693
2025-02-13,0,1012.0,0.10249419338532545,72.78675904541954,4755,-0.15491178688734025,0.03901191027988941,-0.03156858126841825,-69.8837054789303,451.1193556223923,-14.48120120512377,2.2433087549608284
2025-02-14,0,1023.0,0.11264023109853026,73.31068327670818,4755,-0.13115879190707574,0.04671041694261393,0.02324246797058484,-75.39718566435131,574.8542249288878,-13.568145693847649,1.77958159762425
2025-02-17,0,998.4,0.08440958474411797,68.54924108718673,4755,-0.13115879190707574,0.04671041694261393,0.02324246797058484,-75.39718566435131,574.8542249288878,-13.24187356865835,1.7367881398514673
2025-02-18,0,943.7,0.02413709278332608,56.39781685870226,4755,-0.13115879190707574,0.04671041694261393,0.02324246797058484,-75.39718566435131,574.8542249288878,-12.516382298420359,1.6416335813079224
2025-02-19,0,1013.5,0.09820689416037824,64.00500625782229,4755,-0.13115879190707574,0.04671041694261393,0.02324246797058484,-75.39718566435131,574.8542249288878,-13.442146295908692,1.7630556688095573
2025-02-20,0,974.3,0.05490150787864781,55.967276227141475,4755,-0.13115879190707574,0.04671041694261393,0.02324246797058484,-75.39718566435131,574.8542249288878,-12.922232990728997,1.6948644678057738
2025-02-21,0,982.5,0.06286231074019209,58.01011804384486,4755,-0.13115879190707574,0.04671041694261393,0.02324246797058484,-75.39718566435131,574.8542249288878,-13.030990365792098,1.7091289537300347
2025-02-25,0,961.3,0.039349612717121354,53.629032258064505,4755,-0.13115879190707574,0.04671041694261393,0.02324246797058484,-75.39718566435131,574.8542249288878,-12.749812761970425,1.6722500389014578
2025-02-26,0,950.0,0.026445559488462878,50.34813925570228,4755,-0.13115879190707574,0.04671041694261393,0.02324246797058484,-75.39718566435131,574.8542249288878,-12.599939793895667,1.6525928814692448
2025-02-27,0,942.3,0.017746204648028056,45.32245730308436,4755,-0.13115879190707574,0.04671041694261393,0.02324246797058484,-75.39718566435131,574.8542249288878,-12.497813966092512,1.6391981812720728
2025-02-28,0,920.7,-0.005407048175157073,40.39383993940925,4755,-0.13115879190707574,0.04671041694261393,0.02324246797058484,-75.39718566435131,574.8542249288878,-12.211331124462886,1.601623437861825
2025-03-03,0,917.3,-0.008912905056744656,38.94978332908487,4755,-0.13115879190707574,0.04671041694261393,0.02324246797058484,-75.39718566435131,574.8542249288878,-12.166236603095257,1.595708894917619
2025-03-04,0,896.2,-0.03128873259735386,38.97959183673469,4755,-0.13115879190707574,0.04671041694261393,0.02324246797058484,-75.39718566435131,574.8542249288878,-11.886385308725576,1.5590039372344602
2025-03-05,0,907.1,-0.0192736000691946,42.674661105318044,4755,-0.13115879190707574,0.04671041694261393,0.02324246797058484,-75.39718566435131,574.8542249288878,-12.03095303899238,1.577965266085002
2025-03-06,0,930.5,0.00631148179230511,45.99311701081612,4755,-0.13115879190707574,0.04671041694261393,0.02324246797058484,-75.39718566435131,574.8542249288878,-12.341309450757809,1.6186712381127708
2025-03-07,0,910.0,-0.015079031790218224,43.60178445644517,4755,-0.13115879190707574,0.04671041694261393,0.02324246797058484,-75.39718566435131,574.8542249288878,-12.06941601310006,1.5830100233021187
2025-03-10,0,911.4,-0.013200634046202106,39.859789684526795,4755,-0.13115879190707574,0.04671041694261393,0.02324246797058484,-75.39718566435131,574.8542249288878,-12.087984345427905,1.585445423337968
2025-03-11,0,889.4,-0.03687190201375416,37.99522673031025,4755,-0.13115879190707574,0.04671041694261393,0.02324246797058484,-75.39718566435131,574.8542249288878,-11.796196265990321,1.5471748513460486
2025-03-12,0,898.0,-0.027796222623838816,40.42399421826065,4755,-0.13115879190707574,0.04671041694261393,0.02324246797058484,-75.39718566435131,574.8542249288878,-11.910258878861377,1.5621351658519809
2025-03-13,0,898.5,-0.027558112016069926,39.77106673161227,4755,-0.13115879190707574,0.04671041694261393,0.02324246797058484,-75.39718566435131,574.8542249288878,-11.916890426121324,1.5630049515790698
2025-03-14,0,898.3,-0.028083128483883512,35.09047993705744,4755,-0.13115879190707574,0.04671041694261393,0.02324246797058484,-75.39718566435131,574.8542249288878,-11.914237807217344,1.5626570372882342
2025-03-17,0,905.3,-0.020698776621675727,34.40233236151603,4755,-0.13115879190707574,0.04671041694261393,0.02324246797058484,-75.39718566435131,574.8542249288878,-12.007079468856576,1.5748340374674812
2025-03-18,0,908.3,-0.017862935490149535,37.33483272420578,4755,-0.13115879190707574,0.04671041694261393,0.02324246797058484,-75.39718566435131,574.8542249288878,-12.046868752416247,1.5800527518300156
2025-03-19,0,902.6,-0.02429778843714692,43.29964134333224,4755,-0.13115879190707574,0.04671041694261393,0.02324246797058484,-75.39718566435131,574.8542249288878,-11.971269113652873,1.5701371945412004
2025-03-21,0,901.0,-0.026570344067589107,26.41509433962264,4755,-0.13115879190707574,0.04671041694261393,0.02324246797058484,-75.39718566435131,574.8542249288878,-11.950048162421048,1.5673538802145153
2025-03-24,0,895.5,-0.03304874888421782,30.76171875,4755,-0.13115879190707574,0.04671041694261393,0.02324246797058484,-75.39718566435131,574.8542249288878,-11.877101142561653,1.5577862372165354
2025-03-25,0,905.9,-0.022539462402099253,31.497584541062793,4755,-0.13115879190707574,0.04671041694261393,0.02324246797058484,-75.39718566435131,574.8542249288878,-12.01503732556851,1.5758777803399882
2025-03-26,0,905.7,-0.02341980979491483,35.05376344086022,4755,-0.13115879190707574,0.04671041694261393,0.02324246797058484,-75.39718566435131,574.8542249288878,-12.012384706664532,1.5755298660491526
2025-03-27,0,902.7,-0.02743061541113593,36.691052335396726,4755,-0.13115879190707574,0.04671041694261393,0.02324246797058484,-75.39718566435131,574.8542249288878,-11.972595423104861,1.5703111516866182
2025-03-28,0,884.7,-0.04734249438979822,34.68085106382979,4755,-0.13115879190707574,0.04671041694261393,0.02324246797058484,-75.39718566435131,574.8542249288878,-11.733859721746839,1.5389988655114115
2025-03-31,0,851.3,-0.08349625776223671,32.63263263263261,4755,-0.13115879190707574,0.04671041694261393,0.02324246797058484,-75.39718566435131,574.8542249288878,-11.290872364782507,1.480897178941861
2025-04-01,0,845.0,-0.09041980624327234,32.1657622101628,4755,-0.13115879190707574,0.04671041694261393,0.02324246797058484,-75.39718566435131,574.8542249288878,-11.207314869307199,1.4699378787805388
2025-04-02,0,829.9,-0.10625053846816573,33.14692425012707,4755,-0.13115879190707574,0.04671041694261393,0.02324246797058484,-75.39718566435131,574.8542249288878,-11.007042142056857,1.4436703498224486
2025-04-03,0,821.8,-0.11371126845626012,28.00412583806083,4755,-0.13115879190707574,0.04671041694261393,0.02324246797058484,-75.39718566435131,574.8542249288878,-10.899611076445746,1.4295798210436055
2025-04-04,0,795.6,-0.1403008298755187,15.709201830198268,4755,-0.13115879190707574,0.04671041694261393,0.02324246797058484,-75.39718566435131,574.8542249288878,-10.552118000024624,1.384003048944138
2025-04-07,1,710.8,-0.2293135527185093,11.839080459770102,4755,-0.13115879190707574,0.04671041694261393,0.02324246797058484,-75.39718566435131,574.8542249288878,-9.427407584737937,1.2364873896298305
2025-04-08,1,762.6,-0.1706626723526673,26.107899807321786,4755,-0.13115879190707574,0.04671041694261393,0.02324246797058484,-75.39718566435131,574.8542249288878,-10.114435880868248,1.326597190956259
2025-04-09,1,723.8,-0.20989548235163993,24.77148080438758,4755,-0.13115879190707574,0.04671041694261393,0.02324246797058484,-75.39718566435131,574.8542249288878,-9.599827813496509,1.2591018185341465
2025-04-10,0,789.6,-0.13556909827391153,35.93668915412559,4755,-0.13115879190707574,0.04671041694261393,0.02324246797058484,-75.39718566435131,574.8542249288878,-10.472539432905283,1.3735656202190691
2025-04-11,1,774.4,-0.14942724000269478,34.49137715571108,4755,-0.13115879190707574,0.04671041694261393,0.02324246797058484,-75.39718566435131,574.8542249288878,-10.27094039620295,1.347124134115561
2025-04-14,1,771.5,-0.149807297000651,34.26017874875869,4755,-0.13115879190707574,0.04671041694261393,0.02324246797058484,-75.39718566435131,574.8542249288878,-10.23247742209527,1.3420793768984445
2025-04-15,1,771.4,-0.14809121188829105,33.08916393028544,4755,-0.13115879190707574,0.04671041694261393,0.02324246797058484,-75.39718566435131,574.8542249288878,-10.231151112643282,1.3419054197530267
2025-04-16,1,759.5,-0.15924867051698915,31.62055335968381,4755,-0.13115879190707574,0.04671041694261393,0.02324246797058484,-75.39718566435131,574.8542249288878,-10.073320287856589,1.3212045194483066
2025-04-17,1,782.1,-0.13263834978374184,35.71259188996919,4755,-0.13115879190707574,0.04671041694261393,0.02324246797058484,-75.39718566435131,574.8542249288878,-10.373066224006108,1.360518834312733
2025-04-18,1,784.0,-0.12914305010241475,36.13744075829385,4755,-0.13115879190707574,0.04671041694261393,0.02324246797058484,-75.39718566435131,574.8542249288878,-10.398266103593897,1.3638240200756715
2025-04-21,1,776.2,-0.13661414520128626,35.941550789535725,4755,-0.13115879190707574,0.04671041694261393,0.02324246797058484,-75.39718566435131,574.8542249288878,-10.294813966338754,1.350255362733082
2025-04-22,1,754.0,-0.16009570898764433,32.58426966292136,4755,-0.13115879190707574,0.04671041694261393,0.02324246797058484,-75.39718566435131,574.8542249288878,-10.000373267997192,1.3116368764503268
2025-04-23,1,770.2,-0.14074702128609037,35.01437735014379,4755,-0.13115879190707574,0.04671041694261393,0.02324246797058484,-75.39718566435131,574.8542249288878,-10.215235399219415,1.339817934008013
2025-04-24,1,786.0,-0.12216826671789216,37.44891374489137,4755,-0.13115879190707574,0.04671041694261393,0.02324246797058484,-75.39718566435131,574.8542249288878,-10.424792292633677,1.3673031629840278
2025-04-25,0,805.0,-0.10023159256400103,41.44666237389998,4755,-0.13115879190707574,0.04671041694261393,0.02324246797058484,-75.39718566435131,574.8542249288878,-10.67679108851159,1.4003550206134125
2025-04-28,0,824.8,-0.07747646714945296,47.070528410347116,4755,-0.13115879190707574,0.04671041694261393,0.02324246797058484,-75.39718566435131,574.8542249288878,-10.939400360005417,1.4347985354061399
2025-04-30,0,839.5,-0.05990479973004697,49.40308226611678,4755,-0.13115879190707574,0.04671041694261393,0.02324246797058484,-75.39718566435131,574.8542249288878,-11.134367849447802,1.460370235782559
2025-05-01,0,831.4,-0.06751906684611939,50.16530747189772,4755,-0.13115879190707574,0.04671041694261393,0.02324246797058484,-75.39718566435131,574.8542249288878,-11.026936783836693,1.4462797070037159
2025-05-02,0,831.1,-0.06669711171335738,51.04283471630411,4755,-0.13115879190707574,0.04671041694261393,0.02324246797058484,-75.39718566435131,574.8542249288878,-11.022957855480726,1.4457578355674625
2025-05-07,0,856.7,-0.03730035060381762,56.86054345385133,4755,-0.13115879190707574,0.04671041694261393,0.02324246797058484,-75.39718566435131,574.8542249288878,-11.362493075189914,1.490290864794423
2025-05-08,0,883.7,-0.006812313714089482,72.30967741935484,4755,-0.13115879190707574,0.04671041694261393,0.02324246797058484,-75.39718566435131,574.8542249288878,-11.720596627226948,1.5372592940572334
2025-05-09,0,893.5,0.004292173527300547,68.94356005788711,4755,-0.13115879190707574,0.04671041694261393,0.02324246797058484,-75.39718566435131,574.8542249288878,-11.850574953521871,1.5543070943081791
2025-05-12,0,884.2,-0.006025450784657472,75.37974683544304,4755,-0.13115879190707574,0.04671041694261393,0.02324246797058484,-75.39718566435131,574.8542249288878,-11.727228174486894,1.5381290797843223
2025-05-13,0,884.6,-0.005323830099205315,68.95450917797287,4755,-0.13115879190707574,0.04671041694261393,0.02324246797058484,-75.39718566435131,574.8542249288878,-11.732533412294849,1.5388249083659935
2025-05-14,0,884.0,-0.005736137667304041,73.22033898305087,4755,-0.06466487293837865,0.04530733638213234,-0.027446046233899173,-34.05396481110388,526.6223107490686,-25.958798187039783,1.678622386397942
2025-05-15,0,806.1,-0.0917374132224826,55.562700964630224,4755,-0.06466487293837865,0.04530733638213234,-0.027446046233899173,-34.05396481110388,526.6223107490686,-23.671252509697702,1.530698535831879
2025-05-16,0,784.5,-0.11432523888945773,51.96992481203007,4755,-0.06466487293837865,0.04530733638213234,-0.027446046233899173,-34.05396481110388,526.6223107490686,-23.0369651331818,1.4896824232230603
2025-05-19,0,808.0,-0.08610655756246821,57.04736995059576,4755,-0.06466487293837865,0.04530733638213234,-0.027446046233899173,-34.05396481110388,526.6223107490686,-23.727046306706047,1.5343064346261732
2025-05-20,0,803.0,-0.08978381515470284,53.200612557427256,4755,-0.06466487293837865,0.04530733638213234,-0.027446046233899173,-34.05396481110388,526.6223107490686,-23.58022052510514,1.5248119641148725
2025-05-21,0,821.2,-0.06692845390999244,55.42590431738624,4755,-0.06466487293837865,0.04530733638213234,-0.027446046233899173,-34.05396481110388,526.6223107490686,-24.114666370132433,1.5593718367760068
2025-05-22,0,800.2,-0.08807315472138474,53.37078651685393,4755,-0.06466487293837865,0.04530733638213234,-0.027446046233899173,-34.05396481110388,526.6223107490686,-23.497998087408636,1.5194950606285442
2025-05-23,0,802.0,-0.08320784280253372,57.151370679380214,4755,-0.06466487293837865,0.04530733638213234,-0.027446046233899173,-34.05396481110388,526.6223107490686,-23.550855368784962,1.5229130700126126
2025-05-26,0,813.6,-0.06754563708546114,56.55589123867069,4755,-0.06466487293837865,0.04530733638213234,-0.027446046233899173,-34.05396481110388,526.6223107490686,-23.89149118209906,1.5449402415988298
2025-05-27,0,795.1,-0.08639998774359596,51.36350014983518,4755,-0.06466487293837865,0.04530733638213234,-0.027446046233899173,-34.05396481110388,526.6223107490686,-23.348235790175714,1.5098107007070176
2025-05-28,0,794.7,-0.08449763146738425,48.365598222786424,4755,-0.06466487293837865,0.04530733638213234,-0.027446046233899173,-34.05396481110388,526.6223107490686,-23.336489727647642,1.5090511430661138
2025-05-29,0,804.0,-0.07149489322191274,46.585686145764946,4755,-0.06466487293837865,0.04530733638213234,-0.027446046233899173,-34.05396481110388,526.6223107490686,-23.609585681425322,1.5267108582171327
2025-05-30,0,798.6,-0.07497069466388058,43.074839146630545,4755,-0.06466487293837865,0.04530733638213234,-0.027446046233899173,-34.05396481110388,526.6223107490686,-23.451013837296347,1.5164568300649282
2025-06-02,0,820.7,-0.04687983895943017,48.270287746524424,4755,-0.06466487293837865,0.04530733638213234,-0.027446046233899173,-34.05396481110388,526.6223107490686,-24.099983791972342,1.5584223897248768
2025-06-03,0,816.0,-0.04996235553451256,47.59324195090851,4755,-0.06466487293837865,0.04530733638213234,-0.027446046233899173,-34.05396481110388,526.6223107490686,-23.961967557267492,1.549497587444254
2025-06-04,0,809.2,-0.055337986339835575,41.94642251610715,4755,-0.06466487293837865,0.04530733638213234,-0.027446046233899173,-34.05396481110388,526.6223107490686,-23.762284494290263,1.5365851075488854
2025-06-05,0,800.9,-0.06194511986582166,35.01086169442432,4755,-0.06466487293837865,0.04530733638213234,-0.027446046233899173,-34.05396481110388,526.6223107490686,-23.51855369683276,1.5208242865001262
2025-06-06,0,804.9,-0.054038172245204984,33.616863905325445,4755,-0.06466487293837865,0.04530733638213234,-0.027446046233899173,-34.05396481110388,526.6223107490686,-23.636014322113486,1.5284198629091668
2025-06-09,0,823.9,-0.02905336926376654,39.235987147447325,4755,-0.06466487293837865,0.04530733638213234,-0.027446046233899173,-34.05396481110388,526.6223107490686,-24.19395229219692,1.564498850852109
2025-06-10,0,818.6,-0.03339924806821536,38.421052631578945,4755,-0.06466487293837865,0.04530733638213234,-0.027446046233899173,-34.05396481110388,526.6223107490686,-24.038316963699963,1.5544347121101305
2025-06-11,0,831.9,-0.014878076507701886,41.249580114208925,4755,-0.06466487293837865,0.04530733638213234,-0.027446046233899173,-34.05396481110388,526.6223107490686,-24.428873542758364,1.5796900036701897
2025-06-12,0,820.6,-0.025895402264284714,53.1371700562527,4755,-0.06466487293837865,0.04530733638213234,-0.027446046233899173,-34.05396481110388,526.6223107490686,-24.097047276340323,1.5582325003146507
2025-06-13,0,803.9,-0.043014166104519656,54.288240495137046,4755,-0.06466487293837865,0.04530733638213234,-0.027446046233899173,-34.05396481110388,526.6223107490686,-23.606649165793304,1.5265209688069066
2025-06-16,0,808.4,-0.03531605610855116,50.09652509652509,4755,-0.06466487293837865,0.04530733638213234,-0.027446046233899173,-34.05396481110388,526.6223107490686,-23.73879236923412,1.535065992267077
2025-06-17,0,810.6,-0.030540486236688702,51.85909980430528,4755,-0.06466487293837865,0.04530733638213234,-0.027446046233899173,-34.05396481110388,526.6223107490686,-23.803395713138517,1.5392435592920495
2025-06-18,0,822.3,-0.014662039744241235,50.27791814047495,4755,-0.06466487293837865,0.04530733638213234,-0.027446046233899173,-34.05396481110388,526.6223107490686,-24.14696804208463,1.5614606202884926
2025-06-19,0,812.6,-0.024600645624906898,53.32261521972133,4755,-0.06466487293837865,0.04530733638213234,-0.027446046233899173,-34.05396481110388,526.6223107490686,-23.862126025778878,1.5430413474965696
2025-06-20,0,806.8,-0.029846917507327164,51.259181532004185,4755,-0.06466487293837865,0.04530733638213234,-0.027446046233899173,-34.05396481110388,526.6223107490686,-23.691808119121827,1.532027761703461
2025-06-23,0,791.5,-0.046644364823044,44.312918167781774,4755,-0.06466487293837865,0.04530733638213234,-0.027446046233899173,-34.05396481110388,526.6223107490686,-23.24252122742306,1.5029746819388812
2025-06-24,0,791.8,-0.044513737377637946,49.06303236797272,4755,-0.06466487293837865,0.04530733638213234,-0.027446046233899173,-34.05396481110388,526.6223107490686,-23.251330774319115,1.5035443501695591
2025-06-25,0,777.8,-0.05909620977146379,45.545598313125964,4755,-0.06466487293837865,0.04530733638213234,-0.027446046233899173,-34.05396481110388,526.6223107490686,-22.840218585836585,1.4769598327379176
2025-06-26,0,785.5,-0.047869555098716196,45.082402977139814,4755,-0.06466487293837865,0.04530733638213234,-0.027446046233899173,-34.05396481110388,526.6223107490686,-23.06633028950198,1.4915813173253205
2025-06-27,0,791.8,-0.03837434499018692,48.20105820105818,4755,-0.06466487293837865,0.04530733638213234,-0.027446046233899173,-34.05396481110388,526.6223107490686,-23.251330774319115,1.5035443501695591
2025-06-30,0,796.4,-0.03132895893405644,42.91545189504371,4755,-0.06466487293837865,0.04530733638213234,-0.027446046233899173,-34.05396481110388,526.6223107490686,-23.38641049339195,1.5122792630399557
2025-07-01,0,785.0,-0.043441951752105516,41.301907968574625,4755,-0.06466487293837865,0.04530733638213234,-0.027446046233899173,-34.05396481110388,526.6223107490686,-23.05164771134189,1.4906318702741905
2025-07-02,0,776.4,-0.052040887757278165,40.888888888888864,4755,-0.06466487293837865,0.04530733638213234,-0.027446046233899173,-34.05396481110388,526.6223107490686,-22.799107366988334,1.4743013809947534
2025-07-03,0,778.2,-0.047981783364270676,43.458213256484164,4755,-0.06466487293837865,0.04530733638213234,-0.027446046233899173,-34.05396481110388,526.6223107490686,-22.85196464836466,1.4777193903788217
2025-07-04,0,773.0,-0.052298105577015176,40.870062965083,4755,-0.06466487293837865,0.04530733638213234,-0.027446046233899173,-34.05396481110388,526.6223107490686,-22.69926583549972,1.4678451410470692
2025-07-07,0,772.0,-0.05141059667747964,33.43969368219528,4755,-0.06466487293837865,0.04530733638213234,-0.027446046233899173,-34.05396481110388,526.6223107490686,-22.669900679179538,1.465946246944809
2025-07-08,0,778.5,-0.041474934292501264,37.30208993033565,4755,-0.06466487293837865,0.04530733638213234,-0.027446046233899173,-34.05396481110388,526.6223107490686,-22.860774195260714,1.4782890586094997
2025-07-09,0,783.2,-0.03381960356009665,33.690555927662444,4755,-0.06466487293837865,0.04530733638213234,-0.027446046233899173,-34.05396481110388,526.6223107490686,-22.998790429965563,1.4872138608901224
2025-07-10,0,808.5,-0.0011793948518426065,46.295162278015916,4755,-0.06466487293837865,0.04530733638213234,-0.027446046233899173,-34.05396481110388,526.6223107490686,-23.741728884866138,1.5352558816773032
2025-07-11,0,800.4,-0.009464784270241541,48.86877828054299,4755,-0.06466487293837865,0.04530733638213234,-0.027446046233899173,-34.05396481110388,526.6223107490686,-23.50387111867267,1.5198748394489963
2025-07-14,0,790.3,-0.02009813484282887,44.35433562071116,4755,-0.06466487293837865,0.04530733638213234,-0.027446046233899173,-34.05396481110388,526.6223107490686,-23.207283039838845,1.500696009016169
2025-07-15,0,795.0,-0.012512317718468769,45.2088452088452,4755,-0.06466487293837865,0.04530733638213234,-0.027446046233899173,-34.05396481110388,526.6223107490686,-23.345299274543695,1.5096208112967917
2025-07-16,0,785.0,-0.02332085838276854,38.42333954065799,4755,-0.06466487293837865,0.04530733638213234,-0.027446046233899173,-34.05396481110388,526.6223107490686,-23.05164771134189,1.4906318702741905
2025-07-17,0,784.8,-0.022491335114748594,40.83113456464378,4755,-0.06466487293837865,0.04530733638213234,-0.027446046233899173,-34.05396481110388,526.6223107490686,-23.04577468007785,1.4902520914537385
2025-07-18,0,774.0,-0.0348052068975264,39.52745849297577,4755,-0.06466487293837865,0.04530733638213234,-0.027446046233899173,-34.05396481110388,526.6223107490686,-22.7286309918199,1.4697440351493292
2025-07-22,0,770.5,-0.03821988918828514,42.74861878453039,4755,-0.06466487293837865,0.04530733638213234,-0.027446046233899173,-34.05396481110388,526.6223107490686,-22.625852944699268,1.4630979057914189
2025-07-23,0,802.0,0.001430138801713565,52.89772727272727,4755,-0.06466487293837865,0.04530733638213234,-0.027446046233899173,-34.05396481110388,526.6223107490686,-23.550855368784962,1.5229130700126126
2025-07-24,0,797.1,-0.00471318025625305,55.781905332534464,4755,-0.06466487293837865,0.04530733638213234,-0.027446046233899173,-34.05396481110388,526.6223107490686,-23.406966102816078,1.513608488911538
2025-07-25,0,787.5,-0.017954085560412558,50.59241706161137,4755,-0.06466487293837865,0.04530733638213234,-0.027446046233899173,-34.05396481110388,526.6223107490686,-23.12506060214234,1.4953791055298409
2023-08-03,1,381.5,,,4689,0.011178024021548461,0.395063598482531,0.13796475449627546,4.8883789020833195,437.32048639900364,78.04223192220495,0.8723579431216629
2023-08-04,0,427.8,,,4689,0.011178024021548461,0.395063598482531,0.13796475449627546,4.8883789020833195,437.32048639900364,87.51367448576481,0.9782299556158517
2023-08-07,0,440.0,,,4689,0.011178024021548461,0.395063598482531,0.13796475449627546,4.8883789020833195,437.32048639900364,90.00938937292314,1.0061271165754435
2023-08-08,0,422.0,,,4689,0.011178024021548461,0.395063598482531,0.13796475449627546,4.8883789020833195,437.32048639900364,86.32718708039447,0.9649673708973572
2023-08-09,0,412.9,,,4689,0.011178024021548461,0.395063598482531,0.13796475449627546,4.8883789020833195,437.32048639900364,84.46562925472718,0.9441588328045468
2023-08-10,1,413.4,,,4689,0.011178024021548461,0.395063598482531,0.13796475449627546,4.8883789020833195,437.32048639900364,84.56791265174186,0.9453021590733826
2023-08-14,1,413.3,,,4689,0.011178024021548461,0.395063598482531,0.13796475449627546,4.8883789020833195,437.32048639900364,84.54745597233894,0.9450734938196155
2023-08-15,1,417.7,,,4689,0.011178024021548461,0.395063598482531,0.13796475449627546,4.8883789020833195,437.32048639900364,85.44754986606816,0.9551347649853699
2023-08-16,1,419.4,,,4689,0.011178024021548461,0.395063598482531,0.13796475449627546,4.8883789020833195,437.32048639900364,85.79531341591809,0.9590220742994113
2023-08-17,1,409.4,,,4689,0.011178024021548461,0.395063598482531,0.13796475449627546,4.8883789020833195,437.32048639900364,83.74964547562439,0.9361555489226967
2023-08-18,1,404.6,,,4689,0.011178024021548461,0.395063598482531,0.13796475449627546,4.8883789020833195,437.32048639900364,82.76772486428341,0.9251796167418738
2023-08-21,1,400.0,,,4689,0.011178024021548461,0.395063598482531,0.13796475449627546,4.8883789020833195,437.32048639900364,81.82671761174831,0.914661015068585
2023-08-22,1,402.0,,,4689,0.011178024021548461,0.395063598482531,0.13796475449627546,4.8883789020833195,437.32048639900364,82.23585119980704,0.9192343201439279
2023-08-23,1,410.5,,,4689,0.011178024021548461,0.395063598482531,0.13796475449627546,4.8883789020833195,437.32048639900364,83.97466894905669,0.9386708667141354
2023-08-24,1,417.0,,,4689,0.011178024021548461,0.395063598482531,0.13796475449627546,4.8883789020833195,437.32048639900364,85.3043531102476,0.9535341082089999
2023-08-25,1,413.2,,,4689,0.011178024021548461,0.395063598482531,0.13796475449627546,4.8883789020833195,437.32048639900364,84.526999292936,0.9448448285658483
2023-08-28,1,413.0,,,4689,0.011178024021548461,0.395063598482531,0.13796475449627546,4.8883789020833195,437.32048639900364,84.48608593413013,0.944387498058314
2023-08-29,1,417.5,,55.51282051282051,4689,0.011178024021548461,0.395063598482531,0.13796475449627546,4.8883789020833195,437.32048639900364,85.40663650726229,0.9546774344778356
2023-08-30,1,425.7,,57.73447015834348,4689,0.011178024021548461,0.395063598482531,0.13796475449627546,4.8883789020833195,437.32048639900364,87.08408421830313,0.9734279852867416
2023-08-31,0,437.8,,61.61383285302594,4689,0.011178024021548461,0.395063598482531,0.13796475449627546,4.8883789020833195,437.32048639900364,89.55934242605852,1.0010964809925664
2023-09-01,0,443.3,,68.95705521472394,4689,0.011178024021548461,0.395063598482531,0.13796475449627546,4.8883789020833195,437.32048639900364,90.68445979322006,1.0136730699497594
2023-09-04,0,444.7,,57.15495342929721,4689,0.011178024021548461,0.395063598482531,0.13796475449627546,4.8883789020833195,437.32048639900364,90.97085330486118,1.0168743835024994
2023-09-05,0,443.3,,51.53774464119292,4689,0.011178024021548461,0.395063598482531,0.13796475449627546,4.8883789020833195,437.32048639900364,90.68445979322006,1.0136730699497594
2023-09-06,0,444.0,,62.22222222222224,4689,0.011178024021548461,0.395063598482531,0.13796475449627546,4.8883789020833195,437.32048639900364,90.82765654904061,1.0152737267261294
2023-09-07,0,443.7,,68.96551724137935,4689,0.011178024021548461,0.395063598482531,0.13796475449627546,4.8883789020833195,437.32048639900364,90.7662865108318,1.014587730964828
2023-09-08,0,437.4,,63.793103448275886,4689,0.011178024021548461,0.395063598482531,0.13796475449627546,4.8883789020833195,437.32048639900364,89.47751570844676,1.0001818199774977
2023-09-11,1,429.5,,58.54430379746835,4689,0.011178024021548461,0.395063598482531,0.13796475449627546,4.8883789020833195,437.32048639900364,87.86143803561474,0.9821172649298932
2023-09-12,1,439.2,,60.73926073926075,4689,0.011178024021548461,0.395063598482531,0.13796475449627546,4.8883789020833195,437.32048639900364,89.84573593769963,1.0042977945453064
2023-09-13,1,438.9,,59.87841945288755,4689,0.011178024021548461,0.395063598482531,0.13796475449627546,4.8883789020833195,437.32048639900364,89.78436589949082,1.003611798784005
2023-09-14,1,441.8,,67.68558951965068,4689,0.011178024021548461,0.395063598482531,0.13796475449627546,4.8883789020833195,437.32048639900364,90.37760960217601,1.0102430911432523
2023-09-15,1,446.0,,72.74725274725273,4689,0.011178024021548461,0.395063598482531,0.13796475449627546,4.8883789020833195,437.32048639900364,91.23679013709936,1.0198470318014723
2023-09-19,1,440.7,,72.19193020719737,4689,0.011178024021548461,0.395063598482531,0.13796475449627546,4.8883789020833195,437.32048639900364,90.15258612874369,1.0077277733518135
2023-09-20,1,435.5,,67.65015806111697,4689,0.011178024021548461,0.395063598482531,0.13796475449627546,4.8883789020833195,437.32048639900364,89.08883879979096,0.9958371801559219
2023-09-21,1,424.7,,57.304526748971185,4689,0.011178024021548461,0.395063598482531,0.13796475449627546,4.8883789020833195,437.32048639900364,86.87951742427376,0.9711413327490701
2023-09-22,1,412.0,,47.582205029013544,4689,0.011178024021548461,0.395063598482531,0.13796475449627546,4.8883789020833195,437.32048639900364,84.28151914010076,0.9421008455206425
2023-09-25,1,417.2,,51.90839694656489,4689,0.011178024021548461,0.395063598482531,0.13796475449627546,4.8883789020833195,437.32048639900364,85.34526646905348,0.9539914387165341
2023-09-26,1,405.9,,46.93701466781707,4689,0.011178024021548461,0.395063598482531,0.13796475449627546,4.8883789020833195,437.32048639900364,83.03366169652159,0.9281522650408466
2023-09-27,1,410.3,,46.89119170984457,4689,0.011178024021548461,0.395063598482531,0.13796475449627546,4.8883789020833195,437.32048639900364,83.93375559025083,0.9382135362066011
2023-09-28,1,408.0,,41.94722474977253,4689,0.011178024021548461,0.395063598482531,0.13796475449627546,4.8883789020833195,437.32048639900364,83.46325196398327,0.9329542353699567
2023-09-29,1,415.5,,39.41120607787274,4689,0.011178024021548461,0.395063598482531,0.13796475449627546,4.8883789020833195,437.32048639900364,84.99750291920355,0.9501041294024927
2023-10-02,1,403.6,,32.22918531781559,4689,0.011178024021548461,0.395063598482531,0.13796475449627546,4.8883789020833195,437.32048639900364,82.56315807025405,0.9228929642042023
2023-10-03,1,408.9,,34.51557093425605,4689,0.011178024021548461,0.395063598482531,0.13796475449627546,4.8883789020833195,437.32048639900364,83.6473620786097,0.935012222653861
2023-10-04,1,400.9,,32.65139116202944,4689,0.011178024021548461,0.395063598482531,0.13796475449627546,4.8883789020833195,437.32048639900364,82.01082772637473,0.9167190023524893
2023-10-05,1,405.3,,34.63065925337571,4689,0.011178024021548461,0.395063598482531,0.13796475449627546,4.8883789020833195,437.32048639900364,82.91092162010398,0.9267802735182438
2023-10-06,1,402.9,,34.0625,4689,0.011178024021548461,0.395063598482531,0.13796475449627546,4.8883789020833195,437.32048639900364,82.41996131443348,0.9212923074278322
2023-10-10,1,407.1,,37.9666401906275,4689,0.011178024021548461,0.395063598482531,0.13796475449627546,4.8883789020833195,437.32048639900364,83.27914184935685,0.9308962480860524
2023-10-11,1,407.0,,40.474174428450475,4689,0.011178024021548461,0.395063598482531,0.13796475449627546,4.8883789020833195,437.32048639900364,83.2586851699539,0.9306675828322852
2023-10-12,1,414.1,,39.134199134199164,4689,0.011178024021548461,0.395063598482531,0.13796475449627546,4.8883789020833195,437.32048639900364,84.71110940756243,0.9469028158497527
2023-10-13,1,405.5,,36.51050080775447,4689,0.011178024021548461,0.395063598482531,0.13796475449627546,4.8883789020833195,437.32048639900364,82.95183497890984,0.927237604025778
2023-10-16,1,393.9,,31.92452830188681,4689,0.011178024021548461,0.395063598482531,0.13796475449627546,4.8883789020833195,437.32048639900364,80.57886016816914,0.900712434588789
2023-10-17,1,400.1,,32.936802973977734,4689,0.011178024021548461,0.395063598482531,0.13796475449627546,4.8883789020833195,437.32048639900364,81.84717429115125,0.9148896803223522
2023-10-18,1,400.8,,34.642032332563545,4689,0.011178024021548461,0.395063598482531,0.13796475449627546,4.8883789020833195,437.32048639900364,81.9903710469718,0.9164903370987222
2023-10-19,1,386.8,,32.4441240086518,4689,0.011178024021548461,0.395063598482531,0.13796475449627546,4.8883789020833195,437.32048639900364,79.12643593056062,0.8844772015713217
2023-10-20,1,382.3,,33.98791540785501,4689,0.011178024021548461,0.395063598482531,0.13796475449627546,4.8883789020833195,437.32048639900364,78.20588535742844,0.8741872651518001
2023-10-23,1,377.1,,36.0288230584468,4689,0.011178024021548461,0.395063598482531,0.13796475449627546,4.8883789020833195,437.32048639900364,77.14213802847571,0.8622966719559085
2023-10-24,1,382.0,,35.87479935794545,4689,0.011178024021548461,0.395063598482531,0.13796475449627546,4.8883789020833195,437.32048639900364,78.14451531921964,0.8735012693904987
2023-10-25,1,384.9,,40.96385542168676,4689,0.011178024021548461,0.395063598482531,0.13796475449627546,4.8883789020833195,437.32048639900364,78.73775902190481,0.8801325617497459
2023-10-26,1,376.7,,36.0,4689,0.011178024021548461,0.395063598482531,0.13796475449627546,4.8883789020833195,437.32048639900364,77.06031131086397,0.8613820109408399
2023-10-27,1,380.0,,38.42975206611572,4689,0.011178024021548461,0.395063598482531,0.13796475449627546,4.8883789020833195,437.32048639900364,77.73538173116089,0.8689279643151557
2023-10-30,1,376.1,,33.219761499148234,4689,0.011178024021548461,0.395063598482531,0.13796475449627546,4.8883789020833195,437.32048639900364,76.93757123444635,0.8600100194182371
2023-10-31,1,382.3,,40.4655326768129,4689,0.011178024021548461,0.395063598482531,0.13796475449627546,4.8883789020833195,437.32048639900364,78.20588535742844,0.8741872651518001
2023-11-01,1,387.2,,40.25157232704404,4689,0.011178024021548461,0.395063598482531,0.13796475449627546,4.8883789020833195,437.32048639900364,79.20826264817235,0.8853918625863902
2023-11-02,1,400.3,,49.742268041237125,4689,0.011178024021548461,0.395063598482531,0.13796475449627546,4.8883789020833195,437.32048639900364,81.88808764995711,0.9153470108298865
2023-11-06,1,410.0,,51.93097781429745,4689,0.011178024021548461,0.395063598482531,0.13796475449627546,4.8883789020833195,437.32048639900364,83.87238555204202,0.9375275404452996
2023-11-07,1,408.2,,52.188274153592076,4689,0.027528693588219074,0.3914107172744344,0.13320501629389342,12.276774718938134,445.9628525267901,33.249775233743705,0.9153228742868856
2023-11-08,1,431.6,,58.73129009265859,4689,0.027528693588219074,0.3914107172744344,0.13320501629389342,12.276774718938134,445.9628525267901,35.15581330446787,0.9677936123033314
2023-11-09,0,451.2,,63.82978723404255,4689,0.027528693588219074,0.3914107172744344,0.13320501629389342,12.276774718938134,445.9628525267901,36.75232382524537,1.0117434612401832
2023-11-10,0,443.0,,58.98073337476693,4689,0.027528693588219074,0.3914107172744344,0.13320501629389342,12.276774718938134,445.9628525267901,36.084395954307844,0.9933562795421126
2023-11-13,1,441.4,,61.663417803768674,4689,0.027528693588219074,0.3914107172744344,0.13320501629389342,12.276774718938134,445.9628525267901,35.95406856485662,0.9897685367717572
2023-11-14,1,429.8,,61.6634178037687,4689,0.027528693588219074,0.3914107172744344,0.13320501629389342,12.276774718938134,445.9628525267901,35.00919499133524,0.9637574016866817
2023-11-15,0,434.6,,61.31147540983608,4689,0.027528693588219074,0.3914107172744344,0.13320501629389342,12.276774718938134,445.9628525267901,35.400177159688916,0.9745206299977475
2023-11-16,0,428.6,,58.808618504436005,4689,0.027528693588219074,0.3914107172744344,0.13320501629389342,12.276774718938134,445.9628525267901,34.911449449246824,0.9610665946089153
2023-11-17,1,421.6,0.01724687056643477,61.53846153846155,4689,0.027528693588219074,0.3914107172744344,0.13320501629389342,12.276774718938134,445.9628525267901,34.34126712039772,0.945370219988611
2023-11-20,0,428.0,0.031769500764987885,64.96398166339227,4689,0.027528693588219074,0.3914107172744344,0.13320501629389342,12.276774718938134,445.9628525267901,34.862576678202615,0.959721191070032
2023-11-21,0,436.7,0.05141762009322392,69.07810499359795,4689,0.027528693588219074,0.3914107172744344,0.13320501629389342,12.276774718938134,445.9628525267901,35.571231858343644,0.9792295423838387
2023-11-22,0,436.0,0.04789891460745446,67.76315789473685,4689,0.027528693588219074,0.3914107172744344,0.13320501629389342,12.276774718938134,445.9628525267901,35.51421362545874,0.9776599049218083
2023-11-24,0,446.4,0.07225554783355051,69.27899686520378,4689,0.027528693588219074,0.3914107172744344,0.13320501629389342,12.276774718938134,445.9628525267901,36.361341656891696,1.0009802329291175
2023-11-27,0,438.4,0.053093462044756325,69.36597614563718,4689,0.027528693588219074,0.3914107172744344,0.13320501629389342,12.276774718938134,445.9628525267901,35.709704709635574,0.9830415190773412
2023-11-28,0,431.3,0.03572983772845453,65.72654812998164,4689,0.027528693588219074,0.3914107172744344,0.13320501629389342,12.276774718938134,445.9628525267901,35.13137691894576,0.9671209105338897
2023-11-29,0,431.6,0.0358300560314622,67.39811912225707,4689,0.027528693588219074,0.3914107172744344,0.13320501629389342,12.276774718938134,445.9628525267901,35.15581330446787,0.9677936123033314
2023-11-30,0,430.6,0.03286159750539709,65.651328580687,4689,0.027528693588219074,0.3914107172744344,0.13320501629389342,12.276774718938134,445.9628525267901,35.074358686060854,0.9655512730718594
2023-12-01,0,430.4,0.031817571584741355,64.43850267379679,4689,0.027528693588219074,0.3914107172744344,0.13320501629389342,12.276774718938134,445.9628525267901,35.058067762379444,0.9651028052255648
2023-12-04,0,435.0,0.042268999645389015,62.296243798724305,4689,0.027528693588219074,0.3914107172744344,0.13320501629389342,12.276774718938134,445.9628525267901,35.43275900705172,0.9754175656903362
2023-12-05,0,425.8,0.020017056179990597,55.618776671408256,4689,0.027528693588219074,0.3914107172744344,0.13320501629389342,12.276774718938134,445.9628525267901,34.68337651770718,0.9547880447607936
2023-12-06,0,436.2,0.0440368787717288,59.383378016085786,4689,0.027528693588219074,0.3914107172744344,0.13320501629389342,12.276774718938134,445.9628525267901,35.53050454914014,0.9781083727681027
2023-12-07,0,433.8,0.037325876872750345,50.858034321372855,4689,0.027528693588219074,0.3914107172744344,0.13320501629389342,12.276774718938134,445.9628525267901,35.3350134649633,0.9727267586125699
2023-12-08,0,453.0,0.08141056042371558,50.70422535211267,4689,0.027528693588219074,0.3914107172744344,0.13320501629389342,12.276774718938134,445.9628525267901,36.898942138378,1.015779671856833
2023-12-11,0,466.4,0.1111216992729108,58.79699248120301,4689,0.027528693588219074,0.3914107172744344,0.13320501629389342,12.276774718938134,445.9628525267901,37.990434025032,1.0458270175585582
2023-12-12,0,464.9,0.1056376660398717,58.841234010534244,4689,0.027528693588219074,0.3914107172744344,0.13320501629389342,12.276774718938134,445.9628525267901,37.86825209742148,1.04246350871135
2023-12-13,0,470.0,0.1158912409660293,65.90189873417722,4689,0.027528693588219074,0.3914107172744344,0.13320501629389342,12.276774718938134,445.9628525267901,38.283670651297264,1.0538994387918577
2023-12-14,0,474.0,0.12322629771342086,65.68471337579618,4689,0.027528693588219074,0.3914107172744344,0.13320501629389342,12.276774718938134,445.9628525267901,38.609489124925325,1.0628687957177456
2023-12-15,0,482.4,0.14063046788548297,71.015625,4689,0.027528693588219074,0.3914107172744344,0.13320501629389342,12.276774718938134,445.9628525267901,39.293707919544254,1.0817044452621107
2023-12-18,0,475.0,0.12110092897963304,70.79439252336451,4689,0.027528693588219074,0.3914107172744344,0.13320501629389342,12.276774718938134,445.9628525267901,38.69094374333234,1.0651111349492177
2023-12-19,0,480.2,0.13143352612051662,70.51886792452832,4689,0.027528693588219074,0.3914107172744344,0.13320501629389342,12.276774718938134,445.9628525267901,39.11450775904882,1.0767712989528724
2023-12-20,0,478.3,0.12552475856399703,67.27574750830567,4689,0.027528693588219074,0.3914107172744344,0.13320501629389342,12.276774718938134,445.9628525267901,38.95974398407549,1.0725108544130755
2023-12-21,0,477.2,0.12174313680627596,67.05298013245033,4689,0.027528693588219074,0.3914107172744344,0.13320501629389342,12.276774718938134,445.9628525267901,38.870143903827774,1.0700442812584563
2023-12-22,0,481.4,0.1303158184732517,65.27050610820245,4689,0.027528693588219074,0.3914107172744344,0.13320501629389342,12.276774718938134,445.9628525267901,39.21225330113724,1.0794621060306389
2023-12-25,0,473.2,0.1100233639744404,65.15679442508713,4689,0.027528693588219074,0.3914107172744344,0.13320501629389342,12.276774718938134,445.9628525267901,38.544325430199706,1.0610749243325681
2023-12-26,0,484.9,0.13601576849549554,72.44556113902848,4689,0.027528693588219074,0.3914107172744344,0.13320501629389342,12.276774718938134,445.9628525267901,39.49734446556179,1.087310293340791
2023-12-27,0,494.2,0.15598012705957195,74.37694704049844,4689,0.027528693588219074,0.3914107172744344,0.13320501629389342,12.276774718938134,445.9628525267901,40.254872416747034,1.108164048193481
2023-12-28,0,497.3,0.16106227197449857,75.55555555555556,4689,0.027528693588219074,0.3914107172744344,0.13320501629389342,12.276774718938134,445.9628525267901,40.507381733808785,1.1151152998110443
2023-12-29,0,499.7,0.16412166317738205,76.11152976639039,4689,0.027528693588219074,0.3914107172744344,0.13320501629389342,12.276774718938134,445.9628525267901,40.70287281798562,1.120496913966577
2024-01-04,0,495.1,0.15140605959125197,72.64506405425776,4689,0.027528693588219074,0.3914107172744344,0.13320501629389342,12.276774718938134,445.9628525267901,40.32818157331335,1.1101821535018057
2024-01-05,0,483.3,0.12241864613040784,71.24907612712494,4689,0.027528693588219074,0.3914107172744344,0.13320501629389342,12.276774718938134,445.9628525267901,39.367017076110564,1.0837225505704358
2024-01-09,0,481.0,0.11572279971422657,67.61006289308179,4689,0.027528693588219074,0.3914107172744344,0.13320501629389342,12.276774718938134,445.9628525267901,39.17967145377443,1.0785651703380499
2024-01-10,0,480.3,0.11291847402958506,68.52589641434264,4689,0.027528693588219074,0.3914107172744344,0.13320501629389342,12.276774718938134,445.9628525267901,39.12265322088952,1.0769955328760197
2024-01-11,0,485.9,0.12432434100108598,64.70062555853443,4689,0.027528693588219074,0.3914107172744344,0.13320501629389342,12.276774718938134,445.9628525267901,39.5787990839688,1.0895526325722629
2024-01-12,0,475.0,0.09776502744027385,53.930530164533835,4689,0.027528693588219074,0.3914107172744344,0.13320501629389342,12.276774718938134,445.9628525267901,38.69094374333234,1.0651111349492177
2024-01-15,0,485.1,0.11902425821294445,58.55932203389833,4689,0.027528693588219074,0.3914107172744344,0.13320501629389342,12.276774718938134,445.9628525267901,39.5136353892432,1.0877587611870854
2024-01-16,0,480.0,0.10494863523497039,54.23728813559322,4689,0.027528693588219074,0.3914107172744344,0.13320501629389342,12.276774718938134,445.9628525267901,39.09821683536742,1.076322831106578
2024-01-17,0,479.0,0.10055908707972731,52.17391304347826,4689,0.027528693588219074,0.3914107172744344,0.13320501629389342,12.276774718938134,445.9628525267901,39.0167622169604,1.074080491875106
2024-01-18,0,476.8,0.09313003234148695,47.426470588235304,4689,0.027528693588219074,0.3914107172744344,0.13320501629389342,12.276774718938134,445.9628525267901,38.83756205646497,1.0691473455658675
2024-01-19,0,480.2,0.09857762946378175,52.48091603053435,4689,0.027528693588219074,0.3914107172744344,0.13320501629389342,12.276774718938134,445.9628525267901,39.11450775904882,1.0767712989528724
2024-01-22,0,480.0,0.09571362915572218,49.899799599198396,4689,0.027528693588219074,0.3914107172744344,0.13320501629389342,12.276774718938134,445.9628525267901,39.09821683536742,1.076322831106578
2024-01-23,0,483.3,0.10097469557848454,52.4703557312253,4689,0.027528693588219074,0.3914107172744344,0.13320501629389342,12.276774718938134,445.9628525267901,39.367017076110564,1.0837225505704358
2024-01-24,0,480.3,0.09159752483348395,51.50339476236664,4689,0.027528693588219074,0.3914107172744344,0.13320501629389342,12.276774718938134,445.9628525267901,39.12265322088952,1.0769955328760197
2024-01-25,0,472.2,0.07113368074983902,45.700934579439256,4689,0.027528693588219074,0.3914107172744344,0.13320501629389342,12.276774718938134,445.9628525267901,38.46287081179269,1.058832585101096
2024-01-26,0,467.9,0.05923314448190613,47.42967992240542,4689,0.027528693588219074,0.3914107172744344,0.13320501629389342,12.276774718938134,445.9628525267901,38.11261595264253,1.0491905264057662
2024-01-29,0,471.2,0.064586094710206,42.76663146779303,4689,0.027528693588219074,0.3914107172744344,0.13320501629389342,12.276774718938134,445.9628525267901,38.381416193385675,1.056590245869624
2024-01-30,0,464.4,0.04728256784184012,33.839479392624725,4689,0.027528693588219074,0.3914107172744344,0.13320501629389342,12.276774718938134,445.9628525267901,37.82752478821797,1.041342339095614
2024-01-31,0,462.0,0.04015321621978595,30.710382513661173,4689,0.027528693588219074,0.3914107172744344,0.13320501629389342,12.276774718938134,445.9628525267901,37.632033704041135,1.0359607249400813
2024-02-01,0,460.6,0.035335371336090694,28.39779005524862,4689,0.027528693588219074,0.3914107172744344,0.13320501629389342,12.276774718938134,445.9628525267901,37.51799723827132,1.0328214500160204
2024-02-02,0,463.0,0.039207060323388575,31.823329558323877,4689,0.027528693588219074,0.3914107172744344,0.13320501629389342,12.276774718938134,445.9628525267901,37.71348832244815,1.0382030641715534
2024-02-05,0,465.1,0.04206186798906639,38.42239185750636,4689,0.027528693588219074,0.3914107172744344,0.13320501629389342,12.276774718938134,445.9628525267901,37.884543021102886,1.0429119765576447
2024-02-06,0,467.0,0.04403891783614924,41.04859335038362,4689,0.03571866128529773,0.3815930957746215,0.1293991862433548,16.035174692575744,448.9298903029166,29.123474421280868,1.0402515183047638
2024-02-07,0,433.3,-0.03225950543167528,28.866906474820127,4689,0.03571866128529773,0.3815930957746215,0.1293991862433548,16.035174692575744,448.9298903029166,27.02184468252891,0.9651841175191738
2024-02-08,0,438.2,-0.02240453087910714,28.416289592760165,4689,0.03571866128529773,0.3815930957746215,0.1293991862433548,16.035174692575744,448.9298903029166,27.327422893801447,0.9760989621437847
2024-02-09,0,438.1,-0.02411678225099865,31.494483450351055,4689,0.03571866128529773,0.3815930957746215,0.1293991862433548,16.035174692575744,448.9298903029166,27.32118660377548,0.9758762102126702
2024-02-13,0,443.7,-0.013441681069879606,28.256302521008365,4689,0.03571866128529773,0.3815930957746215,0.1293991862433548,16.035174692575744,448.9298903029166,27.67041884522981,0.9883503183550828
2024-02-14,0,434.3,-0.03597716355758382,27.03517587939696,4689,0.03571866128529773,0.3815930957746215,0.1293991862433548,16.035174692575744,448.9298903029166,27.08420758278861,0.9674116368303188
2024-02-15,0,417.6,-0.07402206145395097,23.3506944444444,4689,0.03571866128529773,0.3815930957746215,0.1293991862433548,16.035174692575744,448.9298903029166,26.04274714845159,0.9302120643341956
2024-02-16,0,423.7,-0.06157253599114067,27.707808564231684,4689,0.03571866128529773,0.3815930957746215,0.1293991862433548,16.035174692575744,448.9298903029166,26.42316084003577,0.9437999321321807
2024-02-19,0,423.2,-0.06396531894187388,25.473321858863983,4689,0.03571866128529773,0.3815930957746215,0.1293991862433548,16.035174692575744,448.9298903029166,26.391979389905917,0.9426861724766081
2024-02-20,0,422.7,-0.0662470509576841,25.407725321888364,4689,0.03571866128529773,0.3815930957746215,0.1293991862433548,16.035174692575744,448.9298903029166,26.360797939776067,0.9415724128210355
2024-02-21,0,423.2,-0.0664376389754932,23.570800351802944,4689,0.03571866128529773,0.3815930957746215,0.1293991862433548,16.035174692575744,448.9298903029166,26.391979389905917,0.9426861724766081
2024-02-22,0,419.8,-0.07495820638553545,23.488168273444302,4689,0.03571866128529773,0.3815930957746215,0.1293991862433548,16.035174692575744,448.9298903029166,26.17994552902293,0.9351126068187148
2024-02-26,0,420.8,-0.07366913316446468,25.98130841121491,4689,0.03571866128529773,0.3815930957746215,0.1293991862433548,16.035174692575744,448.9298903029166,26.242308429282634,0.93734012612986
2024-02-27,0,414.9,-0.08704836509263743,25.598526703499033,4689,0.03571866128529773,0.3815930957746215,0.1293991862433548,16.035174692575744,448.9298903029166,25.87436731775039,0.9241977621941038
2024-02-28,0,414.8,-0.08739692513486645,23.244781783681162,4689,0.03571866128529773,0.3815930957746215,0.1293991862433548,16.035174692575744,448.9298903029166,25.86813102772442,0.9239750102629893
2024-02-29,0,412.9,-0.09170235232005632,24.378109452736254,4689,0.03571866128529773,0.3815930957746215,0.1293991862433548,16.035174692575744,448.9298903029166,25.749641517230984,0.9197427235718135
2024-03-01,0,402.0,-0.11491175538098426,22.477064220183422,4689,0.03571866128529773,0.3815930957746215,0.1293991862433548,16.035174692575744,448.9298903029166,25.069885904400234,0.8954627630803319
2024-03-04,0,391.7,-0.13608038841461095,20.78032230703981,4689,0.03571866128529773,0.3815930957746215,0.1293991862433548,16.035174692575744,448.9298903029166,24.4275480317253,0.8725193141755373
2024-03-05,0,390.3,-0.13783201088589264,18.905047048759585,4689,0.03571866128529773,0.3815930957746215,0.1293991862433548,16.035174692575744,448.9298903029166,24.340239971361722,0.8694007871399342
2024-03-06,0,388.5,-0.14046897723551818,17.15265866209255,4689,0.03571866128529773,0.3815930957746215,0.1293991862433548,16.035174692575744,448.9298903029166,24.227986750894257,0.865391252379873
2024-03-07,0,386.1,-0.14467621309325476,15.45687446626809,4689,0.03571866128529773,0.3815930957746215,0.1293991862433548,16.035174692575744,448.9298903029166,24.078315790270974,0.8600452060331248
2024-03-08,0,386.7,-0.14213330099356059,22.261904761904674,4689,0.03571866128529773,0.3815930957746215,0.1293991862433548,16.035174692575744,448.9298903029166,24.11573353042679,0.8613817176198119
2024-03-11,1,377.6,-0.1610554349210674,15.646258503401285,4689,0.03571866128529773,0.3815930957746215,0.1293991862433548,16.035174692575744,448.9298903029166,23.548231138063503,0.8411112918883914
2024-03-12,0,388.4,-0.1362106542915178,24.87360970677443,4689,0.03571866128529773,0.3815930957746215,0.1293991862433548,16.035174692575744,448.9298903029166,24.221750460868286,0.8651685004487585
2024-03-13,0,393.0,-0.12507235406741174,24.10623084780383,4689,0.03571866128529773,0.3815930957746215,0.1293991862433548,16.035174692575744,448.9298903029166,24.508619802062917,0.875415089280026
2024-03-14,0,396.3,-0.11666631994079896,29.302832244008684,4689,0.03571866128529773,0.3815930957746215,0.1293991862433548,16.035174692575744,448.9298903029166,24.714417372919932,0.8827659030068049
2024-03-15,0,399.2,-0.1092281464864494,38.205128205128155,4689,0.03571866128529773,0.3815930957746215,0.1293991862433548,16.035174692575744,448.9298903029166,24.89526978367307,0.8892257090091256
2024-03-18,0,394.0,-0.11945862349481061,30.739299610894918,4689,0.03571866128529773,0.3815930957746215,0.1293991862433548,16.035174692575744,448.9298903029166,24.570982702322617,0.877642608591171
2024-03-19,0,395.6,-0.11475380488780011,32.35294117647058,4689,0.03571866128529773,0.3815930957746215,0.1293991862433548,16.035174692575744,448.9298903029166,24.67076334273814,0.8812066394890034
2024-03-21,0,398.5,-0.10739084857227327,34.98759305210916,4689,0.03571866128529773,0.3815930957746215,0.1293991862433548,16.035174692575744,448.9298903029166,24.851615753491277,0.887666445491324
2024-03-22,0,398.1,-0.10739376618096372,34.409937888198755,4689,0.03571866128529773,0.3815930957746215,0.1293991862433548,16.035174692575744,448.9298903029166,24.826670593387398,0.8867754377668661
2024-03-25,1,391.3,-0.12160847637718683,33.015494636471956,4689,0.03571866128529773,0.3815930957746215,0.1293991862433548,16.035174692575744,448.9298903029166,24.402602871621422,0.8716283064510794
2024-03-26,1,391.0,-0.12124562870267983,32.09134615384612,4689,0.03571866128529773,0.3815930957746215,0.1293991862433548,16.035174692575744,448.9298903029166,24.38389400154351,0.8709600506577357
2024-03-27,1,392.0,-0.11786150425616819,35.37675606641123,4689,0.03571866128529773,0.3815930957746215,0.1293991862433548,16.035174692575744,448.9298903029166,24.446256901803213,0.8731875699688809
2024-03-28,1,382.5,-0.13812010286977824,31.584948688711492,4689,0.03571866128529773,0.3815930957746215,0.1293991862433548,16.035174692575744,448.9298903029166,23.853809349336043,0.8520261365130024
2024-03-29,1,387.6,-0.1253512736113032,36.08360836083609,4689,0.03571866128529773,0.3815930957746215,0.1293991862433548,16.035174692575744,448.9298903029166,24.171860140660527,0.8633864849998425
2024-04-01,1,389.3,-0.12033731324397358,42.227662178702566,4689,0.03571866128529773,0.3815930957746215,0.1293991862433548,16.035174692575744,448.9298903029166,24.27787707110202,0.8671732678287891
2024-04-02,1,379.0,-0.14169764204639831,42.227662178702566,4689,0.03571866128529773,0.3815930957746215,0.1293991862433548,16.035174692575744,448.9298903029166,23.635539198427086,0.8442298189239945
2024-04-03,0,379.0,-0.13942652655289245,42.963885429638836,4689,0.03571866128529773,0.3815930957746215,0.1293991862433548,16.035174692575744,448.9298903029166,23.635539198427086,0.8442298189239945
2024-04-04,1,375.7,-0.1446096214151925,42.176039119804386,4689,0.03571866128529773,0.3815930957746215,0.1293991862433548,16.035174692575744,448.9298903029166,23.42974162757007,0.8368790051972157
2024-04-05,1,373.1,-0.1480230908349113,42.0731707317073,4689,0.03571866128529773,0.3815930957746215,0.1293991862433548,16.035174692575744,448.9298903029166,23.267598086894846,0.8310874549882384
2024-04-08,1,375.4,-0.14018982703019647,43.249701314217425,4689,0.03571866128529773,0.3815930957746215,0.1293991862433548,16.035174692575744,448.9298903029166,23.41103275749216,0.8362107494038721
2024-04-09,1,373.2,-0.14236864360039722,47.135416666666636,4689,0.03571866128529773,0.3815930957746215,0.1293991862433548,16.035174692575744,448.9298903029166,23.273834376920814,0.8313102069193529
2024-04-10,1,367.7,-0.1522206270693011,35.52447552447552,4689,0.03571866128529773,0.3815930957746215,0.1293991862433548,16.035174692575744,448.9298903029166,22.930838425492453,0.8190588507080548
2024-04-11,1,362.6,-0.16094596053869759,28.88888888888887,4689,0.03571866128529773,0.3815930957746215,0.1293991862433548,16.035174692575744,448.9298903029166,22.612787634167972,0.8076985022212149
2024-04-12,1,363.0,-0.15702156910100876,25.904486251808905,4689,0.03571866128529773,0.3815930957746215,0.1293991862433548,16.035174692575744,448.9298903029166,22.63773279427185,0.8085895099456729
2024-04-15,1,357.6,-0.16647501600541997,20.94972067039103,4689,0.03571866128529773,0.3815930957746215,0.1293991862433548,16.035174692575744,448.9298903029166,22.300973132869462,0.7965609056654893
2024-04-16,1,358.8,-0.16047919136457223,23.964497041420074,4689,0.03571866128529773,0.3815930957746215,0.1293991862433548,16.035174692575744,448.9298903029166,22.375808613181107,0.7992339288388635
2024-04-17,1,339.7,-0.2018452091915854,17.15628672150403,4689,0.03571866128529773,0.3815930957746215,0.1293991862433548,16.035174692575744,448.9298903029166,21.184677218220795,0.7566883099959919
2024-04-18,1,349.0,-0.1764879847473305,22.950819672131104,4689,0.03571866128529773,0.3815930957746215,0.1293991862433548,16.035174692575744,448.9298903029166,21.764652190636024,0.7774042395896414
2024-04-19,1,347.5,-0.17622534997582012,22.67818574514034,4689,0.03571866128529773,0.3815930957746215,0.1293991862433548,16.035174692575744,448.9298903029166,21.67110784024647,0.7740629606229238
2024-04-22,1,355.2,-0.15417293734402687,30.695187165775366,4689,0.03571866128529773,0.3815930957746215,0.1293991862433548,16.035174692575744,448.9298903029166,22.151302172246176,0.791214859318741
2024-04-23,1,356.8,-0.14649043629137967,31.96202531645568,4689,0.03571866128529773,0.3815930957746215,0.1293991862433548,16.035174692575744,448.9298903029166,22.2510828126617,0.7947788902165732
2024-04-24,1,376.3,-0.09642025862758975,43.07149161518094,4689,0.03571866128529773,0.3815930957746215,0.1293991862433548,16.035174692575744,448.9298903029166,23.46715936772589,0.8382155167839028
2024-04-25,1,374.0,-0.09878938981134021,45.99434495758718,4689,0.03571866128529773,0.3815930957746215,0.1293991862433548,16.035174692575744,448.9298903029166,23.323724697128576,0.833092222368269
2024-04-26,0,378.8,-0.08421602315731118,45.841209829867665,4689,0.03571866128529773,0.3815930957746215,0.1293991862433548,16.035174692575744,448.9298903029166,23.623066618375148,0.8437843150617655
2024-04-30,0,383.1,-0.07090934959612478,47.140221402214024,4689,0.03571866128529773,0.3815930957746215,0.1293991862433548,16.035174692575744,448.9298903029166,23.891227089491867,0.8533626480996895
2024-05-01,0,380.3,-0.07453974393084956,50.64420218037662,4689,0.03571866128529773,0.3815930957746215,0.1293991862433548,16.035174692575744,448.9298903029166,23.7166109687647,0.8471255940284832
2024-05-02,0,373.9,-0.08711957211730974,47.62348555452002,4689,0.03571866128529773,0.3815930957746215,0.1293991862433548,16.035174692575744,448.9298903029166,23.317488407102605,0.8328694704371544
2024-05-07,0,377.0,-0.07630036653969534,50.606909430438854,4689,0.03571866128529773,0.3815930957746215,0.1293991862433548,16.035174692575744,448.9298903029166,23.510813397907683,0.8397747803017043
2024-05-08,0,367.6,-0.09601222367221658,47.585601404741,4689,0.032840003655368384,0.3811363130501664,0.11472708706795696,14.822309475992993,451.3492029885927,24.80045370766173,0.8144469904144057
2024-05-09,0,362.6,-0.10489174439960759,44.51114922813038,4689,0.032840003655368384,0.3811363130501664,0.11472708706795696,14.822309475992993,451.3492029885927,24.46312435908091,0.8033690933739486
2024-05-10,0,375.0,-0.07116908850726555,50.70977917981074,4689,0.032840003655368384,0.3811363130501664,0.11472708706795696,14.822309475992993,451.3492029885927,25.29970114356134,0.8308422780342821
2024-05-13,0,373.0,-0.07284043907095127,52.149229521492295,4689,0.032840003655368384,0.3811363130501664,0.11472708706795696,14.822309475992993,451.3492029885927,25.16476940412901,0.8264111192180993
2024-05-14,0,386.0,-0.037528092876045534,58.91768292682926,4689,0.032840003655368384,0.3811363130501664,0.11472708706795696,14.822309475992993,451.3492029885927,26.041825710439138,0.8552136515232878
2024-05-15,0,385.0,-0.036873968079251536,58.34597875569043,4689,0.032840003655368384,0.3811363130501664,0.11472708706795696,14.822309475992993,451.3492029885927,25.974359840722975,0.8529980721151964
2024-05-16,0,390.6,-0.019932554498373983,62.49999999999999,4689,0.032840003655368384,0.3811363130501664,0.11472708706795696,14.822309475992993,451.3492029885927,26.35216871113349,0.8654053168005084
2024-05-17,0,393.1,-0.011042644330916966,62.865716429107266,4689,0.032840003655368384,0.3811363130501664,0.11472708706795696,14.822309475992993,451.3492029885927,26.520833385423902,0.8709442653207369
2024-05-20,0,390.4,-0.015275339508041346,71.68520102651836,4689,0.032840003655368384,0.3811363130501664,0.11472708706795696,14.822309475992993,451.3492029885927,26.338675537190255,0.86496220091889
2024-05-21,0,387.6,-0.019581391270328416,67.481884057971,4689,0.032840003655368384,0.3811363130501664,0.11472708706795696,14.822309475992993,451.3492029885927,26.149771101985003,0.858758578576234
2024-05-22,0,383.2,-0.028049267147794578,65.75463371579875,4689,0.032840003655368384,0.3811363130501664,0.11472708706795696,14.822309475992993,451.3492029885927,25.85292127523388,0.8490100291806317
2024-05-23,0,383.0,-0.025954208827279373,63.13799621928165,4689,0.032840003655368384,0.3811363130501664,0.11472708706795696,14.822309475992993,451.3492029885927,25.839428101290647,0.8485669132990136
2024-05-24,0,381.0,-0.028418132114733378,61.39359698681731,4689,0.032840003655368384,0.3811363130501664,0.11472708706795696,14.822309475992993,451.3492029885927,25.70449636185832,0.8441357544828306
2024-05-27,1,371.1,-0.0506976728322004,47.30848861283645,4689,0.032840003655368384,0.3811363130501664,0.11472708706795696,14.822309475992993,451.3492029885927,25.0365842516683,0.8222015183427257
2024-05-28,1,373.5,-0.041563880344746215,49.74146845915202,4689,0.032840003655368384,0.3811363130501664,0.11472708706795696,14.822309475992993,451.3492029885927,25.198502338987094,0.8275189089221451
2024-05-29,1,358.8,-0.07586429525637806,40.61913696060037,4689,0.032840003655368384,0.3811363130501664,0.11472708706795696,14.822309475992993,451.3492029885927,24.20675405415949,0.7949498916232012
2024-05-30,1,355.1,-0.08293131411216587,36.79245283018869,4689,0.032840003655368384,0.3811363130501664,0.11472708706795696,14.822309475992993,451.3492029885927,23.957130336209687,0.7867522478132629
2024-05-31,1,372.9,-0.03479134168058639,46.94214876033056,4689,0.032840003655368384,0.3811363130501664,0.11472708706795696,14.822309475992993,451.3492029885927,25.158022817157395,0.8261895612772902
2024-06-03,1,375.0,-0.027237354085603113,50.471293916024,4689,0.032840003655368384,0.3811363130501664,0.11472708706795696,14.822309475992993,451.3492029885927,25.29970114356134,0.8308422780342821
2024-06-04,1,378.2,-0.016708843207265945,50.513698630136986,4689,0.032840003655368384,0.3811363130501664,0.11472708706795696,14.822309475992993,451.3492029885927,25.515591926653062,0.8379321321401747
2024-06-05,1,380.6,-0.00862353394713345,55.919854280510016,4689,0.032840003655368384,0.3811363130501664,0.11472708706795696,14.822309475992993,451.3492029885927,25.677510013971858,0.8432495227195942
2024-06-06,1,375.9,-0.019445874316559853,56.073059360730575,4689,0.032840003655368384,0.3811363130501664,0.11472708706795696,14.822309475992993,451.3492029885927,25.360420426305886,0.8328362995015643
2024-06-07,1,377.7,-0.013171645950616075,51.36501516683517,4689,0.032840003655368384,0.3811363130501664,0.11472708706795696,14.822309475992993,451.3492029885927,25.48185899179498,0.836824342436129
2024-06-10,1,377.8,-0.01134674566123059,52.47422680412371,4689,0.032840003655368384,0.3811363130501664,0.11472708706795696,14.822309475992993,451.3492029885927,25.4886055787666,0.8370459003769382
2024-06-11,1,376.5,-0.013157894736842058,44.4314185228605,4689,0.032840003655368384,0.3811363130501664,0.11472708706795696,14.822309475992993,451.3492029885927,25.400899948135585,0.8341656471464193
2024-06-12,1,368.7,-0.03175825907316312,41.15092290988056,4689,0.032840003655368384,0.3811363130501664,0.11472708706795696,14.822309475992993,451.3492029885927,24.874666164349506,0.8168841277633062
2024-06-13,1,366.5,-0.03573608548315809,36.41488162344982,4689,0.032840003655368384,0.3811363130501664,0.11472708706795696,14.822309475992993,451.3492029885927,24.72624125097395,0.8120098530655051
2024-06-14,1,364.7,-0.03857982924488837,33.86363636363636,4689,0.032840003655368384,0.3811363130501664,0.11472708706795696,14.822309475992993,451.3492029885927,24.604802685484852,0.8080218101309405
2024-06-17,1,364.6,-0.03714110662751137,34.894613583138195,4689,0.032840003655368384,0.3811363130501664,0.11472708706795696,14.822309475992993,451.3492029885927,24.59805609851324,0.8078002521901314
2024-06-18,1,392.9,0.03839607581956387,52.38954012623984,4689,0.032840003655368384,0.3811363130501664,0.11472708706795696,14.822309475992993,451.3492029885927,26.507340211480667,0.8705011494391185
2024-06-19,1,391.0,0.03417266187050364,53.597785977859786,4689,0.032840003655368384,0.3811363130501664,0.11472708706795696,14.822309475992993,451.3492029885927,26.379155059019958,0.8662915485637449
2024-06-20,1,396.8,0.04970582840695853,56.05263157894738,4689,0.032840003655368384,0.3811363130501664,0.11472708706795696,14.822309475992993,451.3492029885927,26.770457103373705,0.8791419091306751
2024-06-21,1,395.2,0.045344092430425066,56.25,4689,0.032840003655368384,0.3811363130501664,0.11472708706795696,14.822309475992993,451.3492029885927,26.662511711827843,0.8755969820777288
2024-06-24,1,392.2,0.03733927677192282,59.887535145267094,4689,0.032840003655368384,0.3811363130501664,0.11472708706795696,14.822309475992993,451.3492029885927,26.460114102679352,0.8689502438534545
2024-06-25,1,391.3,0.034856659261610086,58.46007604562738,4689,0.032840003655368384,0.3811363130501664,0.11472708706795696,14.822309475992993,451.3492029885927,26.399394819934805,0.8669562223861723
2024-06-26,1,390.1,0.031537566547967445,67.06652126499456,4689,0.032840003655368384,0.3811363130501664,0.11472708706795696,14.822309475992993,451.3492029885927,26.31843577627541,0.8642975270964627
2024-06-27,1,390.0,0.031153164141957193,69.80703745743472,4689,0.032840003655368384,0.3811363130501664,0.11472708706795696,14.822309475992993,451.3492029885927,26.31168918930379,0.8640759691556534
2024-06-28,1,388.9,0.027835334912043257,61.204481792717075,4689,0.032840003655368384,0.3811363130501664,0.11472708706795696,14.822309475992993,451.3492029885927,26.23747673261601,0.8616388318067528
2024-07-01,1,377.8,-0.001128071350512946,51.74129353233831,4689,0.032840003655368384,0.3811363130501664,0.11472708706795696,14.822309475992993,451.3492029885927,25.4886055787666,0.8370459003769382
2024-07-02,1,382.6,0.011933729713717594,52.68292682926831,4689,0.032840003655368384,0.3811363130501664,0.11472708706795696,14.822309475992993,451.3492029885927,25.812441753404183,0.847680681535777
2024-07-03,1,388.0,0.026516581241203215,54.35294117647057,4689,0.032840003655368384,0.3811363130501664,0.11472708706795696,14.822309475992993,451.3492029885927,26.176757449871467,0.8596448103394706
2024-07-04,1,387.5,0.025617046505226507,57.17821782178219,4689,0.032840003655368384,0.3811363130501664,0.11472708706795696,14.822309475992993,451.3492029885927,26.143024515013384,0.8585370206354249
2024-07-05,1,399.5,0.05717289826794776,61.97802197802199,4689,0.032840003655368384,0.3811363130501664,0.11472708706795696,14.822309475992993,451.3492029885927,26.952614951607348,0.8851239735325219
2024-07-08,1,400.0,0.05833171643765548,62.144420131291035,4689,0.032840003655368384,0.3811363130501664,0.11472708706795696,14.822309475992993,451.3492029885927,26.986347886465428,0.8862317632365676
2024-07-09,1,401.4,0.061927236555270895,63.606557377049185,4689,0.032840003655368384,0.3811363130501664,0.11472708706795696,14.822309475992993,451.3492029885927,27.080800104068057,0.8893335744078956
2024-07-10,1,404.5,0.06988693671136045,70.62211981566823,4689,0.032840003655368384,0.3811363130501664,0.11472708706795696,14.822309475992993,451.3492029885927,27.289944300188164,0.8962018705729791
2024-07-11,1,404.0,0.06808608139309444,72.03290246768509,4689,0.032840003655368384,0.3811363130501664,0.11472708706795696,14.822309475992993,451.3492029885927,27.25621136533008,0.8950940808689333
2024-07-12,1,410.9,0.08556663989516855,75.609756097561,4689,0.032840003655368384,0.3811363130501664,0.11472708706795696,14.822309475992993,451.3492029885927,27.72172586637161,0.9103815787847641
2024-07-16,1,403.5,0.06558473797442955,69.94871794871796,4689,0.032840003655368384,0.3811363130501664,0.11472708706795696,14.822309475992993,451.3492029885927,27.222478430472,0.8939862911648876
2024-07-17,1,404.6,0.06765885581591737,58.32147937411099,4689,0.032840003655368384,0.3811363130501664,0.11472708706795696,14.822309475992993,451.3492029885927,27.296690887159784,0.8964234285137882
2024-07-18,1,397.3,0.04803792949419135,54.16116248348746,4689,0.032840003655368384,0.3811363130501664,0.11472708706795696,14.822309475992993,451.3492029885927,26.804190038231788,0.8802496988347208
2024-07-19,1,393.6,0.0381206920804615,47.82608695652175,4689,0.032840003655368384,0.3811363130501664,0.11472708706795696,14.822309475992993,451.3492029885927,26.55456632028198,0.8720520550247826
2024-07-22,1,390.5,0.029528078038491928,46.87083888149135,4689,0.032840003655368384,0.3811363130501664,0.11472708706795696,14.822309475992993,451.3492029885927,26.345422124161875,0.8651837588596991
2024-07-23,1,390.0,0.027812428624136923,48.48484848484849,4689,0.032840003655368384,0.3811363130501664,0.11472708706795696,14.822309475992993,451.3492029885927,26.31168918930379,0.8640759691556534
2024-07-24,1,380.0,0.0013069690965050113,43.08445532435739,4689,0.032840003655368384,0.3811363130501664,0.11472708706795696,14.822309475992993,451.3492029885927,25.637030492142156,0.8419201750747393
2024-07-25,1,368.1,-0.029879330095790958,38.095238095238095,4689,0.032840003655368384,0.3811363130501664,0.11472708706795696,14.822309475992993,451.3492029885927,24.83418664251981,0.8155547801184514
2024-07-26,1,363.8,-0.04082091808396199,36.43892339544514,4689,0.032840003655368384,0.3811363130501664,0.11472708706795696,14.822309475992993,451.3492029885927,24.54408340274031,0.8060277886636583
2024-07-29,1,369.7,-0.02514529211361791,40.53254437869822,4689,0.032840003655368384,0.3811363130501664,0.11472708706795696,14.822309475992993,451.3492029885927,24.942132034065672,0.8190997071713976
2024-07-30,1,366.6,-0.03328223447344718,44.00428265524626,4689,0.032840003655368384,0.3811363130501664,0.11472708706795696,14.822309475992993,451.3492029885927,24.732987837945565,0.8122314110063142
2024-07-31,1,373.0,-0.01676507802614934,44.947368421052616,4689,0.032840003655368384,0.3811363130501664,0.11472708706795696,14.822309475992993,451.3492029885927,25.16476940412901,0.8264111192180993
2024-08-01,1,367.1,-0.0324570127318921,39.05759162303665,4689,0.032840003655368384,0.3811363130501664,0.11472708706795696,14.822309475992993,451.3492029885927,24.766720772803648,0.81333920071036
2024-08-02,1,350.6,-0.07571768526948132,33.45291479820628,4689,0.01487523188871882,0.38625288495483645,0.23063152552987032,6.746674683074944,453.55089141108,51.966341415502555,0.7730113789639331
2024-08-05,1,338.8,-0.10619752296062833,22.731356693620825,4689,0.01487523188871882,0.38625288495483645,0.23063152552987032,6.746674683074944,453.55089141108,50.21733163597337,0.7469944529177995
2024-08-06,1,371.8,-0.02024510561747216,40.19471488178025,4689,0.01487523188871882,0.38625288495483645,0.23063152552987032,6.746674683074944,453.55089141108,55.1086301719448,0.8197536528773255
2024-08-07,1,375.0,-0.012714482293802178,40.934065934065934,4689,0.01487523188871882,0.38625288495483645,0.23063152552987032,6.746674683074944,453.55089141108,55.582937908766276,0.8268090904491583
2024-08-08,1,381.3,0.002682234143262961,42.20430107526882,4689,0.01487523188871882,0.38625288495483645,0.23063152552987032,6.746674683074944,453.55089141108,56.51673126563355,0.8406994831687041
2024-08-09,1,378.4,-0.005752482115456115,41.534391534391524,4689,0.01487523188871882,0.38625288495483645,0.23063152552987032,6.746674683074944,453.55089141108,56.086889879139086,0.8343054928692306
2024-08-13,1,381.2,0.0007490741583416212,39.90482664853841,4689,0.01487523188871882,0.38625288495483645,0.23063152552987032,6.746674683074944,453.55089141108,56.50190914885788,0.8404790007445844
2024-08-14,1,385.3,0.011194082078271238,43.67176634214187,4689,0.01487523188871882,0.38625288495483645,0.23063152552987032,6.746674683074944,453.55089141108,57.10961593666039,0.8495187801334951
2024-08-15,1,376.2,-0.012764260071798901,40.64558629776021,4689,0.01487523188871882,0.38625288495483645,0.23063152552987032,6.746674683074944,453.55089141108,55.76080331007433,0.8294548795385955
2024-08-16,1,382.7,0.0041562149056980115,45.16556291390727,4689,0.01487523188871882,0.38625288495483645,0.23063152552987032,6.746674683074944,453.55089141108,56.724240900492944,0.843786237106381
2024-08-19,1,375.8,-0.013696616788678725,44.22827496757458,4689,0.01487523188871882,0.38625288495483645,0.23063152552987032,6.746674683074944,453.55089141108,55.70151484297165,0.8285729498421165
2024-08-20,1,380.5,-0.0013682523463253834,46.790757381258025,4689,0.01487523188871882,0.38625288495483645,0.23063152552987032,6.746674683074944,453.55089141108,56.39815433142818,0.8389356237757459
2024-08-21,1,378.7,-0.006259315498891041,46.40356460852959,4689,0.01487523188871882,0.38625288495483645,0.23063152552987032,6.746674683074944,453.55089141108,56.1313562294661,0.8349669401415899
2024-08-22,1,388.0,0.017752969320518664,52.55754475703325,4689,0.01487523188871882,0.38625288495483645,0.23063152552987032,6.746674683074944,453.55089141108,57.509813089603504,0.8554718055847291
2024-08-23,1,381.8,0.000992777890416918,54.54545454545455,4689,0.01487523188871882,0.38625288495483645,0.23063152552987032,6.746674683074944,453.55089141108,56.590841849511904,0.841801895289303
2024-08-26,1,405.0,0.060246430939997875,62.14622641509434,4689,0.01487523188871882,0.38625288495483645,0.23063152552987032,6.746674683074944,453.55089141108,60.02957294146758,0.892953817685091
2024-08-27,1,406.8,0.06377785835820485,61.20845921450152,4689,0.01487523188871882,0.38625288495483645,0.23063152552987032,6.746674683074944,453.55089141108,60.29637104342966,0.8969225013192469
2024-08-28,1,403.2,0.05325485005746924,61.02409638554216,4689,0.01487523188871882,0.38625288495483645,0.23063152552987032,6.746674683074944,453.55089141108,59.7627748395055,0.8889851340509349
2024-08-29,1,400.7,0.04618860462930397,58.544108574953725,4689,0.01487523188871882,0.38625288495483645,0.23063152552987032,6.746674683074944,453.55089141108,59.39222192011373,0.8834730734479406
2024-08-30,1,399.7,0.04304393814978217,60.36895674300253,4689,0.01487523188871882,0.38625288495483645,0.23063152552987032,6.746674683074944,453.55089141108,59.24400075235702,0.8812682492067428
2024-09-02,1,405.7,0.05814539827163488,68.7798227675528,4689,0.01487523188871882,0.38625288495483645,0.23063152552987032,6.746674683074944,453.55089141108,60.13332775889727,0.8944971946539293
2024-09-03,1,412.8,0.0759264922572217,76.056338028169,4689,0.01487523188871882,0.38625288495483645,0.23063152552987032,6.746674683074944,453.55089141108,61.18569804996992,0.9101514467664334
2024-09-04,1,399.1,0.0399042520297805,61.124694376528105,4689,0.01487523188871882,0.38625288495483645,0.23063152552987032,6.746674683074944,453.55089141108,59.15506805170299,0.8799453546620243
2024-09-05,1,399.1,0.03948894615112154,60.0836820083682,4689,0.01487523188871882,0.38625288495483645,0.23063152552987032,6.746674683074944,453.55089141108,59.15506805170299,0.8799453546620243
2024-09-06,1,395.3,0.02915907315803173,55.98290598290598,4689,0.01487523188871882,0.38625288495483645,0.23063152552987032,6.746674683074944,453.55089141108,58.59182761422749,0.8715670225454727
2024-09-09,1,397.1,0.033339578649346356,58.067299396031075,4689,0.01487523188871882,0.38625288495483645,0.23063152552987032,6.746674683074944,453.55089141108,58.85862571618957,0.8755357061796287
2024-09-10,1,398.3,0.035840479352541234,57.480314960629926,4689,0.01487523188871882,0.38625288495483645,0.23063152552987032,6.746674683074944,453.55089141108,59.036491117497626,0.878181495269066
2024-09-11,1,398.7,0.035889352709888626,56.05786618444846,4689,0.01487523188871882,0.38625288495483645,0.23063152552987032,6.746674683074944,453.55089141108,59.0957795846003,0.879063424965545
2024-09-12,1,416.2,0.0797600763770702,66.80672268907563,4689,0.01487523188871882,0.38625288495483645,0.23063152552987032,6.746674683074944,453.55089141108,61.68965002034273,0.9176478491865058
2024-09-13,1,412.1,0.06715580492015538,62.607204116638094,4689,0.01487523188871882,0.38625288495483645,0.23063152552987032,6.746674683074944,453.55089141108,61.081943232540226,0.908608069797595
2024-09-17,1,406.0,0.04951505166578191,63.03972366148532,4689,0.01487523188871882,0.38625288495483645,0.23063152552987032,6.746674683074944,453.55089141108,60.17779410922429,0.8951586419262887
2024-09-18,1,401.8,0.037624430571958904,59.23677363399827,4689,0.01487523188871882,0.38625288495483645,0.23063152552987032,6.746674683074944,453.55089141108,59.55526520464611,0.8858983801132582
2024-09-19,1,402.9,0.039466532737992804,60.55846422338569,4689,0.01487523188871882,0.38625288495483645,0.23063152552987032,6.746674683074944,453.55089141108,59.71830848917848,0.8883236867785756
2024-09-20,1,409.4,0.05510387816393709,59.57066189624329,4689,0.01487523188871882,0.38625288495483645,0.23063152552987032,6.746674683074944,453.55089141108,60.6817460795971,0.902655044346361
2024-09-24,1,405.3,0.043651570241123934,60.71103008204194,4689,0.01487523188871882,0.38625288495483645,0.23063152552987032,6.746674683074944,453.55089141108,60.07403929179459,0.8936152649574503
2024-09-25,1,408.9,0.05172999166640952,52.16426193118756,4689,0.01487523188871882,0.38625288495483645,0.23063152552987032,6.746674683074944,453.55089141108,60.607635495718746,0.9015526322257621
2024-09-26,1,420.8,0.08074049215470074,56.98602794411178,4689,0.01487523188871882,0.38625288495483645,0.23063152552987032,6.746674683074944,453.55089141108,62.3714673920236,0.9277900406960156
2024-09-27,0,423.5,0.08597540336229273,60.22155085599196,4689,0.01487523188871882,0.38625288495483645,0.23063152552987032,6.746674683074944,453.55089141108,62.77166454496672,0.9337430661472494
2024-09-30,1,419.3,0.07363429347881754,59.20792079207923,4689,0.01487523188871882,0.38625288495483645,0.23063152552987032,6.746674683074944,453.55089141108,62.149135640388536,0.9244828043342189
2024-10-01,1,420.4,0.07455422869294948,60.23738872403561,4689,0.01487523188871882,0.38625288495483645,0.23063152552987032,6.746674683074944,453.55089141108,62.312178924920914,0.9269081109995363
2024-10-02,1,419.6,0.07057202633056087,57.24713242961421,4689,0.01487523188871882,0.38625288495483645,0.23063152552987032,6.746674683074944,453.55089141108,62.19360199071555,0.9251442516065782
2024-10-03,0,425.1,0.08238077940242873,56.521739130434796,4689,0.01487523188871882,0.38625288495483645,0.23063152552987032,6.746674683074944,453.55089141108,63.008818413377455,0.9372707849331658
2024-10-04,0,433.8,0.10194376987715538,69.42889137737966,4689,0.01487523188871882,0.38625288495483645,0.23063152552987032,6.746674683074944,453.55089141108,64.29834257286083,0.9564527558315863
2024-10-07,0,430.9,0.09317020204241076,67.24511930585683,4689,0.01487523188871882,0.38625288495483645,0.23063152552987032,6.746674683074944,453.55089141108,63.868501186366366,0.9500587655321128
2024-10-08,1,423.5,0.0732169646839395,64.71816283924846,4689,0.01487523188871882,0.38625288495483645,0.23063152552987032,6.746674683074944,453.55089141108,62.77166454496672,0.9337430661472494
2024-10-09,0,424.8,0.07549386300112074,64.53305351521513,4689,0.01487523188871882,0.38625288495483645,0.23063152552987032,6.746674683074944,453.55089141108,62.96435206305044,0.9366093376608066
2024-10-10,1,424.8,0.07442029865242193,64.08076514346443,4689,0.01487523188871882,0.38625288495483645,0.23063152552987032,6.746674683074944,453.55089141108,62.96435206305044,0.9366093376608066
2024-10-11,1,420.1,0.06153410756339886,60.87398373983744,4689,0.01487523188871882,0.38625288495483645,0.23063152552987032,6.746674683074944,453.55089141108,62.26771257459391,0.9262466637271771
2024-10-15,1,426.7,0.07692695976982475,56.000000000000014,4689,0.01487523188871882,0.38625288495483645,0.23063152552987032,6.746674683074944,453.55089141108,63.245972281788184,0.9407985037190822
2024-10-16,1,424.7,0.07063268248905082,57.377049180327866,4689,0.01487523188871882,0.38625288495483645,0.23063152552987032,6.746674683074944,453.55089141108,62.949529946274765,0.9363888552366867
2024-10-17,1,417.1,0.05051682103014964,56.38665132336022,4689,0.01487523188871882,0.38625288495483645,0.23063152552987032,6.746674683074944,453.55089141108,61.82304907132377,0.9196321910035838
2024-10-18,1,417.1,0.04952292125181167,59.250302297460735,4689,0.01487523188871882,0.38625288495483645,0.23063152552987032,6.746674683074944,453.55089141108,61.82304907132377,0.9196321910035838
2024-10-21,1,427.9,0.07489156465091354,63.52813852813856,4689,0.01487523188871882,0.38625288495483645,0.23063152552987032,6.746674683074944,453.55089141108,63.42383768309624,0.9434442928085195
2024-10-22,1,422.7,0.06040486209134149,57.299670691547774,4689,0.01487523188871882,0.38625288495483645,0.23063152552987032,6.746674683074944,453.55089141108,62.65308761076135,0.9319792067542912
2024-10-23,1,418.5,0.048798580550738394,57.23684210526317,4689,0.01487523188871882,0.38625288495483645,0.23063152552987032,6.746674683074944,453.55089141108,62.030558706183164,0.9227189449412606
2024-10-24,1,412.3,0.03240528981466948,51.8123667377399,4689,0.01487523188871882,0.38625288495483645,0.23063152552987032,6.746674683074944,453.55089141108,61.111587466091564,0.9090490346458345
2024-10-25,1,409.6,0.025298711701488594,43.380614657210394,4689,0.01487523188871882,0.38625288495483645,0.23063152552987032,6.746674683074944,453.55089141108,60.71139031314845,0.9030960091946006
2024-10-28,1,415.5,0.0395296472354266,45.44419134396354,4689,0.01487523188871882,0.38625288495483645,0.23063152552987032,6.746674683074944,453.55089141108,61.585895202913036,0.9161044722176673
2024-10-29,1,415.7,0.0395341393314172,47.85202863961812,4689,0.01487523188871882,0.38625288495483645,0.23063152552987032,6.746674683074944,453.55089141108,61.615539436464374,0.9165454370659069
2024-10-30,1,417.9,0.04456894138349354,48.52767962308598,4689,0.01487523188871882,0.38625288495483645,0.23063152552987032,6.746674683074944,453.55089141108,61.94162600552914,0.9213960503965419
2024-10-31,1,419.4,0.047780524040159124,49.88317757009343,4689,0.01487523188871882,0.38625288495483645,0.23063152552987032,6.746674683074944,453.55089141108,62.1639577571642,0.9247032867583386
2024-11-01,1,414.1,0.03442935271351395,43.55971896955502,4689,0.01487523188871882,0.38625288495483645,0.23063152552987032,6.746674683074944,453.55089141108,61.378385568053645,0.9130177182799906
2024-11-05,1,423.6,0.05745259437023815,44.08352668213456,4689,0.026224405702562452,0.37448732066915963,0.1865992717982304,12.204037130225874,465.3694451132362,34.709825566727034,0.9102445475270242
2024-11-06,1,421.1,0.05063472209285321,44.2890442890443,4689,0.026224405702562452,0.37448732066915963,0.1865992717982304,12.204037130225874,465.3694451132362,34.504975321408764,0.9048724715855285
2024-11-07,1,417.3,0.04046156301113019,46.2287104622871,4689,0.026224405702562452,0.37448732066915963,0.1865992717982304,12.204037130225874,465.3694451132362,34.193602948525,0.8967069161544551
2024-11-08,1,412.1,0.026864769144387377,42.62485481997676,4689,0.026224405702562452,0.37448732066915963,0.1865992717982304,12.204037130225874,465.3694451132362,33.76751443826301,0.8855329981961442
2024-11-11,1,405.0,0.00868716252565303,39.37768240343344,4689,0.026224405702562452,0.37448732066915963,0.1865992717982304,12.204037130225874,465.3694451132362,33.185739741559125,0.8702763025222965
2024-11-12,1,413.0,0.027826814085292192,46.32124352331604,4689,0.026224405702562452,0.37448732066915963,0.1865992717982304,12.204037130225874,465.3694451132362,33.84126052657758,0.8874669455350825
2024-11-13,1,413.0,0.02670255291785716,42.38042269187986,4689,0.026224405702562452,0.37448732066915963,0.1865992717982304,12.204037130225874,465.3694451132362,33.84126052657758,0.8874669455350825
2024-11-14,1,418.6,0.03888497314683387,46.73796791443851,4689,0.026224405702562452,0.37448732066915963,0.1865992717982304,12.204037130225874,465.3694451132362,34.300125076090495,0.8995003956440328
2024-11-15,1,407.7,0.010365519201157773,45.144628099173524,4689,0.026224405702562452,0.37448732066915963,0.1865992717982304,12.204037130225874,465.3694451132362,33.406978006502854,0.8760781445391117
2024-11-18,1,406.4,0.005923994653553531,44.54638124362892,4689,0.026224405702562452,0.37448732066915963,0.1865992717982304,12.204037130225874,465.3694451132362,33.300455878937356,0.873284665049534
2024-11-19,1,410.5,0.014602364851504622,40.48140043763678,4689,0.026224405702562452,0.37448732066915963,0.1865992717982304,12.204037130225874,465.3694451132362,33.636410281259316,0.8820948695935868
2024-11-20,1,414.1,0.02211581181813703,45.21158129175949,4689,0.026224405702562452,0.37448732066915963,0.1865992717982304,12.204037130225874,465.3694451132362,33.931394634517616,0.8898306589493407
2024-11-21,1,418.4,0.03098880302791349,49.94438264738597,4689,0.026224405702562452,0.37448732066915963,0.1865992717982304,12.204037130225874,465.3694451132362,34.283737056465036,0.8990706295687131
2024-11-22,1,415.0,0.020451654361139937,51.5499425947187,4689,0.026224405702562452,0.37448732066915963,0.1865992717982304,12.204037130225874,465.3694451132362,34.005140722832195,0.891764606288279
2024-11-25,1,414.9,0.01766670046079926,53.136094674556176,4689,0.026224405702562452,0.37448732066915963,0.1865992717982304,12.204037130225874,465.3694451132362,33.99694671301946,0.8915497232506192
2024-11-26,1,412.3,0.009951727426529609,48.029556650246306,4689,0.026224405702562452,0.37448732066915963,0.1865992717982304,12.204037130225874,465.3694451132362,33.783902457888466,0.8859627642714638
2024-11-27,1,411.1,0.0058263385735582976,47.201946472019486,4689,0.026224405702562452,0.37448732066915963,0.1865992717982304,12.204037130225874,465.3694451132362,33.6855743401357,0.8833841678195459
2024-11-28,1,412.9,0.009190008310113875,46.94376528117358,4689,0.026224405702562452,0.37448732066915963,0.1865992717982304,12.204037130225874,465.3694451132362,33.833066516764845,0.8872520624974227
2024-11-29,1,411.9,0.005647970311533577,45.38745387453875,4689,0.026224405702562452,0.37448732066915963,0.1865992717982304,12.204037130225874,465.3694451132362,33.75112641863754,0.8851032321208244
2024-12-02,1,418.3,0.020041552732628747,52.54854368932038,4689,0.026224405702562452,0.37448732066915963,0.1865992717982304,12.204037130225874,465.3694451132362,34.2755430466523,0.8988557465310534
2024-12-03,1,422.4,0.02879856591715043,49.22077922077919,4689,0.026224405702562452,0.37448732066915963,0.1865992717982304,12.204037130225874,465.3694451132362,34.61149744897426,0.9076659510751062
2024-12-04,1,429.6,0.044523545544727955,55.201958384332926,4689,0.026224405702562452,0.37448732066915963,0.1865992717982304,12.204037130225874,465.3694451132362,35.20146615549087,0.9231375297866138
2024-12-05,1,427.5,0.03791022744194191,56.374999999999986,4689,0.026224405702562452,0.37448732066915963,0.1865992717982304,12.204037130225874,465.3694451132362,35.02939194942353,0.9186249859957574
2024-12-06,1,428.8,0.03928335983247365,60.97240473061759,4689,0.026224405702562452,0.37448732066915963,0.1865992717982304,12.204037130225874,465.3694451132362,35.135914076989025,0.9214184654853351
2024-12-09,1,435.0,0.05245670007645431,69.94680851063828,4689,0.026224405702562452,0.37448732066915963,0.1865992717982304,12.204037130225874,465.3694451132362,35.64394268537832,0.9347412138202443
2024-12-10,1,433.6,0.04721483361134558,65.01457725947523,4689,0.026224405702562452,0.37448732066915963,0.1865992717982304,12.204037130225874,465.3694451132362,35.529226548000096,0.9317328512930068
2024-12-11,1,438.3,0.056854241080757977,67.25784447476127,4689,0.026224405702562452,0.37448732066915963,0.1865992717982304,12.204037130225874,465.3694451132362,35.914345009198435,0.9418323540630186
2024-12-12,1,439.5,0.05778549377763807,65.16690856313497,4689,0.026224405702562452,0.37448732066915963,0.1865992717982304,12.204037130225874,465.3694451132362,36.0126731269512,0.9444109505149365
2024-12-13,1,441.1,0.06040791207100474,78.02013422818797,4689,0.026224405702562452,0.37448732066915963,0.1865992717982304,12.204037130225874,465.3694451132362,36.1437772839549,0.9478490791174938
2024-12-16,1,438.0,0.05190351306954082,75.73289902280133,4689,0.026224405702562452,0.37448732066915963,0.1865992717982304,12.204037130225874,465.3694451132362,35.88976297976024,0.9411877049500391
2024-12-17,1,443.0,0.06255736530546319,76.08346709470307,4689,0.026224405702562452,0.37448732066915963,0.1865992717982304,12.204037130225874,465.3694451132362,36.29946347039677,0.9519318568330304
2024-12-18,1,438.0,0.04931291565249057,68.75981161695447,4689,0.026224405702562452,0.37448732066915963,0.1865992717982304,12.204037130225874,465.3694451132362,35.88976297976024,0.9411877049500391
2024-12-19,1,430.6,0.030567601979761983,59.13173652694615,4689,0.026224405702562452,0.37448732066915963,0.1865992717982304,12.204037130225874,465.3694451132362,35.283406253618175,0.925286360163212
2024-12-20,1,426.2,0.01937010485496334,58.25958702064896,4689,0.026224405702562452,0.37448732066915963,0.1865992717982304,12.204037130225874,465.3694451132362,34.92286982185802,0.9158315065061796
2024-12-23,1,422.0,0.009028654500937185,54.937413073713515,4689,0.026224405702562452,0.37448732066915963,0.1865992717982304,12.204037130225874,465.3694451132362,34.578721409723336,0.9068064189244669
2024-12-24,1,423.1,0.010885354944760981,57.67045454545455,4689,0.026224405702562452,0.37448732066915963,0.1865992717982304,12.204037130225874,465.3694451132362,34.668855517663374,0.909170132338725
2024-12-25,1,423.6,0.011290676835809293,58.967001434720224,4689,0.026224405702562452,0.37448732066915963,0.1865992717982304,12.204037130225874,465.3694451132362,34.709825566727034,0.9102445475270242
2024-12-26,1,423.9,0.011086411036798792,58.06451612903225,4689,0.026224405702562452,0.37448732066915963,0.1865992717982304,12.204037130225874,465.3694451132362,34.73440759616522,0.9108891966400036
2024-12-27,1,427.2,0.017983097159560306,60.851063829787236,4689,0.026224405702562452,0.37448732066915963,0.1865992717982304,12.204037130225874,465.3694451132362,35.004809919985334,0.9179803368827778
2024-12-30,1,419.4,-0.0012732139285160328,50.764951321279526,4689,0.026224405702562452,0.37448732066915963,0.1865992717982304,12.204037130225874,465.3694451132362,34.36567715459234,0.9012194599453114
2025-01-06,1,413.3,-0.016255311856349042,43.843031123139404,4689,0.026224405702562452,0.37448732066915963,0.1865992717982304,12.204037130225874,465.3694451132362,33.86584255601577,0.888111594648062
2025-01-07,1,425.3,0.012015051334441777,47.268106734434554,4689,0.026224405702562452,0.37448732066915963,0.1865992717982304,12.204037130225874,465.3694451132362,34.84912373354345,0.9138975591672412
2025-01-08,1,425.7,0.012529969174563239,48.831168831168824,4689,0.026224405702562452,0.37448732066915963,0.1865992717982304,12.204037130225874,465.3694451132362,34.88189977279437,0.9147570913178804
2025-01-09,1,423.2,0.006034941805918243,46.419437340153436,4689,0.026224405702562452,0.37448732066915963,0.1865992717982304,12.204037130225874,465.3694451132362,34.67704952747611,0.9093850153763848
2025-01-10,1,425.3,0.010274569174392125,43.45479082321188,4689,0.026224405702562452,0.37448732066915963,0.1865992717982304,12.204037130225874,465.3694451132362,34.84912373354345,0.9138975591672412
2025-01-14,1,425.1,0.00908995958259619,44.17009602194787,4689,0.026224405702562452,0.37448732066915963,0.1865992717982304,12.204037130225874,465.3694451132362,34.83273571391799,0.9134677930919216
2025-01-15,1,427.2,0.01350389553697664,42.10526315789472,4689,0.026224405702562452,0.37448732066915963,0.1865992717982304,12.204037130225874,465.3694451132362,35.004809919985334,0.9179803368827778
2025-01-16,1,426.4,0.010931207364181753,40.629470672389104,4689,0.026224405702562452,0.37448732066915963,0.1865992717982304,12.204037130225874,465.3694451132362,34.93925784148348,0.9162612725814993
2025-01-17,1,427.0,0.011774815732189954,39.767779390420884,4689,0.026224405702562452,0.37448732066915963,0.1865992717982304,12.204037130225874,465.3694451132362,34.98842190035987,0.9175505708074583
2025-01-20,1,425.7,0.008538341988552332,40.834575260804755,4689,0.026224405702562452,0.37448732066915963,0.1865992717982304,12.204037130225874,465.3694451132362,34.88189977279437,0.9147570913178804
2025-01-21,1,428.1,0.014076900239405147,38.449612403100794,4689,0.026224405702562452,0.37448732066915963,0.1865992717982304,12.204037130225874,465.3694451132362,35.07855600829991,0.9199142842217164
2025-01-22,1,431.6,0.02197063215687275,44.92063492063494,4689,0.026224405702562452,0.37448732066915963,0.1865992717982304,12.204037130225874,465.3694451132362,35.36534635174548,0.9274351905398103
2025-01-23,1,435.7,0.031180773381635364,54.271356783919565,4689,0.026224405702562452,0.37448732066915963,0.1865992717982304,12.204037130225874,465.3694451132362,35.70130075406744,0.9362453950838631
2025-01-24,1,440.7,0.042320367070844,62.023217247097854,4689,0.026224405702562452,0.37448732066915963,0.1865992717982304,12.204037130225874,465.3694451132362,36.11100124470397,0.9469895469668544
2025-01-27,1,447.8,0.05835528720708915,70.41139240506331,4689,0.026224405702562452,0.37448732066915963,0.1865992717982304,12.204037130225874,465.3694451132362,36.692775941407845,0.9622462426407021
2025-01-28,1,453.7,0.07162765210325907,72.5,4689,0.026224405702562452,0.37448732066915963,0.1865992717982304,12.204037130225874,465.3694451132362,37.176222520358955,0.9749243418626318
2025-01-29,1,456.8,0.07807042386481634,73.51274787535411,4689,0.026224405702562452,0.37448732066915963,0.1865992717982304,12.204037130225874,465.3694451132362,37.4302368245536,0.9815857160300865
2025-01-30,1,457.8,0.07926559017769307,73.77279102384294,4689,0.026224405702562452,0.37448732066915963,0.1865992717982304,12.204037130225874,465.3694451132362,37.51217692268091,0.9837345464066848
2025-01-31,1,454.9,0.07141511270781382,69.53455571227079,4689,0.026224405702562452,0.37448732066915963,0.1865992717982304,12.204037130225874,465.3694451132362,37.27455063811172,0.9775029383145497
2025-02-03,1,462.8,0.08872257805491594,80.56338028169014,4689,0.026224405702562452,0.37448732066915963,0.1865992717982304,12.204037130225874,465.3694451132362,37.921877413317446,0.994478698289676
2025-02-04,1,466.9,0.0967577251457958,88.84057971014487,4689,0.026224405702562452,0.37448732066915963,0.1865992717982304,12.204037130225874,465.3694451132362,38.2578318156394,1.0032889028337288
2025-02-05,1,474.0,0.11178871323356937,87.98751950077998,4689,0.026224405702562452,0.37448732066915963,0.1865992717982304,12.204037130225874,465.3694451132362,38.83960651234327,1.0185455985075766
2025-02-06,1,475.7,0.11399934429300737,88.22629969418955,4689,0.03746752547414348,0.3605434108456596,0.1783120876228951,17.851907322648287,476.4634732808275,26.647012635814594,0.9983976247422066
2025-02-07,1,496.9,0.1607534969772287,93.81688466111767,4689,0.03746752547414348,0.3605434108456596,0.1783120876228951,17.851907322648287,476.4634732808275,27.834560812983543,1.0428921163220568
2025-02-10,1,499.4,0.1636107193229901,93.8461538461538,4689,0.03746752547414348,0.3605434108456596,0.1783120876228951,17.851907322648287,476.4634732808275,27.974601871611956,1.048139108253643
2025-02-12,1,499.2,0.160573963341486,93.8461538461538,4689,0.03746752547414348,0.3605434108456596,0.1783120876228951,17.851907322648287,476.4634732808275,27.963398586921684,1.047719348899116
2025-02-13,1,501.6,0.16330847155738615,93.86792452830184,4689,0.03746752547414348,0.3605434108456596,0.1783120876228951,17.851907322648287,476.4634732808275,28.097838003204963,1.0527564611534388
2025-02-14,1,493.7,0.14233047448633304,86.61588683351464,4689,0.03746752547414348,0.3605434108456596,0.1783120876228951,17.851907322648287,476.4634732808275,27.655308257939172,1.0361759666496266
2025-02-17,1,487.5,0.12537397042709583,81.025641025641,4689,0.03746752547414348,0.3605434108456596,0.1783120876228951,17.851907322648287,476.4634732808275,27.308006432540708,1.023163426659293
2025-02-18,1,489.6,0.12744556206477284,82.50254323499489,4689,0.03746752547414348,0.3605434108456596,0.1783120876228951,17.851907322648287,476.4634732808275,27.425640921788577,1.0275708998818256
2025-02-19,1,491.1,0.12828076753418619,82.34086242299792,4689,0.03746752547414348,0.3605434108456596,0.1783120876228951,17.851907322648287,476.4634732808275,27.509665556965626,1.0307190950407772
2025-02-20,1,479.3,0.0990296070734123,72.5638599810785,4689,0.03746752547414348,0.3605434108456596,0.1783120876228951,17.851907322648287,476.4634732808275,26.84867176023951,1.0059532931236908
2025-02-21,1,491.6,0.12469914984091944,74.53906935908691,4689,0.03746752547414348,0.3605434108456596,0.1783120876228951,17.851907322648287,476.4634732808275,27.53767376869131,1.0317684934270943
2025-02-25,1,478.9,0.09365865244080679,65.70723684210523,4689,0.03746752547414348,0.3605434108456596,0.1783120876228951,17.851907322648287,476.4634732808275,26.82626519085896,1.0051137744146368
2025-02-26,1,474.0,0.08049784964211358,60.97152428810718,4689,0.03746752547414348,0.3605434108456596,0.1783120876228951,17.851907322648287,476.4634732808275,26.551784715947274,0.994829670228728
2025-02-27,1,484.8,0.10306497950713998,62.51005631536604,4689,0.03746752547414348,0.3605434108456596,0.1783120876228951,17.851907322648287,476.4634732808275,27.15676208922202,1.0174966753731802
2025-02-28,1,506.3,0.14901400694143957,67.34407848633495,4689,0.03746752547414348,0.3605434108456596,0.1783120876228951,17.851907322648287,476.4634732808275,28.361115193426382,1.0626208059848208
2025-03-03,1,513.0,0.16085760146755343,68.59838274932612,4689,0.03746752547414348,0.3605434108456596,0.1783120876228951,17.851907322648287,476.4634732808275,28.73642523055053,1.0766827443614715
2025-03-04,1,511.6,0.15422448568274325,69.29884275017018,4689,0.03746752547414348,0.3605434108456596,0.1783120876228951,17.851907322648287,476.4634732808275,28.65800223771862,1.0737444288797833
2025-03-05,1,515.6,0.15939161172523605,68.46153846153845,4689,0.03746752547414348,0.3605434108456596,0.1783120876228951,17.851907322648287,476.4634732808275,28.88206793152408,1.0821396159703212
2025-03-06,1,521.0,0.16775298326146024,68.74566874566875,4689,0.03746752547414348,0.3605434108456596,0.1783120876228951,17.851907322648287,476.4634732808275,29.184556618161455,1.093473118542547
2025-03-07,0,518.4,0.1582770033753288,65.87982832618025,4689,0.03746752547414348,0.3605434108456596,0.1783120876228951,17.851907322648287,476.4634732808275,29.0389139171879,1.0880162469336976
2025-03-10,1,528.1,0.17611338436778073,67.72665764546684,4689,0.03746752547414348,0.3605434108456596,0.1783120876228951,17.851907322648287,476.4634732808275,29.58227322466615,1.1083745756282517
2025-03-11,1,515.6,0.1446077343160326,56.7217828900072,4689,0.03746752547414348,0.3605434108456596,0.1783120876228951,17.851907322648287,476.4634732808275,28.88206793152408,1.0821396159703212
2025-03-12,1,532.1,0.1768582904258894,60.67929457870673,4689,0.03746752547414348,0.3605434108456596,0.1783120876228951,17.851907322648287,476.4634732808275,29.806338918471614,1.1167697627187896
2025-03-13,1,531.9,0.17221934907556477,60.67929457870671,4689,0.03746752547414348,0.3605434108456596,0.1783120876228951,17.851907322648287,476.4634732808275,29.79513563378134,1.1163500033642626
2025-03-14,1,522.5,0.14784710017574695,56.527170518425976,4689,0.03746752547414348,0.3605434108456596,0.1783120876228951,17.851907322648287,476.4634732808275,29.268581253338503,1.0966213137014988
2025-03-17,0,527.2,0.15449300413445138,60.67558954748248,4689,0.03746752547414348,0.3605434108456596,0.1783120876228951,17.851907322648287,476.4634732808275,29.531858443559923,1.1064856585328808
2025-03-18,0,527.0,0.15029335754697198,63.08813783962887,4689,0.03746752547414348,0.3605434108456596,0.1783120876228951,17.851907322648287,476.4634732808275,29.520655158869648,1.1060658991783539
2025-03-19,1,520.0,0.131553216367482,59.75609756097559,4689,0.03746752547414348,0.3605434108456596,0.1783120876228951,17.851907322648287,476.4634732808275,29.128540194710087,1.0913743217699126
2025-03-21,1,521.1,0.13037857161450433,59.65250965250964,4689,0.03746752547414348,0.3605434108456596,0.1783120876228951,17.851907322648287,476.4634732808275,29.190158260506593,1.0936829982198106
2025-03-24,1,523.1,0.13105311257629013,65.04120879120877,4689,0.03746752547414348,0.3605434108456596,0.1783120876228951,17.851907322648287,476.4634732808275,29.302191107409325,1.0978805917650796
2025-03-25,1,536.3,0.15548360964202915,65.2559726962457,4689,0.03746752547414348,0.3605434108456596,0.1783120876228951,17.851907322648287,476.4634732808275,30.041607896967346,1.125584709163854
2025-03-26,0,534.1,0.1467180804012334,70.29411764705884,4689,0.03746752547414348,0.3605434108456596,0.1783120876228951,17.851907322648287,476.4634732808275,29.918371765374346,1.1209673562640585
2025-03-27,0,537.2,0.14946135938284563,73.54694485842028,4689,0.03746752547414348,0.3605434108456596,0.1783120876228951,17.851907322648287,476.4634732808275,30.09202267807358,1.1274736262592253
2025-03-28,0,523.1,0.11608476355474387,63.92727272727272,4689,0.03746752547414348,0.3605434108456596,0.1783120876228951,17.851907322648287,476.4634732808275,29.302191107409325,1.0978805917650796
2025-03-31,1,506.3,0.07788842020403887,50.0,4689,0.03746752547414348,0.3605434108456596,0.1783120876228951,17.851907322648287,476.4634732808275,28.361115193426382,1.0626208059848208
2025-04-01,0,516.7,0.09725124441499751,51.355311355311365,4689,0.03746752547414348,0.3605434108456596,0.1783120876228951,17.851907322648287,476.4634732808275,28.943685997320586,1.084448292420219
2025-04-02,1,517.4,0.09598829590130582,52.13549337260676,4689,0.03746752547414348,0.3605434108456596,0.1783120876228951,17.851907322648287,476.4634732808275,28.982897493736537,1.0859174501610631
2025-04-03,1,519.9,0.09864952819423362,51.60089352196574,4689,0.03746752547414348,0.3605434108456596,0.1783120876228951,17.851907322648287,476.4634732808275,29.12293855236495,1.0911644420926492
2025-04-04,1,524.3,0.10512337698836478,51.23780945236308,4689,0.03746752547414348,0.3605434108456596,0.1783120876228951,17.851907322648287,476.4634732808275,29.369410815550957,1.1003991478922406
2025-04-07,1,473.5,-0.0029395909841311747,37.63085399449037,4689,0.03746752547414348,0.3605434108456596,0.1783120876228951,17.851907322648287,476.4634732808275,26.52377650422159,0.9937802718424108
2025-04-08,1,500.7,0.05252757971209484,43.11557788944722,4689,0.03746752547414348,0.3605434108456596,0.1783120876228951,17.851907322648287,476.4634732808275,28.047423222098733,1.0508675440580677
2025-04-09,1,488.8,0.02614055270516525,43.24596774193548,4689,0.03746752547414348,0.3605434108456596,0.1783120876228951,17.851907322648287,476.4634732808275,27.380827783027485,1.0258918624637179
2025-04-10,1,513.0,0.07468764926217361,45.36632702571566,4689,0.03746752547414348,0.3605434108456596,0.1783120876228951,17.851907322648287,476.4634732808275,28.73642523055053,1.0766827443614715
2025-04-11,1,511.9,0.0703233900195149,45.169082125603865,4689,0.03746752547414348,0.3605434108456596,0.1783120876228951,17.851907322648287,476.4634732808275,28.674807164754025,1.0743740679115736
2025-04-14,1,517.0,0.07861136610197782,48.64331524420326,4689,0.03746752547414348,0.3605434108456596,0.1783120876228951,17.851907322648287,476.4634732808275,28.96049092435599,1.0850779314520094
2025-04-15,0,515.2,0.07233248967630226,46.99699699699699,4689,0.03746752547414348,0.3605434108456596,0.1783120876228951,17.851907322648287,476.4634732808275,28.859661362143537,1.0813000972612674
2025-04-16,0,528.0,0.0958782800245742,50.23540489642184,4689,0.03746752547414348,0.3605434108456596,0.1783120876228951,17.851907322648287,476.4634732808275,29.576671582321012,1.1081646959509883
2025-04-17,0,538.0,0.1130604611132259,54.178272980501404,4689,0.03746752547414348,0.3605434108456596,0.1783120876228951,17.851907322648287,476.4634732808275,30.13683581683467,1.1291526636773328
2025-04-18,0,554.0,0.14203884856097623,57.14285714285715,4689,0.03746752547414348,0.3605434108456596,0.1783120876228951,17.851907322648287,476.4634732808275,31.03309859205652,1.1627334120394839
2025-04-21,0,556.1,0.14220809096585518,57.16145833333334,4689,0.03746752547414348,0.3605434108456596,0.1783120876228951,17.851907322648287,476.4634732808275,31.150733081304388,1.1671408852620162
2025-04-22,0,552.7,0.13123437653505676,53.717135086128756,4689,0.03746752547414348,0.3605434108456596,0.1783120876228951,17.851907322648287,476.4634732808275,30.960277241569745,1.1600049762350593
2025-04-23,1,550.0,0.12194830062230723,53.595658073270016,4689,0.03746752547414348,0.3605434108456596,0.1783120876228951,17.851907322648287,476.4634732808275,30.809032898251054,1.154338224948946
2025-04-24,1,529.5,0.07690534622320448,48.38574423480083,4689,0.03746752547414348,0.3605434108456596,0.1783120876228951,17.851907322648287,476.4634732808275,29.66069621749806,1.11131289110994
2025-04-25,1,520.9,0.05633231577894257,49.52789699570815,4689,0.03746752547414348,0.3605434108456596,0.1783120876228951,17.851907322648287,476.4634732808275,29.178954975816318,1.0932632388652836
2025-04-28,1,528.3,0.06836339320140958,54.91949910554561,4689,0.03746752547414348,0.3605434108456596,0.1783120876228951,17.851907322648287,476.4634732808275,29.59347650935642,1.1087943349827785
2025-04-30,0,539.8,0.08827134608560988,55.14018691588784,4689,0.03746752547414348,0.3605434108456596,0.1783120876228951,17.851907322648287,476.4634732808275,30.237665379047122,1.1329304978680745
2025-05-01,0,529.9,0.06525695630148032,52.6720820863617,4689,0.03746752547414348,0.3605434108456596,0.1783120876228951,17.851907322648287,476.4634732808275,29.683102786878607,1.1121524098189937
2025-05-02,0,533.8,0.06998535401588599,52.953676158096044,4689,0.03746752547414348,0.3605434108456596,0.1783120876228951,17.851907322648287,476.4634732808275,29.90156683833893,1.120337717232268
2023-08-10,0,3571.0,,,4385,0.23665531976533644,0.13298594723712473,0.0989341175376604,80.44780040141175,339.9365815278629,44.38903216970161,10.504900602194539
2023-08-14,1,3300.0,,,4385,0.23665531976533644,0.13298594723712473,0.0989341175376604,80.44780040141175,339.9365815278629,41.02038817138485,9.707693079597306
2023-08-15,1,3174.0,,,4385,0.23665531976533644,0.13298594723712473,0.0989341175376604,80.44780040141175,339.9365815278629,39.45415516847743,9.337035707467226
2023-08-16,1,3255.0,,,4385,0.23665531976533644,0.13298594723712473,0.0989341175376604,80.44780040141175,339.9365815278629,40.461019241775055,9.575315446693706
2023-08-17,0,3278.0,,,4385,0.23665531976533644,0.13298594723712473,0.0989341175376604,80.44780040141175,339.9365815278629,40.746918916908946,9.642975125733322
2023-08-18,0,3185.0,,,4385,0.23665531976533644,0.13298594723712473,0.0989341175376604,80.44780040141175,339.9365815278629,39.59088979571538,9.369394684399218
2023-08-21,0,3174.0,,,4385,0.23665531976533644,0.13298594723712473,0.0989341175376604,80.44780040141175,339.9365815278629,39.45415516847743,9.337035707467226
2023-08-22,0,3100.0,,,4385,0.23665531976533644,0.13298594723712473,0.0989341175376604,80.44780040141175,339.9365815278629,38.534304039785766,9.119348044470195
2023-08-23,0,3112.0,,,4385,0.23665531976533644,0.13298594723712473,0.0989341175376604,80.44780040141175,339.9365815278629,38.683469087681715,9.154648746577822
2023-08-24,1,3136.0,,,4385,0.23665531976533644,0.13298594723712473,0.0989341175376604,80.44780040141175,339.9365815278629,38.981799183473605,9.225250150793075
2023-08-25,0,3145.0,,,4385,0.23665531976533644,0.13298594723712473,0.0989341175376604,80.44780040141175,339.9365815278629,39.09367296939556,9.251725677373795
2023-08-28,0,3199.0,,,4385,0.23665531976533644,0.13298594723712473,0.0989341175376604,80.44780040141175,339.9365815278629,39.76491568492731,9.410578836858114
2023-08-29,0,3254.0,,36.54743390357699,4385,0.23665531976533644,0.13298594723712473,0.0989341175376604,80.44780040141175,339.9365815278629,40.44858882111706,9.572373721518069
2023-08-30,0,3272.0,,37.423312883435585,4385,0.23665531976533644,0.13298594723712473,0.0989341175376604,80.44780040141175,339.9365815278629,40.67233639296098,9.625324774679509
2023-08-31,0,3318.0,,38.92215568862275,4385,0.23665531976533644,0.13298594723712473,0.0989341175376604,80.44780040141175,339.9365815278629,41.24413574322877,9.760644132758745
2023-09-01,0,3217.0,,39.90790483499616,4385,0.23665531976533644,0.13298594723712473,0.0989341175376604,80.44780040141175,339.9365815278629,39.98866325677123,9.463529890019554
2023-09-04,0,3209.0,,30.735551663747813,4385,0.23665531976533644,0.13298594723712473,0.0989341175376604,80.44780040141175,339.9365815278629,39.88921989150727,9.43999608861447
2023-09-05,0,3204.0,,30.81650570676031,4385,0.23665531976533644,0.13298594723712473,0.0989341175376604,80.44780040141175,339.9365815278629,39.82706778821729,9.425287462736293
2023-09-06,0,3241.0,,36.025998142989785,4385,0.23665531976533644,0.13298594723712473,0.0989341175376604,80.44780040141175,339.9365815278629,40.28699335256312,9.534131294234808
2023-09-07,0,3153.0,,33.30472103004293,4385,0.23665531976533644,0.13298594723712473,0.0989341175376604,80.44780040141175,339.9365815278629,39.19311633465952,9.27525947877888
2023-09-08,0,3155.0,,31.72231985940246,4385,0.23665531976533644,0.13298594723712473,0.0989341175376604,80.44780040141175,339.9365815278629,39.21797717597551,9.281142929130151
2023-09-11,0,3045.0,,36.94984646878199,4385,0.23665531976533644,0.13298594723712473,0.0989341175376604,80.44780040141175,339.9365815278629,37.85063090359602,8.95755315981024
2023-09-12,0,3086.0,,45.06726457399103,4385,0.23665531976533644,0.13298594723712473,0.0989341175376604,80.44780040141175,339.9365815278629,38.36027815057383,9.078163892011299
2023-09-13,0,3018.0,,36.51877133105802,4385,0.23665531976533644,0.13298594723712473,0.0989341175376604,80.44780040141175,339.9365815278629,37.51500954583015,8.87812658006808
2023-09-14,0,3097.0,,40.32085561497326,4385,0.23665531976533644,0.13298594723712473,0.0989341175376604,80.44780040141175,339.9365815278629,38.49701277781178,9.110522868943288
2023-09-15,0,3148.0,,47.92833146696528,4385,0.23665531976533644,0.13298594723712473,0.0989341175376604,80.44780040141175,339.9365815278629,39.130964231369546,9.260550852900701
2023-09-19,0,3186.0,,50.65217391304347,4385,0.23665531976533644,0.13298594723712473,0.0989341175376604,80.44780040141175,339.9365815278629,39.60332021637337,9.372336409574853
2023-09-20,0,3146.0,,52.59593679458239,4385,0.23665531976533644,0.13298594723712473,0.0989341175376604,80.44780040141175,339.9365815278629,39.106103390053555,9.254667402549432
2023-09-21,0,3110.0,,49.89010989010989,4385,0.23665531976533644,0.13298594723712473,0.0989341175376604,80.44780040141175,339.9365815278629,38.65860824636572,9.148765296226552
2023-09-22,0,3180.0,,52.30125523012553,4385,0.23665531976533644,0.13298594723712473,0.0989341175376604,80.44780040141175,339.9365815278629,39.5287376924254,9.35468605852104
2023-09-25,0,3160.0,,50.77559462254395,4385,0.23665531976533644,0.13298594723712473,0.0989341175376604,80.44780040141175,339.9365815278629,39.280129279265495,9.295851555008328
2023-09-26,0,3120.0,,45.85519412381952,4385,0.23665531976533644,0.13298594723712473,0.0989341175376604,80.44780040141175,339.9365815278629,38.78291245294567,9.178182547982907
2023-09-27,0,3237.0,,49.162561576354676,4385,0.23665531976533644,0.13298594723712473,0.0989341175376604,80.44780040141175,339.9365815278629,40.23727166993114,9.522364393532266
2023-09-28,0,3213.0,,47.110675808031345,4385,0.23665531976533644,0.13298594723712473,0.0989341175376604,80.44780040141175,339.9365815278629,39.93894157413925,9.451762989317013
2023-09-29,0,3226.0,,45.344129554655865,4385,0.23665531976533644,0.13298594723712473,0.0989341175376604,80.44780040141175,339.9365815278629,40.10053704269319,9.490005416600274
2023-10-02,0,3208.0,,49.50276243093922,4385,0.23665531976533644,0.13298594723712473,0.0989341175376604,80.44780040141175,339.9365815278629,39.87678947084927,9.437054363438834
2023-10-03,0,3116.0,,45.298281092012125,4385,0.23665531976533644,0.13298594723712473,0.0989341175376604,80.44780040141175,339.9365815278629,38.73319077031369,9.166415647280365
2023-10-04,0,2929.5,,38.27424177701837,4385,0.23665531976533644,0.13298594723712473,0.0989341175376604,80.44780040141175,339.9365815278629,36.41491731759755,8.617783902024335
2023-10-05,0,3007.0,,40.338563170933114,4385,0.23665531976533644,0.13298594723712473,0.0989341175376604,80.44780040141175,339.9365815278629,37.3782749185922,8.845767603136089
2023-10-06,0,3062.0,,46.13752122241087,4385,0.23665531976533644,0.13298594723712473,0.0989341175376604,80.44780040141175,339.9365815278629,38.06194805478194,9.007562487796045
2023-10-10,0,3180.0,,50.965996908809885,4385,0.23665531976533644,0.13298594723712473,0.0989341175376604,80.44780040141175,339.9365815278629,39.5287376924254,9.35468605852104
2023-10-11,0,3240.0,,57.837620578778136,4385,0.23665531976533644,0.13298594723712473,0.0989341175376604,80.44780040141175,339.9365815278629,40.27456293190512,9.531189569059173
2023-10-12,0,3326.0,,59.30954228083786,4385,0.23665531976533644,0.13298594723712473,0.0989341175376604,80.44780040141175,339.9365815278629,41.343579108492726,9.784177934163829
2023-10-13,0,3216.0,,57.438016528925615,4385,0.23665531976533644,0.13298594723712473,0.0989341175376604,80.44780040141175,339.9365815278629,39.97623283611323,9.46058816484392
2023-10-16,0,3029.0,,47.637248088950656,4385,0.23665531976533644,0.13298594723712473,0.0989341175376604,80.44780040141175,339.9365815278629,37.651744173068096,8.910485557000072
2023-10-17,0,3116.0,,48.91525423728814,4385,0.23665531976533644,0.13298594723712473,0.0989341175376604,80.44780040141175,339.9365815278629,38.73319077031369,9.166415647280365
2023-10-18,0,3078.0,,46.33898305084745,4385,0.23665531976533644,0.13298594723712473,0.0989341175376604,80.44780040141175,339.9365815278629,38.26083478530987,9.054630090606214
2023-10-19,0,3045.0,,46.55994550408719,4385,0.23665531976533644,0.13298594723712473,0.0989341175376604,80.44780040141175,339.9365815278629,37.85063090359602,8.95755315981024
2023-10-20,0,3054.0,,48.05690492713394,4385,0.23665531976533644,0.13298594723712473,0.0989341175376604,80.44780040141175,339.9365815278629,37.96250468951798,8.98402868639096
2023-10-23,0,2969.5,,42.76880796976983,4385,0.23665531976533644,0.13298594723712473,0.0989341175376604,80.44780040141175,339.9365815278629,36.91213414391736,8.735452909049757
2023-10-24,0,3029.0,,45.61872909698997,4385,0.23665531976533644,0.13298594723712473,0.0989341175376604,80.44780040141175,339.9365815278629,37.651744173068096,8.910485557000072
2023-10-25,0,3097.0,,49.24491135915955,4385,0.23665531976533644,0.13298594723712473,0.0989341175376604,80.44780040141175,339.9365815278629,38.49701277781178,9.110522868943288
2023-10-26,0,2958.5,,40.98413726124959,4385,0.23665531976533644,0.13298594723712473,0.0989341175376604,80.44780040141175,339.9365815278629,36.775399516679414,8.703093932117765
2023-10-27,0,2964.0,,41.84141546526868,4385,0.23665531976533644,0.13298594723712473,0.0989341175376604,80.44780040141175,339.9365815278629,36.84376683029839,8.719273420583761
2023-10-30,0,2938.5,,40.6564835879103,4385,0.23665531976533644,0.13298594723712473,0.0989341175376604,80.44780040141175,339.9365815278629,36.52679110351951,8.644259428605055
2023-10-31,0,3001.0,,43.46178142766899,4385,0.23665531976533644,0.13298594723712473,0.0989341175376604,80.44780040141175,339.9365815278629,37.30369239464422,8.828117252082276
2023-11-01,0,2997.0,,46.0200668896321,4385,0.23665531976533644,0.13298594723712473,0.0989341175376604,80.44780040141175,339.9365815278629,37.25397071201224,8.816350351379734
2023-11-02,0,3197.0,,58.86642359960225,4385,0.23665531976533644,0.13298594723712473,0.0989341175376604,80.44780040141175,339.9365815278629,39.74005484361132,9.404695386506843
2023-11-06,0,3294.0,,59.391361256544506,4385,0.23665531976533644,0.13298594723712473,0.0989341175376604,80.44780040141175,339.9365815278629,40.94580564743688,9.690042728543492
2023-11-07,0,3239.0,,55.79188481675393,4385,0.23665531976533644,0.13298594723712473,0.0989341175376604,80.44780040141175,339.9365815278629,40.26213251124713,9.528247843883536
2023-11-08,0,3232.0,,51.834862385321095,4385,0.23665531976533644,0.13298594723712473,0.0989341175376604,80.44780040141175,339.9365815278629,40.17511956664116,9.507655767654088
2023-11-09,0,3361.0,,54.07133243606998,4385,0.23665531976533644,0.13298594723712473,0.0989341175376604,80.44780040141175,339.9365815278629,41.778643831522565,9.887138315311073
2023-11-10,0,3307.0,,49.34662998624484,4385,0.23665531976533644,0.13298594723712473,0.0989341175376604,80.44780040141175,339.9365815278629,41.10740111599082,9.728285155826754
2023-11-13,0,3279.0,,52.295918367346935,4385,0.04700433088641038,0.13894781354045896,0.10112714869779314,17.246486148086774,366.9127040604885,190.12568542049092,8.936730627510325
2023-11-14,0,3153.0,,54.729214340198325,4385,0.04700433088641038,0.13894781354045896,0.10112714869779314,17.246486148086774,366.9127040604885,182.8198493842049,8.593324693058877
2023-11-15,0,3143.0,,51.094003241491095,4385,0.04700433088641038,0.13894781354045896,0.10112714869779314,17.246486148086774,366.9127040604885,182.24002112735678,8.566070253816699
2023-11-16,0,3147.0,,52.87500000000001,4385,0.04700433088641038,0.13894781354045896,0.10112714869779314,17.246486148086774,366.9127040604885,182.47195243009602,8.57697202951357
2023-11-17,0,3098.0,-0.030675460882842506,52.17927631578948,4385,0.04700433088641038,0.13894781354045896,0.10112714869779314,17.246486148086774,366.9127040604885,179.63079397154036,8.443425277226895
2023-11-20,0,3112.0,-0.024308676295382806,52.37510237510238,4385,0.04700433088641038,0.13894781354045896,0.10112714869779314,17.246486148086774,366.9127040604885,180.4425535311277,8.481581492165946
2023-11-21,0,3171.0,-0.00396612668152041,58.42743621915516,4385,0.04700433088641038,0.13894781354045896,0.10112714869779314,17.246486148086774,366.9127040604885,183.86354024653147,8.642382683694798
2023-11-22,0,3004.0,-0.05453721422096894,49.040675364543354,4385,0.04700433088641038,0.13894781354045896,0.10112714869779314,17.246486148086774,366.9127040604885,174.18040835716826,8.187233548350417
2023-11-24,0,2983.5,-0.05835951193133881,45.47988849064118,4385,0.04700433088641038,0.13894781354045896,0.10112714869779314,17.246486148086774,366.9127040604885,172.99176043062965,8.131361947903951
2023-11-27,0,2922.5,-0.07481469912879048,48.47198641765705,4385,0.04700433088641038,0.13894781354045896,0.10112714869779314,17.246486148086774,366.9127040604885,169.45480806385626,7.965109868526663
2023-11-28,0,2929.5,-0.0701948163241987,48.53751589656634,4385,0.04700433088641038,0.13894781354045896,0.10112714869779314,17.246486148086774,366.9127040604885,169.86068784364994,7.984187975996187
2023-11-29,0,2931.0,-0.06730705995413437,49.67546516659455,4385,0.04700433088641038,0.13894781354045896,0.10112714869779314,17.246486148086774,366.9127040604885,169.94766208217715,7.988276141882515
2023-11-30,0,2829.5,-0.09676437664664793,42.8212641272499,4385,0.04700433088641038,0.13894781354045896,0.10112714869779314,17.246486148086774,366.9127040604885,164.06240527516897,7.711643583574403
2023-12-01,0,2807.5,-0.10190463394816476,42.18556701030928,4385,0.04700433088641038,0.13894781354045896,0.10112714869779314,17.246486148086774,366.9127040604885,162.78678311010316,7.65168381724161
2023-12-04,0,2799.5,-0.10303101503759397,30.524252817246435,4385,0.04700433088641038,0.13894781354045896,0.10112714869779314,17.246486148086774,366.9127040604885,162.32292050462468,7.629880265847867
2023-12-05,0,2695.0,-0.13444244604316544,20.86575875486382,4385,0.04700433088641038,0.13894781354045896,0.10112714869779314,17.246486148086774,366.9127040604885,156.26371522056206,7.345071375767102
2023-12-06,0,2745.0,-0.11636700760128248,25.855327468230698,4385,0.04700433088641038,0.13894781354045896,0.10112714869779314,17.246486148086774,366.9127040604885,159.16285650480253,7.481343571977995
2023-12-07,0,2649.5,-0.14514425589854232,23.796671165092206,4385,0.04700433088641038,0.13894781354045896,0.10112714869779314,17.246486148086774,366.9127040604885,153.62549665190323,7.22106367721519
2023-12-08,0,2643.0,-0.14528901067391634,13.700707785642066,4385,0.04700433088641038,0.13894781354045896,0.10112714869779314,17.246486148086774,366.9127040604885,153.24860828495196,7.203348291707774
2023-12-11,0,2678.5,-0.1322316727070095,17.61978361669243,4385,0.04700433088641038,0.13894781354045896,0.10112714869779314,17.246486148086774,366.9127040604885,155.3069985967627,7.300101551017508
2023-12-12,0,2649.0,-0.14006908014335429,17.592592592592595,4385,0.04700433088641038,0.13894781354045896,0.10112714869779314,17.246486148086774,366.9127040604885,153.59650523906083,7.219700955253081
2023-12-13,0,2637.0,-0.14211167838568217,19.930069930069934,4385,0.04700433088641038,0.13894781354045896,0.10112714869779314,17.246486148086774,366.9127040604885,152.9007113308431,7.1869956281624665
2023-12-14,0,2617.5,-0.1465026444559899,19.711815561959654,4385,0.04700433088641038,0.13894781354045896,0.10112714869779314,17.246486148086774,366.9127040604885,151.7700462299893,7.133849471640219
2023-12-15,0,2670.0,-0.1273768359403086,23.962882096069862,4385,0.04700433088641038,0.13894781354045896,0.10112714869779314,17.246486148086774,366.9127040604885,154.8141445784418,7.276935277661656
2023-12-18,0,2589.5,-0.1512284980071324,23.166226912928764,4385,0.04700433088641038,0.13894781354045896,0.10112714869779314,17.246486148086774,366.9127040604885,150.14652711081465,7.057537041762119
2023-12-19,0,2582.0,-0.15112700875831772,21.838469713071206,4385,0.04700433088641038,0.13894781354045896,0.10112714869779314,17.246486148086774,366.9127040604885,149.71165591817856,7.037096212330485
2023-12-20,0,2659.5,-0.12311648916878239,23.34549244398123,4385,0.04700433088641038,0.13894781354045896,0.10112714869779314,17.246486148086774,366.9127040604885,154.20532490875132,7.2483181164573685
2023-12-21,0,2561.0,-0.15315140546224504,25.140291806958473,4385,0.04700433088641038,0.13894781354045896,0.10112714869779314,17.246486148086774,366.9127040604885,148.49401657879756,6.97986188992191
2023-12-22,0,2536.0,-0.15892251872193364,25.013958682300398,4385,0.04700433088641038,0.13894781354045896,0.10112714869779314,17.246486148086774,366.9127040604885,147.04444593667733,6.9117257918164645
2023-12-25,0,2526.5,-0.15955531111810908,26.540284360189574,4385,0.04700433088641038,0.13894781354045896,0.10112714869779314,17.246486148086774,366.9127040604885,146.49360909267165,6.885834074536395
2023-12-26,0,2528.0,-0.15638848844038652,26.058437686344675,4385,0.04700433088641038,0.13894781354045896,0.10112714869779314,17.246486148086774,366.9127040604885,146.58058333119885,6.889922240422721
2023-12-27,0,2559.5,-0.14361522967417556,28.61255037420841,4385,0.04700433088641038,0.13894781354045896,0.10112714869779314,17.246486148086774,366.9127040604885,148.40704234027035,6.975773724035584
2023-12-28,0,2599.5,-0.1280707874364376,35.749690210656766,4385,0.04700433088641038,0.13894781354045896,0.10112714869779314,17.246486148086774,366.9127040604885,150.72635536766273,7.084791481004298
2023-12-29,0,2612.5,-0.12201204033759545,37.78195488721804,4385,0.04700433088641038,0.13894781354045896,0.10112714869779314,17.246486148086774,366.9127040604885,151.48013210156526,7.120222252019129
2024-01-04,0,2541.0,-0.1439506067473268,34.997098084735924,4385,0.04700433088641038,0.13894781354045896,0.10112714869779314,17.246486148086774,366.9127040604885,147.33436006510138,6.925353011437553
2024-01-05,0,2456.0,-0.17049259320137175,35.80760095011877,4385,0.04700433088641038,0.13894781354045896,0.10112714869779314,17.246486148086774,366.9127040604885,142.40581988189254,6.693690277879036
2024-01-09,0,2471.5,-0.16289955472059395,33.065015479876166,4385,0.04700433088641038,0.13894781354045896,0.10112714869779314,17.246486148086774,366.9127040604885,143.3045536800071,6.735934658704413
2024-01-10,0,2496.5,-0.15193686093780084,39.620081411126186,4385,0.04700433088641038,0.13894781354045896,0.10112714869779314,17.246486148086774,366.9127040604885,144.75412432212735,6.8040707568098595
2024-01-11,0,2528.5,-0.1385008517887564,42.49180327868853,4385,0.04700433088641038,0.13894781354045896,0.10112714869779314,17.246486148086774,366.9127040604885,146.60957474404125,6.89128496238483
2024-01-12,0,2529.5,-0.1357396182835745,39.76648351648352,4385,0.04700433088641038,0.13894781354045896,0.10112714869779314,17.246486148086774,366.9127040604885,146.66755756972606,6.894010406309048
2024-01-15,0,2535.0,-0.13158561846405412,41.903409090909086,4385,0.04700433088641038,0.13894781354045896,0.10112714869779314,17.246486148086774,366.9127040604885,146.9864631109925,6.909000347892246
2024-01-16,0,2518.0,-0.13479313607136073,41.607898448519045,4385,0.04700433088641038,0.13894781354045896,0.10112714869779314,17.246486148086774,366.9127040604885,146.00075507435076,6.862667801180542
2024-01-17,0,2456.0,-0.15336619669757665,39.25482368596141,4385,0.04700433088641038,0.13894781354045896,0.10112714869779314,17.246486148086774,366.9127040604885,142.40581988189254,6.693690277879036
2024-01-18,0,2383.0,-0.17573865300315222,31.411917098445585,4385,0.04700433088641038,0.13894781354045896,0.10112714869779314,17.246486148086774,366.9127040604885,138.17307360690145,6.494732871411133
2024-01-19,0,2412.0,-0.1625213246884917,37.68216516308119,4385,0.04700433088641038,0.13894781354045896,0.10112714869779314,17.246486148086774,366.9127040604885,139.85457555176092,6.573770745213451
2024-01-22,0,2463.0,-0.1418337742821902,42.212041884816756,4385,0.04700433088641038,0.13894781354045896,0.10112714869779314,17.246486148086774,366.9127040604885,142.81169966168622,6.712768385348562
2024-01-23,0,2449.0,-0.1436204561296353,34.97501784439686,4385,0.04700433088641038,0.13894781354045896,0.10112714869779314,17.246486148086774,366.9127040604885,141.9999401020989,6.674612170409511
2024-01-24,0,2472.5,-0.1324277286273703,42.92565947242206,4385,0.04700433088641038,0.13894781354045896,0.10112714869779314,17.246486148086774,366.9127040604885,143.3625365056919,6.73866010262863
2024-01-25,0,2453.5,-0.13641792655827256,43.34140435835351,4385,0.04700433088641038,0.13894781354045896,0.10112714869779314,17.246486148086774,366.9127040604885,142.26086281768053,6.686876668068492
2024-01-26,0,2451.5,-0.13518185345891975,43.872549019607845,4385,0.04700433088641038,0.13894781354045896,0.10112714869779314,17.246486148086774,366.9127040604885,142.1448971663109,6.681425780220056
2024-01-29,0,2446.5,-0.13466435894775558,43.37936636880585,4385,0.04700433088641038,0.13894781354045896,0.10112714869779314,17.246486148086774,366.9127040604885,141.85498303788685,6.667798560598967
2024-01-30,0,2427.0,-0.138983098951312,39.022369511184756,4385,0.04700433088641038,0.13894781354045896,0.10112714869779314,17.246486148086774,366.9127040604885,140.72431793703308,6.614652404076718
2024-01-31,0,2464.0,-0.12288612233080666,38.71773522064946,4385,0.04700433088641038,0.13894781354045896,0.10112714869779314,17.246486148086774,366.9127040604885,142.86968248737102,6.715493829272779
2024-02-01,0,2366.5,-0.15408628927520343,32.04379562043796,4385,0.04700433088641038,0.13894781354045896,0.10112714869779314,17.246486148086774,366.9127040604885,137.2163569831021,6.4497630466615385
2024-02-02,0,2402.5,-0.1374213716047374,39.33795227097768,4385,0.04700433088641038,0.13894781354045896,0.10112714869779314,17.246486148086774,366.9127040604885,139.30373870775523,6.547879027933381
2024-02-05,0,2468.0,-0.11072035974748501,50.95238095238095,4385,0.04700433088641038,0.13894781354045896,0.10112714869779314,17.246486148086774,366.9127040604885,143.10161379011026,6.7263956049696505
2024-02-06,0,2442.5,-0.11742175135322644,47.734375,4385,0.04700433088641038,0.13894781354045896,0.10112714869779314,17.246486148086774,366.9127040604885,141.6230517351476,6.656896784902095
2024-02-07,0,2437.5,-0.1163398282104205,45.24193548387097,4385,0.04700433088641038,0.13894781354045896,0.10112714869779314,17.246486148086774,366.9127040604885,141.33313760672357,6.643269565281006
2024-02-08,0,2378.5,-0.13480355900020125,38.40803709428129,4385,0.04700433088641038,0.13894781354045896,0.10112714869779314,17.246486148086774,366.9127040604885,137.9121508913198,6.482468373752153
2024-02-09,0,2435.0,-0.11162296329987378,43.27402135231316,4385,0.04700433088641038,0.13894781354045896,0.10112714869779314,17.246486148086774,366.9127040604885,141.18818054251156,6.636455955470462
2024-02-13,0,2435.5,-0.10875908135035832,42.8673835125448,4385,0.07348784624081402,0.13560662143160643,0.0846556837616089,27.885402322219083,379.45597467696587,87.33960413615385,6.418399399491237
2024-02-14,0,2120.5,-0.22080165013914477,30.035158211953785,4385,0.07348784624081402,0.13560662143160643,0.0846556837616089,27.885402322219083,379.45597467696587,76.04337120538462,5.588263570774449
2024-02-15,0,2043.5,-0.2454527775658051,29.58931222167243,4385,0.07348784624081402,0.13560662143160643,0.0846556837616089,27.885402322219083,379.45597467696587,73.28206982230769,5.385341479310345
2024-02-16,0,2126.5,-0.21103597364307344,37.43263106320432,4385,0.07348784624081402,0.13560662143160643,0.0846556837616089,27.885402322219083,379.45597467696587,76.25853754692308,5.604075681797625
2024-02-19,0,2192.0,-0.183639013514151,39.593188268684955,4385,0.07348784624081402,0.13560662143160643,0.0846556837616089,27.885402322219083,379.45597467696587,78.60743677538461,5.776691227133973
2024-02-20,0,2144.5,-0.19806593472342712,34.883720930232556,4385,0.07348784624081402,0.13560662143160643,0.0846556837616089,27.885402322219083,379.45597467696587,76.90403657153847,5.651512014867157
2024-02-21,0,2121.5,-0.2034218628751659,34.58823529411765,4385,0.07348784624081402,0.13560662143160643,0.0846556837616089,27.885402322219083,379.45597467696587,76.0792322623077,5.590898922611645
2024-02-22,0,2089.0,-0.21202717858705544,32.104526364909006,4385,0.07348784624081402,0.13560662143160643,0.0846556837616089,27.885402322219083,379.45597467696587,74.9137479123077,5.505249987902769
2024-02-26,0,2119.0,-0.1971660225808896,34.54965357967667,4385,0.07348784624081402,0.13560662143160643,0.0846556837616089,27.885402322219083,379.45597467696587,75.98957962,5.584310543018654
2024-02-27,0,2055.5,-0.21670769535626364,32.69230769230769,4385,0.07348784624081402,0.13560662143160643,0.0846556837616089,27.885402322219083,379.45597467696587,73.71240250538462,5.416965701356698
2024-02-28,0,2077.5,-0.20340035890121017,34.10852713178295,4385,0.07348784624081402,0.13560662143160643,0.0846556837616089,27.885402322219083,379.45597467696587,74.5013457576923,5.474943441775014
2024-02-29,0,2041.5,-0.2123822334933989,33.63057324840764,4385,0.07348784624081402,0.13560662143160643,0.0846556837616089,27.885402322219083,379.45597467696587,73.21034770846154,5.380070775635952
2024-03-01,0,2114.0,-0.17969386620033473,35.57295960428689,4385,0.07348784624081402,0.13560662143160643,0.0846556837616089,27.885402322219083,379.45597467696587,75.81027433538462,5.571133783832674
2024-03-04,0,2084.5,-0.1857633915783443,37.685589519650655,4385,0.07348784624081402,0.13560662143160643,0.0846556837616089,27.885402322219083,379.45597467696587,74.75237315615385,5.493390904635387
2024-03-05,1,2018.5,-0.20621708137471068,33.65957446808511,4385,0.07348784624081402,0.13560662143160643,0.0846556837616089,27.885402322219083,379.45597467696587,72.38554339923077,5.319457683380441
2024-03-06,1,2034.0,-0.19486571859092272,30.71111111111111,4385,0.07348784624081402,0.13560662143160643,0.0846556837616089,27.885402322219083,379.45597467696587,72.94138978153846,5.360305636856981
2024-03-07,1,1987.0,-0.20859985502282188,30.135194068905363,4385,0.07348784624081402,0.13560662143160643,0.0846556837616089,27.885402322219083,379.45597467696587,71.25592010615385,5.236444100508762
2024-03-08,1,1982.5,-0.20549573859841305,30.148342059336827,4385,0.07348784624081402,0.13560662143160643,0.0846556837616089,27.885402322219083,379.45597467696587,71.09454535,5.224585017241379
2024-03-11,1,1985.5,-0.19932413359249618,31.972477064220186,4385,0.07348784624081402,0.13560662143160643,0.0846556837616089,27.885402322219083,379.45597467696587,71.20212852076924,5.232491072752968
2024-03-12,1,2014.0,-0.18306972165960433,30.178907721280595,4385,0.07348784624081402,0.13560662143160643,0.0846556837616089,27.885402322219083,379.45597467696587,72.22416864307692,5.307598600113058
2024-03-13,1,1973.0,-0.19473989241431097,29.02494331065759,4385,0.07348784624081402,0.13560662143160643,0.0846556837616089,27.885402322219083,379.45597467696587,70.75386530923078,5.199549174788015
2024-03-14,1,1987.0,-0.18376680459971578,41.67186525265128,4385,0.07348784624081402,0.13560662143160643,0.0846556837616089,27.885402322219083,379.45597467696587,71.25592010615385,5.236444100508762
2024-03-15,1,1955.5,-0.19206678859459703,44.179894179894184,4385,0.07348784624081402,0.13560662143160643,0.0846556837616089,27.885402322219083,379.45597467696587,70.12629681307693,5.153430517637083
2024-03-18,1,1978.0,-0.1782187815923223,39.32422717469447,4385,0.07348784624081402,0.13560662143160643,0.0846556837616089,27.885402322219083,379.45597467696587,70.93317059384616,5.212725933973997
2024-03-19,1,1980.0,-0.17307049782826597,33.22784810126582,4385,0.07348784624081402,0.13560662143160643,0.0846556837616089,27.885402322219083,379.45597467696587,71.0048927076923,5.217996637648389
2024-03-21,1,1995.0,-0.1624474168115066,37.53127606338616,4385,0.07348784624081402,0.13560662143160643,0.0846556837616089,27.885402322219083,379.45597467696587,71.54280856153846,5.257526915206331
2024-03-22,1,1992.5,-0.15907927093474092,38.86010362694301,4385,0.07348784624081402,0.13560662143160643,0.0846556837616089,27.885402322219083,379.45597467696587,71.45315591923077,5.250938535613341
2024-03-25,1,1962.0,-0.16788952694392378,38.9948006932409,4385,0.07348784624081402,0.13560662143160643,0.0846556837616089,27.885402322219083,379.45597467696587,70.35939368307693,5.170560304578858
2024-03-26,1,1960.5,-0.16452405642285892,35.55150410209663,4385,0.07348784624081402,0.13560662143160643,0.0846556837616089,27.885402322219083,379.45597467696587,70.30560209769232,5.166607276823064
2024-03-27,0,1955.5,-0.16263913193661386,39.79591836734694,4385,0.07348784624081402,0.13560662143160643,0.0846556837616089,27.885402322219083,379.45597467696587,70.12629681307693,5.153430517637083
2024-03-28,1,1928.5,-0.17057093048594463,34.94949494949495,4385,0.07348784624081402,0.13560662143160643,0.0846556837616089,27.885402322219083,379.45597467696587,69.15804827615385,5.082276018032787
2024-03-29,0,1967.0,-0.15022119306006768,42.51256281407036,4385,0.07348784624081402,0.13560662143160643,0.0846556837616089,27.885402322219083,379.45597467696587,70.53869896769231,5.183737063764839
2024-04-01,1,1915.0,-0.16917096422445835,29.140461215932916,4385,0.07348784624081402,0.13560662143160643,0.0846556837616089,27.885402322219083,379.45597467696587,68.6739240076923,5.046698768230638
2024-04-02,1,1900.5,-0.1719050468549385,30.086580086580085,4385,0.07348784624081402,0.13560662143160643,0.0846556837616089,27.885402322219083,379.45597467696587,68.1539386823077,5.008486166591294
2024-04-03,1,1863.0,-0.18438049984968896,32.0645905420992,4385,0.07348784624081402,0.13560662143160643,0.0846556837616089,27.885402322219083,379.45597467696587,66.80914904769232,4.909660472696438
2024-04-04,1,1836.5,-0.19215068710080416,27.78402699662543,4385,0.07348784624081402,0.13560662143160643,0.0846556837616089,27.885402322219083,379.45597467696587,65.85883103923078,4.83982364901074
2024-04-05,1,1822.5,-0.1944608965462373,30.01215066828675,4385,0.07348784624081402,0.13560662143160643,0.0846556837616089,27.885402322219083,379.45597467696587,65.3567762423077,4.802928723289994
2024-04-08,1,1834.0,-0.18561761031610233,32.25806451612904,4385,0.07348784624081402,0.13560662143160643,0.0846556837616089,27.885402322219083,379.45597467696587,65.76917839692308,4.83323526941775
2024-04-09,1,1894.0,-0.15509293680297392,40.37854889589905,4385,0.07348784624081402,0.13560662143160643,0.0846556837616089,27.885402322219083,379.45597467696587,67.9208418123077,4.9913563796495195
2024-04-10,1,1849.5,-0.17129671117483652,33.26551373346898,4385,0.07348784624081402,0.13560662143160643,0.0846556837616089,27.885402322219083,379.45597467696587,66.32502477923077,4.87408322289429
2024-04-11,1,1794.0,-0.19236240748632935,32.312252964426875,4385,0.07348784624081402,0.13560662143160643,0.0846556837616089,27.885402322219083,379.45597467696587,64.33473612,4.727821195929904
2024-04-12,1,1809.5,-0.18120689967239229,32.51231527093596,4385,0.07348784624081402,0.13560662143160643,0.0846556837616089,27.885402322219083,379.45597467696587,64.8905825023077,4.768669149406444
2024-04-15,1,1745.5,-0.20626138730321372,30.555555555555557,4385,0.07348784624081402,0.13560662143160643,0.0846556837616089,27.885402322219083,379.45597467696587,62.59547485923078,4.60000663182589
2024-04-16,1,1772.0,-0.19046096212709585,31.066176470588232,4385,0.07348784624081402,0.13560662143160643,0.0846556837616089,27.885402322219083,379.45597467696587,63.54579286769231,4.669843455511589
2024-04-17,1,1740.5,-0.2010264320011752,29.119442022667826,4385,0.07348784624081402,0.13560662143160643,0.0846556837616089,27.885402322219083,379.45597467696587,62.41616957461539,4.5868298726399095
2024-04-18,1,1745.5,-0.19487512223322406,27.861579414374447,4385,0.07348784624081402,0.13560662143160643,0.0846556837616089,27.885402322219083,379.45597467696587,62.59547485923078,4.60000663182589
2024-04-19,1,1730.5,-0.1977035297026643,27.256944444444457,4385,0.07348784624081402,0.13560662143160643,0.0846556837616089,27.885402322219083,379.45597467696587,62.05755900538462,4.560476354267948
2024-04-22,1,1777.5,-0.17170452568531452,34.43037974683544,4385,0.07348784624081402,0.13560662143160643,0.0846556837616089,27.885402322219083,379.45597467696587,63.743028680769235,4.684337890616167
2024-04-23,1,1749.5,-0.18035731017896744,32.95638126009693,4385,0.07348784624081402,0.13560662143160643,0.0846556837616089,27.885402322219083,379.45597467696587,62.73891908692308,4.610548039174675
2024-04-24,1,1808.5,-0.14882101002494463,39.07875185735513,4385,0.07348784624081402,0.13560662143160643,0.0846556837616089,27.885402322219083,379.45597467696587,64.85472144538461,4.766033797569248
2024-04-25,1,1783.5,-0.15702987143937475,39.195230998509686,4385,0.07348784624081402,0.13560662143160643,0.0846556837616089,27.885402322219083,379.45597467696587,63.9581950223077,4.700150001639344
2024-04-26,1,1779.5,-0.15523647365622706,35.27101335428122,4385,0.07348784624081402,0.13560662143160643,0.0846556837616089,27.885402322219083,379.45597467696587,63.814750794615385,4.68960859429056
2024-04-30,1,1842.5,-0.12169334028245651,44.401544401544406,4385,0.07348784624081402,0.13560662143160643,0.0846556837616089,27.885402322219083,379.45597467696587,66.07399738076923,4.855635760033917
2024-05-01,1,1806.5,-0.13488430005363566,42.9745889387145,4385,0.07348784624081402,0.13560662143160643,0.0846556837616089,27.885402322219083,379.45597467696587,64.78299933153846,4.760763093894855
2024-05-02,1,1766.5,-0.1498982989945396,42.81459419210722,4385,0.07348784624081402,0.13560662143160643,0.0846556837616089,27.885402322219083,379.45597467696587,63.34855705461539,4.65534902040701
2024-05-07,1,1803.0,-0.12823868434794372,47.54218635363169,4385,0.07348784624081402,0.13560662143160643,0.0846556837616089,27.885402322219083,379.45597467696587,64.6574856323077,4.751539362464669
2024-05-08,1,1782.5,-0.1340445584477415,47.093023255813954,4385,0.07348784624081402,0.13560662143160643,0.0846556837616089,27.885402322219083,379.45597467696587,63.92233396538462,4.697514649802148
2024-05-09,1,1758.0,-0.1420679513415558,44.57917261055635,4385,0.13024653702518932,0.138619967083146,0.09086585556296937,53.486490356726115,410.655757752561,32.868112831391365,4.280957874841915
2024-05-10,0,1918.0,-0.06114470511067532,51.49812734082397,4385,0.13024653702518932,0.138619967083146,0.09086585556296937,53.486490356726115,410.655757752561,35.85952241786612,4.670578614304206
2024-05-13,1,1867.5,-0.08260411071957247,51.11524163568773,4385,0.13024653702518932,0.138619967083146,0.09086585556296937,53.486490356726115,410.655757752561,34.915358767135025,4.547604568411421
2024-05-14,1,2000.0,-0.014525888404911612,61.65158371040724,4385,0.13024653702518932,0.138619967083146,0.09086585556296937,53.486490356726115,410.655757752561,37.39261983093443,4.87025924327863
2024-05-15,1,1928.5,-0.04649599019055246,56.329787234042556,4385,0.13024653702518932,0.138619967083146,0.09086585556296937,53.486490356726115,410.655757752561,36.055833671978526,4.6961474753314185
2024-05-16,1,1872.0,-0.0707525316036799,56.7828418230563,4385,0.13024653702518932,0.138619967083146,0.09086585556296937,53.486490356726115,410.655757752561,34.999492161754624,4.558562651708797
2024-05-17,1,1880.0,-0.0632256264263387,55.908096280087534,4385,0.13024653702518932,0.138619967083146,0.09086585556296937,53.486490356726115,410.655757752561,35.14906264107836,4.5780436886819125
2024-05-20,1,1931.5,-0.034227465307523866,60.224839400428266,4385,0.13024653702518932,0.138619967083146,0.09086585556296937,53.486490356726115,410.655757752561,36.11192260172493,4.703452864196337
2024-05-21,1,1853.0,-0.06979779522499546,55.33498759305211,4385,0.13024653702518932,0.138619967083146,0.09086585556296937,53.486490356726115,410.655757752561,34.644262273360745,4.51229518889765
2024-05-22,1,1868.0,-0.05874606971056942,56.82382133995038,4385,0.13024653702518932,0.138619967083146,0.09086585556296937,53.486490356726115,410.655757752561,34.92470692209275,4.54882213322224
2024-05-23,1,1873.5,-0.052214618879149584,54.96894409937888,4385,0.13024653702518932,0.138619967083146,0.09086585556296937,53.486490356726115,410.655757752561,35.02753662662783,4.562215346141256
2024-05-24,1,1857.0,-0.057322124756335316,55.63122053431116,4385,0.13024653702518932,0.138619967083146,0.09086585556296937,53.486490356726115,410.655757752561,34.719047513022616,4.522035707384208
2024-05-27,1,1868.0,-0.04829511682330283,53.28185328185329,4385,0.13024653702518932,0.138619967083146,0.09086585556296937,53.486490356726115,410.655757752561,34.92470692209275,4.54882213322224
2024-05-28,1,1860.0,-0.048440841328362974,54.30016863406408,4385,0.13024653702518932,0.138619967083146,0.09086585556296937,53.486490356726115,410.655757752561,34.77513644276902,4.529341096249126
2024-05-29,1,1779.0,-0.08574189039181018,49.974133471288155,4385,0.13024653702518932,0.138619967083146,0.09086585556296937,53.486490356726115,410.655757752561,33.260735339616176,4.332095596896341
2024-05-30,1,1765.0,-0.08873751854363213,45.77656675749319,4385,0.13024653702518932,0.138619967083146,0.09086585556296937,53.486490356726115,410.655757752561,32.99898700079963,4.2980037821933905
2024-05-31,1,1833.0,-0.05006218905472632,51.39547130068457,4385,0.13024653702518932,0.138619967083146,0.09086585556296937,53.486490356726115,410.655757752561,34.270336075051404,4.463592596464864
2024-06-03,1,2048.0,0.06420569100621476,62.516674077367725,4385,0.13024653702518932,0.138619967083146,0.09086585556296937,53.486490356726115,410.655757752561,38.290042706876854,4.987145465117317
2024-06-04,1,2091.0,0.08914948068769386,62.73209549071618,4385,0.13024653702518932,0.138619967083146,0.09086585556296937,53.486490356726115,410.655757752561,39.093984033241945,5.091856038847808
2024-06-05,1,2098.0,0.0929663948432269,64.11633109619687,4385,0.13024653702518932,0.138619967083146,0.09086585556296937,53.486490356726115,410.655757752561,39.22485820265022,5.108901946199283
2024-06-06,1,2090.0,0.08844718340421834,65.07720254314259,4385,0.13024653702518932,0.138619967083146,0.09086585556296937,53.486490356726115,410.655757752561,39.075287723326475,5.089420909226168
2024-06-07,1,2151.0,0.12002471587161631,61.626746506986024,4385,0.13024653702518932,0.138619967083146,0.09086585556296937,53.486490356726115,410.655757752561,40.215762628169976,5.237963816146166
2024-06-10,1,2123.0,0.10597493887530567,63.0423685553854,4385,0.13024653702518932,0.138619967083146,0.09086585556296937,53.486490356726115,410.655757752561,39.69226595053689,5.169780186740265
2024-06-11,1,2192.0,0.1415437921612604,60.48034934497816,4385,0.13024653702518932,0.138619967083146,0.09086585556296937,53.486490356726115,410.655757752561,40.982311334704136,5.337804130633378
2024-06-12,1,2158.0,0.12355260600338763,63.062037564029595,4385,0.13024653702518932,0.138619967083146,0.09086585556296937,53.486490356726115,410.655757752561,40.34663679757825,5.255009723497642
2024-06-13,1,2148.5,0.11814463106691693,66.6265784726398,4385,0.13024653702518932,0.138619967083146,0.09086585556296937,53.486490356726115,410.655757752561,40.16902185338131,5.231875992092068
2024-06-14,1,2167.5,0.1276533018867924,67.06231454005935,4385,0.13024653702518932,0.138619967083146,0.09086585556296937,53.486490356726115,410.655757752561,40.52425174177519,5.278143454903215
2024-06-17,1,2094.0,0.08912367326983285,59.3984962406015,4385,0.13024653702518932,0.138619967083146,0.09086585556296937,53.486490356726115,410.655757752561,39.15007296298835,5.099161427712725
2024-06-18,1,2027.5,0.05490171593877147,60.23460410557185,4385,0.13024653702518932,0.138619967083146,0.09086585556296937,53.486490356726115,410.655757752561,37.90676835360978,4.937225307873711
2024-06-19,1,2024.0,0.05320853945369143,59.274673008323425,4385,0.13024653702518932,0.138619967083146,0.09086585556296937,53.486490356726115,410.655757752561,37.84133126890564,4.9287023541979735
2024-06-20,1,1983.0,0.0328125,56.24643468339988,4385,0.13024653702518932,0.138619967083146,0.09086585556296937,53.486490356726115,410.655757752561,37.07478256237149,4.828862039710762
2024-06-21,1,2010.5,0.047673804594027494,58.647887323943664,4385,0.13024653702518932,0.138619967083146,0.09086585556296937,53.486490356726115,410.655757752561,37.58893108504683,4.895828104305843
2024-06-24,1,1915.5,-0.0011159550280553702,52.44467318579516,4385,0.13024653702518932,0.138619967083146,0.09086585556296937,53.486490356726115,410.655757752561,35.81278164307745,4.664490790250108
2024-06-25,1,1967.0,0.026218036116753385,55.27093596059114,4385,0.13024653702518932,0.138619967083146,0.09086585556296937,53.486490356726115,410.655757752561,36.77564160372401,4.7898999657645325
2024-06-26,1,1958.0,0.021728693982341576,59.49098621420997,4385,0.13024653702518932,0.138619967083146,0.09086585556296937,53.486490356726115,410.655757752561,36.60737481448481,4.767983799169778
2024-06-27,1,2009.0,0.04814839290869438,62.44897959183674,4385,0.13024653702518932,0.138619967083146,0.09086585556296937,53.486490356726115,410.655757752561,37.56088662017363,4.892175409873384
2024-06-28,1,1997.5,0.04206155162399886,58.906334596643205,4385,0.13024653702518932,0.138619967083146,0.09086585556296937,53.486490356726115,410.655757752561,37.34587905614576,4.864171419224531
2024-07-01,1,2103.0,0.09642034138660942,53.37837837837837,4385,0.13024653702518932,0.138619967083146,0.09086585556296937,53.486490356726115,410.655757752561,39.31833975222755,5.121077594307479
2024-07-02,1,2228.0,0.15953493697500856,57.645089285714285,4385,0.13024653702518932,0.138619967083146,0.09086585556296937,53.486490356726115,410.655757752561,41.655378491660954,5.425468797012393
2024-07-03,1,2242.0,0.16476003449601537,57.9734219269103,4385,0.13024653702518932,0.138619967083146,0.09086585556296937,53.486490356726115,410.655757752561,41.91712683047749,5.459560611715344
2024-07-04,1,2307.5,0.19587261991548996,61.32222800624674,4385,0.13024653702518932,0.138619967083146,0.09086585556296937,53.486490356726115,410.655757752561,43.1417351299406,5.619061601932719
2024-07-05,1,2407.5,0.2440060353023852,62.83141570785393,4385,0.13024653702518932,0.138619967083146,0.09086585556296937,53.486490356726115,410.655757752561,45.01136612148732,5.862574564096651
2024-07-08,1,2454.0,0.2639060568603214,66.2573673870334,4385,0.13024653702518932,0.138619967083146,0.09086585556296937,53.486490356726115,410.655757752561,45.88074453255654,5.975808091502879
2024-07-09,1,2446.5,0.2561485300007189,63.30371144798745,4385,0.13024653702518932,0.138619967083146,0.09086585556296937,53.486490356726115,410.655757752561,45.74052220819054,5.957544619340584
2024-07-10,1,2396.5,0.22708234482899872,62.26221079691516,4385,0.13024653702518932,0.138619967083146,0.09086585556296937,53.486490356726115,410.655757752561,44.80570671241718,5.835788138258618
2024-07-11,1,2324.0,0.18702647484464124,58.47416706904876,4385,0.13024653702518932,0.138619967083146,0.09086585556296937,53.486490356726115,410.655757752561,43.450224243545804,5.659241240689768
2024-07-12,1,2389.0,0.21667594692597072,60.24040684234859,4385,0.13024653702518932,0.138619967083146,0.09086585556296937,53.486490356726115,410.655757752561,44.665484388051176,5.817524666096324
2024-07-16,1,2378.0,0.2076092586762002,63.93523061825319,4385,0.13024653702518932,0.138619967083146,0.09086585556296937,53.486490356726115,410.655757752561,44.45982497898103,5.790738240258291
2024-07-17,1,2462.5,0.24601528108080759,70.97396335583413,4385,0.13024653702518932,0.138619967083146,0.09086585556296937,53.486490356726115,410.655757752561,46.03966316683802,5.996506693286813
2024-07-18,1,2344.5,0.18329407806191123,63.91663048198003,4385,0.13024653702518932,0.138619967083146,0.09086585556296937,53.486490356726115,410.655757752561,43.83349859681288,5.709161397933374
2024-07-19,1,2339.5,0.17740707064945696,65.97938144329896,4385,0.13024653702518932,0.138619967083146,0.09086585556296937,53.486490356726115,410.655757752561,43.74001704723555,5.696985749825177
2024-07-22,1,2266.0,0.13762634714505662,60.99870856650882,4385,0.13024653702518932,0.138619967083146,0.09086585556296937,53.486490356726115,410.655757752561,42.365838268448705,5.518003722634687
2024-07-23,1,2276.0,0.1394965387876078,66.74407803065489,4385,0.13024653702518932,0.138619967083146,0.09086585556296937,53.486490356726115,410.655757752561,42.55280136760338,5.54235501885108
2024-07-24,0,2286.5,0.14132496522532004,65.42732979237084,4385,0.13024653702518932,0.138619967083146,0.09086585556296937,53.486490356726115,410.655757752561,42.74911262171579,5.567923879878293
2024-07-25,0,2190.5,0.09073435975063239,60.356347438752785,4385,0.13024653702518932,0.138619967083146,0.09086585556296937,53.486490356726115,410.655757752561,40.95426686983093,5.334151436200919
2024-07-26,0,2189.5,0.08766927303255806,58.41491841491841,4385,0.13024653702518932,0.138619967083146,0.09086585556296937,53.486490356726115,410.655757752561,40.93557055991547,5.33171630657928
2024-07-29,0,2322.5,0.150473894521317,63.609715242881066,4385,0.13024653702518932,0.138619967083146,0.09086585556296937,53.486490356726115,410.655757752561,43.42217977867261,5.655588546257309
2024-07-30,0,2279.5,0.12597556558105838,57.79938135218736,4385,0.13024653702518932,0.138619967083146,0.09086585556296937,53.486490356726115,410.655757752561,42.618238452307516,5.550877972526818
2024-07-31,0,2235.0,0.10079723659670603,50.33301617507136,4385,0.13024653702518932,0.138619967083146,0.09086585556296937,53.486490356726115,410.655757752561,41.78625266106923,5.442514704363869
2024-08-01,0,2163.5,0.06311013562209268,46.45917907081642,4385,0.13024653702518932,0.138619967083146,0.09086585556296937,53.486490356726115,410.655757752561,40.44946650211332,5.268402936416658
2024-08-02,1,1978.0,-0.02951999345817323,36.58933658933659,4385,0.13024653702518932,0.138619967083146,0.09086585556296937,53.486490356726115,410.655757752561,36.98130101279415,4.816686391602565
2024-08-05,1,1805.0,-0.11459133852860283,26.85363042643104,4385,0.13024653702518932,0.138619967083146,0.09086585556296937,53.486490356726115,410.655757752561,33.74683939741832,4.395408967058963
2024-08-06,1,2000.0,-0.020600045705331173,34.34482758620689,4385,0.13024653702518932,0.138619967083146,0.09086585556296937,53.486490356726115,410.655757752561,37.39261983093443,4.87025924327863
2024-08-07,0,2012.5,-0.016193896572851404,35.08591065292096,4385,0.13024653702518932,0.138619967083146,0.09086585556296937,53.486490356726115,410.655757752561,37.62632370487777,4.900698363549122
2024-08-08,0,2085.5,0.017138453734953797,39.47902571041949,4385,0.13024653702518932,0.138619967083146,0.09086585556296937,53.486490356726115,410.655757752561,38.99115432870688,5.078462825928791
2024-08-09,0,2100.0,0.022066911313794083,42.112676056338024,4385,0.13024653702518932,0.138619967083146,0.09086585556296937,53.486490356726115,410.655757752561,39.26225082248115,5.113772205442562
2024-08-13,0,2175.0,0.055654424850347765,42.51748251748252,4385,0.1865825767551459,0.1437801555683546,0.09330494591984291,82.13455386220029,440.2048427597088,26.480937653220415,4.94088158223023
2024-08-14,0,2021.0,-0.02043783827449706,38.65225683407501,4385,0.1865825767551459,0.1437801555683546,0.09330494591984291,82.13455386220029,440.2048427597088,24.605965515934923,4.591044449511401
2024-08-15,0,2096.0,0.013866494679135689,38.27950111928366,4385,0.1865825767551459,0.1437801555683546,0.09330494591984291,82.13455386220029,440.2048427597088,25.519101297080457,4.761419676484857
2024-08-16,0,2072.0,0.0003701498302139847,40.72813882272882,4385,0.1865825767551459,0.1437801555683546,0.09330494591984291,82.13455386220029,440.2048427597088,25.226897847113886,4.706899603853351
2024-08-19,0,2010.5,-0.03037093958285776,39.22018348623853,4385,0.1865825767551459,0.1437801555683546,0.09330494591984291,82.13455386220029,440.2048427597088,24.47812650657455,4.567191917735117
2024-08-20,0,2185.0,0.05122875892461945,47.51075599262445,4385,0.1865825767551459,0.1437801555683546,0.09330494591984291,82.13455386220029,440.2048427597088,26.602689090706487,4.963598279160025
2024-08-21,0,2210.0,0.060240193178001986,47.990255785627284,4385,0.1865825767551459,0.1437801555683546,0.09330494591984291,82.13455386220029,440.2048427597088,26.907067684421662,5.02039002148451
2024-08-22,0,2377.0,0.1361862000618203,52.51598554350848,4385,0.1865825767551459,0.1437801555683546,0.09330494591984291,82.13455386220029,440.2048427597088,28.940316690439047,5.3997588602120725
2024-08-23,0,2340.0,0.11454046639231825,54.29721184248347,4385,0.1865825767551459,0.1437801555683546,0.09330494591984291,82.13455386220029,440.2048427597088,28.489836371740584,5.315707081571834
2024-08-26,0,2299.0,0.0912629347172559,53.07670694015173,4385,0.1865825767551459,0.1437801555683546,0.09330494591984291,82.13455386220029,440.2048427597088,27.990655478047696,5.2225686241596785
2024-08-27,0,2228.5,0.05572417103821162,47.262667443214916,4385,0.1865825767551459,0.1437801555683546,0.09330494591984291,82.13455386220029,440.2048427597088,27.132307843770896,5.06241591080463
2024-08-28,0,2230.0,0.05402135141607542,48.52282900626679,4385,0.1865825767551459,0.1437801555683546,0.09330494591984291,82.13455386220029,440.2048427597088,27.150570559393806,5.065823415344099
2024-08-29,0,2275.5,0.07366305240211754,51.20787354607815,4385,0.1865825767551459,0.1437801555683546,0.09330494591984291,82.13455386220029,440.2048427597088,27.704539599955428,5.1691843863746625
2024-08-30,0,2373.5,0.11677650667979929,56.16559013505579,4385,0.1865825767551459,0.1437801555683546,0.09330494591984291,82.13455386220029,440.2048427597088,28.897703687318923,5.391808016286645
2024-09-02,0,2358.5,0.10634205835444216,62.41435562805873,4385,0.1865825767551459,0.1437801555683546,0.09330494591984291,82.13455386220029,440.2048427597088,28.715076531089817,5.357732970891954
2024-09-03,0,2505.5,0.17071780350818178,73.24925323597743,4385,0.1865825767551459,0.1437801555683546,0.09330494591984291,82.13455386220029,440.2048427597088,30.50482266213506,5.691668415759928
2024-09-04,0,2343.0,0.09198866531611594,61.63500678426051,4385,0.1865825767551459,0.1437801555683546,0.09330494591984291,82.13455386220029,440.2048427597088,28.526361802986408,5.322522090650772
2024-09-05,0,2438.5,0.13237775335510732,63.680154142581884,4385,0.1865825767551459,0.1437801555683546,0.09330494591984291,82.13455386220029,440.2048427597088,29.689088030978382,5.539466546330307
2024-09-06,0,2374.0,0.09898249219972419,59.31546658056184,4385,0.1865825767551459,0.1437801555683546,0.09330494591984291,82.13455386220029,440.2048427597088,28.903791259193227,5.3929438511331345
2024-09-09,0,2496.0,0.15103667084778277,61.95652173913044,4385,0.1865825767551459,0.1437801555683546,0.09330494591984291,82.13455386220029,440.2048427597088,30.38915879652329,5.670087553676623
2024-09-10,0,2465.0,0.13250716718531771,58.99503722084367,4385,0.1865825767551459,0.1437801555683546,0.09330494591984291,82.13455386220029,440.2048427597088,30.01172934031647,5.599665793194261
2024-09-11,0,2366.5,0.08394277600500796,61.09861869579184,4385,0.1865825767551459,0.1437801555683546,0.09330494591984291,82.13455386220029,440.2048427597088,28.812477681078672,5.375906328435789
2024-09-12,0,2410.0,0.10017194941948053,60.295081967213115,4385,0.1865825767551459,0.1437801555683546,0.09330494591984291,82.13455386220029,440.2048427597088,29.34209643414308,5.474723960080394
2024-09-13,0,2391.5,0.08767168976077146,60.51332675222112,4385,0.1865825767551459,0.1437801555683546,0.09330494591984291,82.13455386220029,440.2048427597088,29.11685627479385,5.432698070760274
2024-09-17,0,2497.5,0.13085804844917365,65.5690537084399,4385,0.1865825767551459,0.1437801555683546,0.09330494591984291,82.13455386220029,440.2048427597088,30.4074215121462,5.673495058216092
2024-09-18,0,2551.5,0.1503191949794417,62.694838933148596,4385,0.1865825767551459,0.1437801555683546,0.09330494591984291,82.13455386220029,440.2048427597088,31.064879274570984,5.796165221636981
2024-09-19,0,2717.5,0.22024780647266437,66.01451562006942,4385,0.1865825767551459,0.1437801555683546,0.09330494591984291,82.13455386220029,440.2048427597088,33.08595313683976,6.173262390671564
2024-09-20,0,2684.5,0.2011615628299894,60.59979317476733,4385,0.1865825767551459,0.1437801555683546,0.09330494591984291,82.13455386220029,440.2048427597088,32.68417339313573,6.098297290803243
2024-09-24,0,2628.0,0.1721746784102195,59.79591836734694,4385,0.1865825767551459,0.1437801555683546,0.09330494591984291,82.13455386220029,440.2048427597088,31.996277771339425,5.969947953149906
2024-09-25,0,2620.0,0.16493457988249874,61.16910229645094,4385,0.1865825767551459,0.1437801555683546,0.09330494591984291,82.13455386220029,440.2048427597088,31.89887662135057,5.9517745956060715
2024-09-26,0,2609.0,0.15690239273488363,63.811252268602544,4385,0.1865825767551459,0.1437801555683546,0.09330494591984291,82.13455386220029,440.2048427597088,31.76495004011589,5.926786228983297
2024-09-27,0,2679.5,0.18426751761263693,65.53750432077427,4385,0.1865825767551459,0.1437801555683546,0.09330494591984291,82.13455386220029,440.2048427597088,32.62329767439269,6.086938942338346
2024-09-30,0,2507.0,0.10597411305905283,57.35621226564983,4385,0.1865825767551459,0.1437801555683546,0.09330494591984291,82.13455386220029,440.2048427597088,30.52308537775797,5.695075920299397
2024-10-01,0,2494.0,0.0980689132904202,54.04769902586496,4385,0.1865825767551459,0.1437801555683546,0.09330494591984291,82.13455386220029,440.2048427597088,30.364808509026076,5.665544214290665
2024-10-02,0,2426.5,0.066609034564609,52.20635950681376,4385,0.1865825767551459,0.1437801555683546,0.09330494591984291,82.13455386220029,440.2048427597088,29.542986305995097,5.512206510014554
2024-10-03,0,2459.0,0.07905145277742016,48.3701366982124,4385,0.1865825767551459,0.1437801555683546,0.09330494591984291,82.13455386220029,440.2048427597088,29.93867847782483,5.586035775036385
2024-10-04,0,2589.5,0.13303229984335754,58.838293295087844,4385,0.1865825767551459,0.1437801555683546,0.09330494591984291,82.13455386220029,440.2048427597088,31.527534737018055,5.882488669970199
2024-10-07,0,2653.0,0.1565960415031824,57.87155963302752,4385,0.1865825767551459,0.1437801555683546,0.09330494591984291,82.13455386220029,440.2048427597088,32.3006563650546,6.026739695474392
2024-10-08,0,2510.0,0.09117150955535838,54.71894517696044,4385,0.1865825767551459,0.1437801555683546,0.09330494591984291,82.13455386220029,440.2048427597088,30.55961080900379,5.701890929378335
2024-10-09,0,2569.0,0.11303991173089481,52.64876632801161,4385,0.1865825767551459,0.1437801555683546,0.09330494591984291,82.13455386220029,440.2048427597088,31.277944290171607,5.835919441264121
2024-10-10,0,2510.5,0.08456168242063962,51.618641053006044,4385,0.1865825767551459,0.1437801555683546,0.09330494591984291,82.13455386220029,440.2048427597088,30.565698380878093,5.703026764224825
2024-10-11,0,2448.5,0.05453945101642351,52.99488677867057,4385,0.1865825767551459,0.1437801555683546,0.09330494591984291,82.13455386220029,440.2048427597088,29.810839468464454,5.562183243260101
2024-10-15,0,2551.0,0.09501270575307348,54.93697478991597,4385,0.1865825767551459,0.1437801555683546,0.09330494591984291,82.13455386220029,440.2048427597088,31.05879170269668,5.795029386790492
2024-10-16,0,2509.0,0.07359863072314933,54.04753703065794,4385,0.1865825767551459,0.1437801555683546,0.09330494591984291,82.13455386220029,440.2048427597088,30.547435665255183,5.699619259685356
2024-10-17,0,2452.0,0.04656324337859521,48.37789661319073,4385,0.1865825767551459,0.1437801555683546,0.09330494591984291,82.13455386220029,440.2048427597088,29.85345247158458,5.570134087185529
2024-10-18,0,2389.5,0.017616830390097152,44.25939050318923,4385,0.1865825767551459,0.1437801555683546,0.09330494591984291,82.13455386220029,440.2048427597088,29.092505987296637,5.428154731374316
2024-10-21,0,2372.0,0.008623475583828092,36.31683168316831,4385,0.1865825767551459,0.1437801555683546,0.09330494591984291,82.13455386220029,440.2048427597088,28.879440971696013,5.388400511747176
2024-10-22,0,2277.0,-0.03204139932437033,34.61683654209135,4385,0.1865825767551459,0.1437801555683546,0.09330494591984291,82.13455386220029,440.2048427597088,27.72280231557834,5.1725918909141315
2024-10-23,0,2166.0,-0.0788309744148068,33.248730964467015,4385,0.1865825767551459,0.1437801555683546,0.09330494591984291,82.13455386220029,440.2048427597088,26.37136135948295,4.920436554993416
2024-10-24,0,2120.0,-0.09743450014049373,32.35709244883557,4385,0.1865825767551459,0.1437801555683546,0.09330494591984291,82.13455386220029,440.2048427597088,25.811304747047025,4.815939749116363
2024-10-25,0,2096.5,-0.1058608443960455,32.07415180132914,4385,0.1865825767551459,0.1437801555683546,0.09330494591984291,82.13455386220029,440.2048427597088,25.52518886895476,4.762555511331347
2024-10-28,0,2090.0,-0.10678416657406858,28.41450018308312,4385,0.1865825767551459,0.1437801555683546,0.09330494591984291,82.13455386220029,440.2048427597088,25.446050434588813,4.7477896583269805
2024-10-29,0,2101.5,-0.10010020297525765,33.167289331672904,4385,0.1865825767551459,0.1437801555683546,0.09330494591984291,82.13455386220029,440.2048427597088,25.586064587697795,4.773913859796243
2024-10-30,0,2131.5,-0.08587055658324724,35.16168645108472,4385,0.1865825767551459,0.1437801555683546,0.09330494591984291,82.13455386220029,440.2048427597088,25.951318900156007,4.842063950585626
2024-10-31,0,2159.5,-0.07299029848610593,38.70558375634517,4385,0.1865825767551459,0.1437801555683546,0.09330494591984291,82.13455386220029,440.2048427597088,26.292222925117006,4.90567070198905
2024-11-01,0,2105.0,-0.09491432142222417,35.29900332225914,4385,0.1865825767551459,0.1437801555683546,0.09330494591984291,82.13455386220029,440.2048427597088,25.62867759081792,4.781864703721672
2024-11-05,0,2171.5,-0.06521470860872036,31.66666666666667,4385,0.039324260910370716,0.15388853011024017,0.0967634226693972,17.881030462874584,454.7073498375387,121.4415469236277,4.775599076583763
2024-11-06,1,1824.0,-0.21191801182122982,20.89185393258427,4385,0.039324260910370716,0.15388853011024017,0.0967634226693972,17.881030462874584,454.7073498375387,102.00754390453461,4.011371271328015
2024-11-07,1,1828.5,-0.20761830473218926,23.49280435628161,4385,0.039324260910370716,0.15388853011024017,0.0967634226693972,17.881030462874584,454.7073498375387,102.2592072529833,4.021267746503988
2024-11-08,1,1860.0,-0.19172839756533522,21.82034976152623,4385,0.039324260910370716,0.15388853011024017,0.0967634226693972,17.881030462874584,454.7073498375387,104.02085069212411,4.090543072735804
2024-11-11,1,1848.0,-0.19499339325385873,22.657862154354106,4385,0.039324260910370716,0.15388853011024017,0.0967634226693972,17.881030462874584,454.7073498375387,103.34974842959429,4.064152472266541
2024-11-12,1,1811.5,-0.20875847368788877,23.145025295109605,4385,0.039324260910370716,0.15388853011024017,0.0967634226693972,17.881030462874584,454.7073498375387,101.3084790477327,3.9838810625058656
2024-11-13,1,1803.0,-0.21024736530111054,15.750915750915752,4385,0.039324260910370716,0.15388853011024017,0.0967634226693972,17.881030462874584,454.7073498375387,100.83311494510741,3.9651877205068042
2024-11-14,1,1914.0,-0.16027095959005083,24.375538329026696,4385,0.039324260910370716,0.15388853011024017,0.0967634226693972,17.881030462874584,454.7073498375387,107.04081087350836,4.209300774847489
2024-11-15,1,1925.0,-0.1541361643041068,26.3677130044843,4385,0.039324260910370716,0.15388853011024017,0.0967634226693972,17.881030462874584,454.7073498375387,107.65598794749404,4.23349215861098
2024-11-18,1,1987.0,-0.12517317491253205,31.942575145805293,4385,0.039324260910370716,0.15388853011024017,0.0967634226693972,17.881030462874584,454.7073498375387,111.12334963723151,4.369843594368841
2024-11-19,1,1970.5,-0.13086115538200052,31.971261787157616,4385,0.039324260910370716,0.15388853011024017,0.0967634226693972,17.881030462874584,454.7073498375387,110.200584026253,4.333556518723604
2024-11-20,1,2045.0,-0.09699203410087778,39.387008234217745,4385,0.039324260910370716,0.15388853011024017,0.0967634226693972,17.881030462874584,454.7073498375387,114.36701057279237,4.497398163303613
2024-11-21,1,2068.0,-0.08632222605130385,45.124378109452735,4385,0.039324260910370716,0.15388853011024017,0.0967634226693972,17.881030462874584,454.7073498375387,115.65328990930789,4.547980147536368
2024-11-22,1,2097.5,-0.0739405320445274,48.861911987860395,4385,0.039324260910370716,0.15388853011024017,0.0967634226693972,17.881030462874584,454.7073498375387,117.3030829713604,4.61285704035664
2024-11-25,1,2011.0,-0.1132062159349478,45.93437945791725,4385,0.039324260910370716,0.15388853011024017,0.0967634226693972,17.881030462874584,454.7073498375387,112.46555416229118,4.422624795307367
2024-11-26,1,1911.5,-0.15664404775560986,42.20183486238532,4385,0.039324260910370716,0.15388853011024017,0.0967634226693972,17.881030462874584,454.7073498375387,106.90099790214798,4.20380273308306
2024-11-27,1,1920.0,-0.15243263605221963,42.04993429697766,4385,0.039324260910370716,0.15388853011024017,0.0967634226693972,17.881030462874584,454.7073498375387,107.37636200477327,4.2224960750821205
2024-11-28,1,1970.5,-0.12955066172702812,43.0722891566265,4385,0.039324260910370716,0.15388853011024017,0.0967634226693972,17.881030462874584,454.7073498375387,110.200584026253,4.333556518723604
2024-11-29,1,1947.5,-0.13893727837859338,40.83837510803803,4385,0.039324260910370716,0.15388853011024017,0.0967634226693972,17.881030462874584,454.7073498375387,108.91430468973748,4.282974534490849
2024-12-02,1,1925.5,-0.14741027624113687,42.018674966651844,4385,0.039324260910370716,0.15388853011024017,0.0967634226693972,17.881030462874584,454.7073498375387,107.68395054176612,4.234591766963867
2024-12-03,1,1958.0,-0.13269705524515996,40.210912425492886,4385,0.039324260910370716,0.15388853011024017,0.0967634226693972,17.881030462874584,454.7073498375387,109.50151916945109,4.306066309901454
2024-12-04,1,1948.5,-0.13615257979375833,58.27242524916944,4385,0.039324260910370716,0.15388853011024017,0.0967634226693972,17.881030462874584,454.7073498375387,108.97022987828163,4.285173751196621
2024-12-05,1,1908.0,-0.1532870037542935,55.04121750158529,4385,0.039324260910370716,0.15388853011024017,0.0967634226693972,17.881030462874584,454.7073498375387,106.70525974224344,4.196105474612858
2024-12-06,1,1915.5,-0.1494806451899367,53.62982341399608,4385,0.039324260910370716,0.15388853011024017,0.0967634226693972,17.881030462874584,454.7073498375387,107.12469865632458,4.212599599906147
2024-12-09,1,1907.5,-0.15163905262284003,53.91190006574622,4385,0.039324260910370716,0.15388853011024017,0.0967634226693972,17.881030462874584,454.7073498375387,106.67729714797137,4.195005866259971
2024-12-10,1,1882.5,-0.1611286551618624,54.73965287049399,4385,0.039324260910370716,0.15388853011024017,0.0967634226693972,17.881030462874584,454.7073498375387,105.27916743436755,4.140025448615673
2024-12-11,1,1896.0,-0.15269133713291477,56.16710875331565,4385,0.039324260910370716,0.15388853011024017,0.0967634226693972,17.881030462874584,454.7073498375387,106.03415747971361,4.169714874143595
2024-12-12,1,1927.0,-0.13671320839244375,50.96439169139467,4385,0.039324260910370716,0.15388853011024017,0.0967634226693972,17.881030462874584,454.7073498375387,107.76783832458234,4.2378905920225245
2024-12-13,1,1918.5,-0.13856326931366442,49.51600893521966,4385,0.039324260910370716,0.15388853011024017,0.0967634226693972,17.881030462874584,454.7073498375387,107.29247422195705,4.219197250023463
2024-12-16,1,1886.5,-0.1511938328633991,42.166796570537805,4385,0.039324260910370716,0.15388853011024017,0.0967634226693972,17.881030462874584,454.7073498375387,105.50286818854416,4.148822315438761
2024-12-17,1,1857.0,-0.16259312036652895,41.3292589763178,4385,0.039324260910370716,0.15388853011024017,0.0967634226693972,17.881030462874584,454.7073498375387,103.85307512649166,4.083945422618489
2024-12-18,1,1839.0,-0.1685279463228046,32.775919732441466,4385,0.039324260910370716,0.15388853011024017,0.0967634226693972,17.881030462874584,454.7073498375387,102.84642173269691,4.044359521914594
2024-12-19,1,1833.0,-0.16853151082617635,29.77624784853701,4385,0.039324260910370716,0.15388853011024017,0.0967634226693972,17.881030462874584,454.7073498375387,102.51087060143199,4.031164221679963
2024-12-20,1,1825.0,-0.16948057267158761,25.647899910634493,4385,0.039324260910370716,0.15388853011024017,0.0967634226693972,17.881030462874584,454.7073498375387,102.06346909307877,4.013570488033787
2024-12-23,1,1830.0,-0.16377771414297118,31.06694560669456,4385,0.039324260910370716,0.15388853011024017,0.0967634226693972,17.881030462874584,454.7073498375387,102.34309503579954,4.024566571562646
2024-12-24,1,1795.5,-0.1767965595552118,35.95641646489105,4385,0.039324260910370716,0.15388853011024017,0.0967634226693972,17.881030462874584,454.7073498375387,100.41367603102626,3.9486935952135145
2024-12-25,1,1780.0,-0.18060457265613017,33.33333333333333,4385,0.039324260910370716,0.15388853011024017,0.0967634226693972,17.881030462874584,454.7073498375387,99.54683560859189,3.9146057362740496
2024-12-26,1,1772.0,-0.18126205158849953,23.708609271523173,4385,0.039324260910370716,0.15388853011024017,0.0967634226693972,17.881030462874584,454.7073498375387,99.09943410023867,3.897012002627874
2024-12-27,1,1812.0,-0.1592375602422682,32.82636248415716,4385,0.039324260910370716,0.15388853011024017,0.0967634226693972,17.881030462874584,454.7073498375387,101.33644164200479,3.984980670858752
2024-12-30,1,1793.0,-0.1645803177048711,33.07790549169859,4385,0.039324260910370716,0.15388853011024017,0.0967634226693972,17.881030462874584,454.7073498375387,100.27386305966587,3.943195553449085
2025-01-06,1,1720.0,-0.19536179091257821,22.45370370370371,4385,0.039324260910370716,0.15388853011024017,0.0967634226693972,17.881030462874584,454.7073498375387,96.19132429594272,3.7826527339277334
2025-01-07,1,1720.5,-0.19165137097430954,23.04964539007092,4385,0.039324260910370716,0.15388853011024017,0.0967634226693972,17.881030462874584,454.7073498375387,96.2192868902148,3.783752342280619
2025-01-08,1,1697.5,-0.19897506559202696,24.04438964241676,4385,0.039324260910370716,0.15388853011024017,0.0967634226693972,17.881030462874584,454.7073498375387,94.93300755369928,3.7331703580478646
2025-01-09,1,1701.0,-0.1932806586548038,23.28767123287672,4385,0.039324260910370716,0.15388853011024017,0.0967634226693972,17.881030462874584,454.7073498375387,95.12874571360382,3.7408676165180665
2025-01-10,1,1703.0,-0.1879752307809678,24.146649810366625,4385,0.039324260910370716,0.15388853011024017,0.0967634226693972,17.881030462874584,454.7073498375387,95.24059609069214,3.74526604992961
2025-01-14,1,1667.5,-0.1995590174216919,23.522167487684726,4385,0.039324260910370716,0.15388853011024017,0.0967634226693972,17.881030462874584,454.7073498375387,93.2552518973747,3.6671938568747064
2025-01-15,1,1684.5,-0.18618994859638505,24.175824175824175,4385,0.039324260910370716,0.15388853011024017,0.0967634226693972,17.881030462874584,454.7073498375387,94.2059801026253,3.7045805408728296
2025-01-16,1,1690.0,-0.1785695769390295,19.140625,4385,0.039324260910370716,0.15388853011024017,0.0967634226693972,17.881030462874584,454.7073498375387,94.51356863961814,3.7166762327545753
2025-01-17,1,1675.5,-0.18060178860781365,18.846153846153854,4385,0.039324260910370716,0.15388853011024017,0.0967634226693972,17.881030462874584,454.7073498375387,93.70265340572793,3.684787590520882
2025-01-20,1,1740.5,-0.143965873395807,32.74231678486997,4385,0.039324260910370716,0.15388853011024017,0.0967634226693972,17.881030462874584,454.7073498375387,97.33779066109786,3.827736676396058
2025-01-21,1,1754.0,-0.13205841698803483,37.34643734643735,4385,0.039324260910370716,0.15388853011024017,0.0967634226693972,17.881030462874584,454.7073498375387,98.09278070644392,3.8574261019239793
2025-01-22,1,1753.5,-0.12797058589502158,39.024390243902445,4385,0.039324260910370716,0.15388853011024017,0.0967634226693972,17.881030462874584,454.7073498375387,98.06481811217185,3.8563264935710935
2025-01-23,1,1782.0,-0.10959360426382408,43.810679611650485,4385,0.039324260910370716,0.15388853011024017,0.0967634226693972,17.881030462874584,454.7073498375387,99.6586859856802,3.9190041696855937
2025-01-24,1,1791.5,-0.10104372261064458,45.94921402660218,4385,0.039324260910370716,0.15388853011024017,0.0967634226693972,17.881030462874584,454.7073498375387,100.18997527684965,3.939896728390427
2025-01-27,1,1854.0,-0.06590084643288995,52.54777070063694,4385,0.039324260910370716,0.15388853011024017,0.0967634226693972,17.881030462874584,454.7073498375387,103.68529956085919,4.077347772501173
2025-01-28,1,1920.0,-0.0282777910864731,62.388059701492544,4385,0.039324260910370716,0.15388853011024017,0.0967634226693972,17.881030462874584,454.7073498375387,107.37636200477327,4.2224960750821205
2025-01-29,1,1948.5,-0.009143240714372898,66.34335596508245,4385,0.039324260910370716,0.15388853011024017,0.0967634226693972,17.881030462874584,454.7073498375387,108.97022987828163,4.285173751196621
2025-01-30,1,1930.5,-0.01442414052475554,65.08087535680303,4385,0.039324260910370716,0.15388853011024017,0.0967634226693972,17.881030462874584,454.7073498375387,107.96357648448688,4.2455878504927265
2025-01-31,1,1888.5,-0.031379508432153,57.251184834123215,4385,0.039324260910370716,0.15388853011024017,0.0967634226693972,17.881030462874584,454.7073498375387,105.61471856563247,4.153220748850305
2025-02-03,1,1860.5,-0.04148005165686651,56.29077353215284,4385,0.039324260910370716,0.15388853011024017,0.0967634226693972,17.881030462874584,454.7073498375387,104.04881328639618,4.091642681088691
2025-02-04,1,1862.0,-0.03682680469965069,65.26881720430109,4385,0.039324260910370716,0.15388853011024017,0.0967634226693972,17.881030462874584,454.7073498375387,104.13270106921242,4.094941506147348
2025-02-05,1,1870.5,-0.027867284784732705,65.85623678646934,4385,0.039324260910370716,0.15388853011024017,0.0967634226693972,17.881030462874584,454.7073498375387,104.60806517183772,4.11363484814641
2025-02-06,1,1907.0,-0.004745767429561495,71.53134635149024,4385,0.09152092809955256,0.1594583857904338,0.1212072938902518,44.96183243385109,491.2737814999377,42.413751770585044,3.8817459262279845
2025-02-07,1,2307.0,0.20522840305930534,84.31483578708946,4385,0.09152092809955256,0.1594583857904338,0.1212072938902518,44.96183243385109,491.2737814999377,51.310186331798484,4.695955874047174
2025-02-10,0,2361.0,0.23368412252192,85.18716577540107,4385,0.09152092809955256,0.1594583857904338,0.1212072938902518,44.96183243385109,491.2737814999377,52.511204997562295,4.805874217002764
2025-02-12,1,2298.0,0.20138436283411,82.75324675324676,4385,0.09152092809955256,0.1594583857904338,0.1212072938902518,44.96183243385109,491.2737814999377,51.11001655417118,4.677636150221241
2025-02-13,0,2354.0,0.23000073152125072,83.42486270594108,4385,0.09152092809955256,0.1594583857904338,0.1212072938902518,44.96183243385109,491.2737814999377,52.355517392741056,4.791625542915928
2025-02-14,0,2389.5,0.24660893155258767,83.90693165293263,4385,0.09152092809955256,0.1594583857904338,0.1212072938902518,44.96183243385109,491.2737814999377,53.14507596004875,4.863886675784881
2025-02-17,1,2333.0,0.21533204142443368,80.62412668840241,4385,0.09152092809955256,0.1594583857904338,0.1212072938902518,44.96183243385109,491.2737814999377,51.888454578277354,4.748879520655421
2025-02-18,1,2292.0,0.19235477930338457,76.27441638875655,4385,0.09152092809955256,0.1594583857904338,0.1212072938902518,44.96183243385109,491.2737814999377,50.97657003575298,4.665423001003954
2025-02-19,1,2310.0,0.19988780269896836,76.37571157495256,4385,0.09152092809955256,0.1594583857904338,0.1212072938902518,44.96183243385109,491.2737814999377,51.37690959100758,4.702062448655817
2025-02-20,1,2253.0,0.16905354919053547,72.4898694281855,4385,0.09152092809955256,0.1594583857904338,0.1212072938902518,44.96183243385109,491.2737814999377,50.109167666034665,4.586037531091583
2025-02-21,1,2299.5,0.1917965834646322,72.92866637128932,4385,0.09152092809955256,0.1594583857904338,0.1212072938902518,44.96183243385109,491.2737814999377,51.14337818377573,4.680689437525563
2025-02-25,1,2335.5,0.2089844289224483,73.54978354978356,4385,0.09152092809955256,0.1594583857904338,0.1212072938902518,44.96183243385109,491.2737814999377,51.94405729428494,4.753968332829291
2025-02-26,1,2317.0,0.19765534542647634,70.83708370837084,4385,0.09152092809955256,0.1594583857904338,0.1212072938902518,44.96183243385109,491.2737814999377,51.53259719582882,4.7163111227426535
2025-02-27,0,2392.5,0.2348004706951011,71.0843373493976,4385,0.09152092809955256,0.1594583857904338,0.1212072938902518,44.96183243385109,491.2737814999377,53.211799219257855,4.8699932503935255
2025-02-28,1,2339.0,0.2029252838883098,67.04495853339154,4385,0.09152092809955256,0.1594583857904338,0.1212072938902518,44.96183243385109,491.2737814999377,52.02190109669556,4.761092669872709
2025-03-03,1,2374.0,0.21637546754111797,69.0752688172043,4385,0.09152092809955256,0.1594583857904338,0.1212072938902518,44.96183243385109,491.2737814999377,52.80033912080173,4.832336040306887
2025-03-04,1,2320.5,0.18523474849834518,68.39863713798978,4385,0.09152092809955256,0.1594583857904338,0.1212072938902518,44.96183243385109,491.2737814999377,51.61044099823943,4.723435459786071
2025-03-05,1,2323.0,0.18268584578414665,70.13495864170658,4385,0.09152092809955256,0.1594583857904338,0.1212072938902518,44.96183243385109,491.2737814999377,51.66604371424702,4.728524271959941
2025-03-06,0,2472.0,0.252927044369431,73.53395061728395,4385,0.09152092809955256,0.1594583857904338,0.1212072938902518,44.96183243385109,491.2737814999377,54.979965588299024,5.031817477522589
2025-03-07,1,2376.0,0.19962436004887366,68.26888326707626,4385,0.09152092809955256,0.1594583857904338,0.1212072938902518,44.96183243385109,491.2737814999377,52.8448212936078,4.8364070900459835
2025-03-10,1,2373.5,0.19466665771848113,67.28417932567618,4385,0.09152092809955256,0.1594583857904338,0.1212072938902518,44.96183243385109,491.2737814999377,52.78921857760022,4.831318277872113
2025-03-11,1,2335.5,0.17231028701649415,51.443037974683534,4385,0.09152092809955256,0.1594583857904338,0.1212072938902518,44.96183243385109,491.2737814999377,51.94405729428494,4.753968332829291
2025-03-12,1,2402.0,0.20235064055288773,52.050000000000004,4385,0.09152092809955256,0.1594583857904338,0.1212072938902518,44.96183243385109,491.2737814999377,53.42308954008667,4.889330736654231
2025-03-13,1,2373.5,0.18489761006959113,53.909891248058,4385,0.09152092809955256,0.1594583857904338,0.1212072938902518,44.96183243385109,491.2737814999377,52.78921857760022,4.831318277872113
2025-03-14,1,2456.5,0.22298301979475066,55.16372795969774,4385,0.09152092809955256,0.1594583857904338,0.1212072938902518,44.96183243385109,491.2737814999377,54.635228749052004,5.000266842044596
2025-03-17,1,2444.5,0.21397473886341434,52.83797729618163,4385,0.09152092809955256,0.1594583857904338,0.1212072938902518,44.96183243385109,491.2737814999377,54.3683357122156,4.97584054361002
2025-03-18,1,2575.0,0.2747524752475248,61.601150527325025,4385,0.09152092809955256,0.1594583857904338,0.1212072938902518,44.96183243385109,491.2737814999377,57.270797487811485,5.2414765390860305
2025-03-19,1,2451.0,0.2098525733842307,57.06039076376554,4385,0.09152092809955256,0.1594583857904338,0.1212072938902518,44.96183243385109,491.2737814999377,54.512902773835314,4.989071455262081
2025-03-21,1,2633.5,0.29378954815212693,62.53390158853158,4385,0.09152092809955256,0.1594583857904338,0.1212072938902518,44.96183243385109,491.2737814999377,58.571901042388944,5.360554743954586
2025-03-24,1,2640.0,0.2908946290959826,65.60483870967741,4385,0.09152092809955256,0.1594583857904338,0.1212072938902518,44.96183243385109,491.2737814999377,58.71646810400866,5.373785655606649
2025-03-25,1,2623.0,0.2771489503974758,63.36224700536968,4385,0.09152092809955256,0.1594583857904338,0.1212072938902518,44.96183243385109,491.2737814999377,58.33836963515709,5.339181732824333
2025-03-26,1,2576.5,0.2494059684411643,59.86895986895987,4385,0.09152092809955256,0.1594583857904338,0.1212072938902518,44.96183243385109,491.2737814999377,57.304159117416035,5.244529826390353
2025-03-27,1,2477.5,0.19712593136639062,56.16596235113331,4385,0.09152092809955256,0.1594583857904338,0.1212072938902518,44.96183243385109,491.2737814999377,55.102291563515706,5.043012864305103
2025-03-28,1,2481.0,0.19479126869720717,53.5990239934933,4385,0.09152092809955256,0.1594583857904338,0.1212072938902518,44.96183243385109,491.2737814999377,55.180135365926326,5.05013720134852
2025-03-31,1,2355.0,0.13116013961382045,50.614439324116745,4385,0.09152092809955256,0.1594583857904338,0.1212072938902518,44.96183243385109,491.2737814999377,52.37775847914409,4.793661067785476
2025-04-01,1,2326.5,0.1144838995040351,48.16673099189502,4385,0.09152092809955256,0.1594583857904338,0.1212072938902518,44.96183243385109,491.2737814999377,51.74388751665764,4.735648609003359
2025-04-02,1,2305.0,0.10144438143902962,49.38662445587653,4385,0.09152092809955256,0.1594583857904338,0.1212072938902518,44.96183243385109,491.2737814999377,51.26570415899241,4.691884824308078
2025-04-03,1,2263.5,0.07916584556509797,47.715930902111324,4385,0.09152092809955256,0.1594583857904338,0.1212072938902518,44.96183243385109,491.2737814999377,50.34269907326652,4.607410542221837
2025-04-04,1,2159.5,0.02777213711877965,37.57455268389662,4385,0.09152092809955256,0.1594583857904338,0.1212072938902518,44.96183243385109,491.2737814999377,48.029626087351026,4.395715955788847
2025-04-07,1,1951.0,-0.07178335585285558,34.48905109489051,4385,0.09152092809955256,0.1594583857904338,0.1212072938902518,44.96183243385109,491.2737814999377,43.392359572318526,3.971309020488095
2025-04-08,1,2178.5,0.03480215969726248,43.887147335423194,4385,0.09152092809955256,0.1594583857904338,0.1212072938902518,44.96183243385109,491.2737814999377,48.452206729008665,4.434390928310259
2025-04-09,1,2052.5,-0.025875406972881123,41.592394533571,4385,0.09152092809955256,0.1594583857904338,0.1212072938902518,44.96183243385109,491.2737814999377,45.64982984222643,4.177914794747214
2025-04-10,1,2223.5,0.053036210995589264,45.00699300699301,4385,0.09152092809955256,0.1594583857904338,0.1212072938902518,44.96183243385109,491.2737814999377,49.453055617145175,4.525989547439917
2025-04-11,1,2254.0,0.06481146128917449,46.66107851355127,4385,0.09152092809955256,0.1594583857904338,0.1212072938902518,44.96183243385109,491.2737814999377,50.1314087524377,4.588073055961131
2025-04-14,1,2240.0,0.05553164552985496,43.708224353385646,4385,0.09152092809955256,0.1594583857904338,0.1212072938902518,44.96183243385109,491.2737814999377,49.82003354279523,4.5595757077874595
2025-04-15,1,2294.0,0.077855565474792,45.730496453900706,4385,0.09152092809955256,0.1594583857904338,0.1212072938902518,44.96183243385109,491.2737814999377,51.02105220855904,4.66949405074305
2025-04-16,1,2200.0,0.031266113533023866,39.13673232908459,4385,0.09152092809955256,0.1594583857904338,0.1212072938902518,44.96183243385109,491.2737814999377,48.93039008667389,4.478154713005541
2025-04-17,1,2255.0,0.05424737801742273,44.085697042848516,4385,0.09152092809955256,0.1594583857904338,0.1212072938902518,44.96183243385109,491.2737814999377,50.153649838840735,4.5901085808306785
2025-04-18,1,2320.0,0.08110123208261102,39.81812276713218,4385,0.09152092809955256,0.1594583857904338,0.1212072938902518,44.96183243385109,491.2737814999377,51.59932045503792,4.722417697351297
2025-04-21,1,2322.0,0.07840162487847478,39.641693811074916,4385,0.09152092809955256,0.1594583857904338,0.1212072938902518,44.96183243385109,491.2737814999377,51.64380262784398,4.726488747090393
2025-04-22,1,2320.0,0.07382881687515815,40.0328947368421,4385,0.09152092809955256,0.1594583857904338,0.1212072938902518,44.96183243385109,491.2737814999377,51.59932045503792,4.722417697351297
2025-04-23,1,2382.0,0.0986611892476954,43.66655812438945,4385,0.09152092809955256,0.1594583857904338,0.1212072938902518,44.96183243385109,491.2737814999377,52.978267812026,4.848620239263272
2025-04-24,1,2309.5,0.06184884458707665,44.433399602385684,4385,0.09152092809955256,0.1594583857904338,0.1212072938902518,44.96183243385109,491.2737814999377,51.36578904780607,4.701044686221043
2025-04-25,1,2290.5,0.049442862902733184,43.75204985241062,4385,0.09152092809955256,0.1594583857904338,0.1212072938902518,44.96183243385109,491.2737814999377,50.94320840614843,4.662369713699632
2025-04-28,1,2318.5,0.05840515667226648,48.720644935155974,4385,0.09152092809955256,0.1594583857904338,0.1212072938902518,44.96183243385109,491.2737814999377,51.56595882543337,4.719364410046976
2025-04-30,0,2299.5,0.04589918371802495,49.047282992237115,4385,0.09152092809955256,0.1594583857904338,0.1212072938902518,44.96183243385109,491.2737814999377,51.14337818377573,4.680689437525563
2025-05-01,0,2303.5,0.04390425175154767,49.946409431939976,4385,0.09152092809955256,0.1594583857904338,0.1212072938902518,44.96183243385109,491.2737814999377,51.232342529387864,4.688831537003756
2025-05-02,0,2265.0,0.022982864472460056,50.05370569280343,4385,0.09152092809955256,0.1594583857904338,0.1212072938902518,44.96183243385109,491.2737814999377,50.37606070287107,4.610463829526159
2025-05-07,0,2311.5,0.039951410446754036,55.67587752053772,4385,0.13804139359211193,0.1624727345023963,0.14115654521854415,71.36525132235577,516.9844310122481,32.38971288083873,4.471121104119356
2025-05-08,0,2398.0,0.07427008171262016,68.36483155299918,4385,0.13804139359211193,0.1624727345023963,0.14115654521854415,71.36525132235577,516.9844310122481,33.601787362427544,4.638437554695313
2025-05-09,0,2385.5,0.06424902520053655,60.32934131736528,4385,0.13804139359211193,0.1624727345023963,0.14115654521854415,71.36525132235577,516.9844310122481,33.42663209052165,4.614258876866417
2025-05-12,0,2345.0,0.042030797305383866,65.95744680851064,4385,0.13804139359211193,0.1624727345023963,0.14115654521854415,71.36525132235577,516.9844310122481,32.859129009546535,4.535919960700796
2025-05-13,0,2341.5,0.0367837196396311,57.87716955941255,4385,0.13804139359211193,0.1624727345023963,0.14115654521854415,71.36525132235577,516.9844310122481,32.81008553341289,4.529149930908705
2025-05-14,0,2300.0,0.015135822230591863,53.02631578947367,4385,0.13804139359211193,0.1624727345023963,0.14115654521854415,71.36525132235577,516.9844310122481,32.228570030685304,4.448876720516772
2025-05-15,0,2301.5,0.012532555902297102,54.113712374581944,4385,0.13804139359211193,0.1624727345023963,0.14115654521854415,71.36525132235577,516.9844310122481,32.24958866331401,4.4517781618562395
2025-05-16,0,2343.5,0.02762552071914054,53.36505778382053,4385,0.13804139359211193,0.1624727345023963,0.14115654521854415,71.36525132235577,516.9844310122481,32.83811037691783,4.533018519361328
2025-05-19,0,2398.0,0.04780825429377086,64.22413793103448,4385,0.13804139359211193,0.1624727345023963,0.14115654521854415,71.36525132235577,516.9844310122481,33.601787362427544,4.638437554695313
2025-05-20,0,2364.5,0.030106677432190226,58.117123795404005,4385,0.13804139359211193,0.1624727345023963,0.14115654521854415,71.36525132235577,516.9844310122481,33.13237123371974,4.573638698113873
2025-05-21,0,2385.0,0.036238663650398746,55.15873015873016,4385,0.13804139359211193,0.1624727345023963,0.14115654521854415,71.36525132235577,516.9844310122481,33.41962587964541,4.613291729753262
2025-05-22,0,2400.0,0.04003559232915976,56.06531881804043,4385,0.13804139359211193,0.1624727345023963,0.14115654521854415,71.36525132235577,516.9844310122481,33.62981220593249,4.642306143147937
2025-05-23,0,2322.0,0.0039633926641204215,50.13908205841446,4385,0.13804139359211193,0.1624727345023963,0.14115654521854415,71.36525132235577,516.9844310122481,32.536843309239686,4.491431193495629
2025-05-26,0,2351.0,0.013799051315222079,47.74052478134111,4385,0.13804139359211193,0.1624727345023963,0.14115654521854415,71.36525132235577,516.9844310122481,32.94320354006137,4.547525726058666
2025-05-27,0,2389.5,0.027276531349238214,56.13496932515338,4385,0.13804139359211193,0.1624727345023963,0.14115654521854415,71.36525132235577,516.9844310122481,33.48268177753153,4.621996053771664
2025-05-28,0,2374.0,0.017626281677583025,56.437933693138014,4385,0.13804139359211193,0.1624727345023963,0.14115654521854415,71.36525132235577,516.9844310122481,33.26548924036822,4.592014493263834
2025-05-29,0,2346.0,0.0028984020314464652,52.120277563608326,4385,0.13804139359211193,0.1624727345023963,0.14115654521854415,71.36525132235577,516.9844310122481,32.87314143129901,4.537854254927108
2025-05-30,0,2392.5,0.019954299226383747,56.87869822485208,4385,0.13804139359211193,0.1624727345023963,0.14115654521854415,71.36525132235577,516.9844310122481,33.52471904278895,4.627798936450599
2025-06-02,0,2376.5,0.012733207762654419,55.30523255813954,4385,0.13804139359211193,0.1624727345023963,0.14115654521854415,71.36525132235577,516.9844310122481,33.300520294749404,4.596850228829613
2025-06-03,0,2396.0,0.020840020110037157,59.790732436472354,4385,0.13804139359211193,0.1624727345023963,0.14115654521854415,71.36525132235577,516.9844310122481,33.5737625189226,4.63456896624269
2025-06-04,0,2470.0,0.05134120491363674,61.378320172290024,4385,0.13804139359211193,0.1624727345023963,0.14115654521854415,71.36525132235577,516.9844310122481,34.61068172860552,4.777706738989751
2025-06-05,0,2491.0,0.05945599564478957,57.36925515055468,4385,0.13804139359211193,0.1624727345023963,0.14115654521854415,71.36525132235577,516.9844310122481,34.90494258540743,4.818326917742295
2025-06-06,0,2600.0,0.10449671766231854,64.74226804123711,4385,0.13804139359211193,0.1624727345023963,0.14115654521854415,71.36525132235577,516.9844310122481,36.43229655642686,5.0291649884102645
2025-06-09,0,2538.5,0.07711739030813566,62.92585170340681,4385,0.13804139359211193,0.1624727345023963,0.14115654521854415,71.36525132235577,516.9844310122481,35.57053261864984,4.9102058934920985
2025-06-10,0,2544.0,0.0779143374470718,63.49100599600266,4385,0.13804139359211193,0.1624727345023963,0.14115654521854415,71.36525132235577,516.9844310122481,35.64760093828844,4.920844511736813
2025-06-11,0,2563.5,0.08462332592433798,68.08510638297872,4385,0.13804139359211193,0.1624727345023963,0.14115654521854415,71.36525132235577,516.9844310122481,35.920843162461644,4.95856324914989
2025-06-12,0,2563.5,0.08272677357135823,68.01925722145805,4385,0.13804139359211193,0.1624727345023963,0.14115654521854415,71.36525132235577,516.9844310122481,35.920843162461644,4.95856324914989
2025-06-13,0,2563.5,0.08111945522994442,66.05839416058394,4385,0.13804139359211193,0.1624727345023963,0.14115654521854415,71.36525132235577,516.9844310122481,35.920843162461644,4.95856324914989
2025-06-16,0,2680.5,0.1282736984479308,68.89632107023411,4385,0.13804139359211193,0.1624727345023963,0.14115654521854415,71.36525132235577,516.9844310122481,37.56029650750085,5.184875673628351
2025-06-17,0,2683.5,0.1272178909872976,72.24546722454673,4385,0.13804139359211193,0.1624727345023963,0.14115654521854415,71.36525132235577,516.9844310122481,37.602333772758264,5.190678556307287
2025-06-18,0,2808.0,0.17677627002154078,75.76126674786846,4385,0.13804139359211193,0.1624727345023963,0.14115654521854415,71.36525132235577,516.9844310122481,39.346880280941015,5.431498187483085
2025-06-19,0,2858.0,0.19426685052860312,76.75233644859813,4385,0.13804139359211193,0.1624727345023963,0.14115654521854415,71.36525132235577,516.9844310122481,40.0475013685646,5.528212898798667
2025-06-20,0,2775.0,0.15699883535732848,76.30662020905923,4385,0.13804139359211193,0.1624727345023963,0.14115654521854415,71.36525132235577,516.9844310122481,38.88447036310944,5.367666478014801
2025-06-23,0,2740.0,0.13974809071396485,72.43367935409458,4385,0.13804139359211193,0.1624727345023963,0.14115654521854415,71.36525132235577,516.9844310122481,38.39403560177293,5.299966180093894
2025-06-24,0,2686.0,0.11504101491149409,66.79886685552408,4385,0.13804139359211193,0.1624727345023963,0.14115654521854415,71.36525132235577,516.9844310122481,37.63736482713944,5.1955142918730655
2025-06-25,0,2627.0,0.08961348515935647,63.66090712742981,4385,0.13804139359211193,0.1624727345023963,0.14115654521854415,71.36525132235577,516.9844310122481,36.8106319437436,5.081390932520678
2025-06-26,0,2607.0,0.0799383602500939,64.2156862745098,4385,0.13804139359211193,0.1624727345023963,0.14115654521854415,71.36525132235577,516.9844310122481,36.530383508694165,5.0427050479944455
2025-06-27,0,2611.0,0.08017838870977091,62.478583666476304,4385,0.13804139359211193,0.1624727345023963,0.14115654521854415,71.36525132235577,516.9844310122481,36.58643319570405,5.050442224899692
2025-06-30,0,2674.0,0.10417997225097461,66.12466124661248,4385,0.13804139359211193,0.1624727345023963,0.14115654521854415,71.36525132235577,516.9844310122481,37.469215766109784,5.172302761157326
2025-07-01,0,2622.5,0.0816008930510838,61.86485070717653,4385,0.13804139359211193,0.1624727345023963,0.14115654521854415,71.36525132235577,516.9844310122481,36.74757604585748,5.072686608502276
2025-07-02,0,2544.0,0.04824221647190675,53.85818561001042,4385,0.13804139359211193,0.1624727345023963,0.14115654521854415,71.36525132235577,516.9844310122481,35.64760093828844,4.920844511736813
2025-07-03,0,2564.0,0.055859526208431994,53.81002087682673,4385,0.13804139359211193,0.1624727345023963,0.14115654521854415,71.36525132235577,516.9844310122481,35.92784937333788,4.9595303962630455
2025-07-04,0,2611.0,0.07423214275918442,50.61383928571429,4385,0.13804139359211193,0.1624727345023963,0.14115654521854415,71.36525132235577,516.9844310122481,36.58643319570405,5.050442224899692
2025-07-07,0,2585.5,0.06367952343207901,52.73255813953488,4385,0.13804139359211193,0.1624727345023963,0.14115654521854415,71.36525132235577,516.9844310122481,36.229116441016025,5.001117722128746
2025-07-08,0,2615.0,0.07484894570265933,54.015837104072396,4385,0.13804139359211193,0.1624727345023963,0.14115654521854415,71.36525132235577,516.9844310122481,36.64248288271394,5.058179401804939
2025-07-09,0,2616.0,0.07536311318169368,53.03292894280763,4385,0.13804139359211193,0.1624727345023963,0.14115654521854415,71.36525132235577,516.9844310122481,36.65649530446641,5.060113696031251
2025-07-10,0,2559.0,0.05239925645257695,49.75609756097561,4385,0.13804139359211193,0.1624727345023963,0.14115654521854415,71.36525132235577,516.9844310122481,35.85778726457552,4.949858925131487
2025-07-11,0,2558.0,0.0523630858346499,49.7022198159177,4385,0.13804139359211193,0.1624727345023963,0.14115654521854415,71.36525132235577,516.9844310122481,35.843774842823045,4.947924630905176
2025-07-14,0,2420.0,-0.003554811347945983,36.209634727368986,4385,0.13804139359211193,0.1624727345023963,0.14115654521854415,71.36525132235577,516.9844310122481,33.910060640981925,4.680992027674169
2025-07-15,0,2428.5,0.00021416980370513012,36.57894736842105,4385,0.13804139359211193,0.1624727345023963,0.14115654521854415,71.36525132235577,516.9844310122481,34.02916622587794,4.697433528597818
2025-07-16,0,2376.0,-0.02084415102737183,25.398633257403176,4385,0.13804139359211193,0.1624727345023963,0.14115654521854415,71.36525132235577,516.9844310122481,33.29351408387316,4.595883081716457
2025-07-17,0,2423.0,-0.0018482765439151107,25.142857142857153,4385,0.13804139359211193,0.1624727345023963,0.14115654521854415,71.36525132235577,516.9844310122481,33.952097906239345,4.686794910353104
2025-07-18,0,2375.5,-0.021679145354056965,26.206075044669447,4385,0.13804139359211193,0.1624727345023963,0.14115654521854415,71.36525132235577,516.9844310122481,33.28650787299693,4.594915934603301
2025-07-22,0,2431.5,0.0006886636632516348,32.074375363160954,4385,0.13804139359211193,0.1624727345023963,0.14115654521854415,71.36525132235577,516.9844310122481,34.07120349113536,4.703236411276753
2025-07-23,0,2448.5,0.00666312177259314,35.57984213721919,4385,0.13804139359211193,0.1624727345023963,0.14115654521854415,71.36525132235577,516.9844310122481,34.309414660927374,4.736119413124051
2025-07-24,0,2416.0,-0.008093453799981857,36.76286072772899,4385,0.13804139359211193,0.1624727345023963,0.14115654521854415,71.36525132235577,516.9844310122481,33.85401095397204,4.673254850768923
2025-07-25,0,2347.0,-0.038506181909550484,34.63356973995272,4385,0.13804139359211193,0.1624727345023963,0.14115654521854415,71.36525132235577,516.9844310122481,32.88715385305148,4.539788549153419
2023-10-12,1,1300.5,,41.607324516785354,4443,0.001861920011916288,0.42456916996047434,0.015991471215351813,0.19915486323589435,106.96209394673414,6530.09411304,12.15851290876592
2023-10-13,1,1250.0,,39.10133843212237,4443,0.001861920011916288,0.42456916996047434,0.015991471215351813,0.19915486323589435,106.96209394673414,6276.5226,11.68638303418485
2023-10-16,1,1120.0,,32.38321456848773,4443,0.001861920011916288,0.42456916996047434,0.015991471215351813,0.19915486323589435,106.96209394673414,5623.7642496,10.470999198629626
2023-10-17,1,1150.0,,34.659525631216525,4443,0.001861920011916288,0.42456916996047434,0.015991471215351813,0.19915486323589435,106.96209394673414,5774.400792,10.751472391450063
2023-10-18,1,1188.0,,39.330855018587364,4443,0.001861920011916288,0.42456916996047434,0.015991471215351813,0.19915486323589435,106.96209394673414,5965.20707904,11.106738435689282
2023-10-19,1,1143.0,,38.22254335260116,4443,0.001861920011916288,0.42456916996047434,0.015991471215351813,0.19915486323589435,106.96209394673414,5739.25226544,10.686028646458627
2023-10-20,1,1102.0,,38.084953203743694,4443,0.001861920011916288,0.42456916996047434,0.015991471215351813,0.19915486323589435,106.96209394673414,5533.38232416,10.302715282937365
2023-10-23,1,1100.0,,39.21423276501112,4443,0.001861920011916288,0.42456916996047434,0.015991471215351813,0.19915486323589435,106.96209394673414,5523.339888,10.284017070082669
2023-10-24,1,1160.0,,42.45614035087719,4443,0.001861920011916288,0.42456916996047434,0.015991471215351813,0.19915486323589435,106.96209394673414,5824.6129728,10.84496345572354
2023-10-25,1,1151.5,,44.25749817117776,4443,0.001861920011916288,0.42456916996047434,0.015991471215351813,0.19915486323589435,106.96209394673414,5781.93261912,10.765496051091084
2023-10-26,1,1135.5,,43.24517512508935,4443,0.001861920011916288,0.42456916996047434,0.015991471215351813,0.19915486323589435,106.96209394673414,5701.59312984,10.615910348253518
2023-10-27,1,1164.0,,44.7075208913649,4443,0.001861920011916288,0.42456916996047434,0.015991471215351813,0.19915486323589435,106.96209394673414,5844.69784512,10.882359881432933
2023-10-30,1,1156.5,,42.82685512367491,4443,0.001861920011916288,0.42456916996047434,0.015991471215351813,0.19915486323589435,106.96209394673414,5807.03870952,10.812241583227824
2023-10-31,1,1189.0,,48.412698412698404,4443,0.001861920011916288,0.42456916996047434,0.015991471215351813,0.19915486323589435,106.96209394673414,5970.22829712,11.11608754211663
2023-11-01,1,1203.0,,50.799418604651166,4443,0.001861920011916288,0.42456916996047434,0.015991471215351813,0.19915486323589435,106.96209394673414,6040.52535024,11.2469750320995
2023-11-02,1,1278.0,,58.47107438016529,4443,0.001861920011916288,0.42456916996047434,0.015991471215351813,0.19915486323589435,106.96209394673414,6417.11670624,11.948158014150591
2023-11-06,1,1356.0,,60.224274406332455,4443,0.001861920011916288,0.42456916996047434,0.015991471215351813,0.19915486323589435,106.96209394673414,6808.77171648,12.677388315483727
2023-11-07,1,1344.0,,59.3628088426528,4443,0.001861920011916288,0.42456916996047434,0.015991471215351813,0.19915486323589435,106.96209394673414,6748.51709952,12.565199038355551
2023-11-08,1,1377.0,,59.72938144329897,4443,0.001861920011916288,0.42456916996047434,0.015991471215351813,0.19915486323589435,106.96209394673414,6914.21729616,12.87371955045803
2023-11-09,1,1400.0,,60.69182389937107,4443,0.001861920011916288,0.42456916996047434,0.015991471215351813,0.19915486323589435,106.96209394673414,7029.705312,13.088748998287032
2023-11-10,1,1353.0,,53.402462734931945,4443,0.001861920011916288,0.42456916996047434,0.015991471215351813,0.19915486323589435,106.96209394673414,6793.70806224,12.649340996201682
2023-11-13,1,1364.0,,57.78688524590164,4443,0.001861920011916288,0.42456916996047434,0.015991471215351813,0.19915486323589435,106.96209394673414,6848.94146112,12.75218116690251
2023-11-14,1,1354.0,,69.11764705882354,4443,0.001861920011916288,0.42456916996047434,0.015991471215351813,0.19915486323589435,106.96209394673414,6798.72928032,12.65869010262903
2023-11-15,0,1406.0,,70.18927444794953,4443,0.001861920011916288,0.42456916996047434,0.015991471215351813,0.19915486323589435,106.96209394673414,7059.83262048,13.14484363685112
2023-11-16,1,1407.0,,68.34170854271356,4443,0.001861920011916288,0.42456916996047434,0.015991471215351813,0.19915486323589435,106.96209394673414,7064.85383856,13.154192743278468
2023-11-17,1,1395.0,0.06735698436583434,72.34042553191489,4443,0.001861920011916288,0.42456916996047434,0.015991471215351813,0.19915486323589435,106.96209394673414,7004.5992216,13.042003466150293
2023-11-20,1,1454.0,0.11354480983963115,80.2405498281787,4443,0.001861920011916288,0.42456916996047434,0.015991471215351813,0.19915486323589435,106.96209394673414,7300.85108832,13.593600745363819
2023-11-21,1,1475.0,0.12976031209469058,81.19800332778702,4443,0.001861920011916288,0.42456916996047434,0.015991471215351813,0.19915486323589435,106.96209394673414,7406.296668,13.789931980338125
2023-11-22,1,1444.0,0.10599360709143094,74.82517482517483,4443,0.001861920011916288,0.42456916996047434,0.015991471215351813,0.19915486323589435,106.96209394673414,7250.63890752,13.50010968109034
2023-11-24,1,1473.0,0.12758932171126167,77.13080168776372,4443,0.001861920011916288,0.42456916996047434,0.015991471215351813,0.19915486323589435,106.96209394673414,7396.25423184,13.771233767483428
2023-11-27,1,1460.0,0.11742105343721784,77.52332485156913,4443,0.001861920011916288,0.42456916996047434,0.015991471215351813,0.19915486323589435,106.96209394673414,7330.9783968,13.649695383927906
2023-11-28,1,1470.0,0.12400789099417356,76.79509632224168,4443,0.001861920011916288,0.42456916996047434,0.015991471215351813,0.19915486323589435,106.96209394673414,7381.1905776,13.743186448201385
2023-11-29,1,1515.0,0.15683589474702336,79.45768282662284,4443,0.001861920011916288,0.42456916996047434,0.015991471215351813,0.19915486323589435,106.96209394673414,7607.1453912,14.16389623743204
2023-11-30,1,1546.0,0.17828181208462904,79.40691927512356,4443,0.001861920011916288,0.42456916996047434,0.015991471215351813,0.19915486323589435,106.96209394673414,7762.80315168,14.453718536679823
2023-12-01,1,1554.0,0.1817730144084037,79.20133111480865,4443,0.001861920011916288,0.42456916996047434,0.015991471215351813,0.19915486323589435,106.96209394673414,7802.97289632,14.528511388098606
2023-12-04,1,1597.0,0.21161695606213116,78.03163444639719,4443,0.001861920011916288,0.42456916996047434,0.015991471215351813,0.19915486323589435,106.96209394673414,8018.88527376,14.930522964474566
2023-12-05,1,1568.0,0.18661426459681846,70.38461538461539,4443,0.001861920011916288,0.42456916996047434,0.015991471215351813,0.19915486323589435,106.96209394673414,7873.26994944,14.659398878081477
2023-12-06,1,1573.0,0.18751635697461408,72.3196881091618,4443,0.001861920011916288,0.42456916996047434,0.015991471215351813,0.19915486323589435,106.96209394673414,7898.37603984,14.706144410218217
2023-12-07,1,1531.0,0.1531682626401602,64.75095785440612,4443,0.001861920011916288,0.42456916996047434,0.015991471215351813,0.19915486323589435,106.96209394673414,7687.48488048,14.313481940269606
2023-12-08,1,1485.0,0.11650217786844576,57.79816513761468,4443,0.001861920011916288,0.42456916996047434,0.015991471215351813,0.19915486323589435,106.96209394673414,7456.5088488,13.883423044611602
2023-12-11,1,1522.0,0.14199676859433855,65.7943925233645,4443,0.001861920011916288,0.42456916996047434,0.015991471215351813,0.19915486323589435,106.96209394673414,7642.29391776,14.229339982423474
2023-12-12,1,1496.0,0.12073357106469697,62.0,4443,0.001861920011916288,0.42456916996047434,0.015991471215351813,0.19915486323589435,106.96209394673414,7511.74224768,13.986263215312428
2023-12-13,1,1503.0,0.12400723911515273,63.61974405850091,4443,0.001861920011916288,0.42456916996047434,0.015991471215351813,0.19915486323589435,106.96209394673414,7546.89077424,14.051706960303864
2023-12-14,1,1553.0,0.15952633386593404,63.48623853211009,4443,0.001861920011916288,0.42456916996047434,0.015991471215351813,0.19915486323589435,106.96209394673414,7797.95167824,14.519162281671258
2023-12-15,1,1611.0,0.1996842544234169,66.94352159468438,4443,0.001861920011916288,0.42456916996047434,0.015991471215351813,0.19915486323589435,106.96209394673414,8089.18232688,15.061410454457436
2023-12-18,1,1617.0,0.2020457823085424,68.6241610738255,4443,0.001861920011916288,0.42456916996047434,0.015991471215351813,0.19915486323589435,106.96209394673414,8119.30963536,15.117505093021522
2023-12-19,1,1636.0,0.2137639046201177,66.36690647482014,4443,0.001861920011916288,0.42456916996047434,0.015991471215351813,0.19915486323589435,106.96209394673414,8214.71277888,15.295138115141132
2023-12-20,1,1616.0,0.19698383775535908,62.7027027027027,4443,0.001861920011916288,0.42456916996047434,0.015991471215351813,0.19915486323589435,106.96209394673414,8114.28841728,15.108155986594175
2023-12-21,1,1607.0,0.1881173478440883,65.29080675422139,4443,0.001861920011916288,0.42456916996047434,0.015991471215351813,0.19915486323589435,106.96209394673414,8069.09745456,15.024014028748043
2023-12-22,1,1606.0,0.1846220421330081,63.168316831683164,4443,0.001861920011916288,0.42456916996047434,0.015991471215351813,0.19915486323589435,106.96209394673414,8064.07623648,15.014664922320696
2023-12-25,1,1610.0,0.18498527968596656,65.12096774193549,4443,0.001861920011916288,0.42456916996047434,0.015991471215351813,0.19915486323589435,106.96209394673414,8084.1611088,15.052061348030088
2023-12-26,1,1589.0,0.16750100414393057,61.735700197238664,4443,0.001861920011916288,0.42456916996047434,0.015991471215351813,0.19915486323589435,106.96209394673414,7978.71552912,14.855730113055783
2023-12-27,1,1604.0,0.17610828408441,59.329140461215935,4443,0.001861920011916288,0.42456916996047434,0.015991471215351813,0.19915486323589435,106.96209394673414,8054.03380032,14.995966709466
2023-12-28,1,1607.0,0.17600281011250207,56.79287305122494,4443,0.001861920011916288,0.42456916996047434,0.015991471215351813,0.19915486323589435,106.96209394673414,8069.09745456,15.024014028748043
2023-12-29,1,1599.0,0.16773288931732544,55.01113585746102,4443,0.001861920011916288,0.42456916996047434,0.015991471215351813,0.19915486323589435,106.96209394673414,8028.92770992,14.94922117732926
2024-01-04,1,1571.0,0.14518841058637152,47.004608294930875,4443,0.001861920011916288,0.42456916996047434,0.015991471215351813,0.19915486323589435,106.96209394673414,7888.33360368,14.68744619736352
2024-01-05,1,1470.0,0.07046109929801053,40.316205533596836,4443,0.001861920011916288,0.42456916996047434,0.015991471215351813,0.19915486323589435,106.96209394673414,7381.1905776,13.743186448201385
2024-01-09,1,1476.0,0.0734389317973557,40.433925049309664,4443,0.001861920011916288,0.42456916996047434,0.015991471215351813,0.19915486323589435,106.96209394673414,7411.31788608,13.799281086765472
2024-01-10,1,1495.0,0.08573558888749015,46.28099173553719,4443,0.001861920011916288,0.42456916996047434,0.015991471215351813,0.19915486323589435,106.96209394673414,7506.7210296,13.976914108885081
2024-01-11,1,1485.0,0.076872501196525,50.0,4443,0.001861920011916288,0.42456916996047434,0.015991471215351813,0.19915486323589435,106.96209394673414,7456.5088488,13.883423044611602
2024-01-12,1,1496.0,0.08286002441743194,46.91943127962086,4443,0.010441767068273093,0.43737225344915687,0.019839755818389926,1.1381755641060751,109.00219825477411,1314.384219076923,13.724493853815261
2024-01-15,1,1430.0,0.03346598957379762,42.857142857142854,4443,0.010441767068273093,0.43737225344915687,0.019839755818389926,1.1381755641060751,109.00219825477411,1256.39668,13.119001477911647
2024-01-16,1,1430.0,0.03163190219456234,41.978021978021985,4443,0.010441767068273093,0.43737225344915687,0.019839755818389926,1.1381755641060751,109.00219825477411,1256.39668,13.119001477911647
2024-01-17,1,1339.0,-0.03468130304807122,28.427419354838705,4443,0.010441767068273093,0.43737225344915687,0.019839755818389926,1.1381755641060751,109.00219825477411,1176.444164,12.28415592931727
2024-01-18,1,1289.0,-0.0712542750643662,17.008196721311478,4443,0.010441767068273093,0.43737225344915687,0.019839755818389926,1.1381755641060751,109.00219825477411,1132.514210153846,11.825449583935743
2024-01-19,1,1340.0,-0.035527149190994346,24.015009380863034,4443,0.010441767068273093,0.43737225344915687,0.019839755818389926,1.1381755641060751,109.00219825477411,1177.3227630769231,12.2933300562249
2024-01-22,0,1405.0,0.009658225301100963,30.051813471502584,4443,0.010441767068273093,0.43737225344915687,0.019839755818389926,1.1381755641060751,109.00219825477411,1234.4317030769232,12.889648305220884
2024-01-23,0,1412.0,0.013193520919241185,31.978798586572438,4443,0.010441767068273093,0.43737225344915687,0.019839755818389926,1.1381755641060751,109.00219825477411,1240.5818966153847,12.953867193574299
2024-01-24,1,1399.0,0.002062859926080931,31.754385964912288,4443,0.010441767068273093,0.43737225344915687,0.019839755818389926,1.1381755641060751,109.00219825477411,1229.1601086153846,12.834603543775101
2024-01-25,1,1385.0,-0.009790089798097309,31.04631217838765,4443,0.010441767068273093,0.43737225344915687,0.019839755818389926,1.1381755641060751,109.00219825477411,1216.8597215384616,12.706165767068274
2024-01-26,1,1386.0,-0.011252413609428042,30.689655172413794,4443,0.010441767068273093,0.43737225344915687,0.019839755818389926,1.1381755641060751,109.00219825477411,1217.7383206153847,12.715339893975905
2024-01-29,1,1382.0,-0.01580036842205219,31.616341030195372,4443,0.010441767068273093,0.43737225344915687,0.019839755818389926,1.1381755641060751,109.00219825477411,1214.2239243076924,12.678643386345382
2024-01-30,1,1400.0,-0.004871391474117112,31.978798586572438,4443,0.010441767068273093,0.43737225344915687,0.019839755818389926,1.1381755641060751,109.00219825477411,1230.0387076923078,12.843777670682732
2024-01-31,1,1391.0,-0.01281238467434397,31.11888111888112,4443,0.010441767068273093,0.43737225344915687,0.019839755818389926,1.1381755641060751,109.00219825477411,1222.131316,12.761210528514058
2024-02-01,1,1400.0,-0.008020859904203113,32.63525305410121,4443,0.010441767068273093,0.43737225344915687,0.019839755818389926,1.1381755641060751,109.00219825477411,1230.0387076923078,12.843777670682732
2024-02-02,1,1392.0,-0.014541181134693505,33.81555153707052,4443,0.010441767068273093,0.43737225344915687,0.019839755818389926,1.1381755641060751,109.00219825477411,1223.009915076923,12.770384655421687
2024-02-05,1,1481.0,0.046184710586174335,51.016635859519404,4443,0.010441767068273093,0.43737225344915687,0.019839755818389926,1.1381755641060751,109.00219825477411,1301.205232923077,13.586881950200803
2024-02-06,1,1427.0,0.005132491535849937,45.84040747028863,4443,0.010441767068273093,0.43737225344915687,0.019839755818389926,1.1381755641060751,109.00219825477411,1253.7608827692309,13.091479097188756
2024-02-07,1,1409.0,-0.009954327204590755,42.687074829931966,4443,0.010441767068273093,0.43737225344915687,0.019839755818389926,1.1381755641060751,109.00219825477411,1237.9460993846155,12.926344812851406
2024-02-08,1,1432.0,0.003911891308310264,45.590682196339436,4443,0.010441767068273093,0.43737225344915687,0.019839755818389926,1.1381755641060751,109.00219825477411,1258.153878153846,13.137349731726909
2024-02-09,1,1490.0,0.04119595447621092,49.53703703703704,4443,0.010441767068273093,0.43737225344915687,0.019839755818389926,1.1381755641060751,109.00219825477411,1309.1126246153847,13.66944909236948
2024-02-13,1,1447.0,0.007908166819133705,51.35999999999999,4443,0.010441767068273093,0.43737225344915687,0.019839755818389926,1.1381755641060751,109.00219825477411,1271.3328643076923,13.274961635341366
2024-02-14,1,1377.0,-0.04331151777898198,46.18705035971223,4443,0.010441767068273093,0.43737225344915687,0.019839755818389926,1.1381755641060751,109.00219825477411,1209.830928923077,12.632772751807229
2024-02-15,1,1390.0,-0.036332795651711776,54.13290113452188,4443,0.010441767068273093,0.43737225344915687,0.019839755818389926,1.1381755641060751,109.00219825477411,1221.252716923077,12.752036401606427
2024-02-16,1,1506.0,0.04067812226470716,65.88579795021963,4443,0.010441767068273093,0.43737225344915687,0.019839755818389926,1.1381755641060751,109.00219825477411,1323.170209846154,13.816235122891568
2024-02-19,1,1512.0,0.0412123604945299,63.47962382445141,4443,0.010441767068273093,0.43737225344915687,0.019839755818389926,1.1381755641060751,109.00219825477411,1328.4418043076923,13.87127988433735
2024-02-20,1,1514.0,0.03924987301107897,59.47826086956522,4443,0.010441767068273093,0.43737225344915687,0.019839755818389926,1.1381755641060751,109.00219825477411,1330.1990024615386,13.889628138152611
2024-02-21,1,1493.0,0.0216883519772259,56.8760611205433,4443,0.010441767068273093,0.43737225344915687,0.019839755818389926,1.1381755641060751,109.00219825477411,1311.7484218461539,13.69697147309237
2024-02-22,1,1531.0,0.04443332726941976,60.74918566775244,4443,0.010441767068273093,0.43737225344915687,0.019839755818389926,1.1381755641060751,109.00219825477411,1345.1351867692308,14.04558829558233
2024-02-26,0,1647.0,0.11904805044209309,68.29608938547486,4443,0.010441767068273093,0.43737225344915687,0.019839755818389926,1.1381755641060751,109.00219825477411,1447.0526796923077,15.10978701686747
2024-02-27,0,1687.0,0.14199453034036447,69.93377483443709,4443,0.010441767068273093,0.43737225344915687,0.019839755818389926,1.1381755641060751,109.00219825477411,1482.1966427692307,15.476752093172692
2024-02-28,0,1773.0,0.19571081737253848,73.35722819593786,4443,0.010441767068273093,0.43737225344915687,0.019839755818389926,1.1381755641060751,109.00219825477411,1557.7561633846155,16.265727007228918
2024-02-29,0,1781.0,0.1964047399392728,73.03506650544135,4443,0.010441767068273093,0.43737225344915687,0.019839755818389926,1.1381755641060751,109.00219825477411,1564.784956,16.33912002248996
2024-03-01,0,1806.0,0.2085549091687784,74.61447212336893,4443,0.010441767068273093,0.43737225344915687,0.019839755818389926,1.1381755641060751,109.00219825477411,1586.749932923077,16.568473195180722
2024-03-04,0,1804.0,0.20288051209103838,74.16267942583733,4443,0.010441767068273093,0.43737225344915687,0.019839755818389926,1.1381755641060751,109.00219825477411,1584.9927347692308,16.550124941365464
2024-03-05,0,1762.0,0.1706189265561746,71.26436781609195,4443,0.010441767068273093,0.43737225344915687,0.019839755818389926,1.1381755641060751,109.00219825477411,1548.0915735384615,16.164811611244982
2024-03-06,0,1748.0,0.15738084097710844,66.79245283018868,4443,0.010441767068273093,0.43737225344915687,0.019839755818389926,1.1381755641060751,109.00219825477411,1535.7911864615385,16.036373834538153
2024-03-07,0,1729.0,0.14102315922849504,69.86842105263159,4443,0.010441767068273093,0.43737225344915687,0.019839755818389926,1.1381755641060751,109.00219825477411,1519.097804,15.862065423293174
2024-03-08,0,1686.0,0.10991152306720037,67.64331210191082,4443,0.010441767068273093,0.43737225344915687,0.019839755818389926,1.1381755641060751,109.00219825477411,1481.3180436923078,15.467577966265061
2024-03-11,0,1726.0,0.13307132791233034,68.32917705735662,4443,0.010441767068273093,0.43737225344915687,0.019839755818389926,1.1381755641060751,109.00219825477411,1516.4620067692308,15.834543042570282
2024-03-12,0,1762.0,0.1530005060463817,67.43589743589743,4443,0.010441767068273093,0.43737225344915687,0.019839755818389926,1.1381755641060751,109.00219825477411,1548.0915735384615,16.164811611244982
2024-03-13,0,1750.0,0.14219824210251494,70.22696929238985,4443,0.010441767068273093,0.43737225344915687,0.019839755818389926,1.1381755641060751,109.00219825477411,1537.5483846153847,16.054722088353415
2024-03-14,0,1739.0,0.13241703856773224,76.23188405797102,4443,0.010441767068273093,0.43737225344915687,0.019839755818389926,1.1381755641060751,109.00219825477411,1527.883794769231,15.95380669236948
2024-03-15,0,1727.0,0.12184622846600894,74.45573294629898,4443,0.010441767068273093,0.43737225344915687,0.019839755818389926,1.1381755641060751,109.00219825477411,1517.340605846154,15.843717169477912
2024-03-18,0,1755.0,0.13725710434684935,70.71547420965058,4443,0.010441767068273093,0.43737225344915687,0.019839755818389926,1.1381755641060751,109.00219825477411,1541.94138,16.100592722891566
2024-03-19,0,1800.0,0.16300105962318764,72.5,4443,0.010441767068273093,0.43737225344915687,0.019839755818389926,1.1381755641060751,109.00219825477411,1581.4783384615384,16.51342843373494
2024-03-21,0,1784.0,0.14955366731676298,70.64220183486239,4443,0.010441767068273093,0.43737225344915687,0.019839755818389926,1.1381755641060751,109.00219825477411,1567.4207532307694,16.366642403212854
2024-03-22,0,1791.0,0.15133411617481943,73.28125,4443,0.010441767068273093,0.43737225344915687,0.019839755818389926,1.1381755641060751,109.00219825477411,1573.5709467692309,16.430861291566266
2024-03-25,0,1756.0,0.12680635529051404,67.66091051805337,4443,0.010441767068273093,0.43737225344915687,0.019839755818389926,1.1381755641060751,109.00219825477411,1542.8199790769231,16.109766849799197
2024-03-26,0,1730.0,0.10845329118790312,57.586837294332724,4443,0.010441767068273093,0.43737225344915687,0.019839755818389926,1.1381755641060751,109.00219825477411,1519.9764030769231,15.871239550200805
2024-03-27,0,1739.0,0.11286978335622917,55.03875968992248,4443,0.010441767068273093,0.43737225344915687,0.019839755818389926,1.1381755641060751,109.00219825477411,1527.883794769231,15.95380669236948
2024-03-28,1,1732.0,0.10684128458346473,45.30892448512586,4443,0.010441767068273093,0.43737225344915687,0.019839755818389926,1.1381755641060751,109.00219825477411,1521.7336012307692,15.889587804016065
2024-03-29,0,1757.0,0.12106001956697436,47.356828193832605,4443,0.010441767068273093,0.43737225344915687,0.019839755818389926,1.1381755641060751,109.00219825477411,1543.6985781538463,16.118940976706828
2024-04-01,1,1728.0,0.10071172563741054,41.48471615720524,4443,0.010441767068273093,0.43737225344915687,0.019839755818389926,1.1381755641060751,109.00219825477411,1518.219204923077,15.852891296385543
2024-04-02,1,1691.0,0.07526197985552949,38.5395537525355,4443,0.010441767068273093,0.43737225344915687,0.019839755818389926,1.1381755641060751,109.00219825477411,1485.711039076923,15.513448600803214
2024-04-03,1,1660.0,0.054316345714140526,39.41908713692947,4443,0.010441767068273093,0.43737225344915687,0.019839755818389926,1.1381755641060751,109.00219825477411,1458.4744676923078,15.229050666666668
2024-04-04,1,1720.0,0.09035584481447044,47.348484848484844,4443,0.010441767068273093,0.43737225344915687,0.019839755818389926,1.1381755641060751,109.00219825477411,1511.1904123076924,15.779498281124498
2024-04-05,1,1721.0,0.08898319384449252,49.21568627450981,4443,0.010441767068273093,0.43737225344915687,0.019839755818389926,1.1381755641060751,109.00219825477411,1512.0690113846154,15.788672408032129
2024-04-08,1,1732.0,0.09429098536733302,54.81171548117155,4443,0.010441767068273093,0.43737225344915687,0.019839755818389926,1.1381755641060751,109.00219825477411,1521.7336012307692,15.889587804016065
2024-04-09,1,1773.0,0.11866845014259389,54.906054279749476,4443,0.010441767068273093,0.43737225344915687,0.019839755818389926,1.1381755641060751,109.00219825477411,1557.7561633846155,16.265727007228918
2024-04-10,1,1743.0,0.0985755704021178,47.99154334038055,4443,0.010441767068273093,0.43737225344915687,0.019839755818389926,1.1381755641060751,109.00219825477411,1531.3981910769232,15.990503200000001
2024-04-11,1,1682.0,0.05971892037197266,43.486590038314176,4443,0.037592411772911144,0.43682783414069404,0.030453082446150036,4.285216914341074,113.99154010727703,392.512219012987,14.75548096303529
2024-04-12,1,1535.0,-0.03223772696704781,34.4984802431611,4443,0.037592411772911144,0.43682783414069404,0.030453082446150036,4.285216914341074,113.99154010727703,358.2082379220779,13.465911580415678
2024-04-15,1,1411.0,-0.1089471557037486,29.480519480519476,4443,0.037592411772911144,0.43682783414069404,0.030453082446150036,4.285216914341074,113.99154010727703,329.27154638961036,12.378111556981448
2024-04-16,1,1445.0,-0.08623727898957018,30.025773195876283,4443,0.037592411772911144,0.43682783414069404,0.030453082446150036,4.285216914341074,113.99154010727703,337.2058005194805,12.676379305342445
2024-04-17,1,1380.0,-0.1256452062548047,23.6180904522613,4443,0.037592411772911144,0.43682783414069404,0.030453082446150036,4.285216914341074,113.99154010727703,322.0373735064935,12.10616155112289
2024-04-18,1,1401.0,-0.1109277827135423,26.092384519350816,4443,0.037592411772911144,0.43682783414069404,0.030453082446150036,4.285216914341074,113.99154010727703,326.9379422337662,12.290385748639977
2024-04-19,1,1373.0,-0.12699018261356124,24.574209245742082,4443,0.037592411772911144,0.43682783414069404,0.030453082446150036,4.285216914341074,113.99154010727703,320.4038505974026,12.044753485283861
2024-04-22,1,1405.0,-0.10511074121883279,28.57142857142857,4443,0.037592411772911144,0.43682783414069404,0.030453082446150036,4.285216914341074,113.99154010727703,327.8713838961039,12.325476071976565
2024-04-23,1,1400.0,-0.10678587530730813,29.32330827067669,4443,0.037592411772911144,0.43682783414069404,0.030453082446150036,4.285216914341074,113.99154010727703,326.7045818181818,12.28161316780583
2024-04-24,1,1467.0,-0.06321041473320335,34.112149532710276,4443,0.037592411772911144,0.43682783414069404,0.030453082446150036,4.285216914341074,113.99154010727703,342.3397296623376,12.86937608369368
2024-04-25,1,1447.0,-0.07580092994737114,33.6018411967779,4443,0.037592411772911144,0.43682783414069404,0.030453082446150036,4.285216914341074,113.99154010727703,337.67252135064933,12.69392446701074
2024-04-26,1,1472.0,-0.05980140007834995,33.6018411967779,4443,0.037592411772911144,0.43682783414069404,0.030453082446150036,4.285216914341074,113.99154010727703,343.50653174025973,12.913238987864416
2024-04-30,1,1472.0,-0.059617202872256116,34.76190476190477,4443,0.037592411772911144,0.43682783414069404,0.030453082446150036,4.285216914341074,113.99154010727703,343.50653174025973,12.913238987864416
2024-05-01,1,1471.0,-0.060143970694722555,36.318407960199,4443,0.037592411772911144,0.43682783414069404,0.030453082446150036,4.285216914341074,113.99154010727703,343.27317132467533,12.904466407030268
2024-05-02,1,1484.0,-0.051741030731088086,38.80407124681934,4443,0.037592411772911144,0.43682783414069404,0.030453082446150036,4.285216914341074,113.99154010727703,346.3068567272727,13.01850995787418
2024-05-07,1,1563.0,-0.002391367249331951,40.24844720496894,4443,0.037592411772911144,0.43682783414069404,0.030453082446150036,4.285216914341074,113.99154010727703,364.74232955844155,13.711543843771794
2024-05-08,1,1566.0,-0.0016320701790176631,40.396530359355644,4443,0.037592411772911144,0.43682783414069404,0.030453082446150036,4.285216914341074,113.99154010727703,365.4424108051948,13.737861586274235
2024-05-09,1,1513.0,-0.03684558973314327,37.102473498233216,4443,0.037592411772911144,0.43682783414069404,0.030453082446150036,4.285216914341074,113.99154010727703,353.07430877922076,13.272914802064443
2024-05-10,1,1463.0,-0.070048309178744,31.93473193473193,4443,0.037592411772911144,0.43682783414069404,0.030453082446150036,4.285216914341074,113.99154010727703,341.40628799999996,12.834285760357092
2024-05-13,1,1525.0,-0.03215570129045911,37.75280898876405,4443,0.037592411772911144,0.43682783414069404,0.030453082446150036,4.285216914341074,113.99154010727703,355.8746337662337,13.378185772074207
2024-05-14,1,1568.0,-0.00623637377680875,43.46330275229358,4443,0.037592411772911144,0.43682783414069404,0.030453082446150036,4.285216914341074,113.99154010727703,365.9091316363636,13.75540674794253
2024-05-15,1,1590.0,0.006193256606702871,53.68139223560911,4443,0.037592411772911144,0.43682783414069404,0.030453082446150036,4.285216914341074,113.99154010727703,371.04306077922075,13.948403526293765
2024-05-16,1,1599.0,0.010183968462549207,64.87341772151899,4443,0.037592411772911144,0.43682783414069404,0.030453082446150036,4.285216914341074,113.99154010727703,373.1433045194805,14.027356753801087
2024-05-17,1,1562.0,-0.014660240720647984,59.21259842519685,4443,0.037592411772911144,0.43682783414069404,0.030453082446150036,4.285216914341074,113.99154010727703,364.5089691428571,13.702771262937647
2024-05-20,1,1570.0,-0.011144049648546771,66.43598615916954,4443,0.037592411772911144,0.43682783414069404,0.030453082446150036,4.285216914341074,113.99154010727703,366.37585246753247,13.772951909610823
2024-05-21,1,1593.0,0.001567634632150765,66.55172413793103,4443,0.037592411772911144,0.43682783414069404,0.030453082446150036,4.285216914341074,113.99154010727703,371.743142025974,13.974721268796205
2024-05-22,1,1570.0,-0.014297912236936819,67.1304347826087,4443,0.037592411772911144,0.43682783414069404,0.030453082446150036,4.285216914341074,113.99154010727703,366.37585246753247,13.772951909610823
2024-05-23,1,1580.0,-0.009586533720026387,65.82278481012659,4443,0.037592411772911144,0.43682783414069404,0.030453082446150036,4.285216914341074,113.99154010727703,368.7094566233766,13.860677717952294
2024-05-24,1,1591.0,-0.004280779051719771,67.08407871198568,4443,0.037592411772911144,0.43682783414069404,0.030453082446150036,4.285216914341074,113.99154010727703,371.27642119480515,13.95717610712791
2024-05-27,1,1615.0,0.00886216173445169,64.34108527131784,4443,0.037592411772911144,0.43682783414069404,0.030453082446150036,4.285216914341074,113.99154010727703,376.87707116883115,14.16771804714744
2024-05-28,1,1630.0,0.016970301971549816,67.90606653620353,4443,0.037592411772911144,0.43682783414069404,0.030453082446150036,4.285216914341074,113.99154010727703,380.3774774025974,14.299306759659645
2024-05-29,1,1603.0,-0.0013373648098616703,62.76803118908383,4443,0.037592411772911144,0.43682783414069404,0.030453082446150036,4.285216914341074,113.99154010727703,374.0767461818182,14.062447077137675
2024-05-30,1,1644.0,0.022210062924366423,65.52346570397111,4443,0.037592411772911144,0.43682783414069404,0.030453082446150036,4.285216914341074,113.99154010727703,383.6445232207792,14.422122891337704
2024-05-31,1,1616.0,0.0032697322130706414,62.47848537005164,4443,0.037592411772911144,0.43682783414069404,0.030453082446150036,4.285216914341074,113.99154010727703,377.11043158441555,14.176490627981586
2024-06-03,1,1603.0,-0.00573115665161515,60.24096385542169,4443,0.037592411772911144,0.43682783414069404,0.030453082446150036,4.285216914341074,113.99154010727703,374.0767461818182,14.062447077137675
2024-06-04,1,1654.0,0.02414860681114551,58.22784810126583,4443,0.037592411772911144,0.43682783414069404,0.030453082446150036,4.285216914341074,113.99154010727703,385.9781273766234,14.509848699679173
2024-06-05,1,1635.0,0.01023207533180096,56.06326889279437,4443,0.037592411772911144,0.43682783414069404,0.030453082446150036,4.285216914341074,113.99154010727703,381.54427948051944,14.34316966383038
2024-06-06,1,1629.0,0.004546874743056285,61.11111111111111,4443,0.037592411772911144,0.43682783414069404,0.030453082446150036,4.285216914341074,113.99154010727703,380.144116987013,14.290534178825498
2024-06-07,1,1648.0,0.015078348280279897,68.83910386965377,4443,0.037592411772911144,0.43682783414069404,0.030453082446150036,4.285216914341074,113.99154010727703,384.57796488311686,14.457213214674292
2024-06-10,1,1603.0,-0.013376554101185845,58.22784810126583,4443,0.037592411772911144,0.43682783414069404,0.030453082446150036,4.285216914341074,113.99154010727703,374.0767461818182,14.062447077137675
2024-06-11,1,1628.0,0.0010740434044716298,56.57894736842105,4443,0.037592411772911144,0.43682783414069404,0.030453082446150036,4.285216914341074,113.99154010727703,379.9107565714286,14.28176159799135
2024-06-12,1,1628.0,-3.275895957541409e-05,54.3778801843318,4443,0.037592411772911144,0.43682783414069404,0.030453082446150036,4.285216914341074,113.99154010727703,379.9107565714286,14.28176159799135
2024-06-13,1,1680.0,0.03064955461215678,58.49056603773585,4443,0.037592411772911144,0.43682783414069404,0.030453082446150036,4.285216914341074,113.99154010727703,392.0454981818182,14.737935801366996
2024-06-14,1,1678.0,0.029161623761080738,63.12217194570135,4443,0.037592411772911144,0.43682783414069404,0.030453082446150036,4.285216914341074,113.99154010727703,391.5787773506493,14.720390639698701
2024-06-17,1,1683.0,0.03226202158979386,62.87015945330296,4443,0.037592411772911144,0.43682783414069404,0.030453082446150036,4.285216914341074,113.99154010727703,392.74557942857143,14.764253543869437
2024-06-18,1,1675.0,0.028179273542747758,59.66981132075472,4443,0.037592411772911144,0.43682783414069404,0.030453082446150036,4.285216914341074,113.99154010727703,390.87869610389606,14.69407289719626
2024-06-19,1,1670.0,0.026042221330209534,62.31527093596059,4443,0.037592411772911144,0.43682783414069404,0.030453082446150036,4.285216914341074,113.99154010727703,389.711894025974,14.650209993025525
2024-06-20,1,1691.0,0.039924234969989224,63.309352517985616,4443,0.037592411772911144,0.43682783414069404,0.030453082446150036,4.285216914341074,113.99154010727703,394.61246275324675,14.834434190542613
2024-06-21,1,1679.0,0.033603926750991074,60.526315789473685,4443,0.037592411772911144,0.43682783414069404,0.030453082446150036,4.285216914341074,113.99154010727703,391.8121377662337,14.729163220532849
2024-06-24,1,1698.0,0.0458498607997241,60.04842615012107,4443,0.037592411772911144,0.43682783414069404,0.030453082446150036,4.285216914341074,113.99154010727703,396.24598566233766,14.895842256381643
2024-06-25,1,1741.0,0.07239651773981601,62.585034013605444,4443,0.037592411772911144,0.43682783414069404,0.030453082446150036,4.285216914341074,113.99154010727703,406.2804835324675,15.273063232249964
2024-06-26,1,1740.0,0.07168373422243399,66.50602409638554,4443,0.037592411772911144,0.43682783414069404,0.030453082446150036,4.285216914341074,113.99154010727703,406.0471231168831,15.264290651415818
2024-06-27,1,1729.0,0.0645328123204229,61.038961038961034,4443,0.037592411772911144,0.43682783414069404,0.030453082446150036,4.285216914341074,113.99154010727703,403.4801585454545,15.1677922622402
2024-06-28,1,1730.0,0.06511353002019406,65.92178770949721,4443,0.037592411772911144,0.43682783414069404,0.030453082446150036,4.285216914341074,113.99154010727703,403.7135189610389,15.176564843074347
2024-07-01,1,1697.0,0.04535411858434707,62.43386243386244,4443,0.037592411772911144,0.43682783414069404,0.030453082446150036,4.285216914341074,113.99154010727703,396.0126252467532,14.887069675547496
2024-07-02,1,1730.0,0.06585724495412097,60.55555555555556,4443,0.037592411772911144,0.43682783414069404,0.030453082446150036,4.285216914341074,113.99154010727703,403.7135189610389,15.176564843074347
2024-07-03,1,1730.0,0.06593605205218363,63.929618768328446,4443,0.037592411772911144,0.43682783414069404,0.030453082446150036,4.285216914341074,113.99154010727703,403.7135189610389,15.176564843074347
2024-07-04,1,1734.0,0.06833920693989211,65.48672566371681,4443,0.037592411772911144,0.43682783414069404,0.030453082446150036,4.285216914341074,113.99154010727703,404.64696062337663,15.211655166410935
2024-07-05,1,1778.0,0.09524122410762678,67.85714285714286,4443,0.037592411772911144,0.43682783414069404,0.030453082446150036,4.285216914341074,113.99154010727703,414.9148189090909,15.597648723113403
2024-07-08,1,1789.0,0.10211675414602893,78.18181818181819,4443,0.037592411772911144,0.43682783414069404,0.030453082446150036,4.285216914341074,113.99154010727703,417.4817834805195,15.694147112289022
2024-07-09,1,1793.0,0.10449931007293521,76.69902912621359,4443,0.037592411772911144,0.43682783414069404,0.030453082446150036,4.285216914341074,113.99154010727703,418.41522514285714,15.72923743562561
2024-07-10,1,1783.0,0.0984114206860297,74.29467084639498,4443,0.037592411772911144,0.43682783414069404,0.030453082446150036,4.285216914341074,113.99154010727703,416.08162098701297,15.641511627284139
2024-07-11,1,1730.0,0.06598859659212272,57.8125,4443,0.06451394530192256,0.3929559480740583,0.03946513961863156,7.573384586736694,117.39143453858809,228.4315526547744,14.737020693203357
2024-07-12,1,2130.0,0.3081609590723726,81.47632311977716,4443,0.06451394530192256,0.3929559480740583,0.03946513961863156,7.573384586736694,117.39143453858809,281.2480966211962,18.144424321689684
2024-07-16,0,2317.0,0.41630534002738473,85.22222222222223,4443,0.06451394530192256,0.3929559480740583,0.03946513961863156,7.573384586736694,117.39143453858809,305.9398309254984,19.73738551800704
2024-07-17,0,2357.0,0.43345415622643346,86.58798283261802,4443,0.06451394530192256,0.3929559480740583,0.03946513961863156,7.573384586736694,117.39143453858809,311.2214853221406,20.078125880855673
2024-07-18,0,2242.0,0.3581732710854078,77.447216890595,4443,0.06451394530192256,0.3929559480740583,0.03946513961863156,7.573384586736694,117.39143453858809,296.03672893179436,19.098497337665854
2024-07-19,0,2270.0,0.3691414417602213,77.59771210676836,4443,0.06451394530192256,0.3929559480740583,0.03946513961863156,7.573384586736694,117.39143453858809,299.7338870094439,19.3370155916599
2024-07-22,1,2303.0,0.38224231754161325,79.1588785046729,4443,0.06451394530192256,0.3929559480740583,0.03946513961863156,7.573384586736694,117.39143453858809,304.09125188667366,19.61812639101002
2024-07-23,0,2316.0,0.3827856324035154,79.04135338345864,4443,0.06451394530192256,0.3929559480740583,0.03946513961863156,7.573384586736694,117.39143453858809,305.80778956558237,19.728867008935826
2024-07-24,0,2330.0,0.384421593015702,78.45410628019323,4443,0.06451394530192256,0.3929559480740583,0.03946513961863156,7.573384586736694,117.39143453858809,307.65636860440713,19.848126135932848
2024-07-25,1,2247.0,0.3295648194900278,72.69471799462846,4443,0.06451394530192256,0.3929559480740583,0.03946513961863156,7.573384586736694,117.39143453858809,296.69693573137465,19.141089883021934
2024-07-26,0,2257.0,0.32997320804230146,73.65591397849462,4443,0.06451394530192256,0.3929559480740583,0.03946513961863156,7.573384586736694,117.39143453858809,298.0173493305352,19.226274973734093
2024-07-29,0,2308.0,0.3543329264857759,74.78559176672384,4443,0.06451394530192256,0.3929559480740583,0.03946513961863156,7.573384586736694,117.39143453858809,304.75145868625395,19.6607189363661
2024-07-30,0,2251.0,0.3156561720698254,73.27731092436974,4443,0.06451394530192256,0.3929559480740583,0.03946513961863156,7.573384586736694,117.39143453858809,297.22510117103883,19.175163919306797
2024-07-31,0,2256.0,0.3127065650844881,72.63339070567986,4443,0.06451394530192256,0.3929559480740583,0.03946513961863156,7.573384586736694,117.39143453858809,297.8853079706191,19.217756464662877
2024-08-01,1,2158.0,0.24964290402032158,66.98412698412699,4443,0.06451394530192256,0.3929559480740583,0.03946513961863156,7.573384586736694,117.39143453858809,284.94525469884576,18.382942575683725
2024-08-02,1,1953.0,0.1262196387793233,57.49486652977412,4443,0.06451394530192256,0.3929559480740583,0.03946513961863156,7.573384586736694,117.39143453858809,257.87677591605456,16.636648216084485
2024-08-05,1,1858.0,0.06804525108835606,52.645502645502646,4443,0.06451394530192256,0.3929559480740583,0.03946513961863156,7.573384586736694,117.39143453858809,245.3328467240294,15.827389854318982
2024-08-06,1,2019.0,0.154937419438491,56.919374247894105,4443,0.06451394530192256,0.3929559480740583,0.03946513961863156,7.573384586736694,117.39143453858809,266.5915056705142,17.19886981478473
2024-08-07,1,1980.0,0.12764826486445446,55.50972304065999,4443,0.06451394530192256,0.3929559480740583,0.03946513961863156,7.573384586736694,117.39143453858809,261.44189263378803,16.86664796100731
2024-08-08,1,2020.0,0.14480455201493156,56.861609727851764,4443,0.06451394530192256,0.3929559480740583,0.03946513961863156,7.573384586736694,117.39143453858809,266.7235470304302,17.207388323855945
2024-08-09,1,2024.0,0.14173109901019887,58.760429082240755,4443,0.06451394530192256,0.3929559480740583,0.03946513961863156,7.573384586736694,117.39143453858809,267.25171247009445,17.241462360140808
2024-08-13,1,2019.0,0.13363279056709715,45.67420109119252,4443,0.06451394530192256,0.3929559480740583,0.03946513961863156,7.573384586736694,117.39143453858809,266.5915056705142,17.19886981478473
2024-08-14,1,2040.0,0.14053135343053935,37.60071620411817,4443,0.06451394530192256,0.3929559480740583,0.03946513961863156,7.573384586736694,117.39143453858809,269.36437422875133,17.37775850528026
2024-08-15,1,2013.0,0.12070757308074881,34.42028985507247,4443,0.06451394530192256,0.3929559480740583,0.03946513961863156,7.573384586736694,117.39143453858809,265.79925751101786,17.147758760357434
2024-08-16,1,2024.0,0.12223322934070649,39.1,4443,0.06451394530192256,0.3929559480740583,0.03946513961863156,7.573384586736694,117.39143453858809,267.25171247009445,17.241462360140808
2024-08-19,1,1998.0,0.10352598091198306,36.37274549098196,4443,0.06451394530192256,0.3929559480740583,0.03946513961863156,7.573384586736694,117.39143453858809,263.81863711227703,17.019981124289195
2024-08-20,0,2077.0,0.14206220032551792,39.17624521072797,4443,0.06451394530192256,0.3929559480740583,0.03946513961863156,7.573384586736694,117.39143453858809,274.24990454564534,17.692943340915246
2024-08-21,0,2069.0,0.13280480059569433,38.11357074109721,4443,0.06451394530192256,0.3929559480740583,0.03946513961863156,7.573384586736694,117.39143453858809,273.1935736663169,17.62479526834552
2024-08-22,0,2144.0,0.1689104707626995,41.54545454545455,4443,0.06451394530192256,0.3929559480740583,0.03946513961863156,7.573384586736694,117.39143453858809,283.096675660021,18.263683448686706
2024-08-23,0,2261.0,0.2265024338379418,50.617283950617285,4443,0.06451394530192256,0.3929559480740583,0.03946513961863156,7.573384586736694,117.39143453858809,298.54551477019936,19.260349010018956
2024-08-26,0,2454.0,0.32219827586206895,57.4791192103265,4443,0.06451394530192256,0.3929559480740583,0.03946513961863156,7.573384586736694,117.39143453858809,324.0294972339979,20.904421260763606
2024-08-27,0,2427.0,0.29865728717787743,54.60170146945089,4443,0.06451394530192256,0.3929559480740583,0.03946513961863156,7.573384586736694,117.39143453858809,320.46438051626444,20.67442151584078
2024-08-28,0,2337.0,0.24329673135852906,53.242835595776775,4443,0.06451394530192256,0.3929559480740583,0.03946513961863156,7.573384586736694,117.39143453858809,308.58065812381955,19.907755699431355
2024-08-29,0,2226.0,0.17874239236341555,48.952513966480446,4443,0.06451394530192256,0.3929559480740583,0.03946513961863156,7.573384586736694,117.39143453858809,293.9240671731375,18.9622011925264
2024-08-30,0,2190.0,0.15478718168651656,51.16788321167883,4443,0.06451394530192256,0.3929559480740583,0.03946513961863156,7.573384586736694,117.39143453858809,289.1705782161595,18.655534865962633
2024-09-02,0,2227.0,0.1691352494015204,61.39767054908486,4443,0.06451394530192256,0.3929559480740583,0.03946513961863156,7.573384586736694,117.39143453858809,294.05610853305353,18.970719701597616
2024-09-03,0,2174.0,0.1364428398176673,63.620689655172406,4443,0.06451394530192256,0.3929559480740583,0.03946513961863156,7.573384586736694,117.39143453858809,287.05791645750264,18.51923872082318
2024-09-04,0,2181.0,0.1352673768955824,58.05168986083498,4443,0.06451394530192256,0.3929559480740583,0.03946513961863156,7.573384586736694,117.39143453858809,287.982205976915,18.57886828432169
2024-09-05,0,2298.0,0.1903446370605705,64.6678966789668,4443,0.06451394530192256,0.3929559480740583,0.03946513961863156,7.573384586736694,117.39143453858809,303.4310450870934,19.57553384565394
2024-09-06,0,2297.0,0.18388229553935279,63.25358851674641,4443,0.06451394530192256,0.3929559480740583,0.03946513961863156,7.573384586736694,117.39143453858809,303.29900372717736,19.567015336582724
2024-09-09,0,2333.0,0.1962466671224448,64.34540389972145,4443,0.06451394530192256,0.3929559480740583,0.03946513961863156,7.573384586736694,117.39143453858809,308.0524926841553,19.873681663146492
2024-09-10,0,2346.0,0.19673524910729473,65.06912442396313,4443,0.06451394530192256,0.3929559480740583,0.03946513961863156,7.573384586736694,117.39143453858809,309.769030363064,19.9844222810723
2024-09-11,0,2310.0,0.1728269699431357,62.27272727272727,4443,0.06451394530192256,0.3929559480740583,0.03946513961863156,7.573384586736694,117.39143453858809,305.0155414060861,19.67775595450853
2024-09-12,0,2318.0,0.17143280685677323,64.1073080481036,4443,0.06451394530192256,0.3929559480740583,0.03946513961863156,7.573384586736694,117.39143453858809,306.0718722854145,19.745904027078257
2024-09-13,1,2303.0,0.15838855058078713,62.85714285714286,4443,0.06451394530192256,0.3929559480740583,0.03946513961863156,7.573384586736694,117.39143453858809,304.09125188667366,19.61812639101002
2024-09-17,1,2277.0,0.14046921016955946,62.85714285714286,4443,0.06451394530192256,0.3929559480740583,0.03946513961863156,7.573384586736694,117.39143453858809,300.65817652885625,19.396645155158406
2024-09-18,1,2242.0,0.11826398079365813,57.92507204610951,4443,0.06451394530192256,0.3929559480740583,0.03946513961863156,7.573384586736694,117.39143453858809,296.03672893179436,19.098497337665854
2024-09-19,1,2233.0,0.10912799592044878,57.869481765834934,4443,0.06451394530192256,0.3929559480740583,0.03946513961863156,7.573384586736694,117.39143453858809,294.8483566925499,19.02183075602491
2024-09-20,1,2221.0,0.09904066928822153,53.932584269662925,4443,0.06451394530192256,0.3929559480740583,0.03946513961863156,7.573384586736694,117.39143453858809,293.2638603735572,18.91960864717032
2024-09-24,1,2192.0,0.0807186384522847,46.12794612794613,4443,0.06451394530192256,0.3929559480740583,0.03946513961863156,7.573384586736694,117.39143453858809,289.43466093599164,18.672571884105064
2024-09-25,1,2100.0,0.03216420257942752,27.594936708860757,4443,0.06451394530192256,0.3929559480740583,0.03946513961863156,7.573384586736694,117.39143453858809,277.2868558237146,17.888869049553207
2024-09-26,1,2135.0,0.04602852122106888,31.70426065162907,4443,0.06451394530192256,0.3929559480740583,0.03946513961863156,7.573384586736694,117.39143453858809,281.9083034207765,18.187016867045763
2024-09-27,1,2207.0,0.0770547165268768,41.66666666666667,4443,0.06451394530192256,0.3929559480740583,0.03946513961863156,7.573384586736694,117.39143453858809,291.4152813347324,18.800349520173302
2024-09-30,1,2149.0,0.04520635002983064,44.70426409903714,4443,0.06451394530192256,0.3929559480740583,0.03946513961863156,7.573384586736694,117.39143453858809,283.7568824596013,18.306275994042785
2024-10-01,1,2131.0,0.0330818902829218,45.839210155148095,4443,0.06451394530192256,0.3929559480740583,0.03946513961863156,7.573384586736694,117.39143453858809,281.3801379811123,18.1529428307609
2024-10-02,1,2002.0,-0.03147153113288479,35.95505617977528,4443,0.06451394530192256,0.3929559480740583,0.03946513961863156,7.573384586736694,117.39143453858809,264.34680255194127,17.05405516057406
2024-10-03,1,2058.0,-0.006814277165415078,42.7860696517413,4443,0.06451394530192256,0.3929559480740583,0.03946513961863156,7.573384586736694,117.39143453858809,271.74111870724033,17.531091668562144
2024-10-04,0,2124.0,0.02213666987487969,46.69756662804171,4443,0.06451394530192256,0.3929559480740583,0.03946513961863156,7.573384586736694,117.39143453858809,280.45584846169993,18.09331326726239
2024-10-07,0,2152.0,0.03245120804467552,40.568475452196374,4443,0.06451394530192256,0.3929559480740583,0.03946513961863156,7.573384586736694,117.39143453858809,284.15300653934946,18.331831521256433
2024-10-08,0,2156.0,0.031164508044613577,40.926640926640935,4443,0.06451394530192256,0.3929559480740583,0.03946513961863156,7.573384586736694,117.39143453858809,284.68117197901364,18.365905557541293
2024-10-09,0,2227.0,0.06149387666906049,43.47290640394089,4443,0.06451394530192256,0.3929559480740583,0.03946513961863156,7.573384586736694,117.39143453858809,294.05610853305353,18.970719701597616
2024-10-10,1,2200.0,0.045163742319630044,41.16222760290557,4443,0.06451394530192256,0.3929559480740583,0.03946513961863156,7.573384586736694,117.39143453858809,290.49099181532006,18.74071995667479
2024-10-11,1,2225.0,0.05352374097994279,44.785276073619634,4443,-0.025251153950583763,0.38316687473990846,-0.03391068447412354,-2.9498151750482178,116.81902462045791,-754.2845459677419,19.046555192777628
2024-10-15,1,2166.0,0.02284318293435424,41.22401847575058,4443,-0.025251153950583763,0.38316687473990846,-0.03391068447412354,-2.9498151750482178,116.81902462045791,-734.2832928387096,18.541500470811837
2024-10-16,1,2128.0,0.002449594874693715,40.15748031496063,4443,-0.025251153950583763,0.38316687473990846,-0.03391068447412354,-2.9498151750482178,116.81902462045791,-721.4011298064515,18.216210988867772
2024-10-17,1,2175.0,0.021727965125018896,44.39560439560439,4443,-0.025251153950583763,0.38316687473990846,-0.03391068447412354,-2.9498151750482178,116.81902462045791,-737.3343314516129,18.618542716535433
2024-10-18,1,2347.0,0.09828230581570195,55.01432664756447,4443,-0.025251153950583763,0.38316687473990846,-0.03391068447412354,-2.9498151750482178,116.81902462045791,-795.6430693870967,20.09090563480858
2024-10-21,1,2315.0,0.07914675152743171,53.831775700934585,4443,-0.025251153950583763,0.38316687473990846,-0.03391068447412354,-2.9498151750482178,116.81902462045791,-784.7949320967741,19.816977650013577
2024-10-22,1,2279.0,0.05875247770069377,52.6508226691042,4443,-0.025251153950583763,0.38316687473990846,-0.03391068447412354,-2.9498151750482178,116.81902462045791,-772.5907776451612,19.508808667119197
2024-10-23,1,2265.0,0.048772958789936795,53.38276181649677,4443,-0.025251153950583763,0.38316687473990846,-0.03391068447412354,-2.9498151750482178,116.81902462045791,-767.8447175806451,19.388965173771382
2024-10-24,1,2200.0,0.015753412008052102,54.75285171102662,4443,-0.025251153950583763,0.38316687473990846,-0.03391068447412354,-2.9498151750482178,116.81902462045791,-745.8094387096774,18.83254895465653
2024-10-25,1,2105.0,-0.030061191388970707,48.65107913669065,4443,-0.025251153950583763,0.38316687473990846,-0.03391068447412354,-2.9498151750482178,116.81902462045791,-713.6040311290323,18.01932524979636
2024-10-28,1,2172.0,-0.0015384521087827255,48.41915085817525,4443,-0.025251153950583763,0.38316687473990846,-0.03391068447412354,-2.9498151750482178,116.81902462045791,-736.3173185806451,18.5928619679609
2024-10-29,1,2221.0,0.01831530942235864,53.278688524590166,4443,-0.025251153950583763,0.38316687473990846,-0.03391068447412354,-2.9498151750482178,116.81902462045791,-752.9285288064516,19.01231419467825
2024-10-30,1,2185.0,-0.0006464163531141163,52.41935483870967,4443,-0.025251153950583763,0.38316687473990846,-0.03391068447412354,-2.9498151750482178,116.81902462045791,-740.7243743548387,18.70414521178387
2024-10-31,1,2253.0,0.027178670427466762,61.89573459715639,4443,-0.025251153950583763,0.38316687473990846,-0.03391068447412354,-2.9498151750482178,116.81902462045791,-763.7766660967742,19.286242179473255
2024-11-01,1,2229.0,0.015625474626829488,58.35777126099706,4443,-0.025251153950583763,0.38316687473990846,-0.03391068447412354,-2.9498151750482178,116.81902462045791,-755.6405631290322,19.080796190877003
2024-11-05,1,2246.0,0.023812996863831856,56.26283367556468,4443,-0.025251153950583763,0.38316687473990846,-0.03391068447412354,-2.9498151750482178,116.81902462045791,-761.403636064516,19.226320432799348
2024-11-06,1,2319.0,0.05733339817865686,58.194308145240434,4443,-0.025251153950583763,0.38316687473990846,-0.03391068447412354,-2.9498151750482178,116.81902462045791,-786.1509492580644,19.85121864811295
2024-11-07,1,2164.0,-0.012869793694044288,50.341880341880334,4443,-0.025251153950583763,0.38316687473990846,-0.03391068447412354,-2.9498151750482178,116.81902462045791,-733.6052842580644,18.52437997176215
2024-11-08,1,2282.0,0.04088111513854083,52.259654889071484,4443,-0.025251153950583763,0.38316687473990846,-0.03391068447412354,-2.9498151750482178,116.81902462045791,-773.607790516129,19.534489415693727
2024-11-11,1,2278.0,0.0392146128720279,53.266331658291456,4443,-0.025251153950583763,0.38316687473990846,-0.03391068447412354,-2.9498151750482178,116.81902462045791,-772.2517733548386,19.500248417594353
2024-11-12,1,2156.0,-0.01548315605535704,47.327652982184354,4443,-0.025251153950583763,0.38316687473990846,-0.03391068447412354,-2.9498151750482178,116.81902462045791,-730.8932499354838,18.4558979755634
2024-11-13,1,2122.0,-0.029780229828999853,48.262243285939974,4443,-0.025251153950583763,0.38316687473990846,-0.03391068447412354,-2.9498151750482178,116.81902462045791,-719.3671040645161,18.16484949171871
2024-11-14,1,2106.0,-0.03626734352691383,49.11575562700965,4443,-0.025251153950583763,0.38316687473990846,-0.03391068447412354,-2.9498151750482178,116.81902462045791,-713.9430354193548,18.027885499321204
2024-11-15,1,2029.0,-0.07021006195544577,44.27001569858712,4443,-0.025251153950583763,0.38316687473990846,-0.03391068447412354,-2.9498151750482178,116.81902462045791,-687.8397050645161,17.368746285908227
2024-11-18,1,1986.0,-0.08812077578607115,34.235807860262014,4443,-0.025251153950583763,0.38316687473990846,-0.03391068447412354,-2.9498151750482178,116.81902462045791,-673.2625205806452,17.00065555633994
2024-11-19,1,1968.0,-0.09481727696996824,34.659593280282934,4443,-0.025251153950583763,0.38316687473990846,-0.03391068447412354,-2.9498151750482178,116.81902462045791,-667.1604433548387,16.84657106489275
2024-11-20,1,1975.0,-0.09002948765204574,36.206896551724135,4443,-0.025251153950583763,0.38316687473990846,-0.03391068447412354,-2.9498151750482178,116.81902462045791,-669.5334733870967,16.906492811566658
2024-11-21,1,1969.0,-0.09173939516947437,36.471663619744064,4443,-0.025251153950583763,0.38316687473990846,-0.03391068447412354,-2.9498151750482178,116.81902462045791,-667.4994476451612,16.855131314417594
2024-11-22,1,2016.0,-0.07041941790549255,41.44981412639406,4443,-0.025251153950583763,0.38316687473990846,-0.03391068447412354,-2.9498151750482178,116.81902462045791,-683.4326492903225,17.257463042085256
2024-11-25,1,2011.0,-0.07359634413753717,45.233265720081135,4443,-0.025251153950583763,0.38316687473990846,-0.03391068447412354,-2.9498151750482178,116.81902462045791,-681.7376278387096,17.214661794461037
2024-11-26,1,2029.0,-0.0653617251269831,42.36926360725721,4443,-0.025251153950583763,0.38316687473990846,-0.03391068447412354,-2.9498151750482178,116.81902462045791,-687.8397050645161,17.368746285908227
2024-11-27,0,2057.0,-0.052911709455228585,41.048034934497814,4443,-0.025251153950583763,0.38316687473990846,-0.03391068447412354,-2.9498151750482178,116.81902462045791,-697.3318251935483,17.608433272603854
2024-11-28,1,2053.0,-0.05494485260269942,42.53393665158371,4443,-0.025251153950583763,0.38316687473990846,-0.03391068447412354,-2.9498151750482178,116.81902462045791,-695.975808032258,17.57419227450448
2024-11-29,0,2108.0,-0.030126801258810763,41.67623421354765,4443,-0.025251153950583763,0.38316687473990846,-0.03391068447412354,-2.9498151750482178,116.81902462045791,-714.621044,18.045005998370893
2024-12-02,0,2135.0,-0.018402839505416015,44.62242562929062,4443,-0.025251153950583763,0.38316687473990846,-0.03391068447412354,-2.9498151750482178,116.81902462045791,-723.7741598387096,18.276132735541676
2024-12-03,0,2168.0,-0.004012128265596669,45.61797752808989,4443,-0.025251153950583763,0.38316687473990846,-0.03391068447412354,-2.9498151750482178,116.81902462045791,-734.9613014193548,18.558620969861526
2024-12-04,0,2178.0,-0.0004283441439236602,41.47521160822249,4443,-0.025251153950583763,0.38316687473990846,-0.03391068447412354,-2.9498151750482178,116.81902462045791,-738.3513443225806,18.644223465109963
2024-12-05,0,2172.0,-0.00408392839675246,50.58997050147493,4443,-0.025251153950583763,0.38316687473990846,-0.03391068447412354,-2.9498151750482178,116.81902462045791,-736.3173185806451,18.5928619679609
2024-12-06,0,2156.0,-0.01237433272662863,39.0625,4443,-0.025251153950583763,0.38316687473990846,-0.03391068447412354,-2.9498151750482178,116.81902462045791,-730.8932499354838,18.4558979755634
2024-12-09,0,2245.0,0.027340842251699162,47.50378214826021,4443,-0.025251153950583763,0.38316687473990846,-0.03391068447412354,-2.9498151750482178,116.81902462045791,-761.0646317741935,19.217760183274503
2024-12-10,0,2289.0,0.04607163313306612,61.4065180102916,4443,-0.025251153950583763,0.38316687473990846,-0.03391068447412354,-2.9498151750482178,116.81902462045791,-775.9808205483871,19.594411162367635
2024-12-11,0,2257.0,0.030737941994921747,61.61790017211704,4443,-0.025251153950583763,0.38316687473990846,-0.03391068447412354,-2.9498151750482178,116.81902462045791,-765.1326832580645,19.32048317757263
2024-12-12,0,2366.0,0.07982620548645429,69.28783382789318,4443,-0.025251153950583763,0.38316687473990846,-0.03391068447412354,-2.9498151750482178,116.81902462045791,-802.0841509032258,20.253550375780613
2024-12-13,0,2389.0,0.09075468596857565,79.03225806451613,4443,-0.025251153950583763,0.38316687473990846,-0.03391068447412354,-2.9498151750482178,116.81902462045791,-809.8812495806451,20.45043611485202
2024-12-16,0,2390.0,0.09145710284357314,84.94809688581316,4443,-0.025251153950583763,0.38316687473990846,-0.03391068447412354,-2.9498151750482178,116.81902462045791,-810.2202538709677,20.458996364376866
2024-12-17,0,2455.0,0.12033611604643796,88.96000000000001,4443,-0.025251153950583763,0.38316687473990846,-0.03391068447412354,-2.9498151750482178,116.81902462045791,-832.2555327419354,21.015412583491717
2024-12-18,0,2426.0,0.10575637503950214,84.85316846986089,4443,-0.025251153950583763,0.38316687473990846,-0.03391068447412354,-2.9498151750482178,116.81902462045791,-822.4244083225806,20.767165347271245
2024-12-19,0,2407.0,0.09565138227172026,83.18181818181819,4443,-0.025251153950583763,0.38316687473990846,-0.03391068447412354,-2.9498151750482178,116.81902462045791,-815.9833268064516,20.60452060629921
2024-12-20,0,2385.0,0.08459705438295445,79.05511811023622,4443,-0.025251153950583763,0.38316687473990846,-0.03391068447412354,-2.9498151750482178,116.81902462045791,-808.5252324193548,20.416195116752647
2024-12-23,0,2380.0,0.08097305742782925,79.05511811023622,4443,-0.025251153950583763,0.38316687473990846,-0.03391068447412354,-2.9498151750482178,116.81902462045791,-806.8302109677419,20.373393869128428
2024-12-24,0,2345.0,0.06401964995492848,74.23312883435582,4443,-0.025251153950583763,0.38316687473990846,-0.03391068447412354,-2.9498151750482178,116.81902462045791,-794.9650608064516,20.073785135758893
2024-12-25,0,2289.0,0.0386667796035913,67.05882352941177,4443,-0.025251153950583763,0.38316687473990846,-0.03391068447412354,-2.9498151750482178,116.81902462045791,-775.9808205483871,19.594411162367635
2024-12-26,0,2270.0,0.030213546173535735,65.61151079136691,4443,-0.025251153950583763,0.38316687473990846,-0.03391068447412354,-2.9498151750482178,116.81902462045791,-769.539739032258,19.4317664213956
2024-12-27,0,2327.0,0.05612068913349988,65.71018651362985,4443,-0.025251153950583763,0.38316687473990846,-0.03391068447412354,-2.9498151750482178,116.81902462045791,-788.8629835806452,19.919700644311703
2024-12-30,0,2295.0,0.041918886198547285,61.396011396011396,4443,-0.025251153950583763,0.38316687473990846,-0.03391068447412354,-2.9498151750482178,116.81902462045791,-778.0148462903226,19.645772659516698
2025-01-06,0,2123.0,-0.03507602431323586,47.32461355529132,4443,-0.025251153950583763,0.38316687473990846,-0.03391068447412354,-2.9498151750482178,116.81902462045791,-719.7061083548386,18.17340974124355
2025-01-07,0,2128.0,-0.03168853861414967,47.00956937799043,4443,-0.025251153950583763,0.38316687473990846,-0.03391068447412354,-2.9498151750482178,116.81902462045791,-721.4011298064515,18.216210988867772
2025-01-08,0,2136.0,-0.027062481780196324,47.85202863961813,4443,-0.025251153950583763,0.38316687473990846,-0.03391068447412354,-2.9498151750482178,116.81902462045791,-724.1131641290322,18.28469298506652
2025-01-09,0,2199.0,0.0021084227539524807,52.429378531073446,4443,-0.025251153950583763,0.38316687473990846,-0.03391068447412354,-2.9498151750482178,116.81902462045791,-745.4704344193548,18.823988705131686
2025-01-10,0,2445.0,0.1128406794472664,59.59692898272552,4443,-0.025251153950583763,0.38316687473990846,-0.03391068447412354,-2.9498151750482178,116.81902462045791,-828.8654898387097,20.92981008824328
2025-01-14,0,2450.0,0.11364986242257481,58.02592223330009,4443,0.02039775624681285,0.40372638838849145,0.00912354172898594,2.534291257414267,124.24362889473444,966.7397118750001,19.719320996940336
2025-01-15,0,2345.0,0.06512154649289621,54.08921933085502,4443,0.02039775624681285,0.40372638838849145,0.00912354172898594,2.534291257414267,124.24362889473444,925.3080099375001,18.87420723992861
2025-01-16,0,2215.0,0.005934179054770023,43.11759343664539,4443,0.02039775624681285,0.40372638838849145,0.00912354172898594,2.534291257414267,124.24362889473444,874.0116170625,17.82787592172361
2025-01-17,0,2239.0,0.015978558118148068,43.169398907103826,4443,0.02039775624681285,0.40372638838849145,0.00912354172898594,2.534291257414267,124.24362889473444,883.4817203625,18.021044780469147
2025-01-20,0,2378.0,0.0774677242987549,49.51456310679612,4443,0.02039775624681285,0.40372638838849145,0.00912354172898594,2.534291257414267,124.24362889473444,938.3294019750001,19.139814420703722
2025-01-21,0,2330.0,0.05493510413522494,44.872846595570145,4443,0.02039775624681285,0.40372638838849145,0.00912354172898594,2.534291257414267,124.24362889473444,919.3891953750001,18.753476703212648
2025-01-22,0,2299.0,0.03995778045838366,44.7993447993448,4443,0.02039775624681285,0.40372638838849145,0.00912354172898594,2.534291257414267,124.24362889473444,907.1569786125001,18.503966927332993
2025-01-23,0,2308.0,0.04291558468944493,45.91246903385632,4443,0.02039775624681285,0.40372638838849145,0.00912354172898594,2.534291257414267,124.24362889473444,910.70826735,18.57640524936257
2025-01-24,0,2356.0,0.06233955185744099,48.82780921584479,4443,0.02039775624681285,0.40372638838849145,0.00912354172898594,2.534291257414267,124.24362889473444,929.64847395,18.962742966853646
2025-01-27,0,2385.0,0.07330581190221896,50.19825535289453,4443,0.02039775624681285,0.40372638838849145,0.00912354172898594,2.534291257414267,124.24362889473444,941.0915154375001,19.196155337837837
2025-01-28,0,2433.0,0.09288062910635046,53.453689167974886,4443,0.02039775624681285,0.40372638838849145,0.00912354172898594,2.534291257414267,124.24362889473444,960.0317220375001,19.582493055328914
2025-01-29,0,2524.0,0.13123659158952794,58.97631779984721,4443,0.02039775624681285,0.40372638838849145,0.00912354172898594,2.534291257414267,124.24362889473444,995.9391970500001,20.314924978072412
2025-01-30,0,2489.0,0.11333436709766694,58.264150943396224,4443,0.02039775624681285,0.40372638838849145,0.00912354172898594,2.534291257414267,124.24362889473444,982.1286297375001,20.033220392401837
2025-01-31,0,2440.0,0.09003186705185096,54.290053151100985,4443,0.02039775624681285,0.40372638838849145,0.00912354172898594,2.534291257414267,124.24362889473444,962.7938355000001,19.63883397246303
2025-02-03,0,2420.0,0.0796823413937717,54.78927203065134,4443,0.02039775624681285,0.40372638838849145,0.00912354172898594,2.534291257414267,124.24362889473444,954.9020827500001,19.477859923508415
2025-02-04,0,2432.0,0.08370169684870961,63.49344978165939,4443,0.02039775624681285,0.40372638838849145,0.00912354172898594,2.534291257414267,124.24362889473444,959.6371344,19.574444352881184
2025-02-05,0,2449.0,0.08944511996203917,63.872082973206574,4443,0.02039775624681285,0.40372638838849145,0.00912354172898594,2.534291257414267,124.24362889473444,966.3451242375,19.711272294492606
2025-02-06,0,2484.0,0.10268657776515092,64.69594594594594,4443,0.02039775624681285,0.40372638838849145,0.00912354172898594,2.534291257414267,124.24362889473444,980.15569155,19.992976880163184
2025-02-07,0,2491.0,0.10372961061518188,62.94326241134752,4443,0.02039775624681285,0.40372638838849145,0.00912354172898594,2.534291257414267,124.24362889473444,982.9178050125,20.0493177972973
2025-02-10,0,2460.0,0.08926673751328369,50.821467688937574,4443,0.02039775624681285,0.40372638838849145,0.00912354172898594,2.534291257414267,124.24362889473444,970.68558825,19.799808021417643
2025-02-12,0,2481.0,0.09748976678895407,51.66846071044134,4443,0.02039775624681285,0.40372638838849145,0.00912354172898594,2.534291257414267,124.24362889473444,978.9719286375001,19.96883077281999
2025-02-13,0,2491.0,0.10053723535856923,58.75299760191847,4443,0.02039775624681285,0.40372638838849145,0.00912354172898594,2.534291257414267,124.24362889473444,982.9178050125,20.0493177972973
2025-02-14,0,2508.0,0.10646407962306112,70.31900138696255,4443,0.02039775624681285,0.40372638838849145,0.00912354172898594,2.534291257414267,124.24362889473444,989.62579485,20.18614573890872
2025-02-17,0,2500.0,0.10099177338946931,68.51063829787233,4443,0.02039775624681285,0.40372638838849145,0.00912354172898594,2.534291257414267,124.24362889473444,986.4690937500001,20.121756119326875
2025-02-18,0,2459.0,0.080689109607102,56.67215815485996,4443,0.02039775624681285,0.40372638838849145,0.00912354172898594,2.534291257414267,124.24362889473444,970.2910006125,19.791759318969913
2025-02-19,0,2378.0,0.04383095030463365,53.75,4443,0.02039775624681285,0.40372638838849145,0.00912354172898594,2.534291257414267,124.24362889473444,938.3294019750001,19.139814420703722
2025-02-20,0,2385.0,0.045899722262827,56.98051948051949,4443,0.02039775624681285,0.40372638838849145,0.00912354172898594,2.534291257414267,124.24362889473444,941.0915154375001,19.196155337837837
2025-02-21,0,2340.0,0.025236593059936866,52.45398773006136,4443,0.02039775624681285,0.40372638838849145,0.00912354172898594,2.534291257414267,124.24362889473444,923.3350717500001,18.833963727689955
2025-02-25,0,2280.0,-0.0012090627135573683,44.27710843373494,4443,0.02039775624681285,0.40372638838849145,0.00912354172898594,2.534291257414267,124.24362889473444,899.6598135,18.35104158082611
2025-02-26,0,2201.0,-0.03565857961549026,37.11484593837536,4443,0.02039775624681285,0.40372638838849145,0.00912354172898594,2.534291257414267,124.24362889473444,868.4873901375,17.71519408745538
2025-02-27,0,2130.0,-0.06613352975219662,29.44369063772048,4443,0.02039775624681285,0.40372638838849145,0.00912354172898594,2.534291257414267,124.24362889473444,840.4716678750001,17.143736213666497
2025-02-28,0,2047.0,-0.10109431995831154,17.28395061728395,4443,0.02039775624681285,0.40372638838849145,0.00912354172898594,2.534291257414267,124.24362889473444,807.7208939625001,16.475693910504845
2025-03-03,0,2126.0,-0.06619503024837038,26.520051746442434,4443,0.02039775624681285,0.40372638838849145,0.00912354172898594,2.534291257414267,124.24362889473444,838.8933173250001,17.111541403875574
2025-03-04,0,2084.0,-0.08358007680806775,26.762402088772845,4443,0.02039775624681285,0.40372638838849145,0.00912354172898594,2.534291257414267,124.24362889473444,822.32063655,16.77349590107088
2025-03-05,1,2026.0,-0.10776674515422505,25.49751243781094,4443,0.02039775624681285,0.40372638838849145,0.00912354172898594,2.534291257414267,124.24362889473444,799.4345535750001,16.3066711591025
2025-03-06,1,2018.0,-0.1105691534686922,24.125,4443,0.02039775624681285,0.40372638838849145,0.00912354172898594,2.534291257414267,124.24362889473444,796.277852475,16.242281539520654
2025-03-07,1,1989.0,-0.1226651453843982,21.674876847290633,4443,0.02039775624681285,0.40372638838849145,0.00912354172898594,2.534291257414267,124.24362889473444,784.8348109875001,16.00886916853646
2025-03-10,1,1988.0,-0.12249726332144496,18.123393316195376,4443,0.02039775624681285,0.40372638838849145,0.00912354172898594,2.534291257414267,124.24362889473444,784.4402233500001,16.00082046608873
2025-03-11,1,1946.0,-0.14061625969346,16.48216482164821,4443,0.02039775624681285,0.40372638838849145,0.00912354172898594,2.534291257414267,124.24362889473444,767.867542575,15.662774963284038
2025-03-12,1,1956.0,-0.13604749088639054,18.181818181818187,4443,0.02039775624681285,0.40372638838849145,0.00912354172898594,2.534291257414267,124.24362889473444,771.81341895,15.743261987761347
2025-03-13,1,1970.0,-0.12987403049416088,17.452229299363054,4443,0.02039775624681285,0.40372638838849145,0.00912354172898594,2.534291257414267,124.24362889473444,777.337645875,15.855943822029577
2025-03-14,1,1941.0,-0.14251129475934943,15.796019900497512,4443,0.02039775624681285,0.40372638838849145,0.00912354172898594,2.534291257414267,124.24362889473444,765.8946043875001,15.622531451045385
2025-03-17,1,1971.0,-0.1292682495832621,17.1358629130967,4443,0.02039775624681285,0.40372638838849145,0.00912354172898594,2.534291257414267,124.24362889473444,777.7322335125001,15.863992524477307
2025-03-18,1,1991.0,-0.12030327666042212,19.300361881785292,4443,0.02039775624681285,0.40372638838849145,0.00912354172898594,2.534291257414267,124.24362889473444,785.6239862625,16.02496657343192
2025-03-19,1,2012.0,-0.11102994456455792,22.373300370828176,4443,0.02039775624681285,0.40372638838849145,0.00912354172898594,2.534291257414267,124.24362889473444,793.9103266500001,16.19398932483427
2025-03-21,1,2010.0,-0.11181419683257918,24.79452054794521,4443,0.02039775624681285,0.40372638838849145,0.00912354172898594,2.534291257414267,124.24362889473444,793.1211513750001,16.17789191993881
2025-03-24,1,2036.0,-0.10021389807138194,26.702269692923906,4443,0.02039775624681285,0.40372638838849145,0.00912354172898594,2.534291257414267,124.24362889473444,803.3804299500001,16.387158183579807
2025-03-25,1,2040.0,-0.0983770787417351,28.813559322033896,4443,0.02039775624681285,0.40372638838849145,0.00912354172898594,2.534291257414267,124.24362889473444,804.9587805000001,16.41935299337073
2025-03-26,1,2035.0,-0.10019985732898634,31.240428790199076,4443,0.02039775624681285,0.40372638838849145,0.00912354172898594,2.534291257414267,124.24362889473444,802.9858423125,16.379109481132076
2025-03-27,1,2039.0,-0.09792066066951784,35.98615916955018,4443,0.02039775624681285,0.40372638838849145,0.00912354172898594,2.534291257414267,124.24362889473444,804.5641928625,16.411304290923
2025-03-28,1,1989.0,-0.11911116884957426,37.342908438061045,4443,0.02039775624681285,0.40372638838849145,0.00912354172898594,2.534291257414267,124.24362889473444,784.8348109875001,16.00886916853646
2025-03-31,1,1914.0,-0.15100365503128663,37.88706739526411,4443,0.02039775624681285,0.40372638838849145,0.00912354172898594,2.534291257414267,124.24362889473444,755.240738175,15.405216484956656
2025-04-01,1,1818.0,-0.1918946470058318,22.79151943462898,4443,0.02039775624681285,0.40372638838849145,0.00912354172898594,2.534291257414267,124.24362889473444,717.360324975,14.632541049974503
2025-04-02,1,1894.0,-0.15680315315850074,34.16666666666667,4443,0.02039775624681285,0.40372638838849145,0.00912354172898594,2.534291257414267,124.24362889473444,747.348985425,15.24424243600204
2025-04-03,1,1874.0,-0.16386567119783463,36.47686832740214,4443,0.02039775624681285,0.40372638838849145,0.00912354172898594,2.534291257414267,124.24362889473444,739.4572326750001,15.083268387047426
2025-04-04,1,1824.0,-0.18391695997136548,33.94039735099338,4443,0.02039775624681285,0.40372638838849145,0.00912354172898594,2.534291257414267,124.24362889473444,719.7278508,14.680833264660887
2025-04-07,1,1651.0,-0.2586394769613948,27.406417112299465,4443,0.02039775624681285,0.40372638838849145,0.00912354172898594,2.534291257414267,124.24362889473444,651.4641895125001,13.288407741203468
2025-04-08,1,1748.0,-0.2121678304868814,35.78199052132702,4443,0.02039775624681285,0.40372638838849145,0.00912354172898594,2.534291257414267,124.24362889473444,689.7391903500001,14.06913187863335
2025-04-09,1,1817.0,-0.17824450956981072,42.5947187141217,4443,0.02039775624681285,0.40372638838849145,0.00912354172898594,2.534291257414267,124.24362889473444,716.9657373375001,14.624492347526772
2025-04-10,1,1939.0,-0.12067745777982014,49.1353001017294,4443,0.02039775624681285,0.40372638838849145,0.00912354172898594,2.534291257414267,124.24362889473444,765.1054291125,15.606434046149923
2025-04-11,1,1940.0,-0.11747579882087479,48.45360824742268,4443,0.09842245679155551,0.4322928419205215,0.060699489353502264,13.425321919758062,136.4050680851317,144.5030526340601,14.222345454123653
2025-04-14,1,1924.0,-0.12208120900916246,49.11180773249739,4443,0.09842245679155551,0.4322928419205215,0.060699489353502264,13.425321919758062,136.4050680851317,143.31127488037714,14.105047759656653
2025-04-15,1,1959.0,-0.1036676875022877,49.37629937629937,4443,0.09842245679155551,0.4322928419205215,0.060699489353502264,13.425321919758062,136.4050680851317,145.91828871655864,14.361636466303214
2025-04-16,1,1882.0,-0.13624820242939759,44.65161923454367,4443,0.09842245679155551,0.4322928419205215,0.060699489353502264,13.425321919758062,136.4050680851317,140.18285827695934,13.79714131168078
2025-04-17,0,1926.0,-0.11359159553512811,45.87332053742802,4443,0.09842245679155551,0.4322928419205215,0.060699489353502264,13.425321919758062,136.4050680851317,143.4602470995875,14.119709971465028
2025-04-18,0,1928.0,-0.11039472389014676,46.06525911708253,4443,0.09842245679155551,0.4322928419205215,0.060699489353502264,13.425321919758062,136.4050680851317,143.60921931879787,14.134372183273403
2025-04-21,1,1959.0,-0.09425203743203428,46.32282712511939,4443,0.09842245679155551,0.4322928419205215,0.060699489353502264,13.425321919758062,136.4050680851317,145.91828871655864,14.361636466303214
2025-04-22,1,1949.0,-0.09708881792294909,45.67901234567901,4443,0.09842245679155551,0.4322928419205215,0.060699489353502264,13.425321919758062,136.4050680851317,145.17342762050677,14.28832540726134
2025-04-23,1,1928.0,-0.10461069761105685,44.995322731524794,4443,0.09842245679155551,0.4322928419205215,0.060699489353502264,13.425321919758062,136.4050680851317,143.60921931879787,14.134372183273403
2025-04-24,1,1894.0,-0.11821121960606609,43.40309372156506,4443,0.09842245679155551,0.4322928419205215,0.060699489353502264,13.425321919758062,136.4050680851317,141.07669159222155,13.88511458253103
2025-04-25,1,1920.0,-0.10497855677792273,46.790697674418595,4443,0.09842245679155551,0.4322928419205215,0.060699489353502264,13.425321919758062,136.4050680851317,143.01333044195638,14.075723336039903
2025-04-28,0,2012.0,-0.06141540298804527,54.48717948717948,4443,0.09842245679155551,0.4322928419205215,0.060699489353502264,13.425321919758062,136.4050680851317,149.86605252563345,14.75018507922515
2025-04-30,0,1948.0,-0.0902071164360529,56.13207547169811,4443,0.09842245679155551,0.4322928419205215,0.060699489353502264,13.425321919758062,136.4050680851317,145.0989415109016,14.280994301357152
2025-05-01,0,1977.0,-0.07538474969444506,54.09674234945706,4443,0.09842245679155551,0.4322928419205215,0.060699489353502264,13.425321919758062,136.4050680851317,147.25903868945196,14.493596372578589
2025-05-02,0,1947.0,-0.08657875971125815,53.567937438905176,4443,0.09842245679155551,0.4322928419205215,0.060699489353502264,13.425321919758062,136.4050680851317,145.0244554012964,14.273663195452965
2025-05-07,0,1985.0,-0.06603471747354163,57.9624134520277,4443,0.09842245679155551,0.4322928419205215,0.060699489353502264,13.425321919758062,136.4050680851317,147.85492756629344,14.552245219812088
2025-05-08,0,2036.0,-0.04017801020792991,71.65354330708662,4443,0.09842245679155551,0.4322928419205215,0.060699489353502264,13.425321919758062,136.4050680851317,151.6537191561579,14.926131620925648
2025-05-09,0,2042.0,-0.036301512091065295,68.42105263157895,4443,0.09842245679155551,0.4322928419205215,0.060699489353502264,13.425321919758062,136.4050680851317,152.10063581378904,14.970118256350773
2025-05-12,0,1999.0,-0.055167980640160236,61.78756476683938,4443,0.09842245679155551,0.4322928419205215,0.060699489353502264,13.425321919758062,136.4050680851317,148.89773310076606,14.654880702470713
2025-05-13,0,2040.0,-0.03373099828850384,57.3082489146165,4443,0.09842245679155551,0.4322928419205215,0.060699489353502264,13.425321919758062,136.4050680851317,151.95166359457866,14.955456044542398
2025-05-14,0,2030.0,-0.03664239026581701,56.42857142857142,4443,0.09842245679155551,0.4322928419205215,0.060699489353502264,13.425321919758062,136.4050680851317,151.2068024985268,14.882144985500522
2025-05-15,0,2060.0,-0.020924956591171204,59.523809523809526,4443,0.09842245679155551,0.4322928419205215,0.060699489353502264,13.425321919758062,136.4050680851317,153.44138578668236,15.102078162626146
2025-05-16,0,2068.0,-0.015625595003871565,57.9330422125182,4443,0.09842245679155551,0.4322928419205215,0.060699489353502264,13.425321919758062,136.4050680851317,154.03727466352385,15.160727009859647
2025-05-19,0,2050.0,-0.022294856794017295,63.37579617834395,4443,0.09842245679155551,0.4322928419205215,0.060699489353502264,13.425321919758062,136.4050680851317,152.69652469063053,15.028767103584272
2025-05-20,0,1974.0,-0.05607446842424059,53.63636363636363,4443,0.09842245679155551,0.4322928419205215,0.060699489353502264,13.425321919758062,136.4050680851317,147.0355803606364,14.471603054866026
2025-05-21,0,1818.0,-0.1272482877808359,43.24324324324324,4443,0.09842245679155551,0.4322928419205215,0.060699489353502264,13.425321919758062,136.4050680851317,135.41574726222746,13.327950533812784
2025-05-22,0,1863.0,-0.10184548335465302,44.20289855072463,4443,0.09842245679155551,0.4322928419205215,0.060699489353502264,13.425321919758062,136.4050680851317,138.7676221944608,13.657850299501218
2025-05-23,0,1865.0,-0.09726031817741781,44.8780487804878,4443,0.09842245679155551,0.4322928419205215,0.060699489353502264,13.425321919758062,136.4050680851317,138.9165944136712,13.672512511309593
2025-05-26,0,1886.0,-0.08381965269996307,47.4390243902439,4443,0.09842245679155551,0.4322928419205215,0.060699489353502264,13.425321919758062,136.4050680851317,140.48080271538007,13.82646573529753
2025-05-27,0,1914.0,-0.06716054196315438,51.22850122850122,4443,0.09842245679155551,0.4322928419205215,0.060699489353502264,13.425321919758062,136.4050680851317,142.56641378432528,14.031736700614779
2025-05-28,0,1893.0,-0.07415257000508649,48.331273176761435,4443,0.09842245679155551,0.4322928419205215,0.060699489353502264,13.425321919758062,136.4050680851317,141.00220548261638,13.877783476626842
2025-05-29,0,1893.0,-0.07078342823483215,41.701534170153415,4443,0.09842245679155551,0.4322928419205215,0.060699489353502264,13.425321919758062,136.4050680851317,141.00220548261638,13.877783476626842
2025-05-30,0,2016.0,-0.007365974711466517,54.381443298969074,4443,0.09842245679155551,0.4322928419205215,0.060699489353502264,13.425321919758062,136.4050680851317,150.1639969640542,14.779509502841899
2025-06-02,0,1981.0,-0.021322425104734845,50.25575447570332,4443,0.09842245679155551,0.4322928419205215,0.060699489353502264,13.425321919758062,136.4050680851317,147.5569831278727,14.522920796195338
2025-06-03,0,2079.0,0.029676882540563065,57.764705882352935,4443,0.09842245679155551,0.4322928419205215,0.060699489353502264,13.425321919758062,136.4050680851317,154.8566218691809,15.241369174805708
2025-06-04,0,2067.0,0.026540058404020767,54.9757281553398,4443,0.09842245679155551,0.4322928419205215,0.060699489353502264,13.425321919758062,136.4050680851317,153.96278855391867,15.15339590395546
2025-06-05,0,2091.0,0.04121712688474739,53.4504391468005,4443,0.09842245679155551,0.4322928419205215,0.060699489353502264,13.425321919758062,136.4050680851317,155.75045518444313,15.329342445655957
2025-06-06,0,2050.0,0.023914650470501325,50.48076923076923,4443,0.09842245679155551,0.4322928419205215,0.060699489353502264,13.425321919758062,136.4050680851317,152.69652469063053,15.028767103584272
2025-06-09,0,2086.0,0.04477611940298512,55.27272727272727,4443,0.09842245679155551,0.4322928419205215,0.060699489353502264,13.425321919758062,136.4050680851317,155.3780246364172,15.29268691613502
2025-06-10,0,2086.0,0.047385052084728,52.933673469387756,4443,0.09842245679155551,0.4322928419205215,0.060699489353502264,13.425321919758062,136.4050680851317,155.3780246364172,15.29268691613502
2025-06-11,0,2116.0,0.06431493528267716,55.34825870646766,4443,0.09842245679155551,0.4322928419205215,0.060699489353502264,13.425321919758062,136.4050680851317,157.61260792457276,15.512620093260644
2025-06-12,0,2110.0,0.06325797023549566,53.205128205128204,4443,0.09842245679155551,0.4322928419205215,0.060699489353502264,13.425321919758062,136.4050680851317,157.16569126694165,15.46863345783552
2025-06-13,0,2037.0,0.028566234885411865,48.16568047337278,4443,0.09842245679155551,0.4322928419205215,0.060699489353502264,13.425321919758062,136.4050680851317,151.7282052657631,14.933462726829836
2025-06-16,0,2034.0,0.028755243246159398,49.036144578313255,4443,0.09842245679155551,0.4322928419205215,0.060699489353502264,13.425321919758062,136.4050680851317,151.50474693694756,14.911469409117274
2025-06-17,0,2045.0,0.035408087490717645,54.64052287581699,4443,0.09842245679155551,0.4322928419205215,0.060699489353502264,13.425321919758062,136.4050680851317,152.3240941426046,14.992111574063335
2025-06-18,0,2120.0,0.07345395625168778,72.07602339181287,4443,0.09842245679155551,0.4322928419205215,0.060699489353502264,13.425321919758062,136.4050680851317,157.9105523629935,15.541944516877393
2025-06-19,0,2158.0,0.09187686786164832,71.78729689807976,4443,0.09842245679155551,0.4322928419205215,0.060699489353502264,13.425321919758062,136.4050680851317,160.74102452799056,15.820526541236516
2025-06-20,0,2151.0,0.08815157565292467,70.96774193548387,4443,0.09842245679155551,0.4322928419205215,0.060699489353502264,13.425321919758062,136.4050680851317,160.21962176075425,15.769208799907204
2025-06-23,0,2131.0,0.07769229213164945,67.98825256975036,4443,0.09842245679155551,0.4322928419205215,0.060699489353502264,13.425321919758062,136.4050680851317,158.72989956865055,15.622586681823456
2025-06-24,0,2202.0,0.11227850403087304,69.88950276243094,4443,0.09842245679155551,0.4322928419205215,0.060699489353502264,13.425321919758062,136.4050680851317,164.01841335061874,16.143095201020763
2025-06-25,0,2166.0,0.09300463576604517,68.47090663058187,4443,0.09842245679155551,0.4322928419205215,0.060699489353502264,13.425321919758062,136.4050680851317,161.33691340483205,15.879175388470017
2025-06-26,0,2150.0,0.08375675457698206,67.01986754966887,4443,0.09842245679155551,0.4322928419205215,0.060699489353502264,13.425321919758062,136.4050680851317,160.14513565114908,15.761877694003017
2025-06-27,0,2136.0,0.07562980071977228,59.28792569659443,4443,0.09842245679155551,0.4322928419205215,0.060699489353502264,13.425321919758062,136.4050680851317,159.10233011667648,15.659242211344393
2025-06-30,0,2136.0,0.07425935115271655,62.684124386252044,4443,0.09842245679155551,0.4322928419205215,0.060699489353502264,13.425321919758062,136.4050680851317,159.10233011667648,15.659242211344393
2025-07-01,0,2105.0,0.05761179031987946,52.38970588235295,4443,0.09842245679155551,0.4322928419205215,0.060699489353502264,13.425321919758062,136.4050680851317,156.79326071891572,15.431977928314582
2025-07-02,0,2074.0,0.041311027654489574,50.621669626998234,4443,0.09842245679155551,0.4322928419205215,0.060699489353502264,13.425321919758062,136.4050680851317,154.48419132115498,15.204713645284771
2025-07-03,0,2036.0,0.02158234876968569,45.233968804159446,4443,0.09842245679155551,0.4322928419205215,0.060699489353502264,13.425321919758062,136.4050680851317,151.6537191561579,14.926131620925648
2025-07-04,0,2051.0,0.02855824651965179,50.0907441016334,4443,0.09842245679155551,0.4322928419205215,0.060699489353502264,13.425321919758062,136.4050680851317,152.7710108002357,15.03609820948846
2025-07-07,0,2068.0,0.03654991278545225,48.30827067669173,4443,0.09842245679155551,0.4322928419205215,0.060699489353502264,13.425321919758062,136.4050680851317,154.03727466352385,15.160727009859647
2025-07-08,0,2062.0,0.03319726618608908,47.76951672862453,4443,0.09842245679155551,0.4322928419205215,0.060699489353502264,13.425321919758062,136.4050680851317,153.59035800589274,15.11674037443452
2025-07-09,0,2049.0,0.026415976489446977,43.57005758157389,4443,0.09842245679155551,0.4322928419205215,0.060699489353502264,13.425321919758062,136.4050680851317,152.62203858102532,15.021435997680085
2025-07-10,0,2024.0,0.013973869131910168,42.03703703703704,4443,0.09842245679155551,0.4322928419205215,0.060699489353502264,13.425321919758062,136.4050680851317,150.7598858408957,14.838158350075398
2025-07-11,0,2010.0,0.007162041181736775,47.19334719334719,4443,0.09842245679155551,0.4322928419205215,0.060699489353502264,13.425321919758062,136.4050680851317,149.7170803064231,14.735522867416774
2025-07-14,0,1970.0,-0.012452126486334703,43.82239382239382,4443,0.026433915211970076,0.33427809269756587,0.06481181426785797,3.3513427961131885,126.78193030579138,587.824081226415,15.538491922693266
2025-07-15,0,1899.0,-0.04715232851417983,37.37024221453287,4443,0.026433915211970076,0.33427809269756587,0.06481181426785797,3.3513427961131885,126.78193030579138,566.6385432735849,14.97847520872818
2025-07-16,0,1896.0,-0.048065336725130546,27.86561264822133,4443,0.026433915211970076,0.33427809269756587,0.06481181426785797,3.3513427961131885,126.78193030579138,565.7433796981132,14.954812530673317
2025-07-17,0,2000.0,0.0035727188792099326,36.18881118881119,4443,0.026433915211970076,0.33427809269756587,0.06481181426785797,3.3513427961131885,126.78193030579138,596.7757169811321,15.775118703241896
2025-07-18,0,1960.0,-0.017432222875782034,34.21487603305785,4443,0.026433915211970076,0.33427809269756587,0.06481181426785797,3.3513427961131885,126.78193030579138,584.8402026415094,15.459616329177058
2025-07-22,0,1972.0,-0.011931643573881297,36.683417085427145,4443,0.026433915211970076,0.33427809269756587,0.06481181426785797,3.3513427961131885,126.78193030579138,588.4208569433962,15.554267041396509
2025-07-23,0,1952.0,-0.022462006890841546,27.10622710622711,4443,0.026433915211970076,0.33427809269756587,0.06481181426785797,3.3513427961131885,126.78193030579138,582.4530997735849,15.39651585436409
2025-07-24,0,1960.0,-0.01934623082054707,30.11583011583012,4443,0.026433915211970076,0.33427809269756587,0.06481181426785797,3.3513427961131885,126.78193030579138,584.8402026415094,15.459616329177058
2025-07-25,0,1922.0,-0.04009429250654253,28.888888888888886,4443,0.026433915211970076,0.33427809269756587,0.06481181426785797,3.3513427961131885,126.78193030579138,573.5014640188679,15.159889073815462
2023-11-01,1,807.6,,57.376212353241435,4751,0.02299157866595375,0.48534613018127937,0.03409714151625852,10.533569133560599,458.149015628877,76.66916975243811,1.7627452476165426
2023-11-02,1,863.7,,66.7859984089101,4751,0.02299157866595375,0.48534613018127937,0.03409714151625852,10.533569133560599,458.149015628877,81.99499989497374,1.8851944903001583
2023-11-06,1,841.4,,60.31507876969241,4751,0.02299157866595375,0.48534613018127937,0.03409714151625852,10.533569133560599,458.149015628877,79.87795867966992,1.836520370659434
2023-11-07,1,834.6,,58.69405722670578,4751,0.02299157866595375,0.48534613018127937,0.03409714151625852,10.533569133560599,458.149015628877,79.23240351087772,1.8216780382129352
2023-11-08,1,820.9,,57.12245626561941,4751,0.02299157866595375,0.48534613018127937,0.03409714151625852,10.533569133560599,458.149015628877,77.93179971492873,1.791775103725136
2023-11-09,1,816.7,,60.10518407212623,4751,0.02299157866595375,0.48534613018127937,0.03409714151625852,10.533569133560599,458.149015628877,77.5330744636159,1.7826077807434748
2023-11-10,1,810.7,,53.23051271363068,4751,0.02299157866595375,0.48534613018127937,0.03409714151625852,10.533569133560599,458.149015628877,76.96346696174044,1.7695116050553876
2023-11-13,1,800.8,,54.99569336778637,4751,0.02299157866595375,0.48534613018127937,0.03409714151625852,10.533569133560599,458.149015628877,76.02361458364591,1.7479029151700436
2023-11-14,1,809.7,,58.803271631510995,4751,0.02299157866595375,0.48534613018127937,0.03409714151625852,10.533569133560599,458.149015628877,76.86853237809453,1.7673289091073732
2023-11-15,1,855.6,,64.15730337078651,4751,0.02299157866595375,0.48534613018127937,0.03409714151625852,10.533569133560599,458.149015628877,81.22602976744186,1.8675146531212405
2023-11-16,1,831.9,,58.45511482254697,4751,0.02299157866595375,0.48534613018127937,0.03409714151625852,10.533569133560599,458.149015628877,78.97608013503375,1.8157847591532958
2023-11-17,1,819.6,-0.02892989559456123,55.686406460296105,4751,0.02299157866595375,0.48534613018127937,0.03409714151625852,10.533569133560599,458.149015628877,77.80838475618906,1.788937598992717
2023-11-20,1,819.7,-0.027377863561574407,57.2218382861092,4751,0.02299157866595375,0.48534613018127937,0.03409714151625852,10.533569133560599,458.149015628877,77.81787821455364,1.7891558685875186
2023-11-21,1,846.9,0.005806735623301642,60.83517874090477,4751,0.02299157866595375,0.48534613018127937,0.03409714151625852,10.533569133560599,458.149015628877,80.40009888972243,1.8485251983735138
2023-11-22,1,888.8,0.05555353220895083,63.95924308588063,4751,0.02299157866595375,0.48534613018127937,0.03409714151625852,10.533569133560599,458.149015628877,84.37785794448612,1.9399801585953231
2023-11-24,1,925.4,0.09916127683565709,67.94803817603392,4751,0.02299157866595375,0.48534613018127937,0.03409714151625852,10.533569133560599,458.149015628877,87.85246370592648,2.0198668302926555
2023-11-27,1,889.9,0.05752639359613627,65.48288196218701,4751,0.02299157866595375,0.48534613018127937,0.03409714151625852,10.533569133560599,458.149015628877,84.48228598649662,1.942381124138139
2023-11-28,1,902.2,0.0720532596503015,66.15731462925851,4751,0.02299157866595375,0.48534613018127937,0.03409714151625852,10.533569133560599,458.149015628877,85.64998136534135,1.969228284298718
2023-11-29,1,898.5,0.06795108700819977,65.66384883142715,4751,0.02299157866595375,0.48534613018127937,0.03409714151625852,10.533569133560599,458.149015628877,85.29872340585146,1.961152309291064
2023-11-30,1,894.6,0.06360212292415679,63.48675752121367,4751,0.02299157866595375,0.48534613018127937,0.03409714151625852,10.533569133560599,458.149015628877,84.92847852963241,1.9526397950938075
2023-12-01,1,866.8,0.03137434081519973,57.42226680040119,4751,0.02299157866595375,0.48534613018127937,0.03409714151625852,10.533569133560599,458.149015628877,82.28929710427607,1.891960847739003
2023-12-04,1,836.1,-0.004089573572619646,46.30423138725228,4751,0.02299157866595375,0.48534613018127937,0.03409714151625852,10.533569133560599,458.149015628877,79.3748053863466,1.824952082134957
2023-12-05,1,858.7,0.023626740415792546,52.314690928552324,4751,0.02299157866595375,0.48534613018127937,0.03409714151625852,10.533569133560599,458.149015628877,81.52032697674419,1.8742810105600856
2023-12-06,1,860.3,0.025726422083104092,53.48710990502034,4751,0.02299157866595375,0.48534613018127937,0.03409714151625852,10.533569133560599,458.149015628877,81.67222231057764,1.8777733240769086
2023-12-07,1,822.0,-0.01903845082860626,50.13991350801322,4751,0.02299157866595375,0.48534613018127937,0.03409714151625852,10.533569133560599,458.149015628877,78.03622775693924,1.7941760692679518
2023-12-08,1,816.4,-0.024527796895312405,49.96197718631178,4751,0.02299157866595375,0.48534613018127937,0.03409714151625852,10.533569133560599,458.149015628877,77.50459408852213,1.7819529719590703
2023-12-11,1,820.0,-0.019115289839469866,51.185921958684006,4751,0.02299157866595375,0.48534613018127937,0.03409714151625852,10.533569133560599,458.149015628877,77.84635858964741,1.789810677371923
2023-12-12,1,821.7,-0.015549297214576756,52.72206303724929,4751,0.02299157866595375,0.48534613018127937,0.03409714151625852,10.533569133560599,458.149015628877,78.00774738184546,1.7935212604835475
2023-12-13,1,811.0,-0.02676729938125923,50.16852476017629,4751,0.02299157866595375,0.48534613018127937,0.03409714151625852,10.533569133560599,458.149015628877,76.99194733683422,1.770166413839792
2023-12-14,1,812.8,-0.023228760913768236,43.73536299765807,4751,0.02299157866595375,0.48534613018127937,0.03409714151625852,10.533569133560599,458.149015628877,77.16282958739684,1.774095266546218
2023-12-15,1,802.1,-0.03455741219820634,45.46561168594035,4751,0.02299157866595375,0.48534613018127937,0.03409714151625852,10.533569133560599,458.149015628877,76.1470295423856,1.7507404199024625
2023-12-18,1,840.2,0.01278049752651085,52.90632054176073,4751,0.02299157866595375,0.48534613018127937,0.03409714151625852,10.533569133560599,458.149015628877,79.76403717929483,1.8339011355218167
2023-12-19,1,865.4,0.04454336532705032,56.02108036890645,4751,0.02299157866595375,0.48534613018127937,0.03409714151625852,10.533569133560599,458.149015628877,82.1563886871718,1.888905073411783
2023-12-20,1,864.5,0.04452449265953205,52.49150622876558,4751,0.02299157866595375,0.48534613018127937,0.03409714151625852,10.533569133560599,458.149015628877,82.07094756189048,1.88694064705857
2023-12-21,1,866.4,0.04791746964538851,46.42401021711367,4751,0.02299157866595375,0.48534613018127937,0.03409714151625852,10.533569133560599,458.149015628877,82.25132327081771,1.8910877693597974
2023-12-22,1,843.7,0.0216940964479873,36.351486802539256,4751,0.02299157866595375,0.48534613018127937,0.03409714151625852,10.533569133560599,458.149015628877,80.09630822205553,1.8415405713398676
2023-12-25,1,836.0,0.013716702559028399,40.073664825046045,4751,0.02299157866595375,0.48534613018127937,0.03409714151625852,10.533569133560599,458.149015628877,79.36531192798199,1.8247338125401553
2023-12-26,1,827.0,0.004492482298907165,35.98061148396717,4751,0.02299157866595375,0.48534613018127937,0.03409714151625852,10.533569133560599,458.149015628877,78.5109006751688,1.8050895490080245
2023-12-27,1,848.8,0.03211957411691844,41.32029339853299,4751,0.02299157866595375,0.48534613018127937,0.03409714151625852,10.533569133560599,458.149015628877,80.58047459864966,1.8526723206747415
2023-12-28,1,856.6,0.04157378239870814,43.452791178497584,4751,0.02299157866595375,0.48534613018127937,0.03409714151625852,10.533569133560599,458.149015628877,81.32096435108778,1.869697349069255
2023-12-29,1,885.1,0.07555322961661973,53.145410794087326,4751,0.02299157866595375,0.48534613018127937,0.03409714151625852,10.533569133560599,458.149015628877,84.02659998499625,1.9319041835876694
2024-01-04,1,890.7,0.08178682471822779,60.27088036117382,4751,0.02299157866595375,0.48534613018127937,0.03409714151625852,10.533569133560599,458.149015628877,84.55823365341335,1.9441272808965508
2024-01-05,1,888.6,0.0787000244404988,56.09457806767224,4751,0.02299157866595375,0.48534613018127937,0.03409714151625852,10.533569133560599,458.149015628877,84.35887102775695,1.9395436194057203
2024-01-09,1,915.0,0.10961276333596896,60.12587930396151,4751,0.02299157866595375,0.48534613018127937,0.03409714151625852,10.533569133560599,458.149015628877,86.865144036009,1.997166792433304
2024-01-10,1,904.8,0.09628787168940758,67.10743801652892,4751,0.02299157866595375,0.48534613018127937,0.03409714151625852,10.533569133560599,458.149015628877,85.8968112828207,1.9749032937635558
2024-01-11,1,924.9,0.11890102764528741,71.15009746588694,4751,0.02299157866595375,0.48534613018127937,0.03409714151625852,10.533569133560599,458.149015628877,87.80499641410353,2.018775482318648
2024-01-12,1,914.8,0.10496436767725568,68.02281368821292,4751,0.02299157866595375,0.48534613018127937,0.03409714151625852,10.533569133560599,458.149015628877,86.84615711927982,1.996730253243701
2024-01-15,1,892.3,0.07605591680012347,62.43833685694149,4751,0.02299157866595375,0.48534613018127937,0.03409714151625852,10.533569133560599,458.149015628877,84.7101289872468,1.9476195944133738
2024-01-16,1,878.7,0.05836186572964789,61.80676665504013,4751,0.02299157866595375,0.48534613018127937,0.03409714151625852,10.533569133560599,458.149015628877,83.41901864966242,1.9179349295203765
2024-01-17,1,909.2,0.09349643038120845,65.282181357007,4751,0.02299157866595375,0.48534613018127937,0.03409714151625852,10.533569133560599,458.149015628877,86.31452345086272,1.9845071559348197
2024-01-18,1,910.0,0.09253140727649929,67.65957446808511,4751,0.02299157866595375,0.48534613018127937,0.03409714151625852,10.533569133560599,458.149015628877,86.39047111777944,1.9862533126932314
2024-01-19,1,919.8,0.10228206021366552,64.35786435786434,4751,0.02299157866595375,0.48534613018127937,0.03409714151625852,10.533569133560599,458.149015628877,87.32083003750938,2.007643732983774
2024-01-22,1,933.8,0.11636425657807692,62.85714285714286,4751,0.02299157866595375,0.48534613018127937,0.03409714151625852,10.533569133560599,458.149015628877,88.64991420855213,2.0382014762559773
2024-01-23,1,930.1,0.1097509175340884,62.20238095238096,4751,0.02299157866595375,0.48534613018127937,0.03409714151625852,10.533569133560599,458.149015628877,88.29865624906228,2.0301255012483237
2024-01-24,1,930.0,0.10726588668582228,61.91011235955057,4751,0.02299157866595375,0.48534613018127937,0.03409714151625852,10.533569133560599,458.149015628877,88.28916279069767,2.0299072316535223
2024-01-25,1,948.8,0.1266071487941535,69.97339414671227,4751,0.02299157866595375,0.48534613018127937,0.03409714151625852,10.533569133560599,458.149015628877,90.07393296324081,2.070941915476195
2024-01-26,1,951.3,0.1265080500386042,72.3536254362156,4751,0.02299157866595375,0.48534613018127937,0.03409714151625852,10.533569133560599,458.149015628877,90.3112694223556,2.0763986553462317
2024-01-29,1,941.0,0.11159762922174785,71.99074074074076,4751,0.02299157866595375,0.48534613018127937,0.03409714151625852,10.533569133560599,458.149015628877,89.3334432108027,2.053916887081682
2024-01-30,1,951.1,0.12063575351590476,70.66666666666669,4751,0.02299157866595375,0.48534613018127937,0.03409714151625852,10.533569133560599,458.149015628877,90.29228250562642,2.075962116156629
2024-01-31,1,956.5,0.12389960065236688,70.3794369645043,4751,-0.002126950079760628,0.4734862305064639,0.03254693771850317,-0.9324090367819562,438.3784300602352,-1025.8373334745763,2.18190479825518
2024-02-01,0,994.5,0.16432539763068454,71.48468185388846,4751,-0.002126950079760628,0.4734862305064639,0.03254693771850317,-0.9324090367819562,438.3784300602352,-1066.5919792372881,2.2685878953107963
2024-02-02,0,1021.0,0.19115210814090053,73.64791288566244,4751,-0.002126950079760628,0.4734862305064639,0.03254693771850317,-0.9324090367819562,438.3784300602352,-1095.0129822033898,2.3290379498364233
2024-02-05,0,1054.0,0.2243873803686018,76.99086161879897,4751,-0.002126950079760628,0.4734862305064639,0.03254693771850317,-0.9324090367819562,438.3784300602352,-1130.405174576271,2.4043153762268266
2024-02-06,0,1034.0,0.19624051915758747,69.83333333333334,4751,-0.002126950079760628,0.4734862305064639,0.03254693771850317,-0.9324090367819562,438.3784300602352,-1108.9553610169492,2.358692693565976
2024-02-07,0,1023.0,0.17909486699932836,69.64760638297875,4751,-0.002126950079760628,0.4734862305064639,0.03254693771850317,-0.9324090367819562,438.3784300602352,-1097.157963559322,2.333600218102508
2024-02-08,0,1014.5,0.16515804190664024,65.49100968188108,4751,-0.002126950079760628,0.4734862305064639,0.03254693771850317,-0.9324090367819562,438.3784300602352,-1088.04179279661,2.3142105779716466
2024-02-09,0,1010.0,0.15602084652774076,66.78420310296195,4751,-0.002126950079760628,0.4734862305064639,0.03254693771850317,-0.9324090367819562,438.3784300602352,-1083.2155847457627,2.3039454743729553
2024-02-13,0,1038.0,0.18337168967540485,75.1988931165687,4751,-0.002126950079760628,0.4734862305064639,0.03254693771850317,-0.9324090367819562,438.3784300602352,-1113.2453237288134,2.3678172300981464
2024-02-14,0,1030.0,0.1697774924210533,76.68430335097003,4751,-0.002126950079760628,0.4734862305064639,0.03254693771850317,-0.9324090367819562,438.3784300602352,-1104.6653983050846,2.349568157033806
2024-02-15,1,1044.5,0.1817428925717078,75.28971962616824,4751,-0.002126950079760628,0.4734862305064639,0.03254693771850317,-0.9324090367819562,438.3784300602352,-1120.2165131355932,2.3826446019629226
2024-02-16,0,1078.0,0.21436875354848003,77.98134576948702,4751,-0.002126950079760628,0.4734862305064639,0.03254693771850317,-0.9324090367819562,438.3784300602352,-1156.1449508474575,2.4590625954198475
2024-02-19,0,1069.5,0.19937468786726983,75.04182000669122,4751,-0.002126950079760628,0.4734862305064639,0.03254693771850317,-0.9324090367819562,438.3784300602352,-1147.0287800847457,2.439672955288986
2024-02-20,0,1052.0,0.17485191505329253,69.54365079365081,4751,-0.002126950079760628,0.4734862305064639,0.03254693771850317,-0.9324090367819562,438.3784300602352,-1128.260193220339,2.3997531079607417
2024-02-21,0,1053.5,0.1716247716434552,70.55296469020652,4751,-0.002126950079760628,0.4734862305064639,0.03254693771850317,-0.9324090367819562,438.3784300602352,-1129.868929237288,2.4031748091603053
2024-02-22,0,1029.0,0.14033130558514845,65.24953789279112,4751,-0.002126950079760628,0.4734862305064639,0.03254693771850317,-0.9324090367819562,438.3784300602352,-1103.5929076271186,2.3472870229007636
2024-02-26,0,1030.0,0.13770082812838264,63.233376792698834,4751,-0.002126950079760628,0.4734862305064639,0.03254693771850317,-0.9324090367819562,438.3784300602352,-1104.6653983050846,2.349568157033806
2024-02-27,0,1012.5,0.11592545948575202,59.50901180857676,4751,-0.002126950079760628,0.4734862305064639,0.03254693771850317,-0.9324090367819562,438.3784300602352,-1085.896811440678,2.309648309705562
2024-02-28,0,1068.0,0.17318803963354348,67.30245231607628,4751,-0.002126950079760628,0.4734862305064639,0.03254693771850317,-0.9324090367819562,438.3784300602352,-1145.4200440677967,2.436251254089422
2024-02-29,0,1050.5,0.1503269023556241,63.27457264957265,4751,-0.002126950079760628,0.4734862305064639,0.03254693771850317,-0.9324090367819562,438.3784300602352,-1126.6514572033898,2.3963314067611776
2024-03-01,0,1042.0,0.13734764416954706,61.32450331125828,4751,-0.002126950079760628,0.4734862305064639,0.03254693771850317,-0.9324090367819562,438.3784300602352,-1117.535286440678,2.3769417666303165
2024-03-04,0,1074.0,0.16790247325641072,60.699865410497985,4751,-0.002126950079760628,0.4734862305064639,0.03254693771850317,-0.9324090367819562,438.3784300602352,-1151.8549881355932,2.4499380588876774
2024-03-05,0,1043.0,0.13038477156040051,52.92553191489362,4751,-0.002126950079760628,0.4734862305064639,0.03254693771850317,-0.9324090367819562,438.3784300602352,-1118.607777118644,2.379222900763359
2024-03-06,0,1049.0,0.13282448023982615,49.2836676217765,4751,-0.002126950079760628,0.4734862305064639,0.03254693771850317,-0.9324090367819562,438.3784300602352,-1125.0427211864405,2.392909705561614
2024-03-07,0,1069.0,0.15012853322928252,55.01432664756447,4751,-0.002126950079760628,0.4734862305064639,0.03254693771850317,-0.9324090367819562,438.3784300602352,-1146.4925347457627,2.4385323882224648
2024-03-08,0,1045.0,0.12126067611839939,53.03867403314917,4751,-0.002126950079760628,0.4734862305064639,0.03254693771850317,-0.9324090367819562,438.3784300602352,-1120.7527584745762,2.383785169029444
2024-03-11,0,1037.5,0.10994856257649277,53.18559556786704,4751,-0.002126950079760628,0.4734862305064639,0.03254693771850317,-0.9324090367819562,438.3784300602352,-1112.7090783898304,2.366676663031625
2024-03-12,0,1054.0,0.12384310268840897,55.898123324396785,4751,-0.002126950079760628,0.4734862305064639,0.03254693771850317,-0.9324090367819562,438.3784300602352,-1130.405174576271,2.4043153762268266
2024-03-13,0,1037.0,0.10231120396052512,49.86187845303868,4751,-0.002126950079760628,0.4734862305064639,0.03254693771850317,-0.9324090367819562,438.3784300602352,-1112.1728330508474,2.3655360959651035
2024-03-14,0,1046.0,0.108749296873454,52.20385674931129,4751,-0.002126950079760628,0.4734862305064639,0.03254693771850317,-0.9324090367819562,438.3784300602352,-1121.8252491525423,2.3860663031624862
2024-03-15,0,1034.0,0.0937848198745849,48.54368932038835,4751,-0.002126950079760628,0.4734862305064639,0.03254693771850317,-0.9324090367819562,438.3784300602352,-1108.9553610169492,2.358692693565976
2024-03-18,0,1063.0,0.12228350380499514,47.8932584269663,4751,-0.002126950079760628,0.4734862305064639,0.03254693771850317,-0.9324090367819562,438.3784300602352,-1140.0575906779661,2.4248455834242093
2024-03-19,0,1079.5,0.1366699519008027,51.37362637362638,4751,-0.002126950079760628,0.4734862305064639,0.03254693771850317,-0.9324090367819562,438.3784300602352,-1157.7536868644067,2.462484296619411
2024-03-21,0,1107.0,0.1622844471571802,57.352941176470594,4751,-0.002126950079760628,0.4734862305064639,0.03254693771850317,-0.9324090367819562,438.3784300602352,-1187.2471805084745,2.5252154852780806
2024-03-22,0,1111.0,0.16302440781016422,57.636122177954846,4751,-0.002126950079760628,0.4734862305064639,0.03254693771850317,-0.9324090367819562,438.3784300602352,-1191.537143220339,2.5343400218102508
2024-03-25,0,1107.0,0.15541175242667776,60.95505617977528,4751,-0.002126950079760628,0.4734862305064639,0.03254693771850317,-0.9324090367819562,438.3784300602352,-1187.2471805084745,2.5252154852780806
2024-03-26,0,1111.5,0.15617137895931055,61.33518776077886,4751,-0.002126950079760628,0.4734862305064639,0.03254693771850317,-0.9324090367819562,438.3784300602352,-1192.073388559322,2.535480588876772
2024-03-27,0,1103.5,0.14360864230284526,63.0,4751,-0.002126950079760628,0.4734862305064639,0.03254693771850317,-0.9324090367819562,438.3784300602352,-1183.4934631355932,2.517231515812432
2024-03-28,0,1098.0,0.1341584847036657,55.0,4751,-0.002126950079760628,0.4734862305064639,0.03254693771850317,-0.9324090367819562,438.3784300602352,-1177.5947644067796,2.504685278080698
2024-03-29,0,1125.5,0.1583333447685802,62.096774193548384,4751,-0.002126950079760628,0.4734862305064639,0.03254693771850317,-0.9324090367819562,438.3784300602352,-1207.0882580508473,2.5674164667393677
2024-04-01,0,1090.5,0.11819240770768327,57.20653789004457,4751,-0.002126950079760628,0.4734862305064639,0.03254693771850317,-0.9324090367819562,438.3784300602352,-1169.5510843220338,2.487576772082879
2024-04-02,0,1071.0,0.09438779680968759,49.53703703703704,4751,-0.002126950079760628,0.4734862305064639,0.03254693771850317,-0.9324090367819562,438.3784300602352,-1148.637516101695,2.4430946564885496
2024-04-03,0,1050.0,0.06957754742812448,51.11464968152866,4751,-0.002126950079760628,0.4734862305064639,0.03254693771850317,-0.9324090367819562,438.3784300602352,-1126.1152118644068,2.3951908396946564
2024-04-04,0,1060.0,0.07628053692183766,51.729559748427675,4751,-0.002126950079760628,0.4734862305064639,0.03254693771850317,-0.9324090367819562,438.3784300602352,-1136.8401186440678,2.418002181025082
2024-04-05,0,1052.0,0.06468393460762548,47.22222222222223,4751,-0.002126950079760628,0.4734862305064639,0.03254693771850317,-0.9324090367819562,438.3784300602352,-1128.260193220339,2.3997531079607417
2024-04-08,0,1061.0,0.07020807023631329,52.74914089347079,4751,-0.002126950079760628,0.4734862305064639,0.03254693771850317,-0.9324090367819562,438.3784300602352,-1137.9126093220339,2.4202833151581244
2024-04-09,0,1092.0,0.09719926156748107,58.664546899841014,4751,-0.002126950079760628,0.4734862305064639,0.03254693771850317,-0.9324090367819562,438.3784300602352,-1171.159820338983,2.490998473282443
2024-04-10,0,1062.0,0.06389515189724619,51.21951219512195,4751,-0.002126950079760628,0.4734862305064639,0.03254693771850317,-0.9324090367819562,438.3784300602352,-1138.9850999999999,2.422564449291167
2024-04-11,0,1061.0,0.060123631131597834,53.846153846153854,4751,-0.002126950079760628,0.4734862305064639,0.03254693771850317,-0.9324090367819562,438.3784300602352,-1137.9126093220339,2.4202833151581244
2024-04-12,0,1060.0,0.05637311895824342,52.30263157894736,4751,-0.002126950079760628,0.4734862305064639,0.03254693771850317,-0.9324090367819562,438.3784300602352,-1136.8401186440678,2.418002181025082
2024-04-15,0,1047.0,0.04091964140136077,52.13114754098361,4751,-0.002126950079760628,0.4734862305064639,0.03254693771850317,-0.9324090367819562,438.3784300602352,-1122.8977398305085,2.388347437295529
2024-04-16,0,981.0,-0.026468930366230416,38.01169590643275,4751,-0.002126950079760628,0.4734862305064639,0.03254693771850317,-0.9324090367819562,438.3784300602352,-1052.1133550847458,2.237792584514722
2024-04-17,0,1001.5,-0.008296706270984432,38.72832369942197,4751,-0.002126950079760628,0.4734862305064639,0.03254693771850317,-0.9324090367819562,438.3784300602352,-1074.099413983051,2.2845558342420937
2024-04-18,0,1009.5,-0.0027777997297277176,35.06891271056661,4751,-0.002126950079760628,0.4734862305064639,0.03254693771850317,-0.9324090367819562,438.3784300602352,-1082.6793394067797,2.302804907306434
2024-04-19,0,1007.0,-0.007315829320098535,34.0,4751,-0.002126950079760628,0.4734862305064639,0.03254693771850317,-0.9324090367819562,438.3784300602352,-1079.9981127118645,2.297102071973828
2024-04-22,0,1032.0,0.014988787914552116,39.161849710982665,4751,-0.002126950079760628,0.4734862305064639,0.03254693771850317,-0.9324090367819562,438.3784300602352,-1106.810379661017,2.354130425299891
2024-04-23,0,1021.5,0.002868048810499228,37.215909090909086,4751,-0.002126950079760628,0.4734862305064639,0.03254693771850317,-0.9324090367819562,438.3784300602352,-1095.5492275423728,2.3301785169029445
2024-04-24,0,1035.0,0.014206070995078268,40.41958041958041,4751,0.04120430502712568,0.47909759391726275,0.06701289793118653,19.487502004846394,472.94820267002086,53.11096310561525,2.188400324088189
2024-04-25,0,976.5,-0.04421629324925362,35.200974421437266,4751,0.04120430502712568,0.47909759391726275,0.06701289793118653,19.487502004846394,472.94820267002086,50.10903910399352,2.064708131857117
2024-04-26,0,1029.0,0.005673732987922699,38.92078071182548,4751,0.04120430502712568,0.47909759391726275,0.06701289793118653,19.487502004846394,472.94820267002086,52.80307346442327,2.1757139453978223
2024-04-30,0,989.7,-0.033804320236382815,38.54024556616645,4751,0.04120430502712568,0.47909759391726275,0.06701289793118653,19.487502004846394,472.94820267002086,50.78639631461586,2.092618164975923
2024-05-01,0,982.4,-0.041648240160245514,39.639850327408794,4751,0.04120430502712568,0.47909759391726275,0.06701289793118653,19.487502004846394,472.94820267002086,50.41179725116562,2.077183070902644
2024-05-02,1,942.2,-0.08119163587285835,37.93643688451209,4751,0.04120430502712568,0.47909759391726275,0.06701289793118653,19.487502004846394,472.94820267002086,48.34893665517941,1.9921843336771898
2024-05-07,0,981.1,-0.04436077726492302,41.70695816691191,4751,0.04120430502712568,0.47909759391726275,0.06701289793118653,19.487502004846394,472.94820267002086,50.34508782890736,2.0744343555197315
2024-05-08,1,966.5,-0.05965415250499437,41.136222268297736,4751,0.04120430502712568,0.47909759391726275,0.06701289793118653,19.487502004846394,472.94820267002086,49.59588970200689,2.0435641673731735
2024-05-09,0,981.6,-0.04585890842733921,41.871416871416876,4751,0.04120430502712568,0.47909759391726275,0.06701289793118653,19.487502004846394,472.94820267002086,50.37074529900669,2.0754915537439285
2024-05-10,0,1002.5,-0.026710368422892324,40.643947313401625,4751,0.04120430502712568,0.47909759391726275,0.06701289793118653,19.487502004846394,472.94820267002086,51.44322754915873,2.1196824395153713
2024-05-13,0,1000.0,-0.030144405032386683,43.12333629103816,4751,0.04120430502712568,0.47909759391726275,0.06701289793118653,19.487502004846394,472.94820267002086,51.31494019866207,2.1143964483943853
2024-05-14,0,1028.5,-0.003723565013212699,46.60255070039724,4751,0.04120430502712568,0.47909759391726275,0.06701289793118653,19.487502004846394,472.94820267002086,52.777415994323945,2.1746567471736253
2024-05-15,0,1015.5,-0.017400066054970006,45.46196206404243,4751,0.04120430502712568,0.47909759391726275,0.06701289793118653,19.487502004846394,472.94820267002086,52.11032177174133,2.1471695933444983
2024-05-16,0,1076.5,0.03965865587057054,52.740107746609695,4751,0.04120430502712568,0.47909759391726275,0.06701289793118653,19.487502004846394,472.94820267002086,55.24053312385972,2.276147776696556
2024-05-17,0,1030.5,-0.005813011162936836,54.77522670268185,4751,0.04120430502712568,0.47909759391726275,0.06701289793118653,19.487502004846394,472.94820267002086,52.88004587472127,2.178885540070414
2024-05-20,0,1039.5,0.0017333182572762524,53.74901341752171,4751,0.04120430502712568,0.47909759391726275,0.06701289793118653,19.487502004846394,472.94820267002086,53.34188033650923,2.1979151081059634
2024-05-21,0,1006.5,-0.03088335167043035,49.71793907484017,4751,0.04120430502712568,0.47909759391726275,0.06701289793118653,19.487502004846394,472.94820267002086,51.648487309953374,2.128140025308949
2024-05-22,0,1003.5,-0.03442148680809025,49.67123802367086,4751,0.04120430502712568,0.47909759391726275,0.06701289793118653,19.487502004846394,472.94820267002086,51.49454248935739,2.1217968359637656
2024-05-23,0,1023.0,-0.016497461928934087,49.145785876993166,4751,0.04120430502712568,0.47909759391726275,0.06701289793118653,19.487502004846394,472.94820267002086,52.4951838232313,2.163027566707456
2024-05-24,0,1008.0,-0.031085991118288175,48.72953133822699,4751,0.04120430502712568,0.47909759391726275,0.06701289793118653,19.487502004846394,472.94820267002086,51.72545972025137,2.1313116199815405
2024-05-27,1,965.8,-0.07099241634314613,43.82142857142857,4751,0.04120430502712568,0.47909759391726275,0.06701289793118653,19.487502004846394,472.94820267002086,49.559969243867826,2.0420840898592973
2024-05-28,1,969.9,-0.06604122424768435,49.34731012658228,4751,0.04120430502712568,0.47909759391726275,0.06701289793118653,19.487502004846394,472.94820267002086,49.770360498682344,2.0507531152977143
2024-05-29,1,939.6,-0.09412045999706901,40.75299958626397,4751,0.04120430502712568,0.47909759391726275,0.06701289793118653,19.487502004846394,472.94820267002086,48.21551781066289,1.9866869029113643
2024-05-30,1,949.7,-0.08351936797544982,45.59665345662704,4751,0.04120430502712568,0.47909759391726275,0.06701289793118653,19.487502004846394,472.94820267002086,48.733798706669376,2.0080423070401476
2024-05-31,1,945.5,-0.08676166620519121,45.90999778319664,4751,0.04120430502712568,0.47909759391726275,0.06701289793118653,19.487502004846394,472.94820267002086,48.51827595783499,1.9991618419568913
2024-06-03,1,965.3,-0.06710023091355172,52.681680984443915,4751,0.04120430502712568,0.47909759391726275,0.06701289793118653,19.487502004846394,472.94820267002086,49.5343117737685,2.0410268916351
2024-06-04,1,973.0,-0.05887041235597722,48.98623279098873,4751,0.04120430502712568,0.47909759391726275,0.06701289793118653,19.487502004846394,472.94820267002086,49.929436813298196,2.057307744287737
2024-06-05,1,967.2,-0.06372213689223892,50.089582800102384,4751,0.04120430502712568,0.47909759391726275,0.06701289793118653,19.487502004846394,472.94820267002086,49.63181016014596,2.0450442448870496
2024-06-06,1,953.7,-0.07570729664979026,46.41480339244411,4751,0.04120430502712568,0.47909759391726275,0.06701289793118653,19.487502004846394,472.94820267002086,48.93905846746402,2.016499892833725
2024-06-07,1,954.6,-0.07335742427144754,43.51124356542942,4751,0.04120430502712568,0.47909759391726275,0.06701289793118653,19.487502004846394,472.94820267002086,48.98524191364282,2.01840284963728
2024-06-10,1,954.3,-0.0722653718326947,43.77214499863723,4751,0.04120430502712568,0.47909759391726275,0.06701289793118653,19.487502004846394,472.94820267002086,48.96984743158321,2.0177685307027615
2024-06-11,1,930.6,-0.09387974481410206,36.48163490748412,4751,0.04120430502712568,0.47909759391726275,0.06701289793118653,19.487502004846394,472.94820267002086,47.75368334887493,1.9676573348758148
2024-06-12,1,925.0,-0.09782737325043536,37.24274034395264,4751,0.04120430502712568,0.47909759391726275,0.06701289793118653,19.487502004846394,472.94820267002086,47.46631968376242,1.9558167147648062
2024-06-13,1,949.9,-0.07258788887066399,30.131826741996235,4751,0.04120430502712568,0.47909759391726275,0.06701289793118653,19.487502004846394,472.94820267002086,48.7440616947091,2.0084651863298264
2024-06-14,1,954.9,-0.06679393043059023,36.383285302593656,4751,0.04120430502712568,0.47909759391726275,0.06701289793118653,19.487502004846394,472.94820267002086,49.000636395702415,2.0190371685717983
2024-06-17,1,974.3,-0.04736048226133013,38.68055555555555,4751,0.04120430502712568,0.47909759391726275,0.06701289793118653,19.487502004846394,472.94820267002086,49.99614623555646,2.0600564596706494
2024-06-18,1,966.3,-0.053928274911361845,42.35741444866919,4751,0.04120430502712568,0.47909759391726275,0.06701289793118653,19.487502004846394,472.94820267002086,49.58562671396716,2.0431412880834943
2024-06-19,1,956.1,-0.06275977268093245,41.22871946706144,4751,0.04120430502712568,0.47909759391726275,0.06701289793118653,19.487502004846394,472.94820267002086,49.06221432394081,2.0215744443098718
2024-06-20,1,985.3,-0.03341944344527653,43.265451947123964,4751,0.04120430502712568,0.47909759391726275,0.06701289793118653,19.487502004846394,472.94820267002086,50.56061057774174,2.0833148206029874
2024-06-21,1,971.5,-0.04567779960707269,43.451740222461424,4751,0.04120430502712568,0.47909759391726275,0.06701289793118653,19.487502004846394,472.94820267002086,49.852464403000205,2.0541361496151453
2024-06-24,1,997.7,-0.019359226889038204,56.071564522268766,4751,0.04120430502712568,0.47909759391726275,0.06701289793118653,19.487502004846394,472.94820267002086,51.19691583620515,2.109533336563078
2024-06-25,1,997.6,-0.01879656355856078,55.35369153459607,4751,0.04120430502712568,0.47909759391726275,0.06701289793118653,19.487502004846394,472.94820267002086,51.19178434218529,2.109321896918239
2024-06-26,1,996.4,-0.019042880939660577,62.36933797909408,4751,0.04120430502712568,0.47909759391726275,0.06701289793118653,19.487502004846394,472.94820267002086,51.13020641394689,2.1067846211801653
2024-06-27,1,1001.0,-0.013944654811674215,61.44578313253012,4751,0.04120430502712568,0.47909759391726275,0.06701289793118653,19.487502004846394,472.94820267002086,51.36625513886074,2.1165108448427796
2024-06-28,1,1007.5,-0.0071504874078103225,63.69257950530036,4751,0.04120430502712568,0.47909759391726275,0.06701289793118653,19.487502004846394,472.94820267002086,51.69980225015204,2.130254421757343
2024-07-01,1,987.6,-0.025911260213334248,54.92273730684328,4751,0.04120430502712568,0.47909759391726275,0.06701289793118653,19.487502004846394,472.94820267002086,50.67863494019866,2.088177932434295
2024-07-02,1,979.9,-0.03277961444108699,51.523178807947005,4751,0.04120430502712568,0.47909759391726275,0.06701289793118653,19.487502004846394,472.94820267002086,50.28350990066897,2.071897079781658
2024-07-03,1,982.2,-0.02969464985234331,53.36322869955157,4751,0.04120430502712568,0.47909759391726275,0.06701289793118653,19.487502004846394,472.94820267002086,50.40153426312589,2.076760191612965
2024-07-04,1,968.6,-0.04230495425422519,53.339309726580005,4751,0.04120430502712568,0.47909759391726275,0.06701289793118653,19.487502004846394,472.94820267002086,49.70365107642409,2.0480043999148014
2024-07-05,1,966.9,-0.04277309693114513,52.746761947297884,4751,0.04120430502712568,0.47909759391726275,0.06701289793118653,19.487502004846394,472.94820267002086,49.616415678086355,2.044409925952531
2024-07-08,1,975.2,-0.03322512081381435,54.50625269512723,4751,0.04120430502712568,0.47909759391726275,0.06701289793118653,19.487502004846394,472.94820267002086,50.042329681735254,2.0619594164742043
2024-07-09,1,981.3,-0.0255587670251655,61.829211385907584,4751,0.04120430502712568,0.47909759391726275,0.06701289793118653,19.487502004846394,472.94820267002086,50.35535081694709,2.0748572348094103
2024-07-10,1,959.2,-0.04558606773234475,57.409012131715784,4751,0.04120430502712568,0.47909759391726275,0.06701289793118653,19.487502004846394,472.94820267002086,49.22129063855666,2.0281290732998944
2024-07-11,1,950.9,-0.0518811486306833,50.23342670401494,4751,0.04120430502712568,0.47909759391726275,0.06701289793118653,19.487502004846394,472.94820267002086,48.79537663490776,2.0105795827782207
2024-07-12,1,979.1,-0.022042254646572675,55.09688289806235,4751,0.04120430502712568,0.47909759391726275,0.06701289793118653,19.487502004846394,472.94820267002086,50.24245794851004,2.0702055626229425
2024-07-16,1,964.2,-0.03513488631496648,47.83168741949336,4751,0.04120430502712568,0.47909759391726275,0.06701289793118653,19.487502004846394,472.94820267002086,49.47786533954997,2.0387010555418663
2024-07-17,1,970.5,-0.027175598229369408,50.908304498269906,4751,0.04120430502712568,0.47909759391726275,0.06701289793118653,19.487502004846394,472.94820267002086,49.80114946280154,2.052021753166751
2024-07-18,1,964.9,-0.03070846314368301,51.94174757281552,4751,0.04120430502712568,0.47909759391726275,0.06701289793118653,19.487502004846394,472.94820267002086,49.51378579768903,2.0401811330557424
2024-07-19,1,955.1,-0.0388098995233801,42.712355212355234,4751,0.04120430502712568,0.47909759391726275,0.06701289793118653,19.487502004846394,472.94820267002086,49.01089938374215,2.0194600478614775
2024-07-22,1,965.5,-0.026966123035287906,48.5279685966634,4751,0.04120430502712568,0.47909759391726275,0.06701289793118653,19.487502004846394,472.94820267002086,49.544574761808235,2.0414497709247788
2024-07-23,1,969.6,-0.02177729291124823,42.2674738580077,4751,0.04120430502712568,0.47909759391726275,0.06701289793118653,19.487502004846394,472.94820267002086,49.754966016622745,2.050118796363196
2024-07-24,1,962.4,-0.027764869419043076,40.677966101694906,4751,0.04120430502712568,0.47909759391726275,0.06701289793118653,19.487502004846394,472.94820267002086,49.385498447192376,2.034895141934756
2024-07-25,1,950.8,-0.038172325098023825,38.554216867469876,4751,0.04120430502712568,0.47909759391726275,0.06701289793118653,19.487502004846394,472.94820267002086,48.7902451408879,2.0103681431333813
2024-07-26,1,944.7,-0.04284162661198154,35.974090682610864,4751,0.04120430502712568,0.47909759391726275,0.06701289793118653,19.487502004846394,472.94820267002086,48.477224005676064,1.9974703247981758
2024-07-29,1,978.4,-0.0071735700891081625,43.61562088635366,4751,0.04120430502712568,0.47909759391726275,0.06701289793118653,19.487502004846394,472.94820267002086,50.20653749037097,2.0687254851090664
2024-07-30,1,965.4,-0.019083204179175556,44.97737556561085,4751,0.04120430502712568,0.47909759391726275,0.06701289793118653,19.487502004846394,472.94820267002086,49.539443267788364,2.0412383312799394
2024-07-31,1,966.4,-0.016807064664469115,46.850209986000934,4751,0.06457892095050377,0.49329852080296965,0.06002833353380645,31.257234099203053,484.0160479479058,30.917642838546602,1.9966280128464102
2024-08-01,1,1004.5,0.02272495876519584,54.45821671331467,4751,0.06457892095050377,0.49329852080296965,0.06002833353380645,31.257234099203053,484.0160479479058,32.136560669826224,2.0753444111177766
2024-08-02,1,914.6,-0.06712941870854633,41.72794117647059,4751,0.06457892095050377,0.49329852080296965,0.06002833353380645,31.257234099203053,484.0160479479058,29.26042646951027,1.889606767952532
2024-08-05,1,810.8,-0.17108432421085346,31.78529754959159,4751,0.06457892095050377,0.49329852080296965,0.06002833353380645,31.257234099203053,484.0160479479058,25.93959521263823,1.6751510687250304
2024-08-06,1,881.5,-0.09732813223212705,40.456304746384184,4751,0.06457892095050377,0.49329852080296965,0.06002833353380645,31.257234099203053,484.0160479479058,28.20147160821485,1.8212206056747833
2024-08-07,1,879.0,-0.09828150304197479,39.503386004514674,4751,0.06457892095050377,0.49329852080296965,0.06002833353380645,31.257234099203053,484.0160479479058,28.12149012322275,1.8160554876779746
2024-08-08,1,890.7,-0.08482329393745511,42.81820088068778,4751,0.06457892095050377,0.49329852080296965,0.06002833353380645,31.257234099203053,484.0160479479058,28.495803472985784,1.8402282399030399
2024-08-09,1,881.0,-0.0929133987982389,42.69287058331591,4751,0.06457892095050377,0.49329852080296965,0.06002833353380645,31.257234099203053,484.0160479479058,28.18547531121643,1.8201875820754216
2024-08-13,1,915.7,-0.05581455456828891,43.461221122112214,4751,0.06457892095050377,0.49329852080296965,0.06002833353380645,31.257234099203053,484.0160479479058,29.295618322906794,1.891879419871128
2024-08-14,1,927.8,-0.04192614356857552,46.224066390041486,4751,0.06457892095050377,0.49329852080296965,0.06002833353380645,31.257234099203053,484.0160479479058,29.682728710268563,1.9168785909756823
2024-08-15,1,955.6,-0.012934999972455237,48.52035749751738,4751,0.06457892095050377,0.49329852080296965,0.06002833353380645,31.257234099203053,484.0160479479058,30.572122823380727,1.9743147031001962
2024-08-16,1,961.3,-0.006120634395484039,49.64257347100873,4751,0.06457892095050377,0.49329852080296965,0.06002833353380645,31.257234099203053,484.0160479479058,30.754480609162716,1.9860911721329202
2024-08-19,1,970.7,0.0038608707642455945,51.550079491255964,4751,0.06457892095050377,0.49329852080296965,0.06002833353380645,31.257234099203053,484.0160479479058,31.05521099273302,2.0055120158009214
2024-08-20,1,983.3,0.01687869018827013,51.7609814008706,4751,0.06457892095050377,0.49329852080296965,0.06002833353380645,31.257234099203053,484.0160479479058,31.458317677093206,2.031544210504838
2024-08-21,1,982.7,0.015690997865329844,51.30504084478981,4751,0.06457892095050377,0.49329852080296965,0.06002833353380645,31.257234099203053,484.0160479479058,31.439122120695107,2.030304582185604
2024-08-22,1,1004.5,0.03788817052018735,54.0755082284608,4751,0.06457892095050377,0.49329852080296965,0.06002833353380645,31.257234099203053,484.0160479479058,32.136560669826224,2.0753444111177766
2024-08-23,1,1006.0,0.038872702638695314,55.45023696682465,4751,0.06457892095050377,0.49329852080296965,0.06002833353380645,31.257234099203053,484.0160479479058,32.18454956082149,2.0784434819158615
2024-08-26,0,1028.5,0.06142249534563399,58.014537107880635,4751,0.06457892095050377,0.49329852080296965,0.06002833353380645,31.257234099203053,484.0160479479058,32.9043829257504,2.124929543887141
2024-08-27,0,1038.0,0.0707035698371045,55.97673485760129,4751,0.06457892095050377,0.49329852080296965,0.06002833353380645,31.257234099203053,484.0160479479058,33.20831256872038,2.1445569922750143
2024-08-28,0,1042.5,0.07471715437577409,57.86574168537034,4751,0.06457892095050377,0.49329852080296965,0.06002833353380645,31.257234099203053,484.0160479479058,33.352279241706164,2.1538542046692704
2024-08-29,1,1021.5,0.053169509256344526,55.40090178396393,4751,0.06457892095050377,0.49329852080296965,0.06002833353380645,31.257234099203053,484.0160479479058,32.68043476777251,2.1104672134960762
2024-08-30,1,1010.5,0.04190009032206623,50.62111801242236,4751,0.06457892095050377,0.49329852080296965,0.06002833353380645,31.257234099203053,484.0160479479058,32.32851623380727,2.0877406943101176
2024-09-02,1,1012.5,0.04488157664804057,62.389268539610214,4751,0.06457892095050377,0.49329852080296965,0.06002833353380645,31.257234099203053,484.0160479479058,32.39250142180095,2.0918727887075645
2024-09-03,0,1066.0,0.09955550176589027,87.00696055684456,4751,0.06457892095050377,0.49329852080296965,0.06002833353380645,31.257234099203053,484.0160479479058,34.10410520063191,2.202406313839273
2024-09-04,1,1036.5,0.06917101509870972,75.5270092226614,4751,0.06457892095050377,0.49329852080296965,0.06002833353380645,31.257234099203053,484.0160479479058,33.16032367772512,2.141457921476929
2024-09-05,1,1054.0,0.08651280930566276,77.46390458254865,4751,0.06457892095050377,0.49329852080296965,0.06002833353380645,31.257234099203053,484.0160479479058,33.72019407266983,2.1776137474545907
2024-09-06,1,1032.5,0.0639255228090519,71.58952496954933,4751,0.06457892095050377,0.49329852080296965,0.06002833353380645,31.257234099203053,484.0160479479058,33.03235330173776,2.133193732682035
2024-09-09,1,1021.5,0.05261241605205606,71.3072490142554,4751,0.06457892095050377,0.49329852080296965,0.06002833353380645,31.257234099203053,484.0160479479058,32.68043476777251,2.1104672134960762
2024-09-10,1,1042.0,0.0732354443730328,70.01584786053883,4751,0.06457892095050377,0.49329852080296965,0.06002833353380645,31.257234099203053,484.0160479479058,33.33628294470774,2.1528211810699083
2024-09-11,1,1033.5,0.06349188926650111,66.94453350432832,4751,0.06457892095050377,0.49329852080296965,0.06002833353380645,31.257234099203053,484.0160479479058,33.0643458957346,2.1352597798807587
2024-09-12,1,1058.5,0.0878949207589056,66.64509867356843,4751,0.06457892095050377,0.49329852080296965,0.06002833353380645,31.257234099203053,484.0160479479058,33.86416074565561,2.1869109598488463
2024-09-13,1,1024.0,0.051221017850225675,59.277892867712346,4751,0.06457892095050377,0.49329852080296965,0.06002833353380645,31.257234099203053,484.0160479479058,32.760416252764614,2.115632331492885
2024-09-17,1,1024.0,0.050153010575368986,58.11263318112633,4751,0.06457892095050377,0.49329852080296965,0.06002833353380645,31.257234099203053,484.0160479479058,32.760416252764614,2.115632331492885
2024-09-18,1,1019.0,0.043976083829537965,55.56248052352759,4751,0.06457892095050377,0.49329852080296965,0.06002833353380645,31.257234099203053,484.0160479479058,32.600453282780414,2.1053020954992676
2024-09-19,1,1048.5,0.07297967359313631,59.405374499714114,4751,0.06457892095050377,0.49329852080296965,0.06002833353380645,31.257234099203053,484.0160479479058,33.5442348056872,2.1662504878616113
2024-09-20,1,1049.0,0.07237929854739814,56.77321156773212,4751,0.06457892095050377,0.49329852080296965,0.06002833353380645,31.257234099203053,484.0160479479058,33.56023110268563,2.167283511460973
2024-09-24,1,1033.0,0.055076418990967095,53.93586005830904,4751,0.06457892095050377,0.49329852080296965,0.06002833353380645,31.257234099203053,484.0160479479058,33.04834959873618,2.1342267562813966
2024-09-25,1,1028.0,0.048908237534861516,49.9231950844854,4751,0.06457892095050377,0.49329852080296965,0.06002833353380645,31.257234099203053,484.0160479479058,32.888386628751974,2.1238965202877793
2024-09-26,1,1038.0,0.057911301237695174,50.0,4751,0.06457892095050377,0.49329852080296965,0.06002833353380645,31.257234099203053,484.0160479479058,33.20831256872038,2.1445569922750143
2024-09-27,1,1037.5,0.05620754809180186,49.22360248447205,4751,0.06457892095050377,0.49329852080296965,0.06002833353380645,31.257234099203053,484.0160479479058,33.19231627172196,2.1435239686756526
2024-09-30,1,1019.5,0.03663207272184975,49.68652037617555,4751,0.06457892095050377,0.49329852080296965,0.06002833353380645,31.257234099203053,484.0160479479058,32.61644957977883,2.1063351190986292
2024-10-01,1,1022.0,0.03780929492604002,51.851851851851855,4751,0.06457892095050377,0.49329852080296965,0.06002833353380645,31.257234099203053,484.0160479479058,32.696431064770934,2.111500237095438
2024-10-02,1,993.6,0.008373341704870734,47.195013357079254,4751,0.06457892095050377,0.49329852080296965,0.06002833353380645,31.257234099203053,484.0160479479058,31.787841395260664,2.05282449665169
2024-10-03,1,1007.0,0.02125260130379579,40.06064690026953,4751,0.06457892095050377,0.49329852080296965,0.06002833353380645,31.257234099203053,484.0160479479058,32.21654215481833,2.080509529114585
2024-10-04,1,1013.0,0.02680019461563418,45.70069520673253,4751,0.06457892095050377,0.49329852080296965,0.06002833353380645,31.257234099203053,484.0160479479058,32.40849771879937,2.092905812306926
2024-10-07,1,1013.0,0.02615253914506857,41.9859265050821,4751,0.06457892095050377,0.49329852080296965,0.06002833353380645,31.257234099203053,484.0160479479058,32.40849771879937,2.092905812306926
2024-10-08,1,1004.5,0.0168774321035645,44.2339373970346,4751,0.06457892095050377,0.49329852080296965,0.06002833353380645,31.257234099203053,484.0160479479058,32.136560669826224,2.0753444111177766
2024-10-09,1,1029.5,0.04156408966253123,51.5576323987539,4751,0.06457892095050377,0.49329852080296965,0.06002833353380645,31.257234099203053,484.0160479479058,32.93637551974724,2.1269955910858642
2024-10-10,1,1035.5,0.046730722835543484,48.658687577383404,4751,0.06457892095050377,0.49329852080296965,0.06002833353380645,31.257234099203053,484.0160479479058,33.12833108372828,2.1393918742782057
2024-10-11,0,1044.0,0.05466477015581557,52.1667354519191,4751,0.06457892095050377,0.49329852080296965,0.06002833353380645,31.257234099203053,484.0160479479058,33.40026813270142,2.1569532754673553
2024-10-15,0,1054.5,0.06445621378628104,49.12203687445127,4751,0.06457892095050377,0.49329852080296965,0.06002833353380645,31.257234099203053,484.0160479479058,33.73619036966825,2.1786467710539523
2024-10-16,1,1045.5,0.05467425982815842,55.31389026198715,4751,0.06457892095050377,0.49329852080296965,0.06002833353380645,31.257234099203053,484.0160479479058,33.448257023696684,2.1600523462654406
2024-10-17,1,1028.0,0.03664423069166073,50.90991810737034,4751,0.06457892095050377,0.49329852080296965,0.06002833353380645,31.257234099203053,484.0160479479058,32.888386628751974,2.1238965202877793
2024-10-18,1,1022.0,0.030392893582527482,50.67934782608696,4751,0.06457892095050377,0.49329852080296965,0.06002833353380645,31.257234099203053,484.0160479479058,32.696431064770934,2.111500237095438
2024-10-21,1,1033.5,0.04134479747430641,46.30177514792899,4751,0.06457892095050377,0.49329852080296965,0.06002833353380645,31.257234099203053,484.0160479479058,33.0643458957346,2.1352597798807587
2024-10-22,1,1010.0,0.01725506311010119,41.364038972542076,4751,0.06457892095050377,0.49329852080296965,0.06002833353380645,31.257234099203053,484.0160479479058,32.31251993680885,2.086707670710756
2024-10-23,1,998.1,0.005054980464816512,42.129003157419945,4751,0.06457892095050377,0.49329852080296965,0.06002833353380645,31.257234099203053,484.0160479479058,31.931808068246447,2.062121709045946
2024-10-24,1,996.0,0.0025715221371014306,42.68738574040219,4751,0.06457892095050377,0.49329852080296965,0.06002833353380645,31.257234099203053,484.0160479479058,31.86462362085308,2.0577830099286265
2024-10-25,1,990.1,-0.003677634721379943,38.84489986027015,4751,0.06457892095050377,0.49329852080296965,0.06002833353380645,31.257234099203053,484.0160479479058,31.675867316271724,2.045593331456158
2024-10-28,1,1016.5,0.022321781773271387,45.6359102244389,4751,0.06457892095050377,0.49329852080296965,0.06002833353380645,31.257234099203053,484.0160479479058,32.52047179778831,2.1001369775024585
2024-10-29,1,1031.0,0.03621423000538703,52.425137072965,4751,0.06457892095050377,0.49329852080296965,0.06002833353380645,31.257234099203053,484.0160479479058,32.984364410742494,2.1300946618839496
2024-10-30,1,1039.0,0.043139176251365256,53.50370981038747,4751,0.06390150844690935,0.4885217047098769,0.052108603280713726,32.08488135743182,502.09896663219735,32.38285310845747,2.0693131614451197
2024-10-31,1,1006.5,0.00975815297359482,52.6145115524929,4751,0.06390150844690935,0.4885217047098769,0.052108603280713726,32.08488135743182,502.09896663219735,31.36991496983873,2.004584886423978
2024-11-01,1,1019.0,0.02175328451734594,52.44100895036615,4751,0.06390150844690935,0.4885217047098769,0.052108603280713726,32.08488135743182,502.09896663219735,31.75950656161517,2.029480376816725
2024-11-05,1,1002.0,0.004199867175692961,47.8582554517134,4751,0.06390150844690935,0.4885217047098769,0.052108603280713726,32.08488135743182,502.09896663219735,31.229661996799212,1.995622509882589
2024-11-06,1,1030.0,0.03144126726412374,52.984550561797754,4751,0.06390150844690935,0.4885217047098769,0.052108603280713726,32.08488135743182,502.09896663219735,32.10234716237843,2.051388408362342
2024-11-07,1,1064.5,0.06457381045085783,59.65250965250966,4751,0.06390150844690935,0.4885217047098769,0.052108603280713726,32.08488135743182,502.09896663219735,33.1776199556814,2.120099961846323
2024-11-08,1,1047.0,0.045791065528249394,52.88493241015497,4751,0.06390150844690935,0.4885217047098769,0.052108603280713726,32.08488135743182,502.09896663219735,32.63219172719439,2.0852462752964778
2024-11-11,1,1039.5,0.0372774601620262,50.656167979002625,4751,0.06390150844690935,0.4885217047098769,0.052108603280713726,32.08488135743182,502.09896663219735,32.39843677212853,2.0703089810608297
2024-11-12,1,1033.0,0.029922591297203895,48.18361955085866,4751,0.06390150844690935,0.4885217047098769,0.052108603280713726,32.08488135743182,502.09896663219735,32.195849144404775,2.0573633260566013
2024-11-13,1,1023.5,0.0196227146902712,44.86414844267726,4751,0.06390150844690935,0.4885217047098769,0.052108603280713726,32.08488135743182,502.09896663219735,31.899759534654685,2.0384427533581135
2024-11-14,1,979.3,-0.024779024267829287,40.178041543026694,4751,0.06390150844690935,0.4885217047098769,0.052108603280713726,32.08488135743182,502.09896663219735,30.522163666133203,1.9504122993293607
2024-11-15,1,974.5,-0.029942861693444067,41.75146469318532,4751,0.06390150844690935,0.4885217047098769,0.052108603280713726,32.08488135743182,502.09896663219735,30.37256049489105,1.940852431018546
2024-11-18,1,983.7,-0.020853683137621256,44.152671755725194,4751,0.06390150844690935,0.4885217047098769,0.052108603280713726,32.08488135743182,502.09896663219735,30.65929990643851,1.9591755119476078
2024-11-19,1,1005.0,-0.00017774617845729555,45.775274236584636,4751,0.06390150844690935,0.4885217047098769,0.052108603280713726,32.08488135743182,502.09896663219735,31.32316397882556,2.0015974275768484
2024-11-20,1,1020.5,0.014514365245054204,51.59429092013362,4751,0.06390150844690935,0.4885217047098769,0.052108603280713726,32.08488135743182,502.09896663219735,31.806257552628338,2.0324678356638546
2024-11-21,1,1013.0,0.006944904640097559,52.29301323484148,4751,0.06390150844690935,0.4885217047098769,0.052108603280713726,32.08488135743182,502.09896663219735,31.572502597562476,2.017530541428206
2024-11-22,1,1008.5,0.0012257611036613641,51.90956309196456,4751,0.06390150844690935,0.4885217047098769,0.052108603280713726,32.08488135743182,502.09896663219735,31.43224962452296,2.0085681648868174
2024-11-25,1,1015.5,0.0054508538658949515,53.86723507917174,4751,0.06390150844690935,0.4885217047098769,0.052108603280713726,32.08488135743182,502.09896663219735,31.650420915917763,2.022509639506756
2024-11-26,1,1038.0,0.02560927250906045,53.31278890600924,4751,0.06390150844690935,0.4885217047098769,0.052108603280713726,32.08488135743182,502.09896663219735,32.35168578111535,2.0673215222137
2024-11-27,1,1031.5,0.01714336051412984,50.07898894154818,4751,0.06390150844690935,0.4885217047098769,0.052108603280713726,32.08488135743182,502.09896663219735,32.149098153391606,2.0543758672094716
2024-11-28,1,1031.0,0.014778428559992254,48.70550161812298,4751,0.06390150844690935,0.4885217047098769,0.052108603280713726,32.08488135743182,502.09896663219735,32.13351448972055,2.0533800475937616
2024-11-29,1,1039.5,0.021020883372141967,55.78947368421053,4751,0.06390150844690935,0.4885217047098769,0.052108603280713726,32.08488135743182,502.09896663219735,32.39843677212853,2.0703089810608297
2024-12-02,1,1029.5,0.009693845526158882,51.858407079646014,4751,0.06390150844690935,0.4885217047098769,0.052108603280713726,32.08488135743182,502.09896663219735,32.08676349870738,2.0503925887466323
2024-12-03,1,1052.0,0.030087968729192453,58.68055555555555,4751,0.06390150844690935,0.4885217047098769,0.052108603280713726,32.08488135743182,502.09896663219735,32.788028363904964,2.0952044714535765
2024-12-04,1,1068.5,0.044704419208873095,56.962025316455694,4751,0.06390150844690935,0.4885217047098769,0.052108603280713726,32.08488135743182,502.09896663219735,33.30228926504986,2.1280665187720023
2024-12-05,1,1078.0,0.052391799544419214,52.68389662027833,4751,0.06390150844690935,0.4885217047098769,0.052108603280713726,32.08488135743182,502.09896663219735,33.59837887479995,2.14698709147049
2024-12-06,1,1069.0,0.0422719774112655,54.52674897119342,4751,0.06390150844690935,0.4885217047098769,0.052108603280713726,32.08488135743182,502.09896663219735,33.31787292872092,2.1290623383877123
2024-12-09,1,1084.5,0.05599517036786996,58.964143426294825,4751,0.06390150844690935,0.4885217047098769,0.052108603280713726,32.08488135743182,502.09896663219735,33.8009665025237,2.1599327464747184
2024-12-10,1,1084.5,0.054601348696877675,60.53169734151329,4751,0.06390150844690935,0.4885217047098769,0.052108603280713726,32.08488135743182,502.09896663219735,33.8009665025237,2.1599327464747184
2024-12-11,1,1077.0,0.04632455426768284,61.03092783505155,4751,0.06390150844690935,0.4885217047098769,0.052108603280713726,32.08488135743182,502.09896663219735,33.56721154745784,2.1449954522390704
2024-12-12,1,1108.5,0.07549937711267472,78.11140121845084,4751,0.06390150844690935,0.4885217047098769,0.052108603280713726,32.08488135743182,502.09896663219735,34.548982358734456,2.2077320880287923
2024-12-13,1,1153.5,0.11735288913457051,83.14814814814815,4751,0.06390150844690935,0.4885217047098769,0.052108603280713726,32.08488135743182,502.09896663219735,35.95151208912963,2.297355853442681
2024-12-16,1,1136.0,0.09901024581969783,77.36255839022637,4751,0.06390150844690935,0.4885217047098769,0.052108603280713726,32.08488135743182,502.09896663219735,35.40608386064262,2.2625021668928356
2024-12-17,1,1137.0,0.09863847418408944,75.5813953488372,4751,0.06390150844690935,0.4885217047098769,0.052108603280713726,32.08488135743182,502.09896663219735,35.437251187984735,2.264493806124255
2024-12-18,1,1125.5,0.08607126866247733,70.66929133858268,4751,0.06390150844690935,0.4885217047098769,0.052108603280713726,32.08488135743182,502.09896663219735,35.078826923550416,2.241589954962928
2024-12-19,1,1114.0,0.0735445472802896,69.57364341085271,4751,0.06390150844690935,0.4885217047098769,0.052108603280713726,32.08488135743182,502.09896663219735,34.72040265911609,2.218686103801601
2024-12-20,1,1107.0,0.06550497428157825,68.90595009596929,4751,0.06390150844690935,0.4885217047098769,0.052108603280713726,32.08488135743182,502.09896663219735,34.502231367721286,2.2047446291816626
2024-12-23,1,1106.5,0.06447044879959657,67.91338582677164,4751,0.06390150844690935,0.4885217047098769,0.052108603280713726,32.08488135743182,502.09896663219735,34.48664770405023,2.203748809565953
2024-12-24,1,1092.5,0.05024782964803968,61.09979633401222,4751,0.06390150844690935,0.4885217047098769,0.052108603280713726,32.08488135743182,502.09896663219735,34.05030512126062,2.1758658603260765
2024-12-25,1,1091.5,0.04878239390786993,62.50000000000001,4751,0.06390150844690935,0.4885217047098769,0.052108603280713726,32.08488135743182,502.09896663219735,34.0191377939185,2.1738742210946564
2024-12-26,1,1089.0,0.04562336051249932,61.98347107438017,4751,0.06390150844690935,0.4885217047098769,0.052108603280713726,32.08488135743182,502.09896663219735,33.941219475563216,2.168895123016107
2024-12-27,1,1111.5,0.06599890283153864,64.0625,4751,0.06390150844690935,0.4885217047098769,0.052108603280713726,32.08488135743182,502.09896663219735,34.6424843407608,2.2137070057230517
2024-12-30,1,1096.0,0.050408087375551566,62.7151051625239,4751,0.06390150844690935,0.4885217047098769,0.052108603280713726,32.08488135743182,502.09896663219735,34.15939076695802,2.1828365976360455
2025-01-06,1,1056.0,0.011781118018135457,50.716845878136205,4751,0.06390150844690935,0.4885217047098769,0.052108603280713726,32.08488135743182,502.09896663219735,32.91269767327342,2.1031710283792555
2025-01-07,0,1070.5,0.02551673398067178,50.361010830324915,4751,0.06390150844690935,0.4885217047098769,0.052108603280713726,32.08488135743182,502.09896663219735,33.364623919734086,2.132049797234842
2025-01-08,0,1080.5,0.03435005864986601,50.45045045045045,4751,0.06390150844690935,0.4885217047098769,0.052108603280713726,32.08488135743182,502.09896663219735,33.676297193155236,2.1519661895490394
2025-01-09,0,1089.5,0.04209442966492274,53.6936936936937,4751,0.06390150844690935,0.4885217047098769,0.052108603280713726,32.08488135743182,502.09896663219735,33.956803139234275,2.169890942631817
2025-01-10,1,1065.0,0.018063213600177378,46.596858638743456,4751,0.06390150844690935,0.4885217047098769,0.052108603280713726,32.08488135743182,502.09896663219735,33.19320361935246,2.1210957814620333
2025-01-14,1,1039.0,-0.0066706353101341235,42.72,4751,0.06390150844690935,0.4885217047098769,0.052108603280713726,32.08488135743182,502.09896663219735,32.38285310845747,2.0693131614451197
2025-01-15,1,1033.5,-0.011733611448271753,42.99516908212561,4751,0.06390150844690935,0.4885217047098769,0.052108603280713726,32.08488135743182,502.09896663219735,32.211432808075834,2.0583591456723114
2025-01-16,1,1070.0,0.02268643478127879,43.89857369255151,4751,0.06390150844690935,0.4885217047098769,0.052108603280713726,32.08488135743182,502.09896663219735,33.349040256063034,2.131053977619132
2025-01-17,1,1067.0,0.019312484715089163,34.18647166361974,4751,0.06390150844690935,0.4885217047098769,0.052108603280713726,32.08488135743182,502.09896663219735,33.25553827403669,2.1250790599248726
2025-01-20,1,1085.5,0.036358637053934585,40.80145719489981,4751,0.06390150844690935,0.4885217047098769,0.052108603280713726,32.08488135743182,502.09896663219735,33.83213382986581,2.161924385706138
2025-01-21,1,1083.5,0.033843793375002915,40.29038112522686,4751,0.06390150844690935,0.4885217047098769,0.052108603280713726,32.08488135743182,502.09896663219735,33.76979917518158,2.157941107243299
2025-01-22,1,1095.5,0.044284129169033806,44.56521739130435,4751,0.06390150844690935,0.4885217047098769,0.052108603280713726,32.08488135743182,502.09896663219735,34.14380710328696,2.1818407780203355
2025-01-23,1,1086.0,0.03438685433369358,44.89051094890511,4751,0.06390150844690935,0.4885217047098769,0.052108603280713726,32.08488135743182,502.09896663219735,33.84771749353687,2.162920205321848
2025-01-24,1,1116.0,0.06131133447537358,51.515151515151516,4751,0.06390150844690935,0.4885217047098769,0.052108603280713726,32.08488135743182,502.09896663219735,34.78273731380032,2.2226693822644403
2025-01-27,1,1122.0,0.06546365711695533,52.561983471074385,4751,0.06390150844690935,0.4885217047098769,0.052108603280713726,32.08488135743182,502.09896663219735,34.96974127785301,2.234619217652959
2025-01-28,1,1151.5,0.09156300320280295,59.27672955974843,4751,0.06390150844690935,0.4885217047098769,0.052108603280713726,32.08488135743182,502.09896663219735,35.8891774344454,2.2933725749798417
2025-01-29,1,1134.0,0.07333239103877871,56.35276532137519,4751,0.020122856167808192,0.4800294110924011,0.04072271661384798,10.013221955080105,497.60440921398083,113.25026101360679,2.278918713343545
2025-01-30,1,1190.0,0.12370584969159482,63.01546391752577,4751,0.020122856167808192,0.4800294110924011,0.04072271661384798,10.013221955080105,497.60440921398083,118.8428664957602,2.3914579090642136
2025-01-31,1,1164.0,0.09729610151937168,56.70498084291188,4751,0.020122856167808192,0.4800294110924011,0.04072271661384798,10.013221955080105,497.60440921398083,116.2462996647604,2.339207568193903
2025-02-03,1,1132.5,0.0663011793181196,54.47852760736196,4751,0.020122856167808192,0.4800294110924011,0.04072271661384798,10.013221955080105,497.60440921398083,113.10045908104911,2.275904270601027
2025-02-04,1,1130.5,0.06326347113905109,60.08119079837619,4751,0.020122856167808192,0.4800294110924011,0.04072271661384798,10.013221955080105,497.60440921398083,112.9007231709722,2.271885013611003
2025-02-05,1,1156.0,0.08586472154520929,61.235216819973715,4751,0.020122856167808192,0.4800294110924011,0.04072271661384798,10.013221955080105,497.60440921398083,115.44735602445277,2.323130540233808
2025-02-06,1,1180.0,0.10654461750441058,62.61089987325728,4751,0.020122856167808192,0.4800294110924011,0.04072271661384798,10.013221955080105,497.60440921398083,117.84418694537567,2.3713616241140945
2025-02-07,1,1169.0,0.09430015339548216,60.025220680958384,4751,0.020122856167808192,0.4800294110924011,0.04072271661384798,10.013221955080105,497.60440921398083,116.74563943995268,2.349255710668963
2025-02-10,1,1175.5,0.0982806216769731,64.59709379128137,4751,0.020122856167808192,0.4800294110924011,0.04072271661384798,10.013221955080105,497.60440921398083,117.39478114770263,2.3623182958865407
2025-02-12,1,1182.0,0.10231442508676135,69.91643454038997,4751,0.020122856167808192,0.4800294110924011,0.04072271661384798,10.013221955080105,497.60440921398083,118.04392285545258,2.3753808811041184
2025-02-13,1,1196.0,0.11279691642361703,72.10884353741497,4751,0.020122856167808192,0.4800294110924011,0.04072271661384798,10.013221955080105,497.60440921398083,119.44207422599094,2.4035156800342854
2025-02-14,1,1182.5,0.09772490132079739,66.32801161103049,4751,0.020122856167808192,0.4800294110924011,0.04072271661384798,10.013221955080105,497.60440921398083,118.09385683297181,2.3763856953516242
2025-02-17,1,1179.0,0.09200235627989332,66.23188405797102,4751,0.020122856167808192,0.4800294110924011,0.04072271661384798,10.013221955080105,497.60440921398083,117.74431899033722,2.3693519956190823
2025-02-18,1,1156.5,0.06896594221206154,60.17191977077364,4751,0.020122856167808192,0.4800294110924011,0.04072271661384798,10.013221955080105,497.60440921398083,115.497290001972,2.3241353544813137
2025-02-19,1,1185.0,0.09303898659451472,63.51531291611185,4751,0.020122856167808192,0.4800294110924011,0.04072271661384798,10.013221955080105,497.60440921398083,118.34352672056794,2.381409766589154
2025-02-20,1,1166.5,0.07418457741680014,59.29319371727748,4751,0.020122856167808192,0.4800294110924011,0.04072271661384798,10.013221955080105,497.60440921398083,116.49596955235654,2.3442316394314333
2025-02-21,1,1162.5,0.06888033444078027,60.1593625498008,4751,0.020122856167808192,0.4800294110924011,0.04072271661384798,10.013221955080105,497.60440921398083,116.09649773220272,2.3361931254513855
2025-02-25,1,1154.0,0.05914962094558631,55.352112676056336,4751,0.020122856167808192,0.4800294110924011,0.04072271661384798,10.013221955080105,497.60440921398083,115.24762011437586,2.319111283243784
2025-02-26,1,1141.5,0.04610882342159601,52.69709543568464,4751,0.020122856167808192,0.4800294110924011,0.04072271661384798,10.013221955080105,497.60440921398083,113.9992706763952,2.2939909270561345
2025-02-27,1,1141.5,0.0443286959385693,48.49397590361446,4751,0.020122856167808192,0.4800294110924011,0.04072271661384798,10.013221955080105,497.60440921398083,113.9992706763952,2.2939909270561345
2025-02-28,1,1114.0,0.018126428027418057,47.07602339181287,4751,0.020122856167808192,0.4800294110924011,0.04072271661384798,10.013221955080105,497.60440921398083,111.25290191283771,2.238726143443306
2025-03-03,1,1116.0,0.019314611393915864,37.15277777777778,4751,0.020122856167808192,0.4800294110924011,0.04072271661384798,10.013221955080105,497.60440921398083,111.45263782291461,2.24274540043333
2025-03-04,1,1116.0,0.01845880534903814,40.839694656488554,4751,0.020122856167808192,0.4800294110924011,0.04072271661384798,10.013221955080105,497.60440921398083,111.45263782291461,2.24274540043333
2025-03-05,1,1120.0,0.021108997307432903,47.33475479744136,4751,0.020122856167808192,0.4800294110924011,0.04072271661384798,10.013221955080105,497.60440921398083,111.85210964306843,2.2507839144133777
2025-03-06,1,1113.5,0.014190469250947179,46.44351464435147,4751,0.020122856167808192,0.4800294110924011,0.04072271661384798,10.013221955080105,497.60440921398083,111.20296793531848,2.2377213291958
2025-03-07,1,1092.5,-0.00576972079647621,36.46055437100213,4751,0.020122856167808192,0.4800294110924011,0.04072271661384798,10.013221955080105,497.60440921398083,109.10574087951095,2.195519130800549
2025-03-10,1,1100.0,-0.0004083180567452232,31.65137614678899,4751,0.020122856167808192,0.4800294110924011,0.04072271661384798,10.013221955080105,497.60440921398083,109.85475054229936,2.210591344513139
2025-03-11,1,1097.5,-0.004164211733592083,32.93556085918854,4751,0.020122856167808192,0.4800294110924011,0.04072271661384798,10.013221955080105,497.60440921398083,109.60508065470322,2.205567273275609
2025-03-12,1,1132.5,0.0257470820174989,40.96638655462184,4751,0.020122856167808192,0.4800294110924011,0.04072271661384798,10.013221955080105,497.60440921398083,113.10045908104911,2.275904270601027
2025-03-13,1,1140.5,0.0313053857561398,41.33611691022964,4751,0.020122856167808192,0.4800294110924011,0.04072271661384798,10.013221955080105,497.60440921398083,113.89940272135674,2.2919812985611228
2025-03-14,1,1152.5,0.04050052363583827,40.84210526315789,4751,0.020122856167808192,0.4800294110924011,0.04072271661384798,10.013221955080105,497.60440921398083,115.09781818181818,2.316096840501266
2025-03-17,1,1172.0,0.056084198385236456,47.84394250513348,4751,0.020122856167808192,0.4800294110924011,0.04072271661384798,10.013221955080105,497.60440921398083,117.04524330506804,2.3552845961539988
2025-03-18,1,1211.0,0.08857846574258846,55.7347670250896,4751,0.020122856167808192,0.4800294110924011,0.04072271661384798,10.013221955080105,497.60440921398083,120.94009355156774,2.4336601074594646
2025-03-19,1,1205.5,0.0811723836913823,59.351145038167935,4751,0.020122856167808192,0.4800294110924011,0.04072271661384798,10.013221955080105,497.60440921398083,120.39081979885624,2.422607150736899
2025-03-21,1,1237.0,0.10678986203153044,59.81132075471698,4751,0.020122856167808192,0.4800294110924011,0.04072271661384798,10.013221955080105,497.60440921398083,123.53666038256755,2.485910448329775
2025-03-24,1,1274.0,0.1366069516808221,68.95943562610229,4751,0.020122856167808192,0.4800294110924011,0.04072271661384798,10.013221955080105,497.60440921398083,127.23177471899034,2.560266702645217
2025-03-25,1,1293.0,0.14997391139360602,71.85929648241206,4751,0.020122856167808192,0.4800294110924011,0.04072271661384798,10.013221955080105,497.60440921398083,129.12926586472096,2.598449644050444
2025-03-26,1,1291.5,0.1452175455190352,73.58490566037736,4751,0.020122856167808192,0.4800294110924011,0.04072271661384798,10.013221955080105,497.60440921398083,128.9794639321633,2.595435201307926
2025-03-27,1,1255.0,0.10989263668040397,67.98732171156894,4751,0.020122856167808192,0.4800294110924011,0.04072271661384798,10.013221955080105,497.60440921398083,125.33428357325971,2.52208376123999
2025-03-28,1,1185.5,0.046780630805637005,55.71428571428571,4751,0.020122856167808192,0.4800294110924011,0.04072271661384798,10.013221955080105,497.60440921398083,118.39346069808717,2.38241458083666
2025-03-31,1,1129.5,-0.003382352941176404,51.87424425634825,4751,0.020122856167808192,0.4800294110924011,0.04072271661384798,10.013221955080105,497.60440921398083,112.80085521593375,2.269875385115991
2025-04-01,1,1156.5,0.019499638569086097,54.61801596351197,4751,0.020122856167808192,0.4800294110924011,0.04072271661384798,10.013221955080105,497.60440921398083,115.497290001972,2.3241353544813137
2025-04-02,1,1149.5,0.012370976643690001,53.75982042648708,4751,0.020122856167808192,0.4800294110924011,0.04072271661384798,10.013221955080105,497.60440921398083,114.79821431670283,2.31006795501623
2025-04-03,1,1137.0,0.0007452045791940454,51.87224669603524,4751,0.020122856167808192,0.4800294110924011,0.04072271661384798,10.013221955080105,497.60440921398083,113.54986487872215,2.284947598828581
2025-04-04,1,1110.0,-0.02331147271724721,49.63119072708114,4751,0.020122856167808192,0.4800294110924011,0.04072271661384798,10.013221955080105,497.60440921398083,110.8534300926839,2.230687629463258
2025-04-07,1,1030.0,-0.09320342763235114,44.142455482661674,4751,0.020122856167808192,0.4800294110924011,0.04072271661384798,10.013221955080105,497.60440921398083,102.86399368960758,2.069917349862303
2025-04-08,1,1066.5,-0.06060623854934932,47.02222222222222,4751,0.020122856167808192,0.4800294110924011,0.04072271661384798,10.013221955080105,497.60440921398083,106.50917404851114,2.1432687899302385
2025-04-09,1,1033.0,-0.08882420393402138,44.566133108677334,4751,0.020122856167808192,0.4800294110924011,0.04072271661384798,10.013221955080105,497.60440921398083,103.16359755472294,2.0759462353473386
2025-04-10,1,1114.5,-0.016687057384184713,48.59375,4751,0.020122856167808192,0.4800294110924011,0.04072271661384798,10.013221955080105,497.60440921398083,111.30283589035693,2.239730957690812
2025-04-11,1,1105.5,-0.024266103360419896,47.269890795631824,4751,0.020122856167808192,0.4800294110924011,0.04072271661384798,10.013221955080105,497.60440921398083,110.40402429501086,2.2216443012357043
2025-04-14,1,1100.0,-0.02882906214316833,45.8628841607565,4751,0.020122856167808192,0.4800294110924011,0.04072271661384798,10.013221955080105,497.60440921398083,109.85475054229936,2.210591344513139
2025-04-15,1,1087.0,-0.040001413061397484,43.23248407643312,4751,0.020122856167808192,0.4800294110924011,0.04072271661384798,10.013221955080105,497.60440921398083,108.55646712679945,2.1844661740779836
2025-04-16,1,1074.5,-0.05067764564522106,38.65336658354115,4751,0.020122856167808192,0.4800294110924011,0.04072271661384798,10.013221955080105,497.60440921398083,107.30811768881878,2.159345817890334
2025-04-17,1,1173.5,0.03597135004384597,47.697841726618705,4751,0.020122856167808192,0.4800294110924011,0.04072271661384798,10.013221955080105,497.60440921398083,117.19504523762572,2.358299038896517
2025-04-18,1,1184.0,0.04411626375693724,46.06824925816023,4751,0.020122856167808192,0.4800294110924011,0.04072271661384798,10.013221955080105,497.60440921398083,118.24365876552949,2.3794001380941423
2025-04-21,1,1189.0,0.04732487330510716,43.38006230529595,4751,0.020122856167808192,0.4800294110924011,0.04072271661384798,10.013221955080105,497.60440921398083,118.74299854072176,2.389448280569202
2025-04-22,1,1173.0,0.032213024832950944,40.610328638497656,4751,0.020122856167808192,0.4800294110924011,0.04072271661384798,10.013221955080105,497.60440921398083,117.14511126010649,2.357294224649011
2025-04-23,1,1168.5,0.027565910196807153,40.42056074766355,4751,0.020122856167808192,0.4800294110924011,0.04072271661384798,10.013221955080105,497.60440921398083,116.69570546243345,2.348250896421457
2025-04-24,1,1158.5,0.018025987416372763,42.160844841592194,4751,0.020122856167808192,0.4800294110924011,0.04072271661384798,10.013221955080105,497.60440921398083,115.69702591204891,2.3281546114713376
2025-04-25,1,1191.5,0.045364949201317235,50.5181347150259,4751,0.020122856167808192,0.4800294110924011,0.04072271661384798,10.013221955080105,497.60440921398083,118.99266842831788,2.3944723518067317
2025-04-28,1,1201.5,0.05252553567987109,56.754221388367725,4751,0.020122856167808192,0.4800294110924011,0.04072271661384798,10.013221955080105,497.60440921398083,119.99134797870244,2.4145686367568513
2025-04-30,0,1224.5,0.07087261469574796,56.42722117202268,4751,0.020122856167808192,0.4800294110924011,0.04072271661384798,10.013221955080105,497.60440921398083,122.28831094458687,2.4607900921421257
2025-05-01,0,1239.5,0.08209802175545193,58.37988826815642,4751,0.020122856167808192,0.4800294110924011,0.04072271661384798,10.013221955080105,497.60440921398083,123.78633027016367,2.490934519567305
2025-05-02,0,1228.0,0.07002817392314609,58.48880597014925,4751,0.020122856167808192,0.4800294110924011,0.04072271661384798,10.013221955080105,497.60440921398083,122.63784878722146,2.4678237918746677
2025-05-07,0,1248.5,0.08524953060893344,63.078375826251175,4751,0.020122856167808192,0.4800294110924011,0.04072271661384798,10.013221955080105,497.60440921398083,124.68514186550976,2.5090211760224124
2025-05-08,0,1253.5,0.08682458209058759,74.58745874587459,4751,0.020122856167808192,0.4800294110924011,0.04072271661384798,10.013221955080105,497.60440921398083,125.18448164070203,2.5190693184974724
2025-05-09,0,1263.5,0.0930498122739934,73.01401869158879,4751,0.020122856167808192,0.4800294110924011,0.04072271661384798,10.013221955080105,497.60440921398083,126.18316119108657,2.5391656034475916
2025-05-12,0,1254.5,0.08292186043299604,77.44733581164809,4751,0.020122856167808192,0.4800294110924011,0.04072271661384798,10.013221955080105,497.60440921398083,125.2843495957405,2.521078946992484
2025-05-13,0,1240.5,0.06892966290585721,68.75,4751,0.020122856167808192,0.4800294110924011,0.04072271661384798,10.013221955080105,497.60440921398083,123.88619822520214,2.492944148062317
2025-05-14,0,1231.0,0.0589490224865373,68.64784546805349,4751,0.020122856167808192,0.4800294110924011,0.04072271661384798,10.013221955080105,497.60440921398083,122.93745265233682,2.4738526773597034
2025-05-15,0,1226.5,0.05349504389204787,68.85245901639345,4751,0.020425261105807765,0.4763075045900073,0.04072271661384798,10.013221955080105,490.2371579589219,122.48804685466378,2.501850339346923
2025-05-16,0,1411.5,0.20789689874717607,81.9704433497537,4751,0.020425261105807765,0.4763075045900073,0.04072271661384798,10.013221955080105,490.2371579589219,140.96361853677777,2.8792187150331694
2025-05-19,0,1410.0,0.2025791484716157,83.7865055387714,4751,0.020425261105807765,0.4763075045900073,0.04072271661384798,10.013221955080105,490.2371579589219,140.81381660422008,2.8761589714465243
2025-05-20,0,1399.0,0.18945053450171737,77.60097919216646,4751,0.020425261105807765,0.4763075045900073,0.04072271661384798,10.013221955080105,490.2371579589219,139.71526909879708,2.8537208518111257
2025-05-21,0,1401.0,0.18779143704959728,77.125,4751,0.020425261105807765,0.4763075045900073,0.04072271661384798,10.013221955080105,490.2371579589219,139.915005008874,2.8578005099266526
2025-05-22,0,1391.0,0.1758970688518307,74.93827160493828,4751,0.020425261105807765,0.4763075045900073,0.04072271661384798,10.013221955080105,490.2371579589219,138.91632545848947,2.8374022193490176
2025-05-23,0,1417.5,0.19523424061519778,79.42238267148014,4751,0.020425261105807765,0.4763075045900073,0.04072271661384798,10.013221955080105,490.2371579589219,141.5628262670085,2.8914576893797506
2025-05-26,0,1481.5,0.24475575396714255,82.94736842105263,4751,0.020425261105807765,0.4763075045900073,0.04072271661384798,10.013221955080105,490.2371579589219,147.95437538946953,3.022006749076614
2025-05-27,0,1480.5,0.23908494908634406,84.54935622317596,4751,0.020425261105807765,0.4763075045900073,0.04072271661384798,10.013221955080105,490.2371579589219,147.85450743443107,3.01996692001885
2025-05-28,0,1475.5,0.2301642442264402,82.42009132420091,4751,0.020425261105807765,0.4763075045900073,0.04072271661384798,10.013221955080105,490.2371579589219,147.35516765923882,3.009767774730033
2025-05-29,0,1464.5,0.21682028670817366,79.95444191343964,4751,0.020425261105807765,0.4763075045900073,0.04072271661384798,10.013221955080105,490.2371579589219,146.25662015381582,2.9873296550946344
2025-05-30,0,1465.0,0.213404600722245,78.87154861944778,4751,0.020425261105807765,0.4763075045900073,0.04072271661384798,10.013221955080105,490.2371579589219,146.30655413133505,2.9883495696235163
2025-06-02,0,1482.5,0.2236627065575665,78.99761336515513,4751,0.020425261105807765,0.4763075045900073,0.04072271661384798,10.013221955080105,490.2371579589219,148.054243344508,3.0240465781343775
2025-06-03,0,1508.5,0.2405767701965514,82.3529411764706,4751,0.020425261105807765,0.4763075045900073,0.04072271661384798,10.013221955080105,490.2371579589219,150.6508101755078,3.077082133636228
2025-06-04,0,1527.5,0.25146106201457247,82.29166666666666,4751,0.020425261105807765,0.4763075045900073,0.04072271661384798,10.013221955080105,490.2371579589219,152.54830132123843,3.1158388857337345
2025-06-05,0,1505.5,0.22928064015677305,78.06236080178174,4751,0.020425261105807765,0.4763075045900073,0.04072271661384798,10.013221955080105,490.2371579589219,150.35120631039243,3.0709626464629376
2025-06-06,0,1500.0,0.22057068460453505,76.6029246344207,4751,0.020425261105807765,0.4763075045900073,0.04072271661384798,10.013221955080105,490.2371579589219,149.80193255768094,3.0597435866452383
2025-06-09,0,1501.0,0.21713229252259653,78.23596792668957,4751,0.020425261105807765,0.4763075045900073,0.04072271661384798,10.013221955080105,490.2371579589219,149.9018005127194,3.061783415703002
2025-06-10,0,1517.5,0.2257277632386676,81.5489749430524,4751,0.020425261105807765,0.4763075045900073,0.04072271661384798,10.013221955080105,490.2371579589219,151.5496217708539,3.0954405951560995
2025-06-11,0,1500.0,0.20749613601236475,80.08948545861297,4751,0.020425261105807765,0.4763075045900073,0.04072271661384798,10.013221955080105,490.2371579589219,149.80193255768094,3.0597435866452383
2025-06-12,0,1485.5,0.19174323702760812,78.33698030634574,4751,0.020425261105807765,0.4763075045900073,0.04072271661384798,10.013221955080105,490.2371579589219,148.35384720962335,3.0301660653076676
2025-06-13,0,1465.5,0.17189998933788253,59.24657534246575,4751,0.020425261105807765,0.4763075045900073,0.04072271661384798,10.013221955080105,490.2371579589219,146.35648810885428,2.989369484152398
2025-06-16,0,1508.0,0.20135112168592795,64.71471471471472,4751,0.020425261105807765,0.4763075045900073,0.04072271661384798,10.013221955080105,490.2371579589219,150.60087619798855,3.0760622191073463
2025-06-17,0,1509.5,0.19786376333164035,67.07882534775888,4751,0.020425261105807765,0.4763075045900073,0.04072271661384798,10.013221955080105,490.2371579589219,150.75067813054625,3.079121962693992
2025-06-18,0,1540.5,0.2173246515156304,69.7872340425532,4751,0.020425261105807765,0.4763075045900073,0.04072271661384798,10.013221955080105,490.2371579589219,153.84658473673832,3.14235666348466
2025-06-19,0,1550.5,0.21961771415086923,72.62411347517731,4751,0.020425261105807765,0.4763075045900073,0.04072271661384798,10.013221955080105,490.2371579589219,154.84526428712286,3.162754954062295
2025-06-20,0,1547.5,0.2117739796823939,69.75683890577508,4751,0.020425261105807765,0.4763075045900073,0.04072271661384798,10.013221955080105,490.2371579589219,154.5456604220075,3.1566354668890044
2025-06-23,0,1569.0,0.2228260869565218,65.27050610820245,4751,0.020425261105807765,0.4763075045900073,0.04072271661384798,10.013221955080105,490.2371579589219,156.69282145533427,3.2004917916309195
2025-06-24,0,1584.0,0.22859270290394643,67.22129783693843,4751,0.020425261105807765,0.4763075045900073,0.04072271661384798,10.013221955080105,490.2371579589219,158.19084078091106,3.231089227497372
2025-06-25,0,1625.5,0.2541406057114642,72.25519287833828,4751,0.020425261105807765,0.4763075045900073,0.04072271661384798,10.013221955080105,490.2371579589219,162.3353609150069,3.315742133394557
2025-06-26,0,1643.5,0.2608813510776501,76.01744186046511,4751,0.020425261105807765,0.4763075045900073,0.04072271661384798,10.013221955080105,490.2371579589219,164.13298410569908,3.3524590564342995
2025-06-27,0,1629.5,0.24340589183882144,73.00699300699301,4751,0.020425261105807765,0.4763075045900073,0.04072271661384798,10.013221955080105,490.2371579589219,162.73483273516072,3.3239014496256107
2025-06-30,0,1650.0,0.2520108052326463,73.23162274618585,4751,0.020425261105807765,0.4763075045900073,0.04072271661384798,10.013221955080105,490.2371579589219,164.78212581344903,3.365717945309762
2025-07-01,0,1650.5,0.2458609688100726,71.19402985074626,4751,0.020425261105807765,0.4763075045900073,0.04072271661384798,10.013221955080105,490.2371579589219,164.83205979096826,3.366737859838644
2025-07-02,0,1584.5,0.1907207198180415,57.460732984293195,4751,0.020425261105807765,0.4763075045900073,0.04072271661384798,10.013221955080105,490.2371579589219,158.2407747584303,3.2321091420262538
2025-07-03,0,1564.0,0.17048930045053357,57.68725361366622,4751,0.020425261105807765,0.4763075045900073,0.04072271661384798,10.013221955080105,490.2371579589219,156.19348168014199,3.190292646342102
2025-07-04,0,1545.0,0.1519821051323474,55.710659898477154,4751,0.020425261105807765,0.4763075045900073,0.04072271661384798,10.013221955080105,490.2371579589219,154.29599053441137,3.1515358942445957
2025-07-07,0,1541.5,0.14560831566222088,55.10718789407314,4751,0.020425261105807765,0.4763075045900073,0.04072271661384798,10.013221955080105,490.2371579589219,153.94645269177678,3.1443964925424233
2025-07-08,0,1528.5,0.1323228731442794,51.399491094147585,4751,0.020425261105807765,0.4763075045900073,0.04072271661384798,10.013221955080105,490.2371579589219,152.6481692762769,3.117878714791498
2025-07-09,0,1534.5,0.13343707066777633,54.52162516382699,4751,0.020425261105807765,0.4763075045900073,0.04072271661384798,10.013221955080105,490.2371579589219,153.2473770065076,3.130117689138079
2025-07-10,0,1520.0,0.12001336156290979,54.52162516382699,4751,0.020425261105807765,0.4763075045900073,0.04072271661384798,10.013221955080105,490.2371579589219,151.79929165845002,3.1005401678005082
2025-07-11,0,1493.5,0.09832328283571116,53.60824742268042,4751,0.020425261105807765,0.4763075045900073,0.04072271661384798,10.013221955080105,490.2371579589219,149.152790849931,3.0464846977697757
2025-07-14,0,1487.5,0.09181256789422684,47.083926031294446,4751,0.020425261105807765,0.4763075045900073,0.04072271661384798,10.013221955080105,490.2371579589219,148.55358311970025,3.034245723423195
2025-07-15,0,1476.5,0.08139449720465818,45.42936288088642,4751,0.020425261105807765,0.4763075045900073,0.04072271661384798,10.013221955080105,490.2371579589219,147.45503561427728,3.0118076037877963
2025-07-16,0,1502.5,0.09704097079911805,44.66292134831461,4751,0.020425261105807765,0.4763075045900073,0.04072271661384798,10.013221955080105,490.2371579589219,150.05160244527707,3.064843159289647
2025-07-17,0,1578.5,0.14751595690545086,53.317535545023695,4751,0.020425261105807765,0.4763075045900073,0.04072271661384798,10.013221955080105,490.2371579589219,157.64156702819957,3.2198701676796726
2025-07-18,0,1543.0,0.1175220897107817,49.504950495049506,4751,0.020425261105807765,0.4763075045900073,0.04072271661384798,10.013221955080105,490.2371579589219,154.09625462433445,3.1474562361290688
2025-07-22,0,1562.5,0.1271496999076639,49.2817679558011,4751,0.020425261105807765,0.4763075045900073,0.04072271661384798,10.013221955080105,490.2371579589219,156.04367974758432,3.187232902755457
2025-07-23,0,1586.0,0.13918231705565184,50.2169197396963,4751,0.020425261105807765,0.4763075045900073,0.04072271661384798,10.013221955080105,490.2371579589219,158.39057669098798,3.235168885612899
2025-07-24,0,1594.0,0.1396459518975033,46.31578947368421,4751,0.020425261105807765,0.4763075045900073,0.04072271661384798,10.013221955080105,490.2371579589219,159.1895203312956,3.251487518075007
2025-07-25,0,1573.0,0.11884033230909292,41.81184668989547,4751,0.020425261105807765,0.4763075045900073,0.04072271661384798,10.013221955080105,490.2371579589219,157.0922932754881,3.2086511078619733
2023-10-12,1,28045.0,,49.59183673469387,3697,0.21121665934214529,0.5975959595959596,0.13140170144134117,350.5560251704612,1659.6987484903032,80.00147761363637,16.897644843987695
2023-10-13,1,27420.0,,49.365159979685124,3697,0.21121665934214529,0.5975959595959596,0.13140170144134117,350.5560251704612,1659.6987484903032,78.21859569142126,16.521070480375915
2023-10-16,0,28705.0,,54.846014492753625,3697,0.21121665934214529,0.5975959595959596,0.13140170144134117,350.5560251704612,1659.6987484903032,81.88420092349553,17.29530737196173
2023-10-17,0,29270.0,,56.310254163014896,3697,0.21121665934214529,0.5975959595959596,0.13140170144134117,350.5560251704612,1659.6987484903032,83.49592618117798,17.63573059666678
2023-10-18,0,28315.0,,55.57958477508651,3697,0.21121665934214529,0.5975959595959596,0.13140170144134117,350.5560251704612,1659.6987484903032,80.77168260403329,17.06032496906798
2023-10-19,0,27965.0,,57.57168458781362,3697,0.21121665934214529,0.5975959595959596,0.13140170144134117,350.5560251704612,1659.6987484903032,79.77326872759284,16.849443325445385
2023-10-20,1,26420.0,,50.19825535289453,3697,0.21121665934214529,0.5975959595959596,0.13140170144134117,350.5560251704612,1659.6987484903032,75.36598461587708,15.918551498597072
2023-10-23,1,26310.0,,49.36608557844691,3697,0.21121665934214529,0.5975959595959596,0.13140170144134117,350.5560251704612,1659.6987484903032,75.05219739756723,15.8522744106014
2023-10-24,1,26595.0,,47.665847665847664,3697,0.21113665562242206,0.5971734302442964,0.13137566738611836,350.3877044157379,1659.5304277355797,75.90163600160128,16.025617581648522
2023-10-25,1,25665.0,,46.897663174858984,3697,0.21113665562242206,0.5971734302442964,0.13137566738611836,350.3877044157379,1659.5304277355797,73.24743327622097,15.465218094867808
2023-10-26,1,25050.0,,44.55559830704117,3697,0.21113665562242206,0.5971734302442964,0.13137566738611836,350.3877044157379,1659.5304277355797,71.4922346997598,15.09463133748056
2023-10-27,1,25950.0,,46.45113340765514,3697,0.21113665562242206,0.5971734302442964,0.13137566738611836,350.3877044157379,1659.5304277355797,74.0608179823859,15.636953421461898
2023-10-30,1,26180.0,,45.74548192771085,3697,0.21113665562242206,0.5971734302442964,0.13137566738611836,350.3877044157379,1659.5304277355797,74.71723371016813,15.775546842923795
2023-10-31,0,27150.0,,52.30141054194507,3697,0.21113665562242206,0.5971734302442964,0.13137566738611836,350.3877044157379,1659.5304277355797,77.48559569255404,16.360049533437014
2023-11-01,0,27030.0,,51.935127165499445,3697,0.21113665562242206,0.5971734302442964,0.13137566738611836,350.3877044157379,1659.5304277355797,77.14311792153723,16.287739922239503
2023-11-02,0,27965.0,,58.03636363636363,3697,0.21113665562242206,0.5971734302442964,0.13137566738611836,350.3877044157379,1659.5304277355797,79.81159055404324,16.851152309486782
2023-11-06,0,30150.0,,61.863846662260414,3697,0.21113665562242206,0.5971734302442964,0.13137566738611836,350.3877044157379,1659.5304277355797,86.04753996797437,18.167789813374807
2023-11-07,0,31210.0,,66.45408163265306,3697,0.21113665562242206,0.5971734302442964,0.13137566738611836,350.3877044157379,1659.5304277355797,89.0727602786229,18.80652471228616
2023-11-08,0,31730.0,,65.64337034617897,3697,0.21113665562242206,0.5971734302442964,0.13137566738611836,350.3877044157379,1659.5304277355797,90.55683061969576,19.11986636080871
2023-11-09,0,32470.0,,67.26932668329178,3697,0.21113665562242206,0.5971734302442964,0.13137566738611836,350.3877044157379,1659.5304277355797,92.66877687429944,19.56577562986003
2023-11-10,0,32720.0,,65.40362438220757,3697,0.21113665562242206,0.5971734302442964,0.13137566738611836,350.3877044157379,1659.5304277355797,93.38227223058446,19.71642065318818
2023-11-13,0,32530.0,,67.33378561736771,3697,0.21113665562242206,0.5971734302442964,0.13137566738611836,350.3877044157379,1659.5304277355797,92.84001575980784,19.601930435458787
2023-11-14,0,32270.0,,62.99671892088954,3697,0.21113665562242206,0.5971734302442964,0.13137566738611836,350.3877044157379,1659.5304277355797,92.09798058927142,19.445259611197514
2023-11-15,0,33370.0,,64.3859649122807,3697,0.21113665562242206,0.5971734302442964,0.13137566738611836,350.3877044157379,1659.5304277355797,95.23736015692553,20.10809771384137
2023-11-16,0,33280.0,,68.54688083675757,3697,0.21113665562242206,0.5971734302442964,0.13137566738611836,350.3877044157379,1659.5304277355797,94.98050182866292,20.053865505443238
2023-11-17,0,33330.0,0.14740328144256784,70.50057317539168,3697,0.21113665562242206,0.5971734302442964,0.13137566738611836,350.3877044157379,1659.5304277355797,95.12320089991994,20.083994510108866
2023-11-20,0,33610.0,0.15715928470272839,80.414551607445,3697,0.21113665562242206,0.5971734302442964,0.13137566738611836,350.3877044157379,1659.5304277355797,95.92231569895917,20.252716936236393
2023-11-21,0,34300.0,0.17986456209710885,82.21774193548387,3697,0.21113665562242206,0.5971734302442964,0.13137566738611836,350.3877044157379,1659.5304277355797,97.89156288230583,20.668497200622085
2023-11-22,0,34340.0,0.1798930285295432,81.8593171534348,3697,0.21113665562242206,0.5971734302442964,0.13137566738611836,350.3877044157379,1659.5304277355797,98.00572213931144,20.69260040435459
2023-11-24,0,33880.0,0.16351214910905007,85.15190415062045,3697,0.21113665562242206,0.5971734302442964,0.13137566738611836,350.3877044157379,1659.5304277355797,96.692890683747,20.415413561430793
2023-11-27,0,33110.0,0.13688128500891605,84.03716216216216,3697,0.21113665562242206,0.5971734302442964,0.13137566738611836,350.3877044157379,1659.5304277355797,94.49532498638911,19.951426889580095
2023-11-28,0,32860.0,0.12792020119039174,80.87578194816801,3697,0.21113665562242206,0.5971734302442964,0.13137566738611836,350.3877044157379,1659.5304277355797,93.78182963010408,19.800781866251945
2023-11-29,0,34010.0,0.1663317306703064,82.32865400495459,3697,0.21113665562242206,0.5971734302442964,0.13137566738611836,350.3877044157379,1659.5304277355797,97.06390826901522,20.49374897356143
2023-11-30,0,34440.0,0.17920167635639006,81.5038893690579,3697,0.21113665562242206,0.5971734302442964,0.13137566738611836,350.3877044157379,1659.5304277355797,98.29112028182546,20.75285841368585
2023-12-01,0,33760.0,0.15453801380247453,77.74113767518548,3697,0.21113665562242206,0.5971734302442964,0.13137566738611836,350.3877044157379,1659.5304277355797,96.35041291273018,20.34310395023328
2023-12-04,0,34680.0,0.18433184969321667,77.71357820883203,3697,0.21113665562242206,0.5971734302442964,0.13137566738611836,350.3877044157379,1659.5304277355797,98.97607582385908,20.897477636080872
2023-12-05,0,33400.0,0.13930181947182785,64.49598572702943,3697,0.21113665562242206,0.5971734302442964,0.13137566738611836,350.3877044157379,1659.5304277355797,95.32297959967974,20.12617511664075
2023-12-06,0,33810.0,0.15132363056847667,62.31060606060606,3697,0.21113665562242206,0.5971734302442964,0.13137566738611836,350.3877044157379,1659.5304277355797,96.49311198398719,20.373232954898914
2023-12-07,0,33120.0,0.1262318160488034,56.47716682199441,3697,0.21113665562242206,0.5971734302442964,0.13137566738611836,350.3877044157379,1659.5304277355797,94.52386480064051,19.95745269051322
2023-12-08,0,32950.0,0.11891642254630734,52.362204724409445,3697,0.21113665562242206,0.5971734302442964,0.13137566738611836,350.3877044157379,1659.5304277355797,94.0386879583667,19.85501407465008
2023-12-11,0,33240.0,0.12710824172470614,52.54901960784314,3697,0.21113665562242206,0.5971734302442964,0.13137566738611836,350.3877044157379,1659.5304277355797,94.86634257165733,20.029762301710733
2023-12-12,0,32710.0,0.10777212834939355,50.853889943073995,3697,0.21113665562242206,0.5971734302442964,0.13137566738611836,350.3877044157379,1659.5304277355797,93.35373241633306,19.710394852255057
2023-12-13,0,33680.0,0.13867389119037854,56.266666666666666,3697,0.21113665562242206,0.5971734302442964,0.13137566738611836,350.3877044157379,1659.5304277355797,96.12209439871897,20.294897542768275
2023-12-14,0,33630.0,0.13507748318591237,51.27450980392156,3697,0.21113665562242206,0.5971734302442964,0.13137566738611836,350.3877044157379,1659.5304277355797,95.97939532746197,20.264768538102643
2023-12-15,0,34290.0,0.15510550569973325,54.68895078922934,3697,0.21113665562242206,0.5971734302442964,0.13137566738611836,350.3877044157379,1659.5304277355797,97.86302306805445,20.662471399688958
2023-12-18,0,34480.0,0.15924097957207606,55.27039413382218,3697,0.21113665562242206,0.5971734302442964,0.13137566738611836,350.3877044157379,1659.5304277355797,98.40527953883107,20.77696161741835
2023-12-19,0,35740.0,0.19835569772198414,58.95710681244743,3697,0.21113665562242206,0.5971734302442964,0.13137566738611836,350.3877044157379,1659.5304277355797,102.0012961345076,21.536212534992224
2023-12-20,0,35280.0,0.18014624714831448,54.2024013722127,3697,0.21113665562242206,0.5971734302442964,0.13137566738611836,350.3877044157379,1659.5304277355797,100.68846467894315,21.25902569206843
2023-12-21,0,35220.0,0.17534511718967258,53.76712328767123,3697,0.21113665562242206,0.5971734302442964,0.13137566738611836,350.3877044157379,1659.5304277355797,100.51722579343475,21.222870886469675
2023-12-22,0,34830.0,0.1593588631204273,54.091300602928506,3697,0.21113665562242206,0.5971734302442964,0.13137566738611836,350.3877044157379,1659.5304277355797,99.4041730376301,20.98786465007776
2023-12-25,0,34720.0,0.15297764002656636,57.35159817351598,3697,0.21113665562242206,0.5971734302442964,0.13137566738611836,350.3877044157379,1659.5304277355797,99.09023508086469,20.921580839813377
2023-12-26,0,35460.0,0.1744184762808977,61.36363636363636,3697,0.21113665562242206,0.5971734302442964,0.13137566738611836,350.3877044157379,1659.5304277355797,101.20218133546837,21.367490108864697
2023-12-27,0,36000.0,0.18848228611170412,59.18744228993537,3697,0.21113665562242206,0.5971734302442964,0.13137566738611836,350.3877044157379,1659.5304277355797,102.74333130504404,21.6928833592535
2023-12-28,0,35680.0,0.17423527708178838,55.78358208955224,3697,0.21113665562242206,0.5971734302442964,0.13137566738611836,350.3877044157379,1659.5304277355797,101.8300572489992,21.50005772939347
2023-12-29,0,35820.0,0.17469840006646345,60.117878192534384,3697,0.21113665562242206,0.5971734302442964,0.13137566738611836,350.3877044157379,1659.5304277355797,102.2296146485188,21.584418942457233
2024-01-04,0,34800.0,0.1379267497803714,50.583657587548636,3697,0.21113665562242206,0.5971734302442964,0.13137566738611836,350.3877044157379,1659.5304277355797,99.3185535948759,20.969787247278383
2024-01-05,0,33760.0,0.10093657874827167,51.79282868525896,3697,0.21113665562242206,0.5971734302442964,0.13137566738611836,350.3877044157379,1659.5304277355797,96.35041291273018,20.34310395023328
2024-01-09,0,34150.0,0.1105089155059346,51.69660678642715,3697,0.21113665562242206,0.5971734302442964,0.13137566738611836,350.3877044157379,1659.5304277355797,97.46346566853482,20.578110186625196
2024-01-10,0,35190.0,0.1406881081887079,59.98071359691418,3697,0.21113665562242206,0.5971734302442964,0.13137566738611836,350.3877044157379,1659.5304277355797,100.43160635068054,21.204793483670297
2024-01-11,0,35210.0,0.13731308572216094,61.05675146771037,3697,0.21113665562242206,0.5971734302442964,0.13137566738611836,350.3877044157379,1659.5304277355797,100.48868597918334,21.216845085536548
2024-01-12,0,35090.0,0.12915024659603086,59.20398009950249,3697,0.035701476965211434,0.5734397786336611,0.07238862521437403,61.42501318534187,1720.5174241165485,571.2656486392694,20.39502739591145
2024-01-15,0,28090.0,-0.09676714020206181,36.016949152542374,3697,0.035701476965211434,0.5734397786336611,0.07238862521437403,61.42501318534187,1720.5174241165485,457.3055591415525,16.326483885755273
2024-01-16,0,26640.0,-0.14345426290123792,29.294117647058826,3697,0.035701476965211434,0.5734397786336611,0.07238862521437403,61.42501318534187,1720.5174241165485,433.6995406027398,15.483714158651495
2024-01-17,0,25930.0,-0.16584097898678474,28.199320498301248,3697,0.035701476965211434,0.5734397786336611,0.07238862521437403,61.42501318534187,1720.5174241165485,422.1407315251142,15.071047602621368
2024-01-18,0,25450.0,-0.18093636084714887,24.713958810068647,3697,0.035701476965211434,0.5734397786336611,0.07238862521437403,61.42501318534187,1720.5174241165485,414.3263253881279,14.792061761924945
2024-01-19,0,25585.0,-0.17628057221965848,24.47632711621233,3697,0.035701476965211434,0.5734397786336611,0.07238862521437403,61.42501318534187,1720.5174241165485,416.52412711415525,14.870526529620815
2024-01-22,0,28020.0,-0.09831634229224592,29.24731182795699,3697,0.035701476965211434,0.5734397786336611,0.07238862521437403,61.42501318534187,1720.5174241165485,456.16595824657537,16.28579845065371
2024-01-23,0,27415.0,-0.11782498728947179,29.02107228594292,3697,0.035701476965211434,0.5734397786336611,0.07238862521437403,61.42501318534187,1720.5174241165485,446.3165505114155,15.934160047275927
2024-01-24,0,27465.0,-0.11657045563713714,29.30344275420336,3697,0.035701476965211434,0.5734397786336611,0.07238862521437403,61.42501318534187,1720.5174241165485,447.13055115068494,15.963221072348473
2024-01-25,0,26740.0,-0.1399772290156374,28.788673308862087,3697,0.035701476965211434,0.5734397786336611,0.07238862521437403,61.42501318534187,1720.5174241165485,435.3275418812786,15.541836208796584
2024-01-26,0,26600.0,-0.14478986265196592,28.7434554973822,3697,0.035701476965211434,0.5734397786336611,0.07238862521437403,61.42501318534187,1720.5174241165485,433.04834009132423,15.46046533859346
2024-01-29,0,26230.0,-0.15656632782119934,25.36038441003737,3697,0.035701476965211434,0.5734397786336611,0.07238862521437403,61.42501318534187,1720.5174241165485,427.02473536073063,15.245413753056633
2024-01-30,0,26885.0,-0.13581397740933843,25.815866277527192,3697,0.035701476965211434,0.5734397786336611,0.07238862521437403,61.42501318534187,1720.5174241165485,437.6881437351598,15.62611318150696
2024-01-31,0,26865.0,-0.13642909493011715,26.23348611485575,3697,0.035701476965211434,0.5734397786336611,0.07238862521437403,61.42501318534187,1720.5174241165485,437.3625434794521,15.614488771477943
2024-02-01,0,26455.0,-0.14943531464409493,25.11294180175392,3697,0.035701476965211434,0.5734397786336611,0.07238862521437403,61.42501318534187,1720.5174241165485,430.68773823744294,15.376188365883081
2024-02-02,0,27555.0,-0.11388266569477641,30.82826144482668,3697,0.035701476965211434,0.5734397786336611,0.07238862521437403,61.42501318534187,1720.5174241165485,448.5957523013699,16.01553091747905
2024-02-05,0,28005.0,-0.09963734723359387,34.280251297459714,3697,0.035701476965211434,0.5734397786336611,0.07238862521437403,61.42501318534187,1720.5174241165485,455.92175805479457,16.277080143131947
2024-02-06,0,27470.0,-0.1163698358405799,31.897018970189706,3697,0.035701476965211434,0.5734397786336611,0.07238862521437403,61.42501318534187,1720.5174241165485,447.2119512146119,15.966127174855727
2024-02-07,0,27485.0,-0.1152099545452594,27.8909612625538,3697,0.035701476965211434,0.5734397786336611,0.07238862521437403,61.42501318534187,1720.5174241165485,447.45615140639273,15.97484548237749
2024-02-08,0,26850.0,-0.13510785650628668,26.829268292682926,3697,0.035701476965211434,0.5734397786336611,0.07238862521437403,61.42501318534187,1720.5174241165485,437.1183432876713,15.60577046395618
2024-02-09,0,27370.0,-0.11813225760719676,29.067245119305866,3697,0.035701476965211434,0.5734397786336611,0.07238862521437403,61.42501318534187,1720.5174241165485,445.5839499360731,15.90800512471064
2024-02-13,0,27265.0,-0.12183416896599855,46.427024686011265,3697,0.035701476965211434,0.5734397786336611,0.07238862521437403,61.42501318534187,1720.5174241165485,443.87454859360736,15.846976972058297
2024-02-14,0,27040.0,-0.1293540347872005,51.93798449612403,3697,0.035701476965211434,0.5734397786336611,0.07238862521437403,61.42501318534187,1720.5174241165485,440.211545716895,15.716202359231847
2024-02-15,0,26865.0,-0.1350890183831815,54.77772100153295,3697,0.035701476965211434,0.5734397786336611,0.07238862521437403,61.42501318534187,1720.5174241165485,437.3625434794521,15.614488771477943
2024-02-16,0,27085.0,-0.1285373842500735,58.58267716535433,3697,0.035701476965211434,0.5734397786336611,0.07238862521437403,61.42501318534187,1720.5174241165485,440.94414629223746,15.742357281797137
2024-02-19,0,26900.0,-0.13517614757945767,56.866840731070496,3697,0.035701476965211434,0.5734397786336611,0.07238862521437403,61.42501318534187,1720.5174241165485,437.9323439269407,15.634831489028723
2024-02-20,0,26635.0,-0.14394715302567357,40.64821066846725,3697,0.035701476965211434,0.5734397786336611,0.07238862521437403,61.42501318534187,1720.5174241165485,433.61814053881284,15.480808056144241
2024-02-21,0,26220.0,-0.1572997595958124,41.71864171864172,3697,0.035701476965211434,0.5734397786336611,0.07238862521437403,61.42501318534187,1720.5174241165485,426.86193523287676,15.239601548042124
2024-02-22,0,26005.0,-0.16379947908292872,40.108401084010836,3697,0.035701476965211434,0.5734397786336611,0.07238862521437403,61.42501318534187,1720.5174241165485,423.36173248401826,15.114639140230185
2024-02-26,0,26270.0,-0.155002969980679,46.604046242774565,3697,0.035701476965211434,0.5734397786336611,0.07238862521437403,61.42501318534187,1720.5174241165485,427.67593587214617,15.268662573114668
2024-02-27,0,27660.0,-0.11017603458925261,56.487148102815176,3697,0.035701476965211434,0.5734397786336611,0.07238862521437403,61.42501318534187,1720.5174241165485,450.30515364383564,16.076559070131395
2024-02-28,0,28160.0,-0.09331707714961555,61.62650602409638,3697,0.035701476965211434,0.5734397786336611,0.07238862521437403,61.42501318534187,1720.5174241165485,458.4451600365297,16.367169320856835
2024-02-29,0,27580.0,-0.1106056566942134,54.22492401215805,3697,0.035701476965211434,0.5734397786336611,0.07238862521437403,61.42501318534187,1720.5174241165485,449.0027526210046,16.030061430015323
2024-03-01,0,27780.0,-0.10263202098380993,55.44318857822724,3697,0.035701476965211434,0.5734397786336611,0.07238862521437403,61.42501318534187,1720.5174241165485,452.2587551780822,16.1463055303055
2024-03-04,0,27150.0,-0.12096854265326121,54.02898550724638,3697,0.035701476965211434,0.5734397786336611,0.07238862521437403,61.42501318534187,1720.5174241165485,442.0023471232877,15.780136614391445
2024-03-05,0,26560.0,-0.1377780471019041,43.86937769562538,3697,0.035701476965211434,0.5734397786336611,0.07238862521437403,61.42501318534187,1720.5174241165485,432.3971395799087,15.437216518535424
2024-03-06,0,27055.0,-0.11962244585838036,44.17892156862745,3697,0.035701476965211434,0.5734397786336611,0.07238862521437403,61.42501318534187,1720.5174241165485,440.45574590867585,15.724920666753611
2024-03-07,0,26655.0,-0.13052035037969398,44.92211838006231,3697,0.035701476965211434,0.5734397786336611,0.07238862521437403,61.42501318534187,1720.5174241165485,433.9437407945206,15.492432466173257
2024-03-08,0,26250.0,-0.1410715064787749,42.661913250148544,3697,0.035701476965211434,0.5734397786336611,0.07238862521437403,61.42501318534187,1720.5174241165485,427.3503356164384,15.257038163085651
2024-03-11,0,26105.0,-0.14313380089062008,45.299684542586746,3697,0.035701476965211434,0.5734397786336611,0.07238862521437403,61.42501318534187,1720.5174241165485,424.9897337625571,15.172761190375272
2024-03-12,0,25960.0,-0.14513590231629975,40.66225165562914,3697,0.035701476965211434,0.5734397786336611,0.07238862521437403,61.42501318534187,1720.5174241165485,422.62913190867584,15.088484217664895
2024-03-13,0,25745.0,-0.14927809524648739,40.07832898172324,3697,0.035701476965211434,0.5734397786336611,0.07238862521437403,61.42501318534187,1720.5174241165485,419.1289291598174,14.963521809852955
2024-03-14,0,25560.0,-0.15212631858289657,40.28871391076115,3697,0.035701476965211434,0.5734397786336611,0.07238862521437403,61.42501318534187,1720.5174241165485,416.1171267945206,14.855996017084543
2024-03-15,0,24540.0,-0.1824178753081758,36.26698168930892,3697,0.035701476965211434,0.5734397786336611,0.07238862521437403,61.42501318534187,1720.5174241165485,399.5115137534247,14.263151105604642
2024-03-18,0,25425.0,-0.1497394875362008,40.90909090909091,3697,0.035701476965211434,0.5734397786336611,0.07238862521437403,61.42501318534187,1720.5174241165485,413.91932506849315,14.777531249388673
2024-03-19,0,24900.0,-0.16423694945367728,39.4403379091869,3697,0.035701476965211434,0.5734397786336611,0.07238862521437403,61.42501318534187,1720.5174241165485,405.3723183561644,14.47239048612696
2024-03-21,0,25150.0,-0.15292294910801493,42.147012162876784,3697,0.035701476965211434,0.5734397786336611,0.07238862521437403,61.42501318534187,1720.5174241165485,409.44232155251143,14.617695611489681
2024-03-22,0,24805.0,-0.16107496042965946,42.46137453383058,3697,0.035701476965211434,0.5734397786336611,0.07238862521437403,61.42501318534187,1720.5174241165485,403.82571714155256,14.417174538489126
2024-03-25,0,24015.0,-0.18395710295426893,40.010040160642575,3697,0.035701476965211434,0.5734397786336611,0.07238862521437403,61.42501318534187,1720.5174241165485,390.9645070410959,13.958010342342929
2024-03-26,0,24375.0,-0.16818715419336053,40.57682744903033,3697,0.035701476965211434,0.5734397786336611,0.07238862521437403,61.42501318534187,1720.5174241165485,396.8253116438356,14.167249722865247
2024-03-27,0,24410.0,-0.16308188837434684,31.321839080459768,3697,0.035701476965211434,0.5734397786336611,0.07238862521437403,61.42501318534187,1720.5174241165485,397.3951120913242,14.187592440416028
2024-03-28,0,24040.0,-0.17222571655502655,25.96266044340723,3697,0.035701476965211434,0.5734397786336611,0.07238862521437403,61.42501318534187,1720.5174241165485,391.3715073607306,13.972540854879202
2024-03-29,0,23715.0,-0.17961425899489636,26.75886951292844,3697,0.035701476965211434,0.5734397786336611,0.07238862521437403,61.42501318534187,1720.5174241165485,386.0805032054795,13.783644191907666
2024-04-01,0,23355.0,-0.18841247851288304,23.893805309734518,3697,0.035701476965211434,0.5734397786336611,0.07238862521437403,61.42501318534187,1720.5174241165485,380.21969860273975,13.574404811385348
2024-04-02,0,22385.0,-0.21829348071546137,22.97220646625071,3697,0.035701476965211434,0.5734397786336611,0.07238862521437403,61.42501318534187,1720.5174241165485,364.42808620091324,13.010620924977992
2024-04-03,0,22190.0,-0.2210955910055671,24.049881235154388,3697,0.035701476965211434,0.5734397786336611,0.07238862521437403,61.42501318534187,1720.5174241165485,361.2534837077626,12.89728292719507
2024-04-04,0,22000.0,-0.2238745593136229,18.853974121996302,3697,0.035701476965211434,0.5734397786336611,0.07238862521437403,61.42501318534187,1720.5174241165485,358.16028127853883,12.786851031919403
2024-04-05,0,21465.0,-0.23837245059681225,18.545454545454547,3697,0.035701476965211434,0.5734397786336611,0.07238862521437403,61.42501318534187,1720.5174241165485,349.4504744383562,12.47589806364318
2024-04-08,0,21520.0,-0.2320210123618922,20.063291139240505,3697,0.035701476965211434,0.5734397786336611,0.07238862521437403,61.42501318534187,1720.5174241165485,350.34587514155254,12.50786519122298
2024-04-09,0,21420.0,-0.23087971274685817,20.178230426479956,3697,0.035701476965211434,0.5734397786336611,0.07238862521437403,61.42501318534187,1720.5174241165485,348.7178738630137,12.44974314107789
2024-04-10,0,21355.0,-0.22836495031616982,20.38585209003216,3697,0.035701476965211434,0.5734397786336611,0.07238862521437403,61.42501318534187,1720.5174241165485,347.6596730319635,12.411963808483584
2024-04-11,0,20770.0,-0.24405104202304612,19.45979128299571,3697,0.09176093456215516,0.5212480519271863,0.08957078673167002,166.9950285181735,1819.8924118962389,124.37496004702722,11.412762570045928
2024-04-12,0,18615.0,-0.3169609440359297,15.66979733069698,3697,0.09176093456215516,0.5212480519271863,0.08957078673167002,166.9950285181735,1819.8924118962389,111.47038426939872,10.228626636562588
2024-04-15,0,16950.0,-0.37244535276346186,14.730483271375462,3697,0.09176093456215516,0.5212480519271863,0.08957078673167002,166.9950285181735,1819.8924118962389,101.50002757809875,9.313737388650864
2024-04-16,0,17490.0,-0.34686164968780814,11.90590494479116,3697,0.09176093456215516,0.5212480519271863,0.08957078673167002,166.9950285181735,1819.8924118962389,104.73365677527713,9.610458225811424
2024-04-17,0,16660.0,-0.37221150367780054,11.56716417910448,3697,0.09176093456215516,0.5212480519271863,0.08957078673167002,166.9950285181735,1819.8924118962389,99.76344893516963,9.154387309435009
2024-04-18,0,16350.0,-0.3779201607134704,9.183673469387756,3697,0.09176093456215516,0.5212480519271863,0.08957078673167002,166.9950285181735,1819.8924118962389,97.90710624790057,8.984047569583577
2024-04-19,0,15350.0,-0.4097848822902141,8.657630083078274,3697,0.09176093456215516,0.5212480519271863,0.08957078673167002,166.9950285181735,1819.8924118962389,91.91890403090359,8.434564537804766
2024-04-22,0,16595.0,-0.35560905525569836,18.7973086627418,3697,0.09176093456215516,0.5212480519271863,0.08957078673167002,166.9950285181735,1819.8924118962389,99.37421579106483,9.118670912369387
2024-04-23,0,16005.0,-0.3720771476099306,15.470297029702976,3697,0.09176093456215516,0.5212480519271863,0.08957078673167002,166.9950285181735,1819.8924118962389,95.84117648303662,8.794475923619888
2024-04-24,0,15805.0,-0.37370057564333886,14.977614977614977,3697,0.09176093456215516,0.5212480519271863,0.08957078673167002,166.9950285181735,1819.8924118962389,94.64353603963723,8.684579317264125
2024-04-25,0,14835.0,-0.40620096704985753,14.2801707411719,3697,0.09176093456215516,0.5212480519271863,0.08957078673167002,166.9950285181735,1819.8924118962389,88.83497988915015,8.151580776438678
2024-04-26,0,14680.0,-0.40623533789577565,14.471097129374755,3697,0.09176093456215516,0.5212480519271863,0.08957078673167002,166.9950285181735,1819.8924118962389,87.90680854551562,8.066410906512962
2024-04-30,0,14680.0,-0.3995942762411657,14.892755969243225,3697,0.09176093456215516,0.5212480519271863,0.08957078673167002,166.9950285181735,1819.8924118962389,87.90680854551562,8.066410906512962
2024-05-01,0,14475.0,-0.401207925980061,15.875754961173428,3697,0.09176093456215516,0.5212480519271863,0.08957078673167002,166.9950285181735,1819.8924118962389,86.67922709103124,7.953766884998305
2024-05-02,0,14125.0,-0.40885070812361196,15.666240953597267,3697,0.09176093456215516,0.5212480519271863,0.08957078673167002,166.9950285181735,1819.8924118962389,84.5833563150823,7.761447823875721
2024-05-07,0,14365.0,-0.3941664534522461,17.634590928359472,3697,0.09176093456215516,0.5212480519271863,0.08957078673167002,166.9950285181735,1819.8924118962389,86.02052484716157,7.893323751502636
2024-05-08,0,14090.0,-0.40154095770436377,18.03207628955353,3697,0.09176093456215516,0.5212480519271863,0.08957078673167002,166.9950285181735,1819.8924118962389,84.37376923748741,7.742215917763462
2024-05-09,0,14895.0,-0.3633708505485112,23.036223036223035,3697,0.09176093456215516,0.5212480519271863,0.08957078673167002,166.9950285181735,1819.8924118962389,89.19427202216997,8.184549758345407
2024-05-10,0,14400.0,-0.38062740150255203,22.3186119873817,3697,0.09176093456215516,0.5212480519271863,0.08957078673167002,166.9950285181735,1819.8924118962389,86.23011192475647,7.912555657614894
2024-05-13,0,15395.0,-0.33393807938806236,28.104335047758994,3697,0.09176093456215516,0.5212480519271863,0.08957078673167002,166.9950285181735,1819.8924118962389,92.18837313066845,8.459291274234813
2024-05-14,0,16300.0,-0.2899830989841967,33.95549174443647,3697,0.09176093456215516,0.5212480519271863,0.08957078673167002,166.9950285181735,1819.8924118962389,97.60769613705072,8.956573417994637
2024-05-15,0,16395.0,-0.2812447026777416,40.64869418702611,3697,0.09176093456215516,0.5212480519271863,0.08957078673167002,166.9950285181735,1819.8924118962389,98.17657534766543,9.008774306013624
2024-05-16,0,17610.0,-0.22350617167818493,52.88966725043783,3697,0.09176093456215516,0.5212480519271863,0.08957078673167002,166.9950285181735,1819.8924118962389,105.45224104131677,9.676396189624882
2024-05-17,0,17435.0,-0.22699381063010976,49.75124378109453,3697,0.09176093456215516,0.5212480519271863,0.08957078673167002,166.9950285181735,1819.8924118962389,104.40430565334229,9.580236659063589
2024-05-20,0,18435.0,-0.17869309659656243,57.906458797327396,3697,0.09176093456215516,0.5212480519271863,0.08957078673167002,166.9950285181735,1819.8924118962389,110.39250787033927,10.129719690842402
2024-05-21,0,18570.0,-0.16889696470609294,60.04524886877828,3697,0.09176093456215516,0.5212480519271863,0.08957078673167002,166.9950285181735,1819.8924118962389,111.20091516963386,10.20389990013254
2024-05-22,0,17240.0,-0.2239547697072275,58.30404217926186,3697,0.09176093456215516,0.5212480519271863,0.08957078673167002,166.9950285181735,1819.8924118962389,103.23660622102788,9.473087467866721
2024-05-23,0,17120.0,-0.22482258157021723,52.55972696245734,3697,0.09176093456215516,0.5212480519271863,0.08957078673167002,166.9950285181735,1819.8924118962389,102.51802195498824,9.407149504053264
2024-05-24,0,16785.0,-0.23552809364040744,53.900000000000006,3697,0.09176093456215516,0.5212480519271863,0.08957078673167002,166.9950285181735,1819.8924118962389,100.51197421229426,9.223072688407361
2024-05-27,0,16695.0,-0.23457925929095613,54.49949443882709,3697,0.09176093456215516,0.5212480519271863,0.08957078673167002,166.9950285181735,1819.8924118962389,99.97303601276452,9.173619215547268
2024-05-28,0,16575.0,-0.23473392287164466,59.623893805309734,3697,0.09176093456215516,0.5212480519271863,0.08957078673167002,166.9950285181735,1819.8924118962389,99.2544517467249,9.10768125173381
2024-05-29,0,16055.0,-0.2534965468500081,57.30994152046784,3697,0.09176093456215516,0.5212480519271863,0.08957078673167002,166.9950285181735,1819.8924118962389,96.14058659388647,8.821950075208829
2024-05-30,0,15180.0,-0.2887553374585731,52.431906614785994,3697,0.09176093456215516,0.5212480519271863,0.08957078673167002,166.9950285181735,1819.8924118962389,90.90090965401411,8.341152422402368
2024-05-31,0,15150.0,-0.2849343775861146,53.33993072736269,3697,0.09176093456215516,0.5212480519271863,0.08957078673167002,166.9950285181735,1819.8924118962389,90.7212635875042,8.324667931449003
2024-06-03,0,15260.0,-0.2742111921770811,55.75266092245312,3697,0.09176093456215516,0.5212480519271863,0.08957078673167002,166.9950285181735,1819.8924118962389,91.37996583137387,8.385111064944672
2024-06-04,0,16740.0,-0.19847035840600616,60.69338135974786,3697,0.09176093456215516,0.5212480519271863,0.08957078673167002,166.9950285181735,1819.8924118962389,100.24250511252939,9.198345951977315
2024-06-05,0,16380.0,-0.21033347903221664,60.23235031277927,3697,0.09176093456215516,0.5212480519271863,0.08957078673167002,166.9950285181735,1819.8924118962389,98.08675231441048,9.000532060536942
2024-06-06,0,15365.0,-0.2537494657496988,52.06140350877193,3697,0.09176093456215516,0.5212480519271863,0.08957078673167002,166.9950285181735,1819.8924118962389,92.00872706415855,8.442806783281448
2024-06-07,0,14735.0,-0.27857781665546033,51.45210229735587,3697,0.09176093456215516,0.5212480519271863,0.08957078673167002,166.9950285181735,1819.8924118962389,88.23615966745045,8.096632473260795
2024-06-10,0,14775.0,-0.27084806990646454,47.06994328922495,3697,0.09176093456215516,0.5212480519271863,0.08957078673167002,166.9950285181735,1819.8924118962389,88.47568775613033,8.11861179453195
2024-06-11,0,15250.0,-0.24172611312949166,44.827586206896555,3697,0.09176093456215516,0.5212480519271863,0.08957078673167002,166.9950285181735,1819.8924118962389,91.3200838092039,8.379616234626884
2024-06-12,0,14980.0,-0.2495591535748637,43.14769975786925,3697,0.09176093456215516,0.5212480519271863,0.08957078673167002,166.9950285181735,1819.8924118962389,89.7032692106147,8.231255816046605
2024-06-13,0,15495.0,-0.21827177269088735,39.01298701298701,3697,0.09176093456215516,0.5212480519271863,0.08957078673167002,166.9950285181735,1819.8924118962389,92.78719335236815,8.514239577412694
2024-06-14,0,15280.0,-0.22337729225681413,38.851526125194006,3697,0.09176093456215516,0.5212480519271863,0.08957078673167002,166.9950285181735,1819.8924118962389,91.49972987571381,8.396100725580249
2024-06-17,0,15245.0,-0.21858181184454678,31.66666666666667,3697,0.09176093456215516,0.5212480519271863,0.08957078673167002,166.9950285181735,1819.8924118962389,91.29014279811891,8.37686881946799
2024-06-18,0,14870.0,-0.2308169789263509,29.30648769574944,3697,0.09176093456215516,0.5212480519271863,0.08957078673167002,166.9950285181735,1819.8924118962389,89.04456696674505,8.170812682550936
2024-06-19,0,14720.0,-0.23176218029233397,33.76288659793815,3697,0.09176093456215516,0.5212480519271863,0.08957078673167002,166.9950285181735,1819.8924118962389,88.14633663419549,8.088390227784114
2024-06-20,0,14830.0,-0.21898315082104194,35.2258064516129,3697,0.09176093456215516,0.5212480519271863,0.08957078673167002,166.9950285181735,1819.8924118962389,88.80503887806516,8.148833361279783
2024-06-21,0,14045.0,-0.25345499645641384,33.29268292682927,3697,0.09176093456215516,0.5212480519271863,0.08957078673167002,166.9950285181735,1819.8924118962389,84.10430013772255,7.717489181333415
2024-06-24,0,14010.0,-0.24863241445886516,33.517495395948444,3697,0.09176093456215516,0.5212480519271863,0.08957078673167002,166.9950285181735,1819.8924118962389,83.89471306012764,7.698257275221158
2024-06-25,0,14260.0,-0.22816285439016212,36.01208459214501,3697,0.09176093456215516,0.5212480519271863,0.08957078673167002,166.9950285181735,1819.8924118962389,85.39176361437688,7.83562803316586
2024-06-26,0,14855.0,-0.18905197418941588,42.81437125748503,3697,0.09176093456215516,0.5212480519271863,0.08957078673167002,166.9950285181735,1819.8924118962389,88.9547439334901,8.162570437074253
2024-06-27,0,14835.0,-0.18335853321981144,47.69846564376251,3697,0.09176093456215516,0.5212480519271863,0.08957078673167002,166.9950285181735,1819.8924118962389,88.83497988915015,8.151580776438678
2024-06-28,0,14580.0,-0.19054862815203033,46.30829015544042,3697,0.09176093456215516,0.5212480519271863,0.08957078673167002,166.9950285181735,1819.8924118962389,87.30798832381592,8.01146260333508
2024-07-01,0,14395.0,-0.19391869190278865,44.451571520205256,3697,0.09176093456215516,0.5212480519271863,0.08957078673167002,166.9950285181735,1819.8924118962389,86.20017091367149,7.909808242456
2024-07-02,0,14075.0,-0.20491006869125097,29.917106254709864,3697,0.09176093456215516,0.5212480519271863,0.08957078673167002,166.9950285181735,1819.8924118962389,84.28394620423245,7.73397367228678
2024-07-03,0,14910.0,-0.15093050272203373,39.66244725738397,3697,0.09176093456215516,0.5212480519271863,0.08957078673167002,166.9950285181735,1819.8924118962389,89.28409505542493,8.192792003822088
2024-07-04,0,14955.0,-0.14212452531464032,46.66123778501629,3697,0.09176093456215516,0.5212480519271863,0.08957078673167002,166.9950285181735,1819.8924118962389,89.55356415518979,8.217518740252135
2024-07-05,0,15225.0,-0.11976920319600376,54.238754325259514,3697,0.09176093456215516,0.5212480519271863,0.08957078673167002,166.9950285181735,1819.8924118962389,91.17037875377898,8.365879158832414
2024-07-08,0,15425.0,-0.10164470363496586,55.47138047138047,3697,0.09176093456215516,0.5212480519271863,0.08957078673167002,166.9950285181735,1819.8924118962389,92.36801919717837,8.475775765188176
2024-07-09,0,15440.0,-0.09393925167832493,51.73357664233577,3697,0.09176093456215516,0.5212480519271863,0.08957078673167002,166.9950285181735,1819.8924118962389,92.45784223043333,8.484018010664858
2024-07-10,0,15255.0,-0.09805598694531382,52.548656163113996,3697,0.10037774934503138,0.5376551904871097,0.08704386083827317,184.79179768937905,1840.9637483919748,82.55236536874052,8.286420638822884
2024-07-11,1,11255.0,-0.32779215608202267,26.126126126126124,3697,0.10037774934503138,0.5376551904871097,0.08704386083827317,184.79179768937905,1840.9637483919748,60.90638297116844,6.113645643392433
2024-07-12,1,13220.0,-0.2033553083533197,40.310442144873,3697,0.10037774934503138,0.5376551904871097,0.08704386083827317,184.79179768937905,1840.9637483919748,71.53997182397572,7.181021359897643
2024-07-16,1,13025.0,-0.20785997518670782,39.7126969416126,3697,0.10037774934503138,0.5376551904871097,0.08704386083827317,184.79179768937905,1840.9637483919748,70.48473018209408,7.075098578870408
2024-07-17,1,12280.0,-0.24597814073437307,38.39605734767026,3697,0.10037774934503138,0.5376551904871097,0.08704386083827317,184.79179768937905,1840.9637483919748,66.45316596054629,6.670419235971486
2024-07-18,1,12085.0,-0.2508183035492883,38.241856314145465,3697,0.10037774934503138,0.5376551904871097,0.08704386083827317,184.79179768937905,1840.9637483919748,65.39792431866465,6.564496454944251
2024-07-19,1,11220.0,-0.2973945569995449,34.908026755852845,3697,0.10037774934503138,0.5376551904871097,0.08704386083827317,184.79179768937905,1840.9637483919748,60.716980625189684,6.094633862182416
2024-07-22,1,11400.0,-0.27951462037583213,38.35314839277851,3697,0.10037774934503138,0.5376551904871097,0.08704386083827317,184.79179768937905,1840.9637483919748,61.69104983308043,6.192408736976787
2024-07-23,1,11345.0,-0.2763776145868326,38.28571428571428,3697,0.10037774934503138,0.5376551904871097,0.08704386083827317,184.79179768937905,1840.9637483919748,61.393417575113816,6.162533080789618
2024-07-24,1,11310.0,-0.2719915205142619,36.7831541218638,3697,0.10037774934503138,0.5376551904871097,0.08704386083827317,184.79179768937905,1840.9637483919748,61.20401522913506,6.143521299579602
2024-07-25,1,11000.0,-0.2855287087555209,32.27586206896552,3697,0.10037774934503138,0.5376551904871097,0.08704386083827317,184.79179768937905,1840.9637483919748,59.52645159332322,5.975131237433741
2024-07-26,1,11525.0,-0.24489278897183117,35.45694200351494,3697,0.10037774934503138,0.5376551904871097,0.08704386083827317,184.79179768937905,1840.9637483919748,62.36748678300456,6.260307955583988
2024-07-29,1,11700.0,-0.22686202901359928,37.256637168141594,3697,0.10037774934503138,0.5376551904871097,0.08704386083827317,184.79179768937905,1840.9637483919748,63.31449851289833,6.355366861634071
2024-07-30,1,11360.0,-0.2426599347549756,36.75250982103885,3697,0.10037774934503138,0.5376551904871097,0.08704386083827317,184.79179768937905,1840.9637483919748,61.47459000910471,6.170680987022482
2024-07-31,1,11465.0,-0.22928514768953598,38.38967971530249,3697,0.10037774934503138,0.5376551904871097,0.08704386083827317,184.79179768937905,1840.9637483919748,62.04279704704098,6.227716330652532
2024-08-01,1,10765.0,-0.271213673516363,31.337235479513737,3697,0.10037774934503138,0.5376551904871097,0.08704386083827317,184.79179768937905,1840.9637483919748,58.25475012746586,5.8474807064522025
2024-08-02,1,9725.0,-0.3372993158339466,28.388429752066116,3697,0.10037774934503138,0.5376551904871097,0.08704386083827317,184.79179768937905,1840.9637483919748,52.62679470409712,5.282559207640285
2024-08-05,1,8787.0,-0.3964458511576536,24.78853383458646,3697,0.10037774934503138,0.5376551904871097,0.08704386083827317,184.79179768937905,1840.9637483919748,47.55081183186647,4.773043471211844
2024-08-06,1,8999.0,-0.3775167259090649,24.85915492957747,3697,0.10037774934503138,0.5376551904871097,0.08704386083827317,184.79179768937905,1840.9637483919748,48.698048898937785,4.888200545969658
2024-08-07,1,9377.0,-0.3471710513491009,26.934489842501705,3697,0.10037774934503138,0.5376551904871097,0.08704386083827317,184.79179768937905,1840.9637483919748,50.74359423550835,5.093527783037836
2024-08-08,1,9882.0,-0.3085029459649843,30.045309366411644,3697,0.10037774934503138,0.5376551904871097,0.08704386083827317,184.79179768937905,1840.9637483919748,53.47639951320183,5.36784062621093
2024-08-09,1,9653.0,-0.32012380935387935,41.73545191910854,3697,0.10037774934503138,0.5376551904871097,0.08704386083827317,184.79179768937905,1840.9637483919748,52.237167020940824,5.243449257722537
2024-08-13,1,9864.0,-0.30123299600839504,28.861174099269334,3697,0.10037774934503138,0.5376551904871097,0.08704386083827317,184.79179768937905,1840.9637483919748,53.37899259241275,5.358063138731493
2024-08-14,1,10040.0,-0.28487108210496725,31.15292334890769,3697,0.10037774934503138,0.5376551904871097,0.08704386083827317,184.79179768937905,1840.9637483919748,54.33141581790592,5.453665238530434
2024-08-15,1,10315.0,-0.2621158925142855,36.810310108739436,3697,0.10037774934503138,0.5376551904871097,0.08704386083827317,184.79179768937905,1840.9637483919748,55.819577107739,5.603043519466277
2024-08-16,1,10605.0,-0.2384106277325295,40.19088016967126,3697,0.10037774934503138,0.5376551904871097,0.08704386083827317,184.79179768937905,1840.9637483919748,57.38891083156298,5.760569706634985
2024-08-19,1,11185.0,-0.19406129697646293,49.758919961427196,3697,0.10037774934503138,0.5376551904871097,0.08704386083827317,184.79179768937905,1840.9637483919748,60.52757827921093,6.0756220809724
2024-08-20,1,11860.0,-0.14327157568682752,52.96621098787722,3697,0.10037774934503138,0.5376551904871097,0.08704386083827317,184.79179768937905,1840.9637483919748,64.18033780880121,6.442277861451289
2024-08-21,1,11815.0,-0.14461910029712086,53.03460743801653,3697,0.10037774934503138,0.5376551904871097,0.08704386083827317,184.79179768937905,1840.9637483919748,63.93682050682853,6.417834142752696
2024-08-22,1,12305.0,-0.10736911949332714,56.067813147944875,3697,0.10037774934503138,0.5376551904871097,0.08704386083827317,184.79179768937905,1840.9637483919748,66.58845335053111,6.683999079692926
2024-08-23,1,12320.0,-0.10474832188754712,58.350202429149796,3697,0.10037774934503138,0.5376551904871097,0.08704386083827317,184.79179768937905,1840.9637483919748,66.66962578452201,6.692146985925791
2024-08-26,1,13165.0,-0.041738889072208143,59.97081712062257,3697,0.10037774934503138,0.5376551904871097,0.08704386083827317,184.79179768937905,1840.9637483919748,71.24233956600911,7.1511457037104735
2024-08-27,1,13590.0,-0.010025525169682184,61.15175831956573,3697,0.10037774934503138,0.5376551904871097,0.08704386083827317,184.79179768937905,1840.9637483919748,73.54222519575114,7.382003046974959
2024-08-28,1,13350.0,-0.025573050635165833,61.88201576307619,3697,0.10037774934503138,0.5376551904871097,0.08704386083827317,184.79179768937905,1840.9637483919748,72.24346625189682,7.251636547249132
2024-08-29,1,13330.0,-0.024212415707471634,61.24984919773194,3697,0.10037774934503138,0.5376551904871097,0.08704386083827317,184.79179768937905,1840.9637483919748,72.13523633990896,7.24077267227198
2024-08-30,1,13640.0,0.0011724384959121256,68.19850614001773,3697,0.10037774934503138,0.5376551904871097,0.08704386083827317,184.79179768937905,1840.9637483919748,73.8127999757208,7.40916273441784
2024-09-02,1,13695.0,0.009075663605095709,78.70986404396876,3697,0.10037774934503138,0.5376551904871097,0.08704386083827317,184.79179768937905,1840.9637483919748,74.1104322336874,7.439038390605008
2024-09-03,1,14165.0,0.04706997812967843,91.71579273968352,3697,0.10037774934503138,0.5376551904871097,0.08704386083827317,184.79179768937905,1840.9637483919748,76.65383516540213,7.694339452568086
2024-09-04,1,13230.0,-0.017001977388816404,79.50899707072116,3697,0.10037774934503138,0.5376551904871097,0.08704386083827317,184.79179768937905,1840.9637483919748,71.59408677996966,7.186453297386218
2024-09-05,1,13035.0,-0.0261506140692535,76.18093329516176,3697,0.10037774934503138,0.5376551904871097,0.08704386083827317,184.79179768937905,1840.9637483919748,70.53884513808802,7.080530516358984
2024-09-06,1,12200.0,-0.08393461595835952,65.84199015855658,3697,0.10037774934503138,0.5376551904871097,0.08704386083827317,184.79179768937905,1840.9637483919748,66.02024631259485,6.626963736062877
2024-09-09,1,11825.0,-0.1073603330307124,64.55373894398285,3697,0.10037774934503138,0.5376551904871097,0.08704386083827317,184.79179768937905,1840.9637483919748,63.99093546282246,6.423266080241272
2024-09-10,1,11765.0,-0.10737950192307301,63.0009574613596,3697,0.10037774934503138,0.5376551904871097,0.08704386083827317,184.79179768937905,1840.9637483919748,63.66624572685888,6.390674455309815
2024-09-11,1,11820.0,-0.09876205590013488,62.378303198887345,3697,0.10037774934503138,0.5376551904871097,0.08704386083827317,184.79179768937905,1840.9637483919748,63.963877984825494,6.4205501114969845
2024-09-12,1,12460.0,-0.04597297484921368,64.1958967571145,3697,0.10037774934503138,0.5376551904871097,0.08704386083827317,184.79179768937905,1840.9637483919748,67.42723516843704,6.768194110765856
2024-09-13,1,11825.0,-0.0906662756766622,57.721518987341774,3697,0.10037774934503138,0.5376551904871097,0.08704386083827317,184.79179768937905,1840.9637483919748,63.99093546282246,6.423266080241272
2024-09-17,1,12470.0,-0.038394311283662635,58.066541117388574,3697,0.10037774934503138,0.5376551904871097,0.08704386083827317,184.79179768937905,1840.9637483919748,67.48135012443096,6.773626048254433
2024-09-18,1,13415.0,0.03632666808809123,59.44140862173649,3697,0.10037774934503138,0.5376551904871097,0.08704386083827317,184.79179768937905,1840.9637483919748,72.59521346585737,7.286944140924877
2024-09-19,1,13480.0,0.04326075224156595,60.08479709267111,3697,0.10037774934503138,0.5376551904871097,0.08704386083827317,184.79179768937905,1840.9637483919748,72.9469606798179,7.322251734600622
2024-09-20,1,13740.0,0.06668516070665174,58.94080996884735,3697,0.10037774934503138,0.5376551904871097,0.08704386083827317,184.79179768937905,1840.9637483919748,74.35394953566009,7.463482109303601
2024-09-24,1,13445.0,0.046963999078017564,56.77302829620711,3697,0.10037774934503138,0.5376551904871097,0.08704386083827317,184.79179768937905,1840.9637483919748,72.75755833383916,7.303239953390605
2024-09-25,1,13270.0,0.03558931040833598,50.68762278978389,3697,0.10037774934503138,0.5376551904871097,0.08704386083827317,184.79179768937905,1840.9637483919748,71.81054660394538,7.208181047340523
2024-09-26,1,13700.0,0.07029912126098425,50.71989528795812,3697,0.10037774934503138,0.5376551904871097,0.08704386083827317,184.79179768937905,1840.9637483919748,74.13748971168438,7.4417543593492965
2024-09-27,1,14080.0,0.10078316135333784,54.69151670951157,3697,0.10037774934503138,0.5376551904871097,0.08704386083827317,184.79179768937905,1840.9637483919748,76.19385803945373,7.648167983915189
2024-09-30,1,13660.0,0.06972028563463288,52.01711491442543,3697,0.10037774934503138,0.5376551904871097,0.08704386083827317,184.79179768937905,1840.9637483919748,73.92102988770866,7.420026609394992
2024-10-01,1,13540.0,0.061919695656220325,49.37421777221527,3697,0.10037774934503138,0.5376551904871097,0.08704386083827317,184.79179768937905,1840.9637483919748,73.2716504157815,7.354843359532079
2024-10-02,1,13305.0,0.04588422351186517,47.61321909424725,3697,0.10037774934503138,0.5376551904871097,0.08704386083827317,184.79179768937905,1840.9637483919748,71.99994894992413,7.227192828550539
2024-10-03,1,13850.0,0.09036001037088505,48.08975136446331,3697,0.10037774934503138,0.5376551904871097,0.08704386083827317,184.79179768937905,1840.9637483919748,74.94921405159333,7.523233421677938
2024-10-04,1,14415.0,0.13582997929267301,57.523809523809526,3697,0.10037774934503138,0.5376551904871097,0.08704386083827317,184.79179768937905,1840.9637483919748,78.00670906525039,7.83013788978249
2024-10-07,1,14425.0,0.13714956610944798,59.03771131339402,3697,0.10037774934503138,0.5376551904871097,0.08704386083827317,184.79179768937905,1840.9637483919748,78.06082402124431,7.835569827271065
2024-10-08,1,13905.0,0.09709681593390115,61.559322033898304,3697,0.10037774934503138,0.5376551904871097,0.08704386083827317,184.79179768937905,1840.9637483919748,75.24684630955994,7.553109077865107
2024-10-09,1,14775.0,0.16580678827002424,68.7420584498094,3697,0.10037774934503138,0.5376551904871097,0.08704386083827317,184.79179768937905,1840.9637483919748,79.95484748103188,8.025687639371231
2024-10-10,1,14650.0,0.15520850527847496,68.17895400126024,3697,0.16277877467316074,0.5546095033489195,0.09524799551646523,320.46648705590155,1968.7240409528695,45.714608521434826,7.441367959782392
2024-10-11,1,15650.0,0.23193813387743284,71.56531531531532,3697,0.16277877467316074,0.5546095033489195,0.09524799551646523,320.46648705590155,1968.7240409528695,48.835059615048124,7.949311165228289
2024-10-15,1,15710.0,0.23478202547219343,69.57831325301204,3697,0.16277877467316074,0.5546095033489195,0.09524799551646523,320.46648705590155,1968.7240409528695,49.02228668066492,7.979787757555043
2024-10-16,1,15035.0,0.18150518075811223,69.24460431654677,3697,0.16277877467316074,0.5546095033489195,0.09524799551646523,320.46648705590155,1968.7240409528695,46.915982192475944,7.636926093879062
2024-10-17,1,14575.0,0.1456688085673232,62.90619251992643,3697,0.16277877467316074,0.5546095033489195,0.09524799551646523,320.46648705590155,1968.7240409528695,45.48057468941383,7.4032722193739495
2024-10-18,1,14715.0,0.15650988397438043,58.843537414965986,3697,0.16277877467316074,0.5546095033489195,0.09524799551646523,320.46648705590155,1968.7240409528695,45.91743784251969,7.474384268136375
2024-10-21,1,14605.0,0.14761200315982914,57.606490872210955,3697,0.16277877467316074,0.5546095033489195,0.09524799551646523,320.46648705590155,1968.7240409528695,45.574188222222226,7.418510515537326
2024-10-22,0,14375.0,0.12918446305020417,54.310930074677536,3697,0.16277877467316074,0.5546095033489195,0.09524799551646523,320.46648705590155,1968.7240409528695,44.856484470691164,7.30168357828477
2024-10-23,0,14805.0,0.163089715160206,59.06666666666667,3697,0.16277877467316074,0.5546095033489195,0.09524799551646523,320.46648705590155,1968.7240409528695,46.19827844094488,7.520099156626506
2024-10-24,0,14665.0,0.15244130525667263,59.343603482920294,3697,0.16277877467316074,0.5546095033489195,0.09524799551646523,320.46648705590155,1968.7240409528695,45.76141528783902,7.44898710786408
2024-10-25,0,13840.0,0.08918973937095626,50.890585241730285,3697,0.16277877467316074,0.5546095033489195,0.09524799551646523,320.46648705590155,1968.7240409528695,43.18704313560805,7.0299339633712155
2024-10-28,0,14650.0,0.15387402373593687,53.43787696019301,3697,0.16277877467316074,0.5546095033489195,0.09524799551646523,320.46648705590155,1968.7240409528695,45.714608521434826,7.441367959782392
2024-10-29,0,15065.0,0.18702802536528781,58.47917923958962,3697,0.16277877467316074,0.5546095033489195,0.09524799551646523,320.46648705590155,1968.7240409528695,47.00959572528434,7.652164390042439
2024-10-30,0,15470.0,0.21866423266429771,61.26021003500583,3697,0.14851399107815305,0.5504408693017842,0.09524799551646523,287.4946070228534,1935.8082355457277,53.80970502438073,7.991494051908928
2024-10-31,0,15550.0,0.21946501429375065,63.33927510398099,3697,0.14851399107815305,0.5504408693017842,0.09524799551646523,287.4946070228534,1935.8082355457277,54.087971113711724,8.032820459417184
2024-11-01,0,15200.0,0.18955445968140808,58.21167883211678,3697,0.14851399107815305,0.5504408693017842,0.09524799551646523,287.4946070228534,1935.8082355457277,52.870556972888636,7.852017426568565
2024-11-05,0,15650.0,0.22142591785149748,57.61875385564466,3697,0.14851399107815305,0.5504408693017842,0.09524799551646523,287.4946070228534,1935.8082355457277,54.435803725375465,8.084478468802503
2024-11-06,0,15850.0,0.23245660871485485,58.58951175406872,3697,0.14851399107815305,0.5504408693017842,0.09524799551646523,287.4946070228534,1935.8082355457277,55.13146894870295,8.187794487573143
2024-11-07,0,15440.0,0.1964144759952556,59.376908979841176,3697,0.14851399107815305,0.5504408693017842,0.09524799551646523,287.4946070228534,1935.8082355457277,53.70535524088161,7.975996649093332
2024-11-08,0,16555.0,0.27578149804721813,60.55753262158956,3697,0.14851399107815305,0.5504408693017842,0.09524799551646523,287.4946070228534,1935.8082355457277,57.58368886093233,8.551983453739645
2024-11-11,0,16535.0,0.26755229659369445,61.32132132132132,3697,0.14851399107815305,0.5504408693017842,0.09524799551646523,287.4946070228534,1935.8082355457277,57.51412233859958,8.54165185186258
2024-11-12,0,16195.0,0.23536429579785434,53.55512067840835,3697,0.14851399107815305,0.5504408693017842,0.09524799551646523,287.4946070228534,1935.8082355457277,56.33149145894286,8.366014619952495
2024-11-13,0,16380.0,0.2430662503212645,54.300385109114245,3697,0.14851399107815305,0.5504408693017842,0.09524799551646523,287.4946070228534,1935.8082355457277,56.97498179052078,8.461581937315335
2024-11-14,0,16145.0,0.2188867425588393,57.55102040816327,3697,0.14851399107815305,0.5504408693017842,0.09524799551646523,287.4946070228534,1935.8082355457277,56.15757515311098,8.340185615259834
2024-11-15,0,16035.0,0.20511114429067173,60.42857142857143,3697,0.14851399107815305,0.5504408693017842,0.09524799551646523,287.4946070228534,1935.8082355457277,55.77495928028087,8.283361804935984
2024-11-18,0,15795.0,0.1822227234259984,57.605633802816904,3697,0.14851399107815305,0.5504408693017842,0.09524799551646523,287.4946070228534,1935.8082355457277,54.940161012287895,8.159382582411217
2024-11-19,0,15785.0,0.17627976157948133,58.42857142857142,3697,0.14851399107815305,0.5504408693017842,0.09524799551646523,287.4946070228534,1935.8082355457277,54.90537775112152,8.154216781472684
2024-11-20,0,15180.0,0.12703579192454362,55.45762711864407,3697,0.14851399107815305,0.5504408693017842,0.09524799551646523,287.4946070228534,1935.8082355457277,52.80099045055589,7.841685824691502
2024-11-21,0,15435.0,0.14069480766464135,54.375,3697,0.14851399107815305,0.5504408693017842,0.09524799551646523,287.4946070228534,1935.8082355457277,53.687963610298425,7.973413748624066
2024-11-22,0,15620.0,0.1477001421521901,56.59075224292616,3697,0.14851399107815305,0.5504408693017842,0.09524799551646523,287.4946070228534,1935.8082355457277,54.33145394187635,8.068981065986907
2024-11-25,0,15495.0,0.13108244236917793,62.64323911382735,3697,0.14851399107815305,0.5504408693017842,0.09524799551646523,287.4946070228534,1935.8082355457277,53.896663177296666,8.004408554255258
2024-11-26,0,15050.0,0.09216678148730136,53.236245954692556,3697,0.14851399107815305,0.5504408693017842,0.09524799551646523,287.4946070228534,1935.8082355457277,52.34880805539302,7.774530412490586
2024-11-27,0,16290.0,0.1742978001920398,58.743754461099215,3697,0.14851399107815305,0.5504408693017842,0.09524799551646523,287.4946070228534,1935.8082355457277,56.66193244002341,8.415089728868548
2024-11-28,0,16860.0,0.20729014203918897,59.693165969316595,3697,0.14851399107815305,0.5504408693017842,0.09524799551646523,287.4946070228534,1935.8082355457277,58.64457832650673,8.70954038236487
2024-11-29,0,16930.0,0.20393793663195103,59.63687150837988,3697,0.14851399107815305,0.5504408693017842,0.09524799551646523,287.4946070228534,1935.8082355457277,58.888061154671355,8.745700988934592
2024-12-02,0,17435.0,0.23101291145556305,65.27682843472317,3697,0.14851399107815305,0.5504408693017842,0.09524799551646523,287.4946070228534,1935.8082355457277,60.64461584357324,9.006573936330456
2024-12-03,0,17575.0,0.2321573796236574,63.74018558172734,3697,0.14851399107815305,0.5504408693017842,0.09524799551646523,287.4946070228534,1935.8082355457277,61.13158149990248,9.078895149469904
2024-12-04,0,18045.0,0.25603248259860795,65.08591065292096,3697,0.14851399107815305,0.5504408693017842,0.09524799551646523,287.4946070228534,1935.8082355457277,62.766394774722066,9.321687793580905
2024-12-05,0,18035.0,0.2467394209764685,68.87272727272727,3697,0.14851399107815305,0.5504408693017842,0.09524799551646523,287.4946070228534,1935.8082355457277,62.73161151355569,9.316521992642373
2024-12-06,0,17645.0,0.21255921348005752,58.86178861788618,3697,0.14851399107815305,0.5504408693017842,0.09524799551646523,287.4946070228534,1935.8082355457277,61.3750643280671,9.115055756039627
2024-12-09,0,17790.0,0.21591696132395297,60.0,3697,0.14851399107815305,0.5504408693017842,0.09524799551646523,287.4946070228534,1935.8082355457277,61.87942161497953,9.18995986964834
2024-12-10,0,17705.0,0.2036466311944235,62.54152823920266,3697,0.14851399107815305,0.5504408693017842,0.09524799551646523,287.4946070228534,1935.8082355457277,61.583763895065346,9.146050561670819
2024-12-11,0,17675.0,0.19578650165076036,61.04006820119353,3697,0.14851399107815305,0.5504408693017842,0.09524799551646523,287.4946070228534,1935.8082355457277,61.47941411156622,9.130553158855223
2024-12-12,0,18395.0,0.23771480861791308,67.71653543307087,3697,0.14851399107815305,0.5504408693017842,0.09524799551646523,287.4946070228534,1935.8082355457277,63.98380891554516,9.502490826429524
2024-12-13,0,18165.0,0.21678106202356975,66.46058732612056,3697,0.14851399107815305,0.5504408693017842,0.09524799551646523,287.4946070228534,1935.8082355457277,63.183793908718556,9.383677404843288
2024-12-16,0,17675.0,0.17965454642532966,63.98809523809524,3697,0.14851399107815305,0.5504408693017842,0.09524799551646523,287.4946070228534,1935.8082355457277,61.47941411156622,9.130553158855223
2024-12-17,0,16970.0,0.12896501561169454,57.990559676331756,3697,0.14851399107815305,0.5504408693017842,0.09524799551646523,287.4946070228534,1935.8082355457277,59.02719419933685,8.766364192688721
2024-12-18,0,16995.0,0.12696447912291944,63.27724945135333,3697,0.14851399107815305,0.5504408693017842,0.09524799551646523,287.4946070228534,1935.8082355457277,59.11415235225278,8.77927869503505
2024-12-19,0,17010.0,0.12460827136932023,61.94086429112964,3697,0.14851399107815305,0.5504408693017842,0.09524799551646523,287.4946070228534,1935.8082355457277,59.166327244002346,8.787027396442848
2024-12-20,0,17075.0,0.12555206433609453,61.23552123552123,3697,0.14851399107815305,0.5504408693017842,0.09524799551646523,287.4946070228534,1935.8082355457277,59.39241844158378,8.820605102543306
2024-12-23,0,17390.0,0.1430762489044697,64.21605401350338,3697,0.14851399107815305,0.5504408693017842,0.09524799551646523,287.4946070228534,1935.8082355457277,60.48809116832456,8.983327832107063
2024-12-24,0,17105.0,0.12053717654765804,65.79554189085319,3697,0.14851399107815305,0.5504408693017842,0.09524799551646523,287.4946070228534,1935.8082355457277,59.496768225082896,8.836102505358902
2024-12-25,0,17735.0,0.15705804318987457,62.25614927905004,3697,0.14851399107815305,0.5504408693017842,0.09524799551646523,287.4946070228534,1935.8082355457277,61.68811367856447,9.161547964486415
2024-12-26,0,17590.0,0.14224240561402296,56.672760511883,3697,0.14851399107815305,0.5504408693017842,0.09524799551646523,287.4946070228534,1935.8082355457277,61.18375639165205,9.086643850877701
2024-12-27,0,18225.0,0.1769555652185144,60.72908036454018,3697,0.14851399107815305,0.5504408693017842,0.09524799551646523,287.4946070228534,1935.8082355457277,63.3924934757168,9.41467221047448
2024-12-30,0,18215.0,0.16981285563209925,57.03971119133573,3697,0.14851399107815305,0.5504408693017842,0.09524799551646523,287.4946070228534,1935.8082355457277,63.35771021455042,9.409506409535949
2025-01-06,0,17710.0,0.13167277978708453,51.14309906858595,3697,0.14851399107815305,0.5504408693017842,0.09524799551646523,287.4946070228534,1935.8082355457277,61.60115552564853,9.148633462140085
2025-01-07,0,17755.0,0.1294529262086514,47.35401459854015,3697,0.14851399107815305,0.5504408693017842,0.09524799551646523,287.4946070228534,1935.8082355457277,61.75768020089721,9.17187956636348
2025-01-08,0,17630.0,0.11600643143808477,46.38069705093834,3697,0.14851399107815305,0.5504408693017842,0.09524799551646523,287.4946070228534,1935.8082355457277,61.32288943631754,9.10730705463183
2025-01-09,0,18270.0,0.15088547419169243,55.3464499572284,3697,0.14851399107815305,0.5504408693017842,0.09524799551646523,287.4946070228534,1935.8082355457277,63.54901815096548,9.437918314697875
2025-01-10,0,19010.0,0.19189934793512786,59.47204968944099,3697,0.14851399107815305,0.5504408693017842,0.09524799551646523,287.4946070228534,1935.8082355457277,66.12297947727717,9.820187584149238
2025-01-14,0,18780.0,0.17228464419475656,58.16249050873196,3697,0.05549626467449306,0.5377575061922311,0.11655730098760522,110.80346079133184,1996.593130028422,169.48929091093117,9.406022547885188
2025-01-15,0,21120.0,0.31030375223347234,69.36481169196178,3697,0.05549626467449306,0.5377575061922311,0.11655730098760522,110.80346079133184,1996.593130028422,190.60776485829962,10.578018967589733
2025-01-16,0,21190.0,0.3062776122469948,66.94966646452396,3697,0.05549626467449306,0.5377575061922311,0.11655730098760522,110.80346079133184,1996.593130028422,191.23951407894737,10.613078689546706
2025-01-17,0,20690.0,0.26772300037988794,64.82677627715796,3697,0.05549626467449306,0.5377575061922311,0.11655730098760522,110.80346079133184,1996.593130028422,186.727019645749,10.362652104139752
2025-01-20,0,20485.0,0.2482430554991348,67.07168894289185,3697,0.05549626467449306,0.5377575061922311,0.11655730098760522,110.80346079133184,1996.593130028422,184.87689692813765,10.259977204122901
2025-01-21,0,20535.0,0.24476171617695183,73.53135313531354,3697,0.05549626467449306,0.5377575061922311,0.11655730098760522,110.80346079133184,1996.593130028422,185.3281463714575,10.285019862663596
2025-01-22,0,1368.5,-0.9162138411346672,20.754964160724654,3697,0.05549626467449306,0.5377575061922311,0.11655730098760522,110.80346079133184,1996.593130028422,12.35069726366397,0.6854175642588328
2025-01-23,0,1356.0,-0.9161451159477231,20.700756157819868,3697,0.05549626467449306,0.5377575061922311,0.11655730098760522,110.80346079133184,1996.593130028422,12.23788490283401,0.679156899623659
2025-01-24,0,1380.5,-0.9137823355275484,20.580351284983223,3697,0.05549626467449306,0.5377575061922311,0.11655730098760522,110.80346079133184,1996.593130028422,12.45899713006073,0.6914278023085997
2025-01-27,0,1283.5,-0.918992677468204,19.559259889247983,3697,0.05549626467449306,0.5377575061922311,0.11655730098760522,110.80346079133184,1996.593130028422,11.583573210020244,0.6428450447396507
2025-01-28,0,1352.0,-0.913720888776951,19.98170661991692,3697,0.05549626467449306,0.5377575061922311,0.11655730098760522,110.80346079133184,1996.593130028422,12.201784947368422,0.6771534869404033
2025-01-29,0,1351.0,-0.9128148228138204,18.012495119094112,3697,0.05549626467449306,0.5377575061922311,0.11655730098760522,110.80346079133184,1996.593130028422,12.192759958502025,0.6766526337695894
2025-01-30,0,1348.0,-0.9120582416258526,18.11292602481545,3697,0.05549626467449306,0.5377575061922311,0.11655730098760522,110.80346079133184,1996.593130028422,12.165684991902834,0.6751500742571477
2025-01-31,1,1292.0,-0.9147113277703526,15.98296436176625,3697,0.05549626467449306,0.5377575061922311,0.11655730098760522,110.80346079133184,1996.593130028422,11.660285615384616,0.6471022966915688
2025-02-03,1,1259.0,-0.915898501047205,15.968208092485554,3697,0.05549626467449306,0.5377575061922311,0.11655730098760522,110.80346079133184,1996.593130028422,11.362460982793523,0.6305741420547099
2025-02-04,0,1371.0,-0.9072371278828549,16.680941310820174,3697,0.05549626467449306,0.5377575061922311,0.11655730098760522,110.80346079133184,1996.593130028422,12.37325973582996,0.6866696971858676
2025-02-05,0,1454.5,-0.9003053327679361,16.81156469510333,3697,0.05549626467449306,0.5377575061922311,0.11655730098760522,110.80346079133184,1996.593130028422,13.12684630617409,0.7284909369488288
2025-02-06,1,1452.0,-0.8992257315850988,16.89584612236547,3697,0.05549626467449306,0.5377575061922311,0.11655730098760522,110.80346079133184,1996.593130028422,13.104283834008099,0.7272388040217941
2025-02-07,1,1414.5,-0.9006180487085147,14.637574740375541,3697,0.05549626467449306,0.5377575061922311,0.11655730098760522,110.80346079133184,1996.593130028422,12.76584675151822,0.7084568101162726
2025-02-10,1,1440.0,-0.8975524036055862,11.999307898607142,3697,0.05549626467449306,0.5377575061922311,0.11655730098760522,110.80346079133184,1996.593130028422,12.995983967611338,0.7212285659720272
2025-02-12,0,1473.5,-0.8938467878117238,12.248325807647845,3697,0.05549626467449306,0.5377575061922311,0.11655730098760522,110.80346079133184,1996.593130028422,13.298321094635629,0.7380071471942932
2025-02-13,0,1485.5,-0.8916406862051408,2.328404593682478,3697,0.05549626467449306,0.5377575061922311,0.11655730098760522,110.80346079133184,1996.593130028422,13.40662096103239,0.74401738524406
2025-02-14,0,1479.5,-0.8906612891941773,1.9946905672325244,3697,0.05549626467449306,0.5377575061922311,0.11655730098760522,110.80346079133184,1996.593130028422,13.352471027834008,0.7410122662191766
2025-02-17,1,1409.5,-0.8944558956185407,2.037364113535162,3697,0.05549626467449306,0.5377575061922311,0.11655730098760522,110.80346079133184,1996.593130028422,12.720721807186235,0.705952544262203
2025-02-18,1,1422.0,-0.8921831521642981,2.1198573366152687,3697,0.05549626467449306,0.5377575061922311,0.11655730098760522,110.80346079133184,1996.593130028422,12.833534168016195,0.7122132088973768
2025-02-19,1,1390.5,-0.8931390752091877,1.8704276340598796,3697,0.05549626467449306,0.5377575061922311,0.11655730098760522,110.80346079133184,1996.593130028422,12.549247018724698,0.6964363340167388
2025-02-20,1,1365.0,-0.8936051913391768,49.76588628762543,3697,0.05549626467449306,0.5377575061922311,0.11655730098760522,110.80346079133184,1996.593130028422,12.31910980263158,0.6836645781609841
2025-02-21,1,1373.0,-0.8913904448904728,51.14401076716017,3697,0.05549626467449306,0.5377575061922311,0.11655730098760522,110.80346079133184,1996.593130028422,12.391309713562753,0.6876714035274953
2025-02-25,1,1343.0,-0.8921474568322136,47.494989979959925,3697,0.05549626467449306,0.5377575061922311,0.11655730098760522,110.80346079133184,1996.593130028422,12.120560047570851,0.6726458084030782
2025-02-26,1,1344.0,-0.890441689545659,54.6360153256705,3697,0.05549626467449306,0.5377575061922311,0.11655730098760522,110.80346079133184,1996.593130028422,12.129585036437248,0.673146661573892
2025-02-27,1,1315.0,-0.8911090918525862,46.982055464926596,3697,0.05549626467449306,0.5377575061922311,0.11655730098760522,110.80346079133184,1996.593130028422,11.867860359311742,0.6586219196202887
2025-02-28,1,1250.0,-0.8947956679380961,42.54062038404727,3697,0.05549626467449306,0.5377575061922311,0.11655730098760522,110.80346079133184,1996.593130028422,11.281236082995951,0.6260664635173847
2025-03-03,1,1254.0,-0.8927517028019116,43.067846607669615,3697,0.05549626467449306,0.5377575061922311,0.11655730098760522,110.80346079133184,1996.593130028422,11.317336038461539,0.6280698762006404
2025-03-04,1,1238.5,-0.8921944173798093,45.80392156862745,3697,0.05549626467449306,0.5377575061922311,0.11655730098760522,110.80346079133184,1996.593130028422,11.177448711032389,0.6203066520530248
2025-03-05,1,1229.5,-0.8910423423902448,47.5957620211899,3697,0.05549626467449306,0.5377575061922311,0.11655730098760522,110.80346079133184,1996.593130028422,11.096223811234818,0.6157989735156997
2025-03-06,1,1152.0,-0.8960629011923895,31.0880829015544,3697,0.05549626467449306,0.5377575061922311,0.11655730098760522,110.80346079133184,1996.593130028422,10.39678717408907,0.5769828527776217
2025-03-07,1,1163.5,-0.8930679347176754,21.301775147928993,3697,0.05549626467449306,0.5377575061922311,0.11655730098760522,110.80346079133184,1996.593130028422,10.500574546052633,0.5827426642419817
2025-03-10,1,1137.5,-0.8934988914521976,20.35815268614516,3697,0.05549626467449306,0.5377575061922311,0.11655730098760522,110.80346079133184,1996.593130028422,10.265924835526317,0.5697204818008201
2025-03-11,1,1150.0,-0.8902899271525117,23.837784371908995,3697,0.05549626467449306,0.5377575061922311,0.11655730098760522,110.80346079133184,1996.593130028422,10.378737196356276,0.575981146435994
2025-03-12,1,1150.0,-0.8882074041046353,19.79166666666667,3697,0.05549626467449306,0.5377575061922311,0.11655730098760522,110.80346079133184,1996.593130028422,10.378737196356276,0.575981146435994
2025-03-13,1,1189.0,-0.882187332380351,20.700308959835212,3697,0.05549626467449306,0.5377575061922311,0.11655730098760522,110.80346079133184,1996.593130028422,10.73071176214575,0.5955144200977364
2025-03-14,1,1215.0,-0.8773482179991574,22.922922922922922,3697,0.05549626467449306,0.5377575061922311,0.11655730098760522,110.80346079133184,1996.593130028422,10.965361472672065,0.608536602538898
2025-03-17,1,1259.0,-0.8704343280080024,29.48837209302326,3697,0.05549626467449306,0.5377575061922311,0.11655730098760522,110.80346079133184,1996.593130028422,11.362460982793523,0.6305741420547099
2025-03-18,1,1274.0,-0.8662579520880136,35.95854922279793,3697,0.05549626467449306,0.5377575061922311,0.11655730098760522,110.80346079133184,1996.593130028422,11.497835815789474,0.6380869396169185
2025-03-19,1,1251.5,-0.8659473872504879,32.69035532994924,3697,0.05549626467449306,0.5377575061922311,0.11655730098760522,110.80346079133184,1996.593130028422,11.294773566295547,0.6268177432736056
2025-03-21,1,1241.5,-0.8643432311114931,34.18259023354565,3697,0.05549626467449306,0.5377575061922311,0.11655730098760522,110.80346079133184,1996.593130028422,11.20452367763158,0.6218092115654665
2025-03-24,1,1242.0,-0.8612466205396709,36.210762331838566,3697,0.05549626467449306,0.5377575061922311,0.11655730098760522,110.80346079133184,1996.593130028422,11.209036172064778,0.6220596381508735
2025-03-25,1,1240.5,-0.8581130078517284,34.92605233219568,3697,0.05549626467449306,0.5377575061922311,0.11655730098760522,110.80346079133184,1996.593130028422,11.195498688765182,0.6213083583946526
2025-03-26,1,1236.0,-0.8551611156812701,37.07729468599034,3697,0.05549626467449306,0.5377575061922311,0.11655730098760522,110.80346079133184,1996.593130028422,11.154886238866398,0.6190545191259901
2025-03-27,1,1231.0,-0.8519999839696706,36.483253588516746,3697,0.05549626467449306,0.5377575061922311,0.11655730098760522,110.80346079133184,1996.593130028422,11.109761294534414,0.6165502532719205
2025-03-28,1,1203.5,-0.851406544779289,36.61464585834334,3697,0.05549626467449306,0.5377575061922311,0.11655730098760522,110.80346079133184,1996.593130028422,10.861574100708502,0.6027767910745381
2025-03-31,1,1150.5,-0.8538865789012474,37.7008652657602,3697,0.05549626467449306,0.5377575061922311,0.11655730098760522,110.80346079133184,1996.593130028422,10.383249690789475,0.5762315730214009
2025-04-01,1,1149.5,-0.8497165598100637,36.986301369863014,3697,0.05549626467449306,0.5377575061922311,0.11655730098760522,110.80346079133184,1996.593130028422,10.374224701923078,0.575730719850587
2025-04-02,1,1226.0,-0.8349923821931746,48.648648648648646,3697,0.05549626467449306,0.5377575061922311,0.11655730098760522,110.80346079133184,1996.593130028422,11.064636350202429,0.614045987417851
2025-04-03,1,1161.5,-0.8388651146788354,43.43629343629344,3697,0.05549626467449306,0.5377575061922311,0.11655730098760522,110.80346079133184,1996.593130028422,10.482524568319839,0.5817409579003539
2025-04-04,1,1095.0,-0.8432754430510192,44.37869822485207,3697,0.05549626467449306,0.5377575061922311,0.11655730098760522,110.80346079133184,1996.593130028422,9.882362808704453,0.548434222041229
2025-04-07,1,983.0,-0.8546765185047205,35.144032921810705,3697,0.05549626467449306,0.5377575061922311,0.11655730098760522,110.80346079133184,1996.593130028422,8.871564055668017,0.49233866691007133
2025-04-08,1,1056.5,-0.8382835555882101,43.81679389312978,3697,0.05549626467449306,0.5377575061922311,0.11655730098760522,110.80346079133184,1996.593130028422,9.53490073734818,0.5291513749648936
2025-04-09,1,1084.5,-0.8280018397221385,45.11558538404176,3697,0.05549626467449306,0.5377575061922311,0.11655730098760522,110.80346079133184,1996.593130028422,9.787600425607287,0.543175263747683
2025-04-10,1,1207.5,-0.8015851280590671,53.6231884057971,3697,0.12437025964679178,0.5328318584070797,0.1306250810530411,16.79621961320695,135.05012903332167,71.89117717004228,8.94112437095167
2025-04-11,1,1178.0,-0.7994952773024568,49.298469387755105,3697,0.12437025964679178,0.5328318584070797,0.1306250810530411,16.79621961320695,135.05012903332167,70.1348295704429,8.722686963959475
2025-04-14,1,1152.0,-0.7966077755152485,45.98214285714286,3697,0.12437025964679178,0.5328318584070797,0.1306250810530411,16.79621961320695,135.05012903332167,68.58686219452481,8.53016585949178
2025-04-15,1,1195.0,-0.7808572546334784,45.91315453384419,3697,0.12437025964679178,0.5328318584070797,0.1306250810530411,16.79621961320695,135.05012903332167,71.14696208546628,8.848566147649892
2025-04-16,1,1158.5,-0.7789479308050735,42.82162834058422,3697,0.12437025964679178,0.5328318584070797,0.1306250810530411,16.79621961320695,135.05012903332167,68.97385403850434,8.578296135608703
2025-04-17,1,1209.5,-0.7593085917910863,47.47899159663865,3697,0.12437025964679178,0.5328318584070797,0.1306250810530411,16.79621961320695,135.05012903332167,72.01025158357444,8.955933686679954
2025-04-18,1,1222.5,-0.7460183573152945,48.86363636363637,3697,0.12437025964679178,0.5328318584070797,0.1306250810530411,16.79621961320695,135.05012903332167,72.78423527153349,9.052194238913803
2025-04-21,1,1281.0,-0.7211551996610036,52.18120805369128,3697,0.12437025964679178,0.5328318584070797,0.1306250810530411,16.79621961320695,135.05012903332167,76.2671618673492,9.48536672396612
2025-04-22,1,1283.0,-0.7068451542242783,52.37562884292901,3697,0.12437025964679178,0.5328318584070797,0.1306250810530411,16.79621961320695,135.05012903332167,76.38623628088136,9.500176039694404
2025-04-23,1,1230.0,-0.7036092204038946,49.68186638388123,3697,0.12437025964679178,0.5328318584070797,0.1306250810530411,16.79621961320695,135.05012903332167,73.2307643222791,9.107729172894869
2025-04-24,1,1207.5,-0.6922124002079956,48.77667881311817,3697,0.12437025964679178,0.5328318584070797,0.1306250810530411,16.79621961320695,135.05012903332167,71.89117717004228,8.94112437095167
2025-04-25,1,1223.5,-0.669622556935091,51.053740779768184,3697,0.12437025964679178,0.5328318584070797,0.1306250810530411,16.79621961320695,135.05012903332167,72.84377247829957,9.059598896777944
2025-04-28,1,1349.0,-0.6128673073280669,59.71610376896721,3697,0.12437025964679178,0.5328318584070797,0.1306250810530411,16.79621961320695,135.05012903332167,80.31569192744269,9.988883458727786
2025-04-30,0,1311.0,-0.5987152357611759,57.62871988663202,3697,0.12437025964679178,0.5328318584070797,0.1306250810530411,16.79621961320695,135.05012903332167,78.05327807033163,9.707506459890384
2025-05-01,0,1353.5,-0.5549824864428847,56.22254758418741,3697,0.12437025964679178,0.5328318584070797,0.1306250810530411,16.79621961320695,135.05012903332167,80.58360935789005,10.022204419116425
2025-05-02,0,1376.0,-0.5096804846181257,60.916030534351144,3697,0.12437025964679178,0.5328318584070797,0.1306250810530411,16.79621961320695,135.05012903332167,81.92319651012686,10.188809221059625
2025-05-07,0,1371.0,-0.4674101084603192,64.98371335504886,3697,0.12437025964679178,0.5328318584070797,0.1306250810530411,16.79621961320695,135.05012903332167,81.62551047629645,10.151785931738914
2025-05-08,0,1422.0,-0.384834571547229,75.52325581395348,3697,0.12437025964679178,0.5328318584070797,0.1306250810530411,16.79621961320695,135.05012903332167,84.66190802136657,10.529423482810165
2025-05-09,0,1458.0,-0.28825275326095445,74.40729483282675,3697,0.12437025964679178,0.5328318584070797,0.1306250810530411,16.79621961320695,135.05012903332167,86.80524746494547,10.795991165919283
2025-05-12,0,1440.5,-0.19606880155372747,71.92118226600985,3697,0.12437025964679178,0.5328318584070797,0.1306250810530411,16.79621961320695,135.05012903332167,85.76334634653905,10.666409653296794
2025-05-13,0,1463.5,-0.04856325575347812,67.97752808988764,3697,0.12437025964679178,0.5328318584070797,0.1306250810530411,16.79621961320695,135.05012903332167,87.13270210215892,10.836716784172065
2025-05-14,0,1449.5,0.1291344471045238,69.49030868628859,3697,0.12437025964679178,0.5328318584070797,0.1306250810530411,16.79621961320695,135.05012903332167,86.29918120743378,10.733051574074075
2025-05-15,0,1428.5,0.11208279054800992,69.99276934201012,3697,0.12437025964679178,0.5328318584070797,0.1306250810530411,16.79621961320695,135.05012903332167,85.04889986534609,10.577553758927088
2025-05-16,0,1443.0,0.12235744323396572,68.7028657616893,3697,0.12437025964679178,0.5328318584070797,0.1306250810530411,16.79621961320695,135.05012903332167,85.91218936345426,10.68492129795715
2025-05-19,0,1476.5,0.147271361599627,74.0909090909091,3697,0.12437025964679178,0.5328318584070797,0.1306250810530411,16.79621961320695,135.05012903332167,87.90668579011796,10.932977336405914
2025-05-20,0,1539.0,0.19267808799520564,74.53462397617275,3697,0.12437025964679178,0.5328318584070797,0.1306250810530411,16.79621961320695,135.05012903332167,91.627761212998,11.3957684529148
2025-05-21,0,1532.0,0.185049196559335,73.25319308790384,3697,0.12437025964679178,0.5328318584070797,0.1306250810530411,16.79621961320695,135.05012903332167,91.21100076563543,11.343935847865804
2025-05-22,0,1537.5,0.18702036656733012,70.93877551020408,3697,0.12437025964679178,0.5328318584070797,0.1306250810530411,16.79621961320695,135.05012903332167,91.53845540284887,11.384661466118585
2025-05-23,0,1552.0,0.19570409405383749,71.52000000000001,3697,0.12437025964679178,0.5328318584070797,0.1306250810530411,16.79621961320695,135.05012903332167,92.40174490095704,11.492029005148646
2025-05-26,0,1589.5,0.22086414190033382,79.49138638228055,3697,0.12437025964679178,0.5328318584070797,0.1306250810530411,16.79621961320695,135.05012903332167,94.63439015468506,11.769703675053979
2025-05-27,0,1591.0,0.21787544142562626,82.58283772302464,3697,0.12437025964679178,0.5328318584070797,0.1306250810530411,16.79621961320695,135.05012903332167,94.72369596483418,11.780810661850191
2025-05-28,0,1540.0,0.17680621924256462,75.38091419406575,3697,0.12437025964679178,0.5328318584070797,0.1306250810530411,16.79621961320695,135.05012903332167,91.68729841976408,11.40317311077894
2025-05-29,0,1616.0,0.23285372068539345,73.25783972125436,3697,0.12437025964679178,0.5328318584070797,0.1306250810530411,16.79621961320695,135.05012903332167,96.2121261339862,11.965927108453746
2025-05-30,0,1673.0,0.2734764715136076,80.52276559865092,3697,0.12437025964679178,0.5328318584070797,0.1306250810530411,16.79621961320695,135.05012903332167,99.60574691965279,12.38799260670985
2025-06-02,0,1761.0,0.33576398721631145,81.91072826938137,3697,0.12437025964679178,0.5328318584070797,0.1306250810530411,16.79621961320695,135.05012903332167,104.84502111506788,13.03960249875436
2025-06-03,0,1790.0,0.35297200330558526,82.09302325581396,3697,0.12437025964679178,0.5328318584070797,0.1306250810530411,16.79621961320695,135.05012903332167,106.57160011128421,13.254337576814484
2025-06-04,0,1767.5,0.3320186897106109,79.9245283018868,3697,0.12437025964679178,0.5328318584070797,0.1306250810530411,16.79621961320695,135.05012903332167,105.23201295904741,13.087732774871284
2025-06-05,0,1747.5,0.31348840472229456,75.77197149643705,3697,0.12437025964679178,0.5328318584070797,0.1306250810530411,16.79621961320695,135.05012903332167,104.04126882372579,12.93963961758844
2025-06-06,0,1740.5,0.3048139300100956,73.44398340248962,3697,0.12437025964679178,0.5328318584070797,0.1306250810530411,16.79621961320695,135.05012903332167,103.62450837636322,12.887807012539445
2025-06-09,0,1737.0,0.29794112812031426,75.1911639762107,3697,0.12437025964679178,0.5328318584070797,0.1306250810530411,16.79621961320695,135.05012903332167,103.41612815268195,12.861890710014949
2025-06-10,0,1719.5,0.2810674693050423,71.95540308747856,3697,0.12437025964679178,0.5328318584070797,0.1306250810530411,16.79621961320695,135.05012903332167,102.37422703427553,12.73230919739246
2025-06-11,0,1776.0,0.31811367246062716,76.09912070343725,3697,0.12437025964679178,0.5328318584070797,0.1306250810530411,16.79621961320695,135.05012903332167,105.73807921655909,13.150672366716494
2025-06-12,0,1789.0,0.32221428395457125,79.19028340080972,3697,0.12437025964679178,0.5328318584070797,0.1306250810530411,16.79621961320695,135.05012903332167,106.51206290451813,13.24693291895034
2025-06-13,0,1755.0,0.2922211477574501,74.48979591836735,3697,0.12437025964679178,0.5328318584070797,0.1306250810530411,16.79621961320695,135.05012903332167,104.4877978744714,12.995174551569507
2025-06-16,0,1761.0,0.2913397374789176,73.33880229696473,3697,0.12437025964679178,0.5328318584070797,0.1306250810530411,16.79621961320695,135.05012903332167,104.84502111506788,13.03960249875436
2025-06-17,0,1740.5,0.2713783431053626,67.75330396475772,3697,0.12437025964679178,0.5328318584070797,0.1306250810530411,16.79621961320695,135.05012903332167,103.62450837636322,12.887807012539445
2025-06-18,0,1739.5,0.2654160826782154,68.4772929652716,3697,0.12437025964679178,0.5328318584070797,0.1306250810530411,16.79621961320695,135.05012903332167,103.56497116959714,12.880402354675304
2025-06-19,0,1764.5,0.27722872612510013,69.53528399311531,3697,0.12437025964679178,0.5328318584070797,0.1306250810530411,16.79621961320695,135.05012903332167,105.05340133874915,13.065518801278857
2025-06-20,0,1737.5,0.2518432416075468,65.62763268744735,3697,0.12437025964679178,0.5328318584070797,0.1306250810530411,16.79621961320695,135.05012903332167,103.44589675606498,12.865593038947019
2025-06-23,0,1715.0,0.23000200816654398,60.847018150388934,3697,0.12437025964679178,0.5328318584070797,0.1306250810530411,16.79621961320695,135.05012903332167,102.10630960382818,12.698988237003821
2025-06-24,0,1774.5,0.2660771704180065,64.41476826394344,3697,0.12437025964679178,0.5328318584070797,0.1306250810530411,16.79621961320695,135.05012903332167,105.64877340640997,13.13956537992028
2025-06-25,0,1761.0,0.24920786554049576,68.4474123539232,3697,0.12437025964679178,0.5328318584070797,0.1306250810530411,16.79621961320695,135.05012903332167,104.84502111506788,13.03960249875436
2025-06-26,0,1763.5,0.2439220517836485,64.03425309229306,3697,0.12437025964679178,0.5328318584070797,0.1306250810530411,16.79621961320695,135.05012903332167,104.99386413198307,13.058114143414716
2025-06-27,0,1740.0,0.22043028350455204,56.8089430894309,3697,0.12437025964679178,0.5328318584070797,0.1306250810530411,16.79621961320695,135.05012903332167,103.59473977298019,12.884104683607374
2025-06-30,0,1748.0,0.21922298946781052,48.42233009708738,3697,0.12437025964679178,0.5328318584070797,0.1306250810530411,16.79621961320695,135.05012903332167,104.07103742710883,12.943341946520512
2025-07-01,0,1786.0,0.23840297327656737,49.5249406175772,3697,0.12437025964679178,0.5328318584070797,0.1306250810530411,16.79621961320695,135.05012903332167,106.33345128421989,13.224718945357914
2025-07-02,0,1700.5,0.173567977915804,43.078512396694215,3697,0.12437025964679178,0.5328318584070797,0.1306250810530411,16.79621961320695,135.05012903332167,101.24302010572,12.59162069797376
2025-07-03,0,1712.5,0.17646385307655307,46.3235294117647,3697,0.12437025964679178,0.5328318584070797,0.1306250810530411,16.79621961320695,135.05012903332167,101.95746658691297,12.680476592343465
2025-07-04,0,1714.5,0.1729439559236691,47.23991507430998,3697,0.12437025964679178,0.5328318584070797,0.1306250810530411,16.79621961320695,135.05012903332167,102.07654100044513,12.69528590807175
2025-07-07,0,1700.0,0.15852218002071702,46.16182572614108,3697,0.12437025964679178,0.5328318584070797,0.1306250810530411,16.79621961320695,135.05012903332167,101.21325150233696,12.587918369041688
2025-07-08,0,1723.5,0.16952119863199605,50.40983606557378,3697,0.12437025964679178,0.5328318584070797,0.1306250810530411,16.79621961320695,135.05012903332167,102.61237586133986,12.761927828849029
2025-07-09,0,1682.5,0.13716239963232316,40.1058201058201,3697,0.16397379342747515,0.49223949633817293,0.12478514233010522,23.48405332966082,143.2183328737083,71.64436123447946,11.747797689305944
2025-07-10,0,1563.5,0.053680299402004764,30.50993949870353,3697,0.16397379342747515,0.49223949633817293,0.12478514233010522,23.48405332966082,143.2183328737083,66.57709289159503,10.916898476808228
2025-07-11,0,1497.5,0.0068761178173929165,28.910728910728906,3697,0.16397379342747515,0.49223949633817293,0.12478514233010522,23.48405332966082,143.2183328737083,63.76667515520534,10.456063619456554
2025-07-14,0,1535.5,0.029661585229558775,32.45136186770428,3697,0.16397379342747515,0.49223949633817293,0.12478514233010522,23.48405332966082,143.2183328737083,65.38479445797516,10.721392779749943
2025-07-15,0,1547.0,0.03445047743868188,34.72770323599053,3697,0.16397379342747515,0.49223949633817293,0.12478514233010522,23.48405332966082,143.2183328737083,65.8744884574976,10.801689762470309
2025-07-16,0,1559.5,0.039509585218233674,36.04651162790697,3697,0.16397379342747515,0.49223949633817293,0.12478514233010522,23.48405332966082,143.2183328737083,66.40676454393505,10.888969091514188
2025-07-17,0,1626.0,0.07927517313096007,39.91260014566642,3697,0.16397379342747515,0.49223949633817293,0.12478514233010522,23.48405332966082,143.2183328737083,69.23847332378223,11.353295122027617
2025-07-18,0,1613.5,0.06659821164939866,40.773809523809526,3697,0.16397379342747515,0.49223949633817293,0.12478514233010522,23.48405332966082,143.2183328737083,68.7061972373448,11.266015792983739
2025-07-22,0,1618.0,0.06589019618176786,42.58409785932722,3697,0.16397379342747515,0.49223949633817293,0.12478514233010522,23.48405332966082,143.2183328737083,68.89781662846227,11.297436351439535
2025-07-23,0,1592.0,0.04481138266873177,35.294117647058826,3697,0.16397379342747515,0.49223949633817293,0.12478514233010522,23.48405332966082,143.2183328737083,67.79068236867239,11.11589534702827
2025-07-24,0,1610.0,0.05188424482115796,37.92,3697,0.16397379342747515,0.49223949633817293,0.12478514233010522,23.48405332966082,143.2183328737083,68.5571599331423,11.241577580851454
2025-07-25,0,1572.0,0.02181430540027557,35.50340651021952,3697,0.16397379342747515,0.49223949633817293,0.12478514233010522,23.48405332966082,143.2183328737083,66.93904063037249,10.976248420558065
