Date,target,code,NetSales,OperatingProfit,Profit,TotalAssets,Equity,ROE,SelfCapitalRatio
2023-08-10,0,4755,972800000000.0,-125087000000.0,-139985000000.0,21648023000000.0,1172294000000.0,-0.11941117160029822,0.05415247387717576
2023-08-14,0,4755,972800000000.0,-125087000000.0,-139985000000.0,21648023000000.0,1172294000000.0,-0.11941117160029822,0.05415247387717576
2023-08-15,0,4755,972800000000.0,-125087000000.0,-139985000000.0,21648023000000.0,1172294000000.0,-0.11941117160029822,0.05415247387717576
2023-08-16,0,4755,972800000000.0,-125087000000.0,-139985000000.0,21648023000000.0,1172294000000.0,-0.11941117160029822,0.05415247387717576
2023-08-17,1,4755,972800000000.0,-125087000000.0,-139985000000.0,21648023000000.0,1172294000000.0,-0.11941117160029822,0.05415247387717576
2023-08-18,1,4755,972800000000.0,-125087000000.0,-139985000000.0,21648023000000.0,1172294000000.0,-0.11941117160029822,0.05415247387717576
2023-08-21,1,4755,972800000000.0,-125087000000.0,-139985000000.0,21648023000000.0,1172294000000.0,-0.11941117160029822,0.05415247387717576
2023-08-22,0,4755,972800000000.0,-125087000000.0,-139985000000.0,21648023000000.0,1172294000000.0,-0.11941117160029822,0.05415247387717576
2023-08-23,1,4755,972800000000.0,-125087000000.0,-139985000000.0,21648023000000.0,1172294000000.0,-0.11941117160029822,0.05415247387717576
2023-08-24,1,4755,972800000000.0,-125087000000.0,-139985000000.0,21648023000000.0,1172294000000.0,-0.11941117160029822,0.05415247387717576
2023-08-25,1,4755,972800000000.0,-125087000000.0,-139985000000.0,21648023000000.0,1172294000000.0,-0.11941117160029822,0.05415247387717576
2023-08-28,1,4755,972800000000.0,-125087000000.0,-139985000000.0,21648023000000.0,1172294000000.0,-0.11941117160029822,0.05415247387717576
2023-08-29,1,4755,972800000000.0,-125087000000.0,-139985000000.0,21648023000000.0,1172294000000.0,-0.11941117160029822,0.05415247387717576
2023-08-30,1,4755,972800000000.0,-125087000000.0,-139985000000.0,21648023000000.0,1172294000000.0,-0.11941117160029822,0.05415247387717576
2023-08-31,1,4755,972800000000.0,-125087000000.0,-139985000000.0,21648023000000.0,1172294000000.0,-0.11941117160029822,0.05415247387717576
2023-09-01,1,4755,972800000000.0,-125087000000.0,-139985000000.0,21648023000000.0,1172294000000.0,-0.11941117160029822,0.05415247387717576
2023-09-04,0,4755,972800000000.0,-125087000000.0,-139985000000.0,21648023000000.0,1172294000000.0,-0.11941117160029822,0.05415247387717576
2023-09-05,0,4755,972800000000.0,-125087000000.0,-139985000000.0,21648023000000.0,1172294000000.0,-0.11941117160029822,0.05415247387717576
2023-09-06,0,4755,972800000000.0,-125087000000.0,-139985000000.0,21648023000000.0,1172294000000.0,-0.11941117160029822,0.05415247387717576
2023-09-07,1,4755,972800000000.0,-125087000000.0,-139985000000.0,21648023000000.0,1172294000000.0,-0.11941117160029822,0.05415247387717576
2023-09-08,1,4755,972800000000.0,-125087000000.0,-139985000000.0,21648023000000.0,1172294000000.0,-0.11941117160029822,0.05415247387717576
2023-09-11,1,4755,972800000000.0,-125087000000.0,-139985000000.0,21648023000000.0,1172294000000.0,-0.11941117160029822,0.05415247387717576
2023-09-12,0,4755,972800000000.0,-125087000000.0,-139985000000.0,21648023000000.0,1172294000000.0,-0.11941117160029822,0.05415247387717576
2023-09-13,0,4755,972800000000.0,-125087000000.0,-139985000000.0,21648023000000.0,1172294000000.0,-0.11941117160029822,0.05415247387717576
2023-09-14,0,4755,972800000000.0,-125087000000.0,-139985000000.0,21648023000000.0,1172294000000.0,-0.11941117160029822,0.05415247387717576
2023-09-15,0,4755,972800000000.0,-125087000000.0,-139985000000.0,21648023000000.0,1172294000000.0,-0.11941117160029822,0.05415247387717576
2023-09-19,0,4755,972800000000.0,-125087000000.0,-139985000000.0,21648023000000.0,1172294000000.0,-0.11941117160029822,0.05415247387717576
2023-09-20,0,4755,972800000000.0,-125087000000.0,-139985000000.0,21648023000000.0,1172294000000.0,-0.11941117160029822,0.05415247387717576
2023-09-21,0,4755,972800000000.0,-125087000000.0,-139985000000.0,21648023000000.0,1172294000000.0,-0.11941117160029822,0.05415247387717576
2023-09-22,0,4755,972800000000.0,-125087000000.0,-139985000000.0,21648023000000.0,1172294000000.0,-0.11941117160029822,0.05415247387717576
2023-09-25,0,4755,972800000000.0,-125087000000.0,-139985000000.0,21648023000000.0,1172294000000.0,-0.11941117160029822,0.05415247387717576
2023-09-26,0,4755,972800000000.0,-125087000000.0,-139985000000.0,21648023000000.0,1172294000000.0,-0.11941117160029822,0.05415247387717576
2023-09-27,0,4755,972800000000.0,-125087000000.0,-139985000000.0,21648023000000.0,1172294000000.0,-0.11941117160029822,0.05415247387717576
2023-09-28,0,4755,972800000000.0,-125087000000.0,-139985000000.0,21648023000000.0,1172294000000.0,-0.11941117160029822,0.05415247387717576
2023-09-29,0,4755,972800000000.0,-125087000000.0,-139985000000.0,21648023000000.0,1172294000000.0,-0.11941117160029822,0.05415247387717576
2023-10-02,1,4755,972800000000.0,-125087000000.0,-139985000000.0,21648023000000.0,1172294000000.0,-0.11941117160029822,0.05415247387717576
2023-10-03,1,4755,972800000000.0,-125087000000.0,-139985000000.0,21648023000000.0,1172294000000.0,-0.11941117160029822,0.05415247387717576
2023-10-04,1,4755,972800000000.0,-125087000000.0,-139985000000.0,21648023000000.0,1172294000000.0,-0.11941117160029822,0.05415247387717576
2023-10-05,1,4755,972800000000.0,-125087000000.0,-139985000000.0,21648023000000.0,1172294000000.0,-0.11941117160029822,0.05415247387717576
2023-10-06,1,4755,972800000000.0,-125087000000.0,-139985000000.0,21648023000000.0,1172294000000.0,-0.11941117160029822,0.05415247387717576
2023-10-10,1,4755,972800000000.0,-125087000000.0,-139985000000.0,21648023000000.0,1172294000000.0,-0.11941117160029822,0.05415247387717576
2023-10-11,1,4755,972800000000.0,-125087000000.0,-139985000000.0,21648023000000.0,1172294000000.0,-0.11941117160029822,0.05415247387717576
2023-10-12,1,4755,972800000000.0,-125087000000.0,-139985000000.0,21648023000000.0,1172294000000.0,-0.11941117160029822,0.05415247387717576
2023-10-13,1,4755,972800000000.0,-125087000000.0,-139985000000.0,21648023000000.0,1172294000000.0,-0.11941117160029822,0.05415247387717576
2023-10-16,1,4755,972800000000.0,-125087000000.0,-139985000000.0,21648023000000.0,1172294000000.0,-0.11941117160029822,0.05415247387717576
2023-10-17,1,4755,972800000000.0,-125087000000.0,-139985000000.0,21648023000000.0,1172294000000.0,-0.11941117160029822,0.05415247387717576
2023-10-18,1,4755,972800000000.0,-125087000000.0,-139985000000.0,21648023000000.0,1172294000000.0,-0.11941117160029822,0.05415247387717576
2023-10-19,1,4755,972800000000.0,-125087000000.0,-139985000000.0,21648023000000.0,1172294000000.0,-0.11941117160029822,0.05415247387717576
2023-10-20,1,4755,972800000000.0,-125087000000.0,-139985000000.0,21648023000000.0,1172294000000.0,-0.11941117160029822,0.05415247387717576
2023-10-23,1,4755,972800000000.0,-125087000000.0,-139985000000.0,21648023000000.0,1172294000000.0,-0.11941117160029822,0.05415247387717576
2023-10-24,1,4755,972800000000.0,-125087000000.0,-139985000000.0,21648023000000.0,1172294000000.0,-0.11941117160029822,0.05415247387717576
2023-10-25,1,4755,972800000000.0,-125087000000.0,-139985000000.0,21648023000000.0,1172294000000.0,-0.11941117160029822,0.05415247387717576
2023-10-26,1,4755,972800000000.0,-125087000000.0,-139985000000.0,21648023000000.0,1172294000000.0,-0.11941117160029822,0.05415247387717576
2023-10-27,1,4755,972800000000.0,-125087000000.0,-139985000000.0,21648023000000.0,1172294000000.0,-0.11941117160029822,0.05415247387717576
2023-10-30,1,4755,972800000000.0,-125087000000.0,-139985000000.0,21648023000000.0,1172294000000.0,-0.11941117160029822,0.05415247387717576
2023-10-31,1,4755,972800000000.0,-125087000000.0,-139985000000.0,21648023000000.0,1172294000000.0,-0.11941117160029822,0.05415247387717576
2023-11-01,1,4755,972800000000.0,-125087000000.0,-139985000000.0,21648023000000.0,1172294000000.0,-0.11941117160029822,0.05415247387717576
2023-11-02,1,4755,972800000000.0,-125087000000.0,-139985000000.0,21648023000000.0,1172294000000.0,-0.11941117160029822,0.05415247387717576
2023-11-06,1,4755,972800000000.0,-125087000000.0,-139985000000.0,21648023000000.0,1172294000000.0,-0.11941117160029822,0.05415247387717576
2023-11-07,1,4755,972800000000.0,-125087000000.0,-139985000000.0,21648023000000.0,1172294000000.0,-0.11941117160029822,0.05415247387717576
2023-11-08,1,4755,972800000000.0,-125087000000.0,-139985000000.0,21648023000000.0,1172294000000.0,-0.11941117160029822,0.05415247387717576
2023-11-09,1,4755,1491239000000.0,-179578000000.0,-208447000000.0,21640993000000.0,1131183000000.0,-0.18427345531182843,0.05227038334146682
2023-11-10,1,4755,1491239000000.0,-179578000000.0,-208447000000.0,21640993000000.0,1131183000000.0,-0.18427345531182843,0.05227038334146682
2023-11-13,1,4755,1491239000000.0,-179578000000.0,-208447000000.0,21640993000000.0,1131183000000.0,-0.18427345531182843,0.05227038334146682
2023-11-14,1,4755,1491239000000.0,-179578000000.0,-208447000000.0,21640993000000.0,1131183000000.0,-0.18427345531182843,0.05227038334146682
2023-11-15,1,4755,1491239000000.0,-179578000000.0,-208447000000.0,21640993000000.0,1131183000000.0,-0.18427345531182843,0.05227038334146682
2023-11-16,1,4755,1491239000000.0,-179578000000.0,-208447000000.0,21640993000000.0,1131183000000.0,-0.18427345531182843,0.05227038334146682
2023-11-17,1,4755,1491239000000.0,-179578000000.0,-208447000000.0,21640993000000.0,1131183000000.0,-0.18427345531182843,0.05227038334146682
2023-11-20,1,4755,1491239000000.0,-179578000000.0,-208447000000.0,21640993000000.0,1131183000000.0,-0.18427345531182843,0.05227038334146682
2023-11-21,1,4755,1491239000000.0,-179578000000.0,-208447000000.0,21640993000000.0,1131183000000.0,-0.18427345531182843,0.05227038334146682
2023-11-22,1,4755,1491239000000.0,-179578000000.0,-208447000000.0,21640993000000.0,1131183000000.0,-0.18427345531182843,0.05227038334146682
2023-11-24,1,4755,1491239000000.0,-179578000000.0,-208447000000.0,21640993000000.0,1131183000000.0,-0.18427345531182843,0.05227038334146682
2023-11-27,1,4755,1491239000000.0,-179578000000.0,-208447000000.0,21640993000000.0,1131183000000.0,-0.18427345531182843,0.05227038334146682
2023-11-28,1,4755,1491239000000.0,-179578000000.0,-208447000000.0,21640993000000.0,1131183000000.0,-0.18427345531182843,0.05227038334146682
2023-11-29,1,4755,1491239000000.0,-179578000000.0,-208447000000.0,21640993000000.0,1131183000000.0,-0.18427345531182843,0.05227038334146682
2023-11-30,1,4755,1491239000000.0,-179578000000.0,-208447000000.0,21640993000000.0,1131183000000.0,-0.18427345531182843,0.05227038334146682
2023-12-01,1,4755,1491239000000.0,-179578000000.0,-208447000000.0,21640993000000.0,1131183000000.0,-0.18427345531182843,0.05227038334146682
2023-12-04,1,4755,1491239000000.0,-179578000000.0,-208447000000.0,21640993000000.0,1131183000000.0,-0.18427345531182843,0.05227038334146682
2023-12-05,1,4755,1491239000000.0,-179578000000.0,-208447000000.0,21640993000000.0,1131183000000.0,-0.18427345531182843,0.05227038334146682
2023-12-06,1,4755,1491239000000.0,-179578000000.0,-208447000000.0,21640993000000.0,1131183000000.0,-0.18427345531182843,0.05227038334146682
2023-12-07,1,4755,1491239000000.0,-179578000000.0,-208447000000.0,21640993000000.0,1131183000000.0,-0.18427345531182843,0.05227038334146682
2023-12-08,1,4755,1491239000000.0,-179578000000.0,-208447000000.0,21640993000000.0,1131183000000.0,-0.18427345531182843,0.05227038334146682
2023-12-11,1,4755,1491239000000.0,-179578000000.0,-208447000000.0,21640993000000.0,1131183000000.0,-0.18427345531182843,0.05227038334146682
2023-12-12,1,4755,1491239000000.0,-179578000000.0,-208447000000.0,21640993000000.0,1131183000000.0,-0.18427345531182843,0.05227038334146682
2023-12-13,1,4755,1491239000000.0,-179578000000.0,-208447000000.0,21640993000000.0,1131183000000.0,-0.18427345531182843,0.05227038334146682
2023-12-14,1,4755,1491239000000.0,-179578000000.0,-208447000000.0,21640993000000.0,1131183000000.0,-0.18427345531182843,0.05227038334146682
2023-12-15,1,4755,1491239000000.0,-179578000000.0,-208447000000.0,21640993000000.0,1131183000000.0,-0.18427345531182843,0.05227038334146682
2023-12-18,1,4755,1491239000000.0,-179578000000.0,-208447000000.0,21640993000000.0,1131183000000.0,-0.18427345531182843,0.05227038334146682
2023-12-19,1,4755,1491239000000.0,-179578000000.0,-208447000000.0,21640993000000.0,1131183000000.0,-0.18427345531182843,0.05227038334146682
2023-12-20,1,4755,1491239000000.0,-179578000000.0,-208447000000.0,21640993000000.0,1131183000000.0,-0.18427345531182843,0.05227038334146682
2023-12-21,1,4755,1491239000000.0,-179578000000.0,-208447000000.0,21640993000000.0,1131183000000.0,-0.18427345531182843,0.05227038334146682
2023-12-22,1,4755,1491239000000.0,-179578000000.0,-208447000000.0,21640993000000.0,1131183000000.0,-0.18427345531182843,0.05227038334146682
2023-12-25,1,4755,1491239000000.0,-179578000000.0,-208447000000.0,21640993000000.0,1131183000000.0,-0.18427345531182843,0.05227038334146682
2023-12-26,1,4755,1491239000000.0,-179578000000.0,-208447000000.0,21640993000000.0,1131183000000.0,-0.18427345531182843,0.05227038334146682
2023-12-27,1,4755,1491239000000.0,-179578000000.0,-208447000000.0,21640993000000.0,1131183000000.0,-0.18427345531182843,0.05227038334146682
2023-12-28,1,4755,1491239000000.0,-179578000000.0,-208447000000.0,21640993000000.0,1131183000000.0,-0.18427345531182843,0.05227038334146682
2023-12-29,1,4755,1491239000000.0,-179578000000.0,-208447000000.0,21640993000000.0,1131183000000.0,-0.18427345531182843,0.05227038334146682
2024-01-04,1,4755,1491239000000.0,-179578000000.0,-208447000000.0,21640993000000.0,1131183000000.0,-0.18427345531182843,0.05227038334146682
2024-01-05,1,4755,1491239000000.0,-179578000000.0,-208447000000.0,21640993000000.0,1131183000000.0,-0.18427345531182843,0.05227038334146682
2024-01-09,1,4755,1491239000000.0,-179578000000.0,-208447000000.0,21640993000000.0,1131183000000.0,-0.18427345531182843,0.05227038334146682
2024-01-10,1,4755,1491239000000.0,-179578000000.0,-208447000000.0,21640993000000.0,1131183000000.0,-0.18427345531182843,0.05227038334146682
2024-01-11,1,4755,1491239000000.0,-179578000000.0,-208447000000.0,21640993000000.0,1131183000000.0,-0.18427345531182843,0.05227038334146682
2024-01-12,1,4755,1491239000000.0,-179578000000.0,-208447000000.0,21640993000000.0,1131183000000.0,-0.18427345531182843,0.05227038334146682
2024-01-15,1,4755,1491239000000.0,-179578000000.0,-208447000000.0,21640993000000.0,1131183000000.0,-0.18427345531182843,0.05227038334146682
2024-01-16,1,4755,1491239000000.0,-179578000000.0,-208447000000.0,21640993000000.0,1131183000000.0,-0.18427345531182843,0.05227038334146682
2024-01-17,1,4755,1491239000000.0,-179578000000.0,-208447000000.0,21640993000000.0,1131183000000.0,-0.18427345531182843,0.05227038334146682
2024-01-18,1,4755,1491239000000.0,-179578000000.0,-208447000000.0,21640993000000.0,1131183000000.0,-0.18427345531182843,0.05227038334146682
2024-01-19,1,4755,1491239000000.0,-179578000000.0,-208447000000.0,21640993000000.0,1131183000000.0,-0.18427345531182843,0.05227038334146682
2024-01-22,1,4755,1491239000000.0,-179578000000.0,-208447000000.0,21640993000000.0,1131183000000.0,-0.18427345531182843,0.05227038334146682
2024-01-23,1,4755,1491239000000.0,-179578000000.0,-208447000000.0,21640993000000.0,1131183000000.0,-0.18427345531182843,0.05227038334146682
2024-01-24,1,4755,1491239000000.0,-179578000000.0,-208447000000.0,21640993000000.0,1131183000000.0,-0.18427345531182843,0.05227038334146682
2024-01-25,1,4755,1491239000000.0,-179578000000.0,-208447000000.0,21640993000000.0,1131183000000.0,-0.18427345531182843,0.05227038334146682
2024-01-26,1,4755,1491239000000.0,-179578000000.0,-208447000000.0,21640993000000.0,1131183000000.0,-0.18427345531182843,0.05227038334146682
2024-01-29,1,4755,1491239000000.0,-179578000000.0,-208447000000.0,21640993000000.0,1131183000000.0,-0.18427345531182843,0.05227038334146682
2024-01-30,1,4755,1491239000000.0,-179578000000.0,-208447000000.0,21640993000000.0,1131183000000.0,-0.18427345531182843,0.05227038334146682
2024-01-31,1,4755,1491239000000.0,-179578000000.0,-208447000000.0,21640993000000.0,1131183000000.0,-0.18427345531182843,0.05227038334146682
2024-02-01,1,4755,1491239000000.0,-179578000000.0,-208447000000.0,21640993000000.0,1131183000000.0,-0.18427345531182843,0.05227038334146682
2024-02-02,1,4755,1491239000000.0,-179578000000.0,-208447000000.0,21640993000000.0,1131183000000.0,-0.18427345531182843,0.05227038334146682
2024-02-05,1,4755,1491239000000.0,-179578000000.0,-208447000000.0,21640993000000.0,1131183000000.0,-0.18427345531182843,0.05227038334146682
2024-02-06,1,4755,1491239000000.0,-179578000000.0,-208447000000.0,21640993000000.0,1131183000000.0,-0.18427345531182843,0.05227038334146682
2024-02-07,1,4755,1491239000000.0,-179578000000.0,-208447000000.0,21640993000000.0,1131183000000.0,-0.18427345531182843,0.05227038334146682
2024-02-08,1,4755,1491239000000.0,-179578000000.0,-208447000000.0,21640993000000.0,1131183000000.0,-0.18427345531182843,0.05227038334146682
2024-02-09,1,4755,1491239000000.0,-179578000000.0,-208447000000.0,21640993000000.0,1131183000000.0,-0.18427345531182843,0.05227038334146682
2024-02-13,1,4755,1491239000000.0,-179578000000.0,-208447000000.0,21640993000000.0,1131183000000.0,-0.18427345531182843,0.05227038334146682
2024-02-14,1,4755,2071315000000.0,-212857000000.0,-339473000000.0,22625576000000.0,1087723000000.0,-0.31209508303124966,0.048074930777452916
2024-02-15,1,4755,2071315000000.0,-212857000000.0,-339473000000.0,22625576000000.0,1087723000000.0,-0.31209508303124966,0.048074930777452916
2024-02-16,1,4755,2071315000000.0,-212857000000.0,-339473000000.0,22625576000000.0,1087723000000.0,-0.31209508303124966,0.048074930777452916
2024-02-19,1,4755,2071315000000.0,-212857000000.0,-339473000000.0,22625576000000.0,1087723000000.0,-0.31209508303124966,0.048074930777452916
2024-02-20,1,4755,2071315000000.0,-212857000000.0,-339473000000.0,22625576000000.0,1087723000000.0,-0.31209508303124966,0.048074930777452916
2024-02-21,1,4755,2071315000000.0,-212857000000.0,-339473000000.0,22625576000000.0,1087723000000.0,-0.31209508303124966,0.048074930777452916
2024-02-22,1,4755,2071315000000.0,-212857000000.0,-339473000000.0,22625576000000.0,1087723000000.0,-0.31209508303124966,0.048074930777452916
2024-02-26,0,4755,2071315000000.0,-212857000000.0,-339473000000.0,22625576000000.0,1087723000000.0,-0.31209508303124966,0.048074930777452916
2024-02-27,1,4755,2071315000000.0,-212857000000.0,-339473000000.0,22625576000000.0,1087723000000.0,-0.31209508303124966,0.048074930777452916
2024-02-28,1,4755,2071315000000.0,-212857000000.0,-339473000000.0,22625576000000.0,1087723000000.0,-0.31209508303124966,0.048074930777452916
2024-02-29,0,4755,2071315000000.0,-212857000000.0,-339473000000.0,22625576000000.0,1087723000000.0,-0.31209508303124966,0.048074930777452916
2024-03-01,0,4755,2071315000000.0,-212857000000.0,-339473000000.0,22625576000000.0,1087723000000.0,-0.31209508303124966,0.048074930777452916
2024-03-04,0,4755,2071315000000.0,-212857000000.0,-339473000000.0,22625576000000.0,1087723000000.0,-0.31209508303124966,0.048074930777452916
2024-03-05,1,4755,2071315000000.0,-212857000000.0,-339473000000.0,22625576000000.0,1087723000000.0,-0.31209508303124966,0.048074930777452916
2024-03-06,1,4755,2071315000000.0,-212857000000.0,-339473000000.0,22625576000000.0,1087723000000.0,-0.31209508303124966,0.048074930777452916
2024-03-07,0,4755,2071315000000.0,-212857000000.0,-339473000000.0,22625576000000.0,1087723000000.0,-0.31209508303124966,0.048074930777452916
2024-03-08,1,4755,2071315000000.0,-212857000000.0,-339473000000.0,22625576000000.0,1087723000000.0,-0.31209508303124966,0.048074930777452916
2024-03-11,1,4755,2071315000000.0,-212857000000.0,-339473000000.0,22625576000000.0,1087723000000.0,-0.31209508303124966,0.048074930777452916
2024-03-12,1,4755,2071315000000.0,-212857000000.0,-339473000000.0,22625576000000.0,1087723000000.0,-0.31209508303124966,0.048074930777452916
2024-03-13,1,4755,2071315000000.0,-212857000000.0,-339473000000.0,22625576000000.0,1087723000000.0,-0.31209508303124966,0.048074930777452916
2024-03-14,1,4755,2071315000000.0,-212857000000.0,-339473000000.0,22625576000000.0,1087723000000.0,-0.31209508303124966,0.048074930777452916
2024-03-15,1,4755,2071315000000.0,-212857000000.0,-339473000000.0,22625576000000.0,1087723000000.0,-0.31209508303124966,0.048074930777452916
2024-03-18,0,4755,2071315000000.0,-212857000000.0,-339473000000.0,22625576000000.0,1087723000000.0,-0.31209508303124966,0.048074930777452916
2024-03-19,0,4755,2071315000000.0,-212857000000.0,-339473000000.0,22625576000000.0,1087723000000.0,-0.31209508303124966,0.048074930777452916
2024-03-21,0,4755,2071315000000.0,-212857000000.0,-339473000000.0,22625576000000.0,1087723000000.0,-0.31209508303124966,0.048074930777452916
2024-03-22,0,4755,2071315000000.0,-212857000000.0,-339473000000.0,22625576000000.0,1087723000000.0,-0.31209508303124966,0.048074930777452916
2024-03-25,0,4755,2071315000000.0,-212857000000.0,-339473000000.0,22625576000000.0,1087723000000.0,-0.31209508303124966,0.048074930777452916
2024-03-26,0,4755,2071315000000.0,-212857000000.0,-339473000000.0,22625576000000.0,1087723000000.0,-0.31209508303124966,0.048074930777452916
2024-03-27,0,4755,2071315000000.0,-212857000000.0,-339473000000.0,22625576000000.0,1087723000000.0,-0.31209508303124966,0.048074930777452916
2024-03-28,0,4755,2071315000000.0,-212857000000.0,-339473000000.0,22625576000000.0,1087723000000.0,-0.31209508303124966,0.048074930777452916
2024-03-29,0,4755,2071315000000.0,-212857000000.0,-339473000000.0,22625576000000.0,1087723000000.0,-0.31209508303124966,0.048074930777452916
2024-04-01,0,4755,2071315000000.0,-212857000000.0,-339473000000.0,22625576000000.0,1087723000000.0,-0.31209508303124966,0.048074930777452916
2024-04-02,0,4755,2071315000000.0,-212857000000.0,-339473000000.0,22625576000000.0,1087723000000.0,-0.31209508303124966,0.048074930777452916
2024-04-03,1,4755,2071315000000.0,-212857000000.0,-339473000000.0,22625576000000.0,1087723000000.0,-0.31209508303124966,0.048074930777452916
2024-04-04,1,4755,2071315000000.0,-212857000000.0,-339473000000.0,22625576000000.0,1087723000000.0,-0.31209508303124966,0.048074930777452916
2024-04-05,0,4755,2071315000000.0,-212857000000.0,-339473000000.0,22625576000000.0,1087723000000.0,-0.31209508303124966,0.048074930777452916
2024-04-08,0,4755,2071315000000.0,-212857000000.0,-339473000000.0,22625576000000.0,1087723000000.0,-0.31209508303124966,0.048074930777452916
2024-04-09,0,4755,2071315000000.0,-212857000000.0,-339473000000.0,22625576000000.0,1087723000000.0,-0.31209508303124966,0.048074930777452916
2024-04-10,0,4755,2071315000000.0,-212857000000.0,-339473000000.0,22625576000000.0,1087723000000.0,-0.31209508303124966,0.048074930777452916
2024-04-11,1,4755,2071315000000.0,-212857000000.0,-339473000000.0,22625576000000.0,1087723000000.0,-0.31209508303124966,0.048074930777452916
2024-04-12,1,4755,2071315000000.0,-212857000000.0,-339473000000.0,22625576000000.0,1087723000000.0,-0.31209508303124966,0.048074930777452916
2024-04-15,1,4755,2071315000000.0,-212857000000.0,-339473000000.0,22625576000000.0,1087723000000.0,-0.31209508303124966,0.048074930777452916
2024-04-16,1,4755,2071315000000.0,-212857000000.0,-339473000000.0,22625576000000.0,1087723000000.0,-0.31209508303124966,0.048074930777452916
2024-04-17,1,4755,2071315000000.0,-212857000000.0,-339473000000.0,22625576000000.0,1087723000000.0,-0.31209508303124966,0.048074930777452916
2024-04-18,1,4755,2071315000000.0,-212857000000.0,-339473000000.0,22625576000000.0,1087723000000.0,-0.31209508303124966,0.048074930777452916
2024-04-19,1,4755,2071315000000.0,-212857000000.0,-339473000000.0,22625576000000.0,1087723000000.0,-0.31209508303124966,0.048074930777452916
2024-04-22,1,4755,2071315000000.0,-212857000000.0,-339473000000.0,22625576000000.0,1087723000000.0,-0.31209508303124966,0.048074930777452916
2024-04-23,1,4755,2071315000000.0,-212857000000.0,-339473000000.0,22625576000000.0,1087723000000.0,-0.31209508303124966,0.048074930777452916
2024-04-24,1,4755,2071315000000.0,-212857000000.0,-339473000000.0,22625576000000.0,1087723000000.0,-0.31209508303124966,0.048074930777452916
2024-04-25,1,4755,2071315000000.0,-212857000000.0,-339473000000.0,22625576000000.0,1087723000000.0,-0.31209508303124966,0.048074930777452916
2024-04-26,1,4755,2071315000000.0,-212857000000.0,-339473000000.0,22625576000000.0,1087723000000.0,-0.31209508303124966,0.048074930777452916
2024-04-30,1,4755,2071315000000.0,-212857000000.0,-339473000000.0,22625576000000.0,1087723000000.0,-0.31209508303124966,0.048074930777452916
2024-05-01,1,4755,2071315000000.0,-212857000000.0,-339473000000.0,22625576000000.0,1087723000000.0,-0.31209508303124966,0.048074930777452916
2024-05-02,1,4755,2071315000000.0,-212857000000.0,-339473000000.0,22625576000000.0,1087723000000.0,-0.31209508303124966,0.048074930777452916
2024-05-07,1,4755,2071315000000.0,-212857000000.0,-339473000000.0,22625576000000.0,1087723000000.0,-0.31209508303124966,0.048074930777452916
2024-05-08,1,4755,2071315000000.0,-212857000000.0,-339473000000.0,22625576000000.0,1087723000000.0,-0.31209508303124966,0.048074930777452916
2024-05-09,0,4755,2071315000000.0,-212857000000.0,-339473000000.0,22625576000000.0,1087723000000.0,-0.31209508303124966,0.048074930777452916
2024-05-10,0,4755,2071315000000.0,-212857000000.0,-339473000000.0,22625576000000.0,1087723000000.0,-0.31209508303124966,0.048074930777452916
2024-05-13,0,4755,2071315000000.0,-212857000000.0,-339473000000.0,22625576000000.0,1087723000000.0,-0.31209508303124966,0.048074930777452916
2024-05-14,0,4755,513624000000.0,-33272000000.0,-42394000000.0,23851066000000.0,1111833000000.0,-0.03812982705136473,0.046615652315078915
2024-05-15,0,4755,513624000000.0,-33272000000.0,-42394000000.0,23851066000000.0,1111833000000.0,-0.03812982705136473,0.046615652315078915
2024-05-16,0,4755,513624000000.0,-33272000000.0,-42394000000.0,23851066000000.0,1111833000000.0,-0.03812982705136473,0.046615652315078915
2024-05-17,1,4755,513624000000.0,-33272000000.0,-42394000000.0,23851066000000.0,1111833000000.0,-0.03812982705136473,0.046615652315078915
2024-05-20,1,4755,513624000000.0,-33272000000.0,-42394000000.0,23851066000000.0,1111833000000.0,-0.03812982705136473,0.046615652315078915
2024-05-21,1,4755,513624000000.0,-33272000000.0,-42394000000.0,23851066000000.0,1111833000000.0,-0.03812982705136473,0.046615652315078915
2024-05-22,1,4755,513624000000.0,-33272000000.0,-42394000000.0,23851066000000.0,1111833000000.0,-0.03812982705136473,0.046615652315078915
2024-05-23,1,4755,513624000000.0,-33272000000.0,-42394000000.0,23851066000000.0,1111833000000.0,-0.03812982705136473,0.046615652315078915
2024-05-24,1,4755,513624000000.0,-33272000000.0,-42394000000.0,23851066000000.0,1111833000000.0,-0.03812982705136473,0.046615652315078915
2024-05-27,1,4755,513624000000.0,-33272000000.0,-42394000000.0,23851066000000.0,1111833000000.0,-0.03812982705136473,0.046615652315078915
2024-05-28,1,4755,513624000000.0,-33272000000.0,-42394000000.0,23851066000000.0,1111833000000.0,-0.03812982705136473,0.046615652315078915
2024-05-29,1,4755,513624000000.0,-33272000000.0,-42394000000.0,23851066000000.0,1111833000000.0,-0.03812982705136473,0.046615652315078915
2024-05-30,1,4755,513624000000.0,-33272000000.0,-42394000000.0,23851066000000.0,1111833000000.0,-0.03812982705136473,0.046615652315078915
2024-05-31,1,4755,513624000000.0,-33272000000.0,-42394000000.0,23851066000000.0,1111833000000.0,-0.03812982705136473,0.046615652315078915
2024-06-03,1,4755,513624000000.0,-33272000000.0,-42394000000.0,23851066000000.0,1111833000000.0,-0.03812982705136473,0.046615652315078915
2024-06-04,1,4755,513624000000.0,-33272000000.0,-42394000000.0,23851066000000.0,1111833000000.0,-0.03812982705136473,0.046615652315078915
2024-06-05,1,4755,513624000000.0,-33272000000.0,-42394000000.0,23851066000000.0,1111833000000.0,-0.03812982705136473,0.046615652315078915
2024-06-06,1,4755,513624000000.0,-33272000000.0,-42394000000.0,23851066000000.0,1111833000000.0,-0.03812982705136473,0.046615652315078915
2024-06-07,1,4755,513624000000.0,-33272000000.0,-42394000000.0,23851066000000.0,1111833000000.0,-0.03812982705136473,0.046615652315078915
2024-06-10,1,4755,513624000000.0,-33272000000.0,-42394000000.0,23851066000000.0,1111833000000.0,-0.03812982705136473,0.046615652315078915
2024-06-11,1,4755,513624000000.0,-33272000000.0,-42394000000.0,23851066000000.0,1111833000000.0,-0.03812982705136473,0.046615652315078915
2024-06-12,1,4755,513624000000.0,-33272000000.0,-42394000000.0,23851066000000.0,1111833000000.0,-0.03812982705136473,0.046615652315078915
2024-06-13,1,4755,513624000000.0,-33272000000.0,-42394000000.0,23851066000000.0,1111833000000.0,-0.03812982705136473,0.046615652315078915
2024-06-14,1,4755,513624000000.0,-33272000000.0,-42394000000.0,23851066000000.0,1111833000000.0,-0.03812982705136473,0.046615652315078915
2024-06-17,1,4755,513624000000.0,-33272000000.0,-42394000000.0,23851066000000.0,1111833000000.0,-0.03812982705136473,0.046615652315078915
2024-06-18,1,4755,513624000000.0,-33272000000.0,-42394000000.0,23851066000000.0,1111833000000.0,-0.03812982705136473,0.046615652315078915
2024-06-19,1,4755,513624000000.0,-33272000000.0,-42394000000.0,23851066000000.0,1111833000000.0,-0.03812982705136473,0.046615652315078915
2024-06-20,1,4755,513624000000.0,-33272000000.0,-42394000000.0,23851066000000.0,1111833000000.0,-0.03812982705136473,0.046615652315078915
2024-06-21,1,4755,513624000000.0,-33272000000.0,-42394000000.0,23851066000000.0,1111833000000.0,-0.03812982705136473,0.046615652315078915
2024-06-24,1,4755,513624000000.0,-33272000000.0,-42394000000.0,23851066000000.0,1111833000000.0,-0.03812982705136473,0.046615652315078915
2024-06-25,1,4755,513624000000.0,-33272000000.0,-42394000000.0,23851066000000.0,1111833000000.0,-0.03812982705136473,0.046615652315078915
2024-06-26,1,4755,513624000000.0,-33272000000.0,-42394000000.0,23851066000000.0,1111833000000.0,-0.03812982705136473,0.046615652315078915
2024-06-27,1,4755,513624000000.0,-33272000000.0,-42394000000.0,23851066000000.0,1111833000000.0,-0.03812982705136473,0.046615652315078915
2024-06-28,1,4755,513624000000.0,-33272000000.0,-42394000000.0,23851066000000.0,1111833000000.0,-0.03812982705136473,0.046615652315078915
2024-07-01,1,4755,513624000000.0,-33272000000.0,-42394000000.0,23851066000000.0,1111833000000.0,-0.03812982705136473,0.046615652315078915
2024-07-02,1,4755,513624000000.0,-33272000000.0,-42394000000.0,23851066000000.0,1111833000000.0,-0.03812982705136473,0.046615652315078915
2024-07-03,1,4755,513624000000.0,-33272000000.0,-42394000000.0,23851066000000.0,1111833000000.0,-0.03812982705136473,0.046615652315078915
2024-07-04,1,4755,513624000000.0,-33272000000.0,-42394000000.0,23851066000000.0,1111833000000.0,-0.03812982705136473,0.046615652315078915
2024-07-05,1,4755,513624000000.0,-33272000000.0,-42394000000.0,23851066000000.0,1111833000000.0,-0.03812982705136473,0.046615652315078915
2024-07-08,1,4755,513624000000.0,-33272000000.0,-42394000000.0,23851066000000.0,1111833000000.0,-0.03812982705136473,0.046615652315078915
2024-07-09,1,4755,513624000000.0,-33272000000.0,-42394000000.0,23851066000000.0,1111833000000.0,-0.03812982705136473,0.046615652315078915
2024-07-10,1,4755,513624000000.0,-33272000000.0,-42394000000.0,23851066000000.0,1111833000000.0,-0.03812982705136473,0.046615652315078915
2024-07-11,1,4755,513624000000.0,-33272000000.0,-42394000000.0,23851066000000.0,1111833000000.0,-0.03812982705136473,0.046615652315078915
2024-07-12,1,4755,513624000000.0,-33272000000.0,-42394000000.0,23851066000000.0,1111833000000.0,-0.03812982705136473,0.046615652315078915
2024-07-16,1,4755,513624000000.0,-33272000000.0,-42394000000.0,23851066000000.0,1111833000000.0,-0.03812982705136473,0.046615652315078915
2024-07-17,1,4755,513624000000.0,-33272000000.0,-42394000000.0,23851066000000.0,1111833000000.0,-0.03812982705136473,0.046615652315078915
2024-07-18,1,4755,513624000000.0,-33272000000.0,-42394000000.0,23851066000000.0,1111833000000.0,-0.03812982705136473,0.046615652315078915
2024-07-19,1,4755,513624000000.0,-33272000000.0,-42394000000.0,23851066000000.0,1111833000000.0,-0.03812982705136473,0.046615652315078915
2024-07-22,1,4755,513624000000.0,-33272000000.0,-42394000000.0,23851066000000.0,1111833000000.0,-0.03812982705136473,0.046615652315078915
2024-07-23,1,4755,513624000000.0,-33272000000.0,-42394000000.0,23851066000000.0,1111833000000.0,-0.03812982705136473,0.046615652315078915
2024-07-24,1,4755,513624000000.0,-33272000000.0,-42394000000.0,23851066000000.0,1111833000000.0,-0.03812982705136473,0.046615652315078915
2024-07-25,1,4755,513624000000.0,-33272000000.0,-42394000000.0,23851066000000.0,1111833000000.0,-0.03812982705136473,0.046615652315078915
2024-07-26,1,4755,513624000000.0,-33272000000.0,-42394000000.0,23851066000000.0,1111833000000.0,-0.03812982705136473,0.046615652315078915
2024-07-29,0,4755,513624000000.0,-33272000000.0,-42394000000.0,23851066000000.0,1111833000000.0,-0.03812982705136473,0.046615652315078915
2024-07-30,1,4755,513624000000.0,-33272000000.0,-42394000000.0,23851066000000.0,1111833000000.0,-0.03812982705136473,0.046615652315078915
2024-07-31,1,4755,513624000000.0,-33272000000.0,-42394000000.0,23851066000000.0,1111833000000.0,-0.03812982705136473,0.046615652315078915
2024-08-01,1,4755,513624000000.0,-33272000000.0,-42394000000.0,23851066000000.0,1111833000000.0,-0.03812982705136473,0.046615652315078915
2024-08-02,1,4755,513624000000.0,-33272000000.0,-42394000000.0,23851066000000.0,1111833000000.0,-0.03812982705136473,0.046615652315078915
2024-08-05,1,4755,513624000000.0,-33272000000.0,-42394000000.0,23851066000000.0,1111833000000.0,-0.03812982705136473,0.046615652315078915
2024-08-06,1,4755,513624000000.0,-33272000000.0,-42394000000.0,23851066000000.0,1111833000000.0,-0.03812982705136473,0.046615652315078915
2024-08-07,1,4755,513624000000.0,-33272000000.0,-42394000000.0,23851066000000.0,1111833000000.0,-0.03812982705136473,0.046615652315078915
2024-08-08,1,4755,513624000000.0,-33272000000.0,-42394000000.0,23851066000000.0,1111833000000.0,-0.03812982705136473,0.046615652315078915
2024-08-09,1,4755,1050908000000.0,-51603000000.0,-75962000000.0,24828283000000.0,1128050000000.0,-0.06733921368733656,0.04543407210236809
2024-08-13,1,4755,1050908000000.0,-51603000000.0,-75962000000.0,24828283000000.0,1128050000000.0,-0.06733921368733656,0.04543407210236809
2024-08-14,1,4755,1050908000000.0,-51603000000.0,-75962000000.0,24828283000000.0,1128050000000.0,-0.06733921368733656,0.04543407210236809
2024-08-15,1,4755,1050908000000.0,-51603000000.0,-75962000000.0,24828283000000.0,1128050000000.0,-0.06733921368733656,0.04543407210236809
2024-08-16,1,4755,1050908000000.0,-51603000000.0,-75962000000.0,24828283000000.0,1128050000000.0,-0.06733921368733656,0.04543407210236809
2024-08-19,1,4755,1050908000000.0,-51603000000.0,-75962000000.0,24828283000000.0,1128050000000.0,-0.06733921368733656,0.04543407210236809
2024-08-20,0,4755,1050908000000.0,-51603000000.0,-75962000000.0,24828283000000.0,1128050000000.0,-0.06733921368733656,0.04543407210236809
2024-08-21,0,4755,1050908000000.0,-51603000000.0,-75962000000.0,24828283000000.0,1128050000000.0,-0.06733921368733656,0.04543407210236809
2024-08-22,0,4755,1050908000000.0,-51603000000.0,-75962000000.0,24828283000000.0,1128050000000.0,-0.06733921368733656,0.04543407210236809
2024-08-23,0,4755,1050908000000.0,-51603000000.0,-75962000000.0,24828283000000.0,1128050000000.0,-0.06733921368733656,0.04543407210236809
2024-08-26,0,4755,1050908000000.0,-51603000000.0,-75962000000.0,24828283000000.0,1128050000000.0,-0.06733921368733656,0.04543407210236809
2024-08-27,0,4755,1050908000000.0,-51603000000.0,-75962000000.0,24828283000000.0,1128050000000.0,-0.06733921368733656,0.04543407210236809
2024-08-28,0,4755,1050908000000.0,-51603000000.0,-75962000000.0,24828283000000.0,1128050000000.0,-0.06733921368733656,0.04543407210236809
2024-08-29,0,4755,1050908000000.0,-51603000000.0,-75962000000.0,24828283000000.0,1128050000000.0,-0.06733921368733656,0.04543407210236809
2024-08-30,0,4755,1050908000000.0,-51603000000.0,-75962000000.0,24828283000000.0,1128050000000.0,-0.06733921368733656,0.04543407210236809
2024-09-02,0,4755,1050908000000.0,-51603000000.0,-75962000000.0,24828283000000.0,1128050000000.0,-0.06733921368733656,0.04543407210236809
2024-09-03,0,4755,1050908000000.0,-51603000000.0,-75962000000.0,24828283000000.0,1128050000000.0,-0.06733921368733656,0.04543407210236809
2024-09-04,0,4755,1050908000000.0,-51603000000.0,-75962000000.0,24828283000000.0,1128050000000.0,-0.06733921368733656,0.04543407210236809
2024-09-05,0,4755,1050908000000.0,-51603000000.0,-75962000000.0,24828283000000.0,1128050000000.0,-0.06733921368733656,0.04543407210236809
2024-09-06,0,4755,1050908000000.0,-51603000000.0,-75962000000.0,24828283000000.0,1128050000000.0,-0.06733921368733656,0.04543407210236809
2024-09-09,0,4755,1050908000000.0,-51603000000.0,-75962000000.0,24828283000000.0,1128050000000.0,-0.06733921368733656,0.04543407210236809
2024-09-10,0,4755,1050908000000.0,-51603000000.0,-75962000000.0,24828283000000.0,1128050000000.0,-0.06733921368733656,0.04543407210236809
2024-09-11,1,4755,1050908000000.0,-51603000000.0,-75962000000.0,24828283000000.0,1128050000000.0,-0.06733921368733656,0.04543407210236809
2024-09-12,1,4755,1050908000000.0,-51603000000.0,-75962000000.0,24828283000000.0,1128050000000.0,-0.06733921368733656,0.04543407210236809
2024-09-13,1,4755,1050908000000.0,-51603000000.0,-75962000000.0,24828283000000.0,1128050000000.0,-0.06733921368733656,0.04543407210236809
2024-09-17,1,4755,1050908000000.0,-51603000000.0,-75962000000.0,24828283000000.0,1128050000000.0,-0.06733921368733656,0.04543407210236809
2024-09-18,1,4755,1050908000000.0,-51603000000.0,-75962000000.0,24828283000000.0,1128050000000.0,-0.06733921368733656,0.04543407210236809
2024-09-19,1,4755,1050908000000.0,-51603000000.0,-75962000000.0,24828283000000.0,1128050000000.0,-0.06733921368733656,0.04543407210236809
2024-09-20,1,4755,1050908000000.0,-51603000000.0,-75962000000.0,24828283000000.0,1128050000000.0,-0.06733921368733656,0.04543407210236809
2024-09-24,0,4755,1050908000000.0,-51603000000.0,-75962000000.0,24828283000000.0,1128050000000.0,-0.06733921368733656,0.04543407210236809
2024-09-25,0,4755,1050908000000.0,-51603000000.0,-75962000000.0,24828283000000.0,1128050000000.0,-0.06733921368733656,0.04543407210236809
2024-09-26,0,4755,1050908000000.0,-51603000000.0,-75962000000.0,24828283000000.0,1128050000000.0,-0.06733921368733656,0.04543407210236809
2024-09-27,0,4755,1050908000000.0,-51603000000.0,-75962000000.0,24828283000000.0,1128050000000.0,-0.06733921368733656,0.04543407210236809
2024-09-30,0,4755,1050908000000.0,-51603000000.0,-75962000000.0,24828283000000.0,1128050000000.0,-0.06733921368733656,0.04543407210236809
2024-10-01,0,4755,1050908000000.0,-51603000000.0,-75962000000.0,24828283000000.0,1128050000000.0,-0.06733921368733656,0.04543407210236809
2024-10-02,0,4755,1050908000000.0,-51603000000.0,-75962000000.0,24828283000000.0,1128050000000.0,-0.06733921368733656,0.04543407210236809
2024-10-03,0,4755,1050908000000.0,-51603000000.0,-75962000000.0,24828283000000.0,1128050000000.0,-0.06733921368733656,0.04543407210236809
2024-10-04,0,4755,1050908000000.0,-51603000000.0,-75962000000.0,24828283000000.0,1128050000000.0,-0.06733921368733656,0.04543407210236809
2024-10-07,0,4755,1050908000000.0,-51603000000.0,-75962000000.0,24828283000000.0,1128050000000.0,-0.06733921368733656,0.04543407210236809
2024-10-08,1,4755,1050908000000.0,-51603000000.0,-75962000000.0,24828283000000.0,1128050000000.0,-0.06733921368733656,0.04543407210236809
2024-10-09,1,4755,1050908000000.0,-51603000000.0,-75962000000.0,24828283000000.0,1128050000000.0,-0.06733921368733656,0.04543407210236809
2024-10-10,0,4755,1050908000000.0,-51603000000.0,-75962000000.0,24828283000000.0,1128050000000.0,-0.06733921368733656,0.04543407210236809
2024-10-11,0,4755,1050908000000.0,-51603000000.0,-75962000000.0,24828283000000.0,1128050000000.0,-0.06733921368733656,0.04543407210236809
2024-10-15,0,4755,1050908000000.0,-51603000000.0,-75962000000.0,24828283000000.0,1128050000000.0,-0.06733921368733656,0.04543407210236809
2024-10-16,0,4755,1050908000000.0,-51603000000.0,-75962000000.0,24828283000000.0,1128050000000.0,-0.06733921368733656,0.04543407210236809
2024-10-17,0,4755,1050908000000.0,-51603000000.0,-75962000000.0,24828283000000.0,1128050000000.0,-0.06733921368733656,0.04543407210236809
2024-10-18,0,4755,1050908000000.0,-51603000000.0,-75962000000.0,24828283000000.0,1128050000000.0,-0.06733921368733656,0.04543407210236809
2024-10-21,0,4755,1050908000000.0,-51603000000.0,-75962000000.0,24828283000000.0,1128050000000.0,-0.06733921368733656,0.04543407210236809
2024-10-22,0,4755,1050908000000.0,-51603000000.0,-75962000000.0,24828283000000.0,1128050000000.0,-0.06733921368733656,0.04543407210236809
2024-10-23,1,4755,1050908000000.0,-51603000000.0,-75962000000.0,24828283000000.0,1128050000000.0,-0.06733921368733656,0.04543407210236809
2024-10-24,1,4755,1050908000000.0,-51603000000.0,-75962000000.0,24828283000000.0,1128050000000.0,-0.06733921368733656,0.04543407210236809
2024-10-25,1,4755,1050908000000.0,-51603000000.0,-75962000000.0,24828283000000.0,1128050000000.0,-0.06733921368733656,0.04543407210236809
2024-10-28,1,4755,1050908000000.0,-51603000000.0,-75962000000.0,24828283000000.0,1128050000000.0,-0.06733921368733656,0.04543407210236809
2024-10-29,1,4755,1050908000000.0,-51603000000.0,-75962000000.0,24828283000000.0,1128050000000.0,-0.06733921368733656,0.04543407210236809
2024-10-30,1,4755,1050908000000.0,-51603000000.0,-75962000000.0,24828283000000.0,1128050000000.0,-0.06733921368733656,0.04543407210236809
2024-10-31,1,4755,1050908000000.0,-51603000000.0,-75962000000.0,24828283000000.0,1128050000000.0,-0.06733921368733656,0.04543407210236809
2024-11-01,1,4755,1050908000000.0,-51603000000.0,-75962000000.0,24828283000000.0,1128050000000.0,-0.06733921368733656,0.04543407210236809
2024-11-05,1,4755,1050908000000.0,-51603000000.0,-75962000000.0,24828283000000.0,1128050000000.0,-0.06733921368733656,0.04543407210236809
2024-11-06,1,4755,1050908000000.0,-51603000000.0,-75962000000.0,24828283000000.0,1128050000000.0,-0.06733921368733656,0.04543407210236809
2024-11-07,1,4755,1050908000000.0,-51603000000.0,-75962000000.0,24828283000000.0,1128050000000.0,-0.06733921368733656,0.04543407210236809
2024-11-08,1,4755,1050908000000.0,-51603000000.0,-75962000000.0,24828283000000.0,1128050000000.0,-0.06733921368733656,0.04543407210236809
2024-11-11,1,4755,1050908000000.0,-51603000000.0,-75962000000.0,24828283000000.0,1128050000000.0,-0.06733921368733656,0.04543407210236809
2024-11-12,1,4755,1050908000000.0,-51603000000.0,-75962000000.0,24828283000000.0,1128050000000.0,-0.06733921368733656,0.04543407210236809
2024-11-13,1,4755,1617621000000.0,-51066000000.0,-150358000000.0,24879684000000.0,970604000000.0,-0.15491178688734025,0.03901191027988941
2024-11-14,1,4755,1617621000000.0,-51066000000.0,-150358000000.0,24879684000000.0,970604000000.0,-0.15491178688734025,0.03901191027988941
2024-11-15,1,4755,1617621000000.0,-51066000000.0,-150358000000.0,24879684000000.0,970604000000.0,-0.15491178688734025,0.03901191027988941
2024-11-18,1,4755,1617621000000.0,-51066000000.0,-150358000000.0,24879684000000.0,970604000000.0,-0.15491178688734025,0.03901191027988941
2024-11-19,1,4755,1617621000000.0,-51066000000.0,-150358000000.0,24879684000000.0,970604000000.0,-0.15491178688734025,0.03901191027988941
2024-11-20,1,4755,1617621000000.0,-51066000000.0,-150358000000.0,24879684000000.0,970604000000.0,-0.15491178688734025,0.03901191027988941
2024-11-21,1,4755,1617621000000.0,-51066000000.0,-150358000000.0,24879684000000.0,970604000000.0,-0.15491178688734025,0.03901191027988941
2024-11-22,1,4755,1617621000000.0,-51066000000.0,-150358000000.0,24879684000000.0,970604000000.0,-0.15491178688734025,0.03901191027988941
2024-11-25,1,4755,1617621000000.0,-51066000000.0,-150358000000.0,24879684000000.0,970604000000.0,-0.15491178688734025,0.03901191027988941
2024-11-26,1,4755,1617621000000.0,-51066000000.0,-150358000000.0,24879684000000.0,970604000000.0,-0.15491178688734025,0.03901191027988941
2024-11-27,1,4755,1617621000000.0,-51066000000.0,-150358000000.0,24879684000000.0,970604000000.0,-0.15491178688734025,0.03901191027988941
2024-11-28,1,4755,1617621000000.0,-51066000000.0,-150358000000.0,24879684000000.0,970604000000.0,-0.15491178688734025,0.03901191027988941
2024-11-29,1,4755,1617621000000.0,-51066000000.0,-150358000000.0,24879684000000.0,970604000000.0,-0.15491178688734025,0.03901191027988941
2024-12-02,1,4755,1617621000000.0,-51066000000.0,-150358000000.0,24879684000000.0,970604000000.0,-0.15491178688734025,0.03901191027988941
2024-12-03,1,4755,1617621000000.0,-51066000000.0,-150358000000.0,24879684000000.0,970604000000.0,-0.15491178688734025,0.03901191027988941
2024-12-04,1,4755,1617621000000.0,-51066000000.0,-150358000000.0,24879684000000.0,970604000000.0,-0.15491178688734025,0.03901191027988941
2024-12-05,1,4755,1617621000000.0,-51066000000.0,-150358000000.0,24879684000000.0,970604000000.0,-0.15491178688734025,0.03901191027988941
2024-12-06,1,4755,1617621000000.0,-51066000000.0,-150358000000.0,24879684000000.0,970604000000.0,-0.15491178688734025,0.03901191027988941
2024-12-09,0,4755,1617621000000.0,-51066000000.0,-150358000000.0,24879684000000.0,970604000000.0,-0.15491178688734025,0.03901191027988941
2024-12-10,0,4755,1617621000000.0,-51066000000.0,-150358000000.0,24879684000000.0,970604000000.0,-0.15491178688734025,0.03901191027988941
2024-12-11,0,4755,1617621000000.0,-51066000000.0,-150358000000.0,24879684000000.0,970604000000.0,-0.15491178688734025,0.03901191027988941
2024-12-12,0,4755,1617621000000.0,-51066000000.0,-150358000000.0,24879684000000.0,970604000000.0,-0.15491178688734025,0.03901191027988941
2024-12-13,0,4755,1617621000000.0,-51066000000.0,-150358000000.0,24879684000000.0,970604000000.0,-0.15491178688734025,0.03901191027988941
2024-12-16,0,4755,1617621000000.0,-51066000000.0,-150358000000.0,24879684000000.0,970604000000.0,-0.15491178688734025,0.03901191027988941
2024-12-17,0,4755,1617621000000.0,-51066000000.0,-150358000000.0,24879684000000.0,970604000000.0,-0.15491178688734025,0.03901191027988941
2024-12-18,0,4755,1617621000000.0,-51066000000.0,-150358000000.0,24879684000000.0,970604000000.0,-0.15491178688734025,0.03901191027988941
2024-12-19,0,4755,1617621000000.0,-51066000000.0,-150358000000.0,24879684000000.0,970604000000.0,-0.15491178688734025,0.03901191027988941
2024-12-20,0,4755,1617621000000.0,-51066000000.0,-150358000000.0,24879684000000.0,970604000000.0,-0.15491178688734025,0.03901191027988941
2024-12-23,0,4755,1617621000000.0,-51066000000.0,-150358000000.0,24879684000000.0,970604000000.0,-0.15491178688734025,0.03901191027988941
2024-12-24,0,4755,1617621000000.0,-51066000000.0,-150358000000.0,24879684000000.0,970604000000.0,-0.15491178688734025,0.03901191027988941
2024-12-25,0,4755,1617621000000.0,-51066000000.0,-150358000000.0,24879684000000.0,970604000000.0,-0.15491178688734025,0.03901191027988941
2024-12-26,0,4755,1617621000000.0,-51066000000.0,-150358000000.0,24879684000000.0,970604000000.0,-0.15491178688734025,0.03901191027988941
2024-12-27,0,4755,1617621000000.0,-51066000000.0,-150358000000.0,24879684000000.0,970604000000.0,-0.15491178688734025,0.03901191027988941
2024-12-30,0,4755,1617621000000.0,-51066000000.0,-150358000000.0,24879684000000.0,970604000000.0,-0.15491178688734025,0.03901191027988941
2025-01-06,0,4755,1617621000000.0,-51066000000.0,-150358000000.0,24879684000000.0,970604000000.0,-0.15491178688734025,0.03901191027988941
2025-01-07,0,4755,1617621000000.0,-51066000000.0,-150358000000.0,24879684000000.0,970604000000.0,-0.15491178688734025,0.03901191027988941
2025-01-08,0,4755,1617621000000.0,-51066000000.0,-150358000000.0,24879684000000.0,970604000000.0,-0.15491178688734025,0.03901191027988941
2025-01-09,0,4755,1617621000000.0,-51066000000.0,-150358000000.0,24879684000000.0,970604000000.0,-0.15491178688734025,0.03901191027988941
2025-01-10,0,4755,1617621000000.0,-51066000000.0,-150358000000.0,24879684000000.0,970604000000.0,-0.15491178688734025,0.03901191027988941
2025-01-14,0,4755,1617621000000.0,-51066000000.0,-150358000000.0,24879684000000.0,970604000000.0,-0.15491178688734025,0.03901191027988941
2025-01-15,0,4755,1617621000000.0,-51066000000.0,-150358000000.0,24879684000000.0,970604000000.0,-0.15491178688734025,0.03901191027988941
2025-01-16,0,4755,1617621000000.0,-51066000000.0,-150358000000.0,24879684000000.0,970604000000.0,-0.15491178688734025,0.03901191027988941
2025-01-17,0,4755,1617621000000.0,-51066000000.0,-150358000000.0,24879684000000.0,970604000000.0,-0.15491178688734025,0.03901191027988941
2025-01-20,0,4755,1617621000000.0,-51066000000.0,-150358000000.0,24879684000000.0,970604000000.0,-0.15491178688734025,0.03901191027988941
2025-01-21,0,4755,1617621000000.0,-51066000000.0,-150358000000.0,24879684000000.0,970604000000.0,-0.15491178688734025,0.03901191027988941
2025-01-22,0,4755,1617621000000.0,-51066000000.0,-150358000000.0,24879684000000.0,970604000000.0,-0.15491178688734025,0.03901191027988941
2025-01-23,0,4755,1617621000000.0,-51066000000.0,-150358000000.0,24879684000000.0,970604000000.0,-0.15491178688734025,0.03901191027988941
2025-01-24,0,4755,1617621000000.0,-51066000000.0,-150358000000.0,24879684000000.0,970604000000.0,-0.15491178688734025,0.03901191027988941
2025-01-27,0,4755,1617621000000.0,-51066000000.0,-150358000000.0,24879684000000.0,970604000000.0,-0.15491178688734025,0.03901191027988941
2025-01-28,0,4755,1617621000000.0,-51066000000.0,-150358000000.0,24879684000000.0,970604000000.0,-0.15491178688734025,0.03901191027988941
2025-01-29,0,4755,1617621000000.0,-51066000000.0,-150358000000.0,24879684000000.0,970604000000.0,-0.15491178688734025,0.03901191027988941
2025-01-30,0,4755,1617621000000.0,-51066000000.0,-150358000000.0,24879684000000.0,970604000000.0,-0.15491178688734025,0.03901191027988941
2025-01-31,0,4755,1617621000000.0,-51066000000.0,-150358000000.0,24879684000000.0,970604000000.0,-0.15491178688734025,0.03901191027988941
2025-02-03,0,4755,1617621000000.0,-51066000000.0,-150358000000.0,24879684000000.0,970604000000.0,-0.15491178688734025,0.03901191027988941
2025-02-04,0,4755,1617621000000.0,-51066000000.0,-150358000000.0,24879684000000.0,970604000000.0,-0.15491178688734025,0.03901191027988941
2025-02-05,0,4755,1617621000000.0,-51066000000.0,-150358000000.0,24879684000000.0,970604000000.0,-0.15491178688734025,0.03901191027988941
2025-02-06,0,4755,1617621000000.0,-51066000000.0,-150358000000.0,24879684000000.0,970604000000.0,-0.15491178688734025,0.03901191027988941
2025-02-07,0,4755,1617621000000.0,-51066000000.0,-150358000000.0,24879684000000.0,970604000000.0,-0.15491178688734025,0.03901191027988941
2025-02-10,0,4755,1617621000000.0,-51066000000.0,-150358000000.0,24879684000000.0,970604000000.0,-0.15491178688734025,0.03901191027988941
2025-02-12,0,4755,1617621000000.0,-51066000000.0,-150358000000.0,24879684000000.0,970604000000.0,-0.15491178688734025,0.03901191027988941
2025-02-13,0,4755,1617621000000.0,-51066000000.0,-150358000000.0,24879684000000.0,970604000000.0,-0.15491178688734025,0.03901191027988941
2025-02-14,0,4755,2279233000000.0,52975000000.0,-162442000000.0,26514728000000.0,1238514000000.0,-0.13115879190707574,0.04671041694261393
2025-02-17,0,4755,2279233000000.0,52975000000.0,-162442000000.0,26514728000000.0,1238514000000.0,-0.13115879190707574,0.04671041694261393
2025-02-18,0,4755,2279233000000.0,52975000000.0,-162442000000.0,26514728000000.0,1238514000000.0,-0.13115879190707574,0.04671041694261393
2025-02-19,0,4755,2279233000000.0,52975000000.0,-162442000000.0,26514728000000.0,1238514000000.0,-0.13115879190707574,0.04671041694261393
2025-02-20,0,4755,2279233000000.0,52975000000.0,-162442000000.0,26514728000000.0,1238514000000.0,-0.13115879190707574,0.04671041694261393
2025-02-21,0,4755,2279233000000.0,52975000000.0,-162442000000.0,26514728000000.0,1238514000000.0,-0.13115879190707574,0.04671041694261393
2025-02-25,0,4755,2279233000000.0,52975000000.0,-162442000000.0,26514728000000.0,1238514000000.0,-0.13115879190707574,0.04671041694261393
2025-02-26,0,4755,2279233000000.0,52975000000.0,-162442000000.0,26514728000000.0,1238514000000.0,-0.13115879190707574,0.04671041694261393
2025-02-27,0,4755,2279233000000.0,52975000000.0,-162442000000.0,26514728000000.0,1238514000000.0,-0.13115879190707574,0.04671041694261393
2025-02-28,0,4755,2279233000000.0,52975000000.0,-162442000000.0,26514728000000.0,1238514000000.0,-0.13115879190707574,0.04671041694261393
2025-03-03,0,4755,2279233000000.0,52975000000.0,-162442000000.0,26514728000000.0,1238514000000.0,-0.13115879190707574,0.04671041694261393
2025-03-04,0,4755,2279233000000.0,52975000000.0,-162442000000.0,26514728000000.0,1238514000000.0,-0.13115879190707574,0.04671041694261393
2025-03-05,0,4755,2279233000000.0,52975000000.0,-162442000000.0,26514728000000.0,1238514000000.0,-0.13115879190707574,0.04671041694261393
2025-03-06,0,4755,2279233000000.0,52975000000.0,-162442000000.0,26514728000000.0,1238514000000.0,-0.13115879190707574,0.04671041694261393
2025-03-07,0,4755,2279233000000.0,52975000000.0,-162442000000.0,26514728000000.0,1238514000000.0,-0.13115879190707574,0.04671041694261393
2025-03-10,0,4755,2279233000000.0,52975000000.0,-162442000000.0,26514728000000.0,1238514000000.0,-0.13115879190707574,0.04671041694261393
2025-03-11,0,4755,2279233000000.0,52975000000.0,-162442000000.0,26514728000000.0,1238514000000.0,-0.13115879190707574,0.04671041694261393
2025-03-12,0,4755,2279233000000.0,52975000000.0,-162442000000.0,26514728000000.0,1238514000000.0,-0.13115879190707574,0.04671041694261393
2025-03-13,0,4755,2279233000000.0,52975000000.0,-162442000000.0,26514728000000.0,1238514000000.0,-0.13115879190707574,0.04671041694261393
2025-03-14,0,4755,2279233000000.0,52975000000.0,-162442000000.0,26514728000000.0,1238514000000.0,-0.13115879190707574,0.04671041694261393
2025-03-17,0,4755,2279233000000.0,52975000000.0,-162442000000.0,26514728000000.0,1238514000000.0,-0.13115879190707574,0.04671041694261393
2025-03-18,0,4755,2279233000000.0,52975000000.0,-162442000000.0,26514728000000.0,1238514000000.0,-0.13115879190707574,0.04671041694261393
2025-03-19,0,4755,2279233000000.0,52975000000.0,-162442000000.0,26514728000000.0,1238514000000.0,-0.13115879190707574,0.04671041694261393
2025-03-21,0,4755,2279233000000.0,52975000000.0,-162442000000.0,26514728000000.0,1238514000000.0,-0.13115879190707574,0.04671041694261393
2025-03-24,0,4755,2279233000000.0,52975000000.0,-162442000000.0,26514728000000.0,1238514000000.0,-0.13115879190707574,0.04671041694261393
2025-03-25,0,4755,2279233000000.0,52975000000.0,-162442000000.0,26514728000000.0,1238514000000.0,-0.13115879190707574,0.04671041694261393
2025-03-26,0,4755,2279233000000.0,52975000000.0,-162442000000.0,26514728000000.0,1238514000000.0,-0.13115879190707574,0.04671041694261393
2025-03-27,0,4755,2279233000000.0,52975000000.0,-162442000000.0,26514728000000.0,1238514000000.0,-0.13115879190707574,0.04671041694261393
2025-03-28,0,4755,2279233000000.0,52975000000.0,-162442000000.0,26514728000000.0,1238514000000.0,-0.13115879190707574,0.04671041694261393
2025-03-31,0,4755,2279233000000.0,52975000000.0,-162442000000.0,26514728000000.0,1238514000000.0,-0.13115879190707574,0.04671041694261393
2025-04-01,0,4755,2279233000000.0,52975000000.0,-162442000000.0,26514728000000.0,1238514000000.0,-0.13115879190707574,0.04671041694261393
2025-04-02,0,4755,2279233000000.0,52975000000.0,-162442000000.0,26514728000000.0,1238514000000.0,-0.13115879190707574,0.04671041694261393
2025-04-03,0,4755,2279233000000.0,52975000000.0,-162442000000.0,26514728000000.0,1238514000000.0,-0.13115879190707574,0.04671041694261393
2025-04-04,0,4755,2279233000000.0,52975000000.0,-162442000000.0,26514728000000.0,1238514000000.0,-0.13115879190707574,0.04671041694261393
2025-04-07,1,4755,2279233000000.0,52975000000.0,-162442000000.0,26514728000000.0,1238514000000.0,-0.13115879190707574,0.04671041694261393
2025-04-08,1,4755,2279233000000.0,52975000000.0,-162442000000.0,26514728000000.0,1238514000000.0,-0.13115879190707574,0.04671041694261393
2025-04-09,1,4755,2279233000000.0,52975000000.0,-162442000000.0,26514728000000.0,1238514000000.0,-0.13115879190707574,0.04671041694261393
2025-04-10,0,4755,2279233000000.0,52975000000.0,-162442000000.0,26514728000000.0,1238514000000.0,-0.13115879190707574,0.04671041694261393
2025-04-11,1,4755,2279233000000.0,52975000000.0,-162442000000.0,26514728000000.0,1238514000000.0,-0.13115879190707574,0.04671041694261393
2025-04-14,1,4755,2279233000000.0,52975000000.0,-162442000000.0,26514728000000.0,1238514000000.0,-0.13115879190707574,0.04671041694261393
2025-04-15,1,4755,2279233000000.0,52975000000.0,-162442000000.0,26514728000000.0,1238514000000.0,-0.13115879190707574,0.04671041694261393
2025-04-16,1,4755,2279233000000.0,52975000000.0,-162442000000.0,26514728000000.0,1238514000000.0,-0.13115879190707574,0.04671041694261393
2025-04-17,1,4755,2279233000000.0,52975000000.0,-162442000000.0,26514728000000.0,1238514000000.0,-0.13115879190707574,0.04671041694261393
2025-04-18,1,4755,2279233000000.0,52975000000.0,-162442000000.0,26514728000000.0,1238514000000.0,-0.13115879190707574,0.04671041694261393
2025-04-21,1,4755,2279233000000.0,52975000000.0,-162442000000.0,26514728000000.0,1238514000000.0,-0.13115879190707574,0.04671041694261393
2025-04-22,1,4755,2279233000000.0,52975000000.0,-162442000000.0,26514728000000.0,1238514000000.0,-0.13115879190707574,0.04671041694261393
2025-04-23,1,4755,2279233000000.0,52975000000.0,-162442000000.0,26514728000000.0,1238514000000.0,-0.13115879190707574,0.04671041694261393
2025-04-24,1,4755,2279233000000.0,52975000000.0,-162442000000.0,26514728000000.0,1238514000000.0,-0.13115879190707574,0.04671041694261393
2025-04-25,0,4755,2279233000000.0,52975000000.0,-162442000000.0,26514728000000.0,1238514000000.0,-0.13115879190707574,0.04671041694261393
2025-04-28,0,4755,2279233000000.0,52975000000.0,-162442000000.0,26514728000000.0,1238514000000.0,-0.13115879190707574,0.04671041694261393
2025-04-30,0,4755,2279233000000.0,52975000000.0,-162442000000.0,26514728000000.0,1238514000000.0,-0.13115879190707574,0.04671041694261393
2025-05-01,0,4755,2279233000000.0,52975000000.0,-162442000000.0,26514728000000.0,1238514000000.0,-0.13115879190707574,0.04671041694261393
2025-05-02,0,4755,2279233000000.0,52975000000.0,-162442000000.0,26514728000000.0,1238514000000.0,-0.13115879190707574,0.04671041694261393
2025-05-07,0,4755,2279233000000.0,52975000000.0,-162442000000.0,26514728000000.0,1238514000000.0,-0.13115879190707574,0.04671041694261393
2025-05-08,0,4755,2279233000000.0,52975000000.0,-162442000000.0,26514728000000.0,1238514000000.0,-0.13115879190707574,0.04671041694261393
2025-05-09,0,4755,2279233000000.0,52975000000.0,-162442000000.0,26514728000000.0,1238514000000.0,-0.13115879190707574,0.04671041694261393
2025-05-12,0,4755,2279233000000.0,52975000000.0,-162442000000.0,26514728000000.0,1238514000000.0,-0.13115879190707574,0.04671041694261393
2025-05-13,0,4755,2279233000000.0,52975000000.0,-162442000000.0,26514728000000.0,1238514000000.0,-0.13115879190707574,0.04671041694261393
2025-05-14,0,4755,562704000000.0,-15444000000.0,-73471000000.0,25077197000000.0,1136181000000.0,-0.06466487293837865,0.04530733638213234
2025-05-15,0,4755,562704000000.0,-15444000000.0,-73471000000.0,25077197000000.0,1136181000000.0,-0.06466487293837865,0.04530733638213234
2025-05-16,0,4755,562704000000.0,-15444000000.0,-73471000000.0,25077197000000.0,1136181000000.0,-0.06466487293837865,0.04530733638213234
2025-05-19,0,4755,562704000000.0,-15444000000.0,-73471000000.0,25077197000000.0,1136181000000.0,-0.06466487293837865,0.04530733638213234
2025-05-20,0,4755,562704000000.0,-15444000000.0,-73471000000.0,25077197000000.0,1136181000000.0,-0.06466487293837865,0.04530733638213234
2025-05-21,0,4755,562704000000.0,-15444000000.0,-73471000000.0,25077197000000.0,1136181000000.0,-0.06466487293837865,0.04530733638213234
2025-05-22,0,4755,562704000000.0,-15444000000.0,-73471000000.0,25077197000000.0,1136181000000.0,-0.06466487293837865,0.04530733638213234
2025-05-23,0,4755,562704000000.0,-15444000000.0,-73471000000.0,25077197000000.0,1136181000000.0,-0.06466487293837865,0.04530733638213234
2025-05-26,0,4755,562704000000.0,-15444000000.0,-73471000000.0,25077197000000.0,1136181000000.0,-0.06466487293837865,0.04530733638213234
2025-05-27,0,4755,562704000000.0,-15444000000.0,-73471000000.0,25077197000000.0,1136181000000.0,-0.06466487293837865,0.04530733638213234
2025-05-28,0,4755,562704000000.0,-15444000000.0,-73471000000.0,25077197000000.0,1136181000000.0,-0.06466487293837865,0.04530733638213234
2025-05-29,0,4755,562704000000.0,-15444000000.0,-73471000000.0,25077197000000.0,1136181000000.0,-0.06466487293837865,0.04530733638213234
2025-05-30,0,4755,562704000000.0,-15444000000.0,-73471000000.0,25077197000000.0,1136181000000.0,-0.06466487293837865,0.04530733638213234
2025-06-02,0,4755,562704000000.0,-15444000000.0,-73471000000.0,25077197000000.0,1136181000000.0,-0.06466487293837865,0.04530733638213234
2025-06-03,0,4755,562704000000.0,-15444000000.0,-73471000000.0,25077197000000.0,1136181000000.0,-0.06466487293837865,0.04530733638213234
2025-06-04,0,4755,562704000000.0,-15444000000.0,-73471000000.0,25077197000000.0,1136181000000.0,-0.06466487293837865,0.04530733638213234
2025-06-05,0,4755,562704000000.0,-15444000000.0,-73471000000.0,25077197000000.0,1136181000000.0,-0.06466487293837865,0.04530733638213234
2025-06-06,0,4755,562704000000.0,-15444000000.0,-73471000000.0,25077197000000.0,1136181000000.0,-0.06466487293837865,0.04530733638213234
2025-06-09,0,4755,562704000000.0,-15444000000.0,-73471000000.0,25077197000000.0,1136181000000.0,-0.06466487293837865,0.04530733638213234
2025-06-10,0,4755,562704000000.0,-15444000000.0,-73471000000.0,25077197000000.0,1136181000000.0,-0.06466487293837865,0.04530733638213234
2025-06-11,0,4755,562704000000.0,-15444000000.0,-73471000000.0,25077197000000.0,1136181000000.0,-0.06466487293837865,0.04530733638213234
2025-06-12,0,4755,562704000000.0,-15444000000.0,-73471000000.0,25077197000000.0,1136181000000.0,-0.06466487293837865,0.04530733638213234
2025-06-13,0,4755,562704000000.0,-15444000000.0,-73471000000.0,25077197000000.0,1136181000000.0,-0.06466487293837865,0.04530733638213234
2025-06-16,0,4755,562704000000.0,-15444000000.0,-73471000000.0,25077197000000.0,1136181000000.0,-0.06466487293837865,0.04530733638213234
2025-06-17,0,4755,562704000000.0,-15444000000.0,-73471000000.0,25077197000000.0,1136181000000.0,-0.06466487293837865,0.04530733638213234
2025-06-18,0,4755,562704000000.0,-15444000000.0,-73471000000.0,25077197000000.0,1136181000000.0,-0.06466487293837865,0.04530733638213234
2025-06-19,0,4755,562704000000.0,-15444000000.0,-73471000000.0,25077197000000.0,1136181000000.0,-0.06466487293837865,0.04530733638213234
2025-06-20,0,4755,562704000000.0,-15444000000.0,-73471000000.0,25077197000000.0,1136181000000.0,-0.06466487293837865,0.04530733638213234
2025-06-23,0,4755,562704000000.0,-15444000000.0,-73471000000.0,25077197000000.0,1136181000000.0,-0.06466487293837865,0.04530733638213234
2025-06-24,0,4755,562704000000.0,-15444000000.0,-73471000000.0,25077197000000.0,1136181000000.0,-0.06466487293837865,0.04530733638213234
2025-06-25,0,4755,562704000000.0,-15444000000.0,-73471000000.0,25077197000000.0,1136181000000.0,-0.06466487293837865,0.04530733638213234
2025-06-26,0,4755,562704000000.0,-15444000000.0,-73471000000.0,25077197000000.0,1136181000000.0,-0.06466487293837865,0.04530733638213234
2025-06-27,0,4755,562704000000.0,-15444000000.0,-73471000000.0,25077197000000.0,1136181000000.0,-0.06466487293837865,0.04530733638213234
2025-06-30,0,4755,562704000000.0,-15444000000.0,-73471000000.0,25077197000000.0,1136181000000.0,-0.06466487293837865,0.04530733638213234
2025-07-01,0,4755,562704000000.0,-15444000000.0,-73471000000.0,25077197000000.0,1136181000000.0,-0.06466487293837865,0.04530733638213234
2025-07-02,0,4755,562704000000.0,-15444000000.0,-73471000000.0,25077197000000.0,1136181000000.0,-0.06466487293837865,0.04530733638213234
2025-07-03,0,4755,562704000000.0,-15444000000.0,-73471000000.0,25077197000000.0,1136181000000.0,-0.06466487293837865,0.04530733638213234
2025-07-04,0,4755,562704000000.0,-15444000000.0,-73471000000.0,25077197000000.0,1136181000000.0,-0.06466487293837865,0.04530733638213234
2025-07-07,0,4755,562704000000.0,-15444000000.0,-73471000000.0,25077197000000.0,1136181000000.0,-0.06466487293837865,0.04530733638213234
2025-07-08,0,4755,562704000000.0,-15444000000.0,-73471000000.0,25077197000000.0,1136181000000.0,-0.06466487293837865,0.04530733638213234
2025-07-09,0,4755,562704000000.0,-15444000000.0,-73471000000.0,25077197000000.0,1136181000000.0,-0.06466487293837865,0.04530733638213234
2025-07-10,0,4755,562704000000.0,-15444000000.0,-73471000000.0,25077197000000.0,1136181000000.0,-0.06466487293837865,0.04530733638213234
2025-07-11,0,4755,562704000000.0,-15444000000.0,-73471000000.0,25077197000000.0,1136181000000.0,-0.06466487293837865,0.04530733638213234
2025-07-14,0,4755,562704000000.0,-15444000000.0,-73471000000.0,25077197000000.0,1136181000000.0,-0.06466487293837865,0.04530733638213234
2025-07-15,0,4755,562704000000.0,-15444000000.0,-73471000000.0,25077197000000.0,1136181000000.0,-0.06466487293837865,0.04530733638213234
2025-07-16,0,4755,562704000000.0,-15444000000.0,-73471000000.0,25077197000000.0,1136181000000.0,-0.06466487293837865,0.04530733638213234
2025-07-17,0,4755,562704000000.0,-15444000000.0,-73471000000.0,25077197000000.0,1136181000000.0,-0.06466487293837865,0.04530733638213234
2025-07-18,0,4755,562704000000.0,-15444000000.0,-73471000000.0,25077197000000.0,1136181000000.0,-0.06466487293837865,0.04530733638213234
2025-07-22,0,4755,562704000000.0,-15444000000.0,-73471000000.0,25077197000000.0,1136181000000.0,-0.06466487293837865,0.04530733638213234
2025-07-23,0,4755,562704000000.0,-15444000000.0,-73471000000.0,25077197000000.0,1136181000000.0,-0.06466487293837865,0.04530733638213234
2025-07-24,0,4755,562704000000.0,-15444000000.0,-73471000000.0,25077197000000.0,1136181000000.0,-0.06466487293837865,0.04530733638213234
2025-07-25,0,4755,562704000000.0,-15444000000.0,-73471000000.0,25077197000000.0,1136181000000.0,-0.06466487293837865,0.04530733638213234
2023-08-03,1,4689,430523000000.0,59397000000.0,37316000000.0,8450123000000.0,3338336000000.0,0.011178024021548461,0.395063598482531
2023-08-04,0,4689,430523000000.0,59397000000.0,37316000000.0,8450123000000.0,3338336000000.0,0.011178024021548461,0.395063598482531
2023-08-07,0,4689,430523000000.0,59397000000.0,37316000000.0,8450123000000.0,3338336000000.0,0.011178024021548461,0.395063598482531
2023-08-08,0,4689,430523000000.0,59397000000.0,37316000000.0,8450123000000.0,3338336000000.0,0.011178024021548461,0.395063598482531
2023-08-09,0,4689,430523000000.0,59397000000.0,37316000000.0,8450123000000.0,3338336000000.0,0.011178024021548461,0.395063598482531
2023-08-10,1,4689,430523000000.0,59397000000.0,37316000000.0,8450123000000.0,3338336000000.0,0.011178024021548461,0.395063598482531
2023-08-14,1,4689,430523000000.0,59397000000.0,37316000000.0,8450123000000.0,3338336000000.0,0.011178024021548461,0.395063598482531
2023-08-15,1,4689,430523000000.0,59397000000.0,37316000000.0,8450123000000.0,3338336000000.0,0.011178024021548461,0.395063598482531
2023-08-16,1,4689,430523000000.0,59397000000.0,37316000000.0,8450123000000.0,3338336000000.0,0.011178024021548461,0.395063598482531
2023-08-17,1,4689,430523000000.0,59397000000.0,37316000000.0,8450123000000.0,3338336000000.0,0.011178024021548461,0.395063598482531
2023-08-18,1,4689,430523000000.0,59397000000.0,37316000000.0,8450123000000.0,3338336000000.0,0.011178024021548461,0.395063598482531
2023-08-21,1,4689,430523000000.0,59397000000.0,37316000000.0,8450123000000.0,3338336000000.0,0.011178024021548461,0.395063598482531
2023-08-22,1,4689,430523000000.0,59397000000.0,37316000000.0,8450123000000.0,3338336000000.0,0.011178024021548461,0.395063598482531
2023-08-23,1,4689,430523000000.0,59397000000.0,37316000000.0,8450123000000.0,3338336000000.0,0.011178024021548461,0.395063598482531
2023-08-24,1,4689,430523000000.0,59397000000.0,37316000000.0,8450123000000.0,3338336000000.0,0.011178024021548461,0.395063598482531
2023-08-25,1,4689,430523000000.0,59397000000.0,37316000000.0,8450123000000.0,3338336000000.0,0.011178024021548461,0.395063598482531
2023-08-28,1,4689,430523000000.0,59397000000.0,37316000000.0,8450123000000.0,3338336000000.0,0.011178024021548461,0.395063598482531
2023-08-29,1,4689,430523000000.0,59397000000.0,37316000000.0,8450123000000.0,3338336000000.0,0.011178024021548461,0.395063598482531
2023-08-30,1,4689,430523000000.0,59397000000.0,37316000000.0,8450123000000.0,3338336000000.0,0.011178024021548461,0.395063598482531
2023-08-31,0,4689,430523000000.0,59397000000.0,37316000000.0,8450123000000.0,3338336000000.0,0.011178024021548461,0.395063598482531
2023-09-01,0,4689,430523000000.0,59397000000.0,37316000000.0,8450123000000.0,3338336000000.0,0.011178024021548461,0.395063598482531
2023-09-04,0,4689,430523000000.0,59397000000.0,37316000000.0,8450123000000.0,3338336000000.0,0.011178024021548461,0.395063598482531
2023-09-05,0,4689,430523000000.0,59397000000.0,37316000000.0,8450123000000.0,3338336000000.0,0.011178024021548461,0.395063598482531
2023-09-06,0,4689,430523000000.0,59397000000.0,37316000000.0,8450123000000.0,3338336000000.0,0.011178024021548461,0.395063598482531
2023-09-07,0,4689,430523000000.0,59397000000.0,37316000000.0,8450123000000.0,3338336000000.0,0.011178024021548461,0.395063598482531
2023-09-08,0,4689,430523000000.0,59397000000.0,37316000000.0,8450123000000.0,3338336000000.0,0.011178024021548461,0.395063598482531
2023-09-11,1,4689,430523000000.0,59397000000.0,37316000000.0,8450123000000.0,3338336000000.0,0.011178024021548461,0.395063598482531
2023-09-12,1,4689,430523000000.0,59397000000.0,37316000000.0,8450123000000.0,3338336000000.0,0.011178024021548461,0.395063598482531
2023-09-13,1,4689,430523000000.0,59397000000.0,37316000000.0,8450123000000.0,3338336000000.0,0.011178024021548461,0.395063598482531
2023-09-14,1,4689,430523000000.0,59397000000.0,37316000000.0,8450123000000.0,3338336000000.0,0.011178024021548461,0.395063598482531
2023-09-15,1,4689,430523000000.0,59397000000.0,37316000000.0,8450123000000.0,3338336000000.0,0.011178024021548461,0.395063598482531
2023-09-19,1,4689,430523000000.0,59397000000.0,37316000000.0,8450123000000.0,3338336000000.0,0.011178024021548461,0.395063598482531
2023-09-20,1,4689,430523000000.0,59397000000.0,37316000000.0,8450123000000.0,3338336000000.0,0.011178024021548461,0.395063598482531
2023-09-21,1,4689,430523000000.0,59397000000.0,37316000000.0,8450123000000.0,3338336000000.0,0.011178024021548461,0.395063598482531
2023-09-22,1,4689,430523000000.0,59397000000.0,37316000000.0,8450123000000.0,3338336000000.0,0.011178024021548461,0.395063598482531
2023-09-25,1,4689,430523000000.0,59397000000.0,37316000000.0,8450123000000.0,3338336000000.0,0.011178024021548461,0.395063598482531
2023-09-26,1,4689,430523000000.0,59397000000.0,37316000000.0,8450123000000.0,3338336000000.0,0.011178024021548461,0.395063598482531
2023-09-27,1,4689,430523000000.0,59397000000.0,37316000000.0,8450123000000.0,3338336000000.0,0.011178024021548461,0.395063598482531
2023-09-28,1,4689,430523000000.0,59397000000.0,37316000000.0,8450123000000.0,3338336000000.0,0.011178024021548461,0.395063598482531
2023-09-29,1,4689,430523000000.0,59397000000.0,37316000000.0,8450123000000.0,3338336000000.0,0.011178024021548461,0.395063598482531
2023-10-02,1,4689,430523000000.0,59397000000.0,37316000000.0,8450123000000.0,3338336000000.0,0.011178024021548461,0.395063598482531
2023-10-03,1,4689,430523000000.0,59397000000.0,37316000000.0,8450123000000.0,3338336000000.0,0.011178024021548461,0.395063598482531
2023-10-04,1,4689,430523000000.0,59397000000.0,37316000000.0,8450123000000.0,3338336000000.0,0.011178024021548461,0.395063598482531
2023-10-05,1,4689,430523000000.0,59397000000.0,37316000000.0,8450123000000.0,3338336000000.0,0.011178024021548461,0.395063598482531
2023-10-06,1,4689,430523000000.0,59397000000.0,37316000000.0,8450123000000.0,3338336000000.0,0.011178024021548461,0.395063598482531
2023-10-10,1,4689,430523000000.0,59397000000.0,37316000000.0,8450123000000.0,3338336000000.0,0.011178024021548461,0.395063598482531
2023-10-11,1,4689,430523000000.0,59397000000.0,37316000000.0,8450123000000.0,3338336000000.0,0.011178024021548461,0.395063598482531
2023-10-12,1,4689,430523000000.0,59397000000.0,37316000000.0,8450123000000.0,3338336000000.0,0.011178024021548461,0.395063598482531
2023-10-13,1,4689,430523000000.0,59397000000.0,37316000000.0,8450123000000.0,3338336000000.0,0.011178024021548461,0.395063598482531
2023-10-16,1,4689,430523000000.0,59397000000.0,37316000000.0,8450123000000.0,3338336000000.0,0.011178024021548461,0.395063598482531
2023-10-17,1,4689,430523000000.0,59397000000.0,37316000000.0,8450123000000.0,3338336000000.0,0.011178024021548461,0.395063598482531
2023-10-18,1,4689,430523000000.0,59397000000.0,37316000000.0,8450123000000.0,3338336000000.0,0.011178024021548461,0.395063598482531
2023-10-19,1,4689,430523000000.0,59397000000.0,37316000000.0,8450123000000.0,3338336000000.0,0.011178024021548461,0.395063598482531
2023-10-20,1,4689,430523000000.0,59397000000.0,37316000000.0,8450123000000.0,3338336000000.0,0.011178024021548461,0.395063598482531
2023-10-23,1,4689,430523000000.0,59397000000.0,37316000000.0,8450123000000.0,3338336000000.0,0.011178024021548461,0.395063598482531
2023-10-24,1,4689,430523000000.0,59397000000.0,37316000000.0,8450123000000.0,3338336000000.0,0.011178024021548461,0.395063598482531
2023-10-25,1,4689,430523000000.0,59397000000.0,37316000000.0,8450123000000.0,3338336000000.0,0.011178024021548461,0.395063598482531
2023-10-26,1,4689,430523000000.0,59397000000.0,37316000000.0,8450123000000.0,3338336000000.0,0.011178024021548461,0.395063598482531
2023-10-27,1,4689,430523000000.0,59397000000.0,37316000000.0,8450123000000.0,3338336000000.0,0.011178024021548461,0.395063598482531
2023-10-30,1,4689,430523000000.0,59397000000.0,37316000000.0,8450123000000.0,3338336000000.0,0.011178024021548461,0.395063598482531
2023-10-31,1,4689,430523000000.0,59397000000.0,37316000000.0,8450123000000.0,3338336000000.0,0.011178024021548461,0.395063598482531
2023-11-01,1,4689,430523000000.0,59397000000.0,37316000000.0,8450123000000.0,3338336000000.0,0.011178024021548461,0.395063598482531
2023-11-02,1,4689,430523000000.0,59397000000.0,37316000000.0,8450123000000.0,3338336000000.0,0.011178024021548461,0.395063598482531
2023-11-06,1,4689,430523000000.0,59397000000.0,37316000000.0,8450123000000.0,3338336000000.0,0.011178024021548461,0.395063598482531
2023-11-07,1,4689,871799000000.0,116128000000.0,93736000000.0,8699376000000.0,3405029000000.0,0.027528693588219074,0.3914107172744344
2023-11-08,1,4689,871799000000.0,116128000000.0,93736000000.0,8699376000000.0,3405029000000.0,0.027528693588219074,0.3914107172744344
2023-11-09,0,4689,871799000000.0,116128000000.0,93736000000.0,8699376000000.0,3405029000000.0,0.027528693588219074,0.3914107172744344
2023-11-10,0,4689,871799000000.0,116128000000.0,93736000000.0,8699376000000.0,3405029000000.0,0.027528693588219074,0.3914107172744344
2023-11-13,1,4689,871799000000.0,116128000000.0,93736000000.0,8699376000000.0,3405029000000.0,0.027528693588219074,0.3914107172744344
2023-11-14,1,4689,871799000000.0,116128000000.0,93736000000.0,8699376000000.0,3405029000000.0,0.027528693588219074,0.3914107172744344
2023-11-15,0,4689,871799000000.0,116128000000.0,93736000000.0,8699376000000.0,3405029000000.0,0.027528693588219074,0.3914107172744344
2023-11-16,0,4689,871799000000.0,116128000000.0,93736000000.0,8699376000000.0,3405029000000.0,0.027528693588219074,0.3914107172744344
2023-11-17,1,4689,871799000000.0,116128000000.0,93736000000.0,8699376000000.0,3405029000000.0,0.027528693588219074,0.3914107172744344
2023-11-20,0,4689,871799000000.0,116128000000.0,93736000000.0,8699376000000.0,3405029000000.0,0.027528693588219074,0.3914107172744344
2023-11-21,0,4689,871799000000.0,116128000000.0,93736000000.0,8699376000000.0,3405029000000.0,0.027528693588219074,0.3914107172744344
2023-11-22,0,4689,871799000000.0,116128000000.0,93736000000.0,8699376000000.0,3405029000000.0,0.027528693588219074,0.3914107172744344
2023-11-24,0,4689,871799000000.0,116128000000.0,93736000000.0,8699376000000.0,3405029000000.0,0.027528693588219074,0.3914107172744344
2023-11-27,0,4689,871799000000.0,116128000000.0,93736000000.0,8699376000000.0,3405029000000.0,0.027528693588219074,0.3914107172744344
2023-11-28,0,4689,871799000000.0,116128000000.0,93736000000.0,8699376000000.0,3405029000000.0,0.027528693588219074,0.3914107172744344
2023-11-29,0,4689,871799000000.0,116128000000.0,93736000000.0,8699376000000.0,3405029000000.0,0.027528693588219074,0.3914107172744344
2023-11-30,0,4689,871799000000.0,116128000000.0,93736000000.0,8699376000000.0,3405029000000.0,0.027528693588219074,0.3914107172744344
2023-12-01,0,4689,871799000000.0,116128000000.0,93736000000.0,8699376000000.0,3405029000000.0,0.027528693588219074,0.3914107172744344
2023-12-04,0,4689,871799000000.0,116128000000.0,93736000000.0,8699376000000.0,3405029000000.0,0.027528693588219074,0.3914107172744344
2023-12-05,0,4689,871799000000.0,116128000000.0,93736000000.0,8699376000000.0,3405029000000.0,0.027528693588219074,0.3914107172744344
2023-12-06,0,4689,871799000000.0,116128000000.0,93736000000.0,8699376000000.0,3405029000000.0,0.027528693588219074,0.3914107172744344
2023-12-07,0,4689,871799000000.0,116128000000.0,93736000000.0,8699376000000.0,3405029000000.0,0.027528693588219074,0.3914107172744344
2023-12-08,0,4689,871799000000.0,116128000000.0,93736000000.0,8699376000000.0,3405029000000.0,0.027528693588219074,0.3914107172744344
2023-12-11,0,4689,871799000000.0,116128000000.0,93736000000.0,8699376000000.0,3405029000000.0,0.027528693588219074,0.3914107172744344
2023-12-12,0,4689,871799000000.0,116128000000.0,93736000000.0,8699376000000.0,3405029000000.0,0.027528693588219074,0.3914107172744344
2023-12-13,0,4689,871799000000.0,116128000000.0,93736000000.0,8699376000000.0,3405029000000.0,0.027528693588219074,0.3914107172744344
2023-12-14,0,4689,871799000000.0,116128000000.0,93736000000.0,8699376000000.0,3405029000000.0,0.027528693588219074,0.3914107172744344
2023-12-15,0,4689,871799000000.0,116128000000.0,93736000000.0,8699376000000.0,3405029000000.0,0.027528693588219074,0.3914107172744344
2023-12-18,0,4689,871799000000.0,116128000000.0,93736000000.0,8699376000000.0,3405029000000.0,0.027528693588219074,0.3914107172744344
2023-12-19,0,4689,871799000000.0,116128000000.0,93736000000.0,8699376000000.0,3405029000000.0,0.027528693588219074,0.3914107172744344
2023-12-20,0,4689,871799000000.0,116128000000.0,93736000000.0,8699376000000.0,3405029000000.0,0.027528693588219074,0.3914107172744344
2023-12-21,0,4689,871799000000.0,116128000000.0,93736000000.0,8699376000000.0,3405029000000.0,0.027528693588219074,0.3914107172744344
2023-12-22,0,4689,871799000000.0,116128000000.0,93736000000.0,8699376000000.0,3405029000000.0,0.027528693588219074,0.3914107172744344
2023-12-25,0,4689,871799000000.0,116128000000.0,93736000000.0,8699376000000.0,3405029000000.0,0.027528693588219074,0.3914107172744344
2023-12-26,0,4689,871799000000.0,116128000000.0,93736000000.0,8699376000000.0,3405029000000.0,0.027528693588219074,0.3914107172744344
2023-12-27,0,4689,871799000000.0,116128000000.0,93736000000.0,8699376000000.0,3405029000000.0,0.027528693588219074,0.3914107172744344
2023-12-28,0,4689,871799000000.0,116128000000.0,93736000000.0,8699376000000.0,3405029000000.0,0.027528693588219074,0.3914107172744344
2023-12-29,0,4689,871799000000.0,116128000000.0,93736000000.0,8699376000000.0,3405029000000.0,0.027528693588219074,0.3914107172744344
2024-01-04,0,4689,871799000000.0,116128000000.0,93736000000.0,8699376000000.0,3405029000000.0,0.027528693588219074,0.3914107172744344
2024-01-05,0,4689,871799000000.0,116128000000.0,93736000000.0,8699376000000.0,3405029000000.0,0.027528693588219074,0.3914107172744344
2024-01-09,0,4689,871799000000.0,116128000000.0,93736000000.0,8699376000000.0,3405029000000.0,0.027528693588219074,0.3914107172744344
2024-01-10,0,4689,871799000000.0,116128000000.0,93736000000.0,8699376000000.0,3405029000000.0,0.027528693588219074,0.3914107172744344
2024-01-11,0,4689,871799000000.0,116128000000.0,93736000000.0,8699376000000.0,3405029000000.0,0.027528693588219074,0.3914107172744344
2024-01-12,0,4689,871799000000.0,116128000000.0,93736000000.0,8699376000000.0,3405029000000.0,0.027528693588219074,0.3914107172744344
2024-01-15,0,4689,871799000000.0,116128000000.0,93736000000.0,8699376000000.0,3405029000000.0,0.027528693588219074,0.3914107172744344
2024-01-16,0,4689,871799000000.0,116128000000.0,93736000000.0,8699376000000.0,3405029000000.0,0.027528693588219074,0.3914107172744344
2024-01-17,0,4689,871799000000.0,116128000000.0,93736000000.0,8699376000000.0,3405029000000.0,0.027528693588219074,0.3914107172744344
2024-01-18,0,4689,871799000000.0,116128000000.0,93736000000.0,8699376000000.0,3405029000000.0,0.027528693588219074,0.3914107172744344
2024-01-19,0,4689,871799000000.0,116128000000.0,93736000000.0,8699376000000.0,3405029000000.0,0.027528693588219074,0.3914107172744344
2024-01-22,0,4689,871799000000.0,116128000000.0,93736000000.0,8699376000000.0,3405029000000.0,0.027528693588219074,0.3914107172744344
2024-01-23,0,4689,871799000000.0,116128000000.0,93736000000.0,8699376000000.0,3405029000000.0,0.027528693588219074,0.3914107172744344
2024-01-24,0,4689,871799000000.0,116128000000.0,93736000000.0,8699376000000.0,3405029000000.0,0.027528693588219074,0.3914107172744344
2024-01-25,0,4689,871799000000.0,116128000000.0,93736000000.0,8699376000000.0,3405029000000.0,0.027528693588219074,0.3914107172744344
2024-01-26,0,4689,871799000000.0,116128000000.0,93736000000.0,8699376000000.0,3405029000000.0,0.027528693588219074,0.3914107172744344
2024-01-29,0,4689,871799000000.0,116128000000.0,93736000000.0,8699376000000.0,3405029000000.0,0.027528693588219074,0.3914107172744344
2024-01-30,0,4689,871799000000.0,116128000000.0,93736000000.0,8699376000000.0,3405029000000.0,0.027528693588219074,0.3914107172744344
2024-01-31,0,4689,871799000000.0,116128000000.0,93736000000.0,8699376000000.0,3405029000000.0,0.027528693588219074,0.3914107172744344
2024-02-01,0,4689,871799000000.0,116128000000.0,93736000000.0,8699376000000.0,3405029000000.0,0.027528693588219074,0.3914107172744344
2024-02-02,0,4689,871799000000.0,116128000000.0,93736000000.0,8699376000000.0,3405029000000.0,0.027528693588219074,0.3914107172744344
2024-02-05,0,4689,871799000000.0,116128000000.0,93736000000.0,8699376000000.0,3405029000000.0,0.027528693588219074,0.3914107172744344
2024-02-06,0,4689,1346840000000.0,174280000000.0,122448000000.0,8983716000000.0,3428124000000.0,0.03571866128529773,0.3815930957746215
2024-02-07,0,4689,1346840000000.0,174280000000.0,122448000000.0,8983716000000.0,3428124000000.0,0.03571866128529773,0.3815930957746215
2024-02-08,0,4689,1346840000000.0,174280000000.0,122448000000.0,8983716000000.0,3428124000000.0,0.03571866128529773,0.3815930957746215
2024-02-09,0,4689,1346840000000.0,174280000000.0,122448000000.0,8983716000000.0,3428124000000.0,0.03571866128529773,0.3815930957746215
2024-02-13,0,4689,1346840000000.0,174280000000.0,122448000000.0,8983716000000.0,3428124000000.0,0.03571866128529773,0.3815930957746215
2024-02-14,0,4689,1346840000000.0,174280000000.0,122448000000.0,8983716000000.0,3428124000000.0,0.03571866128529773,0.3815930957746215
2024-02-15,0,4689,1346840000000.0,174280000000.0,122448000000.0,8983716000000.0,3428124000000.0,0.03571866128529773,0.3815930957746215
2024-02-16,0,4689,1346840000000.0,174280000000.0,122448000000.0,8983716000000.0,3428124000000.0,0.03571866128529773,0.3815930957746215
2024-02-19,0,4689,1346840000000.0,174280000000.0,122448000000.0,8983716000000.0,3428124000000.0,0.03571866128529773,0.3815930957746215
2024-02-20,0,4689,1346840000000.0,174280000000.0,122448000000.0,8983716000000.0,3428124000000.0,0.03571866128529773,0.3815930957746215
2024-02-21,0,4689,1346840000000.0,174280000000.0,122448000000.0,8983716000000.0,3428124000000.0,0.03571866128529773,0.3815930957746215
2024-02-22,0,4689,1346840000000.0,174280000000.0,122448000000.0,8983716000000.0,3428124000000.0,0.03571866128529773,0.3815930957746215
2024-02-26,0,4689,1346840000000.0,174280000000.0,122448000000.0,8983716000000.0,3428124000000.0,0.03571866128529773,0.3815930957746215
2024-02-27,0,4689,1346840000000.0,174280000000.0,122448000000.0,8983716000000.0,3428124000000.0,0.03571866128529773,0.3815930957746215
2024-02-28,0,4689,1346840000000.0,174280000000.0,122448000000.0,8983716000000.0,3428124000000.0,0.03571866128529773,0.3815930957746215
2024-02-29,0,4689,1346840000000.0,174280000000.0,122448000000.0,8983716000000.0,3428124000000.0,0.03571866128529773,0.3815930957746215
2024-03-01,0,4689,1346840000000.0,174280000000.0,122448000000.0,8983716000000.0,3428124000000.0,0.03571866128529773,0.3815930957746215
2024-03-04,0,4689,1346840000000.0,174280000000.0,122448000000.0,8983716000000.0,3428124000000.0,0.03571866128529773,0.3815930957746215
2024-03-05,0,4689,1346840000000.0,174280000000.0,122448000000.0,8983716000000.0,3428124000000.0,0.03571866128529773,0.3815930957746215
2024-03-06,0,4689,1346840000000.0,174280000000.0,122448000000.0,8983716000000.0,3428124000000.0,0.03571866128529773,0.3815930957746215
2024-03-07,0,4689,1346840000000.0,174280000000.0,122448000000.0,8983716000000.0,3428124000000.0,0.03571866128529773,0.3815930957746215
2024-03-08,0,4689,1346840000000.0,174280000000.0,122448000000.0,8983716000000.0,3428124000000.0,0.03571866128529773,0.3815930957746215
2024-03-11,1,4689,1346840000000.0,174280000000.0,122448000000.0,8983716000000.0,3428124000000.0,0.03571866128529773,0.3815930957746215
2024-03-12,0,4689,1346840000000.0,174280000000.0,122448000000.0,8983716000000.0,3428124000000.0,0.03571866128529773,0.3815930957746215
2024-03-13,0,4689,1346840000000.0,174280000000.0,122448000000.0,8983716000000.0,3428124000000.0,0.03571866128529773,0.3815930957746215
2024-03-14,0,4689,1346840000000.0,174280000000.0,122448000000.0,8983716000000.0,3428124000000.0,0.03571866128529773,0.3815930957746215
2024-03-15,0,4689,1346840000000.0,174280000000.0,122448000000.0,8983716000000.0,3428124000000.0,0.03571866128529773,0.3815930957746215
2024-03-18,0,4689,1346840000000.0,174280000000.0,122448000000.0,8983716000000.0,3428124000000.0,0.03571866128529773,0.3815930957746215
2024-03-19,0,4689,1346840000000.0,174280000000.0,122448000000.0,8983716000000.0,3428124000000.0,0.03571866128529773,0.3815930957746215
2024-03-21,0,4689,1346840000000.0,174280000000.0,122448000000.0,8983716000000.0,3428124000000.0,0.03571866128529773,0.3815930957746215
2024-03-22,0,4689,1346840000000.0,174280000000.0,122448000000.0,8983716000000.0,3428124000000.0,0.03571866128529773,0.3815930957746215
2024-03-25,1,4689,1346840000000.0,174280000000.0,122448000000.0,8983716000000.0,3428124000000.0,0.03571866128529773,0.3815930957746215
2024-03-26,1,4689,1346840000000.0,174280000000.0,122448000000.0,8983716000000.0,3428124000000.0,0.03571866128529773,0.3815930957746215
2024-03-27,1,4689,1346840000000.0,174280000000.0,122448000000.0,8983716000000.0,3428124000000.0,0.03571866128529773,0.3815930957746215
2024-03-28,1,4689,1346840000000.0,174280000000.0,122448000000.0,8983716000000.0,3428124000000.0,0.03571866128529773,0.3815930957746215
2024-03-29,1,4689,1346840000000.0,174280000000.0,122448000000.0,8983716000000.0,3428124000000.0,0.03571866128529773,0.3815930957746215
2024-04-01,1,4689,1346840000000.0,174280000000.0,122448000000.0,8983716000000.0,3428124000000.0,0.03571866128529773,0.3815930957746215
2024-04-02,1,4689,1346840000000.0,174280000000.0,122448000000.0,8983716000000.0,3428124000000.0,0.03571866128529773,0.3815930957746215
2024-04-03,0,4689,1346840000000.0,174280000000.0,122448000000.0,8983716000000.0,3428124000000.0,0.03571866128529773,0.3815930957746215
2024-04-04,1,4689,1346840000000.0,174280000000.0,122448000000.0,8983716000000.0,3428124000000.0,0.03571866128529773,0.3815930957746215
2024-04-05,1,4689,1346840000000.0,174280000000.0,122448000000.0,8983716000000.0,3428124000000.0,0.03571866128529773,0.3815930957746215
2024-04-08,1,4689,1346840000000.0,174280000000.0,122448000000.0,8983716000000.0,3428124000000.0,0.03571866128529773,0.3815930957746215
2024-04-09,1,4689,1346840000000.0,174280000000.0,122448000000.0,8983716000000.0,3428124000000.0,0.03571866128529773,0.3815930957746215
2024-04-10,1,4689,1346840000000.0,174280000000.0,122448000000.0,8983716000000.0,3428124000000.0,0.03571866128529773,0.3815930957746215
2024-04-11,1,4689,1346840000000.0,174280000000.0,122448000000.0,8983716000000.0,3428124000000.0,0.03571866128529773,0.3815930957746215
2024-04-12,1,4689,1346840000000.0,174280000000.0,122448000000.0,8983716000000.0,3428124000000.0,0.03571866128529773,0.3815930957746215
2024-04-15,1,4689,1346840000000.0,174280000000.0,122448000000.0,8983716000000.0,3428124000000.0,0.03571866128529773,0.3815930957746215
2024-04-16,1,4689,1346840000000.0,174280000000.0,122448000000.0,8983716000000.0,3428124000000.0,0.03571866128529773,0.3815930957746215
2024-04-17,1,4689,1346840000000.0,174280000000.0,122448000000.0,8983716000000.0,3428124000000.0,0.03571866128529773,0.3815930957746215
2024-04-18,1,4689,1346840000000.0,174280000000.0,122448000000.0,8983716000000.0,3428124000000.0,0.03571866128529773,0.3815930957746215
2024-04-19,1,4689,1346840000000.0,174280000000.0,122448000000.0,8983716000000.0,3428124000000.0,0.03571866128529773,0.3815930957746215
2024-04-22,1,4689,1346840000000.0,174280000000.0,122448000000.0,8983716000000.0,3428124000000.0,0.03571866128529773,0.3815930957746215
2024-04-23,1,4689,1346840000000.0,174280000000.0,122448000000.0,8983716000000.0,3428124000000.0,0.03571866128529773,0.3815930957746215
2024-04-24,1,4689,1346840000000.0,174280000000.0,122448000000.0,8983716000000.0,3428124000000.0,0.03571866128529773,0.3815930957746215
2024-04-25,1,4689,1346840000000.0,174280000000.0,122448000000.0,8983716000000.0,3428124000000.0,0.03571866128529773,0.3815930957746215
2024-04-26,0,4689,1346840000000.0,174280000000.0,122448000000.0,8983716000000.0,3428124000000.0,0.03571866128529773,0.3815930957746215
2024-04-30,0,4689,1346840000000.0,174280000000.0,122448000000.0,8983716000000.0,3428124000000.0,0.03571866128529773,0.3815930957746215
2024-05-01,0,4689,1346840000000.0,174280000000.0,122448000000.0,8983716000000.0,3428124000000.0,0.03571866128529773,0.3815930957746215
2024-05-02,0,4689,1346840000000.0,174280000000.0,122448000000.0,8983716000000.0,3428124000000.0,0.03571866128529773,0.3815930957746215
2024-05-07,0,4689,1346840000000.0,174280000000.0,122448000000.0,8983716000000.0,3428124000000.0,0.03571866128529773,0.3815930957746215
2024-05-08,0,4689,1814663000000.0,208191000000.0,113199000000.0,9043969000000.0,3446985000000.0,0.032840003655368384,0.3811363130501664
2024-05-09,0,4689,1814663000000.0,208191000000.0,113199000000.0,9043969000000.0,3446985000000.0,0.032840003655368384,0.3811363130501664
2024-05-10,0,4689,1814663000000.0,208191000000.0,113199000000.0,9043969000000.0,3446985000000.0,0.032840003655368384,0.3811363130501664
2024-05-13,0,4689,1814663000000.0,208191000000.0,113199000000.0,9043969000000.0,3446985000000.0,0.032840003655368384,0.3811363130501664
2024-05-14,0,4689,1814663000000.0,208191000000.0,113199000000.0,9043969000000.0,3446985000000.0,0.032840003655368384,0.3811363130501664
2024-05-15,0,4689,1814663000000.0,208191000000.0,113199000000.0,9043969000000.0,3446985000000.0,0.032840003655368384,0.3811363130501664
2024-05-16,0,4689,1814663000000.0,208191000000.0,113199000000.0,9043969000000.0,3446985000000.0,0.032840003655368384,0.3811363130501664
2024-05-17,0,4689,1814663000000.0,208191000000.0,113199000000.0,9043969000000.0,3446985000000.0,0.032840003655368384,0.3811363130501664
2024-05-20,0,4689,1814663000000.0,208191000000.0,113199000000.0,9043969000000.0,3446985000000.0,0.032840003655368384,0.3811363130501664
2024-05-21,0,4689,1814663000000.0,208191000000.0,113199000000.0,9043969000000.0,3446985000000.0,0.032840003655368384,0.3811363130501664
2024-05-22,0,4689,1814663000000.0,208191000000.0,113199000000.0,9043969000000.0,3446985000000.0,0.032840003655368384,0.3811363130501664
2024-05-23,0,4689,1814663000000.0,208191000000.0,113199000000.0,9043969000000.0,3446985000000.0,0.032840003655368384,0.3811363130501664
2024-05-24,0,4689,1814663000000.0,208191000000.0,113199000000.0,9043969000000.0,3446985000000.0,0.032840003655368384,0.3811363130501664
2024-05-27,1,4689,1814663000000.0,208191000000.0,113199000000.0,9043969000000.0,3446985000000.0,0.032840003655368384,0.3811363130501664
2024-05-28,1,4689,1814663000000.0,208191000000.0,113199000000.0,9043969000000.0,3446985000000.0,0.032840003655368384,0.3811363130501664
2024-05-29,1,4689,1814663000000.0,208191000000.0,113199000000.0,9043969000000.0,3446985000000.0,0.032840003655368384,0.3811363130501664
2024-05-30,1,4689,1814663000000.0,208191000000.0,113199000000.0,9043969000000.0,3446985000000.0,0.032840003655368384,0.3811363130501664
2024-05-31,1,4689,1814663000000.0,208191000000.0,113199000000.0,9043969000000.0,3446985000000.0,0.032840003655368384,0.3811363130501664
2024-06-03,1,4689,1814663000000.0,208191000000.0,113199000000.0,9043969000000.0,3446985000000.0,0.032840003655368384,0.3811363130501664
2024-06-04,1,4689,1814663000000.0,208191000000.0,113199000000.0,9043969000000.0,3446985000000.0,0.032840003655368384,0.3811363130501664
2024-06-05,1,4689,1814663000000.0,208191000000.0,113199000000.0,9043969000000.0,3446985000000.0,0.032840003655368384,0.3811363130501664
2024-06-06,1,4689,1814663000000.0,208191000000.0,113199000000.0,9043969000000.0,3446985000000.0,0.032840003655368384,0.3811363130501664
2024-06-07,1,4689,1814663000000.0,208191000000.0,113199000000.0,9043969000000.0,3446985000000.0,0.032840003655368384,0.3811363130501664
2024-06-10,1,4689,1814663000000.0,208191000000.0,113199000000.0,9043969000000.0,3446985000000.0,0.032840003655368384,0.3811363130501664
2024-06-11,1,4689,1814663000000.0,208191000000.0,113199000000.0,9043969000000.0,3446985000000.0,0.032840003655368384,0.3811363130501664
2024-06-12,1,4689,1814663000000.0,208191000000.0,113199000000.0,9043969000000.0,3446985000000.0,0.032840003655368384,0.3811363130501664
2024-06-13,1,4689,1814663000000.0,208191000000.0,113199000000.0,9043969000000.0,3446985000000.0,0.032840003655368384,0.3811363130501664
2024-06-14,1,4689,1814663000000.0,208191000000.0,113199000000.0,9043969000000.0,3446985000000.0,0.032840003655368384,0.3811363130501664
2024-06-17,1,4689,1814663000000.0,208191000000.0,113199000000.0,9043969000000.0,3446985000000.0,0.032840003655368384,0.3811363130501664
2024-06-18,1,4689,1814663000000.0,208191000000.0,113199000000.0,9043969000000.0,3446985000000.0,0.032840003655368384,0.3811363130501664
2024-06-19,1,4689,1814663000000.0,208191000000.0,113199000000.0,9043969000000.0,3446985000000.0,0.032840003655368384,0.3811363130501664
2024-06-20,1,4689,1814663000000.0,208191000000.0,113199000000.0,9043969000000.0,3446985000000.0,0.032840003655368384,0.3811363130501664
2024-06-21,1,4689,1814663000000.0,208191000000.0,113199000000.0,9043969000000.0,3446985000000.0,0.032840003655368384,0.3811363130501664
2024-06-24,1,4689,1814663000000.0,208191000000.0,113199000000.0,9043969000000.0,3446985000000.0,0.032840003655368384,0.3811363130501664
2024-06-25,1,4689,1814663000000.0,208191000000.0,113199000000.0,9043969000000.0,3446985000000.0,0.032840003655368384,0.3811363130501664
2024-06-26,1,4689,1814663000000.0,208191000000.0,113199000000.0,9043969000000.0,3446985000000.0,0.032840003655368384,0.3811363130501664
2024-06-27,1,4689,1814663000000.0,208191000000.0,113199000000.0,9043969000000.0,3446985000000.0,0.032840003655368384,0.3811363130501664
2024-06-28,1,4689,1814663000000.0,208191000000.0,113199000000.0,9043969000000.0,3446985000000.0,0.032840003655368384,0.3811363130501664
2024-07-01,1,4689,1814663000000.0,208191000000.0,113199000000.0,9043969000000.0,3446985000000.0,0.032840003655368384,0.3811363130501664
2024-07-02,1,4689,1814663000000.0,208191000000.0,113199000000.0,9043969000000.0,3446985000000.0,0.032840003655368384,0.3811363130501664
2024-07-03,1,4689,1814663000000.0,208191000000.0,113199000000.0,9043969000000.0,3446985000000.0,0.032840003655368384,0.3811363130501664
2024-07-04,1,4689,1814663000000.0,208191000000.0,113199000000.0,9043969000000.0,3446985000000.0,0.032840003655368384,0.3811363130501664
2024-07-05,1,4689,1814663000000.0,208191000000.0,113199000000.0,9043969000000.0,3446985000000.0,0.032840003655368384,0.3811363130501664
2024-07-08,1,4689,1814663000000.0,208191000000.0,113199000000.0,9043969000000.0,3446985000000.0,0.032840003655368384,0.3811363130501664
2024-07-09,1,4689,1814663000000.0,208191000000.0,113199000000.0,9043969000000.0,3446985000000.0,0.032840003655368384,0.3811363130501664
2024-07-10,1,4689,1814663000000.0,208191000000.0,113199000000.0,9043969000000.0,3446985000000.0,0.032840003655368384,0.3811363130501664
2024-07-11,1,4689,1814663000000.0,208191000000.0,113199000000.0,9043969000000.0,3446985000000.0,0.032840003655368384,0.3811363130501664
2024-07-12,1,4689,1814663000000.0,208191000000.0,113199000000.0,9043969000000.0,3446985000000.0,0.032840003655368384,0.3811363130501664
2024-07-16,1,4689,1814663000000.0,208191000000.0,113199000000.0,9043969000000.0,3446985000000.0,0.032840003655368384,0.3811363130501664
2024-07-17,1,4689,1814663000000.0,208191000000.0,113199000000.0,9043969000000.0,3446985000000.0,0.032840003655368384,0.3811363130501664
2024-07-18,1,4689,1814663000000.0,208191000000.0,113199000000.0,9043969000000.0,3446985000000.0,0.032840003655368384,0.3811363130501664
2024-07-19,1,4689,1814663000000.0,208191000000.0,113199000000.0,9043969000000.0,3446985000000.0,0.032840003655368384,0.3811363130501664
2024-07-22,1,4689,1814663000000.0,208191000000.0,113199000000.0,9043969000000.0,3446985000000.0,0.032840003655368384,0.3811363130501664
2024-07-23,1,4689,1814663000000.0,208191000000.0,113199000000.0,9043969000000.0,3446985000000.0,0.032840003655368384,0.3811363130501664
2024-07-24,1,4689,1814663000000.0,208191000000.0,113199000000.0,9043969000000.0,3446985000000.0,0.032840003655368384,0.3811363130501664
2024-07-25,1,4689,1814663000000.0,208191000000.0,113199000000.0,9043969000000.0,3446985000000.0,0.032840003655368384,0.3811363130501664
2024-07-26,1,4689,1814663000000.0,208191000000.0,113199000000.0,9043969000000.0,3446985000000.0,0.032840003655368384,0.3811363130501664
2024-07-29,1,4689,1814663000000.0,208191000000.0,113199000000.0,9043969000000.0,3446985000000.0,0.032840003655368384,0.3811363130501664
2024-07-30,1,4689,1814663000000.0,208191000000.0,113199000000.0,9043969000000.0,3446985000000.0,0.032840003655368384,0.3811363130501664
2024-07-31,1,4689,1814663000000.0,208191000000.0,113199000000.0,9043969000000.0,3446985000000.0,0.032840003655368384,0.3811363130501664
2024-08-01,1,4689,1814663000000.0,208191000000.0,113199000000.0,9043969000000.0,3446985000000.0,0.032840003655368384,0.3811363130501664
2024-08-02,1,4689,463085000000.0,106802000000.0,51527000000.0,8968078000000.0,3463946000000.0,0.01487523188871882,0.38625288495483645
2024-08-05,1,4689,463085000000.0,106802000000.0,51527000000.0,8968078000000.0,3463946000000.0,0.01487523188871882,0.38625288495483645
2024-08-06,1,4689,463085000000.0,106802000000.0,51527000000.0,8968078000000.0,3463946000000.0,0.01487523188871882,0.38625288495483645
2024-08-07,1,4689,463085000000.0,106802000000.0,51527000000.0,8968078000000.0,3463946000000.0,0.01487523188871882,0.38625288495483645
2024-08-08,1,4689,463085000000.0,106802000000.0,51527000000.0,8968078000000.0,3463946000000.0,0.01487523188871882,0.38625288495483645
2024-08-09,1,4689,463085000000.0,106802000000.0,51527000000.0,8968078000000.0,3463946000000.0,0.01487523188871882,0.38625288495483645
2024-08-13,1,4689,463085000000.0,106802000000.0,51527000000.0,8968078000000.0,3463946000000.0,0.01487523188871882,0.38625288495483645
2024-08-14,1,4689,463085000000.0,106802000000.0,51527000000.0,8968078000000.0,3463946000000.0,0.01487523188871882,0.38625288495483645
2024-08-15,1,4689,463085000000.0,106802000000.0,51527000000.0,8968078000000.0,3463946000000.0,0.01487523188871882,0.38625288495483645
2024-08-16,1,4689,463085000000.0,106802000000.0,51527000000.0,8968078000000.0,3463946000000.0,0.01487523188871882,0.38625288495483645
2024-08-19,1,4689,463085000000.0,106802000000.0,51527000000.0,8968078000000.0,3463946000000.0,0.01487523188871882,0.38625288495483645
2024-08-20,1,4689,463085000000.0,106802000000.0,51527000000.0,8968078000000.0,3463946000000.0,0.01487523188871882,0.38625288495483645
2024-08-21,1,4689,463085000000.0,106802000000.0,51527000000.0,8968078000000.0,3463946000000.0,0.01487523188871882,0.38625288495483645
2024-08-22,1,4689,463085000000.0,106802000000.0,51527000000.0,8968078000000.0,3463946000000.0,0.01487523188871882,0.38625288495483645
2024-08-23,1,4689,463085000000.0,106802000000.0,51527000000.0,8968078000000.0,3463946000000.0,0.01487523188871882,0.38625288495483645
2024-08-26,1,4689,463085000000.0,106802000000.0,51527000000.0,8968078000000.0,3463946000000.0,0.01487523188871882,0.38625288495483645
2024-08-27,1,4689,463085000000.0,106802000000.0,51527000000.0,8968078000000.0,3463946000000.0,0.01487523188871882,0.38625288495483645
2024-08-28,1,4689,463085000000.0,106802000000.0,51527000000.0,8968078000000.0,3463946000000.0,0.01487523188871882,0.38625288495483645
2024-08-29,1,4689,463085000000.0,106802000000.0,51527000000.0,8968078000000.0,3463946000000.0,0.01487523188871882,0.38625288495483645
2024-08-30,1,4689,463085000000.0,106802000000.0,51527000000.0,8968078000000.0,3463946000000.0,0.01487523188871882,0.38625288495483645
2024-09-02,1,4689,463085000000.0,106802000000.0,51527000000.0,8968078000000.0,3463946000000.0,0.01487523188871882,0.38625288495483645
2024-09-03,1,4689,463085000000.0,106802000000.0,51527000000.0,8968078000000.0,3463946000000.0,0.01487523188871882,0.38625288495483645
2024-09-04,1,4689,463085000000.0,106802000000.0,51527000000.0,8968078000000.0,3463946000000.0,0.01487523188871882,0.38625288495483645
2024-09-05,1,4689,463085000000.0,106802000000.0,51527000000.0,8968078000000.0,3463946000000.0,0.01487523188871882,0.38625288495483645
2024-09-06,1,4689,463085000000.0,106802000000.0,51527000000.0,8968078000000.0,3463946000000.0,0.01487523188871882,0.38625288495483645
2024-09-09,1,4689,463085000000.0,106802000000.0,51527000000.0,8968078000000.0,3463946000000.0,0.01487523188871882,0.38625288495483645
2024-09-10,1,4689,463085000000.0,106802000000.0,51527000000.0,8968078000000.0,3463946000000.0,0.01487523188871882,0.38625288495483645
2024-09-11,1,4689,463085000000.0,106802000000.0,51527000000.0,8968078000000.0,3463946000000.0,0.01487523188871882,0.38625288495483645
2024-09-12,1,4689,463085000000.0,106802000000.0,51527000000.0,8968078000000.0,3463946000000.0,0.01487523188871882,0.38625288495483645
2024-09-13,1,4689,463085000000.0,106802000000.0,51527000000.0,8968078000000.0,3463946000000.0,0.01487523188871882,0.38625288495483645
2024-09-17,1,4689,463085000000.0,106802000000.0,51527000000.0,8968078000000.0,3463946000000.0,0.01487523188871882,0.38625288495483645
2024-09-18,1,4689,463085000000.0,106802000000.0,51527000000.0,8968078000000.0,3463946000000.0,0.01487523188871882,0.38625288495483645
2024-09-19,1,4689,463085000000.0,106802000000.0,51527000000.0,8968078000000.0,3463946000000.0,0.01487523188871882,0.38625288495483645
2024-09-20,1,4689,463085000000.0,106802000000.0,51527000000.0,8968078000000.0,3463946000000.0,0.01487523188871882,0.38625288495483645
2024-09-24,1,4689,463085000000.0,106802000000.0,51527000000.0,8968078000000.0,3463946000000.0,0.01487523188871882,0.38625288495483645
2024-09-25,1,4689,463085000000.0,106802000000.0,51527000000.0,8968078000000.0,3463946000000.0,0.01487523188871882,0.38625288495483645
2024-09-26,1,4689,463085000000.0,106802000000.0,51527000000.0,8968078000000.0,3463946000000.0,0.01487523188871882,0.38625288495483645
2024-09-27,0,4689,463085000000.0,106802000000.0,51527000000.0,8968078000000.0,3463946000000.0,0.01487523188871882,0.38625288495483645
2024-09-30,1,4689,463085000000.0,106802000000.0,51527000000.0,8968078000000.0,3463946000000.0,0.01487523188871882,0.38625288495483645
2024-10-01,1,4689,463085000000.0,106802000000.0,51527000000.0,8968078000000.0,3463946000000.0,0.01487523188871882,0.38625288495483645
2024-10-02,1,4689,463085000000.0,106802000000.0,51527000000.0,8968078000000.0,3463946000000.0,0.01487523188871882,0.38625288495483645
2024-10-03,0,4689,463085000000.0,106802000000.0,51527000000.0,8968078000000.0,3463946000000.0,0.01487523188871882,0.38625288495483645
2024-10-04,0,4689,463085000000.0,106802000000.0,51527000000.0,8968078000000.0,3463946000000.0,0.01487523188871882,0.38625288495483645
2024-10-07,0,4689,463085000000.0,106802000000.0,51527000000.0,8968078000000.0,3463946000000.0,0.01487523188871882,0.38625288495483645
2024-10-08,1,4689,463085000000.0,106802000000.0,51527000000.0,8968078000000.0,3463946000000.0,0.01487523188871882,0.38625288495483645
2024-10-09,0,4689,463085000000.0,106802000000.0,51527000000.0,8968078000000.0,3463946000000.0,0.01487523188871882,0.38625288495483645
2024-10-10,1,4689,463085000000.0,106802000000.0,51527000000.0,8968078000000.0,3463946000000.0,0.01487523188871882,0.38625288495483645
2024-10-11,1,4689,463085000000.0,106802000000.0,51527000000.0,8968078000000.0,3463946000000.0,0.01487523188871882,0.38625288495483645
2024-10-15,1,4689,463085000000.0,106802000000.0,51527000000.0,8968078000000.0,3463946000000.0,0.01487523188871882,0.38625288495483645
2024-10-16,1,4689,463085000000.0,106802000000.0,51527000000.0,8968078000000.0,3463946000000.0,0.01487523188871882,0.38625288495483645
2024-10-17,1,4689,463085000000.0,106802000000.0,51527000000.0,8968078000000.0,3463946000000.0,0.01487523188871882,0.38625288495483645
2024-10-18,1,4689,463085000000.0,106802000000.0,51527000000.0,8968078000000.0,3463946000000.0,0.01487523188871882,0.38625288495483645
2024-10-21,1,4689,463085000000.0,106802000000.0,51527000000.0,8968078000000.0,3463946000000.0,0.01487523188871882,0.38625288495483645
2024-10-22,1,4689,463085000000.0,106802000000.0,51527000000.0,8968078000000.0,3463946000000.0,0.01487523188871882,0.38625288495483645
2024-10-23,1,4689,463085000000.0,106802000000.0,51527000000.0,8968078000000.0,3463946000000.0,0.01487523188871882,0.38625288495483645
2024-10-24,1,4689,463085000000.0,106802000000.0,51527000000.0,8968078000000.0,3463946000000.0,0.01487523188871882,0.38625288495483645
2024-10-25,1,4689,463085000000.0,106802000000.0,51527000000.0,8968078000000.0,3463946000000.0,0.01487523188871882,0.38625288495483645
2024-10-28,1,4689,463085000000.0,106802000000.0,51527000000.0,8968078000000.0,3463946000000.0,0.01487523188871882,0.38625288495483645
2024-10-29,1,4689,463085000000.0,106802000000.0,51527000000.0,8968078000000.0,3463946000000.0,0.01487523188871882,0.38625288495483645
2024-10-30,1,4689,463085000000.0,106802000000.0,51527000000.0,8968078000000.0,3463946000000.0,0.01487523188871882,0.38625288495483645
2024-10-31,1,4689,463085000000.0,106802000000.0,51527000000.0,8968078000000.0,3463946000000.0,0.01487523188871882,0.38625288495483645
2024-11-01,1,4689,463085000000.0,106802000000.0,51527000000.0,8968078000000.0,3463946000000.0,0.01487523188871882,0.38625288495483645
2024-11-05,1,4689,925293000000.0,172659000000.0,87254000000.0,8884696000000.0,3327206000000.0,0.026224405702562452,0.37448732066915963
2024-11-06,1,4689,925293000000.0,172659000000.0,87254000000.0,8884696000000.0,3327206000000.0,0.026224405702562452,0.37448732066915963
2024-11-07,1,4689,925293000000.0,172659000000.0,87254000000.0,8884696000000.0,3327206000000.0,0.026224405702562452,0.37448732066915963
2024-11-08,1,4689,925293000000.0,172659000000.0,87254000000.0,8884696000000.0,3327206000000.0,0.026224405702562452,0.37448732066915963
2024-11-11,1,4689,925293000000.0,172659000000.0,87254000000.0,8884696000000.0,3327206000000.0,0.026224405702562452,0.37448732066915963
2024-11-12,1,4689,925293000000.0,172659000000.0,87254000000.0,8884696000000.0,3327206000000.0,0.026224405702562452,0.37448732066915963
2024-11-13,1,4689,925293000000.0,172659000000.0,87254000000.0,8884696000000.0,3327206000000.0,0.026224405702562452,0.37448732066915963
2024-11-14,1,4689,925293000000.0,172659000000.0,87254000000.0,8884696000000.0,3327206000000.0,0.026224405702562452,0.37448732066915963
2024-11-15,1,4689,925293000000.0,172659000000.0,87254000000.0,8884696000000.0,3327206000000.0,0.026224405702562452,0.37448732066915963
2024-11-18,1,4689,925293000000.0,172659000000.0,87254000000.0,8884696000000.0,3327206000000.0,0.026224405702562452,0.37448732066915963
2024-11-19,1,4689,925293000000.0,172659000000.0,87254000000.0,8884696000000.0,3327206000000.0,0.026224405702562452,0.37448732066915963
2024-11-20,1,4689,925293000000.0,172659000000.0,87254000000.0,8884696000000.0,3327206000000.0,0.026224405702562452,0.37448732066915963
2024-11-21,1,4689,925293000000.0,172659000000.0,87254000000.0,8884696000000.0,3327206000000.0,0.026224405702562452,0.37448732066915963
2024-11-22,1,4689,925293000000.0,172659000000.0,87254000000.0,8884696000000.0,3327206000000.0,0.026224405702562452,0.37448732066915963
2024-11-25,1,4689,925293000000.0,172659000000.0,87254000000.0,8884696000000.0,3327206000000.0,0.026224405702562452,0.37448732066915963
2024-11-26,1,4689,925293000000.0,172659000000.0,87254000000.0,8884696000000.0,3327206000000.0,0.026224405702562452,0.37448732066915963
2024-11-27,1,4689,925293000000.0,172659000000.0,87254000000.0,8884696000000.0,3327206000000.0,0.026224405702562452,0.37448732066915963
2024-11-28,1,4689,925293000000.0,172659000000.0,87254000000.0,8884696000000.0,3327206000000.0,0.026224405702562452,0.37448732066915963
2024-11-29,1,4689,925293000000.0,172659000000.0,87254000000.0,8884696000000.0,3327206000000.0,0.026224405702562452,0.37448732066915963
2024-12-02,1,4689,925293000000.0,172659000000.0,87254000000.0,8884696000000.0,3327206000000.0,0.026224405702562452,0.37448732066915963
2024-12-03,1,4689,925293000000.0,172659000000.0,87254000000.0,8884696000000.0,3327206000000.0,0.026224405702562452,0.37448732066915963
2024-12-04,1,4689,925293000000.0,172659000000.0,87254000000.0,8884696000000.0,3327206000000.0,0.026224405702562452,0.37448732066915963
2024-12-05,1,4689,925293000000.0,172659000000.0,87254000000.0,8884696000000.0,3327206000000.0,0.026224405702562452,0.37448732066915963
2024-12-06,1,4689,925293000000.0,172659000000.0,87254000000.0,8884696000000.0,3327206000000.0,0.026224405702562452,0.37448732066915963
2024-12-09,1,4689,925293000000.0,172659000000.0,87254000000.0,8884696000000.0,3327206000000.0,0.026224405702562452,0.37448732066915963
2024-12-10,1,4689,925293000000.0,172659000000.0,87254000000.0,8884696000000.0,3327206000000.0,0.026224405702562452,0.37448732066915963
2024-12-11,1,4689,925293000000.0,172659000000.0,87254000000.0,8884696000000.0,3327206000000.0,0.026224405702562452,0.37448732066915963
2024-12-12,1,4689,925293000000.0,172659000000.0,87254000000.0,8884696000000.0,3327206000000.0,0.026224405702562452,0.37448732066915963
2024-12-13,1,4689,925293000000.0,172659000000.0,87254000000.0,8884696000000.0,3327206000000.0,0.026224405702562452,0.37448732066915963
2024-12-16,1,4689,925293000000.0,172659000000.0,87254000000.0,8884696000000.0,3327206000000.0,0.026224405702562452,0.37448732066915963
2024-12-17,1,4689,925293000000.0,172659000000.0,87254000000.0,8884696000000.0,3327206000000.0,0.026224405702562452,0.37448732066915963
2024-12-18,1,4689,925293000000.0,172659000000.0,87254000000.0,8884696000000.0,3327206000000.0,0.026224405702562452,0.37448732066915963
2024-12-19,1,4689,925293000000.0,172659000000.0,87254000000.0,8884696000000.0,3327206000000.0,0.026224405702562452,0.37448732066915963
2024-12-20,1,4689,925293000000.0,172659000000.0,87254000000.0,8884696000000.0,3327206000000.0,0.026224405702562452,0.37448732066915963
2024-12-23,1,4689,925293000000.0,172659000000.0,87254000000.0,8884696000000.0,3327206000000.0,0.026224405702562452,0.37448732066915963
2024-12-24,1,4689,925293000000.0,172659000000.0,87254000000.0,8884696000000.0,3327206000000.0,0.026224405702562452,0.37448732066915963
2024-12-25,1,4689,925293000000.0,172659000000.0,87254000000.0,8884696000000.0,3327206000000.0,0.026224405702562452,0.37448732066915963
2024-12-26,1,4689,925293000000.0,172659000000.0,87254000000.0,8884696000000.0,3327206000000.0,0.026224405702562452,0.37448732066915963
2024-12-27,1,4689,925293000000.0,172659000000.0,87254000000.0,8884696000000.0,3327206000000.0,0.026224405702562452,0.37448732066915963
2024-12-30,1,4689,925293000000.0,172659000000.0,87254000000.0,8884696000000.0,3327206000000.0,0.026224405702562452,0.37448732066915963
2025-01-06,1,4689,925293000000.0,172659000000.0,87254000000.0,8884696000000.0,3327206000000.0,0.026224405702562452,0.37448732066915963
2025-01-07,1,4689,925293000000.0,172659000000.0,87254000000.0,8884696000000.0,3327206000000.0,0.026224405702562452,0.37448732066915963
2025-01-08,1,4689,925293000000.0,172659000000.0,87254000000.0,8884696000000.0,3327206000000.0,0.026224405702562452,0.37448732066915963
2025-01-09,1,4689,925293000000.0,172659000000.0,87254000000.0,8884696000000.0,3327206000000.0,0.026224405702562452,0.37448732066915963
2025-01-10,1,4689,925293000000.0,172659000000.0,87254000000.0,8884696000000.0,3327206000000.0,0.026224405702562452,0.37448732066915963
2025-01-14,1,4689,925293000000.0,172659000000.0,87254000000.0,8884696000000.0,3327206000000.0,0.026224405702562452,0.37448732066915963
2025-01-15,1,4689,925293000000.0,172659000000.0,87254000000.0,8884696000000.0,3327206000000.0,0.026224405702562452,0.37448732066915963
2025-01-16,1,4689,925293000000.0,172659000000.0,87254000000.0,8884696000000.0,3327206000000.0,0.026224405702562452,0.37448732066915963
2025-01-17,1,4689,925293000000.0,172659000000.0,87254000000.0,8884696000000.0,3327206000000.0,0.026224405702562452,0.37448732066915963
2025-01-20,1,4689,925293000000.0,172659000000.0,87254000000.0,8884696000000.0,3327206000000.0,0.026224405702562452,0.37448732066915963
2025-01-21,1,4689,925293000000.0,172659000000.0,87254000000.0,8884696000000.0,3327206000000.0,0.026224405702562452,0.37448732066915963
2025-01-22,1,4689,925293000000.0,172659000000.0,87254000000.0,8884696000000.0,3327206000000.0,0.026224405702562452,0.37448732066915963
2025-01-23,1,4689,925293000000.0,172659000000.0,87254000000.0,8884696000000.0,3327206000000.0,0.026224405702562452,0.37448732066915963
2025-01-24,1,4689,925293000000.0,172659000000.0,87254000000.0,8884696000000.0,3327206000000.0,0.026224405702562452,0.37448732066915963
2025-01-27,1,4689,925293000000.0,172659000000.0,87254000000.0,8884696000000.0,3327206000000.0,0.026224405702562452,0.37448732066915963
2025-01-28,1,4689,925293000000.0,172659000000.0,87254000000.0,8884696000000.0,3327206000000.0,0.026224405702562452,0.37448732066915963
2025-01-29,1,4689,925293000000.0,172659000000.0,87254000000.0,8884696000000.0,3327206000000.0,0.026224405702562452,0.37448732066915963
2025-01-30,1,4689,925293000000.0,172659000000.0,87254000000.0,8884696000000.0,3327206000000.0,0.026224405702562452,0.37448732066915963
2025-01-31,1,4689,925293000000.0,172659000000.0,87254000000.0,8884696000000.0,3327206000000.0,0.026224405702562452,0.37448732066915963
2025-02-03,1,4689,925293000000.0,172659000000.0,87254000000.0,8884696000000.0,3327206000000.0,0.026224405702562452,0.37448732066915963
2025-02-04,1,4689,925293000000.0,172659000000.0,87254000000.0,8884696000000.0,3327206000000.0,0.026224405702562452,0.37448732066915963
2025-02-05,1,4689,925293000000.0,172659000000.0,87254000000.0,8884696000000.0,3327206000000.0,0.026224405702562452,0.37448732066915963
2025-02-06,1,4689,1428759000000.0,254765000000.0,127677000000.0,9451486000000.0,3407671000000.0,0.03746752547414348,0.3605434108456596
2025-02-07,1,4689,1428759000000.0,254765000000.0,127677000000.0,9451486000000.0,3407671000000.0,0.03746752547414348,0.3605434108456596
2025-02-10,1,4689,1428759000000.0,254765000000.0,127677000000.0,9451486000000.0,3407671000000.0,0.03746752547414348,0.3605434108456596
2025-02-12,1,4689,1428759000000.0,254765000000.0,127677000000.0,9451486000000.0,3407671000000.0,0.03746752547414348,0.3605434108456596
2025-02-13,1,4689,1428759000000.0,254765000000.0,127677000000.0,9451486000000.0,3407671000000.0,0.03746752547414348,0.3605434108456596
2025-02-14,1,4689,1428759000000.0,254765000000.0,127677000000.0,9451486000000.0,3407671000000.0,0.03746752547414348,0.3605434108456596
2025-02-17,1,4689,1428759000000.0,254765000000.0,127677000000.0,9451486000000.0,3407671000000.0,0.03746752547414348,0.3605434108456596
2025-02-18,1,4689,1428759000000.0,254765000000.0,127677000000.0,9451486000000.0,3407671000000.0,0.03746752547414348,0.3605434108456596
2025-02-19,1,4689,1428759000000.0,254765000000.0,127677000000.0,9451486000000.0,3407671000000.0,0.03746752547414348,0.3605434108456596
2025-02-20,1,4689,1428759000000.0,254765000000.0,127677000000.0,9451486000000.0,3407671000000.0,0.03746752547414348,0.3605434108456596
2025-02-21,1,4689,1428759000000.0,254765000000.0,127677000000.0,9451486000000.0,3407671000000.0,0.03746752547414348,0.3605434108456596
2025-02-25,1,4689,1428759000000.0,254765000000.0,127677000000.0,9451486000000.0,3407671000000.0,0.03746752547414348,0.3605434108456596
2025-02-26,1,4689,1428759000000.0,254765000000.0,127677000000.0,9451486000000.0,3407671000000.0,0.03746752547414348,0.3605434108456596
2025-02-27,1,4689,1428759000000.0,254765000000.0,127677000000.0,9451486000000.0,3407671000000.0,0.03746752547414348,0.3605434108456596
2025-02-28,1,4689,1428759000000.0,254765000000.0,127677000000.0,9451486000000.0,3407671000000.0,0.03746752547414348,0.3605434108456596
2025-03-03,1,4689,1428759000000.0,254765000000.0,127677000000.0,9451486000000.0,3407671000000.0,0.03746752547414348,0.3605434108456596
2025-03-04,1,4689,1428759000000.0,254765000000.0,127677000000.0,9451486000000.0,3407671000000.0,0.03746752547414348,0.3605434108456596
2025-03-05,1,4689,1428759000000.0,254765000000.0,127677000000.0,9451486000000.0,3407671000000.0,0.03746752547414348,0.3605434108456596
2025-03-06,1,4689,1428759000000.0,254765000000.0,127677000000.0,9451486000000.0,3407671000000.0,0.03746752547414348,0.3605434108456596
2025-03-07,0,4689,1428759000000.0,254765000000.0,127677000000.0,9451486000000.0,3407671000000.0,0.03746752547414348,0.3605434108456596
2025-03-10,1,4689,1428759000000.0,254765000000.0,127677000000.0,9451486000000.0,3407671000000.0,0.03746752547414348,0.3605434108456596
2025-03-11,1,4689,1428759000000.0,254765000000.0,127677000000.0,9451486000000.0,3407671000000.0,0.03746752547414348,0.3605434108456596
2025-03-12,1,4689,1428759000000.0,254765000000.0,127677000000.0,9451486000000.0,3407671000000.0,0.03746752547414348,0.3605434108456596
2025-03-13,1,4689,1428759000000.0,254765000000.0,127677000000.0,9451486000000.0,3407671000000.0,0.03746752547414348,0.3605434108456596
2025-03-14,1,4689,1428759000000.0,254765000000.0,127677000000.0,9451486000000.0,3407671000000.0,0.03746752547414348,0.3605434108456596
2025-03-17,0,4689,1428759000000.0,254765000000.0,127677000000.0,9451486000000.0,3407671000000.0,0.03746752547414348,0.3605434108456596
2025-03-18,0,4689,1428759000000.0,254765000000.0,127677000000.0,9451486000000.0,3407671000000.0,0.03746752547414348,0.3605434108456596
2025-03-19,1,4689,1428759000000.0,254765000000.0,127677000000.0,9451486000000.0,3407671000000.0,0.03746752547414348,0.3605434108456596
2025-03-21,1,4689,1428759000000.0,254765000000.0,127677000000.0,9451486000000.0,3407671000000.0,0.03746752547414348,0.3605434108456596
2025-03-24,1,4689,1428759000000.0,254765000000.0,127677000000.0,9451486000000.0,3407671000000.0,0.03746752547414348,0.3605434108456596
2025-03-25,1,4689,1428759000000.0,254765000000.0,127677000000.0,9451486000000.0,3407671000000.0,0.03746752547414348,0.3605434108456596
2025-03-26,0,4689,1428759000000.0,254765000000.0,127677000000.0,9451486000000.0,3407671000000.0,0.03746752547414348,0.3605434108456596
2025-03-27,0,4689,1428759000000.0,254765000000.0,127677000000.0,9451486000000.0,3407671000000.0,0.03746752547414348,0.3605434108456596
2025-03-28,0,4689,1428759000000.0,254765000000.0,127677000000.0,9451486000000.0,3407671000000.0,0.03746752547414348,0.3605434108456596
2025-03-31,1,4689,1428759000000.0,254765000000.0,127677000000.0,9451486000000.0,3407671000000.0,0.03746752547414348,0.3605434108456596
2025-04-01,0,4689,1428759000000.0,254765000000.0,127677000000.0,9451486000000.0,3407671000000.0,0.03746752547414348,0.3605434108456596
2025-04-02,1,4689,1428759000000.0,254765000000.0,127677000000.0,9451486000000.0,3407671000000.0,0.03746752547414348,0.3605434108456596
2025-04-03,1,4689,1428759000000.0,254765000000.0,127677000000.0,9451486000000.0,3407671000000.0,0.03746752547414348,0.3605434108456596
2025-04-04,1,4689,1428759000000.0,254765000000.0,127677000000.0,9451486000000.0,3407671000000.0,0.03746752547414348,0.3605434108456596
2025-04-07,1,4689,1428759000000.0,254765000000.0,127677000000.0,9451486000000.0,3407671000000.0,0.03746752547414348,0.3605434108456596
2025-04-08,1,4689,1428759000000.0,254765000000.0,127677000000.0,9451486000000.0,3407671000000.0,0.03746752547414348,0.3605434108456596
2025-04-09,1,4689,1428759000000.0,254765000000.0,127677000000.0,9451486000000.0,3407671000000.0,0.03746752547414348,0.3605434108456596
2025-04-10,1,4689,1428759000000.0,254765000000.0,127677000000.0,9451486000000.0,3407671000000.0,0.03746752547414348,0.3605434108456596
2025-04-11,1,4689,1428759000000.0,254765000000.0,127677000000.0,9451486000000.0,3407671000000.0,0.03746752547414348,0.3605434108456596
2025-04-14,1,4689,1428759000000.0,254765000000.0,127677000000.0,9451486000000.0,3407671000000.0,0.03746752547414348,0.3605434108456596
2025-04-15,0,4689,1428759000000.0,254765000000.0,127677000000.0,9451486000000.0,3407671000000.0,0.03746752547414348,0.3605434108456596
2025-04-16,0,4689,1428759000000.0,254765000000.0,127677000000.0,9451486000000.0,3407671000000.0,0.03746752547414348,0.3605434108456596
2025-04-17,0,4689,1428759000000.0,254765000000.0,127677000000.0,9451486000000.0,3407671000000.0,0.03746752547414348,0.3605434108456596
2025-04-18,0,4689,1428759000000.0,254765000000.0,127677000000.0,9451486000000.0,3407671000000.0,0.03746752547414348,0.3605434108456596
2025-04-21,0,4689,1428759000000.0,254765000000.0,127677000000.0,9451486000000.0,3407671000000.0,0.03746752547414348,0.3605434108456596
2025-04-22,0,4689,1428759000000.0,254765000000.0,127677000000.0,9451486000000.0,3407671000000.0,0.03746752547414348,0.3605434108456596
2025-04-23,1,4689,1428759000000.0,254765000000.0,127677000000.0,9451486000000.0,3407671000000.0,0.03746752547414348,0.3605434108456596
2025-04-24,1,4689,1428759000000.0,254765000000.0,127677000000.0,9451486000000.0,3407671000000.0,0.03746752547414348,0.3605434108456596
2025-04-25,1,4689,1428759000000.0,254765000000.0,127677000000.0,9451486000000.0,3407671000000.0,0.03746752547414348,0.3605434108456596
2025-04-28,1,4689,1428759000000.0,254765000000.0,127677000000.0,9451486000000.0,3407671000000.0,0.03746752547414348,0.3605434108456596
2025-04-30,0,4689,1428759000000.0,254765000000.0,127677000000.0,9451486000000.0,3407671000000.0,0.03746752547414348,0.3605434108456596
2025-05-01,0,4689,1428759000000.0,254765000000.0,127677000000.0,9451486000000.0,3407671000000.0,0.03746752547414348,0.3605434108456596
2025-05-02,0,4689,1428759000000.0,254765000000.0,127677000000.0,9451486000000.0,3407671000000.0,0.03746752547414348,0.3605434108456596
2023-08-10,0,4385,172064000000.0,17023000000.0,13070000000.0,415292000000.0,55228000000.0,0.23665531976533644,0.13298594723712473
2023-08-14,1,4385,172064000000.0,17023000000.0,13070000000.0,415292000000.0,55228000000.0,0.23665531976533644,0.13298594723712473
2023-08-15,1,4385,172064000000.0,17023000000.0,13070000000.0,415292000000.0,55228000000.0,0.23665531976533644,0.13298594723712473
2023-08-16,1,4385,172064000000.0,17023000000.0,13070000000.0,415292000000.0,55228000000.0,0.23665531976533644,0.13298594723712473
2023-08-17,0,4385,172064000000.0,17023000000.0,13070000000.0,415292000000.0,55228000000.0,0.23665531976533644,0.13298594723712473
2023-08-18,0,4385,172064000000.0,17023000000.0,13070000000.0,415292000000.0,55228000000.0,0.23665531976533644,0.13298594723712473
2023-08-21,0,4385,172064000000.0,17023000000.0,13070000000.0,415292000000.0,55228000000.0,0.23665531976533644,0.13298594723712473
2023-08-22,0,4385,172064000000.0,17023000000.0,13070000000.0,415292000000.0,55228000000.0,0.23665531976533644,0.13298594723712473
2023-08-23,0,4385,172064000000.0,17023000000.0,13070000000.0,415292000000.0,55228000000.0,0.23665531976533644,0.13298594723712473
2023-08-24,1,4385,172064000000.0,17023000000.0,13070000000.0,415292000000.0,55228000000.0,0.23665531976533644,0.13298594723712473
2023-08-25,0,4385,172064000000.0,17023000000.0,13070000000.0,415292000000.0,55228000000.0,0.23665531976533644,0.13298594723712473
2023-08-28,0,4385,172064000000.0,17023000000.0,13070000000.0,415292000000.0,55228000000.0,0.23665531976533644,0.13298594723712473
2023-08-29,0,4385,172064000000.0,17023000000.0,13070000000.0,415292000000.0,55228000000.0,0.23665531976533644,0.13298594723712473
2023-08-30,0,4385,172064000000.0,17023000000.0,13070000000.0,415292000000.0,55228000000.0,0.23665531976533644,0.13298594723712473
2023-08-31,0,4385,172064000000.0,17023000000.0,13070000000.0,415292000000.0,55228000000.0,0.23665531976533644,0.13298594723712473
2023-09-01,0,4385,172064000000.0,17023000000.0,13070000000.0,415292000000.0,55228000000.0,0.23665531976533644,0.13298594723712473
2023-09-04,0,4385,172064000000.0,17023000000.0,13070000000.0,415292000000.0,55228000000.0,0.23665531976533644,0.13298594723712473
2023-09-05,0,4385,172064000000.0,17023000000.0,13070000000.0,415292000000.0,55228000000.0,0.23665531976533644,0.13298594723712473
2023-09-06,0,4385,172064000000.0,17023000000.0,13070000000.0,415292000000.0,55228000000.0,0.23665531976533644,0.13298594723712473
2023-09-07,0,4385,172064000000.0,17023000000.0,13070000000.0,415292000000.0,55228000000.0,0.23665531976533644,0.13298594723712473
2023-09-08,0,4385,172064000000.0,17023000000.0,13070000000.0,415292000000.0,55228000000.0,0.23665531976533644,0.13298594723712473
2023-09-11,0,4385,172064000000.0,17023000000.0,13070000000.0,415292000000.0,55228000000.0,0.23665531976533644,0.13298594723712473
2023-09-12,0,4385,172064000000.0,17023000000.0,13070000000.0,415292000000.0,55228000000.0,0.23665531976533644,0.13298594723712473
2023-09-13,0,4385,172064000000.0,17023000000.0,13070000000.0,415292000000.0,55228000000.0,0.23665531976533644,0.13298594723712473
2023-09-14,0,4385,172064000000.0,17023000000.0,13070000000.0,415292000000.0,55228000000.0,0.23665531976533644,0.13298594723712473
2023-09-15,0,4385,172064000000.0,17023000000.0,13070000000.0,415292000000.0,55228000000.0,0.23665531976533644,0.13298594723712473
2023-09-19,0,4385,172064000000.0,17023000000.0,13070000000.0,415292000000.0,55228000000.0,0.23665531976533644,0.13298594723712473
2023-09-20,0,4385,172064000000.0,17023000000.0,13070000000.0,415292000000.0,55228000000.0,0.23665531976533644,0.13298594723712473
2023-09-21,0,4385,172064000000.0,17023000000.0,13070000000.0,415292000000.0,55228000000.0,0.23665531976533644,0.13298594723712473
2023-09-22,0,4385,172064000000.0,17023000000.0,13070000000.0,415292000000.0,55228000000.0,0.23665531976533644,0.13298594723712473
2023-09-25,0,4385,172064000000.0,17023000000.0,13070000000.0,415292000000.0,55228000000.0,0.23665531976533644,0.13298594723712473
2023-09-26,0,4385,172064000000.0,17023000000.0,13070000000.0,415292000000.0,55228000000.0,0.23665531976533644,0.13298594723712473
2023-09-27,0,4385,172064000000.0,17023000000.0,13070000000.0,415292000000.0,55228000000.0,0.23665531976533644,0.13298594723712473
2023-09-28,0,4385,172064000000.0,17023000000.0,13070000000.0,415292000000.0,55228000000.0,0.23665531976533644,0.13298594723712473
2023-09-29,0,4385,172064000000.0,17023000000.0,13070000000.0,415292000000.0,55228000000.0,0.23665531976533644,0.13298594723712473
2023-10-02,0,4385,172064000000.0,17023000000.0,13070000000.0,415292000000.0,55228000000.0,0.23665531976533644,0.13298594723712473
2023-10-03,0,4385,172064000000.0,17023000000.0,13070000000.0,415292000000.0,55228000000.0,0.23665531976533644,0.13298594723712473
2023-10-04,0,4385,172064000000.0,17023000000.0,13070000000.0,415292000000.0,55228000000.0,0.23665531976533644,0.13298594723712473
2023-10-05,0,4385,172064000000.0,17023000000.0,13070000000.0,415292000000.0,55228000000.0,0.23665531976533644,0.13298594723712473
2023-10-06,0,4385,172064000000.0,17023000000.0,13070000000.0,415292000000.0,55228000000.0,0.23665531976533644,0.13298594723712473
2023-10-10,0,4385,172064000000.0,17023000000.0,13070000000.0,415292000000.0,55228000000.0,0.23665531976533644,0.13298594723712473
2023-10-11,0,4385,172064000000.0,17023000000.0,13070000000.0,415292000000.0,55228000000.0,0.23665531976533644,0.13298594723712473
2023-10-12,0,4385,172064000000.0,17023000000.0,13070000000.0,415292000000.0,55228000000.0,0.23665531976533644,0.13298594723712473
2023-10-13,0,4385,172064000000.0,17023000000.0,13070000000.0,415292000000.0,55228000000.0,0.23665531976533644,0.13298594723712473
2023-10-16,0,4385,172064000000.0,17023000000.0,13070000000.0,415292000000.0,55228000000.0,0.23665531976533644,0.13298594723712473
2023-10-17,0,4385,172064000000.0,17023000000.0,13070000000.0,415292000000.0,55228000000.0,0.23665531976533644,0.13298594723712473
2023-10-18,0,4385,172064000000.0,17023000000.0,13070000000.0,415292000000.0,55228000000.0,0.23665531976533644,0.13298594723712473
2023-10-19,0,4385,172064000000.0,17023000000.0,13070000000.0,415292000000.0,55228000000.0,0.23665531976533644,0.13298594723712473
2023-10-20,0,4385,172064000000.0,17023000000.0,13070000000.0,415292000000.0,55228000000.0,0.23665531976533644,0.13298594723712473
2023-10-23,0,4385,172064000000.0,17023000000.0,13070000000.0,415292000000.0,55228000000.0,0.23665531976533644,0.13298594723712473
2023-10-24,0,4385,172064000000.0,17023000000.0,13070000000.0,415292000000.0,55228000000.0,0.23665531976533644,0.13298594723712473
2023-10-25,0,4385,172064000000.0,17023000000.0,13070000000.0,415292000000.0,55228000000.0,0.23665531976533644,0.13298594723712473
2023-10-26,0,4385,172064000000.0,17023000000.0,13070000000.0,415292000000.0,55228000000.0,0.23665531976533644,0.13298594723712473
2023-10-27,0,4385,172064000000.0,17023000000.0,13070000000.0,415292000000.0,55228000000.0,0.23665531976533644,0.13298594723712473
2023-10-30,0,4385,172064000000.0,17023000000.0,13070000000.0,415292000000.0,55228000000.0,0.23665531976533644,0.13298594723712473
2023-10-31,0,4385,172064000000.0,17023000000.0,13070000000.0,415292000000.0,55228000000.0,0.23665531976533644,0.13298594723712473
2023-11-01,0,4385,172064000000.0,17023000000.0,13070000000.0,415292000000.0,55228000000.0,0.23665531976533644,0.13298594723712473
2023-11-02,0,4385,172064000000.0,17023000000.0,13070000000.0,415292000000.0,55228000000.0,0.23665531976533644,0.13298594723712473
2023-11-06,0,4385,172064000000.0,17023000000.0,13070000000.0,415292000000.0,55228000000.0,0.23665531976533644,0.13298594723712473
2023-11-07,0,4385,172064000000.0,17023000000.0,13070000000.0,415292000000.0,55228000000.0,0.23665531976533644,0.13298594723712473
2023-11-08,0,4385,172064000000.0,17023000000.0,13070000000.0,415292000000.0,55228000000.0,0.23665531976533644,0.13298594723712473
2023-11-09,0,4385,172064000000.0,17023000000.0,13070000000.0,415292000000.0,55228000000.0,0.23665531976533644,0.13298594723712473
2023-11-10,0,4385,172064000000.0,17023000000.0,13070000000.0,415292000000.0,55228000000.0,0.23665531976533644,0.13298594723712473
2023-11-13,0,4385,44271000000.0,4477000000.0,2811000000.0,430399000000.0,59803000000.0,0.04700433088641038,0.13894781354045896
2023-11-14,0,4385,44271000000.0,4477000000.0,2811000000.0,430399000000.0,59803000000.0,0.04700433088641038,0.13894781354045896
2023-11-15,0,4385,44271000000.0,4477000000.0,2811000000.0,430399000000.0,59803000000.0,0.04700433088641038,0.13894781354045896
2023-11-16,0,4385,44271000000.0,4477000000.0,2811000000.0,430399000000.0,59803000000.0,0.04700433088641038,0.13894781354045896
2023-11-17,0,4385,44271000000.0,4477000000.0,2811000000.0,430399000000.0,59803000000.0,0.04700433088641038,0.13894781354045896
2023-11-20,0,4385,44271000000.0,4477000000.0,2811000000.0,430399000000.0,59803000000.0,0.04700433088641038,0.13894781354045896
2023-11-21,0,4385,44271000000.0,4477000000.0,2811000000.0,430399000000.0,59803000000.0,0.04700433088641038,0.13894781354045896
2023-11-22,0,4385,44271000000.0,4477000000.0,2811000000.0,430399000000.0,59803000000.0,0.04700433088641038,0.13894781354045896
2023-11-24,0,4385,44271000000.0,4477000000.0,2811000000.0,430399000000.0,59803000000.0,0.04700433088641038,0.13894781354045896
2023-11-27,0,4385,44271000000.0,4477000000.0,2811000000.0,430399000000.0,59803000000.0,0.04700433088641038,0.13894781354045896
2023-11-28,0,4385,44271000000.0,4477000000.0,2811000000.0,430399000000.0,59803000000.0,0.04700433088641038,0.13894781354045896
2023-11-29,0,4385,44271000000.0,4477000000.0,2811000000.0,430399000000.0,59803000000.0,0.04700433088641038,0.13894781354045896
2023-11-30,0,4385,44271000000.0,4477000000.0,2811000000.0,430399000000.0,59803000000.0,0.04700433088641038,0.13894781354045896
2023-12-01,0,4385,44271000000.0,4477000000.0,2811000000.0,430399000000.0,59803000000.0,0.04700433088641038,0.13894781354045896
2023-12-04,0,4385,44271000000.0,4477000000.0,2811000000.0,430399000000.0,59803000000.0,0.04700433088641038,0.13894781354045896
2023-12-05,0,4385,44271000000.0,4477000000.0,2811000000.0,430399000000.0,59803000000.0,0.04700433088641038,0.13894781354045896
2023-12-06,0,4385,44271000000.0,4477000000.0,2811000000.0,430399000000.0,59803000000.0,0.04700433088641038,0.13894781354045896
2023-12-07,0,4385,44271000000.0,4477000000.0,2811000000.0,430399000000.0,59803000000.0,0.04700433088641038,0.13894781354045896
2023-12-08,0,4385,44271000000.0,4477000000.0,2811000000.0,430399000000.0,59803000000.0,0.04700433088641038,0.13894781354045896
2023-12-11,0,4385,44271000000.0,4477000000.0,2811000000.0,430399000000.0,59803000000.0,0.04700433088641038,0.13894781354045896
2023-12-12,0,4385,44271000000.0,4477000000.0,2811000000.0,430399000000.0,59803000000.0,0.04700433088641038,0.13894781354045896
2023-12-13,0,4385,44271000000.0,4477000000.0,2811000000.0,430399000000.0,59803000000.0,0.04700433088641038,0.13894781354045896
2023-12-14,0,4385,44271000000.0,4477000000.0,2811000000.0,430399000000.0,59803000000.0,0.04700433088641038,0.13894781354045896
2023-12-15,0,4385,44271000000.0,4477000000.0,2811000000.0,430399000000.0,59803000000.0,0.04700433088641038,0.13894781354045896
2023-12-18,0,4385,44271000000.0,4477000000.0,2811000000.0,430399000000.0,59803000000.0,0.04700433088641038,0.13894781354045896
2023-12-19,0,4385,44271000000.0,4477000000.0,2811000000.0,430399000000.0,59803000000.0,0.04700433088641038,0.13894781354045896
2023-12-20,0,4385,44271000000.0,4477000000.0,2811000000.0,430399000000.0,59803000000.0,0.04700433088641038,0.13894781354045896
2023-12-21,0,4385,44271000000.0,4477000000.0,2811000000.0,430399000000.0,59803000000.0,0.04700433088641038,0.13894781354045896
2023-12-22,0,4385,44271000000.0,4477000000.0,2811000000.0,430399000000.0,59803000000.0,0.04700433088641038,0.13894781354045896
2023-12-25,0,4385,44271000000.0,4477000000.0,2811000000.0,430399000000.0,59803000000.0,0.04700433088641038,0.13894781354045896
2023-12-26,0,4385,44271000000.0,4477000000.0,2811000000.0,430399000000.0,59803000000.0,0.04700433088641038,0.13894781354045896
2023-12-27,0,4385,44271000000.0,4477000000.0,2811000000.0,430399000000.0,59803000000.0,0.04700433088641038,0.13894781354045896
2023-12-28,0,4385,44271000000.0,4477000000.0,2811000000.0,430399000000.0,59803000000.0,0.04700433088641038,0.13894781354045896
2023-12-29,0,4385,44271000000.0,4477000000.0,2811000000.0,430399000000.0,59803000000.0,0.04700433088641038,0.13894781354045896
2024-01-04,0,4385,44271000000.0,4477000000.0,2811000000.0,430399000000.0,59803000000.0,0.04700433088641038,0.13894781354045896
2024-01-05,0,4385,44271000000.0,4477000000.0,2811000000.0,430399000000.0,59803000000.0,0.04700433088641038,0.13894781354045896
2024-01-09,0,4385,44271000000.0,4477000000.0,2811000000.0,430399000000.0,59803000000.0,0.04700433088641038,0.13894781354045896
2024-01-10,0,4385,44271000000.0,4477000000.0,2811000000.0,430399000000.0,59803000000.0,0.04700433088641038,0.13894781354045896
2024-01-11,0,4385,44271000000.0,4477000000.0,2811000000.0,430399000000.0,59803000000.0,0.04700433088641038,0.13894781354045896
2024-01-12,0,4385,44271000000.0,4477000000.0,2811000000.0,430399000000.0,59803000000.0,0.04700433088641038,0.13894781354045896
2024-01-15,0,4385,44271000000.0,4477000000.0,2811000000.0,430399000000.0,59803000000.0,0.04700433088641038,0.13894781354045896
2024-01-16,0,4385,44271000000.0,4477000000.0,2811000000.0,430399000000.0,59803000000.0,0.04700433088641038,0.13894781354045896
2024-01-17,0,4385,44271000000.0,4477000000.0,2811000000.0,430399000000.0,59803000000.0,0.04700433088641038,0.13894781354045896
2024-01-18,0,4385,44271000000.0,4477000000.0,2811000000.0,430399000000.0,59803000000.0,0.04700433088641038,0.13894781354045896
2024-01-19,0,4385,44271000000.0,4477000000.0,2811000000.0,430399000000.0,59803000000.0,0.04700433088641038,0.13894781354045896
2024-01-22,0,4385,44271000000.0,4477000000.0,2811000000.0,430399000000.0,59803000000.0,0.04700433088641038,0.13894781354045896
2024-01-23,0,4385,44271000000.0,4477000000.0,2811000000.0,430399000000.0,59803000000.0,0.04700433088641038,0.13894781354045896
2024-01-24,0,4385,44271000000.0,4477000000.0,2811000000.0,430399000000.0,59803000000.0,0.04700433088641038,0.13894781354045896
2024-01-25,0,4385,44271000000.0,4477000000.0,2811000000.0,430399000000.0,59803000000.0,0.04700433088641038,0.13894781354045896
2024-01-26,0,4385,44271000000.0,4477000000.0,2811000000.0,430399000000.0,59803000000.0,0.04700433088641038,0.13894781354045896
2024-01-29,0,4385,44271000000.0,4477000000.0,2811000000.0,430399000000.0,59803000000.0,0.04700433088641038,0.13894781354045896
2024-01-30,0,4385,44271000000.0,4477000000.0,2811000000.0,430399000000.0,59803000000.0,0.04700433088641038,0.13894781354045896
2024-01-31,0,4385,44271000000.0,4477000000.0,2811000000.0,430399000000.0,59803000000.0,0.04700433088641038,0.13894781354045896
2024-02-01,0,4385,44271000000.0,4477000000.0,2811000000.0,430399000000.0,59803000000.0,0.04700433088641038,0.13894781354045896
2024-02-02,0,4385,44271000000.0,4477000000.0,2811000000.0,430399000000.0,59803000000.0,0.04700433088641038,0.13894781354045896
2024-02-05,0,4385,44271000000.0,4477000000.0,2811000000.0,430399000000.0,59803000000.0,0.04700433088641038,0.13894781354045896
2024-02-06,0,4385,44271000000.0,4477000000.0,2811000000.0,430399000000.0,59803000000.0,0.04700433088641038,0.13894781354045896
2024-02-07,0,4385,44271000000.0,4477000000.0,2811000000.0,430399000000.0,59803000000.0,0.04700433088641038,0.13894781354045896
2024-02-08,0,4385,44271000000.0,4477000000.0,2811000000.0,430399000000.0,59803000000.0,0.04700433088641038,0.13894781354045896
2024-02-09,0,4385,44271000000.0,4477000000.0,2811000000.0,430399000000.0,59803000000.0,0.04700433088641038,0.13894781354045896
2024-02-13,0,4385,92386000000.0,7821000000.0,4550000000.0,456578000000.0,61915000000.0,0.07348784624081402,0.13560662143160643
2024-02-14,0,4385,92386000000.0,7821000000.0,4550000000.0,456578000000.0,61915000000.0,0.07348784624081402,0.13560662143160643
2024-02-15,0,4385,92386000000.0,7821000000.0,4550000000.0,456578000000.0,61915000000.0,0.07348784624081402,0.13560662143160643
2024-02-16,0,4385,92386000000.0,7821000000.0,4550000000.0,456578000000.0,61915000000.0,0.07348784624081402,0.13560662143160643
2024-02-19,0,4385,92386000000.0,7821000000.0,4550000000.0,456578000000.0,61915000000.0,0.07348784624081402,0.13560662143160643
2024-02-20,0,4385,92386000000.0,7821000000.0,4550000000.0,456578000000.0,61915000000.0,0.07348784624081402,0.13560662143160643
2024-02-21,0,4385,92386000000.0,7821000000.0,4550000000.0,456578000000.0,61915000000.0,0.07348784624081402,0.13560662143160643
2024-02-22,0,4385,92386000000.0,7821000000.0,4550000000.0,456578000000.0,61915000000.0,0.07348784624081402,0.13560662143160643
2024-02-26,0,4385,92386000000.0,7821000000.0,4550000000.0,456578000000.0,61915000000.0,0.07348784624081402,0.13560662143160643
2024-02-27,0,4385,92386000000.0,7821000000.0,4550000000.0,456578000000.0,61915000000.0,0.07348784624081402,0.13560662143160643
2024-02-28,0,4385,92386000000.0,7821000000.0,4550000000.0,456578000000.0,61915000000.0,0.07348784624081402,0.13560662143160643
2024-02-29,0,4385,92386000000.0,7821000000.0,4550000000.0,456578000000.0,61915000000.0,0.07348784624081402,0.13560662143160643
2024-03-01,0,4385,92386000000.0,7821000000.0,4550000000.0,456578000000.0,61915000000.0,0.07348784624081402,0.13560662143160643
2024-03-04,0,4385,92386000000.0,7821000000.0,4550000000.0,456578000000.0,61915000000.0,0.07348784624081402,0.13560662143160643
2024-03-05,1,4385,92386000000.0,7821000000.0,4550000000.0,456578000000.0,61915000000.0,0.07348784624081402,0.13560662143160643
2024-03-06,1,4385,92386000000.0,7821000000.0,4550000000.0,456578000000.0,61915000000.0,0.07348784624081402,0.13560662143160643
2024-03-07,1,4385,92386000000.0,7821000000.0,4550000000.0,456578000000.0,61915000000.0,0.07348784624081402,0.13560662143160643
2024-03-08,1,4385,92386000000.0,7821000000.0,4550000000.0,456578000000.0,61915000000.0,0.07348784624081402,0.13560662143160643
2024-03-11,1,4385,92386000000.0,7821000000.0,4550000000.0,456578000000.0,61915000000.0,0.07348784624081402,0.13560662143160643
2024-03-12,1,4385,92386000000.0,7821000000.0,4550000000.0,456578000000.0,61915000000.0,0.07348784624081402,0.13560662143160643
2024-03-13,1,4385,92386000000.0,7821000000.0,4550000000.0,456578000000.0,61915000000.0,0.07348784624081402,0.13560662143160643
2024-03-14,1,4385,92386000000.0,7821000000.0,4550000000.0,456578000000.0,61915000000.0,0.07348784624081402,0.13560662143160643
2024-03-15,1,4385,92386000000.0,7821000000.0,4550000000.0,456578000000.0,61915000000.0,0.07348784624081402,0.13560662143160643
2024-03-18,1,4385,92386000000.0,7821000000.0,4550000000.0,456578000000.0,61915000000.0,0.07348784624081402,0.13560662143160643
2024-03-19,1,4385,92386000000.0,7821000000.0,4550000000.0,456578000000.0,61915000000.0,0.07348784624081402,0.13560662143160643
2024-03-21,1,4385,92386000000.0,7821000000.0,4550000000.0,456578000000.0,61915000000.0,0.07348784624081402,0.13560662143160643
2024-03-22,1,4385,92386000000.0,7821000000.0,4550000000.0,456578000000.0,61915000000.0,0.07348784624081402,0.13560662143160643
2024-03-25,1,4385,92386000000.0,7821000000.0,4550000000.0,456578000000.0,61915000000.0,0.07348784624081402,0.13560662143160643
2024-03-26,1,4385,92386000000.0,7821000000.0,4550000000.0,456578000000.0,61915000000.0,0.07348784624081402,0.13560662143160643
2024-03-27,0,4385,92386000000.0,7821000000.0,4550000000.0,456578000000.0,61915000000.0,0.07348784624081402,0.13560662143160643
2024-03-28,1,4385,92386000000.0,7821000000.0,4550000000.0,456578000000.0,61915000000.0,0.07348784624081402,0.13560662143160643
2024-03-29,0,4385,92386000000.0,7821000000.0,4550000000.0,456578000000.0,61915000000.0,0.07348784624081402,0.13560662143160643
2024-04-01,1,4385,92386000000.0,7821000000.0,4550000000.0,456578000000.0,61915000000.0,0.07348784624081402,0.13560662143160643
2024-04-02,1,4385,92386000000.0,7821000000.0,4550000000.0,456578000000.0,61915000000.0,0.07348784624081402,0.13560662143160643
2024-04-03,1,4385,92386000000.0,7821000000.0,4550000000.0,456578000000.0,61915000000.0,0.07348784624081402,0.13560662143160643
2024-04-04,1,4385,92386000000.0,7821000000.0,4550000000.0,456578000000.0,61915000000.0,0.07348784624081402,0.13560662143160643
2024-04-05,1,4385,92386000000.0,7821000000.0,4550000000.0,456578000000.0,61915000000.0,0.07348784624081402,0.13560662143160643
2024-04-08,1,4385,92386000000.0,7821000000.0,4550000000.0,456578000000.0,61915000000.0,0.07348784624081402,0.13560662143160643
2024-04-09,1,4385,92386000000.0,7821000000.0,4550000000.0,456578000000.0,61915000000.0,0.07348784624081402,0.13560662143160643
2024-04-10,1,4385,92386000000.0,7821000000.0,4550000000.0,456578000000.0,61915000000.0,0.07348784624081402,0.13560662143160643
2024-04-11,1,4385,92386000000.0,7821000000.0,4550000000.0,456578000000.0,61915000000.0,0.07348784624081402,0.13560662143160643
2024-04-12,1,4385,92386000000.0,7821000000.0,4550000000.0,456578000000.0,61915000000.0,0.07348784624081402,0.13560662143160643
2024-04-15,1,4385,92386000000.0,7821000000.0,4550000000.0,456578000000.0,61915000000.0,0.07348784624081402,0.13560662143160643
2024-04-16,1,4385,92386000000.0,7821000000.0,4550000000.0,456578000000.0,61915000000.0,0.07348784624081402,0.13560662143160643
2024-04-17,1,4385,92386000000.0,7821000000.0,4550000000.0,456578000000.0,61915000000.0,0.07348784624081402,0.13560662143160643
2024-04-18,1,4385,92386000000.0,7821000000.0,4550000000.0,456578000000.0,61915000000.0,0.07348784624081402,0.13560662143160643
2024-04-19,1,4385,92386000000.0,7821000000.0,4550000000.0,456578000000.0,61915000000.0,0.07348784624081402,0.13560662143160643
2024-04-22,1,4385,92386000000.0,7821000000.0,4550000000.0,456578000000.0,61915000000.0,0.07348784624081402,0.13560662143160643
2024-04-23,1,4385,92386000000.0,7821000000.0,4550000000.0,456578000000.0,61915000000.0,0.07348784624081402,0.13560662143160643
2024-04-24,1,4385,92386000000.0,7821000000.0,4550000000.0,456578000000.0,61915000000.0,0.07348784624081402,0.13560662143160643
2024-04-25,1,4385,92386000000.0,7821000000.0,4550000000.0,456578000000.0,61915000000.0,0.07348784624081402,0.13560662143160643
2024-04-26,1,4385,92386000000.0,7821000000.0,4550000000.0,456578000000.0,61915000000.0,0.07348784624081402,0.13560662143160643
2024-04-30,1,4385,92386000000.0,7821000000.0,4550000000.0,456578000000.0,61915000000.0,0.07348784624081402,0.13560662143160643
2024-05-01,1,4385,92386000000.0,7821000000.0,4550000000.0,456578000000.0,61915000000.0,0.07348784624081402,0.13560662143160643
2024-05-02,1,4385,92386000000.0,7821000000.0,4550000000.0,456578000000.0,61915000000.0,0.07348784624081402,0.13560662143160643
2024-05-07,1,4385,92386000000.0,7821000000.0,4550000000.0,456578000000.0,61915000000.0,0.07348784624081402,0.13560662143160643
2024-05-08,1,4385,92386000000.0,7821000000.0,4550000000.0,456578000000.0,61915000000.0,0.07348784624081402,0.13560662143160643
2024-05-09,1,4385,140878000000.0,12801000000.0,8754000000.0,484858000000.0,67211000000.0,0.13024653702518932,0.138619967083146
2024-05-10,0,4385,140878000000.0,12801000000.0,8754000000.0,484858000000.0,67211000000.0,0.13024653702518932,0.138619967083146
2024-05-13,1,4385,140878000000.0,12801000000.0,8754000000.0,484858000000.0,67211000000.0,0.13024653702518932,0.138619967083146
2024-05-14,1,4385,140878000000.0,12801000000.0,8754000000.0,484858000000.0,67211000000.0,0.13024653702518932,0.138619967083146
2024-05-15,1,4385,140878000000.0,12801000000.0,8754000000.0,484858000000.0,67211000000.0,0.13024653702518932,0.138619967083146
2024-05-16,1,4385,140878000000.0,12801000000.0,8754000000.0,484858000000.0,67211000000.0,0.13024653702518932,0.138619967083146
2024-05-17,1,4385,140878000000.0,12801000000.0,8754000000.0,484858000000.0,67211000000.0,0.13024653702518932,0.138619967083146
2024-05-20,1,4385,140878000000.0,12801000000.0,8754000000.0,484858000000.0,67211000000.0,0.13024653702518932,0.138619967083146
2024-05-21,1,4385,140878000000.0,12801000000.0,8754000000.0,484858000000.0,67211000000.0,0.13024653702518932,0.138619967083146
2024-05-22,1,4385,140878000000.0,12801000000.0,8754000000.0,484858000000.0,67211000000.0,0.13024653702518932,0.138619967083146
2024-05-23,1,4385,140878000000.0,12801000000.0,8754000000.0,484858000000.0,67211000000.0,0.13024653702518932,0.138619967083146
2024-05-24,1,4385,140878000000.0,12801000000.0,8754000000.0,484858000000.0,67211000000.0,0.13024653702518932,0.138619967083146
2024-05-27,1,4385,140878000000.0,12801000000.0,8754000000.0,484858000000.0,67211000000.0,0.13024653702518932,0.138619967083146
2024-05-28,1,4385,140878000000.0,12801000000.0,8754000000.0,484858000000.0,67211000000.0,0.13024653702518932,0.138619967083146
2024-05-29,1,4385,140878000000.0,12801000000.0,8754000000.0,484858000000.0,67211000000.0,0.13024653702518932,0.138619967083146
2024-05-30,1,4385,140878000000.0,12801000000.0,8754000000.0,484858000000.0,67211000000.0,0.13024653702518932,0.138619967083146
2024-05-31,1,4385,140878000000.0,12801000000.0,8754000000.0,484858000000.0,67211000000.0,0.13024653702518932,0.138619967083146
2024-06-03,1,4385,140878000000.0,12801000000.0,8754000000.0,484858000000.0,67211000000.0,0.13024653702518932,0.138619967083146
2024-06-04,1,4385,140878000000.0,12801000000.0,8754000000.0,484858000000.0,67211000000.0,0.13024653702518932,0.138619967083146
2024-06-05,1,4385,140878000000.0,12801000000.0,8754000000.0,484858000000.0,67211000000.0,0.13024653702518932,0.138619967083146
2024-06-06,1,4385,140878000000.0,12801000000.0,8754000000.0,484858000000.0,67211000000.0,0.13024653702518932,0.138619967083146
2024-06-07,1,4385,140878000000.0,12801000000.0,8754000000.0,484858000000.0,67211000000.0,0.13024653702518932,0.138619967083146
2024-06-10,1,4385,140878000000.0,12801000000.0,8754000000.0,484858000000.0,67211000000.0,0.13024653702518932,0.138619967083146
2024-06-11,1,4385,140878000000.0,12801000000.0,8754000000.0,484858000000.0,67211000000.0,0.13024653702518932,0.138619967083146
2024-06-12,1,4385,140878000000.0,12801000000.0,8754000000.0,484858000000.0,67211000000.0,0.13024653702518932,0.138619967083146
2024-06-13,1,4385,140878000000.0,12801000000.0,8754000000.0,484858000000.0,67211000000.0,0.13024653702518932,0.138619967083146
2024-06-14,1,4385,140878000000.0,12801000000.0,8754000000.0,484858000000.0,67211000000.0,0.13024653702518932,0.138619967083146
2024-06-17,1,4385,140878000000.0,12801000000.0,8754000000.0,484858000000.0,67211000000.0,0.13024653702518932,0.138619967083146
2024-06-18,1,4385,140878000000.0,12801000000.0,8754000000.0,484858000000.0,67211000000.0,0.13024653702518932,0.138619967083146
2024-06-19,1,4385,140878000000.0,12801000000.0,8754000000.0,484858000000.0,67211000000.0,0.13024653702518932,0.138619967083146
2024-06-20,1,4385,140878000000.0,12801000000.0,8754000000.0,484858000000.0,67211000000.0,0.13024653702518932,0.138619967083146
2024-06-21,1,4385,140878000000.0,12801000000.0,8754000000.0,484858000000.0,67211000000.0,0.13024653702518932,0.138619967083146
2024-06-24,1,4385,140878000000.0,12801000000.0,8754000000.0,484858000000.0,67211000000.0,0.13024653702518932,0.138619967083146
2024-06-25,1,4385,140878000000.0,12801000000.0,8754000000.0,484858000000.0,67211000000.0,0.13024653702518932,0.138619967083146
2024-06-26,1,4385,140878000000.0,12801000000.0,8754000000.0,484858000000.0,67211000000.0,0.13024653702518932,0.138619967083146
2024-06-27,1,4385,140878000000.0,12801000000.0,8754000000.0,484858000000.0,67211000000.0,0.13024653702518932,0.138619967083146
2024-06-28,1,4385,140878000000.0,12801000000.0,8754000000.0,484858000000.0,67211000000.0,0.13024653702518932,0.138619967083146
2024-07-01,1,4385,140878000000.0,12801000000.0,8754000000.0,484858000000.0,67211000000.0,0.13024653702518932,0.138619967083146
2024-07-02,1,4385,140878000000.0,12801000000.0,8754000000.0,484858000000.0,67211000000.0,0.13024653702518932,0.138619967083146
2024-07-03,1,4385,140878000000.0,12801000000.0,8754000000.0,484858000000.0,67211000000.0,0.13024653702518932,0.138619967083146
2024-07-04,1,4385,140878000000.0,12801000000.0,8754000000.0,484858000000.0,67211000000.0,0.13024653702518932,0.138619967083146
2024-07-05,1,4385,140878000000.0,12801000000.0,8754000000.0,484858000000.0,67211000000.0,0.13024653702518932,0.138619967083146
2024-07-08,1,4385,140878000000.0,12801000000.0,8754000000.0,484858000000.0,67211000000.0,0.13024653702518932,0.138619967083146
2024-07-09,1,4385,140878000000.0,12801000000.0,8754000000.0,484858000000.0,67211000000.0,0.13024653702518932,0.138619967083146
2024-07-10,1,4385,140878000000.0,12801000000.0,8754000000.0,484858000000.0,67211000000.0,0.13024653702518932,0.138619967083146
2024-07-11,1,4385,140878000000.0,12801000000.0,8754000000.0,484858000000.0,67211000000.0,0.13024653702518932,0.138619967083146
2024-07-12,1,4385,140878000000.0,12801000000.0,8754000000.0,484858000000.0,67211000000.0,0.13024653702518932,0.138619967083146
2024-07-16,1,4385,140878000000.0,12801000000.0,8754000000.0,484858000000.0,67211000000.0,0.13024653702518932,0.138619967083146
2024-07-17,1,4385,140878000000.0,12801000000.0,8754000000.0,484858000000.0,67211000000.0,0.13024653702518932,0.138619967083146
2024-07-18,1,4385,140878000000.0,12801000000.0,8754000000.0,484858000000.0,67211000000.0,0.13024653702518932,0.138619967083146
2024-07-19,1,4385,140878000000.0,12801000000.0,8754000000.0,484858000000.0,67211000000.0,0.13024653702518932,0.138619967083146
2024-07-22,1,4385,140878000000.0,12801000000.0,8754000000.0,484858000000.0,67211000000.0,0.13024653702518932,0.138619967083146
2024-07-23,1,4385,140878000000.0,12801000000.0,8754000000.0,484858000000.0,67211000000.0,0.13024653702518932,0.138619967083146
2024-07-24,0,4385,140878000000.0,12801000000.0,8754000000.0,484858000000.0,67211000000.0,0.13024653702518932,0.138619967083146
2024-07-25,0,4385,140878000000.0,12801000000.0,8754000000.0,484858000000.0,67211000000.0,0.13024653702518932,0.138619967083146
2024-07-26,0,4385,140878000000.0,12801000000.0,8754000000.0,484858000000.0,67211000000.0,0.13024653702518932,0.138619967083146
2024-07-29,0,4385,140878000000.0,12801000000.0,8754000000.0,484858000000.0,67211000000.0,0.13024653702518932,0.138619967083146
2024-07-30,0,4385,140878000000.0,12801000000.0,8754000000.0,484858000000.0,67211000000.0,0.13024653702518932,0.138619967083146
2024-07-31,0,4385,140878000000.0,12801000000.0,8754000000.0,484858000000.0,67211000000.0,0.13024653702518932,0.138619967083146
2024-08-01,0,4385,140878000000.0,12801000000.0,8754000000.0,484858000000.0,67211000000.0,0.13024653702518932,0.138619967083146
2024-08-02,1,4385,140878000000.0,12801000000.0,8754000000.0,484858000000.0,67211000000.0,0.13024653702518932,0.138619967083146
2024-08-05,1,4385,140878000000.0,12801000000.0,8754000000.0,484858000000.0,67211000000.0,0.13024653702518932,0.138619967083146
2024-08-06,1,4385,140878000000.0,12801000000.0,8754000000.0,484858000000.0,67211000000.0,0.13024653702518932,0.138619967083146
2024-08-07,0,4385,140878000000.0,12801000000.0,8754000000.0,484858000000.0,67211000000.0,0.13024653702518932,0.138619967083146
2024-08-08,0,4385,140878000000.0,12801000000.0,8754000000.0,484858000000.0,67211000000.0,0.13024653702518932,0.138619967083146
2024-08-09,0,4385,140878000000.0,12801000000.0,8754000000.0,484858000000.0,67211000000.0,0.13024653702518932,0.138619967083146
2024-08-13,0,4385,187407000000.0,17486000000.0,13461000000.0,501773000000.0,72145000000.0,0.1865825767551459,0.1437801555683546
2024-08-14,0,4385,187407000000.0,17486000000.0,13461000000.0,501773000000.0,72145000000.0,0.1865825767551459,0.1437801555683546
2024-08-15,0,4385,187407000000.0,17486000000.0,13461000000.0,501773000000.0,72145000000.0,0.1865825767551459,0.1437801555683546
2024-08-16,0,4385,187407000000.0,17486000000.0,13461000000.0,501773000000.0,72145000000.0,0.1865825767551459,0.1437801555683546
2024-08-19,0,4385,187407000000.0,17486000000.0,13461000000.0,501773000000.0,72145000000.0,0.1865825767551459,0.1437801555683546
2024-08-20,0,4385,187407000000.0,17486000000.0,13461000000.0,501773000000.0,72145000000.0,0.1865825767551459,0.1437801555683546
2024-08-21,0,4385,187407000000.0,17486000000.0,13461000000.0,501773000000.0,72145000000.0,0.1865825767551459,0.1437801555683546
2024-08-22,0,4385,187407000000.0,17486000000.0,13461000000.0,501773000000.0,72145000000.0,0.1865825767551459,0.1437801555683546
2024-08-23,0,4385,187407000000.0,17486000000.0,13461000000.0,501773000000.0,72145000000.0,0.1865825767551459,0.1437801555683546
2024-08-26,0,4385,187407000000.0,17486000000.0,13461000000.0,501773000000.0,72145000000.0,0.1865825767551459,0.1437801555683546
2024-08-27,0,4385,187407000000.0,17486000000.0,13461000000.0,501773000000.0,72145000000.0,0.1865825767551459,0.1437801555683546
2024-08-28,0,4385,187407000000.0,17486000000.0,13461000000.0,501773000000.0,72145000000.0,0.1865825767551459,0.1437801555683546
2024-08-29,0,4385,187407000000.0,17486000000.0,13461000000.0,501773000000.0,72145000000.0,0.1865825767551459,0.1437801555683546
2024-08-30,0,4385,187407000000.0,17486000000.0,13461000000.0,501773000000.0,72145000000.0,0.1865825767551459,0.1437801555683546
2024-09-02,0,4385,187407000000.0,17486000000.0,13461000000.0,501773000000.0,72145000000.0,0.1865825767551459,0.1437801555683546
2024-09-03,0,4385,187407000000.0,17486000000.0,13461000000.0,501773000000.0,72145000000.0,0.1865825767551459,0.1437801555683546
2024-09-04,0,4385,187407000000.0,17486000000.0,13461000000.0,501773000000.0,72145000000.0,0.1865825767551459,0.1437801555683546
2024-09-05,0,4385,187407000000.0,17486000000.0,13461000000.0,501773000000.0,72145000000.0,0.1865825767551459,0.1437801555683546
2024-09-06,0,4385,187407000000.0,17486000000.0,13461000000.0,501773000000.0,72145000000.0,0.1865825767551459,0.1437801555683546
2024-09-09,0,4385,187407000000.0,17486000000.0,13461000000.0,501773000000.0,72145000000.0,0.1865825767551459,0.1437801555683546
2024-09-10,0,4385,187407000000.0,17486000000.0,13461000000.0,501773000000.0,72145000000.0,0.1865825767551459,0.1437801555683546
2024-09-11,0,4385,187407000000.0,17486000000.0,13461000000.0,501773000000.0,72145000000.0,0.1865825767551459,0.1437801555683546
2024-09-12,0,4385,187407000000.0,17486000000.0,13461000000.0,501773000000.0,72145000000.0,0.1865825767551459,0.1437801555683546
2024-09-13,0,4385,187407000000.0,17486000000.0,13461000000.0,501773000000.0,72145000000.0,0.1865825767551459,0.1437801555683546
2024-09-17,0,4385,187407000000.0,17486000000.0,13461000000.0,501773000000.0,72145000000.0,0.1865825767551459,0.1437801555683546
2024-09-18,0,4385,187407000000.0,17486000000.0,13461000000.0,501773000000.0,72145000000.0,0.1865825767551459,0.1437801555683546
2024-09-19,0,4385,187407000000.0,17486000000.0,13461000000.0,501773000000.0,72145000000.0,0.1865825767551459,0.1437801555683546
2024-09-20,0,4385,187407000000.0,17486000000.0,13461000000.0,501773000000.0,72145000000.0,0.1865825767551459,0.1437801555683546
2024-09-24,0,4385,187407000000.0,17486000000.0,13461000000.0,501773000000.0,72145000000.0,0.1865825767551459,0.1437801555683546
2024-09-25,0,4385,187407000000.0,17486000000.0,13461000000.0,501773000000.0,72145000000.0,0.1865825767551459,0.1437801555683546
2024-09-26,0,4385,187407000000.0,17486000000.0,13461000000.0,501773000000.0,72145000000.0,0.1865825767551459,0.1437801555683546
2024-09-27,0,4385,187407000000.0,17486000000.0,13461000000.0,501773000000.0,72145000000.0,0.1865825767551459,0.1437801555683546
2024-09-30,0,4385,187407000000.0,17486000000.0,13461000000.0,501773000000.0,72145000000.0,0.1865825767551459,0.1437801555683546
2024-10-01,0,4385,187407000000.0,17486000000.0,13461000000.0,501773000000.0,72145000000.0,0.1865825767551459,0.1437801555683546
2024-10-02,0,4385,187407000000.0,17486000000.0,13461000000.0,501773000000.0,72145000000.0,0.1865825767551459,0.1437801555683546
2024-10-03,0,4385,187407000000.0,17486000000.0,13461000000.0,501773000000.0,72145000000.0,0.1865825767551459,0.1437801555683546
2024-10-04,0,4385,187407000000.0,17486000000.0,13461000000.0,501773000000.0,72145000000.0,0.1865825767551459,0.1437801555683546
2024-10-07,0,4385,187407000000.0,17486000000.0,13461000000.0,501773000000.0,72145000000.0,0.1865825767551459,0.1437801555683546
2024-10-08,0,4385,187407000000.0,17486000000.0,13461000000.0,501773000000.0,72145000000.0,0.1865825767551459,0.1437801555683546
2024-10-09,0,4385,187407000000.0,17486000000.0,13461000000.0,501773000000.0,72145000000.0,0.1865825767551459,0.1437801555683546
2024-10-10,0,4385,187407000000.0,17486000000.0,13461000000.0,501773000000.0,72145000000.0,0.1865825767551459,0.1437801555683546
2024-10-11,0,4385,187407000000.0,17486000000.0,13461000000.0,501773000000.0,72145000000.0,0.1865825767551459,0.1437801555683546
2024-10-15,0,4385,187407000000.0,17486000000.0,13461000000.0,501773000000.0,72145000000.0,0.1865825767551459,0.1437801555683546
2024-10-16,0,4385,187407000000.0,17486000000.0,13461000000.0,501773000000.0,72145000000.0,0.1865825767551459,0.1437801555683546
2024-10-17,0,4385,187407000000.0,17486000000.0,13461000000.0,501773000000.0,72145000000.0,0.1865825767551459,0.1437801555683546
2024-10-18,0,4385,187407000000.0,17486000000.0,13461000000.0,501773000000.0,72145000000.0,0.1865825767551459,0.1437801555683546
2024-10-21,0,4385,187407000000.0,17486000000.0,13461000000.0,501773000000.0,72145000000.0,0.1865825767551459,0.1437801555683546
2024-10-22,0,4385,187407000000.0,17486000000.0,13461000000.0,501773000000.0,72145000000.0,0.1865825767551459,0.1437801555683546
2024-10-23,0,4385,187407000000.0,17486000000.0,13461000000.0,501773000000.0,72145000000.0,0.1865825767551459,0.1437801555683546
2024-10-24,0,4385,187407000000.0,17486000000.0,13461000000.0,501773000000.0,72145000000.0,0.1865825767551459,0.1437801555683546
2024-10-25,0,4385,187407000000.0,17486000000.0,13461000000.0,501773000000.0,72145000000.0,0.1865825767551459,0.1437801555683546
2024-10-28,0,4385,187407000000.0,17486000000.0,13461000000.0,501773000000.0,72145000000.0,0.1865825767551459,0.1437801555683546
2024-10-29,0,4385,187407000000.0,17486000000.0,13461000000.0,501773000000.0,72145000000.0,0.1865825767551459,0.1437801555683546
2024-10-30,0,4385,187407000000.0,17486000000.0,13461000000.0,501773000000.0,72145000000.0,0.1865825767551459,0.1437801555683546
2024-10-31,0,4385,187407000000.0,17486000000.0,13461000000.0,501773000000.0,72145000000.0,0.1865825767551459,0.1437801555683546
2024-11-01,0,4385,187407000000.0,17486000000.0,13461000000.0,501773000000.0,72145000000.0,0.1865825767551459,0.1437801555683546
2024-11-05,0,4385,44924000000.0,4347000000.0,2933000000.0,484669000000.0,74585000000.0,0.039324260910370716,0.15388853011024017
2024-11-06,1,4385,44924000000.0,4347000000.0,2933000000.0,484669000000.0,74585000000.0,0.039324260910370716,0.15388853011024017
2024-11-07,1,4385,44924000000.0,4347000000.0,2933000000.0,484669000000.0,74585000000.0,0.039324260910370716,0.15388853011024017
2024-11-08,1,4385,44924000000.0,4347000000.0,2933000000.0,484669000000.0,74585000000.0,0.039324260910370716,0.15388853011024017
2024-11-11,1,4385,44924000000.0,4347000000.0,2933000000.0,484669000000.0,74585000000.0,0.039324260910370716,0.15388853011024017
2024-11-12,1,4385,44924000000.0,4347000000.0,2933000000.0,484669000000.0,74585000000.0,0.039324260910370716,0.15388853011024017
2024-11-13,1,4385,44924000000.0,4347000000.0,2933000000.0,484669000000.0,74585000000.0,0.039324260910370716,0.15388853011024017
2024-11-14,1,4385,44924000000.0,4347000000.0,2933000000.0,484669000000.0,74585000000.0,0.039324260910370716,0.15388853011024017
2024-11-15,1,4385,44924000000.0,4347000000.0,2933000000.0,484669000000.0,74585000000.0,0.039324260910370716,0.15388853011024017
2024-11-18,1,4385,44924000000.0,4347000000.0,2933000000.0,484669000000.0,74585000000.0,0.039324260910370716,0.15388853011024017
2024-11-19,1,4385,44924000000.0,4347000000.0,2933000000.0,484669000000.0,74585000000.0,0.039324260910370716,0.15388853011024017
2024-11-20,1,4385,44924000000.0,4347000000.0,2933000000.0,484669000000.0,74585000000.0,0.039324260910370716,0.15388853011024017
2024-11-21,1,4385,44924000000.0,4347000000.0,2933000000.0,484669000000.0,74585000000.0,0.039324260910370716,0.15388853011024017
2024-11-22,1,4385,44924000000.0,4347000000.0,2933000000.0,484669000000.0,74585000000.0,0.039324260910370716,0.15388853011024017
2024-11-25,1,4385,44924000000.0,4347000000.0,2933000000.0,484669000000.0,74585000000.0,0.039324260910370716,0.15388853011024017
2024-11-26,1,4385,44924000000.0,4347000000.0,2933000000.0,484669000000.0,74585000000.0,0.039324260910370716,0.15388853011024017
2024-11-27,1,4385,44924000000.0,4347000000.0,2933000000.0,484669000000.0,74585000000.0,0.039324260910370716,0.15388853011024017
2024-11-28,1,4385,44924000000.0,4347000000.0,2933000000.0,484669000000.0,74585000000.0,0.039324260910370716,0.15388853011024017
2024-11-29,1,4385,44924000000.0,4347000000.0,2933000000.0,484669000000.0,74585000000.0,0.039324260910370716,0.15388853011024017
2024-12-02,1,4385,44924000000.0,4347000000.0,2933000000.0,484669000000.0,74585000000.0,0.039324260910370716,0.15388853011024017
2024-12-03,1,4385,44924000000.0,4347000000.0,2933000000.0,484669000000.0,74585000000.0,0.039324260910370716,0.15388853011024017
2024-12-04,1,4385,44924000000.0,4347000000.0,2933000000.0,484669000000.0,74585000000.0,0.039324260910370716,0.15388853011024017
2024-12-05,1,4385,44924000000.0,4347000000.0,2933000000.0,484669000000.0,74585000000.0,0.039324260910370716,0.15388853011024017
2024-12-06,1,4385,44924000000.0,4347000000.0,2933000000.0,484669000000.0,74585000000.0,0.039324260910370716,0.15388853011024017
2024-12-09,1,4385,44924000000.0,4347000000.0,2933000000.0,484669000000.0,74585000000.0,0.039324260910370716,0.15388853011024017
2024-12-10,1,4385,44924000000.0,4347000000.0,2933000000.0,484669000000.0,74585000000.0,0.039324260910370716,0.15388853011024017
2024-12-11,1,4385,44924000000.0,4347000000.0,2933000000.0,484669000000.0,74585000000.0,0.039324260910370716,0.15388853011024017
2024-12-12,1,4385,44924000000.0,4347000000.0,2933000000.0,484669000000.0,74585000000.0,0.039324260910370716,0.15388853011024017
2024-12-13,1,4385,44924000000.0,4347000000.0,2933000000.0,484669000000.0,74585000000.0,0.039324260910370716,0.15388853011024017
2024-12-16,1,4385,44924000000.0,4347000000.0,2933000000.0,484669000000.0,74585000000.0,0.039324260910370716,0.15388853011024017
2024-12-17,1,4385,44924000000.0,4347000000.0,2933000000.0,484669000000.0,74585000000.0,0.039324260910370716,0.15388853011024017
2024-12-18,1,4385,44924000000.0,4347000000.0,2933000000.0,484669000000.0,74585000000.0,0.039324260910370716,0.15388853011024017
2024-12-19,1,4385,44924000000.0,4347000000.0,2933000000.0,484669000000.0,74585000000.0,0.039324260910370716,0.15388853011024017
2024-12-20,1,4385,44924000000.0,4347000000.0,2933000000.0,484669000000.0,74585000000.0,0.039324260910370716,0.15388853011024017
2024-12-23,1,4385,44924000000.0,4347000000.0,2933000000.0,484669000000.0,74585000000.0,0.039324260910370716,0.15388853011024017
2024-12-24,1,4385,44924000000.0,4347000000.0,2933000000.0,484669000000.0,74585000000.0,0.039324260910370716,0.15388853011024017
2024-12-25,1,4385,44924000000.0,4347000000.0,2933000000.0,484669000000.0,74585000000.0,0.039324260910370716,0.15388853011024017
2024-12-26,1,4385,44924000000.0,4347000000.0,2933000000.0,484669000000.0,74585000000.0,0.039324260910370716,0.15388853011024017
2024-12-27,1,4385,44924000000.0,4347000000.0,2933000000.0,484669000000.0,74585000000.0,0.039324260910370716,0.15388853011024017
2024-12-30,1,4385,44924000000.0,4347000000.0,2933000000.0,484669000000.0,74585000000.0,0.039324260910370716,0.15388853011024017
2025-01-06,1,4385,44924000000.0,4347000000.0,2933000000.0,484669000000.0,74585000000.0,0.039324260910370716,0.15388853011024017
2025-01-07,1,4385,44924000000.0,4347000000.0,2933000000.0,484669000000.0,74585000000.0,0.039324260910370716,0.15388853011024017
2025-01-08,1,4385,44924000000.0,4347000000.0,2933000000.0,484669000000.0,74585000000.0,0.039324260910370716,0.15388853011024017
2025-01-09,1,4385,44924000000.0,4347000000.0,2933000000.0,484669000000.0,74585000000.0,0.039324260910370716,0.15388853011024017
2025-01-10,1,4385,44924000000.0,4347000000.0,2933000000.0,484669000000.0,74585000000.0,0.039324260910370716,0.15388853011024017
2025-01-14,1,4385,44924000000.0,4347000000.0,2933000000.0,484669000000.0,74585000000.0,0.039324260910370716,0.15388853011024017
2025-01-15,1,4385,44924000000.0,4347000000.0,2933000000.0,484669000000.0,74585000000.0,0.039324260910370716,0.15388853011024017
2025-01-16,1,4385,44924000000.0,4347000000.0,2933000000.0,484669000000.0,74585000000.0,0.039324260910370716,0.15388853011024017
2025-01-17,1,4385,44924000000.0,4347000000.0,2933000000.0,484669000000.0,74585000000.0,0.039324260910370716,0.15388853011024017
2025-01-20,1,4385,44924000000.0,4347000000.0,2933000000.0,484669000000.0,74585000000.0,0.039324260910370716,0.15388853011024017
2025-01-21,1,4385,44924000000.0,4347000000.0,2933000000.0,484669000000.0,74585000000.0,0.039324260910370716,0.15388853011024017
2025-01-22,1,4385,44924000000.0,4347000000.0,2933000000.0,484669000000.0,74585000000.0,0.039324260910370716,0.15388853011024017
2025-01-23,1,4385,44924000000.0,4347000000.0,2933000000.0,484669000000.0,74585000000.0,0.039324260910370716,0.15388853011024017
2025-01-24,1,4385,44924000000.0,4347000000.0,2933000000.0,484669000000.0,74585000000.0,0.039324260910370716,0.15388853011024017
2025-01-27,1,4385,44924000000.0,4347000000.0,2933000000.0,484669000000.0,74585000000.0,0.039324260910370716,0.15388853011024017
2025-01-28,1,4385,44924000000.0,4347000000.0,2933000000.0,484669000000.0,74585000000.0,0.039324260910370716,0.15388853011024017
2025-01-29,1,4385,44924000000.0,4347000000.0,2933000000.0,484669000000.0,74585000000.0,0.039324260910370716,0.15388853011024017
2025-01-30,1,4385,44924000000.0,4347000000.0,2933000000.0,484669000000.0,74585000000.0,0.039324260910370716,0.15388853011024017
2025-01-31,1,4385,44924000000.0,4347000000.0,2933000000.0,484669000000.0,74585000000.0,0.039324260910370716,0.15388853011024017
2025-02-03,1,4385,44924000000.0,4347000000.0,2933000000.0,484669000000.0,74585000000.0,0.039324260910370716,0.15388853011024017
2025-02-04,1,4385,44924000000.0,4347000000.0,2933000000.0,484669000000.0,74585000000.0,0.039324260910370716,0.15388853011024017
2025-02-05,1,4385,44924000000.0,4347000000.0,2933000000.0,484669000000.0,74585000000.0,0.039324260910370716,0.15388853011024017
2025-02-06,1,4385,94161000000.0,11413000000.0,7384000000.0,505969000000.0,80681000000.0,0.09152092809955256,0.1594583857904338
2025-02-07,1,4385,94161000000.0,11413000000.0,7384000000.0,505969000000.0,80681000000.0,0.09152092809955256,0.1594583857904338
2025-02-10,0,4385,94161000000.0,11413000000.0,7384000000.0,505969000000.0,80681000000.0,0.09152092809955256,0.1594583857904338
2025-02-12,1,4385,94161000000.0,11413000000.0,7384000000.0,505969000000.0,80681000000.0,0.09152092809955256,0.1594583857904338
2025-02-13,0,4385,94161000000.0,11413000000.0,7384000000.0,505969000000.0,80681000000.0,0.09152092809955256,0.1594583857904338
2025-02-14,0,4385,94161000000.0,11413000000.0,7384000000.0,505969000000.0,80681000000.0,0.09152092809955256,0.1594583857904338
2025-02-17,1,4385,94161000000.0,11413000000.0,7384000000.0,505969000000.0,80681000000.0,0.09152092809955256,0.1594583857904338
2025-02-18,1,4385,94161000000.0,11413000000.0,7384000000.0,505969000000.0,80681000000.0,0.09152092809955256,0.1594583857904338
2025-02-19,1,4385,94161000000.0,11413000000.0,7384000000.0,505969000000.0,80681000000.0,0.09152092809955256,0.1594583857904338
2025-02-20,1,4385,94161000000.0,11413000000.0,7384000000.0,505969000000.0,80681000000.0,0.09152092809955256,0.1594583857904338
2025-02-21,1,4385,94161000000.0,11413000000.0,7384000000.0,505969000000.0,80681000000.0,0.09152092809955256,0.1594583857904338
2025-02-25,1,4385,94161000000.0,11413000000.0,7384000000.0,505969000000.0,80681000000.0,0.09152092809955256,0.1594583857904338
2025-02-26,1,4385,94161000000.0,11413000000.0,7384000000.0,505969000000.0,80681000000.0,0.09152092809955256,0.1594583857904338
2025-02-27,0,4385,94161000000.0,11413000000.0,7384000000.0,505969000000.0,80681000000.0,0.09152092809955256,0.1594583857904338
2025-02-28,1,4385,94161000000.0,11413000000.0,7384000000.0,505969000000.0,80681000000.0,0.09152092809955256,0.1594583857904338
2025-03-03,1,4385,94161000000.0,11413000000.0,7384000000.0,505969000000.0,80681000000.0,0.09152092809955256,0.1594583857904338
2025-03-04,1,4385,94161000000.0,11413000000.0,7384000000.0,505969000000.0,80681000000.0,0.09152092809955256,0.1594583857904338
2025-03-05,1,4385,94161000000.0,11413000000.0,7384000000.0,505969000000.0,80681000000.0,0.09152092809955256,0.1594583857904338
2025-03-06,0,4385,94161000000.0,11413000000.0,7384000000.0,505969000000.0,80681000000.0,0.09152092809955256,0.1594583857904338
2025-03-07,1,4385,94161000000.0,11413000000.0,7384000000.0,505969000000.0,80681000000.0,0.09152092809955256,0.1594583857904338
2025-03-10,1,4385,94161000000.0,11413000000.0,7384000000.0,505969000000.0,80681000000.0,0.09152092809955256,0.1594583857904338
2025-03-11,1,4385,94161000000.0,11413000000.0,7384000000.0,505969000000.0,80681000000.0,0.09152092809955256,0.1594583857904338
2025-03-12,1,4385,94161000000.0,11413000000.0,7384000000.0,505969000000.0,80681000000.0,0.09152092809955256,0.1594583857904338
2025-03-13,1,4385,94161000000.0,11413000000.0,7384000000.0,505969000000.0,80681000000.0,0.09152092809955256,0.1594583857904338
2025-03-14,1,4385,94161000000.0,11413000000.0,7384000000.0,505969000000.0,80681000000.0,0.09152092809955256,0.1594583857904338
2025-03-17,1,4385,94161000000.0,11413000000.0,7384000000.0,505969000000.0,80681000000.0,0.09152092809955256,0.1594583857904338
2025-03-18,1,4385,94161000000.0,11413000000.0,7384000000.0,505969000000.0,80681000000.0,0.09152092809955256,0.1594583857904338
2025-03-19,1,4385,94161000000.0,11413000000.0,7384000000.0,505969000000.0,80681000000.0,0.09152092809955256,0.1594583857904338
2025-03-21,1,4385,94161000000.0,11413000000.0,7384000000.0,505969000000.0,80681000000.0,0.09152092809955256,0.1594583857904338
2025-03-24,1,4385,94161000000.0,11413000000.0,7384000000.0,505969000000.0,80681000000.0,0.09152092809955256,0.1594583857904338
2025-03-25,1,4385,94161000000.0,11413000000.0,7384000000.0,505969000000.0,80681000000.0,0.09152092809955256,0.1594583857904338
2025-03-26,1,4385,94161000000.0,11413000000.0,7384000000.0,505969000000.0,80681000000.0,0.09152092809955256,0.1594583857904338
2025-03-27,1,4385,94161000000.0,11413000000.0,7384000000.0,505969000000.0,80681000000.0,0.09152092809955256,0.1594583857904338
2025-03-28,1,4385,94161000000.0,11413000000.0,7384000000.0,505969000000.0,80681000000.0,0.09152092809955256,0.1594583857904338
2025-03-31,1,4385,94161000000.0,11413000000.0,7384000000.0,505969000000.0,80681000000.0,0.09152092809955256,0.1594583857904338
2025-04-01,1,4385,94161000000.0,11413000000.0,7384000000.0,505969000000.0,80681000000.0,0.09152092809955256,0.1594583857904338
2025-04-02,1,4385,94161000000.0,11413000000.0,7384000000.0,505969000000.0,80681000000.0,0.09152092809955256,0.1594583857904338
2025-04-03,1,4385,94161000000.0,11413000000.0,7384000000.0,505969000000.0,80681000000.0,0.09152092809955256,0.1594583857904338
2025-04-04,1,4385,94161000000.0,11413000000.0,7384000000.0,505969000000.0,80681000000.0,0.09152092809955256,0.1594583857904338
2025-04-07,1,4385,94161000000.0,11413000000.0,7384000000.0,505969000000.0,80681000000.0,0.09152092809955256,0.1594583857904338
2025-04-08,1,4385,94161000000.0,11413000000.0,7384000000.0,505969000000.0,80681000000.0,0.09152092809955256,0.1594583857904338
2025-04-09,1,4385,94161000000.0,11413000000.0,7384000000.0,505969000000.0,80681000000.0,0.09152092809955256,0.1594583857904338
2025-04-10,1,4385,94161000000.0,11413000000.0,7384000000.0,505969000000.0,80681000000.0,0.09152092809955256,0.1594583857904338
2025-04-11,1,4385,94161000000.0,11413000000.0,7384000000.0,505969000000.0,80681000000.0,0.09152092809955256,0.1594583857904338
2025-04-14,1,4385,94161000000.0,11413000000.0,7384000000.0,505969000000.0,80681000000.0,0.09152092809955256,0.1594583857904338
2025-04-15,1,4385,94161000000.0,11413000000.0,7384000000.0,505969000000.0,80681000000.0,0.09152092809955256,0.1594583857904338
2025-04-16,1,4385,94161000000.0,11413000000.0,7384000000.0,505969000000.0,80681000000.0,0.09152092809955256,0.1594583857904338
2025-04-17,1,4385,94161000000.0,11413000000.0,7384000000.0,505969000000.0,80681000000.0,0.09152092809955256,0.1594583857904338
2025-04-18,1,4385,94161000000.0,11413000000.0,7384000000.0,505969000000.0,80681000000.0,0.09152092809955256,0.1594583857904338
2025-04-21,1,4385,94161000000.0,11413000000.0,7384000000.0,505969000000.0,80681000000.0,0.09152092809955256,0.1594583857904338
2025-04-22,1,4385,94161000000.0,11413000000.0,7384000000.0,505969000000.0,80681000000.0,0.09152092809955256,0.1594583857904338
2025-04-23,1,4385,94161000000.0,11413000000.0,7384000000.0,505969000000.0,80681000000.0,0.09152092809955256,0.1594583857904338
2025-04-24,1,4385,94161000000.0,11413000000.0,7384000000.0,505969000000.0,80681000000.0,0.09152092809955256,0.1594583857904338
2025-04-25,1,4385,94161000000.0,11413000000.0,7384000000.0,505969000000.0,80681000000.0,0.09152092809955256,0.1594583857904338
2025-04-28,1,4385,94161000000.0,11413000000.0,7384000000.0,505969000000.0,80681000000.0,0.09152092809955256,0.1594583857904338
2025-04-30,0,4385,94161000000.0,11413000000.0,7384000000.0,505969000000.0,80681000000.0,0.09152092809955256,0.1594583857904338
2025-05-01,0,4385,94161000000.0,11413000000.0,7384000000.0,505969000000.0,80681000000.0,0.09152092809955256,0.1594583857904338
2025-05-02,0,4385,94161000000.0,11413000000.0,7384000000.0,505969000000.0,80681000000.0,0.09152092809955256,0.1594583857904338
2025-05-07,0,4385,144067000000.0,20336000000.0,11732000000.0,523097000000.0,84989000000.0,0.13804139359211193,0.1624727345023963
2025-05-08,0,4385,144067000000.0,20336000000.0,11732000000.0,523097000000.0,84989000000.0,0.13804139359211193,0.1624727345023963
2025-05-09,0,4385,144067000000.0,20336000000.0,11732000000.0,523097000000.0,84989000000.0,0.13804139359211193,0.1624727345023963
2025-05-12,0,4385,144067000000.0,20336000000.0,11732000000.0,523097000000.0,84989000000.0,0.13804139359211193,0.1624727345023963
2025-05-13,0,4385,144067000000.0,20336000000.0,11732000000.0,523097000000.0,84989000000.0,0.13804139359211193,0.1624727345023963
2025-05-14,0,4385,144067000000.0,20336000000.0,11732000000.0,523097000000.0,84989000000.0,0.13804139359211193,0.1624727345023963
2025-05-15,0,4385,144067000000.0,20336000000.0,11732000000.0,523097000000.0,84989000000.0,0.13804139359211193,0.1624727345023963
2025-05-16,0,4385,144067000000.0,20336000000.0,11732000000.0,523097000000.0,84989000000.0,0.13804139359211193,0.1624727345023963
2025-05-19,0,4385,144067000000.0,20336000000.0,11732000000.0,523097000000.0,84989000000.0,0.13804139359211193,0.1624727345023963
2025-05-20,0,4385,144067000000.0,20336000000.0,11732000000.0,523097000000.0,84989000000.0,0.13804139359211193,0.1624727345023963
2025-05-21,0,4385,144067000000.0,20336000000.0,11732000000.0,523097000000.0,84989000000.0,0.13804139359211193,0.1624727345023963
2025-05-22,0,4385,144067000000.0,20336000000.0,11732000000.0,523097000000.0,84989000000.0,0.13804139359211193,0.1624727345023963
2025-05-23,0,4385,144067000000.0,20336000000.0,11732000000.0,523097000000.0,84989000000.0,0.13804139359211193,0.1624727345023963
2025-05-26,0,4385,144067000000.0,20336000000.0,11732000000.0,523097000000.0,84989000000.0,0.13804139359211193,0.1624727345023963
2025-05-27,0,4385,144067000000.0,20336000000.0,11732000000.0,523097000000.0,84989000000.0,0.13804139359211193,0.1624727345023963
2025-05-28,0,4385,144067000000.0,20336000000.0,11732000000.0,523097000000.0,84989000000.0,0.13804139359211193,0.1624727345023963
2025-05-29,0,4385,144067000000.0,20336000000.0,11732000000.0,523097000000.0,84989000000.0,0.13804139359211193,0.1624727345023963
2025-05-30,0,4385,144067000000.0,20336000000.0,11732000000.0,523097000000.0,84989000000.0,0.13804139359211193,0.1624727345023963
2025-06-02,0,4385,144067000000.0,20336000000.0,11732000000.0,523097000000.0,84989000000.0,0.13804139359211193,0.1624727345023963
2025-06-03,0,4385,144067000000.0,20336000000.0,11732000000.0,523097000000.0,84989000000.0,0.13804139359211193,0.1624727345023963
2025-06-04,0,4385,144067000000.0,20336000000.0,11732000000.0,523097000000.0,84989000000.0,0.13804139359211193,0.1624727345023963
2025-06-05,0,4385,144067000000.0,20336000000.0,11732000000.0,523097000000.0,84989000000.0,0.13804139359211193,0.1624727345023963
2025-06-06,0,4385,144067000000.0,20336000000.0,11732000000.0,523097000000.0,84989000000.0,0.13804139359211193,0.1624727345023963
2025-06-09,0,4385,144067000000.0,20336000000.0,11732000000.0,523097000000.0,84989000000.0,0.13804139359211193,0.1624727345023963
2025-06-10,0,4385,144067000000.0,20336000000.0,11732000000.0,523097000000.0,84989000000.0,0.13804139359211193,0.1624727345023963
2025-06-11,0,4385,144067000000.0,20336000000.0,11732000000.0,523097000000.0,84989000000.0,0.13804139359211193,0.1624727345023963
2025-06-12,0,4385,144067000000.0,20336000000.0,11732000000.0,523097000000.0,84989000000.0,0.13804139359211193,0.1624727345023963
2025-06-13,0,4385,144067000000.0,20336000000.0,11732000000.0,523097000000.0,84989000000.0,0.13804139359211193,0.1624727345023963
2025-06-16,0,4385,144067000000.0,20336000000.0,11732000000.0,523097000000.0,84989000000.0,0.13804139359211193,0.1624727345023963
2025-06-17,0,4385,144067000000.0,20336000000.0,11732000000.0,523097000000.0,84989000000.0,0.13804139359211193,0.1624727345023963
2025-06-18,0,4385,144067000000.0,20336000000.0,11732000000.0,523097000000.0,84989000000.0,0.13804139359211193,0.1624727345023963
2025-06-19,0,4385,144067000000.0,20336000000.0,11732000000.0,523097000000.0,84989000000.0,0.13804139359211193,0.1624727345023963
2025-06-20,0,4385,144067000000.0,20336000000.0,11732000000.0,523097000000.0,84989000000.0,0.13804139359211193,0.1624727345023963
2025-06-23,0,4385,144067000000.0,20336000000.0,11732000000.0,523097000000.0,84989000000.0,0.13804139359211193,0.1624727345023963
2025-06-24,0,4385,144067000000.0,20336000000.0,11732000000.0,523097000000.0,84989000000.0,0.13804139359211193,0.1624727345023963
2025-06-25,0,4385,144067000000.0,20336000000.0,11732000000.0,523097000000.0,84989000000.0,0.13804139359211193,0.1624727345023963
2025-06-26,0,4385,144067000000.0,20336000000.0,11732000000.0,523097000000.0,84989000000.0,0.13804139359211193,0.1624727345023963
2025-06-27,0,4385,144067000000.0,20336000000.0,11732000000.0,523097000000.0,84989000000.0,0.13804139359211193,0.1624727345023963
2025-06-30,0,4385,144067000000.0,20336000000.0,11732000000.0,523097000000.0,84989000000.0,0.13804139359211193,0.1624727345023963
2025-07-01,0,4385,144067000000.0,20336000000.0,11732000000.0,523097000000.0,84989000000.0,0.13804139359211193,0.1624727345023963
2025-07-02,0,4385,144067000000.0,20336000000.0,11732000000.0,523097000000.0,84989000000.0,0.13804139359211193,0.1624727345023963
2025-07-03,0,4385,144067000000.0,20336000000.0,11732000000.0,523097000000.0,84989000000.0,0.13804139359211193,0.1624727345023963
2025-07-04,0,4385,144067000000.0,20336000000.0,11732000000.0,523097000000.0,84989000000.0,0.13804139359211193,0.1624727345023963
2025-07-07,0,4385,144067000000.0,20336000000.0,11732000000.0,523097000000.0,84989000000.0,0.13804139359211193,0.1624727345023963
2025-07-08,0,4385,144067000000.0,20336000000.0,11732000000.0,523097000000.0,84989000000.0,0.13804139359211193,0.1624727345023963
2025-07-09,0,4385,144067000000.0,20336000000.0,11732000000.0,523097000000.0,84989000000.0,0.13804139359211193,0.1624727345023963
2025-07-10,0,4385,144067000000.0,20336000000.0,11732000000.0,523097000000.0,84989000000.0,0.13804139359211193,0.1624727345023963
2025-07-11,0,4385,144067000000.0,20336000000.0,11732000000.0,523097000000.0,84989000000.0,0.13804139359211193,0.1624727345023963
2025-07-14,0,4385,144067000000.0,20336000000.0,11732000000.0,523097000000.0,84989000000.0,0.13804139359211193,0.1624727345023963
2025-07-15,0,4385,144067000000.0,20336000000.0,11732000000.0,523097000000.0,84989000000.0,0.13804139359211193,0.1624727345023963
2025-07-16,0,4385,144067000000.0,20336000000.0,11732000000.0,523097000000.0,84989000000.0,0.13804139359211193,0.1624727345023963
2025-07-17,0,4385,144067000000.0,20336000000.0,11732000000.0,523097000000.0,84989000000.0,0.13804139359211193,0.1624727345023963
2025-07-18,0,4385,144067000000.0,20336000000.0,11732000000.0,523097000000.0,84989000000.0,0.13804139359211193,0.1624727345023963
2025-07-22,0,4385,144067000000.0,20336000000.0,11732000000.0,523097000000.0,84989000000.0,0.13804139359211193,0.1624727345023963
2025-07-23,0,4385,144067000000.0,20336000000.0,11732000000.0,523097000000.0,84989000000.0,0.13804139359211193,0.1624727345023963
2025-07-24,0,4385,144067000000.0,20336000000.0,11732000000.0,523097000000.0,84989000000.0,0.13804139359211193,0.1624727345023963
2025-07-25,0,4385,144067000000.0,20336000000.0,11732000000.0,523097000000.0,84989000000.0,0.13804139359211193,0.1624727345023963
2023-10-12,1,4443,7504000000.0,120000000.0,25000000.0,31625000000.0,13427000000.0,0.001861920011916288,0.42456916996047434
2023-10-13,1,4443,7504000000.0,120000000.0,25000000.0,31625000000.0,13427000000.0,0.001861920011916288,0.42456916996047434
2023-10-16,1,4443,7504000000.0,120000000.0,25000000.0,31625000000.0,13427000000.0,0.001861920011916288,0.42456916996047434
2023-10-17,1,4443,7504000000.0,120000000.0,25000000.0,31625000000.0,13427000000.0,0.001861920011916288,0.42456916996047434
2023-10-18,1,4443,7504000000.0,120000000.0,25000000.0,31625000000.0,13427000000.0,0.001861920011916288,0.42456916996047434
2023-10-19,1,4443,7504000000.0,120000000.0,25000000.0,31625000000.0,13427000000.0,0.001861920011916288,0.42456916996047434
2023-10-20,1,4443,7504000000.0,120000000.0,25000000.0,31625000000.0,13427000000.0,0.001861920011916288,0.42456916996047434
2023-10-23,1,4443,7504000000.0,120000000.0,25000000.0,31625000000.0,13427000000.0,0.001861920011916288,0.42456916996047434
2023-10-24,1,4443,7504000000.0,120000000.0,25000000.0,31625000000.0,13427000000.0,0.001861920011916288,0.42456916996047434
2023-10-25,1,4443,7504000000.0,120000000.0,25000000.0,31625000000.0,13427000000.0,0.001861920011916288,0.42456916996047434
2023-10-26,1,4443,7504000000.0,120000000.0,25000000.0,31625000000.0,13427000000.0,0.001861920011916288,0.42456916996047434
2023-10-27,1,4443,7504000000.0,120000000.0,25000000.0,31625000000.0,13427000000.0,0.001861920011916288,0.42456916996047434
2023-10-30,1,4443,7504000000.0,120000000.0,25000000.0,31625000000.0,13427000000.0,0.001861920011916288,0.42456916996047434
2023-10-31,1,4443,7504000000.0,120000000.0,25000000.0,31625000000.0,13427000000.0,0.001861920011916288,0.42456916996047434
2023-11-01,1,4443,7504000000.0,120000000.0,25000000.0,31625000000.0,13427000000.0,0.001861920011916288,0.42456916996047434
2023-11-02,1,4443,7504000000.0,120000000.0,25000000.0,31625000000.0,13427000000.0,0.001861920011916288,0.42456916996047434
2023-11-06,1,4443,7504000000.0,120000000.0,25000000.0,31625000000.0,13427000000.0,0.001861920011916288,0.42456916996047434
2023-11-07,1,4443,7504000000.0,120000000.0,25000000.0,31625000000.0,13427000000.0,0.001861920011916288,0.42456916996047434
2023-11-08,1,4443,7504000000.0,120000000.0,25000000.0,31625000000.0,13427000000.0,0.001861920011916288,0.42456916996047434
2023-11-09,1,4443,7504000000.0,120000000.0,25000000.0,31625000000.0,13427000000.0,0.001861920011916288,0.42456916996047434
2023-11-10,1,4443,7504000000.0,120000000.0,25000000.0,31625000000.0,13427000000.0,0.001861920011916288,0.42456916996047434
2023-11-13,1,4443,7504000000.0,120000000.0,25000000.0,31625000000.0,13427000000.0,0.001861920011916288,0.42456916996047434
2023-11-14,1,4443,7504000000.0,120000000.0,25000000.0,31625000000.0,13427000000.0,0.001861920011916288,0.42456916996047434
2023-11-15,0,4443,7504000000.0,120000000.0,25000000.0,31625000000.0,13427000000.0,0.001861920011916288,0.42456916996047434
2023-11-16,1,4443,7504000000.0,120000000.0,25000000.0,31625000000.0,13427000000.0,0.001861920011916288,0.42456916996047434
2023-11-17,1,4443,7504000000.0,120000000.0,25000000.0,31625000000.0,13427000000.0,0.001861920011916288,0.42456916996047434
2023-11-20,1,4443,7504000000.0,120000000.0,25000000.0,31625000000.0,13427000000.0,0.001861920011916288,0.42456916996047434
2023-11-21,1,4443,7504000000.0,120000000.0,25000000.0,31625000000.0,13427000000.0,0.001861920011916288,0.42456916996047434
2023-11-22,1,4443,7504000000.0,120000000.0,25000000.0,31625000000.0,13427000000.0,0.001861920011916288,0.42456916996047434
2023-11-24,1,4443,7504000000.0,120000000.0,25000000.0,31625000000.0,13427000000.0,0.001861920011916288,0.42456916996047434
2023-11-27,1,4443,7504000000.0,120000000.0,25000000.0,31625000000.0,13427000000.0,0.001861920011916288,0.42456916996047434
2023-11-28,1,4443,7504000000.0,120000000.0,25000000.0,31625000000.0,13427000000.0,0.001861920011916288,0.42456916996047434
2023-11-29,1,4443,7504000000.0,120000000.0,25000000.0,31625000000.0,13427000000.0,0.001861920011916288,0.42456916996047434
2023-11-30,1,4443,7504000000.0,120000000.0,25000000.0,31625000000.0,13427000000.0,0.001861920011916288,0.42456916996047434
2023-12-01,1,4443,7504000000.0,120000000.0,25000000.0,31625000000.0,13427000000.0,0.001861920011916288,0.42456916996047434
2023-12-04,1,4443,7504000000.0,120000000.0,25000000.0,31625000000.0,13427000000.0,0.001861920011916288,0.42456916996047434
2023-12-05,1,4443,7504000000.0,120000000.0,25000000.0,31625000000.0,13427000000.0,0.001861920011916288,0.42456916996047434
2023-12-06,1,4443,7504000000.0,120000000.0,25000000.0,31625000000.0,13427000000.0,0.001861920011916288,0.42456916996047434
2023-12-07,1,4443,7504000000.0,120000000.0,25000000.0,31625000000.0,13427000000.0,0.001861920011916288,0.42456916996047434
2023-12-08,1,4443,7504000000.0,120000000.0,25000000.0,31625000000.0,13427000000.0,0.001861920011916288,0.42456916996047434
2023-12-11,1,4443,7504000000.0,120000000.0,25000000.0,31625000000.0,13427000000.0,0.001861920011916288,0.42456916996047434
2023-12-12,1,4443,7504000000.0,120000000.0,25000000.0,31625000000.0,13427000000.0,0.001861920011916288,0.42456916996047434
2023-12-13,1,4443,7504000000.0,120000000.0,25000000.0,31625000000.0,13427000000.0,0.001861920011916288,0.42456916996047434
2023-12-14,1,4443,7504000000.0,120000000.0,25000000.0,31625000000.0,13427000000.0,0.001861920011916288,0.42456916996047434
2023-12-15,1,4443,7504000000.0,120000000.0,25000000.0,31625000000.0,13427000000.0,0.001861920011916288,0.42456916996047434
2023-12-18,1,4443,7504000000.0,120000000.0,25000000.0,31625000000.0,13427000000.0,0.001861920011916288,0.42456916996047434
2023-12-19,1,4443,7504000000.0,120000000.0,25000000.0,31625000000.0,13427000000.0,0.001861920011916288,0.42456916996047434
2023-12-20,1,4443,7504000000.0,120000000.0,25000000.0,31625000000.0,13427000000.0,0.001861920011916288,0.42456916996047434
2023-12-21,1,4443,7504000000.0,120000000.0,25000000.0,31625000000.0,13427000000.0,0.001861920011916288,0.42456916996047434
2023-12-22,1,4443,7504000000.0,120000000.0,25000000.0,31625000000.0,13427000000.0,0.001861920011916288,0.42456916996047434
2023-12-25,1,4443,7504000000.0,120000000.0,25000000.0,31625000000.0,13427000000.0,0.001861920011916288,0.42456916996047434
2023-12-26,1,4443,7504000000.0,120000000.0,25000000.0,31625000000.0,13427000000.0,0.001861920011916288,0.42456916996047434
2023-12-27,1,4443,7504000000.0,120000000.0,25000000.0,31625000000.0,13427000000.0,0.001861920011916288,0.42456916996047434
2023-12-28,1,4443,7504000000.0,120000000.0,25000000.0,31625000000.0,13427000000.0,0.001861920011916288,0.42456916996047434
2023-12-29,1,4443,7504000000.0,120000000.0,25000000.0,31625000000.0,13427000000.0,0.001861920011916288,0.42456916996047434
2024-01-04,1,4443,7504000000.0,120000000.0,25000000.0,31625000000.0,13427000000.0,0.001861920011916288,0.42456916996047434
2024-01-05,1,4443,7504000000.0,120000000.0,25000000.0,31625000000.0,13427000000.0,0.001861920011916288,0.42456916996047434
2024-01-09,1,4443,7504000000.0,120000000.0,25000000.0,31625000000.0,13427000000.0,0.001861920011916288,0.42456916996047434
2024-01-10,1,4443,7504000000.0,120000000.0,25000000.0,31625000000.0,13427000000.0,0.001861920011916288,0.42456916996047434
2024-01-11,1,4443,7504000000.0,120000000.0,25000000.0,31625000000.0,13427000000.0,0.001861920011916288,0.42456916996047434
2024-01-12,1,4443,15726000000.0,312000000.0,143000000.0,31312000000.0,13695000000.0,0.010441767068273093,0.43737225344915687
2024-01-15,1,4443,15726000000.0,312000000.0,143000000.0,31312000000.0,13695000000.0,0.010441767068273093,0.43737225344915687
2024-01-16,1,4443,15726000000.0,312000000.0,143000000.0,31312000000.0,13695000000.0,0.010441767068273093,0.43737225344915687
2024-01-17,1,4443,15726000000.0,312000000.0,143000000.0,31312000000.0,13695000000.0,0.010441767068273093,0.43737225344915687
2024-01-18,1,4443,15726000000.0,312000000.0,143000000.0,31312000000.0,13695000000.0,0.010441767068273093,0.43737225344915687
2024-01-19,1,4443,15726000000.0,312000000.0,143000000.0,31312000000.0,13695000000.0,0.010441767068273093,0.43737225344915687
2024-01-22,0,4443,15726000000.0,312000000.0,143000000.0,31312000000.0,13695000000.0,0.010441767068273093,0.43737225344915687
2024-01-23,0,4443,15726000000.0,312000000.0,143000000.0,31312000000.0,13695000000.0,0.010441767068273093,0.43737225344915687
2024-01-24,1,4443,15726000000.0,312000000.0,143000000.0,31312000000.0,13695000000.0,0.010441767068273093,0.43737225344915687
2024-01-25,1,4443,15726000000.0,312000000.0,143000000.0,31312000000.0,13695000000.0,0.010441767068273093,0.43737225344915687
2024-01-26,1,4443,15726000000.0,312000000.0,143000000.0,31312000000.0,13695000000.0,0.010441767068273093,0.43737225344915687
2024-01-29,1,4443,15726000000.0,312000000.0,143000000.0,31312000000.0,13695000000.0,0.010441767068273093,0.43737225344915687
2024-01-30,1,4443,15726000000.0,312000000.0,143000000.0,31312000000.0,13695000000.0,0.010441767068273093,0.43737225344915687
2024-01-31,1,4443,15726000000.0,312000000.0,143000000.0,31312000000.0,13695000000.0,0.010441767068273093,0.43737225344915687
2024-02-01,1,4443,15726000000.0,312000000.0,143000000.0,31312000000.0,13695000000.0,0.010441767068273093,0.43737225344915687
2024-02-02,1,4443,15726000000.0,312000000.0,143000000.0,31312000000.0,13695000000.0,0.010441767068273093,0.43737225344915687
2024-02-05,1,4443,15726000000.0,312000000.0,143000000.0,31312000000.0,13695000000.0,0.010441767068273093,0.43737225344915687
2024-02-06,1,4443,15726000000.0,312000000.0,143000000.0,31312000000.0,13695000000.0,0.010441767068273093,0.43737225344915687
2024-02-07,1,4443,15726000000.0,312000000.0,143000000.0,31312000000.0,13695000000.0,0.010441767068273093,0.43737225344915687
2024-02-08,1,4443,15726000000.0,312000000.0,143000000.0,31312000000.0,13695000000.0,0.010441767068273093,0.43737225344915687
2024-02-09,1,4443,15726000000.0,312000000.0,143000000.0,31312000000.0,13695000000.0,0.010441767068273093,0.43737225344915687
2024-02-13,1,4443,15726000000.0,312000000.0,143000000.0,31312000000.0,13695000000.0,0.010441767068273093,0.43737225344915687
2024-02-14,1,4443,15726000000.0,312000000.0,143000000.0,31312000000.0,13695000000.0,0.010441767068273093,0.43737225344915687
2024-02-15,1,4443,15726000000.0,312000000.0,143000000.0,31312000000.0,13695000000.0,0.010441767068273093,0.43737225344915687
2024-02-16,1,4443,15726000000.0,312000000.0,143000000.0,31312000000.0,13695000000.0,0.010441767068273093,0.43737225344915687
2024-02-19,1,4443,15726000000.0,312000000.0,143000000.0,31312000000.0,13695000000.0,0.010441767068273093,0.43737225344915687
2024-02-20,1,4443,15726000000.0,312000000.0,143000000.0,31312000000.0,13695000000.0,0.010441767068273093,0.43737225344915687
2024-02-21,1,4443,15726000000.0,312000000.0,143000000.0,31312000000.0,13695000000.0,0.010441767068273093,0.43737225344915687
2024-02-22,1,4443,15726000000.0,312000000.0,143000000.0,31312000000.0,13695000000.0,0.010441767068273093,0.43737225344915687
2024-02-26,0,4443,15726000000.0,312000000.0,143000000.0,31312000000.0,13695000000.0,0.010441767068273093,0.43737225344915687
2024-02-27,0,4443,15726000000.0,312000000.0,143000000.0,31312000000.0,13695000000.0,0.010441767068273093,0.43737225344915687
2024-02-28,0,4443,15726000000.0,312000000.0,143000000.0,31312000000.0,13695000000.0,0.010441767068273093,0.43737225344915687
2024-02-29,0,4443,15726000000.0,312000000.0,143000000.0,31312000000.0,13695000000.0,0.010441767068273093,0.43737225344915687
2024-03-01,0,4443,15726000000.0,312000000.0,143000000.0,31312000000.0,13695000000.0,0.010441767068273093,0.43737225344915687
2024-03-04,0,4443,15726000000.0,312000000.0,143000000.0,31312000000.0,13695000000.0,0.010441767068273093,0.43737225344915687
2024-03-05,0,4443,15726000000.0,312000000.0,143000000.0,31312000000.0,13695000000.0,0.010441767068273093,0.43737225344915687
2024-03-06,0,4443,15726000000.0,312000000.0,143000000.0,31312000000.0,13695000000.0,0.010441767068273093,0.43737225344915687
2024-03-07,0,4443,15726000000.0,312000000.0,143000000.0,31312000000.0,13695000000.0,0.010441767068273093,0.43737225344915687
2024-03-08,0,4443,15726000000.0,312000000.0,143000000.0,31312000000.0,13695000000.0,0.010441767068273093,0.43737225344915687
2024-03-11,0,4443,15726000000.0,312000000.0,143000000.0,31312000000.0,13695000000.0,0.010441767068273093,0.43737225344915687
2024-03-12,0,4443,15726000000.0,312000000.0,143000000.0,31312000000.0,13695000000.0,0.010441767068273093,0.43737225344915687
2024-03-13,0,4443,15726000000.0,312000000.0,143000000.0,31312000000.0,13695000000.0,0.010441767068273093,0.43737225344915687
2024-03-14,0,4443,15726000000.0,312000000.0,143000000.0,31312000000.0,13695000000.0,0.010441767068273093,0.43737225344915687
2024-03-15,0,4443,15726000000.0,312000000.0,143000000.0,31312000000.0,13695000000.0,0.010441767068273093,0.43737225344915687
2024-03-18,0,4443,15726000000.0,312000000.0,143000000.0,31312000000.0,13695000000.0,0.010441767068273093,0.43737225344915687
2024-03-19,0,4443,15726000000.0,312000000.0,143000000.0,31312000000.0,13695000000.0,0.010441767068273093,0.43737225344915687
2024-03-21,0,4443,15726000000.0,312000000.0,143000000.0,31312000000.0,13695000000.0,0.010441767068273093,0.43737225344915687
2024-03-22,0,4443,15726000000.0,312000000.0,143000000.0,31312000000.0,13695000000.0,0.010441767068273093,0.43737225344915687
2024-03-25,0,4443,15726000000.0,312000000.0,143000000.0,31312000000.0,13695000000.0,0.010441767068273093,0.43737225344915687
2024-03-26,0,4443,15726000000.0,312000000.0,143000000.0,31312000000.0,13695000000.0,0.010441767068273093,0.43737225344915687
2024-03-27,0,4443,15726000000.0,312000000.0,143000000.0,31312000000.0,13695000000.0,0.010441767068273093,0.43737225344915687
2024-03-28,1,4443,15726000000.0,312000000.0,143000000.0,31312000000.0,13695000000.0,0.010441767068273093,0.43737225344915687
2024-03-29,0,4443,15726000000.0,312000000.0,143000000.0,31312000000.0,13695000000.0,0.010441767068273093,0.43737225344915687
2024-04-01,1,4443,15726000000.0,312000000.0,143000000.0,31312000000.0,13695000000.0,0.010441767068273093,0.43737225344915687
2024-04-02,1,4443,15726000000.0,312000000.0,143000000.0,31312000000.0,13695000000.0,0.010441767068273093,0.43737225344915687
2024-04-03,1,4443,15726000000.0,312000000.0,143000000.0,31312000000.0,13695000000.0,0.010441767068273093,0.43737225344915687
2024-04-04,1,4443,15726000000.0,312000000.0,143000000.0,31312000000.0,13695000000.0,0.010441767068273093,0.43737225344915687
2024-04-05,1,4443,15726000000.0,312000000.0,143000000.0,31312000000.0,13695000000.0,0.010441767068273093,0.43737225344915687
2024-04-08,1,4443,15726000000.0,312000000.0,143000000.0,31312000000.0,13695000000.0,0.010441767068273093,0.43737225344915687
2024-04-09,1,4443,15726000000.0,312000000.0,143000000.0,31312000000.0,13695000000.0,0.010441767068273093,0.43737225344915687
2024-04-10,1,4443,15726000000.0,312000000.0,143000000.0,31312000000.0,13695000000.0,0.010441767068273093,0.43737225344915687
2024-04-11,1,4443,24234000000.0,738000000.0,539000000.0,32823000000.0,14338000000.0,0.037592411772911144,0.43682783414069404
2024-04-12,1,4443,24234000000.0,738000000.0,539000000.0,32823000000.0,14338000000.0,0.037592411772911144,0.43682783414069404
2024-04-15,1,4443,24234000000.0,738000000.0,539000000.0,32823000000.0,14338000000.0,0.037592411772911144,0.43682783414069404
2024-04-16,1,4443,24234000000.0,738000000.0,539000000.0,32823000000.0,14338000000.0,0.037592411772911144,0.43682783414069404
2024-04-17,1,4443,24234000000.0,738000000.0,539000000.0,32823000000.0,14338000000.0,0.037592411772911144,0.43682783414069404
2024-04-18,1,4443,24234000000.0,738000000.0,539000000.0,32823000000.0,14338000000.0,0.037592411772911144,0.43682783414069404
2024-04-19,1,4443,24234000000.0,738000000.0,539000000.0,32823000000.0,14338000000.0,0.037592411772911144,0.43682783414069404
2024-04-22,1,4443,24234000000.0,738000000.0,539000000.0,32823000000.0,14338000000.0,0.037592411772911144,0.43682783414069404
2024-04-23,1,4443,24234000000.0,738000000.0,539000000.0,32823000000.0,14338000000.0,0.037592411772911144,0.43682783414069404
2024-04-24,1,4443,24234000000.0,738000000.0,539000000.0,32823000000.0,14338000000.0,0.037592411772911144,0.43682783414069404
2024-04-25,1,4443,24234000000.0,738000000.0,539000000.0,32823000000.0,14338000000.0,0.037592411772911144,0.43682783414069404
2024-04-26,1,4443,24234000000.0,738000000.0,539000000.0,32823000000.0,14338000000.0,0.037592411772911144,0.43682783414069404
2024-04-30,1,4443,24234000000.0,738000000.0,539000000.0,32823000000.0,14338000000.0,0.037592411772911144,0.43682783414069404
2024-05-01,1,4443,24234000000.0,738000000.0,539000000.0,32823000000.0,14338000000.0,0.037592411772911144,0.43682783414069404
2024-05-02,1,4443,24234000000.0,738000000.0,539000000.0,32823000000.0,14338000000.0,0.037592411772911144,0.43682783414069404
2024-05-07,1,4443,24234000000.0,738000000.0,539000000.0,32823000000.0,14338000000.0,0.037592411772911144,0.43682783414069404
2024-05-08,1,4443,24234000000.0,738000000.0,539000000.0,32823000000.0,14338000000.0,0.037592411772911144,0.43682783414069404
2024-05-09,1,4443,24234000000.0,738000000.0,539000000.0,32823000000.0,14338000000.0,0.037592411772911144,0.43682783414069404
2024-05-10,1,4443,24234000000.0,738000000.0,539000000.0,32823000000.0,14338000000.0,0.037592411772911144,0.43682783414069404
2024-05-13,1,4443,24234000000.0,738000000.0,539000000.0,32823000000.0,14338000000.0,0.037592411772911144,0.43682783414069404
2024-05-14,1,4443,24234000000.0,738000000.0,539000000.0,32823000000.0,14338000000.0,0.037592411772911144,0.43682783414069404
2024-05-15,1,4443,24234000000.0,738000000.0,539000000.0,32823000000.0,14338000000.0,0.037592411772911144,0.43682783414069404
2024-05-16,1,4443,24234000000.0,738000000.0,539000000.0,32823000000.0,14338000000.0,0.037592411772911144,0.43682783414069404
2024-05-17,1,4443,24234000000.0,738000000.0,539000000.0,32823000000.0,14338000000.0,0.037592411772911144,0.43682783414069404
2024-05-20,1,4443,24234000000.0,738000000.0,539000000.0,32823000000.0,14338000000.0,0.037592411772911144,0.43682783414069404
2024-05-21,1,4443,24234000000.0,738000000.0,539000000.0,32823000000.0,14338000000.0,0.037592411772911144,0.43682783414069404
2024-05-22,1,4443,24234000000.0,738000000.0,539000000.0,32823000000.0,14338000000.0,0.037592411772911144,0.43682783414069404
2024-05-23,1,4443,24234000000.0,738000000.0,539000000.0,32823000000.0,14338000000.0,0.037592411772911144,0.43682783414069404
2024-05-24,1,4443,24234000000.0,738000000.0,539000000.0,32823000000.0,14338000000.0,0.037592411772911144,0.43682783414069404
2024-05-27,1,4443,24234000000.0,738000000.0,539000000.0,32823000000.0,14338000000.0,0.037592411772911144,0.43682783414069404
2024-05-28,1,4443,24234000000.0,738000000.0,539000000.0,32823000000.0,14338000000.0,0.037592411772911144,0.43682783414069404
2024-05-29,1,4443,24234000000.0,738000000.0,539000000.0,32823000000.0,14338000000.0,0.037592411772911144,0.43682783414069404
2024-05-30,1,4443,24234000000.0,738000000.0,539000000.0,32823000000.0,14338000000.0,0.037592411772911144,0.43682783414069404
2024-05-31,1,4443,24234000000.0,738000000.0,539000000.0,32823000000.0,14338000000.0,0.037592411772911144,0.43682783414069404
2024-06-03,1,4443,24234000000.0,738000000.0,539000000.0,32823000000.0,14338000000.0,0.037592411772911144,0.43682783414069404
2024-06-04,1,4443,24234000000.0,738000000.0,539000000.0,32823000000.0,14338000000.0,0.037592411772911144,0.43682783414069404
2024-06-05,1,4443,24234000000.0,738000000.0,539000000.0,32823000000.0,14338000000.0,0.037592411772911144,0.43682783414069404
2024-06-06,1,4443,24234000000.0,738000000.0,539000000.0,32823000000.0,14338000000.0,0.037592411772911144,0.43682783414069404
2024-06-07,1,4443,24234000000.0,738000000.0,539000000.0,32823000000.0,14338000000.0,0.037592411772911144,0.43682783414069404
2024-06-10,1,4443,24234000000.0,738000000.0,539000000.0,32823000000.0,14338000000.0,0.037592411772911144,0.43682783414069404
2024-06-11,1,4443,24234000000.0,738000000.0,539000000.0,32823000000.0,14338000000.0,0.037592411772911144,0.43682783414069404
2024-06-12,1,4443,24234000000.0,738000000.0,539000000.0,32823000000.0,14338000000.0,0.037592411772911144,0.43682783414069404
2024-06-13,1,4443,24234000000.0,738000000.0,539000000.0,32823000000.0,14338000000.0,0.037592411772911144,0.43682783414069404
2024-06-14,1,4443,24234000000.0,738000000.0,539000000.0,32823000000.0,14338000000.0,0.037592411772911144,0.43682783414069404
2024-06-17,1,4443,24234000000.0,738000000.0,539000000.0,32823000000.0,14338000000.0,0.037592411772911144,0.43682783414069404
2024-06-18,1,4443,24234000000.0,738000000.0,539000000.0,32823000000.0,14338000000.0,0.037592411772911144,0.43682783414069404
2024-06-19,1,4443,24234000000.0,738000000.0,539000000.0,32823000000.0,14338000000.0,0.037592411772911144,0.43682783414069404
2024-06-20,1,4443,24234000000.0,738000000.0,539000000.0,32823000000.0,14338000000.0,0.037592411772911144,0.43682783414069404
2024-06-21,1,4443,24234000000.0,738000000.0,539000000.0,32823000000.0,14338000000.0,0.037592411772911144,0.43682783414069404
2024-06-24,1,4443,24234000000.0,738000000.0,539000000.0,32823000000.0,14338000000.0,0.037592411772911144,0.43682783414069404
2024-06-25,1,4443,24234000000.0,738000000.0,539000000.0,32823000000.0,14338000000.0,0.037592411772911144,0.43682783414069404
2024-06-26,1,4443,24234000000.0,738000000.0,539000000.0,32823000000.0,14338000000.0,0.037592411772911144,0.43682783414069404
2024-06-27,1,4443,24234000000.0,738000000.0,539000000.0,32823000000.0,14338000000.0,0.037592411772911144,0.43682783414069404
2024-06-28,1,4443,24234000000.0,738000000.0,539000000.0,32823000000.0,14338000000.0,0.037592411772911144,0.43682783414069404
2024-07-01,1,4443,24234000000.0,738000000.0,539000000.0,32823000000.0,14338000000.0,0.037592411772911144,0.43682783414069404
2024-07-02,1,4443,24234000000.0,738000000.0,539000000.0,32823000000.0,14338000000.0,0.037592411772911144,0.43682783414069404
2024-07-03,1,4443,24234000000.0,738000000.0,539000000.0,32823000000.0,14338000000.0,0.037592411772911144,0.43682783414069404
2024-07-04,1,4443,24234000000.0,738000000.0,539000000.0,32823000000.0,14338000000.0,0.037592411772911144,0.43682783414069404
2024-07-05,1,4443,24234000000.0,738000000.0,539000000.0,32823000000.0,14338000000.0,0.037592411772911144,0.43682783414069404
2024-07-08,1,4443,24234000000.0,738000000.0,539000000.0,32823000000.0,14338000000.0,0.037592411772911144,0.43682783414069404
2024-07-09,1,4443,24234000000.0,738000000.0,539000000.0,32823000000.0,14338000000.0,0.037592411772911144,0.43682783414069404
2024-07-10,1,4443,24234000000.0,738000000.0,539000000.0,32823000000.0,14338000000.0,0.037592411772911144,0.43682783414069404
2024-07-11,1,4443,33878000000.0,1337000000.0,953000000.0,37592000000.0,14772000000.0,0.06451394530192256,0.3929559480740583
2024-07-12,1,4443,33878000000.0,1337000000.0,953000000.0,37592000000.0,14772000000.0,0.06451394530192256,0.3929559480740583
2024-07-16,0,4443,33878000000.0,1337000000.0,953000000.0,37592000000.0,14772000000.0,0.06451394530192256,0.3929559480740583
2024-07-17,0,4443,33878000000.0,1337000000.0,953000000.0,37592000000.0,14772000000.0,0.06451394530192256,0.3929559480740583
2024-07-18,0,4443,33878000000.0,1337000000.0,953000000.0,37592000000.0,14772000000.0,0.06451394530192256,0.3929559480740583
2024-07-19,0,4443,33878000000.0,1337000000.0,953000000.0,37592000000.0,14772000000.0,0.06451394530192256,0.3929559480740583
2024-07-22,1,4443,33878000000.0,1337000000.0,953000000.0,37592000000.0,14772000000.0,0.06451394530192256,0.3929559480740583
2024-07-23,0,4443,33878000000.0,1337000000.0,953000000.0,37592000000.0,14772000000.0,0.06451394530192256,0.3929559480740583
2024-07-24,0,4443,33878000000.0,1337000000.0,953000000.0,37592000000.0,14772000000.0,0.06451394530192256,0.3929559480740583
2024-07-25,1,4443,33878000000.0,1337000000.0,953000000.0,37592000000.0,14772000000.0,0.06451394530192256,0.3929559480740583
2024-07-26,0,4443,33878000000.0,1337000000.0,953000000.0,37592000000.0,14772000000.0,0.06451394530192256,0.3929559480740583
2024-07-29,0,4443,33878000000.0,1337000000.0,953000000.0,37592000000.0,14772000000.0,0.06451394530192256,0.3929559480740583
2024-07-30,0,4443,33878000000.0,1337000000.0,953000000.0,37592000000.0,14772000000.0,0.06451394530192256,0.3929559480740583
2024-07-31,0,4443,33878000000.0,1337000000.0,953000000.0,37592000000.0,14772000000.0,0.06451394530192256,0.3929559480740583
2024-08-01,1,4443,33878000000.0,1337000000.0,953000000.0,37592000000.0,14772000000.0,0.06451394530192256,0.3929559480740583
2024-08-02,1,4443,33878000000.0,1337000000.0,953000000.0,37592000000.0,14772000000.0,0.06451394530192256,0.3929559480740583
2024-08-05,1,4443,33878000000.0,1337000000.0,953000000.0,37592000000.0,14772000000.0,0.06451394530192256,0.3929559480740583
2024-08-06,1,4443,33878000000.0,1337000000.0,953000000.0,37592000000.0,14772000000.0,0.06451394530192256,0.3929559480740583
2024-08-07,1,4443,33878000000.0,1337000000.0,953000000.0,37592000000.0,14772000000.0,0.06451394530192256,0.3929559480740583
2024-08-08,1,4443,33878000000.0,1337000000.0,953000000.0,37592000000.0,14772000000.0,0.06451394530192256,0.3929559480740583
2024-08-09,1,4443,33878000000.0,1337000000.0,953000000.0,37592000000.0,14772000000.0,0.06451394530192256,0.3929559480740583
2024-08-13,1,4443,33878000000.0,1337000000.0,953000000.0,37592000000.0,14772000000.0,0.06451394530192256,0.3929559480740583
2024-08-14,1,4443,33878000000.0,1337000000.0,953000000.0,37592000000.0,14772000000.0,0.06451394530192256,0.3929559480740583
2024-08-15,1,4443,33878000000.0,1337000000.0,953000000.0,37592000000.0,14772000000.0,0.06451394530192256,0.3929559480740583
2024-08-16,1,4443,33878000000.0,1337000000.0,953000000.0,37592000000.0,14772000000.0,0.06451394530192256,0.3929559480740583
2024-08-19,1,4443,33878000000.0,1337000000.0,953000000.0,37592000000.0,14772000000.0,0.06451394530192256,0.3929559480740583
2024-08-20,0,4443,33878000000.0,1337000000.0,953000000.0,37592000000.0,14772000000.0,0.06451394530192256,0.3929559480740583
2024-08-21,0,4443,33878000000.0,1337000000.0,953000000.0,37592000000.0,14772000000.0,0.06451394530192256,0.3929559480740583
2024-08-22,0,4443,33878000000.0,1337000000.0,953000000.0,37592000000.0,14772000000.0,0.06451394530192256,0.3929559480740583
2024-08-23,0,4443,33878000000.0,1337000000.0,953000000.0,37592000000.0,14772000000.0,0.06451394530192256,0.3929559480740583
2024-08-26,0,4443,33878000000.0,1337000000.0,953000000.0,37592000000.0,14772000000.0,0.06451394530192256,0.3929559480740583
2024-08-27,0,4443,33878000000.0,1337000000.0,953000000.0,37592000000.0,14772000000.0,0.06451394530192256,0.3929559480740583
2024-08-28,0,4443,33878000000.0,1337000000.0,953000000.0,37592000000.0,14772000000.0,0.06451394530192256,0.3929559480740583
2024-08-29,0,4443,33878000000.0,1337000000.0,953000000.0,37592000000.0,14772000000.0,0.06451394530192256,0.3929559480740583
2024-08-30,0,4443,33878000000.0,1337000000.0,953000000.0,37592000000.0,14772000000.0,0.06451394530192256,0.3929559480740583
2024-09-02,0,4443,33878000000.0,1337000000.0,953000000.0,37592000000.0,14772000000.0,0.06451394530192256,0.3929559480740583
2024-09-03,0,4443,33878000000.0,1337000000.0,953000000.0,37592000000.0,14772000000.0,0.06451394530192256,0.3929559480740583
2024-09-04,0,4443,33878000000.0,1337000000.0,953000000.0,37592000000.0,14772000000.0,0.06451394530192256,0.3929559480740583
2024-09-05,0,4443,33878000000.0,1337000000.0,953000000.0,37592000000.0,14772000000.0,0.06451394530192256,0.3929559480740583
2024-09-06,0,4443,33878000000.0,1337000000.0,953000000.0,37592000000.0,14772000000.0,0.06451394530192256,0.3929559480740583
2024-09-09,0,4443,33878000000.0,1337000000.0,953000000.0,37592000000.0,14772000000.0,0.06451394530192256,0.3929559480740583
2024-09-10,0,4443,33878000000.0,1337000000.0,953000000.0,37592000000.0,14772000000.0,0.06451394530192256,0.3929559480740583
2024-09-11,0,4443,33878000000.0,1337000000.0,953000000.0,37592000000.0,14772000000.0,0.06451394530192256,0.3929559480740583
2024-09-12,0,4443,33878000000.0,1337000000.0,953000000.0,37592000000.0,14772000000.0,0.06451394530192256,0.3929559480740583
2024-09-13,1,4443,33878000000.0,1337000000.0,953000000.0,37592000000.0,14772000000.0,0.06451394530192256,0.3929559480740583
2024-09-17,1,4443,33878000000.0,1337000000.0,953000000.0,37592000000.0,14772000000.0,0.06451394530192256,0.3929559480740583
2024-09-18,1,4443,33878000000.0,1337000000.0,953000000.0,37592000000.0,14772000000.0,0.06451394530192256,0.3929559480740583
2024-09-19,1,4443,33878000000.0,1337000000.0,953000000.0,37592000000.0,14772000000.0,0.06451394530192256,0.3929559480740583
2024-09-20,1,4443,33878000000.0,1337000000.0,953000000.0,37592000000.0,14772000000.0,0.06451394530192256,0.3929559480740583
2024-09-24,1,4443,33878000000.0,1337000000.0,953000000.0,37592000000.0,14772000000.0,0.06451394530192256,0.3929559480740583
2024-09-25,1,4443,33878000000.0,1337000000.0,953000000.0,37592000000.0,14772000000.0,0.06451394530192256,0.3929559480740583
2024-09-26,1,4443,33878000000.0,1337000000.0,953000000.0,37592000000.0,14772000000.0,0.06451394530192256,0.3929559480740583
2024-09-27,1,4443,33878000000.0,1337000000.0,953000000.0,37592000000.0,14772000000.0,0.06451394530192256,0.3929559480740583
2024-09-30,1,4443,33878000000.0,1337000000.0,953000000.0,37592000000.0,14772000000.0,0.06451394530192256,0.3929559480740583
2024-10-01,1,4443,33878000000.0,1337000000.0,953000000.0,37592000000.0,14772000000.0,0.06451394530192256,0.3929559480740583
2024-10-02,1,4443,33878000000.0,1337000000.0,953000000.0,37592000000.0,14772000000.0,0.06451394530192256,0.3929559480740583
2024-10-03,1,4443,33878000000.0,1337000000.0,953000000.0,37592000000.0,14772000000.0,0.06451394530192256,0.3929559480740583
2024-10-04,0,4443,33878000000.0,1337000000.0,953000000.0,37592000000.0,14772000000.0,0.06451394530192256,0.3929559480740583
2024-10-07,0,4443,33878000000.0,1337000000.0,953000000.0,37592000000.0,14772000000.0,0.06451394530192256,0.3929559480740583
2024-10-08,0,4443,33878000000.0,1337000000.0,953000000.0,37592000000.0,14772000000.0,0.06451394530192256,0.3929559480740583
2024-10-09,0,4443,33878000000.0,1337000000.0,953000000.0,37592000000.0,14772000000.0,0.06451394530192256,0.3929559480740583
2024-10-10,1,4443,33878000000.0,1337000000.0,953000000.0,37592000000.0,14772000000.0,0.06451394530192256,0.3929559480740583
2024-10-11,1,4443,9584000000.0,-325000000.0,-372000000.0,38448000000.0,14732000000.0,-0.025251153950583763,0.38316687473990846
2024-10-15,1,4443,9584000000.0,-325000000.0,-372000000.0,38448000000.0,14732000000.0,-0.025251153950583763,0.38316687473990846
2024-10-16,1,4443,9584000000.0,-325000000.0,-372000000.0,38448000000.0,14732000000.0,-0.025251153950583763,0.38316687473990846
2024-10-17,1,4443,9584000000.0,-325000000.0,-372000000.0,38448000000.0,14732000000.0,-0.025251153950583763,0.38316687473990846
2024-10-18,1,4443,9584000000.0,-325000000.0,-372000000.0,38448000000.0,14732000000.0,-0.025251153950583763,0.38316687473990846
2024-10-21,1,4443,9584000000.0,-325000000.0,-372000000.0,38448000000.0,14732000000.0,-0.025251153950583763,0.38316687473990846
2024-10-22,1,4443,9584000000.0,-325000000.0,-372000000.0,38448000000.0,14732000000.0,-0.025251153950583763,0.38316687473990846
2024-10-23,1,4443,9584000000.0,-325000000.0,-372000000.0,38448000000.0,14732000000.0,-0.025251153950583763,0.38316687473990846
2024-10-24,1,4443,9584000000.0,-325000000.0,-372000000.0,38448000000.0,14732000000.0,-0.025251153950583763,0.38316687473990846
2024-10-25,1,4443,9584000000.0,-325000000.0,-372000000.0,38448000000.0,14732000000.0,-0.025251153950583763,0.38316687473990846
2024-10-28,1,4443,9584000000.0,-325000000.0,-372000000.0,38448000000.0,14732000000.0,-0.025251153950583763,0.38316687473990846
2024-10-29,1,4443,9584000000.0,-325000000.0,-372000000.0,38448000000.0,14732000000.0,-0.025251153950583763,0.38316687473990846
2024-10-30,1,4443,9584000000.0,-325000000.0,-372000000.0,38448000000.0,14732000000.0,-0.025251153950583763,0.38316687473990846
2024-10-31,1,4443,9584000000.0,-325000000.0,-372000000.0,38448000000.0,14732000000.0,-0.025251153950583763,0.38316687473990846
2024-11-01,1,4443,9584000000.0,-325000000.0,-372000000.0,38448000000.0,14732000000.0,-0.025251153950583763,0.38316687473990846
2024-11-05,1,4443,9584000000.0,-325000000.0,-372000000.0,38448000000.0,14732000000.0,-0.025251153950583763,0.38316687473990846
2024-11-06,1,4443,9584000000.0,-325000000.0,-372000000.0,38448000000.0,14732000000.0,-0.025251153950583763,0.38316687473990846
2024-11-07,1,4443,9584000000.0,-325000000.0,-372000000.0,38448000000.0,14732000000.0,-0.025251153950583763,0.38316687473990846
2024-11-08,1,4443,9584000000.0,-325000000.0,-372000000.0,38448000000.0,14732000000.0,-0.025251153950583763,0.38316687473990846
2024-11-11,1,4443,9584000000.0,-325000000.0,-372000000.0,38448000000.0,14732000000.0,-0.025251153950583763,0.38316687473990846
2024-11-12,1,4443,9584000000.0,-325000000.0,-372000000.0,38448000000.0,14732000000.0,-0.025251153950583763,0.38316687473990846
2024-11-13,1,4443,9584000000.0,-325000000.0,-372000000.0,38448000000.0,14732000000.0,-0.025251153950583763,0.38316687473990846
2024-11-14,1,4443,9584000000.0,-325000000.0,-372000000.0,38448000000.0,14732000000.0,-0.025251153950583763,0.38316687473990846
2024-11-15,1,4443,9584000000.0,-325000000.0,-372000000.0,38448000000.0,14732000000.0,-0.025251153950583763,0.38316687473990846
2024-11-18,1,4443,9584000000.0,-325000000.0,-372000000.0,38448000000.0,14732000000.0,-0.025251153950583763,0.38316687473990846
2024-11-19,1,4443,9584000000.0,-325000000.0,-372000000.0,38448000000.0,14732000000.0,-0.025251153950583763,0.38316687473990846
2024-11-20,1,4443,9584000000.0,-325000000.0,-372000000.0,38448000000.0,14732000000.0,-0.025251153950583763,0.38316687473990846
2024-11-21,1,4443,9584000000.0,-325000000.0,-372000000.0,38448000000.0,14732000000.0,-0.025251153950583763,0.38316687473990846
2024-11-22,1,4443,9584000000.0,-325000000.0,-372000000.0,38448000000.0,14732000000.0,-0.025251153950583763,0.38316687473990846
2024-11-25,1,4443,9584000000.0,-325000000.0,-372000000.0,38448000000.0,14732000000.0,-0.025251153950583763,0.38316687473990846
2024-11-26,1,4443,9584000000.0,-325000000.0,-372000000.0,38448000000.0,14732000000.0,-0.025251153950583763,0.38316687473990846
2024-11-27,0,4443,9584000000.0,-325000000.0,-372000000.0,38448000000.0,14732000000.0,-0.025251153950583763,0.38316687473990846
2024-11-28,1,4443,9584000000.0,-325000000.0,-372000000.0,38448000000.0,14732000000.0,-0.025251153950583763,0.38316687473990846
2024-11-29,0,4443,9584000000.0,-325000000.0,-372000000.0,38448000000.0,14732000000.0,-0.025251153950583763,0.38316687473990846
2024-12-02,0,4443,9584000000.0,-325000000.0,-372000000.0,38448000000.0,14732000000.0,-0.025251153950583763,0.38316687473990846
2024-12-03,0,4443,9584000000.0,-325000000.0,-372000000.0,38448000000.0,14732000000.0,-0.025251153950583763,0.38316687473990846
2024-12-04,0,4443,9584000000.0,-325000000.0,-372000000.0,38448000000.0,14732000000.0,-0.025251153950583763,0.38316687473990846
2024-12-05,0,4443,9584000000.0,-325000000.0,-372000000.0,38448000000.0,14732000000.0,-0.025251153950583763,0.38316687473990846
2024-12-06,0,4443,9584000000.0,-325000000.0,-372000000.0,38448000000.0,14732000000.0,-0.025251153950583763,0.38316687473990846
2024-12-09,0,4443,9584000000.0,-325000000.0,-372000000.0,38448000000.0,14732000000.0,-0.025251153950583763,0.38316687473990846
2024-12-10,0,4443,9584000000.0,-325000000.0,-372000000.0,38448000000.0,14732000000.0,-0.025251153950583763,0.38316687473990846
2024-12-11,0,4443,9584000000.0,-325000000.0,-372000000.0,38448000000.0,14732000000.0,-0.025251153950583763,0.38316687473990846
2024-12-12,0,4443,9584000000.0,-325000000.0,-372000000.0,38448000000.0,14732000000.0,-0.025251153950583763,0.38316687473990846
2024-12-13,0,4443,9584000000.0,-325000000.0,-372000000.0,38448000000.0,14732000000.0,-0.025251153950583763,0.38316687473990846
2024-12-16,0,4443,9584000000.0,-325000000.0,-372000000.0,38448000000.0,14732000000.0,-0.025251153950583763,0.38316687473990846
2024-12-17,0,4443,9584000000.0,-325000000.0,-372000000.0,38448000000.0,14732000000.0,-0.025251153950583763,0.38316687473990846
2024-12-18,0,4443,9584000000.0,-325000000.0,-372000000.0,38448000000.0,14732000000.0,-0.025251153950583763,0.38316687473990846
2024-12-19,0,4443,9584000000.0,-325000000.0,-372000000.0,38448000000.0,14732000000.0,-0.025251153950583763,0.38316687473990846
2024-12-20,0,4443,9584000000.0,-325000000.0,-372000000.0,38448000000.0,14732000000.0,-0.025251153950583763,0.38316687473990846
2024-12-23,0,4443,9584000000.0,-325000000.0,-372000000.0,38448000000.0,14732000000.0,-0.025251153950583763,0.38316687473990846
2024-12-24,0,4443,9584000000.0,-325000000.0,-372000000.0,38448000000.0,14732000000.0,-0.025251153950583763,0.38316687473990846
2024-12-25,0,4443,9584000000.0,-325000000.0,-372000000.0,38448000000.0,14732000000.0,-0.025251153950583763,0.38316687473990846
2024-12-26,0,4443,9584000000.0,-325000000.0,-372000000.0,38448000000.0,14732000000.0,-0.025251153950583763,0.38316687473990846
2024-12-27,0,4443,9584000000.0,-325000000.0,-372000000.0,38448000000.0,14732000000.0,-0.025251153950583763,0.38316687473990846
2024-12-30,0,4443,9584000000.0,-325000000.0,-372000000.0,38448000000.0,14732000000.0,-0.025251153950583763,0.38316687473990846
2025-01-06,0,4443,9584000000.0,-325000000.0,-372000000.0,38448000000.0,14732000000.0,-0.025251153950583763,0.38316687473990846
2025-01-07,0,4443,9584000000.0,-325000000.0,-372000000.0,38448000000.0,14732000000.0,-0.025251153950583763,0.38316687473990846
2025-01-08,0,4443,9584000000.0,-325000000.0,-372000000.0,38448000000.0,14732000000.0,-0.025251153950583763,0.38316687473990846
2025-01-09,0,4443,9584000000.0,-325000000.0,-372000000.0,38448000000.0,14732000000.0,-0.025251153950583763,0.38316687473990846
2025-01-10,0,4443,9584000000.0,-325000000.0,-372000000.0,38448000000.0,14732000000.0,-0.025251153950583763,0.38316687473990846
2025-01-14,0,4443,20058000000.0,183000000.0,320000000.0,38858000000.0,15688000000.0,0.02039775624681285,0.40372638838849145
2025-01-15,0,4443,20058000000.0,183000000.0,320000000.0,38858000000.0,15688000000.0,0.02039775624681285,0.40372638838849145
2025-01-16,0,4443,20058000000.0,183000000.0,320000000.0,38858000000.0,15688000000.0,0.02039775624681285,0.40372638838849145
2025-01-17,0,4443,20058000000.0,183000000.0,320000000.0,38858000000.0,15688000000.0,0.02039775624681285,0.40372638838849145
2025-01-20,0,4443,20058000000.0,183000000.0,320000000.0,38858000000.0,15688000000.0,0.02039775624681285,0.40372638838849145
2025-01-21,0,4443,20058000000.0,183000000.0,320000000.0,38858000000.0,15688000000.0,0.02039775624681285,0.40372638838849145
2025-01-22,0,4443,20058000000.0,183000000.0,320000000.0,38858000000.0,15688000000.0,0.02039775624681285,0.40372638838849145
2025-01-23,0,4443,20058000000.0,183000000.0,320000000.0,38858000000.0,15688000000.0,0.02039775624681285,0.40372638838849145
2025-01-24,0,4443,20058000000.0,183000000.0,320000000.0,38858000000.0,15688000000.0,0.02039775624681285,0.40372638838849145
2025-01-27,0,4443,20058000000.0,183000000.0,320000000.0,38858000000.0,15688000000.0,0.02039775624681285,0.40372638838849145
2025-01-28,0,4443,20058000000.0,183000000.0,320000000.0,38858000000.0,15688000000.0,0.02039775624681285,0.40372638838849145
2025-01-29,0,4443,20058000000.0,183000000.0,320000000.0,38858000000.0,15688000000.0,0.02039775624681285,0.40372638838849145
2025-01-30,0,4443,20058000000.0,183000000.0,320000000.0,38858000000.0,15688000000.0,0.02039775624681285,0.40372638838849145
2025-01-31,0,4443,20058000000.0,183000000.0,320000000.0,38858000000.0,15688000000.0,0.02039775624681285,0.40372638838849145
2025-02-03,0,4443,20058000000.0,183000000.0,320000000.0,38858000000.0,15688000000.0,0.02039775624681285,0.40372638838849145
2025-02-04,0,4443,20058000000.0,183000000.0,320000000.0,38858000000.0,15688000000.0,0.02039775624681285,0.40372638838849145
2025-02-05,0,4443,20058000000.0,183000000.0,320000000.0,38858000000.0,15688000000.0,0.02039775624681285,0.40372638838849145
2025-02-06,0,4443,20058000000.0,183000000.0,320000000.0,38858000000.0,15688000000.0,0.02039775624681285,0.40372638838849145
2025-02-07,0,4443,20058000000.0,183000000.0,320000000.0,38858000000.0,15688000000.0,0.02039775624681285,0.40372638838849145
2025-02-10,0,4443,20058000000.0,183000000.0,320000000.0,38858000000.0,15688000000.0,0.02039775624681285,0.40372638838849145
2025-02-12,0,4443,20058000000.0,183000000.0,320000000.0,38858000000.0,15688000000.0,0.02039775624681285,0.40372638838849145
2025-02-13,0,4443,20058000000.0,183000000.0,320000000.0,38858000000.0,15688000000.0,0.02039775624681285,0.40372638838849145
2025-02-14,0,4443,20058000000.0,183000000.0,320000000.0,38858000000.0,15688000000.0,0.02039775624681285,0.40372638838849145
2025-02-17,0,4443,20058000000.0,183000000.0,320000000.0,38858000000.0,15688000000.0,0.02039775624681285,0.40372638838849145
2025-02-18,0,4443,20058000000.0,183000000.0,320000000.0,38858000000.0,15688000000.0,0.02039775624681285,0.40372638838849145
2025-02-19,0,4443,20058000000.0,183000000.0,320000000.0,38858000000.0,15688000000.0,0.02039775624681285,0.40372638838849145
2025-02-20,0,4443,20058000000.0,183000000.0,320000000.0,38858000000.0,15688000000.0,0.02039775624681285,0.40372638838849145
2025-02-21,0,4443,20058000000.0,183000000.0,320000000.0,38858000000.0,15688000000.0,0.02039775624681285,0.40372638838849145
2025-02-25,0,4443,20058000000.0,183000000.0,320000000.0,38858000000.0,15688000000.0,0.02039775624681285,0.40372638838849145
2025-02-26,0,4443,20058000000.0,183000000.0,320000000.0,38858000000.0,15688000000.0,0.02039775624681285,0.40372638838849145
2025-02-27,0,4443,20058000000.0,183000000.0,320000000.0,38858000000.0,15688000000.0,0.02039775624681285,0.40372638838849145
2025-02-28,0,4443,20058000000.0,183000000.0,320000000.0,38858000000.0,15688000000.0,0.02039775624681285,0.40372638838849145
2025-03-03,0,4443,20058000000.0,183000000.0,320000000.0,38858000000.0,15688000000.0,0.02039775624681285,0.40372638838849145
2025-03-04,0,4443,20058000000.0,183000000.0,320000000.0,38858000000.0,15688000000.0,0.02039775624681285,0.40372638838849145
2025-03-05,1,4443,20058000000.0,183000000.0,320000000.0,38858000000.0,15688000000.0,0.02039775624681285,0.40372638838849145
2025-03-06,1,4443,20058000000.0,183000000.0,320000000.0,38858000000.0,15688000000.0,0.02039775624681285,0.40372638838849145
2025-03-07,1,4443,20058000000.0,183000000.0,320000000.0,38858000000.0,15688000000.0,0.02039775624681285,0.40372638838849145
2025-03-10,1,4443,20058000000.0,183000000.0,320000000.0,38858000000.0,15688000000.0,0.02039775624681285,0.40372638838849145
2025-03-11,1,4443,20058000000.0,183000000.0,320000000.0,38858000000.0,15688000000.0,0.02039775624681285,0.40372638838849145
2025-03-12,1,4443,20058000000.0,183000000.0,320000000.0,38858000000.0,15688000000.0,0.02039775624681285,0.40372638838849145
2025-03-13,1,4443,20058000000.0,183000000.0,320000000.0,38858000000.0,15688000000.0,0.02039775624681285,0.40372638838849145
2025-03-14,1,4443,20058000000.0,183000000.0,320000000.0,38858000000.0,15688000000.0,0.02039775624681285,0.40372638838849145
2025-03-17,1,4443,20058000000.0,183000000.0,320000000.0,38858000000.0,15688000000.0,0.02039775624681285,0.40372638838849145
2025-03-18,1,4443,20058000000.0,183000000.0,320000000.0,38858000000.0,15688000000.0,0.02039775624681285,0.40372638838849145
2025-03-19,1,4443,20058000000.0,183000000.0,320000000.0,38858000000.0,15688000000.0,0.02039775624681285,0.40372638838849145
2025-03-21,1,4443,20058000000.0,183000000.0,320000000.0,38858000000.0,15688000000.0,0.02039775624681285,0.40372638838849145
2025-03-24,1,4443,20058000000.0,183000000.0,320000000.0,38858000000.0,15688000000.0,0.02039775624681285,0.40372638838849145
2025-03-25,1,4443,20058000000.0,183000000.0,320000000.0,38858000000.0,15688000000.0,0.02039775624681285,0.40372638838849145
2025-03-26,1,4443,20058000000.0,183000000.0,320000000.0,38858000000.0,15688000000.0,0.02039775624681285,0.40372638838849145
2025-03-27,1,4443,20058000000.0,183000000.0,320000000.0,38858000000.0,15688000000.0,0.02039775624681285,0.40372638838849145
2025-03-28,1,4443,20058000000.0,183000000.0,320000000.0,38858000000.0,15688000000.0,0.02039775624681285,0.40372638838849145
2025-03-31,1,4443,20058000000.0,183000000.0,320000000.0,38858000000.0,15688000000.0,0.02039775624681285,0.40372638838849145
2025-04-01,1,4443,20058000000.0,183000000.0,320000000.0,38858000000.0,15688000000.0,0.02039775624681285,0.40372638838849145
2025-04-02,1,4443,20058000000.0,183000000.0,320000000.0,38858000000.0,15688000000.0,0.02039775624681285,0.40372638838849145
2025-04-03,1,4443,20058000000.0,183000000.0,320000000.0,38858000000.0,15688000000.0,0.02039775624681285,0.40372638838849145
2025-04-04,1,4443,20058000000.0,183000000.0,320000000.0,38858000000.0,15688000000.0,0.02039775624681285,0.40372638838849145
2025-04-07,1,4443,20058000000.0,183000000.0,320000000.0,38858000000.0,15688000000.0,0.02039775624681285,0.40372638838849145
2025-04-08,1,4443,20058000000.0,183000000.0,320000000.0,38858000000.0,15688000000.0,0.02039775624681285,0.40372638838849145
2025-04-09,1,4443,20058000000.0,183000000.0,320000000.0,38858000000.0,15688000000.0,0.02039775624681285,0.40372638838849145
2025-04-10,1,4443,20058000000.0,183000000.0,320000000.0,38858000000.0,15688000000.0,0.02039775624681285,0.40372638838849145
2025-04-11,1,4443,31137000000.0,1890000000.0,1697000000.0,39885000000.0,17242000000.0,0.09842245679155551,0.4322928419205215
2025-04-14,1,4443,31137000000.0,1890000000.0,1697000000.0,39885000000.0,17242000000.0,0.09842245679155551,0.4322928419205215
2025-04-15,1,4443,31137000000.0,1890000000.0,1697000000.0,39885000000.0,17242000000.0,0.09842245679155551,0.4322928419205215
2025-04-16,1,4443,31137000000.0,1890000000.0,1697000000.0,39885000000.0,17242000000.0,0.09842245679155551,0.4322928419205215
2025-04-17,0,4443,31137000000.0,1890000000.0,1697000000.0,39885000000.0,17242000000.0,0.09842245679155551,0.4322928419205215
2025-04-18,0,4443,31137000000.0,1890000000.0,1697000000.0,39885000000.0,17242000000.0,0.09842245679155551,0.4322928419205215
2025-04-21,1,4443,31137000000.0,1890000000.0,1697000000.0,39885000000.0,17242000000.0,0.09842245679155551,0.4322928419205215
2025-04-22,1,4443,31137000000.0,1890000000.0,1697000000.0,39885000000.0,17242000000.0,0.09842245679155551,0.4322928419205215
2025-04-23,1,4443,31137000000.0,1890000000.0,1697000000.0,39885000000.0,17242000000.0,0.09842245679155551,0.4322928419205215
2025-04-24,1,4443,31137000000.0,1890000000.0,1697000000.0,39885000000.0,17242000000.0,0.09842245679155551,0.4322928419205215
2025-04-25,1,4443,31137000000.0,1890000000.0,1697000000.0,39885000000.0,17242000000.0,0.09842245679155551,0.4322928419205215
2025-04-28,0,4443,31137000000.0,1890000000.0,1697000000.0,39885000000.0,17242000000.0,0.09842245679155551,0.4322928419205215
2025-04-30,0,4443,31137000000.0,1890000000.0,1697000000.0,39885000000.0,17242000000.0,0.09842245679155551,0.4322928419205215
2025-05-01,0,4443,31137000000.0,1890000000.0,1697000000.0,39885000000.0,17242000000.0,0.09842245679155551,0.4322928419205215
2025-05-02,0,4443,31137000000.0,1890000000.0,1697000000.0,39885000000.0,17242000000.0,0.09842245679155551,0.4322928419205215
2025-05-07,0,4443,31137000000.0,1890000000.0,1697000000.0,39885000000.0,17242000000.0,0.09842245679155551,0.4322928419205215
2025-05-08,0,4443,31137000000.0,1890000000.0,1697000000.0,39885000000.0,17242000000.0,0.09842245679155551,0.4322928419205215
2025-05-09,0,4443,31137000000.0,1890000000.0,1697000000.0,39885000000.0,17242000000.0,0.09842245679155551,0.4322928419205215
2025-05-12,0,4443,31137000000.0,1890000000.0,1697000000.0,39885000000.0,17242000000.0,0.09842245679155551,0.4322928419205215
2025-05-13,0,4443,31137000000.0,1890000000.0,1697000000.0,39885000000.0,17242000000.0,0.09842245679155551,0.4322928419205215
2025-05-14,0,4443,31137000000.0,1890000000.0,1697000000.0,39885000000.0,17242000000.0,0.09842245679155551,0.4322928419205215
2025-05-15,0,4443,31137000000.0,1890000000.0,1697000000.0,39885000000.0,17242000000.0,0.09842245679155551,0.4322928419205215
2025-05-16,0,4443,31137000000.0,1890000000.0,1697000000.0,39885000000.0,17242000000.0,0.09842245679155551,0.4322928419205215
2025-05-19,0,4443,31137000000.0,1890000000.0,1697000000.0,39885000000.0,17242000000.0,0.09842245679155551,0.4322928419205215
2025-05-20,0,4443,31137000000.0,1890000000.0,1697000000.0,39885000000.0,17242000000.0,0.09842245679155551,0.4322928419205215
2025-05-21,0,4443,31137000000.0,1890000000.0,1697000000.0,39885000000.0,17242000000.0,0.09842245679155551,0.4322928419205215
2025-05-22,0,4443,31137000000.0,1890000000.0,1697000000.0,39885000000.0,17242000000.0,0.09842245679155551,0.4322928419205215
2025-05-23,0,4443,31137000000.0,1890000000.0,1697000000.0,39885000000.0,17242000000.0,0.09842245679155551,0.4322928419205215
2025-05-26,0,4443,31137000000.0,1890000000.0,1697000000.0,39885000000.0,17242000000.0,0.09842245679155551,0.4322928419205215
2025-05-27,0,4443,31137000000.0,1890000000.0,1697000000.0,39885000000.0,17242000000.0,0.09842245679155551,0.4322928419205215
2025-05-28,0,4443,31137000000.0,1890000000.0,1697000000.0,39885000000.0,17242000000.0,0.09842245679155551,0.4322928419205215
2025-05-29,0,4443,31137000000.0,1890000000.0,1697000000.0,39885000000.0,17242000000.0,0.09842245679155551,0.4322928419205215
2025-05-30,0,4443,31137000000.0,1890000000.0,1697000000.0,39885000000.0,17242000000.0,0.09842245679155551,0.4322928419205215
2025-06-02,0,4443,31137000000.0,1890000000.0,1697000000.0,39885000000.0,17242000000.0,0.09842245679155551,0.4322928419205215
2025-06-03,0,4443,31137000000.0,1890000000.0,1697000000.0,39885000000.0,17242000000.0,0.09842245679155551,0.4322928419205215
2025-06-04,0,4443,31137000000.0,1890000000.0,1697000000.0,39885000000.0,17242000000.0,0.09842245679155551,0.4322928419205215
2025-06-05,0,4443,31137000000.0,1890000000.0,1697000000.0,39885000000.0,17242000000.0,0.09842245679155551,0.4322928419205215
2025-06-06,0,4443,31137000000.0,1890000000.0,1697000000.0,39885000000.0,17242000000.0,0.09842245679155551,0.4322928419205215
2025-06-09,0,4443,31137000000.0,1890000000.0,1697000000.0,39885000000.0,17242000000.0,0.09842245679155551,0.4322928419205215
2025-06-10,0,4443,31137000000.0,1890000000.0,1697000000.0,39885000000.0,17242000000.0,0.09842245679155551,0.4322928419205215
2025-06-11,0,4443,31137000000.0,1890000000.0,1697000000.0,39885000000.0,17242000000.0,0.09842245679155551,0.4322928419205215
2025-06-12,0,4443,31137000000.0,1890000000.0,1697000000.0,39885000000.0,17242000000.0,0.09842245679155551,0.4322928419205215
2025-06-13,0,4443,31137000000.0,1890000000.0,1697000000.0,39885000000.0,17242000000.0,0.09842245679155551,0.4322928419205215
2025-06-16,0,4443,31137000000.0,1890000000.0,1697000000.0,39885000000.0,17242000000.0,0.09842245679155551,0.4322928419205215
2025-06-17,0,4443,31137000000.0,1890000000.0,1697000000.0,39885000000.0,17242000000.0,0.09842245679155551,0.4322928419205215
2025-06-18,0,4443,31137000000.0,1890000000.0,1697000000.0,39885000000.0,17242000000.0,0.09842245679155551,0.4322928419205215
2025-06-19,0,4443,31137000000.0,1890000000.0,1697000000.0,39885000000.0,17242000000.0,0.09842245679155551,0.4322928419205215
2025-06-20,0,4443,31137000000.0,1890000000.0,1697000000.0,39885000000.0,17242000000.0,0.09842245679155551,0.4322928419205215
2025-06-23,0,4443,31137000000.0,1890000000.0,1697000000.0,39885000000.0,17242000000.0,0.09842245679155551,0.4322928419205215
2025-06-24,0,4443,31137000000.0,1890000000.0,1697000000.0,39885000000.0,17242000000.0,0.09842245679155551,0.4322928419205215
2025-06-25,0,4443,31137000000.0,1890000000.0,1697000000.0,39885000000.0,17242000000.0,0.09842245679155551,0.4322928419205215
2025-06-26,0,4443,31137000000.0,1890000000.0,1697000000.0,39885000000.0,17242000000.0,0.09842245679155551,0.4322928419205215
2025-06-27,0,4443,31137000000.0,1890000000.0,1697000000.0,39885000000.0,17242000000.0,0.09842245679155551,0.4322928419205215
2025-06-30,0,4443,31137000000.0,1890000000.0,1697000000.0,39885000000.0,17242000000.0,0.09842245679155551,0.4322928419205215
2025-07-01,0,4443,31137000000.0,1890000000.0,1697000000.0,39885000000.0,17242000000.0,0.09842245679155551,0.4322928419205215
2025-07-02,0,4443,31137000000.0,1890000000.0,1697000000.0,39885000000.0,17242000000.0,0.09842245679155551,0.4322928419205215
2025-07-03,0,4443,31137000000.0,1890000000.0,1697000000.0,39885000000.0,17242000000.0,0.09842245679155551,0.4322928419205215
2025-07-04,0,4443,31137000000.0,1890000000.0,1697000000.0,39885000000.0,17242000000.0,0.09842245679155551,0.4322928419205215
2025-07-07,0,4443,31137000000.0,1890000000.0,1697000000.0,39885000000.0,17242000000.0,0.09842245679155551,0.4322928419205215
2025-07-08,0,4443,31137000000.0,1890000000.0,1697000000.0,39885000000.0,17242000000.0,0.09842245679155551,0.4322928419205215
2025-07-09,0,4443,31137000000.0,1890000000.0,1697000000.0,39885000000.0,17242000000.0,0.09842245679155551,0.4322928419205215
2025-07-10,0,4443,31137000000.0,1890000000.0,1697000000.0,39885000000.0,17242000000.0,0.09842245679155551,0.4322928419205215
2025-07-11,0,4443,31137000000.0,1890000000.0,1697000000.0,39885000000.0,17242000000.0,0.09842245679155551,0.4322928419205215
2025-07-14,0,4443,43202000000.0,2800000000.0,424000000.0,47984000000.0,16040000000.0,0.026433915211970076,0.33427809269756587
2025-07-15,0,4443,43202000000.0,2800000000.0,424000000.0,47984000000.0,16040000000.0,0.026433915211970076,0.33427809269756587
2025-07-16,0,4443,43202000000.0,2800000000.0,424000000.0,47984000000.0,16040000000.0,0.026433915211970076,0.33427809269756587
2025-07-17,0,4443,43202000000.0,2800000000.0,424000000.0,47984000000.0,16040000000.0,0.026433915211970076,0.33427809269756587
2025-07-18,0,4443,43202000000.0,2800000000.0,424000000.0,47984000000.0,16040000000.0,0.026433915211970076,0.33427809269756587
2025-07-22,0,4443,43202000000.0,2800000000.0,424000000.0,47984000000.0,16040000000.0,0.026433915211970076,0.33427809269756587
2025-07-23,0,4443,43202000000.0,2800000000.0,424000000.0,47984000000.0,16040000000.0,0.026433915211970076,0.33427809269756587
2025-07-24,0,4443,43202000000.0,2800000000.0,424000000.0,47984000000.0,16040000000.0,0.026433915211970076,0.33427809269756587
2025-07-25,0,4443,43202000000.0,2800000000.0,424000000.0,47984000000.0,16040000000.0,0.026433915211970076,0.33427809269756587
2023-11-01,1,4751,720207000000.0,24557000000.0,5332000000.0,477826000000.0,231911000000.0,0.02299157866595375,0.48534613018127937
2023-11-02,1,4751,720207000000.0,24557000000.0,5332000000.0,477826000000.0,231911000000.0,0.02299157866595375,0.48534613018127937
2023-11-06,1,4751,720207000000.0,24557000000.0,5332000000.0,477826000000.0,231911000000.0,0.02299157866595375,0.48534613018127937
2023-11-07,1,4751,720207000000.0,24557000000.0,5332000000.0,477826000000.0,231911000000.0,0.02299157866595375,0.48534613018127937
2023-11-08,1,4751,720207000000.0,24557000000.0,5332000000.0,477826000000.0,231911000000.0,0.02299157866595375,0.48534613018127937
2023-11-09,1,4751,720207000000.0,24557000000.0,5332000000.0,477826000000.0,231911000000.0,0.02299157866595375,0.48534613018127937
2023-11-10,1,4751,720207000000.0,24557000000.0,5332000000.0,477826000000.0,231911000000.0,0.02299157866595375,0.48534613018127937
2023-11-13,1,4751,720207000000.0,24557000000.0,5332000000.0,477826000000.0,231911000000.0,0.02299157866595375,0.48534613018127937
2023-11-14,1,4751,720207000000.0,24557000000.0,5332000000.0,477826000000.0,231911000000.0,0.02299157866595375,0.48534613018127937
2023-11-15,1,4751,720207000000.0,24557000000.0,5332000000.0,477826000000.0,231911000000.0,0.02299157866595375,0.48534613018127937
2023-11-16,1,4751,720207000000.0,24557000000.0,5332000000.0,477826000000.0,231911000000.0,0.02299157866595375,0.48534613018127937
2023-11-17,1,4751,720207000000.0,24557000000.0,5332000000.0,477826000000.0,231911000000.0,0.02299157866595375,0.48534613018127937
2023-11-20,1,4751,720207000000.0,24557000000.0,5332000000.0,477826000000.0,231911000000.0,0.02299157866595375,0.48534613018127937
2023-11-21,1,4751,720207000000.0,24557000000.0,5332000000.0,477826000000.0,231911000000.0,0.02299157866595375,0.48534613018127937
2023-11-22,1,4751,720207000000.0,24557000000.0,5332000000.0,477826000000.0,231911000000.0,0.02299157866595375,0.48534613018127937
2023-11-24,1,4751,720207000000.0,24557000000.0,5332000000.0,477826000000.0,231911000000.0,0.02299157866595375,0.48534613018127937
2023-11-27,1,4751,720207000000.0,24557000000.0,5332000000.0,477826000000.0,231911000000.0,0.02299157866595375,0.48534613018127937
2023-11-28,1,4751,720207000000.0,24557000000.0,5332000000.0,477826000000.0,231911000000.0,0.02299157866595375,0.48534613018127937
2023-11-29,1,4751,720207000000.0,24557000000.0,5332000000.0,477826000000.0,231911000000.0,0.02299157866595375,0.48534613018127937
2023-11-30,1,4751,720207000000.0,24557000000.0,5332000000.0,477826000000.0,231911000000.0,0.02299157866595375,0.48534613018127937
2023-12-01,1,4751,720207000000.0,24557000000.0,5332000000.0,477826000000.0,231911000000.0,0.02299157866595375,0.48534613018127937
2023-12-04,1,4751,720207000000.0,24557000000.0,5332000000.0,477826000000.0,231911000000.0,0.02299157866595375,0.48534613018127937
2023-12-05,1,4751,720207000000.0,24557000000.0,5332000000.0,477826000000.0,231911000000.0,0.02299157866595375,0.48534613018127937
2023-12-06,1,4751,720207000000.0,24557000000.0,5332000000.0,477826000000.0,231911000000.0,0.02299157866595375,0.48534613018127937
2023-12-07,1,4751,720207000000.0,24557000000.0,5332000000.0,477826000000.0,231911000000.0,0.02299157866595375,0.48534613018127937
2023-12-08,1,4751,720207000000.0,24557000000.0,5332000000.0,477826000000.0,231911000000.0,0.02299157866595375,0.48534613018127937
2023-12-11,1,4751,720207000000.0,24557000000.0,5332000000.0,477826000000.0,231911000000.0,0.02299157866595375,0.48534613018127937
2023-12-12,1,4751,720207000000.0,24557000000.0,5332000000.0,477826000000.0,231911000000.0,0.02299157866595375,0.48534613018127937
2023-12-13,1,4751,720207000000.0,24557000000.0,5332000000.0,477826000000.0,231911000000.0,0.02299157866595375,0.48534613018127937
2023-12-14,1,4751,720207000000.0,24557000000.0,5332000000.0,477826000000.0,231911000000.0,0.02299157866595375,0.48534613018127937
2023-12-15,1,4751,720207000000.0,24557000000.0,5332000000.0,477826000000.0,231911000000.0,0.02299157866595375,0.48534613018127937
2023-12-18,1,4751,720207000000.0,24557000000.0,5332000000.0,477826000000.0,231911000000.0,0.02299157866595375,0.48534613018127937
2023-12-19,1,4751,720207000000.0,24557000000.0,5332000000.0,477826000000.0,231911000000.0,0.02299157866595375,0.48534613018127937
2023-12-20,1,4751,720207000000.0,24557000000.0,5332000000.0,477826000000.0,231911000000.0,0.02299157866595375,0.48534613018127937
2023-12-21,1,4751,720207000000.0,24557000000.0,5332000000.0,477826000000.0,231911000000.0,0.02299157866595375,0.48534613018127937
2023-12-22,1,4751,720207000000.0,24557000000.0,5332000000.0,477826000000.0,231911000000.0,0.02299157866595375,0.48534613018127937
2023-12-25,1,4751,720207000000.0,24557000000.0,5332000000.0,477826000000.0,231911000000.0,0.02299157866595375,0.48534613018127937
2023-12-26,1,4751,720207000000.0,24557000000.0,5332000000.0,477826000000.0,231911000000.0,0.02299157866595375,0.48534613018127937
2023-12-27,1,4751,720207000000.0,24557000000.0,5332000000.0,477826000000.0,231911000000.0,0.02299157866595375,0.48534613018127937
2023-12-28,1,4751,720207000000.0,24557000000.0,5332000000.0,477826000000.0,231911000000.0,0.02299157866595375,0.48534613018127937
2023-12-29,1,4751,720207000000.0,24557000000.0,5332000000.0,477826000000.0,231911000000.0,0.02299157866595375,0.48534613018127937
2024-01-04,1,4751,720207000000.0,24557000000.0,5332000000.0,477826000000.0,231911000000.0,0.02299157866595375,0.48534613018127937
2024-01-05,1,4751,720207000000.0,24557000000.0,5332000000.0,477826000000.0,231911000000.0,0.02299157866595375,0.48534613018127937
2024-01-09,1,4751,720207000000.0,24557000000.0,5332000000.0,477826000000.0,231911000000.0,0.02299157866595375,0.48534613018127937
2024-01-10,1,4751,720207000000.0,24557000000.0,5332000000.0,477826000000.0,231911000000.0,0.02299157866595375,0.48534613018127937
2024-01-11,1,4751,720207000000.0,24557000000.0,5332000000.0,477826000000.0,231911000000.0,0.02299157866595375,0.48534613018127937
2024-01-12,1,4751,720207000000.0,24557000000.0,5332000000.0,477826000000.0,231911000000.0,0.02299157866595375,0.48534613018127937
2024-01-15,1,4751,720207000000.0,24557000000.0,5332000000.0,477826000000.0,231911000000.0,0.02299157866595375,0.48534613018127937
2024-01-16,1,4751,720207000000.0,24557000000.0,5332000000.0,477826000000.0,231911000000.0,0.02299157866595375,0.48534613018127937
2024-01-17,1,4751,720207000000.0,24557000000.0,5332000000.0,477826000000.0,231911000000.0,0.02299157866595375,0.48534613018127937
2024-01-18,1,4751,720207000000.0,24557000000.0,5332000000.0,477826000000.0,231911000000.0,0.02299157866595375,0.48534613018127937
2024-01-19,1,4751,720207000000.0,24557000000.0,5332000000.0,477826000000.0,231911000000.0,0.02299157866595375,0.48534613018127937
2024-01-22,1,4751,720207000000.0,24557000000.0,5332000000.0,477826000000.0,231911000000.0,0.02299157866595375,0.48534613018127937
2024-01-23,1,4751,720207000000.0,24557000000.0,5332000000.0,477826000000.0,231911000000.0,0.02299157866595375,0.48534613018127937
2024-01-24,1,4751,720207000000.0,24557000000.0,5332000000.0,477826000000.0,231911000000.0,0.02299157866595375,0.48534613018127937
2024-01-25,1,4751,720207000000.0,24557000000.0,5332000000.0,477826000000.0,231911000000.0,0.02299157866595375,0.48534613018127937
2024-01-26,1,4751,720207000000.0,24557000000.0,5332000000.0,477826000000.0,231911000000.0,0.02299157866595375,0.48534613018127937
2024-01-29,1,4751,720207000000.0,24557000000.0,5332000000.0,477826000000.0,231911000000.0,0.02299157866595375,0.48534613018127937
2024-01-30,1,4751,720207000000.0,24557000000.0,5332000000.0,477826000000.0,231911000000.0,0.02299157866595375,0.48534613018127937
2024-01-31,1,4751,193075000000.0,6284000000.0,-472000000.0,468681000000.0,221914000000.0,-0.002126950079760628,0.4734862305064639
2024-02-01,0,4751,193075000000.0,6284000000.0,-472000000.0,468681000000.0,221914000000.0,-0.002126950079760628,0.4734862305064639
2024-02-02,0,4751,193075000000.0,6284000000.0,-472000000.0,468681000000.0,221914000000.0,-0.002126950079760628,0.4734862305064639
2024-02-05,0,4751,193075000000.0,6284000000.0,-472000000.0,468681000000.0,221914000000.0,-0.002126950079760628,0.4734862305064639
2024-02-06,0,4751,193075000000.0,6284000000.0,-472000000.0,468681000000.0,221914000000.0,-0.002126950079760628,0.4734862305064639
2024-02-07,0,4751,193075000000.0,6284000000.0,-472000000.0,468681000000.0,221914000000.0,-0.002126950079760628,0.4734862305064639
2024-02-08,0,4751,193075000000.0,6284000000.0,-472000000.0,468681000000.0,221914000000.0,-0.002126950079760628,0.4734862305064639
2024-02-09,0,4751,193075000000.0,6284000000.0,-472000000.0,468681000000.0,221914000000.0,-0.002126950079760628,0.4734862305064639
2024-02-13,0,4751,193075000000.0,6284000000.0,-472000000.0,468681000000.0,221914000000.0,-0.002126950079760628,0.4734862305064639
2024-02-14,0,4751,193075000000.0,6284000000.0,-472000000.0,468681000000.0,221914000000.0,-0.002126950079760628,0.4734862305064639
2024-02-15,1,4751,193075000000.0,6284000000.0,-472000000.0,468681000000.0,221914000000.0,-0.002126950079760628,0.4734862305064639
2024-02-16,0,4751,193075000000.0,6284000000.0,-472000000.0,468681000000.0,221914000000.0,-0.002126950079760628,0.4734862305064639
2024-02-19,0,4751,193075000000.0,6284000000.0,-472000000.0,468681000000.0,221914000000.0,-0.002126950079760628,0.4734862305064639
2024-02-20,0,4751,193075000000.0,6284000000.0,-472000000.0,468681000000.0,221914000000.0,-0.002126950079760628,0.4734862305064639
2024-02-21,0,4751,193075000000.0,6284000000.0,-472000000.0,468681000000.0,221914000000.0,-0.002126950079760628,0.4734862305064639
2024-02-22,0,4751,193075000000.0,6284000000.0,-472000000.0,468681000000.0,221914000000.0,-0.002126950079760628,0.4734862305064639
2024-02-26,0,4751,193075000000.0,6284000000.0,-472000000.0,468681000000.0,221914000000.0,-0.002126950079760628,0.4734862305064639
2024-02-27,0,4751,193075000000.0,6284000000.0,-472000000.0,468681000000.0,221914000000.0,-0.002126950079760628,0.4734862305064639
2024-02-28,0,4751,193075000000.0,6284000000.0,-472000000.0,468681000000.0,221914000000.0,-0.002126950079760628,0.4734862305064639
2024-02-29,0,4751,193075000000.0,6284000000.0,-472000000.0,468681000000.0,221914000000.0,-0.002126950079760628,0.4734862305064639
2024-03-01,0,4751,193075000000.0,6284000000.0,-472000000.0,468681000000.0,221914000000.0,-0.002126950079760628,0.4734862305064639
2024-03-04,0,4751,193075000000.0,6284000000.0,-472000000.0,468681000000.0,221914000000.0,-0.002126950079760628,0.4734862305064639
2024-03-05,0,4751,193075000000.0,6284000000.0,-472000000.0,468681000000.0,221914000000.0,-0.002126950079760628,0.4734862305064639
2024-03-06,0,4751,193075000000.0,6284000000.0,-472000000.0,468681000000.0,221914000000.0,-0.002126950079760628,0.4734862305064639
2024-03-07,0,4751,193075000000.0,6284000000.0,-472000000.0,468681000000.0,221914000000.0,-0.002126950079760628,0.4734862305064639
2024-03-08,0,4751,193075000000.0,6284000000.0,-472000000.0,468681000000.0,221914000000.0,-0.002126950079760628,0.4734862305064639
2024-03-11,0,4751,193075000000.0,6284000000.0,-472000000.0,468681000000.0,221914000000.0,-0.002126950079760628,0.4734862305064639
2024-03-12,0,4751,193075000000.0,6284000000.0,-472000000.0,468681000000.0,221914000000.0,-0.002126950079760628,0.4734862305064639
2024-03-13,0,4751,193075000000.0,6284000000.0,-472000000.0,468681000000.0,221914000000.0,-0.002126950079760628,0.4734862305064639
2024-03-14,0,4751,193075000000.0,6284000000.0,-472000000.0,468681000000.0,221914000000.0,-0.002126950079760628,0.4734862305064639
2024-03-15,0,4751,193075000000.0,6284000000.0,-472000000.0,468681000000.0,221914000000.0,-0.002126950079760628,0.4734862305064639
2024-03-18,0,4751,193075000000.0,6284000000.0,-472000000.0,468681000000.0,221914000000.0,-0.002126950079760628,0.4734862305064639
2024-03-19,0,4751,193075000000.0,6284000000.0,-472000000.0,468681000000.0,221914000000.0,-0.002126950079760628,0.4734862305064639
2024-03-21,0,4751,193075000000.0,6284000000.0,-472000000.0,468681000000.0,221914000000.0,-0.002126950079760628,0.4734862305064639
2024-03-22,0,4751,193075000000.0,6284000000.0,-472000000.0,468681000000.0,221914000000.0,-0.002126950079760628,0.4734862305064639
2024-03-25,0,4751,193075000000.0,6284000000.0,-472000000.0,468681000000.0,221914000000.0,-0.002126950079760628,0.4734862305064639
2024-03-26,0,4751,193075000000.0,6284000000.0,-472000000.0,468681000000.0,221914000000.0,-0.002126950079760628,0.4734862305064639
2024-03-27,0,4751,193075000000.0,6284000000.0,-472000000.0,468681000000.0,221914000000.0,-0.002126950079760628,0.4734862305064639
2024-03-28,0,4751,193075000000.0,6284000000.0,-472000000.0,468681000000.0,221914000000.0,-0.002126950079760628,0.4734862305064639
2024-03-29,0,4751,193075000000.0,6284000000.0,-472000000.0,468681000000.0,221914000000.0,-0.002126950079760628,0.4734862305064639
2024-04-01,0,4751,193075000000.0,6284000000.0,-472000000.0,468681000000.0,221914000000.0,-0.002126950079760628,0.4734862305064639
2024-04-02,0,4751,193075000000.0,6284000000.0,-472000000.0,468681000000.0,221914000000.0,-0.002126950079760628,0.4734862305064639
2024-04-03,0,4751,193075000000.0,6284000000.0,-472000000.0,468681000000.0,221914000000.0,-0.002126950079760628,0.4734862305064639
2024-04-04,0,4751,193075000000.0,6284000000.0,-472000000.0,468681000000.0,221914000000.0,-0.002126950079760628,0.4734862305064639
2024-04-05,0,4751,193075000000.0,6284000000.0,-472000000.0,468681000000.0,221914000000.0,-0.002126950079760628,0.4734862305064639
2024-04-08,0,4751,193075000000.0,6284000000.0,-472000000.0,468681000000.0,221914000000.0,-0.002126950079760628,0.4734862305064639
2024-04-09,0,4751,193075000000.0,6284000000.0,-472000000.0,468681000000.0,221914000000.0,-0.002126950079760628,0.4734862305064639
2024-04-10,0,4751,193075000000.0,6284000000.0,-472000000.0,468681000000.0,221914000000.0,-0.002126950079760628,0.4734862305064639
2024-04-11,0,4751,193075000000.0,6284000000.0,-472000000.0,468681000000.0,221914000000.0,-0.002126950079760628,0.4734862305064639
2024-04-12,0,4751,193075000000.0,6284000000.0,-472000000.0,468681000000.0,221914000000.0,-0.002126950079760628,0.4734862305064639
2024-04-15,0,4751,193075000000.0,6284000000.0,-472000000.0,468681000000.0,221914000000.0,-0.002126950079760628,0.4734862305064639
2024-04-16,0,4751,193075000000.0,6284000000.0,-472000000.0,468681000000.0,221914000000.0,-0.002126950079760628,0.4734862305064639
2024-04-17,0,4751,193075000000.0,6284000000.0,-472000000.0,468681000000.0,221914000000.0,-0.002126950079760628,0.4734862305064639
2024-04-18,0,4751,193075000000.0,6284000000.0,-472000000.0,468681000000.0,221914000000.0,-0.002126950079760628,0.4734862305064639
2024-04-19,0,4751,193075000000.0,6284000000.0,-472000000.0,468681000000.0,221914000000.0,-0.002126950079760628,0.4734862305064639
2024-04-22,0,4751,193075000000.0,6284000000.0,-472000000.0,468681000000.0,221914000000.0,-0.002126950079760628,0.4734862305064639
2024-04-23,0,4751,193075000000.0,6284000000.0,-472000000.0,468681000000.0,221914000000.0,-0.002126950079760628,0.4734862305064639
2024-04-24,0,4751,408205000000.0,27355000000.0,9866000000.0,499775000000.0,239441000000.0,0.04120430502712568,0.47909759391726275
2024-04-25,0,4751,408205000000.0,27355000000.0,9866000000.0,499775000000.0,239441000000.0,0.04120430502712568,0.47909759391726275
2024-04-26,0,4751,408205000000.0,27355000000.0,9866000000.0,499775000000.0,239441000000.0,0.04120430502712568,0.47909759391726275
2024-04-30,0,4751,408205000000.0,27355000000.0,9866000000.0,499775000000.0,239441000000.0,0.04120430502712568,0.47909759391726275
2024-05-01,0,4751,408205000000.0,27355000000.0,9866000000.0,499775000000.0,239441000000.0,0.04120430502712568,0.47909759391726275
2024-05-02,1,4751,408205000000.0,27355000000.0,9866000000.0,499775000000.0,239441000000.0,0.04120430502712568,0.47909759391726275
2024-05-07,0,4751,408205000000.0,27355000000.0,9866000000.0,499775000000.0,239441000000.0,0.04120430502712568,0.47909759391726275
2024-05-08,1,4751,408205000000.0,27355000000.0,9866000000.0,499775000000.0,239441000000.0,0.04120430502712568,0.47909759391726275
2024-05-09,0,4751,408205000000.0,27355000000.0,9866000000.0,499775000000.0,239441000000.0,0.04120430502712568,0.47909759391726275
2024-05-10,0,4751,408205000000.0,27355000000.0,9866000000.0,499775000000.0,239441000000.0,0.04120430502712568,0.47909759391726275
2024-05-13,0,4751,408205000000.0,27355000000.0,9866000000.0,499775000000.0,239441000000.0,0.04120430502712568,0.47909759391726275
2024-05-14,0,4751,408205000000.0,27355000000.0,9866000000.0,499775000000.0,239441000000.0,0.04120430502712568,0.47909759391726275
2024-05-15,0,4751,408205000000.0,27355000000.0,9866000000.0,499775000000.0,239441000000.0,0.04120430502712568,0.47909759391726275
2024-05-16,0,4751,408205000000.0,27355000000.0,9866000000.0,499775000000.0,239441000000.0,0.04120430502712568,0.47909759391726275
2024-05-17,0,4751,408205000000.0,27355000000.0,9866000000.0,499775000000.0,239441000000.0,0.04120430502712568,0.47909759391726275
2024-05-20,0,4751,408205000000.0,27355000000.0,9866000000.0,499775000000.0,239441000000.0,0.04120430502712568,0.47909759391726275
2024-05-21,0,4751,408205000000.0,27355000000.0,9866000000.0,499775000000.0,239441000000.0,0.04120430502712568,0.47909759391726275
2024-05-22,0,4751,408205000000.0,27355000000.0,9866000000.0,499775000000.0,239441000000.0,0.04120430502712568,0.47909759391726275
2024-05-23,0,4751,408205000000.0,27355000000.0,9866000000.0,499775000000.0,239441000000.0,0.04120430502712568,0.47909759391726275
2024-05-24,0,4751,408205000000.0,27355000000.0,9866000000.0,499775000000.0,239441000000.0,0.04120430502712568,0.47909759391726275
2024-05-27,1,4751,408205000000.0,27355000000.0,9866000000.0,499775000000.0,239441000000.0,0.04120430502712568,0.47909759391726275
2024-05-28,1,4751,408205000000.0,27355000000.0,9866000000.0,499775000000.0,239441000000.0,0.04120430502712568,0.47909759391726275
2024-05-29,1,4751,408205000000.0,27355000000.0,9866000000.0,499775000000.0,239441000000.0,0.04120430502712568,0.47909759391726275
2024-05-30,1,4751,408205000000.0,27355000000.0,9866000000.0,499775000000.0,239441000000.0,0.04120430502712568,0.47909759391726275
2024-05-31,1,4751,408205000000.0,27355000000.0,9866000000.0,499775000000.0,239441000000.0,0.04120430502712568,0.47909759391726275
2024-06-03,1,4751,408205000000.0,27355000000.0,9866000000.0,499775000000.0,239441000000.0,0.04120430502712568,0.47909759391726275
2024-06-04,1,4751,408205000000.0,27355000000.0,9866000000.0,499775000000.0,239441000000.0,0.04120430502712568,0.47909759391726275
2024-06-05,1,4751,408205000000.0,27355000000.0,9866000000.0,499775000000.0,239441000000.0,0.04120430502712568,0.47909759391726275
2024-06-06,1,4751,408205000000.0,27355000000.0,9866000000.0,499775000000.0,239441000000.0,0.04120430502712568,0.47909759391726275
2024-06-07,1,4751,408205000000.0,27355000000.0,9866000000.0,499775000000.0,239441000000.0,0.04120430502712568,0.47909759391726275
2024-06-10,1,4751,408205000000.0,27355000000.0,9866000000.0,499775000000.0,239441000000.0,0.04120430502712568,0.47909759391726275
2024-06-11,1,4751,408205000000.0,27355000000.0,9866000000.0,499775000000.0,239441000000.0,0.04120430502712568,0.47909759391726275
2024-06-12,1,4751,408205000000.0,27355000000.0,9866000000.0,499775000000.0,239441000000.0,0.04120430502712568,0.47909759391726275
2024-06-13,1,4751,408205000000.0,27355000000.0,9866000000.0,499775000000.0,239441000000.0,0.04120430502712568,0.47909759391726275
2024-06-14,1,4751,408205000000.0,27355000000.0,9866000000.0,499775000000.0,239441000000.0,0.04120430502712568,0.47909759391726275
2024-06-17,1,4751,408205000000.0,27355000000.0,9866000000.0,499775000000.0,239441000000.0,0.04120430502712568,0.47909759391726275
2024-06-18,1,4751,408205000000.0,27355000000.0,9866000000.0,499775000000.0,239441000000.0,0.04120430502712568,0.47909759391726275
2024-06-19,1,4751,408205000000.0,27355000000.0,9866000000.0,499775000000.0,239441000000.0,0.04120430502712568,0.47909759391726275
2024-06-20,1,4751,408205000000.0,27355000000.0,9866000000.0,499775000000.0,239441000000.0,0.04120430502712568,0.47909759391726275
2024-06-21,1,4751,408205000000.0,27355000000.0,9866000000.0,499775000000.0,239441000000.0,0.04120430502712568,0.47909759391726275
2024-06-24,1,4751,408205000000.0,27355000000.0,9866000000.0,499775000000.0,239441000000.0,0.04120430502712568,0.47909759391726275
2024-06-25,1,4751,408205000000.0,27355000000.0,9866000000.0,499775000000.0,239441000000.0,0.04120430502712568,0.47909759391726275
2024-06-26,1,4751,408205000000.0,27355000000.0,9866000000.0,499775000000.0,239441000000.0,0.04120430502712568,0.47909759391726275
2024-06-27,1,4751,408205000000.0,27355000000.0,9866000000.0,499775000000.0,239441000000.0,0.04120430502712568,0.47909759391726275
2024-06-28,1,4751,408205000000.0,27355000000.0,9866000000.0,499775000000.0,239441000000.0,0.04120430502712568,0.47909759391726275
2024-07-01,1,4751,408205000000.0,27355000000.0,9866000000.0,499775000000.0,239441000000.0,0.04120430502712568,0.47909759391726275
2024-07-02,1,4751,408205000000.0,27355000000.0,9866000000.0,499775000000.0,239441000000.0,0.04120430502712568,0.47909759391726275
2024-07-03,1,4751,408205000000.0,27355000000.0,9866000000.0,499775000000.0,239441000000.0,0.04120430502712568,0.47909759391726275
2024-07-04,1,4751,408205000000.0,27355000000.0,9866000000.0,499775000000.0,239441000000.0,0.04120430502712568,0.47909759391726275
2024-07-05,1,4751,408205000000.0,27355000000.0,9866000000.0,499775000000.0,239441000000.0,0.04120430502712568,0.47909759391726275
2024-07-08,1,4751,408205000000.0,27355000000.0,9866000000.0,499775000000.0,239441000000.0,0.04120430502712568,0.47909759391726275
2024-07-09,1,4751,408205000000.0,27355000000.0,9866000000.0,499775000000.0,239441000000.0,0.04120430502712568,0.47909759391726275
2024-07-10,1,4751,408205000000.0,27355000000.0,9866000000.0,499775000000.0,239441000000.0,0.04120430502712568,0.47909759391726275
2024-07-11,1,4751,408205000000.0,27355000000.0,9866000000.0,499775000000.0,239441000000.0,0.04120430502712568,0.47909759391726275
2024-07-12,1,4751,408205000000.0,27355000000.0,9866000000.0,499775000000.0,239441000000.0,0.04120430502712568,0.47909759391726275
2024-07-16,1,4751,408205000000.0,27355000000.0,9866000000.0,499775000000.0,239441000000.0,0.04120430502712568,0.47909759391726275
2024-07-17,1,4751,408205000000.0,27355000000.0,9866000000.0,499775000000.0,239441000000.0,0.04120430502712568,0.47909759391726275
2024-07-18,1,4751,408205000000.0,27355000000.0,9866000000.0,499775000000.0,239441000000.0,0.04120430502712568,0.47909759391726275
2024-07-19,1,4751,408205000000.0,27355000000.0,9866000000.0,499775000000.0,239441000000.0,0.04120430502712568,0.47909759391726275
2024-07-22,1,4751,408205000000.0,27355000000.0,9866000000.0,499775000000.0,239441000000.0,0.04120430502712568,0.47909759391726275
2024-07-23,1,4751,408205000000.0,27355000000.0,9866000000.0,499775000000.0,239441000000.0,0.04120430502712568,0.47909759391726275
2024-07-24,1,4751,408205000000.0,27355000000.0,9866000000.0,499775000000.0,239441000000.0,0.04120430502712568,0.47909759391726275
2024-07-25,1,4751,408205000000.0,27355000000.0,9866000000.0,499775000000.0,239441000000.0,0.04120430502712568,0.47909759391726275
2024-07-26,1,4751,408205000000.0,27355000000.0,9866000000.0,499775000000.0,239441000000.0,0.04120430502712568,0.47909759391726275
2024-07-29,1,4751,408205000000.0,27355000000.0,9866000000.0,499775000000.0,239441000000.0,0.04120430502712568,0.47909759391726275
2024-07-30,1,4751,408205000000.0,27355000000.0,9866000000.0,499775000000.0,239441000000.0,0.04120430502712568,0.47909759391726275
2024-07-31,1,4751,598584000000.0,35932000000.0,15825000000.0,496756000000.0,245049000000.0,0.06457892095050377,0.49329852080296965
2024-08-01,1,4751,598584000000.0,35932000000.0,15825000000.0,496756000000.0,245049000000.0,0.06457892095050377,0.49329852080296965
2024-08-02,1,4751,598584000000.0,35932000000.0,15825000000.0,496756000000.0,245049000000.0,0.06457892095050377,0.49329852080296965
2024-08-05,1,4751,598584000000.0,35932000000.0,15825000000.0,496756000000.0,245049000000.0,0.06457892095050377,0.49329852080296965
2024-08-06,1,4751,598584000000.0,35932000000.0,15825000000.0,496756000000.0,245049000000.0,0.06457892095050377,0.49329852080296965
2024-08-07,1,4751,598584000000.0,35932000000.0,15825000000.0,496756000000.0,245049000000.0,0.06457892095050377,0.49329852080296965
2024-08-08,1,4751,598584000000.0,35932000000.0,15825000000.0,496756000000.0,245049000000.0,0.06457892095050377,0.49329852080296965
2024-08-09,1,4751,598584000000.0,35932000000.0,15825000000.0,496756000000.0,245049000000.0,0.06457892095050377,0.49329852080296965
2024-08-13,1,4751,598584000000.0,35932000000.0,15825000000.0,496756000000.0,245049000000.0,0.06457892095050377,0.49329852080296965
2024-08-14,1,4751,598584000000.0,35932000000.0,15825000000.0,496756000000.0,245049000000.0,0.06457892095050377,0.49329852080296965
2024-08-15,1,4751,598584000000.0,35932000000.0,15825000000.0,496756000000.0,245049000000.0,0.06457892095050377,0.49329852080296965
2024-08-16,1,4751,598584000000.0,35932000000.0,15825000000.0,496756000000.0,245049000000.0,0.06457892095050377,0.49329852080296965
2024-08-19,1,4751,598584000000.0,35932000000.0,15825000000.0,496756000000.0,245049000000.0,0.06457892095050377,0.49329852080296965
2024-08-20,1,4751,598584000000.0,35932000000.0,15825000000.0,496756000000.0,245049000000.0,0.06457892095050377,0.49329852080296965
2024-08-21,1,4751,598584000000.0,35932000000.0,15825000000.0,496756000000.0,245049000000.0,0.06457892095050377,0.49329852080296965
2024-08-22,1,4751,598584000000.0,35932000000.0,15825000000.0,496756000000.0,245049000000.0,0.06457892095050377,0.49329852080296965
2024-08-23,1,4751,598584000000.0,35932000000.0,15825000000.0,496756000000.0,245049000000.0,0.06457892095050377,0.49329852080296965
2024-08-26,0,4751,598584000000.0,35932000000.0,15825000000.0,496756000000.0,245049000000.0,0.06457892095050377,0.49329852080296965
2024-08-27,0,4751,598584000000.0,35932000000.0,15825000000.0,496756000000.0,245049000000.0,0.06457892095050377,0.49329852080296965
2024-08-28,0,4751,598584000000.0,35932000000.0,15825000000.0,496756000000.0,245049000000.0,0.06457892095050377,0.49329852080296965
2024-08-29,1,4751,598584000000.0,35932000000.0,15825000000.0,496756000000.0,245049000000.0,0.06457892095050377,0.49329852080296965
2024-08-30,1,4751,598584000000.0,35932000000.0,15825000000.0,496756000000.0,245049000000.0,0.06457892095050377,0.49329852080296965
2024-09-02,1,4751,598584000000.0,35932000000.0,15825000000.0,496756000000.0,245049000000.0,0.06457892095050377,0.49329852080296965
2024-09-03,0,4751,598584000000.0,35932000000.0,15825000000.0,496756000000.0,245049000000.0,0.06457892095050377,0.49329852080296965
2024-09-04,1,4751,598584000000.0,35932000000.0,15825000000.0,496756000000.0,245049000000.0,0.06457892095050377,0.49329852080296965
2024-09-05,1,4751,598584000000.0,35932000000.0,15825000000.0,496756000000.0,245049000000.0,0.06457892095050377,0.49329852080296965
2024-09-06,1,4751,598584000000.0,35932000000.0,15825000000.0,496756000000.0,245049000000.0,0.06457892095050377,0.49329852080296965
2024-09-09,1,4751,598584000000.0,35932000000.0,15825000000.0,496756000000.0,245049000000.0,0.06457892095050377,0.49329852080296965
2024-09-10,1,4751,598584000000.0,35932000000.0,15825000000.0,496756000000.0,245049000000.0,0.06457892095050377,0.49329852080296965
2024-09-11,1,4751,598584000000.0,35932000000.0,15825000000.0,496756000000.0,245049000000.0,0.06457892095050377,0.49329852080296965
2024-09-12,1,4751,598584000000.0,35932000000.0,15825000000.0,496756000000.0,245049000000.0,0.06457892095050377,0.49329852080296965
2024-09-13,1,4751,598584000000.0,35932000000.0,15825000000.0,496756000000.0,245049000000.0,0.06457892095050377,0.49329852080296965
2024-09-17,1,4751,598584000000.0,35932000000.0,15825000000.0,496756000000.0,245049000000.0,0.06457892095050377,0.49329852080296965
2024-09-18,1,4751,598584000000.0,35932000000.0,15825000000.0,496756000000.0,245049000000.0,0.06457892095050377,0.49329852080296965
2024-09-19,1,4751,598584000000.0,35932000000.0,15825000000.0,496756000000.0,245049000000.0,0.06457892095050377,0.49329852080296965
2024-09-20,1,4751,598584000000.0,35932000000.0,15825000000.0,496756000000.0,245049000000.0,0.06457892095050377,0.49329852080296965
2024-09-24,1,4751,598584000000.0,35932000000.0,15825000000.0,496756000000.0,245049000000.0,0.06457892095050377,0.49329852080296965
2024-09-25,1,4751,598584000000.0,35932000000.0,15825000000.0,496756000000.0,245049000000.0,0.06457892095050377,0.49329852080296965
2024-09-26,1,4751,598584000000.0,35932000000.0,15825000000.0,496756000000.0,245049000000.0,0.06457892095050377,0.49329852080296965
2024-09-27,1,4751,598584000000.0,35932000000.0,15825000000.0,496756000000.0,245049000000.0,0.06457892095050377,0.49329852080296965
2024-09-30,1,4751,598584000000.0,35932000000.0,15825000000.0,496756000000.0,245049000000.0,0.06457892095050377,0.49329852080296965
2024-10-01,1,4751,598584000000.0,35932000000.0,15825000000.0,496756000000.0,245049000000.0,0.06457892095050377,0.49329852080296965
2024-10-02,1,4751,598584000000.0,35932000000.0,15825000000.0,496756000000.0,245049000000.0,0.06457892095050377,0.49329852080296965
2024-10-03,1,4751,598584000000.0,35932000000.0,15825000000.0,496756000000.0,245049000000.0,0.06457892095050377,0.49329852080296965
2024-10-04,1,4751,598584000000.0,35932000000.0,15825000000.0,496756000000.0,245049000000.0,0.06457892095050377,0.49329852080296965
2024-10-07,1,4751,598584000000.0,35932000000.0,15825000000.0,496756000000.0,245049000000.0,0.06457892095050377,0.49329852080296965
2024-10-08,1,4751,598584000000.0,35932000000.0,15825000000.0,496756000000.0,245049000000.0,0.06457892095050377,0.49329852080296965
2024-10-09,1,4751,598584000000.0,35932000000.0,15825000000.0,496756000000.0,245049000000.0,0.06457892095050377,0.49329852080296965
2024-10-10,1,4751,598584000000.0,35932000000.0,15825000000.0,496756000000.0,245049000000.0,0.06457892095050377,0.49329852080296965
2024-10-11,0,4751,598584000000.0,35932000000.0,15825000000.0,496756000000.0,245049000000.0,0.06457892095050377,0.49329852080296965
2024-10-15,0,4751,598584000000.0,35932000000.0,15825000000.0,496756000000.0,245049000000.0,0.06457892095050377,0.49329852080296965
2024-10-16,1,4751,598584000000.0,35932000000.0,15825000000.0,496756000000.0,245049000000.0,0.06457892095050377,0.49329852080296965
2024-10-17,1,4751,598584000000.0,35932000000.0,15825000000.0,496756000000.0,245049000000.0,0.06457892095050377,0.49329852080296965
2024-10-18,1,4751,598584000000.0,35932000000.0,15825000000.0,496756000000.0,245049000000.0,0.06457892095050377,0.49329852080296965
2024-10-21,1,4751,598584000000.0,35932000000.0,15825000000.0,496756000000.0,245049000000.0,0.06457892095050377,0.49329852080296965
2024-10-22,1,4751,598584000000.0,35932000000.0,15825000000.0,496756000000.0,245049000000.0,0.06457892095050377,0.49329852080296965
2024-10-23,1,4751,598584000000.0,35932000000.0,15825000000.0,496756000000.0,245049000000.0,0.06457892095050377,0.49329852080296965
2024-10-24,1,4751,598584000000.0,35932000000.0,15825000000.0,496756000000.0,245049000000.0,0.06457892095050377,0.49329852080296965
2024-10-25,1,4751,598584000000.0,35932000000.0,15825000000.0,496756000000.0,245049000000.0,0.06457892095050377,0.49329852080296965
2024-10-28,1,4751,598584000000.0,35932000000.0,15825000000.0,496756000000.0,245049000000.0,0.06457892095050377,0.49329852080296965
2024-10-29,1,4751,598584000000.0,35932000000.0,15825000000.0,496756000000.0,245049000000.0,0.06457892095050377,0.49329852080296965
2024-10-30,1,4751,802996000000.0,41843000000.0,16246000000.0,520417000000.0,254235000000.0,0.06390150844690935,0.4885217047098769
2024-10-31,1,4751,802996000000.0,41843000000.0,16246000000.0,520417000000.0,254235000000.0,0.06390150844690935,0.4885217047098769
2024-11-01,1,4751,802996000000.0,41843000000.0,16246000000.0,520417000000.0,254235000000.0,0.06390150844690935,0.4885217047098769
2024-11-05,1,4751,802996000000.0,41843000000.0,16246000000.0,520417000000.0,254235000000.0,0.06390150844690935,0.4885217047098769
2024-11-06,1,4751,802996000000.0,41843000000.0,16246000000.0,520417000000.0,254235000000.0,0.06390150844690935,0.4885217047098769
2024-11-07,1,4751,802996000000.0,41843000000.0,16246000000.0,520417000000.0,254235000000.0,0.06390150844690935,0.4885217047098769
2024-11-08,1,4751,802996000000.0,41843000000.0,16246000000.0,520417000000.0,254235000000.0,0.06390150844690935,0.4885217047098769
2024-11-11,1,4751,802996000000.0,41843000000.0,16246000000.0,520417000000.0,254235000000.0,0.06390150844690935,0.4885217047098769
2024-11-12,1,4751,802996000000.0,41843000000.0,16246000000.0,520417000000.0,254235000000.0,0.06390150844690935,0.4885217047098769
2024-11-13,1,4751,802996000000.0,41843000000.0,16246000000.0,520417000000.0,254235000000.0,0.06390150844690935,0.4885217047098769
2024-11-14,1,4751,802996000000.0,41843000000.0,16246000000.0,520417000000.0,254235000000.0,0.06390150844690935,0.4885217047098769
2024-11-15,1,4751,802996000000.0,41843000000.0,16246000000.0,520417000000.0,254235000000.0,0.06390150844690935,0.4885217047098769
2024-11-18,1,4751,802996000000.0,41843000000.0,16246000000.0,520417000000.0,254235000000.0,0.06390150844690935,0.4885217047098769
2024-11-19,1,4751,802996000000.0,41843000000.0,16246000000.0,520417000000.0,254235000000.0,0.06390150844690935,0.4885217047098769
2024-11-20,1,4751,802996000000.0,41843000000.0,16246000000.0,520417000000.0,254235000000.0,0.06390150844690935,0.4885217047098769
2024-11-21,1,4751,802996000000.0,41843000000.0,16246000000.0,520417000000.0,254235000000.0,0.06390150844690935,0.4885217047098769
2024-11-22,1,4751,802996000000.0,41843000000.0,16246000000.0,520417000000.0,254235000000.0,0.06390150844690935,0.4885217047098769
2024-11-25,1,4751,802996000000.0,41843000000.0,16246000000.0,520417000000.0,254235000000.0,0.06390150844690935,0.4885217047098769
2024-11-26,1,4751,802996000000.0,41843000000.0,16246000000.0,520417000000.0,254235000000.0,0.06390150844690935,0.4885217047098769
2024-11-27,1,4751,802996000000.0,41843000000.0,16246000000.0,520417000000.0,254235000000.0,0.06390150844690935,0.4885217047098769
2024-11-28,1,4751,802996000000.0,41843000000.0,16246000000.0,520417000000.0,254235000000.0,0.06390150844690935,0.4885217047098769
2024-11-29,1,4751,802996000000.0,41843000000.0,16246000000.0,520417000000.0,254235000000.0,0.06390150844690935,0.4885217047098769
2024-12-02,1,4751,802996000000.0,41843000000.0,16246000000.0,520417000000.0,254235000000.0,0.06390150844690935,0.4885217047098769
2024-12-03,1,4751,802996000000.0,41843000000.0,16246000000.0,520417000000.0,254235000000.0,0.06390150844690935,0.4885217047098769
2024-12-04,1,4751,802996000000.0,41843000000.0,16246000000.0,520417000000.0,254235000000.0,0.06390150844690935,0.4885217047098769
2024-12-05,1,4751,802996000000.0,41843000000.0,16246000000.0,520417000000.0,254235000000.0,0.06390150844690935,0.4885217047098769
2024-12-06,1,4751,802996000000.0,41843000000.0,16246000000.0,520417000000.0,254235000000.0,0.06390150844690935,0.4885217047098769
2024-12-09,1,4751,802996000000.0,41843000000.0,16246000000.0,520417000000.0,254235000000.0,0.06390150844690935,0.4885217047098769
2024-12-10,1,4751,802996000000.0,41843000000.0,16246000000.0,520417000000.0,254235000000.0,0.06390150844690935,0.4885217047098769
2024-12-11,1,4751,802996000000.0,41843000000.0,16246000000.0,520417000000.0,254235000000.0,0.06390150844690935,0.4885217047098769
2024-12-12,1,4751,802996000000.0,41843000000.0,16246000000.0,520417000000.0,254235000000.0,0.06390150844690935,0.4885217047098769
2024-12-13,1,4751,802996000000.0,41843000000.0,16246000000.0,520417000000.0,254235000000.0,0.06390150844690935,0.4885217047098769
2024-12-16,1,4751,802996000000.0,41843000000.0,16246000000.0,520417000000.0,254235000000.0,0.06390150844690935,0.4885217047098769
2024-12-17,1,4751,802996000000.0,41843000000.0,16246000000.0,520417000000.0,254235000000.0,0.06390150844690935,0.4885217047098769
2024-12-18,1,4751,802996000000.0,41843000000.0,16246000000.0,520417000000.0,254235000000.0,0.06390150844690935,0.4885217047098769
2024-12-19,1,4751,802996000000.0,41843000000.0,16246000000.0,520417000000.0,254235000000.0,0.06390150844690935,0.4885217047098769
2024-12-20,1,4751,802996000000.0,41843000000.0,16246000000.0,520417000000.0,254235000000.0,0.06390150844690935,0.4885217047098769
2024-12-23,1,4751,802996000000.0,41843000000.0,16246000000.0,520417000000.0,254235000000.0,0.06390150844690935,0.4885217047098769
2024-12-24,1,4751,802996000000.0,41843000000.0,16246000000.0,520417000000.0,254235000000.0,0.06390150844690935,0.4885217047098769
2024-12-25,1,4751,802996000000.0,41843000000.0,16246000000.0,520417000000.0,254235000000.0,0.06390150844690935,0.4885217047098769
2024-12-26,1,4751,802996000000.0,41843000000.0,16246000000.0,520417000000.0,254235000000.0,0.06390150844690935,0.4885217047098769
2024-12-27,1,4751,802996000000.0,41843000000.0,16246000000.0,520417000000.0,254235000000.0,0.06390150844690935,0.4885217047098769
2024-12-30,1,4751,802996000000.0,41843000000.0,16246000000.0,520417000000.0,254235000000.0,0.06390150844690935,0.4885217047098769
2025-01-06,1,4751,802996000000.0,41843000000.0,16246000000.0,520417000000.0,254235000000.0,0.06390150844690935,0.4885217047098769
2025-01-07,0,4751,802996000000.0,41843000000.0,16246000000.0,520417000000.0,254235000000.0,0.06390150844690935,0.4885217047098769
2025-01-08,0,4751,802996000000.0,41843000000.0,16246000000.0,520417000000.0,254235000000.0,0.06390150844690935,0.4885217047098769
2025-01-09,0,4751,802996000000.0,41843000000.0,16246000000.0,520417000000.0,254235000000.0,0.06390150844690935,0.4885217047098769
2025-01-10,1,4751,802996000000.0,41843000000.0,16246000000.0,520417000000.0,254235000000.0,0.06390150844690935,0.4885217047098769
2025-01-14,1,4751,802996000000.0,41843000000.0,16246000000.0,520417000000.0,254235000000.0,0.06390150844690935,0.4885217047098769
2025-01-15,1,4751,802996000000.0,41843000000.0,16246000000.0,520417000000.0,254235000000.0,0.06390150844690935,0.4885217047098769
2025-01-16,1,4751,802996000000.0,41843000000.0,16246000000.0,520417000000.0,254235000000.0,0.06390150844690935,0.4885217047098769
2025-01-17,1,4751,802996000000.0,41843000000.0,16246000000.0,520417000000.0,254235000000.0,0.06390150844690935,0.4885217047098769
2025-01-20,1,4751,802996000000.0,41843000000.0,16246000000.0,520417000000.0,254235000000.0,0.06390150844690935,0.4885217047098769
2025-01-21,1,4751,802996000000.0,41843000000.0,16246000000.0,520417000000.0,254235000000.0,0.06390150844690935,0.4885217047098769
2025-01-22,1,4751,802996000000.0,41843000000.0,16246000000.0,520417000000.0,254235000000.0,0.06390150844690935,0.4885217047098769
2025-01-23,1,4751,802996000000.0,41843000000.0,16246000000.0,520417000000.0,254235000000.0,0.06390150844690935,0.4885217047098769
2025-01-24,1,4751,802996000000.0,41843000000.0,16246000000.0,520417000000.0,254235000000.0,0.06390150844690935,0.4885217047098769
2025-01-27,1,4751,802996000000.0,41843000000.0,16246000000.0,520417000000.0,254235000000.0,0.06390150844690935,0.4885217047098769
2025-01-28,1,4751,802996000000.0,41843000000.0,16246000000.0,520417000000.0,254235000000.0,0.06390150844690935,0.4885217047098769
2025-01-29,1,4751,203842000000.0,8301000000.0,5071000000.0,524972000000.0,252002000000.0,0.020122856167808192,0.4800294110924011
2025-01-30,1,4751,203842000000.0,8301000000.0,5071000000.0,524972000000.0,252002000000.0,0.020122856167808192,0.4800294110924011
2025-01-31,1,4751,203842000000.0,8301000000.0,5071000000.0,524972000000.0,252002000000.0,0.020122856167808192,0.4800294110924011
2025-02-03,1,4751,203842000000.0,8301000000.0,5071000000.0,524972000000.0,252002000000.0,0.020122856167808192,0.4800294110924011
2025-02-04,1,4751,203842000000.0,8301000000.0,5071000000.0,524972000000.0,252002000000.0,0.020122856167808192,0.4800294110924011
2025-02-05,1,4751,203842000000.0,8301000000.0,5071000000.0,524972000000.0,252002000000.0,0.020122856167808192,0.4800294110924011
2025-02-06,1,4751,203842000000.0,8301000000.0,5071000000.0,524972000000.0,252002000000.0,0.020122856167808192,0.4800294110924011
2025-02-07,1,4751,203842000000.0,8301000000.0,5071000000.0,524972000000.0,252002000000.0,0.020122856167808192,0.4800294110924011
2025-02-10,1,4751,203842000000.0,8301000000.0,5071000000.0,524972000000.0,252002000000.0,0.020122856167808192,0.4800294110924011
2025-02-12,1,4751,203842000000.0,8301000000.0,5071000000.0,524972000000.0,252002000000.0,0.020122856167808192,0.4800294110924011
2025-02-13,1,4751,203842000000.0,8301000000.0,5071000000.0,524972000000.0,252002000000.0,0.020122856167808192,0.4800294110924011
2025-02-14,1,4751,203842000000.0,8301000000.0,5071000000.0,524972000000.0,252002000000.0,0.020122856167808192,0.4800294110924011
2025-02-17,1,4751,203842000000.0,8301000000.0,5071000000.0,524972000000.0,252002000000.0,0.020122856167808192,0.4800294110924011
2025-02-18,1,4751,203842000000.0,8301000000.0,5071000000.0,524972000000.0,252002000000.0,0.020122856167808192,0.4800294110924011
2025-02-19,1,4751,203842000000.0,8301000000.0,5071000000.0,524972000000.0,252002000000.0,0.020122856167808192,0.4800294110924011
2025-02-20,1,4751,203842000000.0,8301000000.0,5071000000.0,524972000000.0,252002000000.0,0.020122856167808192,0.4800294110924011
2025-02-21,1,4751,203842000000.0,8301000000.0,5071000000.0,524972000000.0,252002000000.0,0.020122856167808192,0.4800294110924011
2025-02-25,1,4751,203842000000.0,8301000000.0,5071000000.0,524972000000.0,252002000000.0,0.020122856167808192,0.4800294110924011
2025-02-26,1,4751,203842000000.0,8301000000.0,5071000000.0,524972000000.0,252002000000.0,0.020122856167808192,0.4800294110924011
2025-02-27,1,4751,203842000000.0,8301000000.0,5071000000.0,524972000000.0,252002000000.0,0.020122856167808192,0.4800294110924011
2025-02-28,1,4751,203842000000.0,8301000000.0,5071000000.0,524972000000.0,252002000000.0,0.020122856167808192,0.4800294110924011
2025-03-03,1,4751,203842000000.0,8301000000.0,5071000000.0,524972000000.0,252002000000.0,0.020122856167808192,0.4800294110924011
2025-03-04,1,4751,203842000000.0,8301000000.0,5071000000.0,524972000000.0,252002000000.0,0.020122856167808192,0.4800294110924011
2025-03-05,1,4751,203842000000.0,8301000000.0,5071000000.0,524972000000.0,252002000000.0,0.020122856167808192,0.4800294110924011
2025-03-06,1,4751,203842000000.0,8301000000.0,5071000000.0,524972000000.0,252002000000.0,0.020122856167808192,0.4800294110924011
2025-03-07,1,4751,203842000000.0,8301000000.0,5071000000.0,524972000000.0,252002000000.0,0.020122856167808192,0.4800294110924011
2025-03-10,1,4751,203842000000.0,8301000000.0,5071000000.0,524972000000.0,252002000000.0,0.020122856167808192,0.4800294110924011
2025-03-11,1,4751,203842000000.0,8301000000.0,5071000000.0,524972000000.0,252002000000.0,0.020122856167808192,0.4800294110924011
2025-03-12,1,4751,203842000000.0,8301000000.0,5071000000.0,524972000000.0,252002000000.0,0.020122856167808192,0.4800294110924011
2025-03-13,1,4751,203842000000.0,8301000000.0,5071000000.0,524972000000.0,252002000000.0,0.020122856167808192,0.4800294110924011
2025-03-14,1,4751,203842000000.0,8301000000.0,5071000000.0,524972000000.0,252002000000.0,0.020122856167808192,0.4800294110924011
2025-03-17,1,4751,203842000000.0,8301000000.0,5071000000.0,524972000000.0,252002000000.0,0.020122856167808192,0.4800294110924011
2025-03-18,1,4751,203842000000.0,8301000000.0,5071000000.0,524972000000.0,252002000000.0,0.020122856167808192,0.4800294110924011
2025-03-19,1,4751,203842000000.0,8301000000.0,5071000000.0,524972000000.0,252002000000.0,0.020122856167808192,0.4800294110924011
2025-03-21,1,4751,203842000000.0,8301000000.0,5071000000.0,524972000000.0,252002000000.0,0.020122856167808192,0.4800294110924011
2025-03-24,1,4751,203842000000.0,8301000000.0,5071000000.0,524972000000.0,252002000000.0,0.020122856167808192,0.4800294110924011
2025-03-25,1,4751,203842000000.0,8301000000.0,5071000000.0,524972000000.0,252002000000.0,0.020122856167808192,0.4800294110924011
2025-03-26,1,4751,203842000000.0,8301000000.0,5071000000.0,524972000000.0,252002000000.0,0.020122856167808192,0.4800294110924011
2025-03-27,1,4751,203842000000.0,8301000000.0,5071000000.0,524972000000.0,252002000000.0,0.020122856167808192,0.4800294110924011
2025-03-28,1,4751,203842000000.0,8301000000.0,5071000000.0,524972000000.0,252002000000.0,0.020122856167808192,0.4800294110924011
2025-03-31,1,4751,203842000000.0,8301000000.0,5071000000.0,524972000000.0,252002000000.0,0.020122856167808192,0.4800294110924011
2025-04-01,1,4751,203842000000.0,8301000000.0,5071000000.0,524972000000.0,252002000000.0,0.020122856167808192,0.4800294110924011
2025-04-02,1,4751,203842000000.0,8301000000.0,5071000000.0,524972000000.0,252002000000.0,0.020122856167808192,0.4800294110924011
2025-04-03,1,4751,203842000000.0,8301000000.0,5071000000.0,524972000000.0,252002000000.0,0.020122856167808192,0.4800294110924011
2025-04-04,1,4751,203842000000.0,8301000000.0,5071000000.0,524972000000.0,252002000000.0,0.020122856167808192,0.4800294110924011
2025-04-07,1,4751,203842000000.0,8301000000.0,5071000000.0,524972000000.0,252002000000.0,0.020122856167808192,0.4800294110924011
2025-04-08,1,4751,203842000000.0,8301000000.0,5071000000.0,524972000000.0,252002000000.0,0.020122856167808192,0.4800294110924011
2025-04-09,1,4751,203842000000.0,8301000000.0,5071000000.0,524972000000.0,252002000000.0,0.020122856167808192,0.4800294110924011
2025-04-10,1,4751,203842000000.0,8301000000.0,5071000000.0,524972000000.0,252002000000.0,0.020122856167808192,0.4800294110924011
2025-04-11,1,4751,203842000000.0,8301000000.0,5071000000.0,524972000000.0,252002000000.0,0.020122856167808192,0.4800294110924011
2025-04-14,1,4751,203842000000.0,8301000000.0,5071000000.0,524972000000.0,252002000000.0,0.020122856167808192,0.4800294110924011
2025-04-15,1,4751,203842000000.0,8301000000.0,5071000000.0,524972000000.0,252002000000.0,0.020122856167808192,0.4800294110924011
2025-04-16,1,4751,203842000000.0,8301000000.0,5071000000.0,524972000000.0,252002000000.0,0.020122856167808192,0.4800294110924011
2025-04-17,1,4751,203842000000.0,8301000000.0,5071000000.0,524972000000.0,252002000000.0,0.020122856167808192,0.4800294110924011
2025-04-18,1,4751,203842000000.0,8301000000.0,5071000000.0,524972000000.0,252002000000.0,0.020122856167808192,0.4800294110924011
2025-04-21,1,4751,203842000000.0,8301000000.0,5071000000.0,524972000000.0,252002000000.0,0.020122856167808192,0.4800294110924011
2025-04-22,1,4751,203842000000.0,8301000000.0,5071000000.0,524972000000.0,252002000000.0,0.020122856167808192,0.4800294110924011
2025-04-23,1,4751,203842000000.0,8301000000.0,5071000000.0,524972000000.0,252002000000.0,0.020122856167808192,0.4800294110924011
2025-04-24,1,4751,203842000000.0,8301000000.0,5071000000.0,524972000000.0,252002000000.0,0.020122856167808192,0.4800294110924011
2025-04-25,1,4751,203842000000.0,8301000000.0,5071000000.0,524972000000.0,252002000000.0,0.020122856167808192,0.4800294110924011
2025-04-28,1,4751,203842000000.0,8301000000.0,5071000000.0,524972000000.0,252002000000.0,0.020122856167808192,0.4800294110924011
2025-04-30,0,4751,203842000000.0,8301000000.0,5071000000.0,524972000000.0,252002000000.0,0.020122856167808192,0.4800294110924011
2025-05-01,0,4751,203842000000.0,8301000000.0,5071000000.0,524972000000.0,252002000000.0,0.020122856167808192,0.4800294110924011
2025-05-02,0,4751,203842000000.0,8301000000.0,5071000000.0,524972000000.0,252002000000.0,0.020122856167808192,0.4800294110924011
2025-05-07,0,4751,203842000000.0,8301000000.0,5071000000.0,524972000000.0,252002000000.0,0.020122856167808192,0.4800294110924011
2025-05-08,0,4751,203842000000.0,8301000000.0,5071000000.0,524972000000.0,252002000000.0,0.020122856167808192,0.4800294110924011
2025-05-09,0,4751,203842000000.0,8301000000.0,5071000000.0,524972000000.0,252002000000.0,0.020122856167808192,0.4800294110924011
2025-05-12,0,4751,203842000000.0,8301000000.0,5071000000.0,524972000000.0,252002000000.0,0.020122856167808192,0.4800294110924011
2025-05-13,0,4751,203842000000.0,8301000000.0,5071000000.0,524972000000.0,252002000000.0,0.020122856167808192,0.4800294110924011
2025-05-14,0,4751,203842000000.0,8301000000.0,5071000000.0,524972000000.0,252002000000.0,0.020122856167808192,0.4800294110924011
2025-05-15,0,4751,203842000000.0,8301000000.0,5071000000.0,521241000000.0,248271000000.0,0.020425261105807765,0.4763075045900073
2025-05-16,0,4751,203842000000.0,8301000000.0,5071000000.0,521241000000.0,248271000000.0,0.020425261105807765,0.4763075045900073
2025-05-19,0,4751,203842000000.0,8301000000.0,5071000000.0,521241000000.0,248271000000.0,0.020425261105807765,0.4763075045900073
2025-05-20,0,4751,203842000000.0,8301000000.0,5071000000.0,521241000000.0,248271000000.0,0.020425261105807765,0.4763075045900073
2025-05-21,0,4751,203842000000.0,8301000000.0,5071000000.0,521241000000.0,248271000000.0,0.020425261105807765,0.4763075045900073
2025-05-22,0,4751,203842000000.0,8301000000.0,5071000000.0,521241000000.0,248271000000.0,0.020425261105807765,0.4763075045900073
2025-05-23,0,4751,203842000000.0,8301000000.0,5071000000.0,521241000000.0,248271000000.0,0.020425261105807765,0.4763075045900073
2025-05-26,0,4751,203842000000.0,8301000000.0,5071000000.0,521241000000.0,248271000000.0,0.020425261105807765,0.4763075045900073
2025-05-27,0,4751,203842000000.0,8301000000.0,5071000000.0,521241000000.0,248271000000.0,0.020425261105807765,0.4763075045900073
2025-05-28,0,4751,203842000000.0,8301000000.0,5071000000.0,521241000000.0,248271000000.0,0.020425261105807765,0.4763075045900073
2025-05-29,0,4751,203842000000.0,8301000000.0,5071000000.0,521241000000.0,248271000000.0,0.020425261105807765,0.4763075045900073
2025-05-30,0,4751,203842000000.0,8301000000.0,5071000000.0,521241000000.0,248271000000.0,0.020425261105807765,0.4763075045900073
2025-06-02,0,4751,203842000000.0,8301000000.0,5071000000.0,521241000000.0,248271000000.0,0.020425261105807765,0.4763075045900073
2025-06-03,0,4751,203842000000.0,8301000000.0,5071000000.0,521241000000.0,248271000000.0,0.020425261105807765,0.4763075045900073
2025-06-04,0,4751,203842000000.0,8301000000.0,5071000000.0,521241000000.0,248271000000.0,0.020425261105807765,0.4763075045900073
2025-06-05,0,4751,203842000000.0,8301000000.0,5071000000.0,521241000000.0,248271000000.0,0.020425261105807765,0.4763075045900073
2025-06-06,0,4751,203842000000.0,8301000000.0,5071000000.0,521241000000.0,248271000000.0,0.020425261105807765,0.4763075045900073
2025-06-09,0,4751,203842000000.0,8301000000.0,5071000000.0,521241000000.0,248271000000.0,0.020425261105807765,0.4763075045900073
2025-06-10,0,4751,203842000000.0,8301000000.0,5071000000.0,521241000000.0,248271000000.0,0.020425261105807765,0.4763075045900073
2025-06-11,0,4751,203842000000.0,8301000000.0,5071000000.0,521241000000.0,248271000000.0,0.020425261105807765,0.4763075045900073
2025-06-12,0,4751,203842000000.0,8301000000.0,5071000000.0,521241000000.0,248271000000.0,0.020425261105807765,0.4763075045900073
2025-06-13,0,4751,203842000000.0,8301000000.0,5071000000.0,521241000000.0,248271000000.0,0.020425261105807765,0.4763075045900073
2025-06-16,0,4751,203842000000.0,8301000000.0,5071000000.0,521241000000.0,248271000000.0,0.020425261105807765,0.4763075045900073
2025-06-17,0,4751,203842000000.0,8301000000.0,5071000000.0,521241000000.0,248271000000.0,0.020425261105807765,0.4763075045900073
2025-06-18,0,4751,203842000000.0,8301000000.0,5071000000.0,521241000000.0,248271000000.0,0.020425261105807765,0.4763075045900073
2025-06-19,0,4751,203842000000.0,8301000000.0,5071000000.0,521241000000.0,248271000000.0,0.020425261105807765,0.4763075045900073
2025-06-20,0,4751,203842000000.0,8301000000.0,5071000000.0,521241000000.0,248271000000.0,0.020425261105807765,0.4763075045900073
2025-06-23,0,4751,203842000000.0,8301000000.0,5071000000.0,521241000000.0,248271000000.0,0.020425261105807765,0.4763075045900073
2025-06-24,0,4751,203842000000.0,8301000000.0,5071000000.0,521241000000.0,248271000000.0,0.020425261105807765,0.4763075045900073
2025-06-25,0,4751,203842000000.0,8301000000.0,5071000000.0,521241000000.0,248271000000.0,0.020425261105807765,0.4763075045900073
2025-06-26,0,4751,203842000000.0,8301000000.0,5071000000.0,521241000000.0,248271000000.0,0.020425261105807765,0.4763075045900073
2025-06-27,0,4751,203842000000.0,8301000000.0,5071000000.0,521241000000.0,248271000000.0,0.020425261105807765,0.4763075045900073
2025-06-30,0,4751,203842000000.0,8301000000.0,5071000000.0,521241000000.0,248271000000.0,0.020425261105807765,0.4763075045900073
2025-07-01,0,4751,203842000000.0,8301000000.0,5071000000.0,521241000000.0,248271000000.0,0.020425261105807765,0.4763075045900073
2025-07-02,0,4751,203842000000.0,8301000000.0,5071000000.0,521241000000.0,248271000000.0,0.020425261105807765,0.4763075045900073
2025-07-03,0,4751,203842000000.0,8301000000.0,5071000000.0,521241000000.0,248271000000.0,0.020425261105807765,0.4763075045900073
2025-07-04,0,4751,203842000000.0,8301000000.0,5071000000.0,521241000000.0,248271000000.0,0.020425261105807765,0.4763075045900073
2025-07-07,0,4751,203842000000.0,8301000000.0,5071000000.0,521241000000.0,248271000000.0,0.020425261105807765,0.4763075045900073
2025-07-08,0,4751,203842000000.0,8301000000.0,5071000000.0,521241000000.0,248271000000.0,0.020425261105807765,0.4763075045900073
2025-07-09,0,4751,203842000000.0,8301000000.0,5071000000.0,521241000000.0,248271000000.0,0.020425261105807765,0.4763075045900073
2025-07-10,0,4751,203842000000.0,8301000000.0,5071000000.0,521241000000.0,248271000000.0,0.020425261105807765,0.4763075045900073
2025-07-11,0,4751,203842000000.0,8301000000.0,5071000000.0,521241000000.0,248271000000.0,0.020425261105807765,0.4763075045900073
2025-07-14,0,4751,203842000000.0,8301000000.0,5071000000.0,521241000000.0,248271000000.0,0.020425261105807765,0.4763075045900073
2025-07-15,0,4751,203842000000.0,8301000000.0,5071000000.0,521241000000.0,248271000000.0,0.020425261105807765,0.4763075045900073
2025-07-16,0,4751,203842000000.0,8301000000.0,5071000000.0,521241000000.0,248271000000.0,0.020425261105807765,0.4763075045900073
2025-07-17,0,4751,203842000000.0,8301000000.0,5071000000.0,521241000000.0,248271000000.0,0.020425261105807765,0.4763075045900073
2025-07-18,0,4751,203842000000.0,8301000000.0,5071000000.0,521241000000.0,248271000000.0,0.020425261105807765,0.4763075045900073
2025-07-22,0,4751,203842000000.0,8301000000.0,5071000000.0,521241000000.0,248271000000.0,0.020425261105807765,0.4763075045900073
2025-07-23,0,4751,203842000000.0,8301000000.0,5071000000.0,521241000000.0,248271000000.0,0.020425261105807765,0.4763075045900073
2025-07-24,0,4751,203842000000.0,8301000000.0,5071000000.0,521241000000.0,248271000000.0,0.020425261105807765,0.4763075045900073
2025-07-25,0,4751,203842000000.0,8301000000.0,5071000000.0,521241000000.0,248271000000.0,0.020425261105807765,0.4763075045900073
2023-10-12,1,3697,88043000000.0,11569000000.0,6248000000.0,49500000000.0,29581000000.0,0.21121665934214529,0.5975959595959596
2023-10-13,1,3697,88043000000.0,11569000000.0,6248000000.0,49500000000.0,29581000000.0,0.21121665934214529,0.5975959595959596
2023-10-16,0,3697,88043000000.0,11569000000.0,6248000000.0,49500000000.0,29581000000.0,0.21121665934214529,0.5975959595959596
2023-10-17,0,3697,88043000000.0,11569000000.0,6248000000.0,49500000000.0,29581000000.0,0.21121665934214529,0.5975959595959596
2023-10-18,0,3697,88043000000.0,11569000000.0,6248000000.0,49500000000.0,29581000000.0,0.21121665934214529,0.5975959595959596
2023-10-19,0,3697,88043000000.0,11569000000.0,6248000000.0,49500000000.0,29581000000.0,0.21121665934214529,0.5975959595959596
2023-10-20,1,3697,88043000000.0,11569000000.0,6248000000.0,49500000000.0,29581000000.0,0.21121665934214529,0.5975959595959596
2023-10-23,1,3697,88043000000.0,11569000000.0,6248000000.0,49500000000.0,29581000000.0,0.21121665934214529,0.5975959595959596
2023-10-24,1,3697,88030000000.0,11565000000.0,6245000000.0,49530000000.0,29578000000.0,0.21113665562242206,0.5971734302442964
2023-10-25,1,3697,88030000000.0,11565000000.0,6245000000.0,49530000000.0,29578000000.0,0.21113665562242206,0.5971734302442964
2023-10-26,1,3697,88030000000.0,11565000000.0,6245000000.0,49530000000.0,29578000000.0,0.21113665562242206,0.5971734302442964
2023-10-27,1,3697,88030000000.0,11565000000.0,6245000000.0,49530000000.0,29578000000.0,0.21113665562242206,0.5971734302442964
2023-10-30,1,3697,88030000000.0,11565000000.0,6245000000.0,49530000000.0,29578000000.0,0.21113665562242206,0.5971734302442964
2023-10-31,0,3697,88030000000.0,11565000000.0,6245000000.0,49530000000.0,29578000000.0,0.21113665562242206,0.5971734302442964
2023-11-01,0,3697,88030000000.0,11565000000.0,6245000000.0,49530000000.0,29578000000.0,0.21113665562242206,0.5971734302442964
2023-11-02,0,3697,88030000000.0,11565000000.0,6245000000.0,49530000000.0,29578000000.0,0.21113665562242206,0.5971734302442964
2023-11-06,0,3697,88030000000.0,11565000000.0,6245000000.0,49530000000.0,29578000000.0,0.21113665562242206,0.5971734302442964
2023-11-07,0,3697,88030000000.0,11565000000.0,6245000000.0,49530000000.0,29578000000.0,0.21113665562242206,0.5971734302442964
2023-11-08,0,3697,88030000000.0,11565000000.0,6245000000.0,49530000000.0,29578000000.0,0.21113665562242206,0.5971734302442964
2023-11-09,0,3697,88030000000.0,11565000000.0,6245000000.0,49530000000.0,29578000000.0,0.21113665562242206,0.5971734302442964
2023-11-10,0,3697,88030000000.0,11565000000.0,6245000000.0,49530000000.0,29578000000.0,0.21113665562242206,0.5971734302442964
2023-11-13,0,3697,88030000000.0,11565000000.0,6245000000.0,49530000000.0,29578000000.0,0.21113665562242206,0.5971734302442964
2023-11-14,0,3697,88030000000.0,11565000000.0,6245000000.0,49530000000.0,29578000000.0,0.21113665562242206,0.5971734302442964
2023-11-15,0,3697,88030000000.0,11565000000.0,6245000000.0,49530000000.0,29578000000.0,0.21113665562242206,0.5971734302442964
2023-11-16,0,3697,88030000000.0,11565000000.0,6245000000.0,49530000000.0,29578000000.0,0.21113665562242206,0.5971734302442964
2023-11-17,0,3697,88030000000.0,11565000000.0,6245000000.0,49530000000.0,29578000000.0,0.21113665562242206,0.5971734302442964
2023-11-20,0,3697,88030000000.0,11565000000.0,6245000000.0,49530000000.0,29578000000.0,0.21113665562242206,0.5971734302442964
2023-11-21,0,3697,88030000000.0,11565000000.0,6245000000.0,49530000000.0,29578000000.0,0.21113665562242206,0.5971734302442964
2023-11-22,0,3697,88030000000.0,11565000000.0,6245000000.0,49530000000.0,29578000000.0,0.21113665562242206,0.5971734302442964
2023-11-24,0,3697,88030000000.0,11565000000.0,6245000000.0,49530000000.0,29578000000.0,0.21113665562242206,0.5971734302442964
2023-11-27,0,3697,88030000000.0,11565000000.0,6245000000.0,49530000000.0,29578000000.0,0.21113665562242206,0.5971734302442964
2023-11-28,0,3697,88030000000.0,11565000000.0,6245000000.0,49530000000.0,29578000000.0,0.21113665562242206,0.5971734302442964
2023-11-29,0,3697,88030000000.0,11565000000.0,6245000000.0,49530000000.0,29578000000.0,0.21113665562242206,0.5971734302442964
2023-11-30,0,3697,88030000000.0,11565000000.0,6245000000.0,49530000000.0,29578000000.0,0.21113665562242206,0.5971734302442964
2023-12-01,0,3697,88030000000.0,11565000000.0,6245000000.0,49530000000.0,29578000000.0,0.21113665562242206,0.5971734302442964
2023-12-04,0,3697,88030000000.0,11565000000.0,6245000000.0,49530000000.0,29578000000.0,0.21113665562242206,0.5971734302442964
2023-12-05,0,3697,88030000000.0,11565000000.0,6245000000.0,49530000000.0,29578000000.0,0.21113665562242206,0.5971734302442964
2023-12-06,0,3697,88030000000.0,11565000000.0,6245000000.0,49530000000.0,29578000000.0,0.21113665562242206,0.5971734302442964
2023-12-07,0,3697,88030000000.0,11565000000.0,6245000000.0,49530000000.0,29578000000.0,0.21113665562242206,0.5971734302442964
2023-12-08,0,3697,88030000000.0,11565000000.0,6245000000.0,49530000000.0,29578000000.0,0.21113665562242206,0.5971734302442964
2023-12-11,0,3697,88030000000.0,11565000000.0,6245000000.0,49530000000.0,29578000000.0,0.21113665562242206,0.5971734302442964
2023-12-12,0,3697,88030000000.0,11565000000.0,6245000000.0,49530000000.0,29578000000.0,0.21113665562242206,0.5971734302442964
2023-12-13,0,3697,88030000000.0,11565000000.0,6245000000.0,49530000000.0,29578000000.0,0.21113665562242206,0.5971734302442964
2023-12-14,0,3697,88030000000.0,11565000000.0,6245000000.0,49530000000.0,29578000000.0,0.21113665562242206,0.5971734302442964
2023-12-15,0,3697,88030000000.0,11565000000.0,6245000000.0,49530000000.0,29578000000.0,0.21113665562242206,0.5971734302442964
2023-12-18,0,3697,88030000000.0,11565000000.0,6245000000.0,49530000000.0,29578000000.0,0.21113665562242206,0.5971734302442964
2023-12-19,0,3697,88030000000.0,11565000000.0,6245000000.0,49530000000.0,29578000000.0,0.21113665562242206,0.5971734302442964
2023-12-20,0,3697,88030000000.0,11565000000.0,6245000000.0,49530000000.0,29578000000.0,0.21113665562242206,0.5971734302442964
2023-12-21,0,3697,88030000000.0,11565000000.0,6245000000.0,49530000000.0,29578000000.0,0.21113665562242206,0.5971734302442964
2023-12-22,0,3697,88030000000.0,11565000000.0,6245000000.0,49530000000.0,29578000000.0,0.21113665562242206,0.5971734302442964
2023-12-25,0,3697,88030000000.0,11565000000.0,6245000000.0,49530000000.0,29578000000.0,0.21113665562242206,0.5971734302442964
2023-12-26,0,3697,88030000000.0,11565000000.0,6245000000.0,49530000000.0,29578000000.0,0.21113665562242206,0.5971734302442964
2023-12-27,0,3697,88030000000.0,11565000000.0,6245000000.0,49530000000.0,29578000000.0,0.21113665562242206,0.5971734302442964
2023-12-28,0,3697,88030000000.0,11565000000.0,6245000000.0,49530000000.0,29578000000.0,0.21113665562242206,0.5971734302442964
2023-12-29,0,3697,88030000000.0,11565000000.0,6245000000.0,49530000000.0,29578000000.0,0.21113665562242206,0.5971734302442964
2024-01-04,0,3697,88030000000.0,11565000000.0,6245000000.0,49530000000.0,29578000000.0,0.21113665562242206,0.5971734302442964
2024-01-05,0,3697,88030000000.0,11565000000.0,6245000000.0,49530000000.0,29578000000.0,0.21113665562242206,0.5971734302442964
2024-01-09,0,3697,88030000000.0,11565000000.0,6245000000.0,49530000000.0,29578000000.0,0.21113665562242206,0.5971734302442964
2024-01-10,0,3697,88030000000.0,11565000000.0,6245000000.0,49530000000.0,29578000000.0,0.21113665562242206,0.5971734302442964
2024-01-11,0,3697,88030000000.0,11565000000.0,6245000000.0,49530000000.0,29578000000.0,0.21113665562242206,0.5971734302442964
2024-01-12,0,3697,25073000000.0,1815000000.0,1095000000.0,53486000000.0,30671000000.0,0.035701476965211434,0.5734397786336611
2024-01-15,0,3697,25073000000.0,1815000000.0,1095000000.0,53486000000.0,30671000000.0,0.035701476965211434,0.5734397786336611
2024-01-16,0,3697,25073000000.0,1815000000.0,1095000000.0,53486000000.0,30671000000.0,0.035701476965211434,0.5734397786336611
2024-01-17,0,3697,25073000000.0,1815000000.0,1095000000.0,53486000000.0,30671000000.0,0.035701476965211434,0.5734397786336611
2024-01-18,0,3697,25073000000.0,1815000000.0,1095000000.0,53486000000.0,30671000000.0,0.035701476965211434,0.5734397786336611
2024-01-19,0,3697,25073000000.0,1815000000.0,1095000000.0,53486000000.0,30671000000.0,0.035701476965211434,0.5734397786336611
2024-01-22,0,3697,25073000000.0,1815000000.0,1095000000.0,53486000000.0,30671000000.0,0.035701476965211434,0.5734397786336611
2024-01-23,0,3697,25073000000.0,1815000000.0,1095000000.0,53486000000.0,30671000000.0,0.035701476965211434,0.5734397786336611
2024-01-24,0,3697,25073000000.0,1815000000.0,1095000000.0,53486000000.0,30671000000.0,0.035701476965211434,0.5734397786336611
2024-01-25,0,3697,25073000000.0,1815000000.0,1095000000.0,53486000000.0,30671000000.0,0.035701476965211434,0.5734397786336611
2024-01-26,0,3697,25073000000.0,1815000000.0,1095000000.0,53486000000.0,30671000000.0,0.035701476965211434,0.5734397786336611
2024-01-29,0,3697,25073000000.0,1815000000.0,1095000000.0,53486000000.0,30671000000.0,0.035701476965211434,0.5734397786336611
2024-01-30,0,3697,25073000000.0,1815000000.0,1095000000.0,53486000000.0,30671000000.0,0.035701476965211434,0.5734397786336611
2024-01-31,0,3697,25073000000.0,1815000000.0,1095000000.0,53486000000.0,30671000000.0,0.035701476965211434,0.5734397786336611
2024-02-01,0,3697,25073000000.0,1815000000.0,1095000000.0,53486000000.0,30671000000.0,0.035701476965211434,0.5734397786336611
2024-02-02,0,3697,25073000000.0,1815000000.0,1095000000.0,53486000000.0,30671000000.0,0.035701476965211434,0.5734397786336611
2024-02-05,0,3697,25073000000.0,1815000000.0,1095000000.0,53486000000.0,30671000000.0,0.035701476965211434,0.5734397786336611
2024-02-06,0,3697,25073000000.0,1815000000.0,1095000000.0,53486000000.0,30671000000.0,0.035701476965211434,0.5734397786336611
2024-02-07,0,3697,25073000000.0,1815000000.0,1095000000.0,53486000000.0,30671000000.0,0.035701476965211434,0.5734397786336611
2024-02-08,0,3697,25073000000.0,1815000000.0,1095000000.0,53486000000.0,30671000000.0,0.035701476965211434,0.5734397786336611
2024-02-09,0,3697,25073000000.0,1815000000.0,1095000000.0,53486000000.0,30671000000.0,0.035701476965211434,0.5734397786336611
2024-02-13,0,3697,25073000000.0,1815000000.0,1095000000.0,53486000000.0,30671000000.0,0.035701476965211434,0.5734397786336611
2024-02-14,0,3697,25073000000.0,1815000000.0,1095000000.0,53486000000.0,30671000000.0,0.035701476965211434,0.5734397786336611
2024-02-15,0,3697,25073000000.0,1815000000.0,1095000000.0,53486000000.0,30671000000.0,0.035701476965211434,0.5734397786336611
2024-02-16,0,3697,25073000000.0,1815000000.0,1095000000.0,53486000000.0,30671000000.0,0.035701476965211434,0.5734397786336611
2024-02-19,0,3697,25073000000.0,1815000000.0,1095000000.0,53486000000.0,30671000000.0,0.035701476965211434,0.5734397786336611
2024-02-20,0,3697,25073000000.0,1815000000.0,1095000000.0,53486000000.0,30671000000.0,0.035701476965211434,0.5734397786336611
2024-02-21,0,3697,25073000000.0,1815000000.0,1095000000.0,53486000000.0,30671000000.0,0.035701476965211434,0.5734397786336611
2024-02-22,0,3697,25073000000.0,1815000000.0,1095000000.0,53486000000.0,30671000000.0,0.035701476965211434,0.5734397786336611
2024-02-26,0,3697,25073000000.0,1815000000.0,1095000000.0,53486000000.0,30671000000.0,0.035701476965211434,0.5734397786336611
2024-02-27,0,3697,25073000000.0,1815000000.0,1095000000.0,53486000000.0,30671000000.0,0.035701476965211434,0.5734397786336611
2024-02-28,0,3697,25073000000.0,1815000000.0,1095000000.0,53486000000.0,30671000000.0,0.035701476965211434,0.5734397786336611
2024-02-29,0,3697,25073000000.0,1815000000.0,1095000000.0,53486000000.0,30671000000.0,0.035701476965211434,0.5734397786336611
2024-03-01,0,3697,25073000000.0,1815000000.0,1095000000.0,53486000000.0,30671000000.0,0.035701476965211434,0.5734397786336611
2024-03-04,0,3697,25073000000.0,1815000000.0,1095000000.0,53486000000.0,30671000000.0,0.035701476965211434,0.5734397786336611
2024-03-05,0,3697,25073000000.0,1815000000.0,1095000000.0,53486000000.0,30671000000.0,0.035701476965211434,0.5734397786336611
2024-03-06,0,3697,25073000000.0,1815000000.0,1095000000.0,53486000000.0,30671000000.0,0.035701476965211434,0.5734397786336611
2024-03-07,0,3697,25073000000.0,1815000000.0,1095000000.0,53486000000.0,30671000000.0,0.035701476965211434,0.5734397786336611
2024-03-08,0,3697,25073000000.0,1815000000.0,1095000000.0,53486000000.0,30671000000.0,0.035701476965211434,0.5734397786336611
2024-03-11,0,3697,25073000000.0,1815000000.0,1095000000.0,53486000000.0,30671000000.0,0.035701476965211434,0.5734397786336611
2024-03-12,0,3697,25073000000.0,1815000000.0,1095000000.0,53486000000.0,30671000000.0,0.035701476965211434,0.5734397786336611
2024-03-13,0,3697,25073000000.0,1815000000.0,1095000000.0,53486000000.0,30671000000.0,0.035701476965211434,0.5734397786336611
2024-03-14,0,3697,25073000000.0,1815000000.0,1095000000.0,53486000000.0,30671000000.0,0.035701476965211434,0.5734397786336611
2024-03-15,0,3697,25073000000.0,1815000000.0,1095000000.0,53486000000.0,30671000000.0,0.035701476965211434,0.5734397786336611
2024-03-18,0,3697,25073000000.0,1815000000.0,1095000000.0,53486000000.0,30671000000.0,0.035701476965211434,0.5734397786336611
2024-03-19,0,3697,25073000000.0,1815000000.0,1095000000.0,53486000000.0,30671000000.0,0.035701476965211434,0.5734397786336611
2024-03-21,0,3697,25073000000.0,1815000000.0,1095000000.0,53486000000.0,30671000000.0,0.035701476965211434,0.5734397786336611
2024-03-22,0,3697,25073000000.0,1815000000.0,1095000000.0,53486000000.0,30671000000.0,0.035701476965211434,0.5734397786336611
2024-03-25,0,3697,25073000000.0,1815000000.0,1095000000.0,53486000000.0,30671000000.0,0.035701476965211434,0.5734397786336611
2024-03-26,0,3697,25073000000.0,1815000000.0,1095000000.0,53486000000.0,30671000000.0,0.035701476965211434,0.5734397786336611
2024-03-27,0,3697,25073000000.0,1815000000.0,1095000000.0,53486000000.0,30671000000.0,0.035701476965211434,0.5734397786336611
2024-03-28,0,3697,25073000000.0,1815000000.0,1095000000.0,53486000000.0,30671000000.0,0.035701476965211434,0.5734397786336611
2024-03-29,0,3697,25073000000.0,1815000000.0,1095000000.0,53486000000.0,30671000000.0,0.035701476965211434,0.5734397786336611
2024-04-01,0,3697,25073000000.0,1815000000.0,1095000000.0,53486000000.0,30671000000.0,0.035701476965211434,0.5734397786336611
2024-04-02,0,3697,25073000000.0,1815000000.0,1095000000.0,53486000000.0,30671000000.0,0.035701476965211434,0.5734397786336611
2024-04-03,0,3697,25073000000.0,1815000000.0,1095000000.0,53486000000.0,30671000000.0,0.035701476965211434,0.5734397786336611
2024-04-04,0,3697,25073000000.0,1815000000.0,1095000000.0,53486000000.0,30671000000.0,0.035701476965211434,0.5734397786336611
2024-04-05,0,3697,25073000000.0,1815000000.0,1095000000.0,53486000000.0,30671000000.0,0.035701476965211434,0.5734397786336611
2024-04-08,0,3697,25073000000.0,1815000000.0,1095000000.0,53486000000.0,30671000000.0,0.035701476965211434,0.5734397786336611
2024-04-09,0,3697,25073000000.0,1815000000.0,1095000000.0,53486000000.0,30671000000.0,0.035701476965211434,0.5734397786336611
2024-04-10,0,3697,25073000000.0,1815000000.0,1095000000.0,53486000000.0,30671000000.0,0.035701476965211434,0.5734397786336611
2024-04-11,0,3697,52305000000.0,4685000000.0,2977000000.0,62241000000.0,32443000000.0,0.09176093456215516,0.5212480519271863
2024-04-12,0,3697,52305000000.0,4685000000.0,2977000000.0,62241000000.0,32443000000.0,0.09176093456215516,0.5212480519271863
2024-04-15,0,3697,52305000000.0,4685000000.0,2977000000.0,62241000000.0,32443000000.0,0.09176093456215516,0.5212480519271863
2024-04-16,0,3697,52305000000.0,4685000000.0,2977000000.0,62241000000.0,32443000000.0,0.09176093456215516,0.5212480519271863
2024-04-17,0,3697,52305000000.0,4685000000.0,2977000000.0,62241000000.0,32443000000.0,0.09176093456215516,0.5212480519271863
2024-04-18,0,3697,52305000000.0,4685000000.0,2977000000.0,62241000000.0,32443000000.0,0.09176093456215516,0.5212480519271863
2024-04-19,0,3697,52305000000.0,4685000000.0,2977000000.0,62241000000.0,32443000000.0,0.09176093456215516,0.5212480519271863
2024-04-22,0,3697,52305000000.0,4685000000.0,2977000000.0,62241000000.0,32443000000.0,0.09176093456215516,0.5212480519271863
2024-04-23,0,3697,52305000000.0,4685000000.0,2977000000.0,62241000000.0,32443000000.0,0.09176093456215516,0.5212480519271863
2024-04-24,0,3697,52305000000.0,4685000000.0,2977000000.0,62241000000.0,32443000000.0,0.09176093456215516,0.5212480519271863
2024-04-25,0,3697,52305000000.0,4685000000.0,2977000000.0,62241000000.0,32443000000.0,0.09176093456215516,0.5212480519271863
2024-04-26,0,3697,52305000000.0,4685000000.0,2977000000.0,62241000000.0,32443000000.0,0.09176093456215516,0.5212480519271863
2024-04-30,0,3697,52305000000.0,4685000000.0,2977000000.0,62241000000.0,32443000000.0,0.09176093456215516,0.5212480519271863
2024-05-01,0,3697,52305000000.0,4685000000.0,2977000000.0,62241000000.0,32443000000.0,0.09176093456215516,0.5212480519271863
2024-05-02,0,3697,52305000000.0,4685000000.0,2977000000.0,62241000000.0,32443000000.0,0.09176093456215516,0.5212480519271863
2024-05-07,0,3697,52305000000.0,4685000000.0,2977000000.0,62241000000.0,32443000000.0,0.09176093456215516,0.5212480519271863
2024-05-08,0,3697,52305000000.0,4685000000.0,2977000000.0,62241000000.0,32443000000.0,0.09176093456215516,0.5212480519271863
2024-05-09,0,3697,52305000000.0,4685000000.0,2977000000.0,62241000000.0,32443000000.0,0.09176093456215516,0.5212480519271863
2024-05-10,0,3697,52305000000.0,4685000000.0,2977000000.0,62241000000.0,32443000000.0,0.09176093456215516,0.5212480519271863
2024-05-13,0,3697,52305000000.0,4685000000.0,2977000000.0,62241000000.0,32443000000.0,0.09176093456215516,0.5212480519271863
2024-05-14,0,3697,52305000000.0,4685000000.0,2977000000.0,62241000000.0,32443000000.0,0.09176093456215516,0.5212480519271863
2024-05-15,0,3697,52305000000.0,4685000000.0,2977000000.0,62241000000.0,32443000000.0,0.09176093456215516,0.5212480519271863
2024-05-16,0,3697,52305000000.0,4685000000.0,2977000000.0,62241000000.0,32443000000.0,0.09176093456215516,0.5212480519271863
2024-05-17,0,3697,52305000000.0,4685000000.0,2977000000.0,62241000000.0,32443000000.0,0.09176093456215516,0.5212480519271863
2024-05-20,0,3697,52305000000.0,4685000000.0,2977000000.0,62241000000.0,32443000000.0,0.09176093456215516,0.5212480519271863
2024-05-21,0,3697,52305000000.0,4685000000.0,2977000000.0,62241000000.0,32443000000.0,0.09176093456215516,0.5212480519271863
2024-05-22,0,3697,52305000000.0,4685000000.0,2977000000.0,62241000000.0,32443000000.0,0.09176093456215516,0.5212480519271863
2024-05-23,0,3697,52305000000.0,4685000000.0,2977000000.0,62241000000.0,32443000000.0,0.09176093456215516,0.5212480519271863
2024-05-24,0,3697,52305000000.0,4685000000.0,2977000000.0,62241000000.0,32443000000.0,0.09176093456215516,0.5212480519271863
2024-05-27,0,3697,52305000000.0,4685000000.0,2977000000.0,62241000000.0,32443000000.0,0.09176093456215516,0.5212480519271863
2024-05-28,0,3697,52305000000.0,4685000000.0,2977000000.0,62241000000.0,32443000000.0,0.09176093456215516,0.5212480519271863
2024-05-29,0,3697,52305000000.0,4685000000.0,2977000000.0,62241000000.0,32443000000.0,0.09176093456215516,0.5212480519271863
2024-05-30,0,3697,52305000000.0,4685000000.0,2977000000.0,62241000000.0,32443000000.0,0.09176093456215516,0.5212480519271863
2024-05-31,0,3697,52305000000.0,4685000000.0,2977000000.0,62241000000.0,32443000000.0,0.09176093456215516,0.5212480519271863
2024-06-03,0,3697,52305000000.0,4685000000.0,2977000000.0,62241000000.0,32443000000.0,0.09176093456215516,0.5212480519271863
2024-06-04,0,3697,52305000000.0,4685000000.0,2977000000.0,62241000000.0,32443000000.0,0.09176093456215516,0.5212480519271863
2024-06-05,0,3697,52305000000.0,4685000000.0,2977000000.0,62241000000.0,32443000000.0,0.09176093456215516,0.5212480519271863
2024-06-06,0,3697,52305000000.0,4685000000.0,2977000000.0,62241000000.0,32443000000.0,0.09176093456215516,0.5212480519271863
2024-06-07,0,3697,52305000000.0,4685000000.0,2977000000.0,62241000000.0,32443000000.0,0.09176093456215516,0.5212480519271863
2024-06-10,0,3697,52305000000.0,4685000000.0,2977000000.0,62241000000.0,32443000000.0,0.09176093456215516,0.5212480519271863
2024-06-11,0,3697,52305000000.0,4685000000.0,2977000000.0,62241000000.0,32443000000.0,0.09176093456215516,0.5212480519271863
2024-06-12,0,3697,52305000000.0,4685000000.0,2977000000.0,62241000000.0,32443000000.0,0.09176093456215516,0.5212480519271863
2024-06-13,0,3697,52305000000.0,4685000000.0,2977000000.0,62241000000.0,32443000000.0,0.09176093456215516,0.5212480519271863
2024-06-14,0,3697,52305000000.0,4685000000.0,2977000000.0,62241000000.0,32443000000.0,0.09176093456215516,0.5212480519271863
2024-06-17,0,3697,52305000000.0,4685000000.0,2977000000.0,62241000000.0,32443000000.0,0.09176093456215516,0.5212480519271863
2024-06-18,0,3697,52305000000.0,4685000000.0,2977000000.0,62241000000.0,32443000000.0,0.09176093456215516,0.5212480519271863
2024-06-19,0,3697,52305000000.0,4685000000.0,2977000000.0,62241000000.0,32443000000.0,0.09176093456215516,0.5212480519271863
2024-06-20,0,3697,52305000000.0,4685000000.0,2977000000.0,62241000000.0,32443000000.0,0.09176093456215516,0.5212480519271863
2024-06-21,0,3697,52305000000.0,4685000000.0,2977000000.0,62241000000.0,32443000000.0,0.09176093456215516,0.5212480519271863
2024-06-24,0,3697,52305000000.0,4685000000.0,2977000000.0,62241000000.0,32443000000.0,0.09176093456215516,0.5212480519271863
2024-06-25,0,3697,52305000000.0,4685000000.0,2977000000.0,62241000000.0,32443000000.0,0.09176093456215516,0.5212480519271863
2024-06-26,0,3697,52305000000.0,4685000000.0,2977000000.0,62241000000.0,32443000000.0,0.09176093456215516,0.5212480519271863
2024-06-27,0,3697,52305000000.0,4685000000.0,2977000000.0,62241000000.0,32443000000.0,0.09176093456215516,0.5212480519271863
2024-06-28,0,3697,52305000000.0,4685000000.0,2977000000.0,62241000000.0,32443000000.0,0.09176093456215516,0.5212480519271863
2024-07-01,0,3697,52305000000.0,4685000000.0,2977000000.0,62241000000.0,32443000000.0,0.09176093456215516,0.5212480519271863
2024-07-02,0,3697,52305000000.0,4685000000.0,2977000000.0,62241000000.0,32443000000.0,0.09176093456215516,0.5212480519271863
2024-07-03,0,3697,52305000000.0,4685000000.0,2977000000.0,62241000000.0,32443000000.0,0.09176093456215516,0.5212480519271863
2024-07-04,0,3697,52305000000.0,4685000000.0,2977000000.0,62241000000.0,32443000000.0,0.09176093456215516,0.5212480519271863
2024-07-05,0,3697,52305000000.0,4685000000.0,2977000000.0,62241000000.0,32443000000.0,0.09176093456215516,0.5212480519271863
2024-07-08,0,3697,52305000000.0,4685000000.0,2977000000.0,62241000000.0,32443000000.0,0.09176093456215516,0.5212480519271863
2024-07-09,0,3697,52305000000.0,4685000000.0,2977000000.0,62241000000.0,32443000000.0,0.09176093456215516,0.5212480519271863
2024-07-10,0,3697,81143000000.0,7063000000.0,3295000000.0,61054000000.0,32826000000.0,0.10037774934503138,0.5376551904871097
2024-07-11,1,3697,81143000000.0,7063000000.0,3295000000.0,61054000000.0,32826000000.0,0.10037774934503138,0.5376551904871097
2024-07-12,1,3697,81143000000.0,7063000000.0,3295000000.0,61054000000.0,32826000000.0,0.10037774934503138,0.5376551904871097
2024-07-16,1,3697,81143000000.0,7063000000.0,3295000000.0,61054000000.0,32826000000.0,0.10037774934503138,0.5376551904871097
2024-07-17,1,3697,81143000000.0,7063000000.0,3295000000.0,61054000000.0,32826000000.0,0.10037774934503138,0.5376551904871097
2024-07-18,1,3697,81143000000.0,7063000000.0,3295000000.0,61054000000.0,32826000000.0,0.10037774934503138,0.5376551904871097
2024-07-19,1,3697,81143000000.0,7063000000.0,3295000000.0,61054000000.0,32826000000.0,0.10037774934503138,0.5376551904871097
2024-07-22,1,3697,81143000000.0,7063000000.0,3295000000.0,61054000000.0,32826000000.0,0.10037774934503138,0.5376551904871097
2024-07-23,1,3697,81143000000.0,7063000000.0,3295000000.0,61054000000.0,32826000000.0,0.10037774934503138,0.5376551904871097
2024-07-24,1,3697,81143000000.0,7063000000.0,3295000000.0,61054000000.0,32826000000.0,0.10037774934503138,0.5376551904871097
2024-07-25,1,3697,81143000000.0,7063000000.0,3295000000.0,61054000000.0,32826000000.0,0.10037774934503138,0.5376551904871097
2024-07-26,1,3697,81143000000.0,7063000000.0,3295000000.0,61054000000.0,32826000000.0,0.10037774934503138,0.5376551904871097
2024-07-29,1,3697,81143000000.0,7063000000.0,3295000000.0,61054000000.0,32826000000.0,0.10037774934503138,0.5376551904871097
2024-07-30,1,3697,81143000000.0,7063000000.0,3295000000.0,61054000000.0,32826000000.0,0.10037774934503138,0.5376551904871097
2024-07-31,1,3697,81143000000.0,7063000000.0,3295000000.0,61054000000.0,32826000000.0,0.10037774934503138,0.5376551904871097
2024-08-01,1,3697,81143000000.0,7063000000.0,3295000000.0,61054000000.0,32826000000.0,0.10037774934503138,0.5376551904871097
2024-08-02,1,3697,81143000000.0,7063000000.0,3295000000.0,61054000000.0,32826000000.0,0.10037774934503138,0.5376551904871097
2024-08-05,1,3697,81143000000.0,7063000000.0,3295000000.0,61054000000.0,32826000000.0,0.10037774934503138,0.5376551904871097
2024-08-06,1,3697,81143000000.0,7063000000.0,3295000000.0,61054000000.0,32826000000.0,0.10037774934503138,0.5376551904871097
2024-08-07,1,3697,81143000000.0,7063000000.0,3295000000.0,61054000000.0,32826000000.0,0.10037774934503138,0.5376551904871097
2024-08-08,1,3697,81143000000.0,7063000000.0,3295000000.0,61054000000.0,32826000000.0,0.10037774934503138,0.5376551904871097
2024-08-09,1,3697,81143000000.0,7063000000.0,3295000000.0,61054000000.0,32826000000.0,0.10037774934503138,0.5376551904871097
2024-08-13,1,3697,81143000000.0,7063000000.0,3295000000.0,61054000000.0,32826000000.0,0.10037774934503138,0.5376551904871097
2024-08-14,1,3697,81143000000.0,7063000000.0,3295000000.0,61054000000.0,32826000000.0,0.10037774934503138,0.5376551904871097
2024-08-15,1,3697,81143000000.0,7063000000.0,3295000000.0,61054000000.0,32826000000.0,0.10037774934503138,0.5376551904871097
2024-08-16,1,3697,81143000000.0,7063000000.0,3295000000.0,61054000000.0,32826000000.0,0.10037774934503138,0.5376551904871097
2024-08-19,1,3697,81143000000.0,7063000000.0,3295000000.0,61054000000.0,32826000000.0,0.10037774934503138,0.5376551904871097
2024-08-20,1,3697,81143000000.0,7063000000.0,3295000000.0,61054000000.0,32826000000.0,0.10037774934503138,0.5376551904871097
2024-08-21,1,3697,81143000000.0,7063000000.0,3295000000.0,61054000000.0,32826000000.0,0.10037774934503138,0.5376551904871097
2024-08-22,1,3697,81143000000.0,7063000000.0,3295000000.0,61054000000.0,32826000000.0,0.10037774934503138,0.5376551904871097
2024-08-23,1,3697,81143000000.0,7063000000.0,3295000000.0,61054000000.0,32826000000.0,0.10037774934503138,0.5376551904871097
2024-08-26,1,3697,81143000000.0,7063000000.0,3295000000.0,61054000000.0,32826000000.0,0.10037774934503138,0.5376551904871097
2024-08-27,1,3697,81143000000.0,7063000000.0,3295000000.0,61054000000.0,32826000000.0,0.10037774934503138,0.5376551904871097
2024-08-28,1,3697,81143000000.0,7063000000.0,3295000000.0,61054000000.0,32826000000.0,0.10037774934503138,0.5376551904871097
2024-08-29,1,3697,81143000000.0,7063000000.0,3295000000.0,61054000000.0,32826000000.0,0.10037774934503138,0.5376551904871097
2024-08-30,1,3697,81143000000.0,7063000000.0,3295000000.0,61054000000.0,32826000000.0,0.10037774934503138,0.5376551904871097
2024-09-02,1,3697,81143000000.0,7063000000.0,3295000000.0,61054000000.0,32826000000.0,0.10037774934503138,0.5376551904871097
2024-09-03,1,3697,81143000000.0,7063000000.0,3295000000.0,61054000000.0,32826000000.0,0.10037774934503138,0.5376551904871097
2024-09-04,1,3697,81143000000.0,7063000000.0,3295000000.0,61054000000.0,32826000000.0,0.10037774934503138,0.5376551904871097
2024-09-05,1,3697,81143000000.0,7063000000.0,3295000000.0,61054000000.0,32826000000.0,0.10037774934503138,0.5376551904871097
2024-09-06,1,3697,81143000000.0,7063000000.0,3295000000.0,61054000000.0,32826000000.0,0.10037774934503138,0.5376551904871097
2024-09-09,1,3697,81143000000.0,7063000000.0,3295000000.0,61054000000.0,32826000000.0,0.10037774934503138,0.5376551904871097
2024-09-10,1,3697,81143000000.0,7063000000.0,3295000000.0,61054000000.0,32826000000.0,0.10037774934503138,0.5376551904871097
2024-09-11,1,3697,81143000000.0,7063000000.0,3295000000.0,61054000000.0,32826000000.0,0.10037774934503138,0.5376551904871097
2024-09-12,1,3697,81143000000.0,7063000000.0,3295000000.0,61054000000.0,32826000000.0,0.10037774934503138,0.5376551904871097
2024-09-13,1,3697,81143000000.0,7063000000.0,3295000000.0,61054000000.0,32826000000.0,0.10037774934503138,0.5376551904871097
2024-09-17,1,3697,81143000000.0,7063000000.0,3295000000.0,61054000000.0,32826000000.0,0.10037774934503138,0.5376551904871097
2024-09-18,1,3697,81143000000.0,7063000000.0,3295000000.0,61054000000.0,32826000000.0,0.10037774934503138,0.5376551904871097
2024-09-19,1,3697,81143000000.0,7063000000.0,3295000000.0,61054000000.0,32826000000.0,0.10037774934503138,0.5376551904871097
2024-09-20,1,3697,81143000000.0,7063000000.0,3295000000.0,61054000000.0,32826000000.0,0.10037774934503138,0.5376551904871097
2024-09-24,1,3697,81143000000.0,7063000000.0,3295000000.0,61054000000.0,32826000000.0,0.10037774934503138,0.5376551904871097
2024-09-25,1,3697,81143000000.0,7063000000.0,3295000000.0,61054000000.0,32826000000.0,0.10037774934503138,0.5376551904871097
2024-09-26,1,3697,81143000000.0,7063000000.0,3295000000.0,61054000000.0,32826000000.0,0.10037774934503138,0.5376551904871097
2024-09-27,1,3697,81143000000.0,7063000000.0,3295000000.0,61054000000.0,32826000000.0,0.10037774934503138,0.5376551904871097
2024-09-30,1,3697,81143000000.0,7063000000.0,3295000000.0,61054000000.0,32826000000.0,0.10037774934503138,0.5376551904871097
2024-10-01,1,3697,81143000000.0,7063000000.0,3295000000.0,61054000000.0,32826000000.0,0.10037774934503138,0.5376551904871097
2024-10-02,1,3697,81143000000.0,7063000000.0,3295000000.0,61054000000.0,32826000000.0,0.10037774934503138,0.5376551904871097
2024-10-03,1,3697,81143000000.0,7063000000.0,3295000000.0,61054000000.0,32826000000.0,0.10037774934503138,0.5376551904871097
2024-10-04,1,3697,81143000000.0,7063000000.0,3295000000.0,61054000000.0,32826000000.0,0.10037774934503138,0.5376551904871097
2024-10-07,1,3697,81143000000.0,7063000000.0,3295000000.0,61054000000.0,32826000000.0,0.10037774934503138,0.5376551904871097
2024-10-08,1,3697,81143000000.0,7063000000.0,3295000000.0,61054000000.0,32826000000.0,0.10037774934503138,0.5376551904871097
2024-10-09,1,3697,81143000000.0,7063000000.0,3295000000.0,61054000000.0,32826000000.0,0.10037774934503138,0.5376551904871097
2024-10-10,1,3697,110627000000.0,10537000000.0,5715000000.0,63304000000.0,35109000000.0,0.16277877467316074,0.5546095033489195
2024-10-11,1,3697,110627000000.0,10537000000.0,5715000000.0,63304000000.0,35109000000.0,0.16277877467316074,0.5546095033489195
2024-10-15,1,3697,110627000000.0,10537000000.0,5715000000.0,63304000000.0,35109000000.0,0.16277877467316074,0.5546095033489195
2024-10-16,1,3697,110627000000.0,10537000000.0,5715000000.0,63304000000.0,35109000000.0,0.16277877467316074,0.5546095033489195
2024-10-17,1,3697,110627000000.0,10537000000.0,5715000000.0,63304000000.0,35109000000.0,0.16277877467316074,0.5546095033489195
2024-10-18,1,3697,110627000000.0,10537000000.0,5715000000.0,63304000000.0,35109000000.0,0.16277877467316074,0.5546095033489195
2024-10-21,1,3697,110627000000.0,10537000000.0,5715000000.0,63304000000.0,35109000000.0,0.16277877467316074,0.5546095033489195
2024-10-22,0,3697,110627000000.0,10537000000.0,5715000000.0,63304000000.0,35109000000.0,0.16277877467316074,0.5546095033489195
2024-10-23,0,3697,110627000000.0,10537000000.0,5715000000.0,63304000000.0,35109000000.0,0.16277877467316074,0.5546095033489195
2024-10-24,0,3697,110627000000.0,10537000000.0,5715000000.0,63304000000.0,35109000000.0,0.16277877467316074,0.5546095033489195
2024-10-25,0,3697,110627000000.0,10537000000.0,5715000000.0,63304000000.0,35109000000.0,0.16277877467316074,0.5546095033489195
2024-10-28,0,3697,110627000000.0,10537000000.0,5715000000.0,63304000000.0,35109000000.0,0.16277877467316074,0.5546095033489195
2024-10-29,0,3697,110627000000.0,10537000000.0,5715000000.0,63304000000.0,35109000000.0,0.16277877467316074,0.5546095033489195
2024-10-30,0,3697,110627000000.0,10537000000.0,5127000000.0,62717000000.0,34522000000.0,0.14851399107815305,0.5504408693017842
2024-10-31,0,3697,110627000000.0,10537000000.0,5127000000.0,62717000000.0,34522000000.0,0.14851399107815305,0.5504408693017842
2024-11-01,0,3697,110627000000.0,10537000000.0,5127000000.0,62717000000.0,34522000000.0,0.14851399107815305,0.5504408693017842
2024-11-05,0,3697,110627000000.0,10537000000.0,5127000000.0,62717000000.0,34522000000.0,0.14851399107815305,0.5504408693017842
2024-11-06,0,3697,110627000000.0,10537000000.0,5127000000.0,62717000000.0,34522000000.0,0.14851399107815305,0.5504408693017842
2024-11-07,0,3697,110627000000.0,10537000000.0,5127000000.0,62717000000.0,34522000000.0,0.14851399107815305,0.5504408693017842
2024-11-08,0,3697,110627000000.0,10537000000.0,5127000000.0,62717000000.0,34522000000.0,0.14851399107815305,0.5504408693017842
2024-11-11,0,3697,110627000000.0,10537000000.0,5127000000.0,62717000000.0,34522000000.0,0.14851399107815305,0.5504408693017842
2024-11-12,0,3697,110627000000.0,10537000000.0,5127000000.0,62717000000.0,34522000000.0,0.14851399107815305,0.5504408693017842
2024-11-13,0,3697,110627000000.0,10537000000.0,5127000000.0,62717000000.0,34522000000.0,0.14851399107815305,0.5504408693017842
2024-11-14,0,3697,110627000000.0,10537000000.0,5127000000.0,62717000000.0,34522000000.0,0.14851399107815305,0.5504408693017842
2024-11-15,0,3697,110627000000.0,10537000000.0,5127000000.0,62717000000.0,34522000000.0,0.14851399107815305,0.5504408693017842
2024-11-18,0,3697,110627000000.0,10537000000.0,5127000000.0,62717000000.0,34522000000.0,0.14851399107815305,0.5504408693017842
2024-11-19,0,3697,110627000000.0,10537000000.0,5127000000.0,62717000000.0,34522000000.0,0.14851399107815305,0.5504408693017842
2024-11-20,0,3697,110627000000.0,10537000000.0,5127000000.0,62717000000.0,34522000000.0,0.14851399107815305,0.5504408693017842
2024-11-21,0,3697,110627000000.0,10537000000.0,5127000000.0,62717000000.0,34522000000.0,0.14851399107815305,0.5504408693017842
2024-11-22,0,3697,110627000000.0,10537000000.0,5127000000.0,62717000000.0,34522000000.0,0.14851399107815305,0.5504408693017842
2024-11-25,0,3697,110627000000.0,10537000000.0,5127000000.0,62717000000.0,34522000000.0,0.14851399107815305,0.5504408693017842
2024-11-26,0,3697,110627000000.0,10537000000.0,5127000000.0,62717000000.0,34522000000.0,0.14851399107815305,0.5504408693017842
2024-11-27,0,3697,110627000000.0,10537000000.0,5127000000.0,62717000000.0,34522000000.0,0.14851399107815305,0.5504408693017842
2024-11-28,0,3697,110627000000.0,10537000000.0,5127000000.0,62717000000.0,34522000000.0,0.14851399107815305,0.5504408693017842
2024-11-29,0,3697,110627000000.0,10537000000.0,5127000000.0,62717000000.0,34522000000.0,0.14851399107815305,0.5504408693017842
2024-12-02,0,3697,110627000000.0,10537000000.0,5127000000.0,62717000000.0,34522000000.0,0.14851399107815305,0.5504408693017842
2024-12-03,0,3697,110627000000.0,10537000000.0,5127000000.0,62717000000.0,34522000000.0,0.14851399107815305,0.5504408693017842
2024-12-04,0,3697,110627000000.0,10537000000.0,5127000000.0,62717000000.0,34522000000.0,0.14851399107815305,0.5504408693017842
2024-12-05,0,3697,110627000000.0,10537000000.0,5127000000.0,62717000000.0,34522000000.0,0.14851399107815305,0.5504408693017842
2024-12-06,0,3697,110627000000.0,10537000000.0,5127000000.0,62717000000.0,34522000000.0,0.14851399107815305,0.5504408693017842
2024-12-09,0,3697,110627000000.0,10537000000.0,5127000000.0,62717000000.0,34522000000.0,0.14851399107815305,0.5504408693017842
2024-12-10,0,3697,110627000000.0,10537000000.0,5127000000.0,62717000000.0,34522000000.0,0.14851399107815305,0.5504408693017842
2024-12-11,0,3697,110627000000.0,10537000000.0,5127000000.0,62717000000.0,34522000000.0,0.14851399107815305,0.5504408693017842
2024-12-12,0,3697,110627000000.0,10537000000.0,5127000000.0,62717000000.0,34522000000.0,0.14851399107815305,0.5504408693017842
2024-12-13,0,3697,110627000000.0,10537000000.0,5127000000.0,62717000000.0,34522000000.0,0.14851399107815305,0.5504408693017842
2024-12-16,0,3697,110627000000.0,10537000000.0,5127000000.0,62717000000.0,34522000000.0,0.14851399107815305,0.5504408693017842
2024-12-17,0,3697,110627000000.0,10537000000.0,5127000000.0,62717000000.0,34522000000.0,0.14851399107815305,0.5504408693017842
2024-12-18,0,3697,110627000000.0,10537000000.0,5127000000.0,62717000000.0,34522000000.0,0.14851399107815305,0.5504408693017842
2024-12-19,0,3697,110627000000.0,10537000000.0,5127000000.0,62717000000.0,34522000000.0,0.14851399107815305,0.5504408693017842
2024-12-20,0,3697,110627000000.0,10537000000.0,5127000000.0,62717000000.0,34522000000.0,0.14851399107815305,0.5504408693017842
2024-12-23,0,3697,110627000000.0,10537000000.0,5127000000.0,62717000000.0,34522000000.0,0.14851399107815305,0.5504408693017842
2024-12-24,0,3697,110627000000.0,10537000000.0,5127000000.0,62717000000.0,34522000000.0,0.14851399107815305,0.5504408693017842
2024-12-25,0,3697,110627000000.0,10537000000.0,5127000000.0,62717000000.0,34522000000.0,0.14851399107815305,0.5504408693017842
2024-12-26,0,3697,110627000000.0,10537000000.0,5127000000.0,62717000000.0,34522000000.0,0.14851399107815305,0.5504408693017842
2024-12-27,0,3697,110627000000.0,10537000000.0,5127000000.0,62717000000.0,34522000000.0,0.14851399107815305,0.5504408693017842
2024-12-30,0,3697,110627000000.0,10537000000.0,5127000000.0,62717000000.0,34522000000.0,0.14851399107815305,0.5504408693017842
2025-01-06,0,3697,110627000000.0,10537000000.0,5127000000.0,62717000000.0,34522000000.0,0.14851399107815305,0.5504408693017842
2025-01-07,0,3697,110627000000.0,10537000000.0,5127000000.0,62717000000.0,34522000000.0,0.14851399107815305,0.5504408693017842
2025-01-08,0,3697,110627000000.0,10537000000.0,5127000000.0,62717000000.0,34522000000.0,0.14851399107815305,0.5504408693017842
2025-01-09,0,3697,110627000000.0,10537000000.0,5127000000.0,62717000000.0,34522000000.0,0.14851399107815305,0.5504408693017842
2025-01-10,0,3697,110627000000.0,10537000000.0,5127000000.0,62717000000.0,34522000000.0,0.14851399107815305,0.5504408693017842
2025-01-14,0,3697,30174000000.0,3517000000.0,1976000000.0,66212000000.0,35606000000.0,0.05549626467449306,0.5377575061922311
2025-01-15,0,3697,30174000000.0,3517000000.0,1976000000.0,66212000000.0,35606000000.0,0.05549626467449306,0.5377575061922311
2025-01-16,0,3697,30174000000.0,3517000000.0,1976000000.0,66212000000.0,35606000000.0,0.05549626467449306,0.5377575061922311
2025-01-17,0,3697,30174000000.0,3517000000.0,1976000000.0,66212000000.0,35606000000.0,0.05549626467449306,0.5377575061922311
2025-01-20,0,3697,30174000000.0,3517000000.0,1976000000.0,66212000000.0,35606000000.0,0.05549626467449306,0.5377575061922311
2025-01-21,0,3697,30174000000.0,3517000000.0,1976000000.0,66212000000.0,35606000000.0,0.05549626467449306,0.5377575061922311
2025-01-22,0,3697,30174000000.0,3517000000.0,1976000000.0,66212000000.0,35606000000.0,0.05549626467449306,0.5377575061922311
2025-01-23,0,3697,30174000000.0,3517000000.0,1976000000.0,66212000000.0,35606000000.0,0.05549626467449306,0.5377575061922311
2025-01-24,0,3697,30174000000.0,3517000000.0,1976000000.0,66212000000.0,35606000000.0,0.05549626467449306,0.5377575061922311
2025-01-27,0,3697,30174000000.0,3517000000.0,1976000000.0,66212000000.0,35606000000.0,0.05549626467449306,0.5377575061922311
2025-01-28,0,3697,30174000000.0,3517000000.0,1976000000.0,66212000000.0,35606000000.0,0.05549626467449306,0.5377575061922311
2025-01-29,0,3697,30174000000.0,3517000000.0,1976000000.0,66212000000.0,35606000000.0,0.05549626467449306,0.5377575061922311
2025-01-30,0,3697,30174000000.0,3517000000.0,1976000000.0,66212000000.0,35606000000.0,0.05549626467449306,0.5377575061922311
2025-01-31,1,3697,30174000000.0,3517000000.0,1976000000.0,66212000000.0,35606000000.0,0.05549626467449306,0.5377575061922311
2025-02-03,1,3697,30174000000.0,3517000000.0,1976000000.0,66212000000.0,35606000000.0,0.05549626467449306,0.5377575061922311
2025-02-04,0,3697,30174000000.0,3517000000.0,1976000000.0,66212000000.0,35606000000.0,0.05549626467449306,0.5377575061922311
2025-02-05,0,3697,30174000000.0,3517000000.0,1976000000.0,66212000000.0,35606000000.0,0.05549626467449306,0.5377575061922311
2025-02-06,1,3697,30174000000.0,3517000000.0,1976000000.0,66212000000.0,35606000000.0,0.05549626467449306,0.5377575061922311
2025-02-07,1,3697,30174000000.0,3517000000.0,1976000000.0,66212000000.0,35606000000.0,0.05549626467449306,0.5377575061922311
2025-02-10,1,3697,30174000000.0,3517000000.0,1976000000.0,66212000000.0,35606000000.0,0.05549626467449306,0.5377575061922311
2025-02-12,0,3697,30174000000.0,3517000000.0,1976000000.0,66212000000.0,35606000000.0,0.05549626467449306,0.5377575061922311
2025-02-13,0,3697,30174000000.0,3517000000.0,1976000000.0,66212000000.0,35606000000.0,0.05549626467449306,0.5377575061922311
2025-02-14,0,3697,30174000000.0,3517000000.0,1976000000.0,66212000000.0,35606000000.0,0.05549626467449306,0.5377575061922311
2025-02-17,1,3697,30174000000.0,3517000000.0,1976000000.0,66212000000.0,35606000000.0,0.05549626467449306,0.5377575061922311
2025-02-18,1,3697,30174000000.0,3517000000.0,1976000000.0,66212000000.0,35606000000.0,0.05549626467449306,0.5377575061922311
2025-02-19,1,3697,30174000000.0,3517000000.0,1976000000.0,66212000000.0,35606000000.0,0.05549626467449306,0.5377575061922311
2025-02-20,1,3697,30174000000.0,3517000000.0,1976000000.0,66212000000.0,35606000000.0,0.05549626467449306,0.5377575061922311
2025-02-21,1,3697,30174000000.0,3517000000.0,1976000000.0,66212000000.0,35606000000.0,0.05549626467449306,0.5377575061922311
2025-02-25,1,3697,30174000000.0,3517000000.0,1976000000.0,66212000000.0,35606000000.0,0.05549626467449306,0.5377575061922311
2025-02-26,1,3697,30174000000.0,3517000000.0,1976000000.0,66212000000.0,35606000000.0,0.05549626467449306,0.5377575061922311
2025-02-27,1,3697,30174000000.0,3517000000.0,1976000000.0,66212000000.0,35606000000.0,0.05549626467449306,0.5377575061922311
2025-02-28,1,3697,30174000000.0,3517000000.0,1976000000.0,66212000000.0,35606000000.0,0.05549626467449306,0.5377575061922311
2025-03-03,1,3697,30174000000.0,3517000000.0,1976000000.0,66212000000.0,35606000000.0,0.05549626467449306,0.5377575061922311
2025-03-04,1,3697,30174000000.0,3517000000.0,1976000000.0,66212000000.0,35606000000.0,0.05549626467449306,0.5377575061922311
2025-03-05,1,3697,30174000000.0,3517000000.0,1976000000.0,66212000000.0,35606000000.0,0.05549626467449306,0.5377575061922311
2025-03-06,1,3697,30174000000.0,3517000000.0,1976000000.0,66212000000.0,35606000000.0,0.05549626467449306,0.5377575061922311
2025-03-07,1,3697,30174000000.0,3517000000.0,1976000000.0,66212000000.0,35606000000.0,0.05549626467449306,0.5377575061922311
2025-03-10,1,3697,30174000000.0,3517000000.0,1976000000.0,66212000000.0,35606000000.0,0.05549626467449306,0.5377575061922311
2025-03-11,1,3697,30174000000.0,3517000000.0,1976000000.0,66212000000.0,35606000000.0,0.05549626467449306,0.5377575061922311
2025-03-12,1,3697,30174000000.0,3517000000.0,1976000000.0,66212000000.0,35606000000.0,0.05549626467449306,0.5377575061922311
2025-03-13,1,3697,30174000000.0,3517000000.0,1976000000.0,66212000000.0,35606000000.0,0.05549626467449306,0.5377575061922311
2025-03-14,1,3697,30174000000.0,3517000000.0,1976000000.0,66212000000.0,35606000000.0,0.05549626467449306,0.5377575061922311
2025-03-17,1,3697,30174000000.0,3517000000.0,1976000000.0,66212000000.0,35606000000.0,0.05549626467449306,0.5377575061922311
2025-03-18,1,3697,30174000000.0,3517000000.0,1976000000.0,66212000000.0,35606000000.0,0.05549626467449306,0.5377575061922311
2025-03-19,1,3697,30174000000.0,3517000000.0,1976000000.0,66212000000.0,35606000000.0,0.05549626467449306,0.5377575061922311
2025-03-21,1,3697,30174000000.0,3517000000.0,1976000000.0,66212000000.0,35606000000.0,0.05549626467449306,0.5377575061922311
2025-03-24,1,3697,30174000000.0,3517000000.0,1976000000.0,66212000000.0,35606000000.0,0.05549626467449306,0.5377575061922311
2025-03-25,1,3697,30174000000.0,3517000000.0,1976000000.0,66212000000.0,35606000000.0,0.05549626467449306,0.5377575061922311
2025-03-26,1,3697,30174000000.0,3517000000.0,1976000000.0,66212000000.0,35606000000.0,0.05549626467449306,0.5377575061922311
2025-03-27,1,3697,30174000000.0,3517000000.0,1976000000.0,66212000000.0,35606000000.0,0.05549626467449306,0.5377575061922311
2025-03-28,1,3697,30174000000.0,3517000000.0,1976000000.0,66212000000.0,35606000000.0,0.05549626467449306,0.5377575061922311
2025-03-31,1,3697,30174000000.0,3517000000.0,1976000000.0,66212000000.0,35606000000.0,0.05549626467449306,0.5377575061922311
2025-04-01,1,3697,30174000000.0,3517000000.0,1976000000.0,66212000000.0,35606000000.0,0.05549626467449306,0.5377575061922311
2025-04-02,1,3697,30174000000.0,3517000000.0,1976000000.0,66212000000.0,35606000000.0,0.05549626467449306,0.5377575061922311
2025-04-03,1,3697,30174000000.0,3517000000.0,1976000000.0,66212000000.0,35606000000.0,0.05549626467449306,0.5377575061922311
2025-04-04,1,3697,30174000000.0,3517000000.0,1976000000.0,66212000000.0,35606000000.0,0.05549626467449306,0.5377575061922311
2025-04-07,1,3697,30174000000.0,3517000000.0,1976000000.0,66212000000.0,35606000000.0,0.05549626467449306,0.5377575061922311
2025-04-08,1,3697,30174000000.0,3517000000.0,1976000000.0,66212000000.0,35606000000.0,0.05549626467449306,0.5377575061922311
2025-04-09,1,3697,30174000000.0,3517000000.0,1976000000.0,66212000000.0,35606000000.0,0.05549626467449306,0.5377575061922311
2025-04-10,1,3697,61688000000.0,8058000000.0,4493000000.0,67800000000.0,36126000000.0,0.12437025964679178,0.5328318584070797
2025-04-11,1,3697,61688000000.0,8058000000.0,4493000000.0,67800000000.0,36126000000.0,0.12437025964679178,0.5328318584070797
2025-04-14,1,3697,61688000000.0,8058000000.0,4493000000.0,67800000000.0,36126000000.0,0.12437025964679178,0.5328318584070797
2025-04-15,1,3697,61688000000.0,8058000000.0,4493000000.0,67800000000.0,36126000000.0,0.12437025964679178,0.5328318584070797
2025-04-16,1,3697,61688000000.0,8058000000.0,4493000000.0,67800000000.0,36126000000.0,0.12437025964679178,0.5328318584070797
2025-04-17,1,3697,61688000000.0,8058000000.0,4493000000.0,67800000000.0,36126000000.0,0.12437025964679178,0.5328318584070797
2025-04-18,1,3697,61688000000.0,8058000000.0,4493000000.0,67800000000.0,36126000000.0,0.12437025964679178,0.5328318584070797
2025-04-21,1,3697,61688000000.0,8058000000.0,4493000000.0,67800000000.0,36126000000.0,0.12437025964679178,0.5328318584070797
2025-04-22,1,3697,61688000000.0,8058000000.0,4493000000.0,67800000000.0,36126000000.0,0.12437025964679178,0.5328318584070797
2025-04-23,1,3697,61688000000.0,8058000000.0,4493000000.0,67800000000.0,36126000000.0,0.12437025964679178,0.5328318584070797
2025-04-24,1,3697,61688000000.0,8058000000.0,4493000000.0,67800000000.0,36126000000.0,0.12437025964679178,0.5328318584070797
2025-04-25,1,3697,61688000000.0,8058000000.0,4493000000.0,67800000000.0,36126000000.0,0.12437025964679178,0.5328318584070797
2025-04-28,1,3697,61688000000.0,8058000000.0,4493000000.0,67800000000.0,36126000000.0,0.12437025964679178,0.5328318584070797
2025-04-30,0,3697,61688000000.0,8058000000.0,4493000000.0,67800000000.0,36126000000.0,0.12437025964679178,0.5328318584070797
2025-05-01,0,3697,61688000000.0,8058000000.0,4493000000.0,67800000000.0,36126000000.0,0.12437025964679178,0.5328318584070797
2025-05-02,0,3697,61688000000.0,8058000000.0,4493000000.0,67800000000.0,36126000000.0,0.12437025964679178,0.5328318584070797
2025-05-07,0,3697,61688000000.0,8058000000.0,4493000000.0,67800000000.0,36126000000.0,0.12437025964679178,0.5328318584070797
2025-05-08,0,3697,61688000000.0,8058000000.0,4493000000.0,67800000000.0,36126000000.0,0.12437025964679178,0.5328318584070797
2025-05-09,0,3697,61688000000.0,8058000000.0,4493000000.0,67800000000.0,36126000000.0,0.12437025964679178,0.5328318584070797
2025-05-12,0,3697,61688000000.0,8058000000.0,4493000000.0,67800000000.0,36126000000.0,0.12437025964679178,0.5328318584070797
2025-05-13,0,3697,61688000000.0,8058000000.0,4493000000.0,67800000000.0,36126000000.0,0.12437025964679178,0.5328318584070797
2025-05-14,0,3697,61688000000.0,8058000000.0,4493000000.0,67800000000.0,36126000000.0,0.12437025964679178,0.5328318584070797
2025-05-15,0,3697,61688000000.0,8058000000.0,4493000000.0,67800000000.0,36126000000.0,0.12437025964679178,0.5328318584070797
2025-05-16,0,3697,61688000000.0,8058000000.0,4493000000.0,67800000000.0,36126000000.0,0.12437025964679178,0.5328318584070797
2025-05-19,0,3697,61688000000.0,8058000000.0,4493000000.0,67800000000.0,36126000000.0,0.12437025964679178,0.5328318584070797
2025-05-20,0,3697,61688000000.0,8058000000.0,4493000000.0,67800000000.0,36126000000.0,0.12437025964679178,0.5328318584070797
2025-05-21,0,3697,61688000000.0,8058000000.0,4493000000.0,67800000000.0,36126000000.0,0.12437025964679178,0.5328318584070797
2025-05-22,0,3697,61688000000.0,8058000000.0,4493000000.0,67800000000.0,36126000000.0,0.12437025964679178,0.5328318584070797
2025-05-23,0,3697,61688000000.0,8058000000.0,4493000000.0,67800000000.0,36126000000.0,0.12437025964679178,0.5328318584070797
2025-05-26,0,3697,61688000000.0,8058000000.0,4493000000.0,67800000000.0,36126000000.0,0.12437025964679178,0.5328318584070797
2025-05-27,0,3697,61688000000.0,8058000000.0,4493000000.0,67800000000.0,36126000000.0,0.12437025964679178,0.5328318584070797
2025-05-28,0,3697,61688000000.0,8058000000.0,4493000000.0,67800000000.0,36126000000.0,0.12437025964679178,0.5328318584070797
2025-05-29,0,3697,61688000000.0,8058000000.0,4493000000.0,67800000000.0,36126000000.0,0.12437025964679178,0.5328318584070797
2025-05-30,0,3697,61688000000.0,8058000000.0,4493000000.0,67800000000.0,36126000000.0,0.12437025964679178,0.5328318584070797
2025-06-02,0,3697,61688000000.0,8058000000.0,4493000000.0,67800000000.0,36126000000.0,0.12437025964679178,0.5328318584070797
2025-06-03,0,3697,61688000000.0,8058000000.0,4493000000.0,67800000000.0,36126000000.0,0.12437025964679178,0.5328318584070797
2025-06-04,0,3697,61688000000.0,8058000000.0,4493000000.0,67800000000.0,36126000000.0,0.12437025964679178,0.5328318584070797
2025-06-05,0,3697,61688000000.0,8058000000.0,4493000000.0,67800000000.0,36126000000.0,0.12437025964679178,0.5328318584070797
2025-06-06,0,3697,61688000000.0,8058000000.0,4493000000.0,67800000000.0,36126000000.0,0.12437025964679178,0.5328318584070797
2025-06-09,0,3697,61688000000.0,8058000000.0,4493000000.0,67800000000.0,36126000000.0,0.12437025964679178,0.5328318584070797
2025-06-10,0,3697,61688000000.0,8058000000.0,4493000000.0,67800000000.0,36126000000.0,0.12437025964679178,0.5328318584070797
2025-06-11,0,3697,61688000000.0,8058000000.0,4493000000.0,67800000000.0,36126000000.0,0.12437025964679178,0.5328318584070797
2025-06-12,0,3697,61688000000.0,8058000000.0,4493000000.0,67800000000.0,36126000000.0,0.12437025964679178,0.5328318584070797
2025-06-13,0,3697,61688000000.0,8058000000.0,4493000000.0,67800000000.0,36126000000.0,0.12437025964679178,0.5328318584070797
2025-06-16,0,3697,61688000000.0,8058000000.0,4493000000.0,67800000000.0,36126000000.0,0.12437025964679178,0.5328318584070797
2025-06-17,0,3697,61688000000.0,8058000000.0,4493000000.0,67800000000.0,36126000000.0,0.12437025964679178,0.5328318584070797
2025-06-18,0,3697,61688000000.0,8058000000.0,4493000000.0,67800000000.0,36126000000.0,0.12437025964679178,0.5328318584070797
2025-06-19,0,3697,61688000000.0,8058000000.0,4493000000.0,67800000000.0,36126000000.0,0.12437025964679178,0.5328318584070797
2025-06-20,0,3697,61688000000.0,8058000000.0,4493000000.0,67800000000.0,36126000000.0,0.12437025964679178,0.5328318584070797
2025-06-23,0,3697,61688000000.0,8058000000.0,4493000000.0,67800000000.0,36126000000.0,0.12437025964679178,0.5328318584070797
2025-06-24,0,3697,61688000000.0,8058000000.0,4493000000.0,67800000000.0,36126000000.0,0.12437025964679178,0.5328318584070797
2025-06-25,0,3697,61688000000.0,8058000000.0,4493000000.0,67800000000.0,36126000000.0,0.12437025964679178,0.5328318584070797
2025-06-26,0,3697,61688000000.0,8058000000.0,4493000000.0,67800000000.0,36126000000.0,0.12437025964679178,0.5328318584070797
2025-06-27,0,3697,61688000000.0,8058000000.0,4493000000.0,67800000000.0,36126000000.0,0.12437025964679178,0.5328318584070797
2025-06-30,0,3697,61688000000.0,8058000000.0,4493000000.0,67800000000.0,36126000000.0,0.12437025964679178,0.5328318584070797
2025-07-01,0,3697,61688000000.0,8058000000.0,4493000000.0,67800000000.0,36126000000.0,0.12437025964679178,0.5328318584070797
2025-07-02,0,3697,61688000000.0,8058000000.0,4493000000.0,67800000000.0,36126000000.0,0.12437025964679178,0.5328318584070797
2025-07-03,0,3697,61688000000.0,8058000000.0,4493000000.0,67800000000.0,36126000000.0,0.12437025964679178,0.5328318584070797
2025-07-04,0,3697,61688000000.0,8058000000.0,4493000000.0,67800000000.0,36126000000.0,0.12437025964679178,0.5328318584070797
2025-07-07,0,3697,61688000000.0,8058000000.0,4493000000.0,67800000000.0,36126000000.0,0.12437025964679178,0.5328318584070797
2025-07-08,0,3697,61688000000.0,8058000000.0,4493000000.0,67800000000.0,36126000000.0,0.12437025964679178,0.5328318584070797
2025-07-09,0,3697,95412000000.0,11906000000.0,6282000000.0,77830000000.0,38311000000.0,0.16397379342747515,0.49223949633817293
2025-07-10,0,3697,95412000000.0,11906000000.0,6282000000.0,77830000000.0,38311000000.0,0.16397379342747515,0.49223949633817293
2025-07-11,0,3697,95412000000.0,11906000000.0,6282000000.0,77830000000.0,38311000000.0,0.16397379342747515,0.49223949633817293
2025-07-14,0,3697,95412000000.0,11906000000.0,6282000000.0,77830000000.0,38311000000.0,0.16397379342747515,0.49223949633817293
2025-07-15,0,3697,95412000000.0,11906000000.0,6282000000.0,77830000000.0,38311000000.0,0.16397379342747515,0.49223949633817293
2025-07-16,0,3697,95412000000.0,11906000000.0,6282000000.0,77830000000.0,38311000000.0,0.16397379342747515,0.49223949633817293
2025-07-17,0,3697,95412000000.0,11906000000.0,6282000000.0,77830000000.0,38311000000.0,0.16397379342747515,0.49223949633817293
2025-07-18,0,3697,95412000000.0,11906000000.0,6282000000.0,77830000000.0,38311000000.0,0.16397379342747515,0.49223949633817293
2025-07-22,0,3697,95412000000.0,11906000000.0,6282000000.0,77830000000.0,38311000000.0,0.16397379342747515,0.49223949633817293
2025-07-23,0,3697,95412000000.0,11906000000.0,6282000000.0,77830000000.0,38311000000.0,0.16397379342747515,0.49223949633817293
2025-07-24,0,3697,95412000000.0,11906000000.0,6282000000.0,77830000000.0,38311000000.0,0.16397379342747515,0.49223949633817293
2025-07-25,0,3697,95412000000.0,11906000000.0,6282000000.0,77830000000.0,38311000000.0,0.16397379342747515,0.49223949633817293
