,RMT_Raw,RMT_Vel,RMT_Accel,RMT_Zscore,Target
2017-05-10,41.91369787672433,-0.10950841772302056,0.03705707426141913,-1.0025019857026285,0
2017-05-11,41.48305701294816,0.19482718640301044,0.304335604126031,-1.0474267272516447,0
2017-05-12,41.129524792303606,0.17444972612475595,-0.02037746027825449,-1.0831984150971823,0
2017-05-15,40.70071453238469,0.043592942541422985,-0.13085678358333297,-1.128145874097119,0
2017-05-16,39.52111477270362,-0.4730291843779426,-0.5166221269193656,-1.2641365162535418,0
2017-05-17,39.407687242423705,-0.5012021268601288,-0.02817294248218616,-1.2701340786331952,0
2017-05-18,39.28516525277869,-0.43957835203389095,0.06162377482623782,-1.2769796513426703,0
2017-05-19,39.82510111937726,-0.26088473458526806,0.1786936174486229,-1.2024275890298388,0
2017-05-22,39.08365066471367,-0.3234127735342085,-0.06252803894894043,-1.2854552961649477,0
2017-05-23,39.12696717764488,-0.07882951901174806,0.24458325452246044,-1.2714656433869143,0
2017-05-24,38.87875973003308,-0.10578550247812046,-0.026955983466372402,-1.2936157087096596,0
2017-05-25,38.05995275326952,-0.24504249990183524,-0.13925699742371478,-1.3862387450259814,0
2017-05-26,38.124057215812506,-0.340208780712949,-0.09516628081111378,-1.368514292379855,0
2017-05-29,38.44213872200725,-0.12830238854128595,0.21190639217166307,-1.3192913710533827,0
2017-05-30,37.81814472479306,-0.2617644905703642,-0.13346210202907827,-1.3865102902973505,0
2017-05-31,38.24874589823156,-0.12600276636030117,0.13576172421006305,-1.322274320366092,0
2017-06-01,38.29417976630675,0.04684540260744541,0.17284816896774657,-1.3064270354473384,0
2017-06-02,39.34516962894269,0.24422248262603574,0.19737708001859033,-1.1654871670954519,0
2017-06-05,40.3035176469117,0.37227578498089287,0.12805330235485712,-1.037131228093368,0
2017-06-06,40.3623065814578,0.508832371332943,0.13655658635205015,-1.022144842061421,0
2017-06-07,40.508327234483495,0.4519162672503896,-0.05691610408255343,-0.9967543591136692,0
2017-06-08,40.36154537522787,0.4134731217842287,-0.0384431454661609,-1.008677199591985,0
2017-06-09,38.21594051110727,-0.22584582356708438,-0.6393189453513131,-1.274022688574986,0
2017-06-12,37.89964841438528,-0.48077384650528643,-0.25492802293820205,-1.3067519156318756,0
2017-06-13,37.20402682877286,-0.6316559505369881,-0.15088210403170166,-1.3883527424025564,0
2017-06-14,36.97964261391078,-0.7057369241145395,-0.07408097357755139,-1.4098134239710196,0
2017-06-15,36.97369870267406,-0.6775693345107641,0.02816758960377541,-1.401275486206697,0
2017-06-16,36.87434931807138,-0.2683182386071792,0.4092510959035849,-1.4050262549505812,0
2017-06-19,37.06245219622576,-0.16743924363190388,0.1008789949752753,-1.3704416891750868,0
2017-06-20,36.92939779913506,-0.05492580592756724,0.11251343770433664,-1.3757155112759403,0
2017-06-21,37.04125711543701,0.012322900305250073,0.06724870623281731,-1.3496098515419872,0
2017-06-22,37.15592364149904,0.03644498776499461,0.024122087459744534,-1.3235313344019224,0
2017-06-23,37.049022760508734,0.03493468848747483,-0.0015102992775197777,-1.3263362035422501,0
2017-06-26,36.5144718241368,-0.1095960744177944,-0.14453076290526923,-1.3838816460369026,0
2017-06-27,36.51952064998785,-0.08197542982944128,0.027620644588353116,-1.371876208905281,0
2017-06-28,35.9201556669595,-0.22422028969550212,-0.14224485986606084,-1.4374594552128477,0
2017-06-29,35.19694940758961,-0.3917948467818917,-0.16757455708638958,-1.5180050288840947,0
2017-06-30,35.261445901112644,-0.35751537187921656,0.03427947490267513,-1.496945542851991,0
2017-07-03,35.26673134662822,-0.24954809550171575,0.10796727637750081,-1.4885035773003055,0
2017-07-04,35.24232159082422,-0.2554398118327228,-0.005891716331007046,-1.4830398081750975,0
2017-07-05,35.00746469485235,-0.18253819442143282,0.07290161741128998,-1.505260579722668,0
2017-07-06,34.966022450868536,-0.04618539134420985,0.13635280307722297,-1.5014460301407329,0
2017-07-07,34.417107476815644,-0.16886768485939996,-0.12268229351519011,-1.5638319167572299,0
2017-07-10,34.353339183575734,-0.18267843261050132,-0.01381074775110136,-1.562979053470243,0
2017-07-11,34.43982571783157,-0.16049917459852736,0.022179258011973957,-1.5428471037419267,0
2017-07-12,34.65636526067626,-0.0702198868352184,0.09027928776330896,-1.5059745587483562,0
2017-07-13,34.79931836327172,-0.03334081751935969,0.036879069315858715,-1.479568450772856,0
2017-07-14,34.63984304237577,0.04454711311203141,0.0778879306313911,-1.4931570633085156,0
2017-07-18,34.65269775676737,0.05987171463831942,0.015324601526288006,-1.4839075080842026,0
2017-07-19,32.15911721250506,-0.45614170106530594,-0.5160134157036254,-1.8108360740753986,0
2017-07-20,32.179993548526255,-0.495274342430001,-0.039132641364695075,-1.7997899128664692,0
2017-07-21,32.09659930304234,-0.5405438120458754,-0.045269469615874414,-1.802975079751037,0
2017-07-24,31.235917736483977,-0.680785061178355,-0.1402412491324796,-1.9111840863646838,0
2017-07-25,30.60663659809928,-0.8092122317336177,-0.12842717055526265,-1.9861084442102188,0
2017-07-26,30.783762985775983,-0.2750708453458195,0.5341413863877982,-1.9503801942841907,0
2017-07-27,30.370312101033885,-0.3619362894984768,-0.08686544415265729,-1.995570401077446,0
2017-07-28,29.797118427502856,-0.45989617510789316,-0.09795988560941638,-2.062331906875313,0
2017-07-31,29.509986150937205,-0.3451863171093521,0.11470985799854105,-2.0896235853517218,0
2017-08-01,28.860716626031746,-0.34918399441350445,-0.003997677304152347,-2.1655918926945374,0
2017-08-02,28.981465603981167,-0.36045947635896525,-0.011275481945460797,-2.135744455161576,0
2017-08-03,27.33001351005485,-0.6080597181958076,-0.24760024183684237,-2.3474031372848176,0
2017-08-04,27.101101485699143,-0.5392033883607432,0.0688563298350644,-2.3600166517723427,0
2017-08-07,26.692933353429115,-0.5634105595016194,-0.024207171140876227,-2.392253895745882,0
2017-08-08,26.64650880304168,-0.4428415645980124,0.12056899490360706,-2.373445680831821,0
2017-08-09,26.003621475689677,-0.5955688256582974,-0.152727261060285,-2.4341956738736945,0
2017-08-10,25.796974848696173,-0.30660773227173266,0.2889610933865647,-2.4347971542195905,0
2017-08-14,25.66229046301781,-0.2877622045362678,0.018845527735464884,-2.425154790604911,0
2017-08-15,26.46145751010864,-0.04629516866409489,0.24146703587217289,-2.291374129001742,0
2017-08-16,26.951465980993294,0.06099143559032427,0.10728660425441916,-2.2032710188665545,0
2017-08-17,26.959927341640576,0.19126117319017766,0.13026973759985339,-2.1816937354333743,0
2017-08-18,27.1177648950294,0.264158009266648,0.07289683607647035,-2.139367813390105,0
2017-08-21,27.47338307432682,0.3622185222617986,0.09806051299515062,-2.07073853737914,0
2017-08-22,27.21102037854424,0.14991257368711786,-0.21230594857468077,-2.085542741375947,0
2017-08-23,26.513909809184096,-0.08751123436183761,-0.23742380804895546,-2.1561249801684914,0
2017-08-24,25.697920690857025,-0.25240133015670807,-0.16489009579487046,-2.2384228571929246,0
2017-08-25,25.91736710464501,-0.24007955807687864,0.01232177207982943,-2.18364223626507,0
2017-08-28,26.07535010624869,-0.2796065936156289,-0.039527035538750255,-2.137562860996612,0
2017-08-29,26.271769866283503,-0.18785010245214906,0.09175649116347984,-2.088007744784503,0
2017-08-30,26.22092819692987,-0.058596322450842564,0.1292537800013065,-2.071583162800018,0
2017-08-31,23.810551757624246,-0.3774737866465543,-0.3188774641957117,-2.3568607344854073,0
2017-09-01,24.16689495818504,-0.3500944292919961,0.02737935735455821,-2.2815043771680195,0
2017-09-04,24.394133880565036,-0.33624324513673187,0.013851184155264207,-2.224157136610506,0
2017-09-05,24.79325545281081,-0.29570288269453826,0.04054036244219361,-2.1467059857631132,0
2017-09-06,24.959387927395102,-0.2523080539069511,0.04339482878758716,-2.10093739844104,0
2017-09-07,25.271656409983184,0.2922209304717853,0.5445289843787364,-2.0385333846980362,0
2017-09-08,25.361106921575285,0.2388423926780483,-0.053378537793737024,-2.0053816163216562,0
2017-09-11,25.085913589726424,0.1383559418322804,-0.1004864508457679,-2.0182594592414165,0
2017-09-12,24.644504365516312,-0.029750217458900607,-0.168106159291181,-2.051308850804379,0
2017-09-13,25.302546675046827,0.06863174953034701,0.09838196698924762,-1.9484600656383146,0
2017-09-14,25.39404371730621,0.024477461464602612,-0.044154288065744396,-1.9178625166849628,0
2017-09-15,25.4451506422808,0.016808744141101783,-0.007668717323500829,-1.8927952473578735,0
2017-09-19,25.28693708112878,0.040204698280472684,0.0233959541393709,-1.8940720810670848,0
2017-09-20,27.49282578703824,0.569664284304384,0.5294595860239113,-1.6070001443431106,0
2017-09-21,27.25125747547031,0.3897421600847011,-0.1799221242196829,-1.6238576421690658,0
2017-09-22,27.007442918121868,0.32267984016312923,-0.06706231992157186,-1.640786262790595,0
2017-09-25,26.909949239624584,0.2929597194687581,-0.029720120694371133,-1.6396503886415685,0
2017-09-26,26.875337572464996,0.3176800982672425,0.024720378798484433,-1.6307761692030773,0
2017-09-27,26.30326344414389,-0.23791246857887316,-0.5555925668461157,-1.6878594092510797,0
2017-09-28,24.041475919220183,-0.64195631125002,-0.4040438426711468,-1.9503675047926974,0
2017-09-29,24.241335964680825,-0.5532213906882149,0.0887349205618051,-1.9079344066297892,0
2017-10-02,23.745664264047832,-0.6328569951153469,-0.07963560442713202,-1.9507525053042987,0
2017-10-03,23.836246892664292,-0.6078181359601409,0.025038859155205984,-1.9215984505047465,0
2017-10-04,24.30494263527008,-0.39966416177476205,0.20815397418537884,-1.8470343317924869,0
2017-10-05,24.521493939540665,0.09600360406409791,0.49566776583885996,-1.804604813502167,0
2017-10-06,24.745878388018564,0.10090848466754565,0.004904880603447737,-1.7623917340942725,0
2017-10-10,24.892167284534608,0.2293006040973573,0.12839211942981166,-1.7304390187376932,0
2017-10-11,24.590288915375243,0.15080840454218958,-0.07849219955516773,-1.7533277329271209,0
2017-10-12,24.662126416892768,0.0714367563245375,-0.07937164821765208,-1.7306123820052604,0
2017-10-13,24.32176843386342,-0.039945101135451466,-0.11138185745998896,-1.7581616323736127,0
2017-10-16,24.397731181438758,-0.0696294413159606,-0.02968434018050914,-1.7335207912090678,0
2017-10-17,24.36015787973504,-0.10640188095991476,-0.03677243964395416,-1.7228492445603478,0
2017-10-18,24.28759741866631,-0.06053829934178623,0.045863581618128535,-1.7167921200817735,0
2017-10-19,24.24349707293751,-0.08372586879104915,-0.023187569449262924,-1.7066649697535046,0
2017-10-20,24.32232484041212,0.00011128130974213946,0.08383715010079129,-1.681988647600254,0
2017-10-23,24.318671016213717,-0.01581203304500889,-0.015923314354751028,-1.667489964598261,0
2017-10-24,24.559778956870737,0.03992421542713487,0.05573624847214376,-1.6239280478527687,0
2017-10-25,25.30180937847974,0.20284239196269027,0.1629181765355554,-1.5209878857388437,0
2017-10-26,24.94990959211937,0.14128250383636853,-0.06155988812632174,-1.5507911084175368,0
2017-10-27,24.687653803459902,0.07306579260955459,-0.06821671122681394,-1.567691620904855,0
2017-10-30,25.062140627222067,0.148693922201673,0.0756281295921184,-1.5082414427436837,0
2017-10-31,25.223241738972455,0.1326925564203414,-0.0160013657813316,-1.4752265693573932,0
2017-11-01,24.90473353477863,-0.07941516874021914,-0.21210772516056053,-1.49955543090614,0
2017-11-02,24.945660935627288,-0.0008497312984161454,0.078565437441803,-1.4811390638903374,0
2017-11-06,24.71102800265813,0.004674839839644562,0.005524571138060708,-1.4952525418145421,0
2017-11-07,24.27552073400244,-0.15732397864392667,-0.16199881848357123,-1.5324022426950366,0
2017-11-08,24.96664042123324,-0.05132026354784003,0.10600371509608664,-1.4381579632328076,0
2017-11-09,24.489800827198557,-0.08298654151601426,-0.03166627796817423,-1.4808405560440154,0
2017-11-10,24.401626961524844,-0.1088067948204916,-0.025820253304477347,-1.4777728289828143,0
2017-11-13,24.392745680901022,-0.06365646435142125,0.045150330469070354,-1.4656361081739158,0
2017-11-14,25.43811631783455,0.23251911676642578,0.29617558111784703,-1.3344508660351189,0
2017-11-15,25.420684083776635,0.09080873250867327,-0.1417103842577525,-1.3253070838282812,0
2017-11-16,27.318611028823693,0.5657620403250299,0.4749533078163566,-1.097938488913546,0
2017-11-17,27.61121915634419,0.6419184389638701,0.07615639863884027,-1.0557580359051646,0
2017-11-20,27.156631638779185,0.5527771915756325,-0.08914124738823759,-1.0992740863805293,0
2017-11-21,27.10794781543485,0.33396629952005696,-0.21881089205557558,-1.096106383108361,0
2017-11-22,27.27469722603163,0.37080262845100265,0.03683632893094568,-1.0683859541447345,0
2017-11-24,27.32569235158175,0.0014162645516115902,-0.36938636389939106,-1.0541253053949364,0
2017-11-27,27.58531979357552,-0.005179872553735976,-0.006596137105347566,-1.0161039130377505,0
2017-11-28,28.17156370860429,0.20298641396502148,0.20816628651875746,-0.9409636375720782,0
2017-11-29,28.100375516794056,0.1984855402718395,-0.004500873693181973,-0.9416125607791062,0
2017-11-30,28.30884789017204,0.20683013282808105,0.008344592556241537,-0.9101821763990989,0
2017-12-01,28.126737766085785,0.16020908290080982,-0.04662104992727123,-0.9238220846165252,0
2017-12-04,28.20305030976665,0.12354610323822612,-0.036662979662583695,-0.9077476297841864,0
2017-12-05,28.449574260570973,0.05560211039333396,-0.06794399284489216,-0.8722025669069821,0
2017-12-06,28.18324748424386,0.016574393489957373,-0.039027716903376586,-0.896118093898016,0
2017-12-07,29.01982306702255,0.1421950353701078,0.12562064188015043,-0.7918692052455766,0
2017-12-08,29.363876837737436,0.24742781433032945,0.10523277896022165,-0.7451482728181944,0
2017-12-11,28.815003152726167,0.12239056859190356,-0.1250372457384259,-0.8028006162374712,0
2017-12-12,28.378896123384337,-0.014135627437326548,-0.1365261960292301,-0.8471376126187898,0
2017-12-13,28.139099834561502,-0.008829529936470237,0.0053060975008563105,-0.8683640065364905,0
2017-12-14,27.971669828022986,-0.20963064779991214,-0.2008011178634419,-0.8810979130532148,0
2017-12-15,26.99081549081541,-0.4746122693844086,-0.26498162158449645,-0.9896220149115222,0
2017-12-18,27.28898278726422,-0.30520407309238706,0.16940819629202153,-0.9468975139077151,0
2017-12-19,28.076106346311956,-0.06055795541448106,0.244646117677906,-0.8464027258193565,0
2017-12-20,28.007413180770627,-0.026337330758170907,0.03422062465631015,-0.8476715084144552,0
2017-12-21,27.45888984115612,-0.10255599737337207,-0.07621866661520116,-0.9059245362168613,0
2017-12-22,27.4280731670083,0.08745153523857851,0.19000753261195058,-0.9024237223811359,0
2017-12-25,27.444417143325165,0.031086871212188782,-0.05636466402638973,-0.893336308240765,0
2017-12-26,27.325070483164293,-0.15020717262953198,-0.18129404384172076,-0.9005338008107754,0
2017-12-27,27.411997069127565,-0.11908322232861579,0.031123950300916192,-0.8830243628729397,0
2017-12-28,27.145767910900226,-0.06262438605117637,0.05645883627743942,-0.9080162341845285,0
2017-12-29,27.552945526130745,0.024974471824485533,0.0875988578756619,-0.8518258788298099,0
2018-01-04,27.181533706962124,-0.05257668727260523,-0.07755115909709076,-0.8897449626660217,0
2018-01-05,30.351294378915878,0.6052447791503184,0.6578214664229236,-0.4986116919865686,0
2018-01-09,30.63831342683765,0.6452632715420172,0.04001849239169886,-0.45779044033245103,0
2018-01-10,30.64054466640739,0.6989553511014321,0.05369207955941491,-0.45165835125012394,0
2018-01-11,30.35513512380172,0.5604379195341913,-0.13851743156724083,-0.48067560934448694,0
2018-01-12,29.88492894351569,0.5406790473107179,-0.01975887222347339,-0.5325934317254823,0
2018-01-15,29.680361536798618,-0.13418656842345555,-0.6748656157341735,-0.5518364675479086,0
2018-01-16,29.66128041320877,-0.1954066027257717,-0.06122003430231615,-0.5480993195047262,0
2018-01-17,29.447629446366665,-0.23858304400814845,-0.04317644128237674,-0.5686821229700265,0
2018-01-18,29.325880097773243,-0.2058510052056981,0.03273203880245035,-0.5778336735099564,0
2018-01-19,28.130696496769374,-0.35084648934925866,-0.14499548414356056,-0.7224071753716282,0
2018-01-22,28.221810316725943,-0.2917102440145385,0.05913624533472017,-0.7046038548346718,0
2018-01-23,28.34175328479575,-0.2639054256825979,0.027804818331940595,-0.6831621661343141,1
2018-01-24,28.564078959688597,-0.17671009733562215,0.08719532834697574,-0.6485334193351984,1
2018-01-25,28.556625409152065,-0.1538509377242292,0.022859159611392954,-0.6433699341110148,1
2018-01-26,29.047779005625465,0.18341650177121593,0.33726743949544513,-0.573651131822722,1
2018-01-29,29.015927611267028,0.15882345890821625,-0.02459304286299968,-0.5716611656962604,1
2018-01-30,28.91553345019285,0.11475603307941995,-0.0440674258287963,-0.5786967154898742,1
2018-01-31,29.82616712014827,0.25241763209193735,0.1376615990125174,-0.4523307648066519,1
2018-02-01,30.209953663624464,0.3306656508944812,0.07824801880254384,-0.394920028167633,1
2018-02-02,30.78764099842754,0.3479723985604082,0.01730674766592699,-0.31105089326855184,1
2018-02-05,30.52007555682613,0.3008295891118209,-0.047142809448587286,-0.34051783904782257,1
2018-02-06,32.42821492656765,0.7025362952749639,0.40170670616314297,-0.07456968571866025,0
2018-02-07,38.894732345604616,1.8137130450912728,1.111176749816309,0.8169211992849155,0
2018-02-08,38.72540045465351,1.7030893582058013,-0.11062368688547153,0.8022998442408683,0
2018-02-09,38.74342891798352,1.5911575839112047,-0.11193177429459666,0.812998652754667,0
2018-02-13,39.88609027995268,1.8732029446253051,0.28204536071410047,0.979412027810356,0
2018-02-14,40.011962264757976,1.5167494676380713,-0.35645347698723384,1.0048478947588282,0
2018-02-15,39.98011763628498,0.21707705813606282,-1.2996724095020085,1.0086791417836563,0
2018-02-16,39.788402172224,0.2126003435141044,-0.004476714621958422,0.9896980193775263,0
2018-02-19,40.0146292877542,0.2542400739541293,0.04163973044002489,1.0310445077205315,0
2018-02-20,41.007833983440655,0.22434874069760014,-0.02989133325652915,1.181359045156168,0
2018-02-21,41.14134509385844,0.2258765658200872,0.0015278251224870587,1.2099965967138273,0
2018-02-22,40.89759821971028,0.18349611668506327,-0.04238044913502392,1.1848575819608913,0
2018-02-23,40.89541135619112,0.22140183679342584,0.03790572010836257,1.194672885364769,0
2018-02-26,41.06088910591571,0.2092519636323047,-0.01214987316112115,1.2288297857713684,0
2018-02-27,41.31161069660516,0.06075534263290194,-0.14849662099940275,1.275626163040758,0
2018-02-28,41.37578000155998,0.04688698154030391,-0.013868361092598036,1.2955498109129706,0
2018-03-01,41.86876673128976,0.19423370231589132,0.14734672077558741,1.3786915047898691,0
2018-03-02,42.8833309890832,0.39758392657842023,0.2033502242625289,1.5389319001146546,0
2018-03-05,44.04684536693483,0.5971912522038281,0.19960732562540784,1.721378743630881,0
2018-03-06,43.98109876534496,0.5338976137479534,-0.06329363845587466,1.7220888275345299,0
2018-03-07,44.62130598212659,0.6491051961133252,0.11520758236537176,1.8290944664329465,0
2018-03-08,44.366313309814856,0.4995093157050192,-0.14959588040830596,1.8038421229543522,0
2018-03-09,44.655351048251454,0.354404011833644,-0.1451053038713752,1.8597571750037636,0
2018-03-12,44.65822900625436,0.12227672786391253,-0.23212728396973148,1.8714817482326602,0
2018-03-13,45.41742351674099,0.2872649502792086,0.1649882224152961,1.9976860680755615,0
2018-03-14,45.23025293944512,0.12178939146370027,-0.16547555881550835,1.9791672251387042,0
2018-03-15,45.38034500173949,0.20280633838493145,0.08101694692123118,1.9954094529970001,0
2018-03-16,44.65154971427533,-0.0007602667952255615,-0.203566605180157,1.8621656583454238,0
2018-03-19,44.56821671494463,-0.018002458261946686,-0.017242191466721124,1.8301864376170645,0
2018-03-20,44.795991930145256,-0.12428631731914663,-0.10628385905719995,1.8447155149441217,0
2018-03-22,44.72614525383897,-0.10082153712122732,0.02346478019791931,1.8148445493629057,0
2018-03-23,44.49438449631764,-0.17719210108437267,-0.07637056396314534,1.7619582395371944,0
2018-03-26,47.653968508189465,0.6004837587828291,0.7776758598672018,2.203157331114625,0
2018-03-27,47.58841658860463,0.6040399747319967,0.0035562159491675516,2.1644021105639757,0
2018-03-28,49.00115345870049,0.8410323057110531,0.23699233097905648,2.33602999134177,0
2018-03-29,49.10019849722631,0.8748106486774603,0.03377834296640714,2.317761620078894,0
2018-03-30,48.94782672861006,0.8906884464584834,0.015877797781023162,2.265298944045657,0
2018-04-02,49.51598175344106,0.37240264905032205,-0.5182857974081614,2.3139542478986956,0
2018-04-03,49.67678658387059,0.4176739990531857,0.04527135000286364,2.305793549822521,0
2018-04-04,49.57852066005964,0.1154734402718347,-0.302200558781351,2.2638395430827085,0
2018-04-05,49.56248567118693,0.09245743479212365,-0.023016005479711055,2.2342884981962454,0
2018-04-06,49.52994943208776,0.1164245406955402,0.023967105903416552,2.2035538098025937,0
2018-04-09,49.28827953937178,-0.04554044281385217,-0.16196498350939237,2.1477646868168674,0
2018-04-10,49.12255409126772,-0.11084649852057282,-0.06530605570672066,2.103340157598811,0
2018-04-11,48.97670851192151,-0.1203624296276331,-0.009515931107060283,2.0632031731487817,0
2018-04-12,48.75589668585427,-0.1613177970665305,-0.04095536743889738,2.014454866728921,0
2018-04-13,48.838849352217146,-0.13822001597412026,0.02309778109241023,2.0064359725130547,0
2018-04-16,49.00535025083864,-0.05658585770662938,0.08163415826749088,2.0089501681031114,0
2018-04-17,49.07314887165063,-0.009881043923421373,0.04670481378320801,1.9998303387608425,0
2018-04-18,48.741936404963774,-0.04695442139154693,-0.03707337746812556,1.9411880437299174,0
2018-04-19,48.98262563690413,0.045345790209971426,0.09230021160151836,1.9561302974954504,0
2018-04-20,49.13961307119046,0.060152743794667174,0.014806953584695748,1.9604656896434884,0
2018-04-23,48.99521167915228,-0.0020277143372737783,-0.06218045813194095,1.9275328085644101,0
2018-04-24,48.80582842098746,-0.05346409013262843,-0.05143637579535465,1.8901191107243132,0
2018-04-25,49.041717379585705,0.05995619492438209,0.11342028505701052,1.905772235578722,0
2018-04-26,48.7923887214798,-0.038047383084858666,-0.09800357800924075,1.861756976918496,0
2018-04-27,48.6697250588238,-0.09397760247333764,-0.055930219388478974,1.8338803575022307,0
2018-05-01,47.50750059103651,-0.29754221762315325,-0.2035646151498156,1.6821052352152266,0
2018-05-02,46.77211681618851,-0.40674232095979335,-0.1092001033366401,1.5850951760401766,0
2018-05-07,44.81443547078599,-0.8454563817599379,-0.4387140608001445,1.3433580966670602,0
2018-05-08,44.522947968586735,-0.8538881505786193,-0.008431768818681462,1.3054602896549812,0
2018-05-09,44.2714773088462,-0.8796495499955199,-0.025761399416900588,1.2726574224094076,0
2018-05-10,44.131957890074176,-0.6751085401924684,0.20454100980305157,1.2516402981142887,0
2018-05-11,44.16700904460341,-0.5210215543170236,0.15408698587544478,1.2515714287015929,0
2018-05-14,44.13602163028632,-0.13568276809992597,0.3853387862170976,1.243781778685016,0
2018-05-15,43.84815981802449,-0.13495763011244577,0.0007251379874801955,1.206770539468713,0
2018-05-16,43.73462125090467,-0.10737121158830831,0.027586418524137457,1.1910366519344735,0
2018-05-17,43.69327158838887,-0.08773726033706453,0.019633951251243786,1.1836460947675047,0
2018-05-18,43.68633759882545,-0.09613428915559297,-0.00839702881852844,1.1800765206586779,0
2018-05-21,43.59181476736123,-0.1088413725850117,-0.01270708342941873,1.1656855321546145,0
2018-05-22,43.40164080707771,-0.08930380218936307,0.01953757039564863,1.1390174631335488,0
2018-05-23,43.13973242463602,-0.1189777652537245,-0.02967396306436143,1.1040384928278275,0
2018-05-24,43.28911358058832,-0.08083160156010649,0.03814616369361801,1.118123528285355,0
2018-05-25,43.32930849543099,-0.07140582067889767,0.009425780881208823,1.1195366798078867,0
2018-05-28,43.242315540089535,-0.06989984545433714,0.0015059752245605296,1.1052644001049308,0
2018-05-29,43.25938935978135,-0.02845028945927197,0.04144955599506517,1.103453037508336,0
2018-05-30,43.01173742146986,-0.02559900063323539,0.00285128882603658,1.0702568159633532,0
2018-05-31,43.59846317983396,0.06186991984912993,0.08746892048236532,1.1349284226503131,0
2018-06-01,43.60802956082815,0.05574421307942856,-0.006125706769701367,1.131072292742614,0
2018-06-04,43.703776067954486,0.09229210557299439,0.036547892493565826,1.1375544199693528,0
2018-06-05,43.329521430287016,0.014026414101131479,-0.07826569147186291,1.0885725337314125,0
2018-06-06,38.84931384145734,-0.8324847160025044,-0.8465111301036359,0.5601548759527851,0
2018-06-07,39.08984752356334,-0.9017231312541227,-0.06923841525161833,0.5880057416967399,0
2018-06-08,39.074667127502494,-0.9066724866651299,-0.004949355411007161,0.5863898509216232,0
2018-06-11,38.24595553581225,-1.09156410642845,-0.18489161976332014,0.4900034352318416,0
2018-06-12,37.8904466876574,-1.0878149485259243,0.003749157902525724,0.4495673203826072,0
2018-06-13,37.70776458770885,-0.2283098507496959,0.8595050977762284,0.4296744073109392,0
2018-06-14,37.876607277513024,-0.242648049210068,-0.014338198460372098,0.4511016917658753,0
2018-06-15,37.81778483672922,-0.2513764581546525,-0.008728408944584487,0.44437875172868224,0
2018-06-18,36.33387741103677,-0.38241562495509385,-0.13103916680044136,0.2698389794193602,0
2018-06-19,36.39758551791621,-0.29857223394824217,0.08384339100685168,0.2777852298297616,0
2018-06-20,37.07144252236086,-0.12726441306958947,0.1713078208786527,0.3573969592764381,0
2018-06-21,36.76094589619331,-0.2231322762639465,-0.09586786319435703,0.3208032823279216,0
2018-06-22,36.45388611891318,-0.27277974356320556,-0.04964746729925906,0.2847196795341028,0
2018-06-25,36.2041647882809,-0.0259425245511693,0.24683721901203626,0.2556340584679959,0
2018-06-26,36.0396962528342,-0.07157785301640729,-0.04563532846523799,0.23663696461430844,0
2018-06-27,35.40650572960691,-0.3329873585507954,-0.26140950553438813,0.16256522325052708,0
2018-06-28,34.43299867456776,-0.4655894443251043,-0.13260208577430888,0.04872185318445874,0
2018-06-29,32.86164356986012,-0.7184485098106137,-0.2528590654855094,-0.13523407502419657,0
2018-07-02,32.86703276023551,-0.6674264056090777,0.05102210420153597,-0.13288874312590135,0
2018-07-03,33.472193108266744,-0.5135006289134907,0.15392577669558705,-0.059833668659653685,0
2018-07-04,33.27872442024453,-0.4255562618724724,0.08794436704101827,-0.0814922169552277,0
2018-07-05,33.08722106191667,-0.2691555225302267,0.15640073934224574,-0.10316649988110904,0
2018-07-06,33.21786683093143,0.07124465221426846,0.34040017474449513,-0.08673477638044012,0
2018-07-09,32.473870528588584,-0.0786324463293866,-0.14987709854365505,-0.17349291676528483,0
2018-07-10,32.67352333953,-0.15973395374734878,-0.08110150741796218,-0.14864004451109228,0
2018-07-11,32.53022281840288,-0.14970032036833203,0.010033633379016749,-0.16442876962559752,0
2018-07-12,32.856557268638944,-0.04613275865554556,0.10356756171278647,-0.12479573372358654,0
2018-07-13,32.7213628033462,-0.09930080551704634,-0.053168046861500784,-0.13999357300564452,0
2018-07-17,32.81351524274363,0.06792894283100992,0.16722974834805626,-0.12835150554285968,0
2018-07-18,33.065522115057654,0.07839975510552932,0.010470812274519403,-0.09786690194340873,0
2018-07-19,33.17480855782675,0.1289171478847777,0.05051739277924838,-0.08422827487349618,0
2018-07-20,27.748971898339445,-1.0215170740599007,-1.1504342219446784,-0.7224543462882462,0
2018-07-23,27.89851647882573,-0.964569264904096,0.05694780915580466,-0.7008975366397613,0
2018-07-24,24.37415235290207,-1.6878725779683101,-0.7233033130642141,-1.1096740937330871,0
2018-07-25,23.935358712455866,-1.8260326805203597,-0.13816010255204958,-1.1544812116284717,0
2018-07-26,24.05205981163803,-1.8245497492377432,0.001482931282616562,-1.1340690357993084,0
2018-07-27,24.029469011598646,-0.7439005773481568,1.0806491718895863,-1.1300965419639952,0
2018-07-30,23.760682029263908,-0.8275668899123652,-0.08366631256420831,-1.1551076666440574,0
2018-07-31,23.6247681657908,-0.149876837422255,0.6776900524901102,-1.1648049580901565,0
2018-08-01,23.5261266421398,-0.08184641406321447,0.06803042335904053,-1.1699238848567877,0
2018-08-02,22.679659539609027,-0.27448005440580303,-0.19263364034258856,-1.2609020797928732,0
2018-08-03,22.891961988475234,-0.22750140462467883,0.046978649781124204,-1.2298434268170588,0
2018-08-06,22.716807551337556,-0.20877489558527174,0.01872650903940709,-1.2435745356243064,0
2018-08-07,22.61225114738249,-0.20250340368166064,0.006271491903611093,-1.2495085941323256,0
2018-08-08,23.031662006305627,-0.09889292716683329,0.10361047651482735,-1.1958080567175575,0
2018-08-09,22.80898488110262,0.025865068298713823,0.12475799546554711,-1.2168130192546176,0
2018-08-10,22.53058794818161,-0.07227480805872233,-0.09813987635743615,-1.2439768720961053,0
2018-08-13,23.023914046052404,0.06142129894297099,0.13369610700169332,-1.1840785731075598,0
2018-08-14,24.59107706234896,0.39576518299329067,0.3343438840503197,-1.0038118017865123,0
2018-08-15,25.30150305682812,0.4539682101045024,0.058203027111211725,-0.9223841791743752,0
2018-08-16,25.53630946173933,0.5454649161273402,0.09149670602283777,-0.8954581391264689,0
2018-08-17,25.63264589414914,0.6204115891935018,0.07494667306616165,-0.8844752072961588,0
2018-08-20,25.90169855586685,0.5755569019628943,-0.04485468723060748,-0.8534351023977856,0
2018-08-21,25.237919916707057,0.12936857087161968,-0.44618833109127465,-0.9275446056421363,0
2018-08-22,25.30241827410232,0.00018304345483954876,-0.12918552741678013,-0.9188865475425503,0
2018-08-23,25.625557462777543,0.01784960020764359,0.01766655675280404,-0.8810265451757896,0
2018-08-24,26.230430511513145,0.11955692347279978,0.10170732326515619,-0.8114532772324001,0
2018-08-27,26.965077743160784,0.21267583745878937,0.0931189139859896,-0.7279179206955199,0
2018-08-28,27.65507327395037,0.4834306714486587,0.2707548339898693,-0.6503853410173447,0
2018-08-29,27.76879812946961,0.49327597107345866,0.009845299624799964,-0.6388725034153953,0
2018-08-30,28.089012571637912,0.4926910217720746,-0.0005849493013840856,-0.6039204527448973,0
2018-08-31,28.32851550878608,0.41961699945458975,-0.07307402231748483,-0.5781395304002208,0
2018-09-03,28.29257109163057,0.2654986696939581,-0.15411832976063167,-0.5835238492513481,0
2018-09-04,28.33784026797035,0.13655339880399353,-0.12894527088996455,-0.5797272528721729,0
2018-09-05,28.594308004003555,0.1651019749067899,0.028548576102796375,-0.5536930534802132,0
2018-09-06,28.878702295740936,0.15793794482060264,-0.0071640300861872674,-0.5242874350553612,0
2018-09-07,29.168272695633785,0.16795143736954543,0.010013492548942793,-0.4941997370034944,0
2018-09-10,28.97494991792662,0.13647576525920613,-0.0314756721103393,-0.5190060158208818,0
2018-09-11,28.95692587167139,0.12381712074020612,-0.012658644519000006,-0.5236309035526879,0
2018-09-12,29.26823038667227,0.1347844765337456,0.010967355793539468,-0.4903704643315704,0
2018-09-13,29.24827845981933,0.07391523281567558,-0.06086924371807001,-0.49508983690100683,0
2018-09-14,29.39963100366168,0.04627166160558005,-0.02764357121009553,-0.4803486964165998,0
2018-09-18,29.577165001807952,0.12044301677626734,0.07417135517068729,-0.4629438313984493,0
2018-09-19,31.03811271823805,0.416237369313329,0.29579435253706166,-0.2973649221353911,0
2018-09-20,31.88102916926172,0.522559756517893,0.106322387204564,-0.2032090150643258,0
2018-09-21,31.61042289960216,0.4724288879565677,-0.050130868561325315,-0.23783109248479517,0
2018-09-25,30.64436997654918,0.2489477945774965,-0.22348109337907118,-0.35304465868190393,0
2018-09-26,30.680893380095,0.22074567565741177,-0.02820211892008473,-0.3505599374829992,1
2018-09-27,30.581955698603203,-0.09123140392697238,-0.31197707958438414,-0.36393886820364363,0
2018-09-28,29.96557378696344,-0.3830910764596531,-0.29185967253268075,-0.43747457197490314,1
2018-10-01,30.14150237003994,-0.29378410591244375,0.08930697054720937,-0.4188581567554566,1
2018-10-02,29.946138163753663,-0.1396463625591018,0.15413774335334196,-0.44348190097177886,1
2018-10-03,29.909399938874763,-0.1542986882440509,-0.014652325684949119,-0.4499584924699966,1
2018-10-04,30.158323294981688,-0.08472648072430644,0.06957220751974447,-0.4246698683568648,1
2018-10-05,30.005155725351138,0.007916387677546766,0.0926428684018532,-0.44626520974903666,1
2018-10-09,29.9790476852869,-0.032490936950608784,-0.04040732462815555,-0.4533482534272946,0
2018-10-10,30.6096923297989,0.1327108332090461,0.16520177015965487,-0.3832658793950636,0
2018-10-11,30.335046298364663,0.08512927189797637,-0.04758156131106972,-0.41944715498439555,0
2018-10-12,34.91220619269556,0.9507765795427758,0.8656473076447995,0.1172174684818811,0
2018-10-15,34.245576264599855,0.8480841078497505,-0.10269247169302531,0.0337646414279954,0
2018-10-16,34.2393351635459,0.8520574956517919,0.003973387802041373,0.02864708921439304,0
2018-10-17,34.58652846526514,0.7953672270932444,-0.05669026855854753,0.06540463077293932,1
2018-10-18,35.02230670311568,0.9374520809502087,0.14208485385696434,0.11277659006175052,0
2018-10-19,34.8750167317516,-0.007437892188789874,-0.9448899731389986,0.09033787047462517,0
2018-10-22,34.848911506726445,0.12066704842531806,0.12810494061410793,0.08241138950702273,0
2018-10-23,34.82236245112249,0.1166054575153197,-0.004061590909998358,0.07438652061498051,0
2018-10-24,37.01323746148594,0.48534179924416065,0.36873634172884096,0.3335940834074826,0
2018-10-25,36.83520647987522,0.36257995535190446,-0.1227618438922562,0.3068021391135438,0
2018-10-26,39.05439162538588,0.8358749787268565,0.473295023374952,0.5703115765942032,0
2018-10-29,38.05353322918199,0.6409243444911112,-0.1949506342357452,0.4430336467880383,0
2018-10-30,37.73002461204808,0.5815324321851136,-0.05939191230599761,0.398185428516463,0
2018-10-31,37.96718033145722,0.1907885739942543,-0.39074385819085933,0.421912163590917,0
2018-11-01,38.66618301463886,0.36619530695273284,0.17540673295847853,0.5019967643034745,0
2018-11-02,37.63875908359321,-0.28312650835853503,-0.6493218153112679,0.3704304670260451,0
2018-11-05,37.551508525814576,-0.10040494067348504,0.18272156768505,0.35443513462557036,0
2018-11-06,37.65755596055097,-0.01449373029942791,0.08591121037405713,0.3622906026417076,0
2018-11-07,37.89919701898665,-0.013596662494109069,0.0008970678053188408,0.3868087854488043,0
2018-11-08,37.75766142878947,-0.18170431716987423,-0.16810765467576516,0.36387786479800716,0
2018-11-09,37.94513966159408,0.06127611560017954,0.24298043277005377,0.38173596923874725,0
2018-11-12,37.71453449150183,0.03260519313744226,-0.02867092246273728,0.34738562503486814,0
2018-11-13,37.58554299729643,-0.014402592650903046,-0.0470077857883453,0.3258655804518052,0
2018-11-14,38.74761474913749,0.16968354603016422,0.18408613868106727,0.46610864170021954,0
2018-11-15,38.54532578236674,0.15753287071545685,-0.012150675314707371,0.43490684943804253,0
2018-11-16,38.75978624401607,0.16292931648439435,0.005396445768937497,0.4562517713981474,0
2018-11-19,38.46104381863968,0.1493018654275744,-0.01362745105681995,0.41288211098071315,0
2018-11-20,38.31767520910967,0.14642644236264601,-0.002875423064928384,0.38918880523115873,0
2018-11-21,37.98549838369799,-0.15242327308789783,-0.29884971545054384,0.34201068562022463,0
2018-11-22,37.83464353569129,-0.14213644933509073,0.010286823752807095,0.31806665359356256,0
2018-11-26,38.00031089752724,-0.15189506929776542,-0.009758619962674686,0.33438662897244853,0
2018-11-27,38.30281360931772,-0.031646041864398455,0.12024902743336696,0.3681787938592171,0
2018-11-28,38.67275831868484,0.07101662191504232,0.10266266377944078,0.41063402229963514,0
2018-11-29,38.52050380703933,0.10700108466826208,0.03598446275321976,0.38600923331450704,0
2018-11-30,38.76130714434487,0.1853327217307168,0.07833163706245472,0.41203846113241505,0
2018-12-03,38.75212413982183,0.15036264845891623,-0.03497007327180057,0.40599720268312045,1
2018-12-04,38.83707101216068,0.10685148056860072,-0.043511167890315505,0.41207891396215207,0
2018-12-05,40.27047343653084,0.31954302356919584,0.21269154300059512,0.5923540664657597,0
2018-12-06,40.25648598079637,0.34719643475141027,0.027653411182214427,0.5849811847236981,0
2018-12-07,40.688738525995205,0.38548627633006305,0.038289841578652783,0.6353761717796981,0
2018-12-10,39.94261306802039,0.23809778563971662,-0.14738849069034643,0.5330145316763303,1
2018-12-11,39.97658312433162,0.2279024224341839,-0.010195363205532715,0.5320623762724187,1
2018-12-12,39.899278004865415,-0.07423908633307974,-0.30214150876726364,0.516863372864277,1
2018-12-13,40.72172537765507,0.09304787937173842,0.16728696570481816,0.6187716164203921,1
2018-12-14,40.66566134359096,-0.00461543648086149,-0.09766331585259991,0.6058766250045913,1
2018-12-17,41.04325044677293,0.22012747575052316,0.22474291223138465,0.6494054561252027,1
2018-12-18,41.04149059517987,0.21298149416964662,-0.007145981580876537,0.6432856151657792,1
2018-12-19,41.43304573659386,0.3067535463456892,0.09377205217604256,0.6885094622486874,1
2018-12-20,41.3496000952506,0.12557494351910492,-0.18117860282658427,0.6713780284664594,0
2018-12-21,42.28630908042804,0.32412954736741995,0.19855460384831503,0.7879702592689446,0
2018-12-25,42.20024601666018,0.23139911397743873,-0.09273043338998121,0.7700909302191103,0
2018-12-26,45.98605649418258,0.9889131798005479,0.7575140658231092,1.2591951948949323,0
2018-12-27,46.07134092516335,0.9276590377138945,-0.061254142086653474,1.2601457416650412,0
2018-12-28,49.33142558514053,1.596365097977987,0.6687060602640926,1.673618737699166,0
2019-01-04,49.33891551890279,1.410521287694948,-0.1858438102830391,1.6586892865342544,0
2019-01-07,49.211243248454544,1.4021994463588712,-0.00832184133607683,1.6267007210777673,0
2019-01-08,50.44899953056424,0.8925886072763305,-0.5096108390825407,1.7706213527634787,0
2019-01-09,50.18315121031196,0.8223620570297285,-0.07022655024660196,1.7192253759262686,0
2019-01-10,50.25903886952175,0.1855226568762447,-0.6368394001534838,1.7122697566977312,0
2019-01-11,50.30313599283771,0.1928440947869845,0.007321437910739803,1.701629463834477,0
2019-01-15,50.11058961635996,0.17986927358108318,-0.012974821205901321,1.6598171312413768,0
2019-01-16,49.83086483456103,-0.1236269392006406,-0.3034962127817238,1.6078111932353112,0
2019-01-17,49.8730049988347,-0.06202924229545914,0.061597696905181465,1.5974280045513205,0
2019-01-18,49.8004187657768,-0.091724020748984,-0.02969477845352486,1.5728730429953315,0
2019-01-21,49.83647783153569,-0.09333163226040853,-0.0016076115114245226,1.5624959597466848,0
2019-01-22,49.4832119779944,-0.12547552767311032,-0.032143895412701795,1.5037089333731186,0
2019-01-23,49.29554271128936,-0.10706442465433952,0.018411103018770802,1.466605294534884,0
2019-01-24,49.48290354028885,-0.07802029170915858,0.029044132945180934,1.4768625159778532,0
2019-01-25,49.44567958632916,-0.0709478358895339,0.007072455819624679,1.4590712558534589,0
2019-01-28,49.44575416166235,-0.0781447339746677,-0.007196898085133796,1.446597148215805,0
2019-01-29,49.78645977842695,0.060649560086510235,0.13879429406117794,1.4765022979955107,0
2019-01-30,49.747168036873454,0.09032506511682215,0.02967550503031191,1.4588906786481386,0
2019-01-31,49.66133833752238,0.03568695944670708,-0.05463810567011507,1.4357169209005083,0
2019-02-01,50.069282994324425,0.12472068159904381,0.08903372215233674,1.473856546779758,0
2019-02-04,49.43430246661456,-0.002290339009554998,-0.1270110206085988,1.382669882865665,0
2019-02-05,49.28701057602186,-0.09988984048101202,-0.09759950147145702,1.3528691823169656,0
2019-02-06,49.32647025646777,-0.08413955608114065,0.01575028439987136,1.346508758623154,0
2019-02-07,49.30629350012378,-0.0710089674797203,0.013130588601420357,1.332656416401474,0
2019-02-08,49.026638883324665,-0.20852882219995195,-0.13751985472023165,1.287003336875113,0
2019-02-12,49.265691657894045,-0.0337221617441017,0.17480666045585025,1.3055658952124738,0
2019-02-13,48.18647725975016,-0.22010666325434158,-0.18638450151023989,1.1621023256410257,0
2019-02-14,48.56357837988309,-0.15257837531693497,0.06752828793740662,1.198912934098461,0
2019-02-15,48.30366373610599,-0.20052595280355945,-0.04794757748662448,1.158909102590888,0
2019-02-18,48.03503558500483,-0.19832065966396328,0.002205293139596165,1.1182998419197758,0
2019-02-19,48.231336206865805,-0.2068710902056452,-0.00855043054168192,1.1348529865177628,0
2019-02-20,48.346066313744736,0.031917810798908874,0.23878890100455408,1.141807873469194,0
2019-02-21,48.30587411420289,-0.051540853136046394,-0.08345866393495527,1.1299287547603758,0
2019-02-22,48.22763177654548,-0.015206391912101935,0.03633446122394446,1.113563996352441,0
2019-02-25,47.37922916561522,-0.13116128387791548,-0.11595489196581354,1.004363011530295,0
2019-02-26,47.66642861542088,-0.11298151828898284,0.01817976558893264,1.0333838371215909,0
2019-02-27,46.41125183703962,-0.38696289534102135,-0.2739813770520385,0.8770498221311651,0
2019-02-28,46.683412616896746,-0.3244922994612338,0.06247059587978754,0.9059669164193012,0
2019-03-01,47.14172978723645,-0.217180397861803,0.10731190159943083,0.9567477054534442,0
2019-03-04,47.24181526260199,-0.027482780602646528,0.18969761725915646,0.9640444105483846,0
2019-03-05,46.90946044676102,-0.15139363373197057,-0.12391085312932404,0.9196390187448015,0
2019-03-06,47.73630066125206,0.26500976484248184,0.4164033985744524,1.0141564422146392,0
2019-03-07,47.980235609088496,0.2593645984383528,-0.005645166404129043,1.0381740990756225,0
2019-03-08,48.06230838995548,0.18411572054380798,-0.07524887789454482,1.042949785580754,0
2019-03-11,48.24506383824247,0.20064971512809393,0.01653399458428595,1.060236142484853,0
2019-03-12,48.49687483129623,0.317482876907043,0.11683316177894909,1.0862933079672847,0
2019-03-13,48.58570966182163,0.16988180011391307,-0.14760107679312995,1.0927160863795553,0
2019-03-14,48.80720615047457,0.16539410827721213,-0.004487691836700947,1.115160320534765,0
2019-03-15,48.92619644360581,0.1727776107300727,0.007383502452860569,1.1250395950229595,0
2019-03-18,48.36370935892988,0.0237291041374732,-0.1490485065925995,1.054978622153909,0
2019-03-19,48.693298508180966,0.03928473537695254,0.01555563123947934,1.0903290840593367,0
2019-03-20,48.92372654707714,0.06760337705110686,0.02831864167415432,1.1142396819574267,0
2019-03-22,49.23778491187576,0.08611575228023582,0.018512375229128963,1.147447234911943,0
2019-03-25,49.246225381565374,0.06400578759190978,-0.022109964688326045,1.1446938758941247,0
2019-03-26,50.50505324664422,0.4282687775428613,0.3642629899509515,1.2867384967605262,0
2019-03-27,51.60420653896584,0.5821816061569791,0.1539128286141178,1.4078028885311498,0
2019-03-28,51.28126765084939,0.4715082207544512,-0.11067338540252791,1.3628793350683073,0
2019-03-29,51.81788171249063,0.5160193601229821,0.044511139368530905,1.4174204514041728,0
2019-04-01,51.849903934967365,0.5207357106803983,0.004716350557416149,1.4129178275103456,0
2019-04-02,52.35224418808242,0.3694381882876314,-0.15129752239276684,1.4651159473232516,0
2019-04-03,52.114723095441015,0.10210331129503913,-0.2673348769925923,1.432042188983392,0
2019-04-04,52.22755996366642,0.1892584625634086,0.08715515126836948,1.4408570604797615,0
2019-04-05,52.07493346345591,0.05141035019305207,-0.13784811237035655,1.4194850595852582,0
2019-04-08,51.20464731512022,-0.12905132396942776,-0.18046167416247982,1.31684601447771,0
2019-04-09,51.37689631094156,-0.19506957542817105,-0.0660182514587433,1.3343484072071974,0
2019-04-10,50.81391383556247,-0.26016185197571673,-0.06509227654754568,1.2685041393494392,0
2019-04-11,51.01184884441562,-0.24314222385015682,0.017019628125559905,1.2894912889925827,0
2019-04-12,50.42138202327924,-0.3307102880353341,-0.08756806418517726,1.2209559474409748,0
2019-04-15,50.3936493314907,-0.16219959672589823,0.16851069130943586,1.2168243820004465,0
2019-04-16,50.072138153223854,-0.2609516315435414,-0.09875203481764316,1.1792222767205682,0
2019-04-17,49.994496557637625,-0.16388345558496553,0.09706817595857586,1.1694254128486166,0
2019-04-18,49.52730378333232,-0.2969090122166662,-0.13302555663170068,1.1154947077102657,0
2019-04-19,49.51012476978619,-0.18225145069860815,0.11465756151805806,1.1127761461393313,0
2019-04-22,48.8821301429483,-0.3023038377084788,-0.12005238700987064,1.041037071995863,0
2019-04-23,48.92074521277596,-0.23027858808958257,0.07202524961889623,1.04552688044551,0
2019-04-24,47.960081931929125,-0.40688292514170143,-0.17660433705211886,0.9368325956774105,0
2019-04-25,47.70041832361191,-0.3653770919440831,0.04150583319761836,0.9080666905447753,0
2019-04-26,42.40119897168194,-1.4217851596208462,-1.056408067676763,0.30609435246301386,0
2019-05-07,42.14460073176657,-1.347505882236348,0.07427927738449824,0.28052667168978057,0
2019-05-08,37.1356010038015,-2.357028841794893,-1.009522959558545,-0.2895245895346586,0
2019-05-09,38.05166783590323,-1.9816828192051759,0.37534602258971717,-0.17960653475731417,0
2019-05-10,37.62374549245613,-2.0153345662311537,-0.03365174702597784,-0.22417858056664638,0
2019-05-13,34.958045868809755,-1.4886306205744404,0.5267039456567133,-0.5266636732886124,0
2019-05-14,34.848444625685,-1.4592312212163137,0.029399399358126743,-0.5338544381245379,0
2019-05-15,34.4637742138504,-0.5343653579902181,0.9248658632260955,-0.573028126955945,0
2019-05-16,34.41079964397292,-0.7281736383860604,-0.1938082803958423,-0.5739040382627207,0
2019-05-17,34.228795963817056,-0.6789899057278177,0.04918373265824272,-0.590189918264053,0
2019-05-20,34.33819624657608,-0.12396992444674027,0.5550199812810774,-0.5727943853584412,0
2019-05-21,34.061924612172,-0.15730400270260247,-0.03333407825586221,-0.600117360793202,0
2019-05-22,33.93529539908429,-0.10569576295321781,0.051608239749384666,-0.6100305157906679,0
2019-05-23,33.60475948677762,-0.1612080314390596,-0.05551226848584179,-0.6434126721547182,0
2019-05-24,33.50488404922452,-0.14478238291850687,0.016425648520552727,-0.6499595670294226,0
2019-05-27,33.300581488466925,-0.20752295162183287,-0.062740568703326,-0.6685894846664067,0
2019-05-28,33.25874792132867,-0.16063533816866027,0.046887613453172605,-0.6683757836058791,0
2019-05-29,33.314464793295784,-0.12416612115770675,0.036469217010953514,-0.6569104812001543,0
2019-05-30,33.37914924229281,-0.04512204889695681,0.07904407226074994,-0.644471181674841,0
2019-05-31,33.01047680995047,-0.0988814478548079,-0.05375939895785109,-0.6820834700286417,0
2019-06-03,33.72402202020948,0.08468810634850144,0.18356955420330934,-0.5947669042788479,0
2019-06-04,33.840611787967504,0.11637277332777529,0.03168466697927386,-0.5768390225281349,0
2019-06-05,33.19939767030141,-0.02301342459887934,-0.13938619792665463,-0.6462869403140882,0
2019-06-06,34.95482732463151,0.31513561646773525,0.3381490410666146,-0.43907846013280544,0
2019-06-07,34.833673629298616,0.36463936386963525,0.0495037474019,-0.44928453477968666,0
2019-06-10,35.11215287628759,0.2776261712156227,-0.08701319265401253,-0.41331898386196825,0
2019-06-11,35.65507999308851,0.3628936410242005,0.0852674698085778,-0.3470572893994388,0
2019-06-12,35.55723378796069,0.4715672235318564,0.10867358250765591,-0.3548196862747452,0
2019-06-13,34.47291988620279,-0.09638148768573984,-0.5679487112175963,-0.4764767724234881,0
2019-06-14,33.145308108930536,-0.33767310407362316,-0.24129161638788332,-0.6255791975460413,0
2019-06-17,32.922867930426925,-0.43785698917212557,-0.1001838850985024,-0.6464166685909664,0
2019-06-18,32.97730679533841,-0.5355546395500284,-0.09769765037790279,-0.6368577811853801,0
2019-06-19,33.10774441615646,-0.4898978743608424,0.04565676518918593,-0.6184944943154073,0
2019-06-20,33.45048482688072,-0.20448701186441554,0.2854108624964269,-0.575813925138272,0
2019-06-21,33.38836403043408,0.048611184300710875,0.2530981961651264,-0.5803610374508851,0
2019-06-24,33.41302661532798,0.09803173698021084,0.04942055267949996,-0.5750572965286892,0
2019-06-25,33.53880978915157,0.11230059876262999,0.014268861782419151,-0.5582466453959201,0
2019-06-26,33.52362626367195,0.08317636950310003,-0.029124229259529955,-0.5576429674372418,0
2019-06-27,33.2724057254672,-0.03561582028270038,-0.11879218978580042,-0.5841484032149873,0
2019-06-28,33.757507752373805,0.07382874438794573,0.10944456467064612,-0.5267567400876852,0
2019-07-01,33.722762408404016,0.0619471586152045,-0.011881585772741232,-0.5292831802912935,0
2019-07-02,35.20151263615605,0.3325405694008978,0.2705934107856933,-0.35790167488839497,0
2019-07-03,35.251022777970434,0.34547930285969386,0.012938733458796037,-0.35143531714513043,0
2019-07-04,35.35151029929305,0.41582091476517036,0.0703416119054765,-0.3393018928811289,0
2019-07-05,35.4465589897336,0.33781024747195687,-0.07801066729321349,-0.32797065468714126,0
2019-07-08,35.365435127803046,0.32853454387981174,-0.009275703592145135,-0.33697302232378684,0
2019-07-09,35.46176366302429,0.05205020537363936,-0.2764843385061724,-0.32590649259111365,0
2019-07-10,34.48787164169743,-0.15263022725459763,-0.20468043262823699,-0.43810654103646135,0
2019-07-11,34.479827175915176,-0.17433662467556843,-0.021706397420970802,-0.4399540302955781,0
2019-07-12,33.738214894351955,-0.3416688190763324,-0.16733219440076397,-0.5259292814789052,0
2019-07-16,33.55066298192967,-0.36295442917467824,-0.021285610098345842,-0.5475919609144313,0
2019-07-17,33.60092113253821,-0.37216850609721064,-0.0092140769225324,-0.5419933870761251,0
2019-07-18,33.31778496303495,-0.23401733573249572,0.13815117036471491,-0.5747708354409221,0
2019-07-19,34.621551042040146,0.028344773224986852,0.2623621089574826,-0.42527261922596293,0
2019-07-22,35.85404584221782,0.4231661895731733,0.39482141634818646,-0.2849288301720185,0
2019-07-23,35.7428694238152,0.4384412883771063,0.015275098803932963,-0.2993773005304526,0
2019-07-24,36.06945282466263,0.49370633842488587,0.055265050047779596,-0.2635025690541773,0
2019-07-25,34.15167276509756,0.16677756041251968,-0.3269287780123662,-0.48588584195272033,0
2019-07-26,31.859160228554902,-0.5524781626970423,-0.719255723109562,-0.750291453706973,0
2019-07-29,31.973044073943043,-0.7762003536549571,-0.2237221909579148,-0.7365438797334615,0
2019-07-30,31.011118597625856,-0.9463501652378667,-0.17014981158290965,-0.8461447188196362,0
2019-07-31,30.8051610168603,-1.0528583615604745,-0.10650819632260777,-0.8681309993857337,0
2019-08-01,29.75386172473499,-0.8795622080725067,0.17329615348796779,-0.9913565091512746,0
2019-08-02,29.623447047063102,-0.44714263629836637,0.43241957177414037,-1.0081066000660805,0
2019-08-05,30.716463622967016,-0.25131609019519985,0.19582654610316652,-0.8879761548236723,0
2019-08-06,31.422694059072374,0.08231509228930278,0.33363118248450263,-0.8130497755334734,0
2019-08-07,31.223591784279183,0.08368615348377517,0.0013710611944723894,-0.843151926230701,0
2019-08-08,31.035684015167824,0.2563644580865656,0.17267830460279043,-0.8720922271793392,0
2019-08-09,30.893242580854007,0.253959106758181,-0.0024053513283845973,-0.8961416016923143,0
2019-08-13,30.64149817621702,-0.014993089349996325,-0.26895219610817733,-0.9333414847019824,0
2019-08-14,31.055760030275657,-0.07338680575934475,-0.05839371640934843,-0.8920692208833753,0
2019-08-15,31.295684582935287,0.01441855973121875,0.0878053654905635,-0.8725661871672145,0
2019-08-16,31.093103307057227,0.01148385837787913,-0.0029347013533396193,-0.9057506133853058,0
2019-08-19,31.07015783058817,0.035383049946837275,0.023899191568958145,-0.9177995849849013,0
2019-08-20,31.217346328305496,0.11516963041769301,0.07978658047085574,-0.9095731743321659,0
2019-08-21,31.44112231980742,0.07707245790635397,-0.03809717251133904,-0.8915375799567264,0
2019-08-22,31.69451252106981,0.07976558762690544,0.002693129720551468,-0.8702030348773265,0
2019-08-23,31.763723168013566,0.13412397219126504,0.054358384564359596,-0.871957733137499,0
2019-08-26,31.759375465198385,0.13784352692204394,0.0037195547307788956,-0.882300846774552,0
2019-08-27,32.405222952725666,0.237575324884034,0.09973179796199005,-0.8096143475122436,0
2019-08-28,32.546346319818305,0.22104480000217563,-0.016530524881858355,-0.7991845759495462,0
2019-08-29,32.82713632249599,0.22652476028523694,0.0054799602830613026,-0.7709345488934322,0
2019-08-30,33.499492365298885,0.34715383945706435,0.12062907917182741,-0.6930029141985331,0
2019-09-02,33.135476760611624,0.27522025908264425,-0.0719335803744201,-0.7463732120885468,0
2019-09-03,33.245480590360565,0.16805152752698405,-0.1071687315556602,-0.7402041073556495,0
2019-09-04,33.74583970432802,0.23989867690193734,0.07184714937495329,-0.683858019301214,0
2019-09-05,34.05349465599961,0.24527166670073086,0.005372989798793526,-0.6518497838270634,0
2019-09-06,35.491965492326216,0.398494625405462,0.15322295870473113,-0.4721742017835299,0
2019-09-09,35.43389007795555,0.45968266346878295,0.06118803806332096,-0.4864281220680278,0
2019-09-10,35.992636336415174,0.5494311492109247,0.08974848574214178,-0.41925372114144693,0
2019-09-11,35.23025651425653,0.29688336198570653,-0.2525477872252182,-0.5257737588171324,0
2019-09-12,36.30120644172897,0.449542357145873,0.15265899516016646,-0.38999147867185996,0
2019-09-13,36.6050912505099,0.22262515163673413,-0.22691720550913885,-0.3554323961796796,0
2019-09-17,36.874297118584046,0.2880814081256986,0.06545625648896447,-0.3254406472735328,0
2019-09-18,36.77009155586779,0.15549104389052104,-0.13259036423517756,-0.3453398230788098,0
2019-09-19,36.92411873476761,0.33877244410221863,0.1832814002116976,-0.33042559690782497,0
2019-09-20,36.864330902948566,0.11262489224391459,-0.22614755185830404,-0.3441271236568942,0
2019-09-24,36.78171133673687,0.035324017245400796,-0.07730087499851379,-0.3607640246042996,0
2019-09-25,36.36046527276045,-0.10276636916471915,-0.13809038641011995,-0.4236763659227904,0
2019-09-26,36.47034917295164,-0.059948476583230104,0.04281789258148905,-0.4143546623723746,0
2019-09-27,35.839029532580284,-0.21701784043747097,-0.15706936385424086,-0.50625233371534,0
2019-09-30,35.95819537602799,-0.18122710538411724,0.03579073505335373,-0.4953049929498593,0
2019-10-01,36.54217064855397,-0.04790813763657553,0.1333189677475417,-0.42014680555879635,0
2019-10-02,35.55375915657933,-0.1613412232362279,-0.11343308559965237,-0.5622265949965767,0
2019-10-03,35.595245850244424,-0.17502066454144227,-0.013679441305214368,-0.5602413618525846,0
2019-10-04,36.46575767327204,0.12534562813835493,0.3003662926797972,-0.44238624250838327,0
2019-10-07,36.07145876901048,0.022652678596500664,-0.10269294954185426,-0.5009306648397523,0
2019-10-08,36.06636654008249,-0.09516082169430007,-0.11781350029080073,-0.5060380589747078,0
2019-10-09,36.08537319844197,0.10632280837252495,0.20148363006682501,-0.5077722658103017,0
2019-10-10,36.0338340344852,0.08771763684816136,-0.018605171524363584,-0.5195280481049801,0
2019-10-11,35.8649263956157,-0.12016625553126659,-0.20788389237942795,-0.548437829978558,0
2019-10-15,36.176742507226685,0.02105674764323595,0.14122300317450254,-0.5093724329243056,0
2019-10-16,36.78490974903801,0.14370864179110043,0.12265189414786448,-0.4284636712609701,0
2019-10-17,36.0393812851987,-0.009198382648648362,-0.1529070244397488,-0.5399880453203738,0
2019-10-18,36.13184861358828,0.01960291582061302,0.028801298469261383,-0.5319328158171085,0
2019-10-21,36.022379754666254,0.03149067181011134,0.011887755989498316,-0.5529632358382827,0
2019-10-23,35.994887190861846,-0.03637106327296635,-0.06786173508307769,-0.5623224114082956,0
2019-10-24,35.94632482440534,-0.16771698492653542,-0.13134592165356906,-0.5741168404130587,0
2019-10-25,35.9484233488217,-0.01819158727539616,0.14952539765113926,-0.5789230018384628,0
2019-10-28,35.573626919202574,-0.11164433887714864,-0.09345275160175248,-0.6339222465663391,0
2019-10-29,35.41397059345722,-0.12168183224180495,-0.010037493364656314,-0.6581345894579841,0
2019-10-30,34.10760048641985,-0.3774573408883981,-0.25577550864659315,-0.8479308649439798,0
2019-10-31,33.839960647876595,-0.4212728353057429,-0.04381549441734478,-0.8860838180289646,0
2019-11-01,33.280897984026,-0.5335050729591444,-0.11223223765340151,-0.9654923716115686,0
2019-11-05,32.56088959307074,-0.6025474652263654,-0.06904239226722098,-1.0673958040215543,0
2019-11-06,33.057918678177565,-0.4712103830559329,0.1313370821704325,-0.9933801708260594,0
2019-11-07,32.564848056995416,-0.3085504858848864,0.16265989717104645,-1.0622581216532965,0
2019-11-08,32.48115655899888,-0.27176081777554373,0.0367896681093427,-1.0696491853682233,0
2019-11-11,32.138788029271275,-0.22842199095094173,0.043338826824601995,-1.1140265810709333,0
2019-11-12,31.91208146116669,-0.12976162638081234,0.09866036457012939,-1.1396206600473433,0
2019-11-13,31.90757841538156,-0.23006805255919716,-0.10030642617838481,-1.1339339606892966,0
2019-11-14,31.934716694509245,-0.12602627249723497,0.10404178006196219,-1.1240467091639572,0
2019-11-15,32.13726636931008,-0.06877803793776138,0.05724823455947359,-1.0892676561248678,0
2019-11-18,30.66026363115623,-0.29570487962300973,-0.22692684168524835,-1.2912291859180998,0
2019-11-19,29.783716752920444,-0.42567294164924974,-0.12996806202624,-1.4060792655410421,0
2019-11-20,29.743917237529438,-0.43273223557041973,-0.007059293921169996,-1.4019692721458927,0
2019-11-21,29.646811859120387,-0.4575809670777744,-0.02484873150735467,-1.4057516443754656,0
2019-11-22,29.647466957365463,-0.4979598823889262,-0.040378915311151786,-1.3956732491145958,0
2019-11-25,29.774315659168984,-0.17718959439744708,0.3207702879914791,-1.3684165949256228,0
2019-11-26,29.836450954500805,0.010546840316070671,0.18773643471351775,-1.350364328722035,0
2019-11-27,29.76653533764612,0.004523620023334729,-0.006023220292735942,-1.3508471729423963,0
2019-11-28,29.91153029439479,0.05294368705487784,0.04842006703154311,-1.322003085035188,0
2019-11-29,29.993725602820746,0.06925172909106081,0.016308042036182968,-1.301372616087423,0
2019-12-02,30.70081932293558,0.18530073275331915,0.11604900366225834,-1.1962793132545717,0
2019-12-03,29.343596676761123,-0.09857085554793343,-0.2838715883012526,-1.3722045991768648,0
2019-12-04,28.191748858297935,-0.31495729586964316,-0.21638644032170973,-1.51706741543473,0
2019-12-05,28.352975442715437,-0.3117109703358665,0.003246325533776684,-1.4831314234289956,0
2019-12-06,28.52616836793571,-0.29351144697700704,0.018199523358859437,-1.4484586334211835,0
2019-12-09,28.66787380928496,-0.4065891027301234,-0.11307765575311635,-1.418699945854768,0
2019-12-10,28.77974358847317,-0.11277061765758845,0.29381848507253494,-1.3932956780747412,0
2019-12-11,28.146841830291024,-0.008981405601385717,0.10378921205620273,-1.4662455954613935,0
2019-12-12,28.1664634359112,-0.03730240136084717,-0.028320995759461454,-1.4518292046931625,0
2019-12-13,27.58510954000682,-0.1882117655857769,-0.15090936422492973,-1.5161422698178186,0
2019-12-16,28.83035333373084,0.0324959048891742,0.2207076704749511,-1.3414584692240148,0
2019-12-17,28.95087163172441,0.03422560865025304,0.001729703761078838,-1.3158155121851376,0
2019-12-18,28.85660084583816,0.1419518031094249,0.10772619445917186,-1.3183034656821013,0
2019-12-19,28.75955660340981,0.11861863349972168,-0.02333316960970322,-1.3203863986082955,0
2019-12-20,28.75822305278705,0.23462270255604167,0.11600406905631999,-1.3100943720003468,0
2019-12-23,28.83218834514665,0.0003670022831663289,-0.23425570027287534,-1.290130450710271,0
2019-12-24,27.873103679946365,-0.2155535903556114,-0.21592059263877772,-1.4024755947383694,0
2019-12-25,27.99460009608817,-0.17240014994999342,0.04315344040561797,-1.375427770851288,0
2019-12-26,28.18788248418367,-0.11433482384522975,0.05806532610476367,-1.3397777374319542,0
2019-12-27,28.27663213797137,-0.0963181829631381,0.01801664088209165,-1.31760036743425,0
2019-12-30,27.658382103587563,-0.23476124831181977,-0.13844306534868167,-1.3846241454168973,0
2020-01-06,27.96941824316787,0.01926291264430091,0.2540241609561207,-1.3339177117162384,0
2020-01-07,28.86200470798797,0.17348092237996227,0.15421800973566135,-1.2113743748898127,0
2020-01-08,29.470505546757806,0.2565246125148235,0.08304369013486124,-1.1259234345878946,0
2020-01-09,29.21966267082133,0.18860610656999555,-0.06791850594482796,-1.1486661510481264,0
2020-01-10,30.01705226114353,0.4717340315111933,0.28312792494119776,-1.0405058110358008,0
2020-01-14,29.80040545373905,0.36619744211423466,-0.10553658939695865,-1.0595708317134904,0
2020-01-15,30.20915661224958,0.26943038085232374,-0.09676706126191092,-1.000338282413312,0
2020-01-16,29.423405052997428,-0.009420098752077166,-0.2788504796044009,-1.089929781585042,0
2020-01-17,29.347233926836346,0.025514251203002658,0.034934349955079824,-1.091174263734893,0
2020-01-20,29.194176340343112,-0.164575184160082,-0.19008943536308465,-1.1020246221343313,0
2020-01-21,29.543800114425384,-0.05132106786273383,0.11325411629734816,-1.0501335540417922,0
2020-01-22,29.645315308216382,-0.11276826080663582,-0.061447192943901996,-1.029890625513055,0
2020-01-23,29.67722166336321,0.05076332207315559,0.16353158287979142,-1.0184083387226253,0
2020-01-24,30.202766059961565,0.1711064266250446,0.12034310455188901,-0.9448634918937812,0
2020-01-27,30.47436317928637,0.25603736778865027,0.08493094116360567,-0.9035471540058807,0
2020-01-28,31.26924661247727,0.3450892996103754,0.0890519318217251,-0.7957655197173656,0
2020-01-29,31.486238104192253,0.36818455919517135,0.02309525958479597,-0.7615723839349294,0
2020-01-30,31.328768465245272,0.3303093603764147,-0.03787519881875667,-0.7753398421446368,0
2020-01-31,31.685915196622854,0.2966298273322572,-0.033679533044157495,-0.7229672189172746,0
2020-02-03,31.20325198060354,0.14577776026343514,-0.15085206706882204,-0.7790185972911535,0
2020-02-04,31.296993725412975,0.005549422587144193,-0.14022833767629095,-0.7604145125701466,0
2020-02-05,29.878779364998664,-0.3214917478387207,-0.3270411704258649,-0.9384970210885951,0
2020-02-06,30.29210571985708,-0.2073325490776412,0.1141591987610795,-0.8776678207254326,0
2020-02-07,31.982341723312544,0.05928530533793719,0.2666178544155784,-0.6492861451430147,0
2020-02-10,31.79554397820301,0.11845839951989845,0.05917309418196126,-0.6677387998332198,0
2020-02-12,31.709926713445828,0.08258659760656784,-0.035871801913330614,-0.6729150671350256,1
2020-02-13,31.705213167536744,0.3652867605076153,0.2827001629010475,-0.6673737517693192,1
2020-02-14,31.12887574217915,0.16735400446441417,-0.19793275604320115,-0.7384014504770978,1
2020-02-17,30.27679542417056,-0.34110925982839646,-0.5084632642928106,-0.8469411924361067,1
2020-02-18,30.268252643456467,-0.3054582669493051,0.03565099287909135,-0.8417164447914929,1
2020-02-19,30.719336197168094,-0.19811810325554902,0.1073401636937561,-0.774072712321143,1
2020-02-20,30.62842540042839,-0.21535755342167207,-0.01723945016612305,-0.7802701962095937,1
2020-02-21,30.30746793372868,-0.164281561690089,0.05107599173158306,-0.8181270171813934,1
2020-02-25,30.214063495877973,-0.012546385658517067,0.15173517603157194,-0.8247237923752213,1
2020-02-26,34.49581680686404,0.8455128326815107,0.8580592183400277,-0.22347674825796826,1
2020-02-27,34.539795694264086,0.7640918994192027,-0.08142093326230793,-0.21089921210170526,1
2020-02-28,36.35012149905522,1.1443392197253601,0.3802473203061574,0.050767659548451256,1
2020-03-02,40.03461957657938,1.94543032857014,0.8010911088447799,0.579814605968539,1
2020-03-03,39.91501066807501,1.9401894344394108,-0.005240894130729146,0.570453158055292,1
2020-03-04,40.79274656812692,1.2593859522525719,-0.680803482186839,0.7039275738852555,1
2020-03-05,41.02767804059981,1.297576469267149,0.0381905170145771,0.7459074675912993,1
2020-03-06,40.79082665121247,0.8881410304314485,-0.40943543883570044,0.7199788080771234,1
2020-03-09,43.68399936014568,0.7298759567132649,-0.15826507371818366,1.1475608046427435,1
2020-03-10,50.60914735516814,2.1388273374186184,1.4089513807053535,2.14823305733229,1
2020-03-11,50.9436029480673,2.0301712759880814,-0.10865606143053697,2.1867714537138014,1
2020-03-12,51.016630725797626,1.9977905370395561,-0.032380738948525334,2.1838118299817384,0
2020-03-13,53.37719875269721,2.5172744202969497,0.5194838832573936,2.500453731038378,0
2020-03-16,56.523878301237474,2.5679757882183623,0.050701367921412555,2.909539187488989,0
2020-03-17,56.12019819724844,1.1022101684160575,-1.4657656198023048,2.816141206263408,0
2020-03-18,54.71830612543653,0.7549406354738508,-0.34726953294220664,2.592487540653278,0
2020-03-19,52.61293753343247,0.31926136152696927,-0.43567927394688155,2.28615679285702,0
2020-03-23,49.263182239399,-0.8228033026596435,-1.1420646641866128,1.821864162287775,0
2020-03-24,47.6851870657932,-1.7677382470888574,-0.9449349444292139,1.6055561919799055,0
2020-03-25,48.623890333232985,-1.4992615728030927,0.2684766742857647,1.7338947999094085,0
2020-03-26,54.107296918366885,-0.12220184141393275,1.37705973138916,2.4690407668675065,0
2020-03-27,53.581799121718745,0.19377231765726322,0.31597415907119597,2.381115384809027,1
2020-03-30,54.74791095761627,1.0969457436434453,0.9031734259861821,2.51899094837806,0
2020-03-31,54.06592711009502,1.2761480088603676,0.17920226521692229,2.4102496230187684,0
2020-04-01,53.96130793929476,1.0674835212123526,-0.20866448764801504,2.378759687987289,0
2020-04-02,54.50976232432205,0.08049308119103671,-0.9869904400213159,2.4332262093022505,0
2020-04-03,54.22664817278336,0.1289698102129293,0.048476729021892595,2.379211757728491,0
2020-04-06,53.87798993680844,-0.17398420416157023,-0.30295401437449954,2.319307204335568,0
2020-04-07,54.99113400911395,0.18504137980379198,0.3590255839653622,2.4468573642413154,0
2020-04-08,54.99789031446544,0.2073164750341192,0.022275095230327224,2.433105354848616,0
2020-04-09,54.9095285688712,0.07995324890984534,-0.12736322612427387,2.4107968818745555,0
2020-04-10,54.657766646032776,0.086223694649874,0.006270445740028663,2.3675962423598853,0
2020-04-13,54.59333668423477,0.14306934948527328,0.05684565483539927,2.350538725354801,0
2020-04-14,54.70223086419426,-0.05778062898394154,-0.20084997846921482,2.355507474312183,0
2020-04-15,55.04066011292628,0.00855395969216488,0.06633458867610642,2.390072372327994,0
2020-04-16,54.62269089928059,-0.05736753391811078,-0.06592149361027566,2.329012966282195,0
2020-04-17,54.67031723959244,0.002510118711924747,0.05987765263003553,2.327508396827545,0
2020-04-20,54.67381999296149,0.01609666174535107,0.013586543033426324,2.3200052083778164,0
2020-04-21,54.67071293949076,-0.006303584940702933,-0.022400246686054004,2.3093428735309587,0
2020-04-22,54.69382562727096,-0.06936689713106858,-0.06306331219036565,2.3024747932611795,0
2020-04-23,54.58263483026607,-0.008011213802895156,0.06135568332817343,2.2777693515338346,0
2020-04-24,54.55463282573646,-0.023136882771204625,-0.01512566896830947,2.2642470445978797,0
2020-04-27,54.41460329937168,-0.05184333871795843,-0.028706455946753806,2.2359108437486426,0
2020-04-28,54.55129414128714,-0.02388375964072509,0.027959579077233343,2.241566928042637,0
2020-04-30,54.30658804583019,-0.07744751628816005,-0.05356375664743496,2.2002449507332837,0
2020-05-01,54.03803723545967,-0.1089195189612795,-0.03147200267311945,2.156956084807534,0
2020-05-07,54.252089057358205,-0.06050875367565567,0.048410765285623825,2.1713430949236554,0
2020-05-08,53.898908502793454,-0.10313895931563621,-0.042630205639980545,2.1176374121231367,0
2020-05-11,53.94653971932172,-0.1209508843930891,-0.017811925077452884,2.1115135467152046,0
2020-05-12,53.65732927128027,-0.12985175490997136,-0.008900870516882264,2.065726898918208,0
2020-05-13,53.31094020360898,-0.14541940637015216,-0.015567651460180798,2.012550524937755,0
2020-05-14,53.01383593711933,-0.24765062404776472,-0.10223121767761256,1.9660205829552004,0
2020-05-15,53.01174275461558,-0.17743314963557566,0.07021747441218906,1.947559825250219,0
2020-05-18,52.927599578391465,-0.2037880281860609,-0.02635487855048524,1.9197145744333277,0
2020-05-19,52.5042510054676,-0.23061565316252342,-0.026827624976462516,1.8496646442612994,0
2020-05-20,52.72066866297446,-0.11805430812690787,0.11256134503561555,1.8552209541258522,0
2020-05-21,52.62399121323741,-0.07796894477638716,0.04008536335052071,1.8246640772156697,0
2020-05-22,52.54284828164888,-0.09377889459333488,-0.01580994981694772,1.7955498024319414,0
2020-05-25,52.52398078328349,-0.08072375902159479,0.013055135571740095,1.7741030279290364,0
2020-05-26,52.62136227614672,0.02342225413582355,0.10414601315741834,1.7660084601434238,0
2020-05-27,52.83042412620746,0.021951092646595782,-0.001471161489227768,1.7703800116197164,0
2020-05-28,52.63023933347618,0.0012496240477659626,-0.02070146859882982,1.7293842086727917,0
2020-05-29,52.708826604222,0.033195664514614975,0.03194604046684901,1.719960784472786,0
2020-06-01,52.46925102063464,-0.010945952529773706,-0.04414161704438868,1.6759450060550276,0
2020-06-02,52.2856072930402,-0.06715099662130086,-0.056205044091527157,1.6390001217158872,0
2020-06-03,52.447510478313625,-0.07658272957876022,-0.00943173295745936,1.6401499247847666,0
2020-06-04,52.484078299228166,-0.029232206849613362,0.04735052272914686,1.627700130255481,0
2020-06-05,52.56228017063635,-0.029309286717122518,-7.707986750915552e-05,1.6198967070228978,0
2020-06-08,52.45668484308954,-0.0025132355090278224,0.026796051208094696,1.5926225160733414,0
2020-06-09,52.20430767328536,-0.016259923950961763,-0.01374668844193394,1.5503369808371328,0
2020-06-10,52.28463648133549,-0.032574799395625575,-0.016314875444663812,1.5440716665598806,0
2020-06-11,52.26517819285722,-0.043780021274187675,-0.0112052218785621,1.5273425162040226,0
2020-06-12,52.56897484061574,0.0013389339958749247,0.0451189552700626,1.5448474057596948,0
2020-06-15,52.630412225851885,0.034745476552473065,0.03340654255659814,1.5366352398288592,0
2020-06-16,52.96410004785446,0.15195847491381187,0.1172129983613388,1.5567328318300762,0
2020-06-17,54.09484995285711,0.36204269430432134,0.21008421939050947,1.6587860857802244,0
2020-06-18,54.07364998804565,0.3616943590376849,-0.0003483352666364681,1.6399700668833654,0
2020-06-19,54.11024670456679,0.3082543727902163,-0.053439986247468596,1.6274760031394913,0
2020-06-22,54.11529850834658,0.29697725649894124,-0.011277116291275036,1.612100016273601,0
2020-06-23,54.12775853336944,0.23273169710299868,-0.06424555939594256,1.597733637181056,0
2020-06-24,53.622183435601166,-0.09453330345119326,-0.32726500055419194,1.531274861173795,0
2020-06-25,53.62933775945828,-0.08886244571747426,0.005670857733719004,1.517506977160247,0
2020-06-26,53.40221015491016,-0.14160730993133086,-0.0527448642138566,1.480527777023029,0
2020-06-29,52.73358352421594,-0.2763429968261306,-0.13473568689479976,1.4001883875803467,0
2020-06-30,53.06791966390394,-0.21196777389309318,0.06437522293303743,1.4210443574519225,0
2020-07-01,52.93673476617533,-0.1370897338851691,0.07487804000792408,1.3953509757383025,0
2020-07-02,53.05467588322809,-0.11493237524604183,0.022157358639127267,1.394692746521791,0
2020-07-03,53.05969240278198,-0.06850355042562484,0.04642882482041699,1.3828810905139721,0
2020-07-06,52.63159837243529,-0.020397030356129164,0.04810652006949567,1.3286998155936285,0
2020-07-07,50.91981981988209,-0.42961996880437425,-0.4092229384482451,1.1493603414875002,0
2020-07-08,51.00738147823138,-0.38587065758879646,0.04374931121557779,1.148778629620413,0
2020-07-09,51.06464654527733,-0.39800586759015033,-0.012135210001353869,1.1452765392508828,0
2020-07-10,49.99833723499921,-0.6122710335565458,-0.21426516596639544,1.0319628774937726,0
2020-07-13,48.42667520421484,-0.8409846336440907,-0.22871360008754493,0.8707133129221093,0
2020-07-14,48.64429737334543,-0.45510448930733105,0.38588014433675966,0.8857974573589494,0
2020-07-15,49.24108809098708,-0.35325867744887063,0.10184581185846042,0.9377253491737493,0
2020-07-16,50.10293638679514,-0.19234203169643393,0.1609166457524367,1.0148940386746674,0
2020-07-17,51.87475192856613,0.3752829387133829,0.5676249704098169,1.1793363843269065,0
2020-07-20,53.22325692277133,0.9593163437112935,0.5840334049979106,1.3003612234279704,0
2020-07-21,53.07763254208414,0.8866670337477487,-0.0726493099635448,1.2754152256990525,0
2020-07-22,48.63043271493313,-0.12213107521079536,-1.008798108958544,0.836550221056923,0
2020-07-27,48.65786284939123,-0.2890147074807743,-0.16688363226997893,0.8328763333431134,0
2020-07-28,47.4546938173285,-0.8840116222475345,-0.5949969147667602,0.7104476929042184,0
2020-07-29,47.87695295501072,-1.069260793552111,-0.18524917130457652,0.7456826307673049,0
2020-07-30,47.60148615318684,-1.0952292777794668,-0.02596848422735576,0.7132989408264873,0
2020-07-31,46.15448907428959,-0.49518872812870285,0.6000405496507639,0.5683170839257861,0
2020-08-03,46.558753731427934,-0.4198218235926632,0.07536690453603967,0.6031886891238954,0
2020-08-04,46.69980851821588,-0.15097705982252307,0.2688447637701401,0.6124064348817028,0
2020-08-05,45.46842269877848,-0.48170605124644794,-0.33072899142392487,0.4892431543029369,0
2020-08-06,45.32317604495854,-0.45566202164565794,0.026044029600789997,0.47096175303774107,0
2020-08-07,45.37863655967181,-0.1551705029235606,0.30049151872209734,0.47154855130476564,0
2020-08-11,45.42350143162978,-0.22705045995962791,-0.07187995703606731,0.47112531378944417,0
2020-08-12,46.05271583480895,-0.12941853668138492,0.097631923278243,0.5270663394257783,0
2020-08-13,45.81068975671633,0.06845341158756924,0.19787194826895416,0.49834138196608013,0
2020-08-14,45.456115615567874,0.026587914121869005,-0.04186549746570023,0.45852381651038526,0
2020-08-17,45.6538603085218,0.055044749769997736,0.02845683564812873,0.47248581773089926,0
2020-08-18,45.47259498745948,0.009818711165941352,-0.045226038604056384,0.4496830597823219,0
2020-08-19,45.46600992302491,-0.11734118235681024,-0.1271598935227516,0.44412753406509203,0
2020-08-20,45.42056039761597,-0.07802587182006704,0.0393153105367432,0.4347284865939328,0
2020-08-21,45.36064312295469,-0.01909449852264089,0.05893137329742615,0.4238772789663519,0
2020-08-24,45.408893330531335,-0.0489933955980959,-0.02989889707545501,0.4236132707844685,0
2020-08-25,45.300766369742966,-0.034365723543302806,0.014627672054793095,0.40791515845288434,0
2020-08-26,45.50019811661581,0.006837638718181438,0.041203362261484244,0.42260266827977,0
2020-08-27,45.18286768671357,-0.047538542180483034,-0.05437618089866447,0.38635556720776665,0
2020-08-28,45.38192620219493,0.004256615848049705,0.05179515802853274,0.4011104593259766,0
2020-08-31,45.39624907857145,-0.002528850391975368,-0.006785466240025073,0.39755172647242853,0
2020-09-01,43.94567059231605,-0.2710191554853836,-0.2684903050934082,0.24874522147935624,0
2020-09-02,44.19443163797188,-0.2611532957287892,0.009865859756594375,0.2689454523800803,0
2020-09-03,43.52303400811128,-0.33196673572045654,-0.07081343999166734,0.1975793477446519,0
2020-09-04,43.63442473360663,-0.3495002937176608,-0.01753355799720424,0.20434712895294793,0
2020-09-07,43.73604600007128,-0.33204061570003063,0.017459678017630154,0.21012108455269818,0
2020-09-08,43.88307402389268,-0.012519313684677513,0.3195213020153531,0.22063070389680772,0
2020-09-09,43.3528157429576,-0.16832317900285432,-0.1558038653181768,0.16324801761827723,0
2020-09-10,43.63213965668213,0.021821129714169274,0.1901443087170236,0.1873133337090763,0
2020-09-11,44.5192254989422,0.17696015306712098,0.1551390233529517,0.27267491401447636,0
2020-09-14,43.93677100964607,0.04014500191495074,-0.13681515115217024,0.20980322091840245,0
2020-09-15,44.00066157688892,0.023517510599248226,-0.016627491315702514,0.2122196014064446,0
2020-09-16,44.19078547802016,0.16759394701251296,0.14407643641326473,0.22753257223693807,0
2020-09-17,43.96270588146158,0.06611324495588633,-0.10148070205662663,0.20062859824720725,0
2020-09-18,43.70388505899354,-0.16306808798972838,-0.2291813329456147,0.1711569081480292,0
2020-09-23,43.0850566747448,-0.17034286698025625,-0.007274778990527864,0.10526188756999386,0
2020-09-24,43.0526025718376,-0.18961180101025832,-0.01926893403000207,0.09916337680462031,0
2020-09-25,42.7733185684188,-0.2834933819202732,-0.09388158091001486,0.0677346159107627,0
2020-09-28,42.920985361458825,-0.20834410400055248,0.0751492779197207,0.08013584000097516,0
2020-09-29,43.32370344250743,-0.07603632329722387,0.1323077807033286,0.11852314107693405,0
2020-09-30,42.93539634237074,-0.029932066474813723,0.04610425682241015,0.07648451904245954,0
2020-10-02,43.80768090478572,0.15101566658962895,0.18094773306444267,0.16273211638473836,0
2020-10-05,43.724994215427664,0.19033512940177388,0.039319462812144934,0.1515921324010495,0
2020-10-06,44.167275697333466,0.24925806717492094,0.058922937773147055,0.193901796788237,0
2020-10-07,44.11803861927704,0.15886703535392144,-0.0903910318209995,0.18597332036142283,0
2020-10-08,44.18735779942131,0.2503922914101153,0.09152525605619388,0.18998912907867488,0
2020-10-09,44.2401829054585,0.08650040013455396,-0.16389189127556136,0.19234026101659116,0
2020-10-12,43.23417226020811,-0.09816439104390184,-0.1846647911784558,0.08634627385982457,0
2020-10-13,43.1653292405285,-0.2003892913609988,-0.10222490031709697,0.07639953427001975,0
2020-10-14,41.96211370456205,-0.43118498294299457,-0.23079569158199575,-0.04931630115244153,0
2020-10-15,38.60596037394992,-1.1162794850942817,-0.6850945021512871,-0.39545229335395843,0
2020-10-16,38.49620743381274,-1.1487950943291523,-0.032515609234870624,-0.4081937495675115,0
2020-10-19,38.49728302749031,-0.94737784654356,0.20141724778559222,-0.4090947461579357,0
2020-10-20,38.85315219925026,-0.8624354082556422,0.08494243828791781,-0.3738551278819504,0
2020-10-21,39.01699940305824,-0.5890228603007586,0.2734125479548837,-0.3584287695511807,0
2020-10-22,39.12756331505059,0.10432058822012635,0.6933434485208849,-0.3485164222454521,0
2020-10-23,39.29953743979931,0.16066600119732044,0.05634541297719409,-0.33236454098777796,0
2020-10-26,38.86958930134856,0.07446125477164856,-0.08620474642567189,-0.3781923563900807,0
2020-10-27,38.735124413232064,-0.023605557203644878,-0.09806681197529343,-0.3933429266267734,0
2020-10-28,37.76502115369392,-0.2503956498728641,-0.22679009266921923,-0.4940196878923988,0
2020-10-29,37.797886764404,-0.26593531012931493,-0.015539660256450816,-0.4915606232352373,0
2020-10-30,37.364825349790685,-0.38694241800172335,-0.12100710787240843,-0.5369773521615594,0
2020-11-02,37.59376369585945,-0.25516512109782497,0.1317772969038984,-0.514166156279147,0
2020-11-04,38.47982898899584,-0.05105908484723898,0.204106036250586,-0.42382648590878325,0
2020-11-05,37.83943417112907,0.014882603487023971,0.06594168833426295,-0.491084025173138,0
2020-11-06,37.31682259598242,-0.09621283368431932,-0.11109543717134329,-0.5459295080478309,0
2020-11-09,37.00852821474538,-0.07125942700906052,0.024953406675258805,-0.5786670933309641,0
2020-11-10,36.93015654811488,-0.13272142954890853,-0.061462002539848015,-0.5876590325171747,0
2020-11-11,36.868872909343175,-0.32219121593053046,-0.18946978638162193,-0.5956584466120268,0
2020-11-12,36.450872436849664,-0.27771234685588553,0.04447886907464493,-0.6406293969700838,0
2020-11-13,36.3500575023044,-0.19335301873560695,0.08435932812027858,-0.6530451222780466,0
2020-11-16,36.5271394242089,-0.09627775810729133,0.09707526062831562,-0.6371829743611649,0
2020-11-17,37.183799032520405,0.05072849688109926,0.1470062549883906,-0.5713521641438801,0
2020-11-18,37.06347101656426,0.038919621444215124,-0.011808875436884136,-0.5866684688107935,0
2020-11-19,37.17834884170323,0.14549528097072084,0.10657565952650572,-0.5775758687080025,0
2020-11-20,37.133658166388095,0.15672013281673713,0.011224851846016293,-0.585371913484109,0
2020-11-24,36.98620332793176,0.09181278074456856,-0.06490735207216858,-0.6040544973973585,0
2020-11-25,37.439334356063625,0.051107064708645566,-0.04070571603592299,-0.5599521150986094,0
2020-11-26,37.28408170182316,0.04412213705178658,-0.006984927656858986,-0.5796430852075241,0
2020-11-27,37.07651059922401,-0.020367648495849267,-0.06448978554763585,-0.604672685503407,0
2020-11-30,37.2000807503326,0.013284516788900191,0.03365216528474946,-0.5959470339027958,0
2020-12-01,36.594114205321645,-0.0784178245220204,-0.09170234131092059,-0.664890632660888,0
2020-12-02,36.8679664710229,-0.11427357700814156,-0.03585575248612116,-0.6408395890244223,0
2020-12-03,36.29798555869713,-0.19721922862520813,-0.08294565161706657,-0.7064500777297593,0
2020-12-04,36.34638543241236,-0.14602503336233497,0.051194195262873166,-0.7062977203044181,0
2020-12-07,36.28536551839732,-0.18294304638705228,-0.03691801302471731,-0.7177576508274282,0
2020-12-08,36.35299280601728,-0.048224279860875185,0.1347187665261771,-0.7154327012866438,0
2020-12-09,34.859826378830405,-0.40162801843850104,-0.35340373857762586,-0.8806835198932593,0
2020-12-10,34.697115400967505,-0.3201740315459247,0.08145398689257632,-0.902490422335827,0
2020-12-11,34.66158761610472,-0.3369595632615301,-0.016785531715605373,-0.9105023950146004,0
2020-12-14,34.45946614341833,-0.3651798749957962,-0.02822031173426609,-0.9358068793902947,0
2020-12-15,34.230150124826125,-0.4245685362382332,-0.059388661242437024,-0.9653881712346112,0
2020-12-16,34.184752844687274,-0.1350147068286205,0.2895538294096127,-0.9762783056480503,0
2020-12-17,34.16433630326319,-0.10655581954086557,0.02845888728775492,-0.9843180412765737,0
2020-12-18,34.00730497326904,-0.13085652856713637,-0.024300709026270795,-1.0071284507718918,0
2020-12-21,33.831261611874524,-0.12564090630876024,0.005215622258376129,-1.0318722248387249,0
2020-12-22,33.75219893198413,-0.09559023856839843,0.030050667740361803,-1.0458353462308447,0
2020-12-23,33.727631695012064,-0.0914242299350434,0.004166008633355034,-1.0545888214326102,0
2020-12-24,33.6144768977513,-0.10997188110237488,-0.01854765116733148,-1.0731628767167336,0
2020-12-25,33.58337149336901,-0.08478669598000721,0.02518518512236767,-1.0834208200348827,0
2020-12-28,33.832514177691024,0.0002505131633014912,0.0850372091433087,-1.0609748793971465,0
2020-12-29,34.35040619042761,0.11964145168869322,0.11939093852539173,-1.0084893785677662,0
2020-12-30,34.681859852021375,0.1908456314018636,0.07120417971317039,-0.9771478653062871,0
2021-01-04,34.87454925567751,0.25201447158524104,0.061168840183377426,-0.9616226000988427,0
2021-01-05,34.966467594939125,0.27661922031401787,0.024604748728776826,-0.9575541121777332,0
2021-01-06,34.948298213412905,0.22315680714437747,-0.0534624131696404,-0.9659472626785769,0
2021-01-07,34.94010459562676,0.11793968103982877,-0.1052171261045487,-0.9744563720225509,0
2021-01-08,35.304647508009324,0.1245575311975955,0.006617850157766725,-0.9402821319613185,0
2021-01-12,35.35486601977323,0.09606335281914369,-0.028494178378451807,-0.9420242318664724,0
2021-01-13,34.90499709099103,-0.012294100789617346,-0.10835745360876103,-1.0014477085787266,0
2021-01-14,34.88448296188346,-0.012763050305885315,-0.0004689495162679691,-1.0120745759294978,0
2021-01-15,34.86060693588198,-0.015899531948960544,-0.0031364816430752285,-1.0227891310848145,0
2021-01-18,34.74546998001637,-0.11183550559859157,-0.09593597364963102,-1.0430752043908391,0
2021-01-19,34.874794247160125,-0.09601435452261597,0.015821151075975592,-1.0339530183270225,0
2021-01-20,34.82162526086299,-0.016674366025611675,0.0793399884970043,-1.0467188387506028,0
2021-01-21,34.79069376637314,-0.018757839102065077,-0.0020834730764534015,-1.0558671792414083,0
2021-01-22,34.945403993720944,0.016959411567789573,0.03571725066985465,-1.0433576405267393,0
2021-01-25,34.746190629136976,0.0001441298241289246,-0.01681528174366065,-1.072448128738693,0
2021-01-26,34.66919989744558,-0.041118869942920355,-0.04126299976704928,-1.088026643670179,0
2021-01-27,34.59664844532325,-0.04499536310794383,-0.0038764931650234757,-1.1032311504395387,0
2021-01-28,34.58570852545609,-0.040997048183413654,0.0039983149245301774,-1.1113149292532423,0
2021-01-29,33.34545462165561,-0.3199898744130678,-0.27899282622965416,-1.2668458426577416,0
2021-02-01,33.76650945412891,-0.19593623500160362,0.12405363941146419,-1.2213247270529453,0
2021-02-02,33.161203725028244,-0.3015992344834686,-0.10566299948186497,-1.3000876354674484,0
2021-02-03,33.04644973743234,-0.31003974157817993,-0.008440507094711336,-1.3182274170536106,0
2021-02-04,33.43159508933355,-0.23082268722451715,0.07921705435366277,-1.2752439441631718,0
2021-02-05,33.082317303841975,-0.052627463562721744,0.1781952236617954,-1.3206477023694558,0
2021-02-08,33.00035580461464,-0.1532307299028517,-0.10060326634012995,-1.3328718501739436,0
2021-02-09,33.363099498532414,0.040379154700829645,0.19360988460368134,-1.2911230798343911,0
2021-02-10,33.34545813554419,0.05980167962237459,0.019422524921544948,-1.295595733812379,0
2021-02-12,32.99985694686613,-0.08634762849348476,-0.14614930811585936,-1.340795507275408,0
2021-02-15,32.6656507254981,-0.08333331566877433,0.00301431282471043,-1.3840829852998389,0
2021-02-16,32.369983709074674,-0.12607441910799366,-0.04274110343921933,-1.4246047911033732,0
2021-02-17,32.05248301078253,-0.26212329754998365,-0.13604887844198998,-1.466785288020947,0
2021-02-18,31.4748688040364,-0.3741178663015532,-0.11199456875156955,-1.5375239153138422,0
2021-02-19,31.653623396348685,-0.2692467101034879,0.10487115619806531,-1.515150479521432,0
2021-02-22,31.483619723335966,-0.23640620043242322,0.032840509671064666,-1.535831004810622,0
2021-02-24,31.36921513419992,-0.20015371497495593,0.03625248545746729,-1.5494358526706913,0
2021-02-25,31.25205827730956,-0.1600849466945924,0.04006876828036354,-1.564151665535906,0
2021-02-26,31.085623863321253,-0.07784898814303531,0.08223595855155708,-1.586202540610478,0
2021-03-01,32.80533949653928,0.23034322003812235,0.30819220818115767,-1.3770589636328179,0
2021-03-02,33.19245938317931,0.3417679319686684,0.11142471193054604,-1.3326707970544838,0
2021-03-03,32.83355473275661,0.2928679197113411,-0.04890001225732732,-1.3807079152697788,0
2021-03-04,32.11381229267704,0.17235080307349904,-0.12051711663784204,-1.4733768086998822,0
2021-03-05,32.292394132645015,0.24135405386474673,0.0690032507912477,-1.4545326812666548,0
2021-03-08,32.544684047496766,-0.05213108980850478,-0.2934851436732515,-1.4202249176544084,0
2021-03-09,32.46013590114424,-0.14646469640700843,-0.09433360659850365,-1.427804025042691,0
2021-03-10,32.721815363164914,-0.02234787391834203,0.1241168224886664,-1.390436037770678,0
2021-03-11,32.471546139088915,0.07154676928237791,0.09389464320071994,-1.4127409447182457,0
2021-03-12,31.59759257285221,-0.13896031195856295,-0.21050708124094086,-1.510656356061427,0
2021-03-15,31.888499922501087,-0.13123682499913514,0.007723486959427817,-1.4644065516213791,0
2021-03-16,31.274660855387157,-0.23709500915141035,-0.10585818415227521,-1.5281723399234177,0
2021-03-17,30.51355631927439,-0.44165180877810783,-0.20455679962669748,-1.6082486299089667,0
2021-03-18,30.55574616829259,-0.3831599941592678,0.05849181461884001,-1.588574051155405,0
2021-03-19,30.44077199901061,-0.23136411476832208,0.15179587939094574,-1.5868837768660724,0
2021-03-22,30.45525386343929,-0.2866492118123567,-0.055285097044034615,-1.569893828384451,0
2021-03-23,30.63700748803695,-0.12753067347004432,0.15911853834231238,-1.5334426697042582,0
2021-03-24,30.15045337294949,-0.07262058926497872,0.0549100842050656,-1.5772272418112745,0
2021-03-25,31.731442575941973,0.23513928152987873,0.30775987079485745,-1.3778676098558214,0
2021-03-26,32.40425975569608,0.39269755133708983,0.1575582698072111,-1.2878041560195361,0
2021-03-29,32.845172707847844,0.47798376888171745,0.08528621754462762,-1.2254786682884842,0
2021-03-30,31.20925861428716,0.11445022525003878,-0.36353354363167867,-1.4097019307207839,0
2021-03-31,31.02766119872647,0.175441565155392,0.060991339905353215,-1.4185775606862072,0
2021-04-01,31.639980207758523,-0.018292473636687845,-0.19373403879207984,-1.3337757668167198,0
2021-04-02,31.439959156499377,-0.19286011983933804,-0.1745676462026502,-1.3457843241012768,0
2021-04-05,31.494311614880772,-0.27017221859341234,-0.0773120987540743,-1.3287158999266884,0
2021-04-06,31.493710062011424,0.05689028954484954,0.3270625081382619,-1.3181374395742007,0
2021-04-07,32.15346549175887,0.22516085860647905,0.16827056906162952,-1.2304039331260916,0
2021-04-08,31.955379086231414,0.06307977569457535,-0.1620810829119037,-1.2443366465147006,0
2021-04-09,32.19201801043828,0.15041177078778034,0.087331995093205,-1.2068546110248546,0
2021-04-12,32.24133623032629,0.14940492308910436,-0.0010068476986759833,-1.192031097504334,0
2021-04-13,32.337260761919616,0.1687101399816413,0.019305216892536947,-1.1717417887799326,0
2021-04-14,32.262829869420926,0.021872875532409353,-0.14683726444923195,-1.1717213028084617,0
2021-04-15,32.2969617520246,0.06831653315864372,0.04644365762623437,-1.1592513234039754,0
2021-04-16,32.50325579790625,0.06224755749358479,-0.006068975665058929,-1.1264025793108143,0
2021-04-19,32.66436999140625,0.084606752215997,0.022359194722412212,-1.0991182053534652,0
2021-04-20,32.71318334505934,0.07518451662794234,-0.009422235588054662,-1.085362414366528,0
2021-04-21,32.88010038856847,0.12345410382950917,0.04826958720156682,-1.0575084156194732,0
2021-04-22,34.09894364522404,0.3603963786398907,0.23694227481038155,-0.9029590643351894,0
2021-04-23,34.532699113312226,0.40588866308119265,0.04549228444130193,-0.8436473678493593,0
2021-04-26,34.47898976311957,0.3629239543426621,-0.04296470873853053,-0.8435746972074661,0
2021-04-27,34.447068419978024,0.34677701498373636,-0.01614693935892575,-0.8408989137073327,0
2021-04-28,34.04973603126609,0.23392712853952702,-0.11284988644420935,-0.8830933313924494,0
2021-04-30,33.63896978666165,-0.0919947717124785,-0.3259219002520055,-0.9270231927615454,0
2021-05-06,33.273736945776,-0.2517924335072408,-0.1597976617947623,-0.9654083832473201,0
2021-05-07,33.838094972557535,-0.12817895811240732,0.12361347539483347,-0.8885377406485988,0
2021-05-10,33.857212068084365,-0.11797127037873167,0.010207687733675641,-0.8795781844625088,0
2021-05-11,33.375709151282884,-0.13480537599664189,-0.01683410561791021,-0.9332832403299632,0
2021-05-12,33.99727728430306,0.07166149952828249,0.20646687552492438,-0.848517421324286,0
2021-05-13,34.43568046993735,0.23238870483226748,0.160727205303985,-0.7866821721084394,0
2021-05-14,34.33881571958527,0.10014414940554417,-0.1322445554267233,-0.7926542914325718,0
2021-05-17,34.72118168297292,0.17279392297771068,0.07264977357216651,-0.7375667353070017,0
2021-05-18,34.37778930824034,0.2004160313914909,0.02762210841378021,-0.7753949271928029,0
2021-05-19,34.72459542814184,0.1454636287677573,-0.054952402623733576,-0.7244202220945728,0
2021-05-20,34.706816168381906,0.05422713968891202,-0.0912364890788453,-0.7205136458543849,0
2021-05-21,34.671883222179304,0.06661350051880532,0.012386360829893306,-0.718830850099305,0
2021-05-24,34.67228675234585,-0.009778986125418498,-0.07639248664422382,-0.7125272282717535,0
2021-05-25,34.772754965985534,0.07899313154904775,0.08877211767446624,-0.693082781716472,0
2021-05-26,34.929509757495566,0.0409828658707454,-0.038010265678302346,-0.6661532164243509,0
2021-05-27,34.752242237271666,0.009085213777950685,-0.031897652092794715,-0.6835067720221207,0
2021-05-28,34.5883920379086,-0.016698236854146842,-0.025783450632097527,-0.6991970905817071,0
2021-05-31,35.016514463091944,0.06884554214922645,0.08554377900337329,-0.6355372900966296,0
2021-06-01,35.0362346882509,0.052695944453070354,-0.016149597696156093,-0.6267228529271369,0
2021-06-02,35.06078866742165,0.02625578198521339,-0.026440162467856965,-0.6172466216587557,0
2021-06-03,35.08960774007527,0.06747310056072564,0.04121731857551225,-0.607182363886613,0
2021-06-04,34.826167473067,0.04755508703168232,-0.01991801352904332,-0.6372405967699803,0
2021-06-07,35.084512651401795,0.0135996376619687,-0.03395544936971362,-0.5954534966856464,0
2021-06-08,35.06279801842195,0.005312666034207325,-0.008286971627761375,-0.5923617605526551,0
2021-06-09,34.40680852234893,-0.13079602901454024,-0.13610869504874756,-0.6779706803909282,0
2021-06-10,34.43680550923541,-0.13056044616797635,0.0002355828465638865,-0.6676701375798721,0
2021-06-11,34.73436802080699,-0.018359890452003924,0.11220055571597243,-0.6195144529110153,0
2021-06-14,34.90024033197063,-0.03685446388622893,-0.018494573434225003,-0.5898207835921688,0
2021-06-15,34.943926920984616,-0.023774219487464165,0.013080244398764762,-0.5774796705614872,0
2021-06-16,35.15742832108938,0.15012395974808612,0.1738981792355503,-0.5405268950559069,0
2021-06-17,35.48393286563745,0.20942547128041156,0.059301511532325435,-0.48681809659835684,0
2021-06-18,35.29592012198629,0.11231042023585758,-0.09711505104455398,-0.5081313109585435,0
2021-06-21,35.39659518709863,0.09927097102559657,-0.013039449210261012,-0.4870245542205945,0
2021-06-22,37.01224540509364,0.41366369682180704,0.31439272579621047,-0.23974666232116512,0
2021-06-23,39.59281877897934,0.8870780915779903,0.4734143947561833,0.15620497331719843,0
2021-06-24,39.605098363435495,0.8242330995596063,-0.062844992018384,0.16774478529365977,0
2021-06-25,37.18683805930072,0.3781835874628925,-0.44604951209671384,-0.19333586128937982,0
2021-06-28,36.76030846937278,0.272742656454831,-0.10544093100806151,-0.25145293015428904,0
2021-06-29,36.7428665257299,-0.053875775872747056,-0.32661843232757803,-0.24631621676216275,0
2021-06-30,37.06110272445372,-0.5063432109051291,-0.45246743503238207,-0.1875540315919981,0
2021-07-01,36.98115105737055,-0.5247894612129897,-0.018446250307860623,-0.19188634832334736,0
2021-07-02,37.144186210985886,-0.008530369662963722,0.516259091550026,-0.15671575257156556,0
2021-07-05,37.53937195427629,0.15581269698070344,0.16434306664366716,-0.08224248449146564,0
2021-07-06,37.34069408663112,0.11956551218023748,-0.03624718480046596,-0.10605194924784414,0
2021-07-07,37.51850768509191,0.09148099212764293,-0.02808452005259454,-0.06658577316310048,0
2021-07-08,37.998083692848375,0.20338652709556015,0.11190553496791722,0.02610093496152212,0
2021-07-09,37.89029656320089,0.1492220704430025,-0.054164456652557647,0.018098642665242373,0
2021-07-12,37.818225649487445,0.05577073904223795,-0.09345133140076456,0.016382202942762072,0
2021-07-13,38.71646535150431,0.27515425297463736,0.2193835139323994,0.18978413591700014,0
2021-07-14,38.95325907085185,0.2869502771519876,0.011796024177350262,0.24624995730768454,0
2021-07-15,38.66082743547867,0.13254874852605525,-0.15440152862593237,0.203945857114308,0
2021-07-16,39.29096274882927,0.28013323712568194,0.1475844885996267,0.334149234965297,0
2021-07-19,39.47608123358651,0.3315711168198092,0.051437879694127275,0.38273945148351046,0
2021-07-20,39.74656480670444,0.20601989104002882,-0.1255512257797804,0.4472427751164922,0
2021-07-21,38.64684519908269,-0.06128277435383467,-0.2673026653938635,0.24459049773646332,0
2021-07-26,38.19968317588282,-0.09222885191916674,-0.030946077565332075,0.16719730528601345,0
2021-07-27,37.96112251551085,-0.2659680466636942,-0.17373919474452748,0.13057034186765973,0
2021-07-28,38.42630983784256,-0.20995427914878206,0.05601376751491216,0.23552227694968203,0
2021-07-29,38.699346148819615,-0.20944373157696816,0.0005105475718139019,0.3065683876058134,0
2021-07-30,38.22678367148547,-0.08401230551944394,0.12543142605752422,0.22686588684852071,0
2021-08-02,38.791154978415655,0.11829436050656739,0.20230666602601133,0.3655223549758208,0
2021-08-03,39.95715434396641,0.39920636569111423,0.28091200518454684,0.6306419128608824,0
2021-08-04,39.891468679142015,0.29303176825988686,-0.10617459743122737,0.6316315361383068,0
2021-08-05,39.07044002836823,0.07421877590972059,-0.21881299235016627,0.46322856064526396,0
2021-08-06,39.00737076114353,0.15611741793161826,0.08189864202189767,0.4623924057219334,0
2021-08-10,38.87287102093805,0.016343208504480344,-0.13977420942713792,0.4450083635543342,0
2021-08-11,38.640789115180986,-0.26327304575708865,-0.279616254261569,0.4025577598811476,0
2021-08-12,38.87018187200798,-0.20425736142679796,0.059015684330290696,0.4666424110803947,0
2021-08-13,38.84167062318524,-0.04575388103660316,0.1585034803901948,0.4720771327287627,0
2021-08-16,38.7445778304574,-0.052558586137230634,-0.006804705100627473,0.45926999774908783,0
2021-08-17,39.23403729359601,0.07223325453159646,0.12479184066882709,0.5847347025702752,0
2021-08-18,39.25846622238121,0.12353542144004592,0.051302166908449465,0.600995370992609,0
2021-08-19,39.32535444616711,0.09103451483182567,-0.03250090660822025,0.627822603644443,0
2021-08-20,38.92178093727164,0.016022062817278027,-0.07501245201454765,0.5426099231821941,0
2021-08-23,37.60095634510865,-0.22872429706974629,-0.2447463598870243,0.2311953268493208,0
2021-08-24,37.586972152399824,-0.32941302823924445,-0.10068873116949817,0.2377254547050586,0
2021-08-25,37.68972384770104,-0.31374847493603397,0.015664553303210482,0.2738968572534142,0
2021-08-26,37.71342398679922,-0.32238609187356815,-0.008637616937534176,0.2904944614007403,0
2021-08-27,37.695038096435006,-0.24534856816733708,0.07703752370623107,0.2967153375267058,0
2021-08-30,37.87957109888522,0.05572295075531741,0.3010715189226545,0.3552947926098786,0
2021-08-31,38.50285618406087,0.183176806332213,0.1274538555768956,0.5288730781724308,0
2021-09-01,38.073264609528536,0.076708152365498,-0.10646865396671501,0.4289033508693665,0
2021-09-02,38.55181406707086,0.16767801605431742,0.09096986368881943,0.5682999451158197,0
2021-09-03,38.26450717418646,0.11389381555029843,-0.053784200504019,0.5051229439811242,0
2021-09-06,37.93511086503807,0.011107953230563794,-0.10278586231973463,0.42878837520213886,0
2021-09-07,38.00226713064948,-0.10011781068227066,-0.11122576391283445,0.46063326676944627,0
2021-09-08,38.310920285213726,0.04753113513703511,0.14764894581930577,0.5604679020319593,0
2021-09-09,37.87958578130132,-0.1344456571539041,-0.18197679229093922,0.4506576734292029,0
2021-09-10,38.518632491340064,0.05082506343071458,0.1852707205846187,0.6432472326137331,0
2021-09-13,38.23668391913813,0.06031461082001499,0.009489547389300412,0.5735949554627077,0
2021-09-14,38.22372082859003,0.044290739588106476,-0.016023871231908515,0.5809946785310047,1
2021-09-15,38.491152626589056,0.03604646827507452,-0.008244271313031959,0.670290993466257,1
2021-09-16,38.78261906234898,0.18060665620952676,0.14456018793445224,0.7682745748904594,1
2021-09-17,38.6946216152375,0.03519782477948752,-0.14540883143003924,0.753809332630366,1
2021-09-21,38.60606163965314,0.07387554410300368,0.03867771932351616,0.7400612170577767,1
2021-09-22,39.51732797656873,0.2587214295957381,0.1848458854927344,1.0300913591579506,1
2021-09-24,39.97396750543586,0.29656297576936197,0.0378415461736239,1.1833301092157535,1
2021-09-27,40.61422571926584,0.366321331383368,0.069758355614006,1.3940860201861351,1
2021-09-28,39.716308584420624,0.20433739383662441,-0.16198393754674356,1.1345347494662834,1
2021-09-29,39.62904868705367,0.20459740948010818,0.0002600156434837686,1.1236905854908306,0
2021-09-30,40.69531689719284,0.23559778412482046,0.03100037464471228,1.4732180029646476,1
2021-10-01,40.39722296523514,0.08465109195985576,-0.1509466921649647,1.3909036933947343,0
2021-10-04,41.62305002869396,0.20176486188562137,0.11711376992576561,1.7895971752331858,0
2021-10-05,41.32155136134033,0.32104855538395327,0.1192836934983319,1.701221470210343,0
2021-10-06,41.34765581372263,0.3437214253337828,0.022672869949829533,1.7184612064859384,0
2021-10-07,41.10597502192347,0.08213162494612902,-0.2615898003876538,1.653001111928523,0
2021-10-08,40.90360277105184,0.10127596116333848,0.019144336217209457,1.5982131198230454,0
2021-10-11,41.18801625456138,-0.08700675482651832,-0.1882827159898568,1.7066342132163304,0
2021-10-12,41.91696071602252,0.11908187093644784,0.20608862576296616,1.9585175872880927,0
2021-10-13,41.83761337673861,0.09799151260319405,-0.02109035833325379,1.949418583440715,0
2021-10-14,41.820668047973705,0.1429386052100412,0.04494709260684715,1.96087105002198,0
2021-10-15,41.68032557801343,0.15534456139232589,0.012405956182284683,1.932542374982244,0
2021-10-18,42.36654094616019,0.23570493831975625,0.08036037692743037,2.1801586297411046,0
2021-10-19,40.729070185283,-0.23757810614790742,-0.47328304446766367,1.639571516455143,0
2021-10-20,37.96516207322961,-0.7744902607017963,-0.5369121545538889,0.7104903154844717,0
2021-10-21,37.7567641347566,-0.8127807826434221,-0.038290521941625855,0.6494915730489564,0
2021-10-22,38.25404411687667,-0.6852562922273506,0.1275244904160715,0.8235806618744888,0
2021-10-25,38.054364944437104,-0.8624352003446205,-0.17717890811726988,0.7549912997509433,0
2021-10-26,37.8256702525654,-0.5806799865435224,0.28175521380109814,0.6766855659614661,0
2021-10-27,37.8647183827003,-0.020088738105854986,0.5605912484376674,0.6925206233380927,0
2021-10-28,37.69729281633473,-0.011894263684375517,0.00819447442147947,0.6368905577692023,0
2021-10-29,37.59460799828187,-0.13188722371896233,-0.11999296003458682,0.6042361572357154,0
2021-11-01,37.27073438139112,-0.15672611260919211,-0.024838888890229782,0.4947295406856353,0
2021-11-02,37.87169749153716,0.009205447794357724,0.16593156040354984,0.7082250194150673,0
2021-11-04,37.53681971721174,-0.0655797330977208,-0.07478518089207853,0.5928761871422101,0
2021-11-05,37.24466006556608,-0.0905265501537329,-0.024946817056012094,0.4908709784043997,0
2021-11-08,37.12133245993765,-0.09465510766884222,-0.004128557515109321,0.448592822102513,0
2021-11-09,36.63703479884233,-0.1267399165097558,-0.03208480884091358,0.278917345611008,0
2021-11-10,35.98180440802046,-0.377978616703345,-0.2512387001935892,0.05002385519256756,0
2021-11-11,35.70734538851018,-0.3658948657403087,0.012083750963036266,-0.04305560065144082,0
2021-11-12,35.71014900910053,-0.3069022112931066,0.05899265444720214,-0.03909062749745302,0
2021-11-15,35.38266046935903,-0.34773439811572615,-0.040832186822619576,-0.15239756129544546,0
2021-11-16,35.10099501861015,-0.30720795604644024,0.040526442069285906,-0.2495459960839278,0
2021-11-17,34.5951195493172,-0.2773369717406524,0.02987098430578783,-0.4254887899151683,0
2021-11-18,34.39862542852345,-0.261743991997335,0.015592979743317414,-0.49152143149325755,0
2021-11-19,34.18401220721774,-0.30522736037656273,-0.04348336837922773,-0.5640460845070732,0
2021-11-22,33.7113087970816,-0.33427033445548915,-0.02904297407892642,-0.7269803505016225,0
2021-11-24,33.532920243202234,-0.313614955081583,0.020655379373906158,-0.7849875994497306,0
2021-11-25,33.435239208497926,-0.23197606816385274,0.08163888691773025,-0.8135380761535628,0
2021-11-26,33.60949416401714,-0.15782625290126617,0.07414981526258657,-0.7466229720893004,0
2021-11-29,34.55285061741493,0.0737676820394384,0.23159393494070457,-0.4101433702710486,0
2021-11-30,34.38402342333906,0.1345429252514947,0.060775243212056296,-0.4658735859496942,0
2021-12-01,34.58370214007479,0.21015637937451004,0.07561345412301534,-0.3920497896538637,0
2021-12-02,34.79866738398097,0.27268563509660737,0.06252925572209733,-0.3126237121606931,0
2021-12-03,34.68720798512051,0.21554276422067886,-0.05714287087592851,-0.3484581018714773,0
2021-12-06,35.43181418431229,0.17579271337946523,-0.039750050841213636,-0.08309867977083785,0
2021-12-07,35.635128671407216,0.25022104961363567,0.07442833623417044,-0.009024133193229018,0
2021-12-08,36.376985252209664,0.3586566224269703,0.1084355728133346,0.2536911973693087,0
2021-12-09,36.234624620621815,0.28719144732817625,-0.07146517509879402,0.20428965766989057,0
2021-12-10,36.44435907349802,0.35143021767549953,0.06423877034732328,0.27827607885934336,0
2021-12-13,35.91238661626925,0.09611448639139297,-0.25531573128410656,0.09068713889853285,0
2021-12-14,35.867668324184024,0.046507930555364396,-0.049606555836028576,0.07546198803640468,0
2021-12-15,35.79953172119352,-0.11549070620323221,-0.1619986367585966,0.05214010801708453,0
2021-12-16,35.44021386898842,-0.15888215032667574,-0.043391444123443534,-0.07585906984409346,0
2021-12-17,36.13729749021739,-0.06141231665613134,0.0974698336705444,0.1688728114383896,0
2021-12-20,35.7257867813948,-0.03731996697489137,0.024092349681239966,0.021686465585848087,0
2021-12-21,36.83983690310041,0.19443371578327628,0.23175368275816766,0.4128243644175542,0
2021-12-22,37.46145805957087,0.3323852676754768,0.13795155189220054,0.6282077645282106,0
2021-12-23,37.49527827554864,0.41101288131204683,0.07862761363657,0.6353379811733704,0
2021-12-24,37.6555189445965,0.3036442908758161,-0.1073685904362307,0.6868663721470788,0
2021-12-27,37.49607238694669,0.35405712111037957,0.050412830234563444,0.6254809667494171,0
2021-12-28,37.57419574677057,0.14687176873403018,-0.20718535237634939,0.6478638219549369,0
2021-12-29,37.77383885439858,0.062476158965544926,-0.08439560976848526,0.7127921755511858,0
2021-12-30,37.93729907445677,0.08840415978162497,0.025928000816080043,0.7645632344750344,0
2022-01-04,37.344258393301146,-0.062252110259073845,-0.15065627004069881,0.5498049191848791,1
2022-01-05,37.77713559463435,0.05621264153753458,0.11846475179660843,0.6972644801595558,1
2022-01-06,37.401898800577655,-0.03445938923857739,-0.09067203077611197,0.5595553851033696,1
2022-01-07,37.55870403961261,-0.04302696295720665,-0.008567573718629262,0.610422514924106,0
2022-01-11,37.37849407465026,-0.11176099996129807,-0.06873403700409142,0.5426498501971679,0
2022-01-12,36.66517284148314,-0.13581711036359678,-0.024056110402298714,0.28760964836231584,1
2022-01-13,37.07356788663687,-0.1407135415995029,-0.004896431235906107,0.4291390740538538,1
2022-01-14,36.60178380494716,-0.16002299912609175,-0.019309457526588858,0.2598163519199217,1
2022-01-17,36.55182079664774,-0.20137664859297644,-0.04135364946688469,0.23987139054631326,1
2022-01-18,36.7183170805364,-0.13203539882277227,0.06934124977020417,0.29678732134757635,1
2022-01-19,36.76939324368927,0.02084408044122199,0.15287947926399426,0.31282563590638063,0
2022-01-20,37.41234961988906,0.06775634665044095,0.046912266209218956,0.5366753944361187,0
2022-01-21,37.24212862824961,0.12806896466049267,0.06031261801005172,0.4730159377417786,0
2022-01-24,35.698451485292814,-0.1706738622709878,-0.29874282693148047,-0.0743000559584262,0
2022-01-25,35.9002979511939,-0.1636038258684991,0.007070036402488711,-0.004509587578333551,0
2022-01-26,36.28878248029145,-0.09612215267956259,0.0674816731889365,0.13103790289881104,0
2022-01-27,35.29968585781164,-0.42253275241548494,-0.32641059973592235,-0.21989523699691765,0
2022-01-28,36.27890731084727,-0.19264426348046726,0.22988848893501768,0.12481876915203163,0
2022-01-31,35.52299305111592,-0.03509168683537922,0.15755257664508804,-0.1438095572727343,0
2022-02-01,35.61386055433462,-0.057287479371858296,-0.022195792536479075,-0.11288025613102153,0
2022-02-02,35.00869129172019,-0.2560182377142439,-0.19873075834238563,-0.32791654649034735,0
2022-02-03,36.10970059044715,0.1620029465270889,0.41802118424133283,0.060274826965803684,0
2022-02-04,35.84450363348945,-0.08688073547155994,-0.24888368199864885,-0.03558218859541181,0
2022-02-07,35.49767379534778,-0.005063851153622068,0.08181688431793788,-0.16196991308715405,0
2022-02-08,34.259045508574815,-0.2709630091519699,-0.26589915799834785,-0.6031905333170746,0
2022-02-09,34.112022660316605,-0.1793337262807171,0.09162928287125283,-0.6575596951454561,0
2022-02-10,34.02056143172627,-0.4178278317441766,-0.2384941054634595,-0.6923395561801067,1
2022-02-14,34.02003842893935,-0.36489304091001173,0.05293479083416486,-0.6938312908248435,0
2022-02-15,33.32155711079022,-0.4352233369115126,-0.07033029600150087,-0.9436090427063588,0
2022-02-16,33.127599971201974,-0.22628910747457098,0.20893422943694162,-1.0131813319267424,0
2022-02-17,33.94284310863171,-0.03383591033698252,0.19245319713758846,-0.7235910071253323,0
2022-02-18,33.96064473808416,-0.011983338728420279,0.021852571608562243,-0.7186377833770078,1
2022-02-21,33.50952441257537,-0.10210280327279264,-0.09011946454437236,-0.88120050109607,1
2022-02-22,33.63221224970206,0.0621310277823639,0.16423383105515654,-0.8398887332784909,0
2022-02-24,34.458053350027726,0.266090675765156,0.2039596479827921,-0.5486572321903759,0
2022-02-25,34.58155232782739,0.12774184383913223,-0.13834883192602376,-0.5097298258053984,0
2022-02-28,34.44264364377964,0.0963997811390982,-0.031342062700034035,-0.5667413398524177,0
2022-03-01,34.42632884116763,0.1833608857184501,0.08696110457935191,-0.5791837688759859,1
2022-03-02,34.54033262227574,0.18162407451473683,-0.0017368112037132732,-0.5448437174056723,0
2022-03-03,34.617193455043726,0.031828021003200035,-0.1497960535115368,-0.524291072749771,1
2022-03-04,35.173694868922695,0.11842850821906126,0.08660048721586122,-0.3275779565163584,0
2022-03-07,35.51437677427682,0.21434662609944155,0.0959181178803803,-0.20961174333357974,0
2022-03-08,36.415294223876245,0.39779307654171703,0.18344645044227548,0.12065063414119906,0
2022-03-09,36.95299961897294,0.48253339933943806,0.08474032279772103,0.3164237971413004,0
2022-03-10,36.686160010778266,0.413793311146911,-0.06874008819252708,0.21146430262542498,0
2022-03-11,39.73839217921251,0.9129394620579632,0.4991461509110522,1.3463576997001383,0
2022-03-14,39.750865497489,0.8472977446424323,-0.06564171741553082,1.3406672670522313,0
2022-03-15,39.77400398054712,0.6717419513341767,-0.17555579330825566,1.338704219848949,0
2022-03-16,39.7617025673007,0.5617405896655541,-0.11000136166862262,1.3237385013666023,0
2022-03-17,40.11967448466383,0.6867028947771132,0.12496230511155915,1.4462023879555612,0
2022-03-18,40.81730991417037,0.21578354699157387,-0.47091934778553934,1.69291881198644,0
2022-03-22,40.90933398404714,0.23169369731162703,0.015910150320053162,1.7140884559042053,0
2022-03-23,41.30090465444465,0.30538013477950443,0.0736864374678774,1.8445863977405625,0
2022-03-24,41.97080417860612,0.4418203222610799,0.1364401874815755,2.0768171184164688,0
2022-03-25,41.89993674008517,0.35605245108427397,-0.08576787117680595,2.036350831047435,0
2022-03-28,41.90676839114244,0.2178916953944139,-0.13816075568986008,2.025250099573604,0
2022-03-29,41.102502305172685,0.0386336642251095,-0.1792580311693044,1.715186236524044,1
2022-03-30,40.61101029252767,-0.13797887238339257,-0.17661253660850207,1.5237228341228573,1
2022-03-31,40.515294002037294,-0.2911020353137701,-0.15312316293037753,1.4812271923986386,1
2022-04-01,40.72429381349766,-0.23512858531750425,0.055973449996265856,1.556659335720682,0
2022-04-04,40.79702694941944,-0.22194828834460623,0.01318029697289802,1.5743535196123422,0
2022-04-05,40.39586361761411,-0.14132773751170902,0.08062055083289721,1.4095689347638924,0
2022-04-06,40.443669674209495,-0.033468123663638494,0.10785961384807052,1.41704574016888,0
2022-04-07,39.99330976785921,-0.10439684683561268,-0.07092872317197418,1.237250531382241,0
2022-04-08,40.33678600222715,-0.0775015622540991,0.02689528458151358,1.365215448631272,0
2022-04-11,40.14467258960256,-0.13047087196337515,-0.05296930970927605,1.2832618438832923,0
2022-04-12,39.96987856680153,-0.08519701016251702,0.04527386180085813,1.2087570847207014,0
2022-04-13,40.11074823990364,-0.0665842868611719,0.018612723301345113,1.258632118173873,0
2022-04-14,40.285881269342525,0.0585143002966646,0.1250985871578365,1.3224090615590698,0
2022-04-15,40.514692496194144,0.03558129879339589,-0.022933001503268713,1.4057936130914073,0
2022-04-18,40.15794927480611,0.0026553370407071952,-0.03292596175268869,1.2556695026673834,0
2022-04-19,40.1619102491479,0.03840633646927927,0.03575099942857207,1.2502281114534726,0
2022-04-20,39.58176900980256,-0.10579584602022152,-0.14420218248950079,1.008451914047554,0
2022-04-21,39.22363149800952,-0.21244995426660296,-0.10665410824638144,0.8561918928154955,0
2022-04-22,39.19964904583811,-0.263008690071203,-0.05055873580460002,0.8405784014931706,0
2022-04-25,39.23146951438813,-0.1852959520835924,0.07771273798761058,0.8480311280231901,0
2022-04-26,39.54602642377541,-0.12317676507450415,0.06211918700908825,0.9730924077415428,0
2022-04-27,39.30031329350421,-0.05629114325967066,0.06688562181483348,0.8640420969266053,0
2022-04-28,38.9213461969532,-0.06045706021126307,-0.004165916951592408,0.6982297931536252,0
2022-05-02,39.21496626881863,0.003063444596108411,0.06352050480737148,0.8167757468929668,0
2022-05-06,38.87022647472909,-0.07224860793181165,-0.07531205252792006,0.6633659773646613,0
2022-05-09,38.35364751410748,-0.23847578193358032,-0.16622717400176867,0.43672790603658185,0
2022-05-10,39.02751437960016,-0.05455978278081375,0.18391599915276657,0.7196039769569224,0
2022-05-11,38.58237985468524,-0.06779326845359179,-0.013233485672778045,0.5224010148387047,0
2022-05-12,38.28787560630807,-0.18541813250211447,-0.11762486404852268,0.38958951806005465,0
2022-05-13,38.20776777950884,-0.13249173904404898,0.05292639345806549,0.34877276779942673,0
2022-05-16,37.72683525087746,-0.12536245264600154,0.007129286398047441,0.13263429448771855,0
2022-05-17,37.70497449816909,-0.26450797628621814,-0.1391455236402166,0.11686597024669303,0
2022-05-18,37.44112682478249,-0.22825060598054847,0.03625737030566967,-0.005597412389429796,0
2022-05-19,37.56150385878144,-0.14527434950532125,0.08297625647522722,0.04051121031909218,0
2022-05-20,37.82133893767087,-0.07728576836759515,0.0679885811377261,0.15011739515057462,0
2022-05-23,37.12805364507437,-0.11975632116062229,-0.04247055279302714,-0.1655034021196005,0
2022-05-24,37.16652316714695,-0.10769026620442901,0.012066054956193284,-0.15392490546176066,0
2022-05-25,37.37866262339563,-0.012492840277360528,0.09519742592706848,-0.06326670508676235,0
2022-05-26,37.2750338263789,-0.05729400648051808,-0.04480116620315755,-0.11585266873654847,0
2022-05-27,36.96996600338613,-0.17027458685694796,-0.11298058037642988,-0.2593001207452769,0
2022-05-30,37.040043337018574,-0.017602061611157183,0.15267252524579078,-0.23238093130191878,0
2022-05-31,36.814641730160766,-0.070376287397238,-0.05277422578608082,-0.3404371932287919,0
2022-06-01,36.718825147687376,-0.13196749514165163,-0.06159120774441362,-0.3893890040433463,0
2022-06-02,37.08881681540861,-0.03724340219405775,0.09472409294759387,-0.224153004943232,0
2022-06-03,37.52560599267212,0.11112799785720284,0.1483714000512606,-0.027422552152191644,1
2022-06-06,37.08340572808841,0.008672478213959778,-0.10245551964324306,-0.23725592636315318,1
2022-06-07,37.52242140263552,0.14155593449495285,0.13288345628099307,-0.03893057274662191,1
2022-06-08,37.62221545727407,0.18067806191734803,0.03912212742239518,0.002755997115308373,1
2022-06-09,37.94994963105205,0.17222656312868168,-0.008451498788666356,0.15103264047534568,1
2022-06-10,38.041004876622246,0.10307977679002533,-0.06914678633865634,0.18869251961267916,1
2022-06-13,38.399564174121245,0.26323168920657025,0.16015191241654492,0.3520767678998031,0
2022-06-14,38.95774767212452,0.2870652538977936,0.02383356469122333,0.6093008503050921,0
2022-06-15,39.04776037043805,0.28510898263279927,-0.0019562712649943137,0.6457884161020887,0
2022-06-16,39.42921780950537,0.29585363569066203,0.010744653057862763,0.8197928054955936,0
2022-06-17,39.07470721805112,0.20674046828577275,-0.08911316740488928,0.6452235372573243,0
2022-06-20,39.487784336703285,0.21764403251641085,0.010903564230638096,0.8355420991042978,0
2022-06-21,39.318123277558,0.07207512108669789,-0.14556891142971295,0.7478621481296631,0
2022-06-22,40.000168968488126,0.1904817196100126,0.1184065985233147,1.067089885546206,0
2022-06-23,39.45347907434137,0.0048522529672041514,-0.18562946664280844,0.7975646708524542,0
2022-06-24,39.11201729852138,0.007462016094052615,0.0026097631268484633,0.6269267944523877,0
2022-06-27,39.09080918518785,-0.0793950303030897,-0.08685704639714231,0.6108137974072407,0
2022-06-28,39.18348151815146,-0.02692835188130971,0.05246667842177999,0.6495631861878767,0
2022-06-29,39.39144041055352,-0.12174571158691805,-0.09481735970560834,0.7439794260443647,0
2022-06-30,38.79921408105756,-0.13085299865676348,-0.009107287069845427,0.4526916634625881,0
2022-07-01,38.87273378470404,-0.047856702763468206,0.08299629589329527,0.49027203908530675,0
2022-07-04,38.54361634129749,-0.10943856877806724,-0.06158186601459903,0.33267665406419966,0
2022-07-05,37.85601747876815,-0.26549280787666873,-0.1560542390986015,-0.0034524763750001094,0
2022-07-06,37.48107414739997,-0.382073252630704,-0.11658044475403528,-0.1875700681909069,0
2022-07-07,37.80103736790029,-0.19963534263145988,0.18243790999924414,-0.03373402147140925,0
2022-07-08,35.281306030803925,-0.718285550780017,-0.5186502081485571,-1.2552625034346452,0
2022-07-11,35.03480771116305,-0.7017617260268949,0.016523824753122085,-1.3666572387359082,0
2022-07-12,35.39958955182681,-0.49128558538826184,0.21047614063863307,-1.1834517744994075,0
2022-07-13,35.98830843553012,-0.2985531423739758,0.19273244301428605,-0.8945260953589182,0
2022-07-14,35.7387606703709,-0.41245533950587543,-0.11390219713189964,-1.0098849241452703,0
2022-07-15,34.884912991827264,-0.07927860779533802,0.3331767317105374,-1.4103950588847982,0
2022-07-19,34.78234290889781,-0.050492960453041746,0.028785647342296272,-1.4472950006085172,0
2022-07-20,34.46222905784313,-0.1874720987967322,-0.13697913834369047,-1.5855564660300498,0
2022-07-21,34.46253510876284,-0.3051546653534558,-0.1176825665567236,-1.571154220166432,0
2022-07-22,34.546891669230575,-0.23837380022806798,0.06678086512538783,-1.5168886560271524,0
2022-07-25,34.61155777054584,-0.05467104425628122,0.18370275597178676,-1.472709868968162,0
2022-07-26,34.656590286792,-0.025150524421171383,0.029520519835109837,-1.4385635149872766,0
2022-07-27,34.59421683504995,0.026397555441370457,0.05154807986254184,-1.454247641348423,0
2022-07-28,34.50160149134149,0.007813276515726386,-0.01858427892564407,-1.4835117264998157,0
2022-07-29,34.19134546236017,-0.07110924137407437,-0.07892251788980076,-1.6117148945919046,0
2022-08-01,34.01397531408138,-0.11951649129289876,-0.04840724991882439,-1.6763281803869494,0
2022-08-02,33.922915444214844,-0.14673496851543177,-0.02721847722253301,-1.7005829704689854,0
2022-08-03,34.35203692960697,-0.04843598108860192,0.09829898742682985,-1.4909152498247693,0
2022-08-04,33.90618283523301,-0.1190837312216928,-0.07064775013309088,-1.6766965184257545,0
2022-08-05,33.19557407575364,-0.19915427732130553,-0.08007054609961273,-1.9740407676235783,0
2022-08-08,33.365392664641774,-0.12971652988791504,0.06943774743339048,-1.875774318501113,0
2022-08-09,33.20354307342981,-0.14387447415700905,-0.014157944269094003,-1.9247236848742708,0
2022-08-10,32.97333099510376,-0.275741186900639,-0.13186671274362993,-2.0027398436776043,0
2022-08-12,32.74981505705823,-0.23127355563495655,0.04446763126568243,-2.0751104040569337,0
2022-08-15,33.25466917444923,0.011819019739114367,0.24309257537407092,-1.83296092031233,0
2022-08-16,33.24532877136899,-0.02401277865455853,-0.0358317983936729,-1.816454903221306,0
2022-08-17,33.090666328505144,-0.02257534898493674,0.0014374296696217925,-1.8617314094430495,0
2022-08-18,33.25170526631546,0.05567485424234064,0.07825020322727738,-1.7728021134149625,0
2022-08-19,33.39198330609258,0.12843364980687966,0.07275879556453901,-1.6948697832645998,0
2022-08-22,33.36922049511447,0.022910264133045644,-0.10552338567383401,-1.6868191093962213,0
2022-08-23,33.09283363016865,-0.030499028240072334,-0.05340929237311798,-1.78403326187457,0
2022-08-24,32.7785890983002,-0.06241544604098692,-0.03191641780091459,-1.8941477520715615,0
2022-08-25,32.88011708931757,-0.0743176353995807,-0.011902189358593773,-1.8309487788249494,0
2022-08-26,32.90722080034061,-0.09695250115039755,-0.022634865750816857,-1.7997614638622468,0
2022-08-29,32.35126423317806,-0.2035912523872696,-0.10663875123687205,-2.0047138835084186,0
2022-08-30,33.48164237592618,0.0777617491514988,0.2813530015387684,-1.5258447878265782,0
2022-08-31,33.911511647988874,0.22658450993773727,0.14882276078623846,-1.3390314602903526,0
2022-09-01,32.820842376937705,-0.011854942475970631,-0.2384394524137079,-1.7649771855426284,0
2022-09-02,33.3587910090592,0.09031404174371715,0.10216898421968779,-1.532663713937418,0
2022-09-05,33.79804553655955,0.2893562606762927,0.19904221893257557,-1.3443271200500946,0
2022-09-06,34.16398058929795,0.1364676426743614,-0.15288861800193132,-1.1880291445187678,0
2022-09-07,34.325953715911204,0.0828884135844632,-0.053579229089898206,-1.1142621292675778,0
2022-09-08,34.667331035268745,0.36929773166620095,0.28640931808173775,-0.970613814081833,0
2022-09-09,36.23898785816069,0.5760393698203075,0.2067416381541065,-0.3390131189765176,0
2022-09-12,36.08515992800616,0.4574228782893215,-0.11861649153098597,-0.3970787571291652,1
2022-09-13,35.76775027363691,0.3207539368677885,-0.13666894142153296,-0.520366252038881,1
2022-09-14,35.72258335747989,0.2793259283137388,-0.04142800855404971,-0.5346171085510584,1
2022-09-15,36.56711585481413,0.3799569639090805,0.1006310355953417,-0.19443433060361273,1
2022-09-16,36.52805577162085,0.05781358269202741,-0.3221433812170531,-0.2079159434867587,0
2022-09-20,36.681342933040064,0.1192366010067829,0.061423018314755495,-0.14378332158144086,1
2022-09-21,36.82234537717861,0.21091902070833157,0.09168241970154867,-0.08514424204034846,0
2022-09-22,37.42350761903438,0.3401848523108981,0.12926583160256655,0.1568274773253538,0
2022-09-26,36.896325785062565,0.0658419860496906,-0.2743428662612075,-0.05175393106657042,0
2022-09-27,39.03524739472216,0.5014383246202669,0.43559633857057634,0.8046728310530887,0
2022-09-28,38.80660476348786,0.42505236608955954,-0.0763859585307074,0.7128143654402248,0
2022-09-29,39.148260431267005,0.46518301081768243,0.04013064472812289,0.8482423754227496,0
2022-09-30,39.11356385087648,0.33801124636841706,-0.12717176444926537,0.8354972840165279,0
2022-10-03,39.73621577640935,0.5679779982693489,0.22996675190093185,1.0857286230104901,0
2022-10-04,39.55008740144968,0.10296800134551631,-0.4650099969238326,1.014986757450482,0
2022-10-05,41.89309318139194,0.6172976835808086,0.5143296822352923,1.9419633581299762,0
2022-10-06,41.98269065006106,0.5668860437588066,-0.05041163982200203,1.9628616106956351,0
2022-10-07,41.74635717444279,0.5265586647132636,-0.040327379045542955,1.8621571997610344,0
2022-10-11,41.35271174541777,0.32329919380168803,-0.2032594709115756,1.700822662109139,0
2022-10-12,41.511975307399865,0.39237758119003274,0.06907838738834471,1.764486278555041,0
2022-10-13,41.45484028332855,-0.08765057961267786,-0.4800281608027106,1.7410598488957583,0
2022-10-14,41.433785020537535,-0.10978112590469635,-0.022130546292018494,1.732198061470425,0
2022-10-17,42.30066113205443,0.11086079152232742,0.22064191742702377,2.0655749779534527,0
2022-10-18,42.81320742205971,0.2920991353283853,0.18123834380605786,2.251529760323721,0
2022-10-19,42.09899621218439,0.1174041809568962,-0.17469495437148908,1.9654925507383856,0
2022-10-20,42.37097422517255,0.18322678836881323,0.06582260741191703,2.0680571472240734,0
2022-10-21,42.71617723701674,0.25647844329583336,0.07325165492702013,2.1951538701024726,0
2022-10-24,43.28103886023829,0.19607554563677354,-0.06040289765905982,2.4008714144536865,0
2022-10-25,43.23843758303324,0.08504603219469686,-0.11102951344207668,2.3700603210037587,0
2022-10-26,43.33202420977141,0.2466055995174088,0.16155956732271193,2.3966760971377146,0
2022-10-27,43.2796811098835,0.18174137694219183,-0.06486422257521696,2.3552866097879877,0
2022-10-28,43.02781432938481,0.06232741847361467,-0.11941395846857716,2.22944853867735,0
2022-10-31,42.71376078076239,-0.11345561589517672,-0.1757830343687914,2.0852451626567188,0
2022-11-01,42.79085739994613,-0.08951603661743235,0.02393957927774437,2.08939145725943,0
2022-11-02,41.9596558720717,-0.2744736675399366,-0.18495763092250428,1.7646819636705453,0
2022-11-04,41.702611596247145,-0.315413902727272,-0.04094023518733536,1.6552350418952628,0
2022-11-07,41.401008784442055,-0.3253611089885453,-0.009947206261273323,1.5324121882565158,0
2022-11-08,41.6755222447107,-0.20764770721034154,0.11771340177820377,1.618236431204654,0
2022-11-09,41.25438964912076,-0.30729355016507043,-0.09964584295472889,1.453932956842246,0
2022-11-10,40.495994377481296,-0.2927322989180823,0.01456125124698815,1.1719890248413163,0
2022-11-11,40.28318093155664,-0.2838861329381004,0.00884616597998189,1.0893300600517053,0
2022-11-14,39.81870338882963,-0.3164610791224902,-0.03257494618438983,0.9175303310303481,0
2022-11-15,39.7180372905455,-0.39149699083303346,-0.07503591171054325,0.8764909662561571,0
2022-11-16,39.49731971117162,-0.35141398758982945,0.04008300324320402,0.7929922429194393,0
2022-11-17,38.170302882545485,-0.4651382989871635,-0.11372431139733408,0.31585332081291256,0
2022-11-18,38.0244861547096,-0.45173895536940734,0.013399343617756188,0.26082837102328593,0
2022-11-21,38.01246782044432,-0.3612471136770594,0.09049184169234792,0.2533582315458714,0
2022-11-22,37.843851098665695,-0.3748372383759673,-0.013590124698907857,0.19002380798742444,0
2022-11-24,38.16737954835535,-0.2659880325632571,0.10884920581271018,0.30220581478041497,0
2022-11-25,38.4249832199758,0.05093606748607016,0.31692410004932725,0.39020370453663755,0
2022-11-28,38.59020164229028,0.11314309751613649,0.062207030030066335,0.44447064895287075,0
2022-11-29,39.02872215390641,0.20325086669241443,0.09010776917627794,0.5964113351201507,0
2022-11-30,39.35435795141488,0.3021013705498419,0.09885050385742744,0.7073974748535937,0
2022-12-01,38.790607764503214,0.12464564322957017,-0.1774557273202717,0.4982484707974004,0
2022-12-02,38.6570330242066,0.04640996084615523,-0.07823568238341494,0.4440962380567866,0
2022-12-05,40.1103038708849,0.30402044571892617,0.25761048487277094,0.964406428301398,0
2022-12-06,40.178693862885375,0.2299943417957948,-0.07402610392313136,0.9817262863330919,0
2022-12-07,40.71272864109474,0.2716741379359746,0.0416797961401798,1.1670018747127762,0
2022-12-08,40.73846517213728,0.3895714815268079,0.11789734359083326,1.1669720129481287,0
2022-12-09,41.08157606720039,0.48490860859875795,0.09533712707195008,1.281312535046731,1
2022-12-12,40.469828966409615,0.07190501910494618,-0.4130035894938118,1.0500877201505427,0
2022-12-13,40.61414752337944,0.08709073209880813,0.015185712993861955,1.0938181998378844,1
2022-12-14,40.71381147194727,0.0002165661705078037,-0.08687416592830033,1.120981900033669,1
2022-12-15,40.43925173603537,-0.05984268722037456,-0.06005925339088236,1.0131480181108723,1
2022-12-16,40.22823736428082,-0.17066774058392298,-0.11082505336354842,0.9296887560017324,0
2022-12-19,40.57955074838123,0.02194435639432868,0.19261209697825166,1.0490508836717884,0
2022-12-20,40.72435466320591,0.022041427965291405,9.707157096272567e-05,1.093088940210664,0
2022-12-21,39.90540714326888,-0.16168086573567564,-0.18372229370096704,0.7910236225851227,0
2022-12-22,39.93462736839499,-0.10092487352807922,0.06075599220759642,0.7954018966291787,0
2022-12-23,39.98829025214143,-0.04798942242786808,0.05293545110021114,0.8084570166294469,0
2022-12-26,39.98304880525756,-0.1193003886247439,-0.07131096619687582,0.800093210799134,0
2022-12-27,39.35418987536273,-0.2740329575686289,-0.15473256894388498,0.5684436094627947,0
2022-12-28,38.939283983200674,-0.1932246320136528,0.08080832555497608,0.41432294545819714,0
2022-12-29,39.03170171643987,-0.18058513039102309,0.012639501622629723,0.4444759213677658,0
2022-12-30,38.896744970980286,-0.21830905623222208,-0.03772392584119899,0.3935371768925719,0
2023-01-04,38.955736442421866,-0.20546247256714167,0.012846583665080402,0.41260118705400783,0
2023-01-05,39.17072195460445,-0.036693584151656466,0.1687688884154852,0.4877999652071449,0
2023-01-06,39.1186165513404,0.035866513627951235,0.0725600977796077,0.4664627547565229,0
2023-01-10,39.11217391901709,0.016094440515445285,-0.01977207311250595,0.46172872945739935,0
2023-01-11,37.72135387387869,-0.23507821942032336,-0.25117265993576865,-0.03968298747060001,0
2023-01-12,37.86190857081653,-0.21876557432106836,0.016312645099255008,0.011105418536115316,0
2023-01-13,37.646064380620345,-0.3049315147968201,-0.08616594047575177,-0.06716032781321433,0
2023-01-16,37.43944797192769,-0.3358337158825435,-0.03090220108572339,-0.14117129031172418,0
2023-01-17,36.70045106272394,-0.4823445712586363,-0.14651085537609276,-0.4065073225194829,0
2023-01-18,36.92654169358504,-0.1589624360587223,0.323382135199914,-0.32403402996411834,0
2023-01-19,37.73839457063934,-0.02470280003543479,0.1342596360232875,-0.03196066014373183,0
2023-01-20,38.08118263833388,0.08702365154270097,0.11172645157813577,0.08957602477719223,0
2023-01-23,37.76402035853459,0.06491447732138766,-0.02210917422131331,-0.025774002204230564,0
2023-01-24,37.985264174767366,0.25696262240867895,0.1920481450872913,0.05203066649140868,0
2023-01-25,36.60085283355297,-0.06513777200640902,-0.322100394415088,-0.4474647644571462,0
2023-01-26,36.58027069396523,-0.23162477533482928,-0.16648700332842026,-0.45465148145274226,0
2023-01-27,36.25100409124539,-0.3660357094176945,-0.1344109340828652,-0.5724700910221968,0
2023-01-30,36.55028804068206,-0.242746463570505,0.12328924584718948,-0.46312981823775046,0
2023-01-31,35.82229389043917,-0.43259405686563923,-0.18984759329513423,-0.7227925912544341,0
2023-02-01,35.92762894053623,-0.13464477860335222,0.297949278262287,-0.6853561629258685,0
2023-02-02,33.090929492145904,-0.6978682403638601,-0.5632234617605079,-1.6948213105817032,0
2023-02-03,32.79885724645667,-0.6904293689577443,0.007438871406115766,-1.784040557762292,0
2023-02-06,32.43259965122005,-0.8235376778923964,-0.1331083089346521,-1.899578140268013,0
2023-02-07,31.993428757154188,-0.7657730266570013,0.05776465123539509,-2.0331457208289034,0
2023-02-08,31.09612052706192,-0.966301682694862,-0.20052865603786074,-2.3197663417336543,0
2023-02-09,31.01341277070572,-0.41550334428803737,0.5507983384068247,-2.3192270468991723,0
2023-02-10,30.86621310383866,-0.3865288285236055,0.028974515764431885,-2.342160954457865,0
2023-02-13,28.56882989862394,-0.7727539505192205,-0.386225121995615,-3.059016842847089,0
2023-02-14,28.05430870523234,-0.7878240103843659,-0.015070059865145424,-3.158073865581569,0
2023-02-15,27.896509464177072,-0.6399222125769732,0.14790179780739265,-3.138942567685899,0
2023-02-16,27.80543872771264,-0.6415948085986187,-0.0016725960216454894,-3.105351781148135,0
2023-02-17,27.68423570968438,-0.6363954788308561,0.005199329767762606,-3.082577979892163,0
2023-02-20,27.339429566049443,-0.2458800665148928,0.3905154123159633,-3.126099252318816,0
2023-02-21,27.319465820060387,-0.14696857703439292,0.09891148948049988,-3.071271768570256,0
2023-02-22,27.002943936004865,-0.17871310563444354,-0.031744528600050614,-3.10686338239171,0
2023-02-24,27.455411293839767,-0.07000548677457274,0.10870761885987079,-2.9245522221075317,0
2023-02-27,27.488687008389338,-0.03910974025901126,0.030895746515561484,-2.8649516737399394,0
2023-02-28,27.65772589696361,0.06365926618283524,0.1027690064418465,-2.7709160348714637,0
2023-03-01,27.176455686598143,-0.028602026692450266,-0.0922612928752855,-2.8591502648985117,0
2023-03-02,27.730923145197053,0.1455958418384391,0.17419786853088937,-2.6646113679831225,0
2023-03-03,28.18067920927013,0.14505358308607086,-0.000542258752368241,-2.504510149355761,0
2023-03-06,28.163155020247395,0.13489360237161563,-0.01015998071445523,-2.4740722449823744,0
2023-03-07,28.011327549602655,0.07072033052780569,-0.06417327184380994,-2.4798563515329497,0
2023-03-08,27.734941869010488,0.11169723648247043,0.040976905954664744,-2.516743227135699,0
2023-03-09,27.9989581947654,0.05360700991366585,-0.05809022656880458,-2.4138969187257953,0
2023-03-10,28.500309924529045,0.06392614305178412,0.010319133138118275,-2.25536768355731,0
2023-03-13,29.480349260957716,0.26343884814206575,0.19951270509028163,-1.9814060699728329,0
2023-03-14,30.27532635705598,0.4527997614906667,0.18936091334860095,-1.7615932438051307,0
2023-03-15,32.529021519043496,0.9588159300065975,0.5060161685159308,-1.1795396723728833,0
2023-03-16,32.77212277623219,0.9546329162933596,-0.004183013713237926,-1.1106803400077092,0
2023-03-17,33.3173025141731,0.9633985179288125,0.008765601635452924,-0.9671229113255916,0
2023-03-20,33.62318656238557,0.8285674602855657,-0.13483105764324677,-0.8828400676992885,0
2023-03-22,34.33100317154626,0.8111353628980567,-0.01743209738750906,-0.6981496563119066,0
2023-03-23,34.89950644582616,0.4740969853565318,-0.3370383775415249,-0.5495183246044986,0
2023-03-24,34.55441369625127,0.3564581840038201,-0.11763880135271165,-0.6316909417338945,0
2023-03-27,34.5979828507037,0.25613606730611593,-0.10032211669770419,-0.6153479840586,0
2023-03-28,34.560616875153656,0.18748606255362432,-0.06865000475249161,-0.6191469541253898,0
2023-03-29,34.55801257395461,0.04540188048166982,-0.1420841820719545,-0.6141150743661163,0
2023-03-30,35.28818471599739,0.07773565403424243,0.03233377355257261,-0.4235021020021815,0
2023-03-31,35.40639273428693,0.1703958076071359,0.09266015357289348,-0.3879068494071254,0
2023-04-03,34.43060190250009,-0.033476189640722964,-0.20387199724785887,-0.6308326426850495,0
2023-04-04,34.44749295200031,-0.022624784630671968,0.010851405010050996,-0.6204568021375494,0
2023-04-05,34.43697965037121,-0.02420658471668702,-0.0015818000860150505,-0.6173119544762488,0
2023-04-06,35.55053621951608,0.05247030070374592,0.07667688542043294,-0.3266158329193943,0
2023-04-07,35.543539094900595,0.02742927212273827,-0.02504102858100765,-0.3238216153689884,0
2023-04-10,35.39532758340364,0.19294513618070397,0.1655158640579657,-0.35717112209079566,0
2023-04-11,35.50424591473309,0.21135059254655886,0.01840545636585489,-0.32421917526891,0
2023-04-12,35.68195746356374,0.24899556263850542,0.03764497009194656,-0.2738160717683762,0
2023-04-13,35.71440588896003,0.03277393388879091,-0.2162216287497145,-0.26095579978381783,0
2023-04-14,35.73200936947838,0.03769405491554778,0.004920121026756874,-0.2522972956560362,0
2023-04-17,35.22251217009673,-0.03456308266137853,-0.07225713757692631,-0.37997893675234934,0
2023-04-18,34.94803730518199,-0.11124172191021842,-0.07667863924883989,-0.44656818710417584,0
2023-04-19,34.799060949105574,-0.17657930289163204,-0.06533758098141362,-0.4805023727540888,0
2023-04-20,34.78099260455982,-0.18668265688004482,-0.010103353988412778,-0.4802253749928128,0
2023-04-21,34.707830039898724,-0.20483586591592484,-0.018153209035880025,-0.49417958692025604,0
2023-04-24,34.71419767555208,-0.1016628989089341,0.10317296700699075,-0.48724486404648515,0
2023-04-25,34.71511243821411,-0.046584973393578366,0.05507792551535573,-0.48193323956825823,0
2023-04-26,34.706944340113075,-0.01842332179849393,0.028161651595084436,-0.4789973168684964,0
2023-04-27,34.773091656407914,-0.0015801896303884178,0.016843132168105512,-0.4569681569030349,0
2023-04-28,34.29561779256409,-0.08244244946692447,-0.08086225983653605,-0.5775284899416104,0
2023-05-01,34.27320105600844,-0.08819932390872509,-0.005756874441800619,-0.5784433264500023,0
2023-05-02,33.822135728113295,-0.17859534202016647,-0.09039601811144138,-0.6914977720450551,0
2023-05-08,33.937345919757966,-0.1539196840710204,0.024675657949146057,-0.6555884311921221,0
2023-05-09,34.0098766338585,-0.15264300450988344,0.001276679561136973,-0.6311443775834048,0
2023-05-10,34.532007495131545,0.047277940513495764,0.1999209450233792,-0.4892139277707144,0
2023-05-11,34.21385576997394,-0.011869057206901346,-0.05914699772039711,-0.5680285496870593,0
2023-05-12,33.886219129457906,0.012816680268926461,0.024685737475827807,-0.6491496723784107,0
2023-05-15,33.798810300314685,-0.02770712388866059,-0.04052380415758705,-0.6671636200458664,0
2023-05-16,33.236630990553735,-0.1546491286609495,-0.1269420047722889,-0.8089492488819153,0
2023-05-17,32.83702799895152,-0.3389958992360107,-0.18434677057506121,-0.9073071634518524,0
2023-05-18,31.845709911432493,-0.4736291717082892,-0.13463327247227852,-1.1589134241543222,0
2023-05-19,31.296801988605413,-0.5178834281704994,-0.04425425646221015,-1.2921139298782143,0
2023-05-22,31.09207729174715,-0.5413466017135065,-0.023463173543007088,-1.3343715854934002,0
2023-05-23,31.017032348900106,-0.443919728330723,0.09742687338278344,-1.3424878343329767,0
2023-05-24,30.316384341509,-0.5041287314885103,-0.06020900315778732,-1.5106642876083312,0
2023-05-25,30.21499321763845,-0.3261433387588042,0.17798539272970615,-1.5225588127912055,0
2023-05-26,30.22073433302941,-0.21521353111520014,0.11092980764360405,-1.5068808116431494,0
2023-05-29,30.164425761585125,-0.18553030603240472,0.029683225082795417,-1.507449641621326,0
2023-05-30,30.307092703291037,-0.14198792912181446,0.043542376910590264,-1.457915728575527,0
2023-05-31,30.29191537189479,-0.004893793922843059,0.1370941351989714,-1.4487373635754237,0
2023-06-01,30.399810216835384,0.03696339983938657,0.04185719376222963,-1.4090305711615576,0
2023-06-02,30.43793698415796,0.04344053022571259,0.006477130386326024,-1.3875599718286773,0
2023-06-05,31.316174571411267,0.23034976196522905,0.18690923173951646,-1.1578461714560093,0
2023-06-06,32.41389541183825,0.4213605417094435,0.19101077974421443,-0.8766468026824266,0
2023-06-07,32.65450903053706,0.4725187317284494,0.0511581900190059,-0.8112590024541227,0
2023-06-08,33.66740804822302,0.6535195662775273,0.1810008345490779,-0.5540563730041256,0
2023-06-09,33.76323459623386,0.6650595224151772,0.01153995613764991,-0.5262013151930927,0
2023-06-12,34.58853408554439,0.6544719028266286,-0.010587619588548591,-0.31725907216763916,0
2023-06-13,34.71359564824813,0.45994004728197524,-0.19453185554465335,-0.28321958766454325,0
2023-06-14,34.85305174779764,0.4397085434521202,-0.020231503829855058,-0.24562674952927094,0
2023-06-15,35.37582762967286,0.3416839162899663,-0.09802462716215388,-0.11228450571992532,0
2023-06-16,35.329970999829875,0.31334728071919926,-0.028336635570767044,-0.12112288515919924,0
2023-06-19,35.35502710257711,0.15329860340654733,-0.16004867731265193,-0.11188627241304927,0
2023-06-20,35.453394436897625,0.14795975772990744,-0.005338845676639892,-0.0838114051291813,0
2023-06-21,35.315149585915314,0.09241956762352999,-0.05554019010637745,-0.11492251361385415,0
2023-06-22,34.753601769435114,-0.12444517204755101,-0.216864739671081,-0.25178512813864407,0
2023-06-23,34.498310437749126,-0.16633211241614987,-0.04188694036859886,-0.31183374094765304,0
2023-06-26,35.23609623245556,-0.023786174024309048,0.14254593839184082,-0.12177241672727324,0
2023-06-27,35.26147931024317,-0.03838302533089433,-0.014596851306585279,-0.11144733937208999,0
2023-06-28,35.501707962102365,0.03731167523741874,0.07569470056831307,-0.0462383899133458,0
2023-06-29,36.26397540871341,0.30207472785565415,0.2647630526182354,0.15054809715062187,0
2023-06-30,35.947826661014496,0.28990324465306827,-0.012171483202585875,0.07356851070451677,0
2023-07-03,35.92359005433859,0.13749876437660902,-0.15240448027645925,0.07073370131333198,0
2023-07-04,36.25659004236494,0.19902214642435467,0.061523382047745656,0.15881603741608252,0
2023-07-05,36.22721582136716,0.1451015718529547,-0.05392057457139998,0.15482953273132172,0
2023-07-06,36.01752304561209,-0.049290472620256764,-0.19439204447321146,0.10419996660858263,0
2023-07-07,35.426417248493976,-0.10428188250410386,-0.0549914098838471,-0.04365447807900668,0
2023-07-10,35.04744797696382,-0.1752284154749546,-0.07094653297085074,-0.13737422261991675,0
2023-07-11,33.07940182424368,-0.6354376436242575,-0.4602092281493029,-0.6374728723620927,0
2023-07-12,33.24940596961297,-0.5955619703508361,0.03987567327342134,-0.5893793562211769,0
2023-07-13,32.770570944083744,-0.6493904203056644,-0.05382844995482827,-0.7068289134828158,0
2023-07-14,32.60553558199036,-0.5641763333007361,0.08521408700492827,-0.7455794269874283,0
2023-07-18,31.74129618776304,-0.6612303578401466,-0.09705402453941048,-0.9618393818617849,0
2023-07-19,30.910026177861035,-0.4338751292765295,0.22735522856361712,-1.1666018140761711,0
2023-07-20,31.278334571452945,-0.3942142796320063,0.03966084964452321,-1.065463135243593,0
2023-07-21,31.45621363606465,-0.26287146160381525,0.13134281802819103,-1.013748753240225,0
2023-07-24,31.431038430241813,-0.2348994303497136,0.027972031254101637,-1.01456307009085,0
2023-07-25,31.60309854061304,-0.027639529429997367,0.20725990091971624,-0.9659727787694541,0
2023-07-26,31.02708699497972,0.02341216342373542,0.05105169285373279,-1.105585209098844,0
2023-07-27,30.99030990122954,-0.05760493404467937,-0.08101709746841479,-1.1087303282444285,0
2023-07-28,30.921568712258583,-0.10692898476121471,-0.04932405071653534,-1.1196471147589555,0
2023-07-31,30.69973397685644,-0.14626089067707326,-0.039331905915858556,-1.1682857271838882,0
2023-08-01,30.63894711440344,-0.19283028524192503,-0.04656939456485176,-1.1762647966054924,0
2023-08-02,28.79005241443908,-0.44740691610812533,-0.2545766308662003,-1.623677968662345,0
2023-08-03,29.80689906833245,-0.23668216657942054,0.2107247495287048,-1.3613719407167681,0
2023-08-04,30.48476661881853,-0.08736041868800726,0.14932174789141328,-1.1866979057259488,0
2023-08-07,30.155807113334625,-0.10878537270436439,-0.021424954016357134,-1.260299553792962,0
2023-08-08,29.696499886251424,-0.18848944563040249,-0.0797040729260381,-1.3643481032931066,0
2023-08-09,29.52881939932539,0.14775339697725798,0.33624284260766046,-1.3953724794843638,0
2023-08-10,28.942255378213314,-0.17292873802382402,-0.320682135001082,-1.5269341338703484,0
2023-08-14,28.864140580807423,-0.3241252076022185,-0.1511964695783945,-1.5351278427641035,0
2023-08-15,29.21021229815977,-0.189118963034975,0.13500624456724353,-1.4417858182781524,0
2023-08-16,29.140882635789165,-0.11112345009244606,0.07799551294252893,-1.4490894531600786,0
2023-08-17,29.7903064557658,0.05229741128808385,0.1634208613805299,-1.2863504674022987,0
2023-08-18,29.68944694113543,0.14943831258441875,0.0971409012963349,-1.3039762108175978,0
2023-08-21,29.8667649280648,0.20052486945147763,0.051086556867058874,-1.2548692959767265,0
2023-08-22,29.89250483288508,0.13645850694505768,-0.06406636250641995,-1.2421627807942095,0
2023-08-23,30.127890040998512,0.19740148104187227,0.060942974096814595,-1.180613765442316,0
2023-08-24,29.93403348276169,0.028745405399178026,-0.16865607564269425,-1.2202386490856232,0
2023-08-25,30.166533555204012,0.09541732281371651,0.06667191741453848,-1.1594166240234711,0
2023-08-28,30.47342833180506,0.12133268074805059,0.025915357934334082,-1.0820580111240021,0
2023-08-29,31.14344580449209,0.2501881943214066,0.128855513573356,-0.9212609514690927,0
2023-08-30,31.150101783913787,0.20444234858305066,-0.04574584573835594,-0.9171378916270347,0
2023-08-31,31.20608188024921,0.2544096794975026,0.049967330914451935,-0.9014081315863028,0
2023-09-01,31.09577478582858,0.18584824612491246,-0.06856143337259013,-0.92446710541863,0
2023-09-04,31.26853433728086,0.1590212010951646,-0.026827045029747865,-0.8822805104049521,0
2023-09-05,31.80192014499945,0.13169486810146935,-0.027326332993695246,-0.7551203688027093,0
2023-09-06,32.23711058405804,0.21740176002884937,0.08570689192738001,-0.651253891655362,0
2023-09-07,32.39396620254349,0.23757686445885895,0.020175104430009583,-0.6140389214520651,0
2023-09-08,32.45744948537447,0.2723349399091788,0.034758075450319836,-0.5981057737310409,0
2023-09-11,33.020791326364055,0.35045139781663437,0.07811645790745558,-0.4656130968803492,0
2023-09-12,32.65374201121002,0.17036437324211562,-0.18008702457451875,-0.5496571429033703,0
2023-09-13,32.766526543064515,0.10588319180129702,-0.0644811814408186,-0.5216073212361114,0
2023-09-14,32.37363430286489,-0.004066379935721898,-0.10994957173701891,-0.6107035505079279,0
2023-09-15,32.67757483368619,0.04402506966234654,0.048091449598068436,-0.5362833302643746,0
2023-09-19,32.87396303225911,-0.02936565882098563,-0.07339072848333217,-0.48734251396277933,0
2023-09-20,32.624559335561074,-0.005836535129795095,0.023529123691190534,-0.5422458995388114,0
2023-09-21,32.99656237014636,0.046007165416369844,0.05184370054616494,-0.45290860038628483,0
2023-09-22,33.450588705749766,0.21539088057697597,0.16938371516060613,-0.34431729735042593,0
2023-09-25,33.57564630345373,0.17961429395351303,-0.03577658662346295,-0.3124761705914494,0
2023-09-26,33.569842831139674,0.13917595977611086,-0.04043833417740217,-0.31097459280296047,0
2023-09-27,33.80399877202758,0.2358878872933019,0.09671192751719104,-0.2537008434518744,0
2023-09-28,33.17674871510714,0.03603726899214621,-0.1998506183011557,-0.39601223068785923,0
2023-09-29,32.982142555115146,-0.09368923012691965,-0.12972649911906586,-0.4377405566468852,0
2023-10-02,32.788861687311325,-0.15735692322847683,-0.06366769310155718,-0.47765495920965867,0
2023-10-03,32.02447587863978,-0.3090733904999894,-0.15171646727151256,-0.6502961291294105,0
2023-10-04,32.993777977929355,-0.16204415881963996,0.14702923168034943,-0.4188418413445099,0
2023-10-05,34.51460648984204,0.2675715549469828,0.4296157137666228,-0.05878759615569361,0
2023-10-06,35.69444694194652,0.542460877366274,0.2748893224192912,0.22224248383369843,0
2023-10-10,35.400399376689904,0.5223075378757116,-0.020153339490562416,0.15741020518592924,0
2023-10-11,36.41259102655612,0.8776230295832761,0.3553154917075645,0.4033403036205809,0
2023-10-12,36.42665687719076,0.6865757798522765,-0.19104724973099962,0.4142860992642229,0
2023-10-13,36.91065959616363,0.4792106212643219,-0.20736515858795457,0.5370126920514066,0
2023-10-16,37.39075075428693,0.33926076246807924,-0.13994985879624267,0.6586628879886351,0
2023-10-17,38.25302218567913,0.5705245617978463,0.23126379932976704,0.8727347589374891,0
2023-10-18,38.415355935847984,0.4005529818583682,-0.1699715799394781,0.9183600185713278,0
2023-10-19,38.61228480476532,0.4371255855149201,0.036572603656551905,0.9723534121062177,0
2023-10-20,38.61789633396183,0.3414473475596367,-0.09567823795528341,0.9823506119301737,0
2023-10-23,38.63174225155183,0.2481982994529801,-0.09324904810665657,0.995981728147209,0
2023-10-24,38.86354527887245,0.12210461863865874,-0.12609368081432137,1.0611644829154647,0
2023-10-25,37.88955800146533,-0.10515958687652471,-0.22726420551518345,0.8298418031815559,0
2023-10-26,38.22216732541122,-0.07802349587082347,0.027136091005701246,0.9232045316374131,0
2023-10-27,38.63197061616908,0.0028148564414465227,0.08083835231226999,1.0383604694848847,0
2023-10-30,38.16444528512652,-0.09345939328505892,-0.09627424972650545,0.9330164432522497,0
2023-10-31,38.09697111326636,-0.15331483312121463,-0.05985543983615571,0.929085154658904,0
2023-11-01,37.84146744108275,-0.009618112076516638,0.143696721044698,0.8768189233393954,0
2023-11-02,39.176338660234656,0.19083426696468564,0.20045237904120228,1.2349662444781266,0
2023-11-06,38.33883207302636,-0.05862770862854205,-0.2494619755932277,1.028696426734892,0
2023-11-07,38.28724849295067,0.024560641564825403,0.08318835019336746,1.0277651280659486,0
2023-11-08,38.37473825169703,0.05555342768613514,0.030992786121309734,1.0609072689903003,0
2023-11-09,38.07469070321883,0.0466446524272186,-0.008908775258916535,0.9905412922574607,0
2023-11-10,38.31284997403919,-0.17269773723909765,-0.21934238966631625,1.0628122428173068,0
2023-11-13,38.0109193397504,-0.06558254665518604,0.10711519058391161,0.9913325397163708,0
2023-11-14,37.94902217738341,-0.0676452631134552,-0.002062716458269165,0.983200484055376,0
2023-11-15,37.528715102246366,-0.16920462989013174,-0.10155936677667654,0.875713528616259,0
2023-11-16,37.14063587272199,-0.18681096609937242,-0.01760633620924068,0.7763557354231457,0
2023-11-17,37.030664251789474,-0.25643714444993293,-0.06962617835056051,0.7518630076583693,0
2023-11-20,36.8731402170893,-0.22755582453222445,0.02888131991770848,0.7141128671685606,0
2023-11-21,36.79064114670613,-0.23167620613546092,-0.004120381603236467,0.6965496592683437,0
2023-11-22,36.668408874387474,-0.1720612455717756,0.059614960563685315,0.6653122313358489,0
2023-11-24,36.66652590626689,-0.09482199329102059,0.07723925228075501,0.6671599530850496,0
2023-11-27,36.9273204952425,-0.020668751309386835,0.07415324198163376,0.7416356351775171,0
2023-11-28,37.03604164289044,0.03258028516022193,0.05324903646960877,0.7733960006070666,0
2023-11-29,37.253420632818894,0.09255589722255309,0.05997561206233115,0.8357537559053586,0
2023-11-30,36.63583828302274,-0.006514118272946234,-0.09907001549549932,0.6668655455655598,0
2023-12-01,36.46224589404408,-0.040856002444563444,-0.03434188417161721,0.62213960590081,0
2023-12-04,36.67220261686287,-0.05102357567592719,-0.010167573231363747,0.6853612981576055,0
2023-12-05,36.99317901481657,-0.008572525614773951,0.04245105006115324,0.7803647033333777,0
2023-12-06,37.0901593831024,-0.03265224994329685,-0.0240797243285229,0.8112020770817563,0
2023-12-07,38.355095158680285,0.3438513751315071,0.37650362507480395,1.16867440349184,0
2023-12-08,38.7732166105268,0.46219414329654285,0.11834276816503575,1.2910102706100737,0
2023-12-11,39.025463793525006,0.4706522353324303,0.008458092035887432,1.3663570307112467,0
2023-12-12,39.42795440697933,0.48695507843255115,0.016302843100120867,1.4854394966527347,0
2023-12-13,39.01591340963999,0.3851508053075179,-0.10180427312503326,1.3747598479296377,0
2023-12-14,38.95937487507178,0.12085594327830051,-0.26429486202921737,1.3665982745681224,0
2023-12-15,39.16740567926558,0.07883781374775367,-0.042018129530546844,1.4310465076160264,0
2023-12-18,38.64400258840829,-0.07629224102333865,-0.15513005477109232,1.287819709462778,0
2023-12-19,38.43910181747706,-0.19777051790045874,-0.1214782768771201,1.2365535332224187,0
2023-12-20,38.40664076270174,-0.1218545293876474,0.07591598851281134,1.233961301760023,0
2023-12-21,38.37974490215628,-0.11592599458310104,0.005928534804546359,1.2322791197883936,0
2023-12-22,38.27479057507273,-0.1785230208385684,-0.06259702625546737,1.2094498149336468,0
2023-12-25,37.649572687448696,-0.1988859801919176,-0.020362959353349197,1.035945835047966,0
2023-12-26,37.57101002588213,-0.17361835831898986,0.025267621872927748,1.0194317690783772,0
2023-12-27,37.593478776868025,-0.16263239716674605,0.010985961152243817,1.03275190503426,0
2023-12-28,37.77647914489399,-0.12065315145245137,0.04197924571429468,1.0935984244002266,0
2023-12-29,37.61389548931032,-0.13217901715248104,-0.01152586570002967,1.0522899377843153,0
2024-01-04,37.45910193237107,-0.03809415101553526,0.09408486613694578,1.0113557655498975,0
2024-01-05,37.1706234110377,-0.08007732296887582,-0.04198317195334056,0.9295483394769635,0
2024-01-09,37.09337995959066,-0.10001976345547803,-0.01994244048660221,0.911264588818095,0
2024-01-10,37.11495700565985,-0.13230442784682594,-0.03228466439134792,0.9222531176261337,0
2024-01-11,37.13387175814301,-0.09600474623346145,0.0362996816133645,0.9326310063901928,0
2024-01-12,37.97741549216943,0.10366271195967158,0.19966745819313303,1.1914015608274198,0
2024-01-15,37.809647754197066,0.1278048686318769,0.024142156672205317,1.14462194493933,0
2024-01-16,38.20067055547928,0.22145811917771852,0.09365325054584162,1.2663790136666992,0
2024-01-17,38.01300728329495,0.17961005552701437,-0.04184806365070415,1.2084782113114132,0
2024-01-18,37.73283658162646,0.11979296469669265,-0.05981709083032172,1.1237076013345395,0
2024-01-19,37.89149542074213,-0.017184014285454907,-0.13697697898214756,1.1712284321448667,0
2024-01-22,37.78976279417779,-0.003976992003856594,0.013207022281598313,1.1393670508415346,0
2024-01-23,38.00017348073841,-0.04009941494817326,-0.03612242294431667,1.1997717896019326,0
2024-01-24,37.97364583872664,-0.007872288913667091,0.03222712603450617,1.1888955758783013,0
2024-01-25,37.95378635110957,0.04418995389662683,0.052062242810293924,1.182265579826694,0
2024-01-26,37.86332534522698,-0.0056340151030340735,-0.049823968999660906,1.1555114722010595,0
2024-01-29,38.21130561325904,0.08430856381625063,0.0899425789192847,1.2595155000877265,0
2024-01-30,38.03260063536656,0.0064854309256361375,-0.07782313289061449,1.2053012906308402,0
2024-01-31,37.86695724593558,-0.021337718558221752,-0.02782314948385789,1.1519456647993938,0
2024-02-01,37.926203488769495,-0.005516572468003744,0.015821146090218008,1.1663805419507354,0
2024-02-02,36.99257418451608,-0.17415023214218195,-0.1686336596741782,0.8832495809822428,0
2024-02-05,35.10951671997935,-0.6203577786559435,-0.4462075465137616,0.31766374800712743,0
2024-02-06,33.9540116206198,-0.8157178029493508,-0.19536002429340726,-0.02873185656696629,0
2024-02-07,33.844223870805514,-0.8045466750260104,0.011171127923340407,-0.059397732476767905,0
2024-02-08,32.21190249817607,-1.14286019811869,-0.3383135230926797,-0.5511836291674868,0
2024-02-09,31.93814640547196,-1.0108855558088194,0.13197464230987066,-0.6324716239070759,0
2024-02-13,31.347829084322036,-0.7523375271314592,0.25854802867736026,-0.8086261594158839,0
2024-02-14,31.0092234570939,-0.5889576327051884,0.16337989442627077,-0.9087149176951291,0
2024-02-15,30.61815830757697,-0.6452131126457026,-0.056255479940514164,-1.0253850817910315,0
2024-02-16,29.74335488229114,-0.49370952317698524,0.15150358946871734,-1.2850894813118445,0
2024-02-19,30.06920927397632,-0.3737874262991312,0.11992209687785405,-1.1849679893012306,0
2024-02-20,29.409904735395923,-0.38758486978521844,-0.013797443486087246,-1.3860774213093583,0
2024-02-21,29.36082898543913,-0.32967889433096076,0.057905975454257685,-1.4059581245520982,0
2024-02-22,29.13507650682928,-0.29661636014953174,0.033062534181429015,-1.4792068178762792,0
2024-02-26,29.222282911852155,-0.10421439408779776,0.192401966061734,-1.4587516241767053,0
2024-02-27,29.0504808072512,-0.2037456933450308,-0.09953129925723303,-1.5168281067638538,0
2024-02-28,28.34461194088512,-0.21305855890215497,-0.009312865557124184,-1.7366532202454137,0
2024-02-29,28.234414096559725,-0.2252829777758798,-0.01222441887372483,-1.7751463584747995,0
2024-03-01,27.906978398191963,-0.24561962172746377,-0.020336643951583966,-1.880437518819181,0
2024-03-04,28.201393243905745,-0.20417793358928193,0.04144168813818183,-1.7943849886843837,0
2024-03-05,26.460136958814022,-0.5180687696874386,-0.3138908360981567,-2.3205815882288814,0
2024-03-06,26.719589423433284,-0.3250045034903657,0.19306426619707295,-2.2347180695843116,0
2024-03-07,26.43560182217495,-0.35976245487695735,-0.03475795138659166,-2.3157952058320177,0
2024-03-08,25.854378963358972,-0.4105198869665969,-0.050757432089639565,-2.4779215105487196,0
2024-03-11,25.37449349610908,-0.5653799495593361,-0.1548600625927392,-2.6004369040422644,0
2024-03-12,26.78263461337201,0.06449953091159699,0.6298794804709331,-2.168362512602875,0
2024-03-13,26.982751799336643,0.0526324751806726,-0.011867055730924392,-2.1020905350898915,0
2024-03-14,27.060798942659805,0.12503942409697544,0.07240694891630284,-2.07463751461155,0
2024-03-15,27.136185680152607,0.2563613433587264,0.13132191926175096,-2.0470431982983692,0
2024-03-18,27.17225310878457,0.35955192253509694,0.10319057917637053,-2.0288042975962357,0
2024-03-19,28.162276028938106,0.2759282831132239,-0.08362363942187301,-1.729046725007225,0
2024-03-21,28.231180485890476,0.2496857373107595,-0.026242545802464434,-1.7004113391234443,0
2024-03-22,28.517510086595863,0.29134222878721516,0.04165649147645567,-1.6033628106404474,0
2024-03-25,28.484295225252488,0.26962190901997474,-0.021720319767240426,-1.6001624781832304,0
2024-03-26,28.97054250385572,0.3596578790142324,0.09003596999425767,-1.4468644854256685,0
2024-03-27,29.03191340715596,0.17392747564357336,-0.18573040337065905,-1.4178900852523193,0
2024-03-28,29.040992697363183,0.16196244229453782,-0.011965033349035537,-1.4035532144533722,0
2024-03-29,29.87177809386422,0.2708536014536733,0.1088911591591355,-1.1548525312005289,0
2024-04-01,29.79966012615681,0.263072980180862,-0.007780621272811317,-1.167022578629977,0
2024-04-02,30.437389411479334,0.29336938152472314,0.030296401343861135,-0.9771934849086856,0
2024-04-03,30.41682397031268,0.27698211263134453,-0.016387268893378604,-0.9765382805221009,0
2024-04-04,30.034203468527547,0.1986421542328749,-0.07833995839846963,-1.078455813588087,0
2024-04-05,29.988756112306557,0.023395603688463495,-0.1752465505444114,-1.083201551983012,0
2024-04-08,29.427981702074188,-0.07433568481652486,-0.09773128850498836,-1.2329781341735189,0
2024-04-09,29.378208186253023,-0.21183624504525866,-0.1375005602287338,-1.2376336147511977,1
2024-04-10,28.70738793756924,-0.34188720654869087,-0.1300509615034322,-1.415633614206325,0
2024-04-11,28.493995768451303,-0.30804154001524964,0.03384566653344123,-1.4629369897699553,0
2024-04-12,28.32116069515319,-0.33351908343067294,-0.025477543415423298,-1.4974049923716393,1
2024-04-15,28.275926552455783,-0.23041102992367968,0.10310805350699326,-1.4959705727873909,0
2024-04-16,27.58436636095514,-0.358768365059575,-0.1283573351358953,-1.6714527321752297,0
2024-04-17,29.104390464967302,0.07940050547961164,0.43816887053918663,-1.2394385033416946,0
2024-04-18,29.57207096787966,0.21561503988566955,0.1362145344060579,-1.1012902309829216,0
2024-04-19,29.59598015877241,0.2549638927238469,0.03934885283817735,-1.0861103609846041,0
2024-04-22,30.389221292162688,0.4226589479413789,0.16769505521753203,-0.8607860956864316,0
2024-04-23,30.64675594950862,0.6124779177106987,0.18981896976931978,-0.7841436642286378,0
2024-04-24,30.753677948164132,0.32985749663936303,-0.28262042107133567,-0.7494717453088011,0
2024-04-25,31.097707283210266,0.30512726306612237,-0.024730233573240668,-0.650354552456008,0
2024-04-26,31.954670191830484,0.47173800661161636,0.166610743545494,-0.4115541734599177,0
2024-04-30,31.59583143454748,0.24132202847695794,-0.23041597813465842,-0.5066619743864115,0
2024-05-01,31.833588717863744,0.23736655367102344,-0.0039554748059345,-0.43807469937670196,0
2024-05-02,31.66314354873292,0.1818931201137559,-0.055473433557267526,-0.481464125035341,0
2024-05-07,31.74285162313,0.12902886798394775,-0.052864252129808165,-0.4562266269119502,0
2024-05-08,31.621954053958817,-0.06654322757433562,-0.19557209555828337,-0.4858879913519542,0
2024-05-09,32.48498367868178,0.17783044882686383,0.24437367640119945,-0.24682300004742716,0
2024-05-10,32.133139535621105,0.05991016355146783,-0.117920285275396,-0.3410849648807608,0
2024-05-13,31.26129855274215,-0.08036899919814999,-0.14027916274961783,-0.5773700190647992,0
2024-05-14,30.96458920359247,-0.15565248390751307,-0.07528348470936308,-0.6550164777373576,0
2024-05-15,30.34056178784409,-0.2562784532229436,-0.10062596931543055,-0.8210790093891934,0
2024-05-16,29.65018083662722,-0.5669605684109058,-0.3106821151879622,-1.0030125194410964,0
2024-05-17,29.35795845430673,-0.5550362162628737,0.011924352148032114,-1.075216072058456,0
2024-05-20,29.30657292874384,-0.39094512479966426,0.16409109146320944,-1.0817322444562238,0
2024-05-21,29.378028422353385,-0.31731215624781584,0.07363296855184842,-1.055136279740987,0
2024-05-22,28.77387419459967,-0.31333751864888626,0.003974637598929576,-1.210771659394738,0
2024-05-23,28.924440446088003,-0.14514807810784447,0.1681894405410418,-1.1626112561572612,0
2024-05-24,29.10248915604636,-0.05109385965207025,0.09405421845577422,-1.1091188180532854,0
2024-05-27,29.19950851393861,-0.021412882961051594,0.029680976691018657,-1.0787611804307167,0
2024-05-28,28.928401360846674,-0.08992541230134066,-0.06851252934028906,-1.1470495321231455,0
2024-05-29,28.513242999997583,-0.0521262389204189,0.03779917338092176,-1.252689778683573,0
2024-05-30,28.835931319448108,-0.017701825327975484,0.034424413592443415,-1.1629114922668247,0
2024-05-31,28.734399893549227,-0.07361785249942798,-0.0559160271714525,-1.186603954009911,0
2024-06-03,29.33569033087741,0.02723636338776103,0.10085421588718901,-1.0242756102644779,0
2024-06-04,29.82441246446228,0.17920222072311986,0.15196585733535883,-0.8932950093337243,0
2024-06-05,30.003695872985784,0.29809057459764077,0.1188883538745209,-0.8449505244035124,0
2024-06-06,30.36913189697849,0.3066401155060774,0.008549540908436626,-0.7476736798191734,0
2024-06-07,30.743439575779576,0.40180793644606894,0.09516782093999154,-0.6484286352698971,0
2024-06-10,30.962880581818972,0.3254380501883105,-0.07636988625775842,-0.5906977258648024,0
2024-06-11,31.295729704446845,0.2942634479969115,-0.031174602191399003,-0.501889200024821,0
2024-06-12,30.800082656914032,0.15927735678565114,-0.13498609121126037,-0.631913994468441,0
2024-06-13,30.76819918104138,0.07981345681257679,-0.07946389997307435,-0.6379014185442341,0
2024-06-14,31.36236293895798,0.12378467263567927,0.04397121582310248,-0.4770022905334926,0
2024-06-17,30.923761785708503,-0.007823759222088,-0.13160843185776727,-0.5903567396645384,0
2024-06-18,31.872214501112207,0.11529695933307238,0.12312071855516038,-0.33516234882112306,0
2024-06-19,31.92620446748263,0.22522436211371755,0.10992740278064517,-0.31788003706358303,0
2024-06-20,31.896188912684565,0.22559794632863728,0.00037358421491973104,-0.32279042765552474,0
2024-06-21,31.72547039270442,0.07262149074928814,-0.15297645557934914,-0.36451250277266833,0
2024-06-24,31.75429373084107,0.16610638902650976,0.09348489827722162,-0.35319237870164577,0
2024-06-25,31.997867448252496,0.025130589428062677,-0.14097579959844708,-0.2848895470754603,0
2024-06-26,32.64095163486131,0.14294943347573508,0.1178188440476724,-0.11055708228545014,0
2024-06-27,32.73174836736737,0.16711189093656031,0.024162457460825237,-0.0836384288976176,0
2024-06-28,32.434445157542,0.14179495296751554,-0.025316937969044773,-0.1605902618563483,0
2024-07-01,32.527833228534114,0.1547078995386073,0.012912946571091766,-0.1335811433945021,0
2024-07-02,32.45185486203073,0.09079748275564725,-0.06391041678296006,-0.15100158527015364,0
2024-07-03,32.70267012515067,0.01234369805787594,-0.07845378469777131,-0.08127803245171056,0
2024-07-04,32.91339604839477,0.03632953620547852,0.02398583814760258,-0.022159022734719373,0
2024-07-05,33.21789879273463,0.15669072703852294,0.12036119083304442,0.0627275766088856,0
2024-07-08,31.914367848468927,-0.1226930760130358,-0.27938380305155874,-0.282807125197692,0
2024-07-09,32.07559599704718,-0.07525177299670816,0.04744130301632765,-0.235666034596129,1
2024-07-10,32.054718537465774,-0.12959031753698014,-0.05433854454027198,-0.23711033872961543,1
2024-07-11,31.947974600935808,-0.19308428949179302,-0.06349397195481288,-0.26161273662959533,1
2024-07-12,32.04922167852333,-0.23373542284225834,-0.04065113335046533,-0.23034250340086102,1
2024-07-16,31.440538863595076,-0.09476579697477305,0.1389696258674853,-0.390569637150478,1
2024-07-17,31.11007882838033,-0.1931034337333699,-0.09833763675859686,-0.475673838799888,1
2024-07-18,30.771638161030857,-0.2566160752869777,-0.06351264155360781,-0.564245725261374,1
2024-07-19,31.03344429145337,-0.18290606189648884,0.07371001339048888,-0.49094707082262456,1
2024-07-22,30.62608628641741,-0.2846270784211882,-0.10172101652469934,-0.5981215330938252,1
2024-07-23,30.75542062978686,-0.13702364676163725,0.14760343165955092,-0.5609005494860663,1
2024-07-24,30.51451334196845,-0.11911309728237995,0.0179105494792573,-0.6241155321994117,1
2024-07-25,30.659760953279577,-0.02237544155025617,0.09673765573212378,-0.5846421364195984,1
2024-07-26,32.04934738388515,0.20318061848635693,0.2255560600366131,-0.21135480524452524,1
2024-07-29,31.348191160034496,0.1444209747234133,-0.058759643762943625,-0.4000699393326585,1
2024-07-30,32.603165850238874,0.36954904409040523,0.22512806936699192,-0.06335053127778012,1
2024-07-31,32.68786079470904,0.4346694905481172,0.06512044645771198,-0.041711548857865086,1
2024-08-01,32.55736883019547,0.37952157538317977,-0.055147915164937444,-0.0785606082531408,1
2024-08-02,34.327914105394,0.45571334430176336,0.07619176891858359,0.39523604097066306,1
2024-08-05,39.30871505893861,1.5921047797808328,1.1363914354790694,1.719824827982691,0
2024-08-06,56.647145253833926,4.8087958807190105,3.216691100938178,5.886217188809823,0
2024-08-07,60.81175175881539,5.6247781928212675,0.8159823121022569,6.318141461218997,0
2024-08-08,60.417651749936255,5.572056583948161,-0.05272160887310662,5.778345137382906,0
2024-08-09,60.112461294116514,5.156909437744503,-0.4151471462036582,5.354574722886199,0
2024-08-13,59.80117913811258,4.098492815834788,-1.0584166219097142,4.999570670112997,0
2024-08-14,59.9794819328127,0.6664673357957582,-3.43202548003903,4.778402972445683,0
2024-08-15,59.92479562738712,-0.17739122628565696,-0.8438585620814152,4.548861530559801,0
2024-08-16,59.77955612362686,-0.12761912526188013,0.04977210102377683,4.333451555871697,0
2024-08-19,60.072025227073496,-0.008087213408600746,0.11953191185327938,4.2085856669244714,0
2024-08-20,59.7073536480428,-0.01876509801395798,-0.010677884605357235,3.999927971461456,0
2024-08-21,59.65388705694847,-0.06511897517284382,-0.04635387715888584,3.856151603914043,0
2024-08-22,59.63282488465397,-0.05839414854663261,0.006724826626211211,3.7298252212175345,0
2024-08-23,59.49149155914903,-0.05761291289556425,0.0007812356510683571,3.5971397248180508,1
2024-08-26,59.60154503606843,-0.09409603820100898,-0.03648312530544473,3.508698835333864,1
2024-08-27,59.80535657891789,0.019600586175009482,0.11369662437601846,3.438563165266529,1
2024-08-28,60.07985294728607,0.08519317806752724,0.06559259189251776,3.3818564629940875,1
2024-08-29,60.1743997812691,0.10831497932301914,0.023121801255491903,3.3057784820387353,1
2024-08-30,60.33747632341378,0.16919695285294978,0.06088197352993063,3.2430473973154967,1
2024-09-02,60.22710797080053,0.1251125869464218,-0.04408436590652798,3.150983857630662,1
2024-09-03,60.21413312957999,0.0817553101324151,-0.043357276814006696,3.0761806922157056,1
2024-09-04,60.47678878388879,0.0793871673205544,-0.0023681428118607073,3.0376287384639675,0
2024-09-05,61.39128854792724,0.2433777533316217,0.1639905860110673,3.075140757442158,0
2024-09-06,61.4652312785098,0.22555099101921172,-0.017826762312409983,3.0143950368521546,0
2024-09-09,61.92225902611164,0.33903021106221587,0.11347922004300415,2.999205880482476,0
2024-09-10,62.14171148477113,0.3855156710382346,0.04648545997601872,2.958227478513533,0
2024-09-11,62.04888562680738,0.3144193685837138,-0.07109630245452081,2.885685520502982,0
2024-09-12,62.22620974642408,0.16698423969936727,-0.1474351288843465,2.8454587840807113,0
2024-09-13,62.70427554717124,0.24780885373228756,0.0808246140329203,2.8381191945501225,0
2024-09-17,62.71053647838456,0.15765549045458727,-0.0901533632777003,2.782287101448683,0
2024-09-18,62.5823919538506,0.08813609381589771,-0.06951939663868956,2.7156479817887824,0
2024-09-19,62.48027749535618,0.086278373709753,-0.0018577201061447113,2.6549115563245085,0
2024-09-20,62.64011433202683,0.08278091712054447,-0.003497456589208525,2.622748154409291,0
2024-09-24,62.68841812903575,-0.0031714836270921865,-0.08595240074763666,2.581014363875699,0
2024-09-25,62.63927019270117,-0.01425325713668002,-0.011081773509587833,2.5316676027985276,0
2024-09-26,62.49298147189714,-0.017882096390692936,-0.0036288392540129166,2.4752187228291467,0
2024-09-27,62.67527334404264,0.03899916973729489,0.05688126612798783,2.451954934485462,0
2024-09-30,62.37559724778103,-0.052903416849162,-0.09190258658645689,2.3847477939134794,0
2024-10-01,62.79197675184432,0.020711724561714107,0.0736151414108761,2.3860332607623906,0
2024-10-02,62.95900987494979,0.06394793644972196,0.04323621188800786,2.3642384277243917,0
2024-10-03,63.01303296273375,0.10401029816732432,0.04006236171760236,2.3329350174380896,0
2024-10-04,63.2395744304353,0.11286021727853779,0.008849919111213467,2.3180401196852154,0
2024-10-07,63.17284582935845,0.15944971631547133,0.046589499036933546,2.277645785015613,0
2024-10-08,63.181717654988766,0.0779481806289084,-0.08150153568656293,2.24528411339013,0
2024-10-09,63.25228530800388,0.058655086610812646,-0.019293094018095758,2.2193296650842336,0
2024-10-10,63.31191828051792,0.059777063556829546,0.0011219769460169005,2.193269276597084,0
2024-10-11,63.29368624928967,0.01082236377087753,-0.048954699785952016,2.161347477705599,0
2024-10-15,63.172830613182654,-3.0432351536546776e-06,-0.010825407006031185,2.1218554898688944,0
2024-10-16,63.156956964181006,-0.004952138161563369,-0.004949094926409714,2.092560891629826,0
2024-10-17,63.20376596367281,-0.009703868866210996,-0.004751730704647628,2.0692871581071692,0
2024-10-18,63.14832774170876,-0.032718107761830595,-0.0230142388956196,2.03841212833366,0
2024-10-21,63.13081268268771,-0.032574713320400406,0.0001433944414301891,2.011534051820155,0
2024-10-22,63.07967114728081,-0.018631893180362624,0.013942820140037782,1.9827745831801122,0
2024-10-23,63.1089683688664,-0.00959771906292417,0.009034174117438454,1.9613826560586698,0
2024-10-24,63.00688058400451,-0.03937707593365758,-0.02977935687073341,1.9302576512766842,0
2024-10-25,63.05263490439901,-0.01913856746194398,0.0202385084717136,1.911738319011859,0
2024-10-28,63.10398345041628,-0.005365846454289169,0.013772721007654809,1.8941375983563662,0
2024-10-29,63.205510240350215,0.025167818613873294,0.030533665068162463,1.8808504440522296,0
2024-10-30,63.22482047141615,0.023170420509963208,-0.0019973981039100863,1.8614382697072864,0
2024-10-31,63.239460474089256,0.04651597801694152,0.02334555750697831,1.8421704020047422,0
2024-11-01,62.91276975280252,-0.027973030319301984,-0.0744890083362435,1.7969400885896396,0
2024-11-05,62.47048306413961,-0.12670007725533594,-0.09872704693603396,1.7441511561124472,0
2024-11-06,62.14443363451164,-0.21221532116771158,-0.08551524391237564,1.7016098063774012,0
2024-11-07,61.897790401481416,-0.2654060139869401,-0.0531906928192285,1.665963540551151,0
2024-11-08,61.62643532248874,-0.322605030320112,-0.057199016333171926,1.629254110117758,0
2024-11-11,61.47369265651661,-0.28781541925718557,0.03478961106292644,1.6021623471520736,0
2024-11-12,61.19744823951552,-0.25460696492481105,0.033208454332374515,1.5667520123717347,0
2024-11-13,61.25440035799317,-0.1780066553036903,0.07660030962112074,1.5565523771665615,0
2024-11-14,61.264145097872806,-0.12672906072172196,0.051277594581968344,1.5430113216800079,0
2024-11-15,61.21686937549989,-0.08191318939778114,0.044815871323940826,1.5255295803594735,0
2024-11-18,61.14250805871284,-0.06623691956075106,0.015676269837030077,1.5063148267172668,0
2024-11-19,61.05276210558812,-0.028937226785465953,0.03729969277528511,1.4863722237242738,0
2024-11-20,61.03788258987773,-0.04330355362309746,-0.014366326837631505,1.4721451761052415,0
2024-11-21,60.75564766040619,-0.10169948749332747,-0.05839593387023001,1.4388347973703761,0
2024-11-22,60.73244590124189,-0.09688469485159601,0.004814792641731458,1.424681692084627,0
2024-11-25,61.04947848819875,-0.018605914102820975,0.07827878074877503,1.435055137154477,0
2024-11-26,60.79156999564712,-0.05223842198819284,-0.033632507885371865,1.4041126007971858,0
2024-11-27,60.86022701124317,-0.03553111572691847,0.01670730626127437,1.396909266212123,0
2024-11-28,60.97089431124644,0.04304933016805279,0.07858044589497126,1.392751451238594,0
2024-11-29,61.12968011537033,0.07944684282568915,0.036397512657636355,1.391996491841443,0
2024-12-02,60.03357380569762,-0.20318093650022462,-0.28262777932591376,1.3028597159039372,0
2024-12-03,47.621840176134334,-2.633945963902569,-2.4307650274023445,0.4158288630338223,0
2024-12-04,38.1966524585584,-4.532714910536946,-1.8987689466343767,-0.2556940268758906,0
2024-12-05,38.36757637877277,-4.520663586494734,0.01205132404221132,-0.24386075169226598,0
2024-12-06,38.65953789780114,-4.494028443513834,0.02663514298090064,-0.22368105450043788,0
2024-12-09,39.051288347038735,-4.19645709173178,0.29757135178205374,-0.196554198479111,0
2024-12-10,38.01372843759611,-1.9216223477076468,2.274834744024133,-0.27089662702704764,0
2024-12-11,37.75571400929435,-0.08818768985280911,1.8334346578548377,-0.2895199609680268,0
2024-12-12,37.916493978265976,-0.09021648010136119,-0.0020287902485520704,-0.27831787001477143,0
2024-12-13,36.68861711321654,-0.3941841569169213,-0.30396767681556014,-0.3652997568934851,0
2024-12-16,36.42449631386762,-0.5253584066342185,-0.1311742497172972,-0.3833739994553767,0
2024-12-17,36.275735196632965,-0.34759864819262276,0.17775975844159575,-0.39309742581895263,0
2024-12-18,36.31485479703237,-0.2881718424523996,0.05942680574022319,-0.3893273233968424,0
2024-12-19,36.38118703748729,-0.3070613881557449,-0.018889545703345334,-0.3837693134915372,0
2024-12-20,36.343854597198366,-0.06895250320363289,0.23810888495211202,-0.38559788190662175,0
2024-12-23,36.28338759850665,-0.028221743072187166,0.04073076013144572,-0.38898877658058295,0
2024-12-24,36.358799595382685,0.016612879749935416,0.04483462282212258,-0.38289627013744687,0
2024-12-25,36.23880018023055,-0.015210923360356787,-0.031823803110292204,-0.390731017154391,0
2024-12-26,36.2544835052482,-0.02534070644782105,-0.010129783087464261,-0.388928237334592,0
2024-12-27,36.57318031936308,0.04586514443294476,0.07120585088076581,-0.3656913602625979,0
2024-12-30,37.03905815834155,0.15113411196698223,0.10526896753403747,-0.3321775677730744,0
2025-01-06,37.26713027910861,0.18166613674518572,0.030532024778203493,-0.3158418531817652,0
2025-01-07,34.7189842509867,-0.30396318584877235,-0.4856293225939581,-0.496044886398781,0
2025-01-08,34.844546574042305,-0.2819873862411768,0.021975799607595548,-0.4861903030315822,0
2025-01-09,34.717100005065454,-0.37121606285952424,-0.08922867661834744,-0.4942099920234118,0
2025-01-10,34.97971184414848,-0.41186926283862135,-0.04065319997909711,-0.47467167186055587,0
2025-01-14,35.17076685901763,-0.4192726840181962,-0.007403421179574821,-0.4603405976171152,0
2025-01-15,34.390036367750554,-0.06578957664722651,0.35348310737096966,-0.5148079678501718,0
2025-01-16,33.027154673622285,-0.363478380084004,-0.2976888034367775,-0.6100479815130408,0
2025-01-17,32.77123627812581,-0.38917274538793123,-0.025694365303927214,-0.6266013068584612,0
2025-01-20,33.00580264868939,-0.39478183909181297,-0.00560909370388174,-0.6084711669919538,0
2025-01-21,33.36822469784715,-0.36050843223410567,0.0342734068577073,-0.5811674171942373,0
2025-01-22,32.41913477254784,-0.3941803190405295,-0.033671886806423856,-0.6463960289526761,0
2025-01-23,32.19251722428185,-0.16692748986809391,0.2272528291724356,-0.6602256767985026,0
2025-01-24,32.39459003664524,-0.07532924829611432,0.0915982415719796,-0.6438896117229216,0
2025-01-27,32.60695545614344,-0.07976943850918872,-0.004440190213074402,-0.6270277087524813,0
2025-01-28,31.038769320699156,-0.46589107542959596,-0.38612163692040724,-0.7351200142210431,0
2025-01-29,30.890947034578662,-0.305637547593836,0.16025352783575997,-0.7428740397810801,0
2025-01-30,26.935411552371782,-1.0514211343820143,-0.7457835867881784,-1.0165220177191192,0
2025-01-31,26.1077899767421,-1.2573600119806265,-0.20593887759861218,-1.0690492541165284,0
2025-02-03,25.32407318486716,-1.4565764542552593,-0.19921644227463275,-1.1178087006249648,0
2025-02-04,26.81702404612018,-0.8443490549157957,0.6122273993394636,-1.0082315136215119,0
2025-02-05,26.6062595258676,-0.856937501742209,-0.012588446826413247,-1.0176765495781903,0
2025-02-06,25.72640052297216,-0.24180220587992807,0.6151352958622809,-1.073209236672998,0
2025-02-07,24.56000218687021,-0.3095575579743759,-0.06775535209444783,-1.1477287363093687,0
2025-02-10,24.471933706050987,-0.17042789576323614,0.13912966221113976,-1.1471625131620302,0
2025-02-12,24.301804447518904,-0.5030439197202554,-0.3326160239570193,-1.1525104129015542,0
2025-02-13,24.14660995950411,-0.49192991327269553,0.011114006447559888,-1.1574462906539222,0
2025-02-14,24.970556175012483,-0.1511688695919382,0.3407610436807573,-1.0960591561328006,0
2025-02-17,24.66404215835669,0.020807994297296517,0.17197686388923472,-1.1123545749693935,0
2025-02-18,24.263711396907333,-0.041644461828731494,-0.06245245612602801,-1.135490368659374,0
2025-02-19,24.22343259816993,-0.015674369869795868,0.025970091958935626,-1.134036702286129,0
2025-02-20,24.27486447383001,0.02565090286518057,0.04132527273497644,-1.1266462262426271,0
2025-02-21,24.222646692322023,-0.14958189653809129,-0.17523279940327185,-1.1264778209565136,0
2025-02-25,24.234715186831373,-0.08586539430506335,0.06371650223302794,-1.122139157118548,0
2025-02-26,23.425449275130177,-0.16765242435543115,-0.0817870300503678,-1.1735214129941696,0
2025-02-27,23.070911992383877,-0.2305041211572103,-0.06285169680177916,-1.1935138388088808,0
2025-02-28,22.65648705731581,-0.32367548330283924,-0.09317136214562893,-1.217556183060545,0
2025-03-03,23.334310391607143,-0.17766726014297873,0.1460082231598605,-1.1682144548103144,0
2025-03-04,24.22695445622453,-0.0015521461213694465,0.1761151140216093,-1.1052017390148565,0
2025-03-05,24.391543900092103,0.19321892499239013,0.19477107111375958,-1.0914646989622876,0
2025-03-06,23.83806296473406,0.1534301944700367,-0.03978873052235343,-1.1258458149958905,0
2025-03-07,23.85480769663637,0.23966412786410984,0.08623393339407315,-1.1221861031792277,0
2025-03-10,23.704602378592448,0.07405839739706366,-0.16560573046704619,-1.1297124307863522,0
2025-03-11,23.757036680005044,-0.09398355524389856,-0.16804195264096222,-1.1238380200857243,0
2025-03-12,24.3051674196071,-0.017275296097000847,0.07670825914689772,-1.0849454629906743,0
2025-03-13,24.507152217768198,0.1338178506068246,0.15109314670382545,-1.070324335951468,0
2025-03-14,24.489678189717736,0.12697409861627307,-0.006843751990551539,-1.0702577611018917,0
2025-03-17,23.870907002483875,0.03326092477828624,-0.09371317383798683,-1.1101955627630913,0
2025-03-18,24.440119995479712,0.13661666309493725,0.10335573831665101,-1.0713349534149934,0
2025-03-19,25.07462915000448,0.153892346079477,0.017275682984539742,-1.0287548692571908,1
2025-03-21,25.03551632969304,0.10567282238496745,-0.04821952369450955,-1.0304321388780182,1
2025-03-24,24.804396094900863,0.0629435810366239,-0.04272924134834355,-1.0446976898037956,1
2025-03-25,24.84528345312829,0.19487529012888416,0.13193170909226026,-1.0407775143811104,1
2025-03-26,24.76205429155431,0.06438685921491683,-0.13048843091396733,-1.0450554073219935,1
2025-03-27,24.86913107315633,-0.04109961536963169,-0.10548647458454852,-1.036685281848778,1
2025-03-28,24.741832050374487,-0.05873685586371025,-0.017637240494078554,-1.043369671782878,1
2025-03-31,26.05001659736906,0.24912410049364198,0.3078609563573522,-0.9551737153551517,1
2025-04-01,30.25955718908997,1.0828547471923393,0.8337306466986973,-0.6756645381941457,1
2025-04-02,30.11356989191551,1.0703031200722357,-0.012551627120103603,-0.6860404833624316,1
2025-04-03,30.019686210270304,1.0301110274227945,-0.040192092649441236,-0.6927148543418307,1
2025-04-04,31.251756702721483,1.3019849304693984,0.27187390304660397,-0.6114724552449613,1
2025-04-07,31.113428347060108,1.0126823499382098,-0.2893025805311886,-0.6214823240174656,0
2025-04-08,43.06050169148809,2.5601889004796234,1.5475065505414136,0.17172618258949254,0
2025-04-09,47.096851500196834,3.396656321656266,0.8364674211766427,0.4367638487604797,0
2025-04-10,48.43508634014534,3.683080025975009,0.286423704318743,0.5215181570630575,0
2025-04-11,55.06680494757495,4.763009648970694,1.0799296229956852,0.9570907597613795,0
2025-04-14,55.731648720793146,4.923644074746612,0.16063442577591758,0.993643699612572,0
2025-04-15,55.64997773411455,2.5178952085252817,-2.40574886622133,0.9804832178030877,0
2025-04-16,55.45207349271524,1.6710443985036818,-0.8468508100215999,0.9597160632732041,0
2025-04-17,55.29176725171687,1.371336182314316,-0.29970821618936583,0.9416014825294964,0
2025-04-18,55.44995360224684,0.07662973093437131,-1.2947064513799447,0.9446119048306559,0
2025-04-21,55.44863820997725,-0.056602102163175516,-0.13323183309754683,0.9370528229375101,0
2025-04-22,55.53653768811007,-0.022688009200898307,0.03391409296227721,0.9354244045631022,0
2025-04-23,55.53318058997147,0.01622141945124156,0.038909428652139866,0.9277807055072013,0
2025-04-24,55.87212577982805,0.11607170562223246,0.0998502861709909,0.9427400663395584,0
2025-04-25,55.217302792273095,-0.046530161994745356,-0.1626018676169778,0.8921074102343609,0
2025-04-28,55.30599804196689,-0.0285280336020719,0.018002128392673455,0.8909186058914806,0
2025-04-30,54.94772388877189,-0.11776275986763807,-0.08923472626556617,0.8602578727339016,0
2025-05-01,54.483267733137815,-0.20998257136673004,-0.09221981149909197,0.8228722360764228,0
2025-05-02,53.891668476045695,-0.39609146075646606,-0.18610888938973602,0.7773716310302938,0
2025-05-07,53.64550528254479,-0.31435950194566686,0.0817319588107992,0.7549556238608087,0
2025-05-08,53.36517878657443,-0.38816385107848106,-0.0738043491328142,0.7304529881498032,0
2025-05-09,53.39162565800363,-0.3112196461536527,0.07694420492482834,0.7264420400891312,0
2025-05-12,53.32840723305646,-0.230972100016281,0.08024754613737173,0.7164815086772109,0
2025-05-13,52.91760914699134,-0.19481186581086973,0.03616023420541126,0.6836580151653676,0
2025-05-14,52.51492576555436,-0.22611590339808885,-0.03130403758721911,0.6515186754411222,0
2025-05-15,52.23694313380715,-0.22564713055345464,0.0004687728446342021,0.6277838875149602,0
2025-05-16,52.24736521445369,-0.22885208870999207,-0.0032049581565374297,0.6231989952577454,0
2025-05-19,52.179063542459616,-0.22986873811936448,-0.0010166494093724054,0.6135484225518719,0
2025-05-20,52.11600225581703,-0.1603213782348547,0.06954735988450977,0.6042288447918924,0
2025-05-21,51.89897009757275,-0.12319113359632183,0.03713024463853287,0.5846287064746274,0
2025-05-22,51.79871521293816,-0.0876455841737993,0.03554554942252253,0.5727907899352177,0
2025-05-23,51.937442821883785,-0.06198447851397759,0.025661105659821715,0.5767404945980206,0
2025-05-26,51.92820150264577,-0.05017240796277633,0.01181207055120126,0.5707629585195761,0
2025-05-27,51.93979406021425,-0.035241639120556556,0.014930768842219777,0.5661440871775791,0
2025-05-28,52.17644479387196,0.055494939259837395,0.09073657838039395,0.5764894164090514,0
2025-05-29,52.40767745411518,0.12179244823541069,0.0662975089755733,0.5864438517690262,0
2025-05-30,52.52815427162386,0.11814228994801113,-0.003650158287399563,0.5889128703289822,0
2025-06-02,52.43382818424529,0.10112533631990317,-0.017016953628107956,0.5770522703390085,0
2025-06-03,52.74557540213058,0.16115626838327302,0.060030932063369846,0.5923718424637252,0
2025-06-04,52.47420709160818,0.0595524595472412,-0.10160380883603182,0.5686411234126749,0
2025-06-05,52.61205073238033,0.0408746556530275,-0.018677803894213696,0.572353758457298,0
2025-06-06,52.98440663703021,0.09125047308128131,0.05037581742825381,0.5917444973635132,0
2025-06-09,53.44185948916597,0.2016062609841356,0.11035578790285427,0.6168333050989904,0
2025-06-10,53.715621272324206,0.19400917403871887,-0.00759708694541672,0.6294823550229947,0
2025-06-11,53.80742638044357,0.2666438577670718,0.07263468372835291,0.6298900344981565,0
2025-06-12,53.90685905790963,0.2589616651058577,-0.00768219266121406,0.630854471632158,0
2025-06-13,53.82596262759834,0.16831119811363493,-0.09065046699222279,0.6196518847866893,0
2025-06-16,53.99011625984279,0.10965135413535876,-0.05865984397827617,0.6250857736112162,0
2025-06-17,54.55944402150794,0.1687645498367516,0.05911319570139284,0.657952313600285,0
2025-06-18,54.60043014011909,0.15860075193510426,-0.010163797901647342,0.6549284175759208,0
2025-06-19,54.69672262280463,0.15797271297898874,-0.0006280389561155175,0.6556938719429294,0
2025-06-20,54.70118251020556,0.17504397652145798,0.01707126354246924,0.6501696765729374,0
2025-06-23,54.81491758321035,0.16496026467350333,-0.010083711847954646,0.6520807544597867,0
2025-06-24,55.41959168715628,0.17202953312967395,0.007069268456170619,0.6874168231486056,0
2025-06-25,55.50242179840057,0.18039833165629204,0.008368798526618093,0.6870569553215234,0
2025-06-26,55.53347592330809,0.16735066010069488,-0.013047671555597162,0.6832548494104128,0
2025-06-27,55.292960805719936,0.1183556591028676,-0.048995000997827276,0.660956457733154,0
2025-06-30,55.082505966468254,0.053517676651587465,-0.06483798245128014,0.6407873322467115,0
2025-07-01,55.20244265698294,-0.043429806034666285,-0.09694748268625375,0.6432395166612004,0
2025-07-02,55.16236286165653,-0.06801178734881574,-0.02458198131414946,0.6347372905123599,0
2025-07-03,55.11734040834802,-0.08322710299199798,-0.015215315643182237,0.6259465205429919,0
2025-07-04,55.15526610231573,-0.02753894068084861,0.05568816231114937,0.6229376732090753,0
2025-07-07,55.37024160911204,0.05754712852875343,0.08508606920960204,0.6320886307193717,0
2025-07-08,55.41582605641012,0.04267667988543877,-0.01487044864331466,0.6295358790284887,0
2025-07-09,55.47011395762262,0.06155021919321513,0.018873539307776355,0.6275948310427698,0
2025-07-10,55.51899194132629,0.08033030659565554,0.018780087402440415,0.6252743566878374,0
2025-07-11,55.57935856298865,0.08481849213458759,0.0044881855389320435,0.6237750462521043,0
2025-07-14,55.41140414305175,0.008232506787940963,-0.07658598534664662,0.6065537839659696,0
2025-07-15,55.34930301309003,-0.013304608664022055,-0.021537115451963018,0.5967276453758904,0
2025-07-16,55.35885774436975,-0.022251242650575875,-0.00894663398655382,0.5917310476686765,0
2025-07-17,55.55091141644126,0.0063838950229992975,0.028635137673575173,0.5993957803189623,0
2025-07-18,55.6513848619547,0.014405259793214498,0.0080213647702152,0.6006847821115284,0
2025-07-22,55.64707896288164,0.04713496396596639,0.032729704172751894,0.594680288885457,0
2025-07-23,55.47229169068584,0.02459773551917266,-0.022537228446793733,0.5768395493569844,0
2025-07-24,55.79808170164805,0.08784479145565882,0.06324705593648616,0.59384691980008,0
2025-07-25,55.67078081662933,0.023973880037608808,-0.06387091141805001,0.5791639927119064,0
2025-07-28,54.37373579155796,-0.2555298140793383,-0.2795036941169471,0.48260699723453754,0
2025-07-29,54.30643077891162,-0.2681296367940078,-0.012599822714669529,0.4723931857691783,0
2025-07-30,54.34057144719759,-0.2263440486976478,0.041785588096360016,0.46926237611608546,0
2025-07-31,53.58949190745595,-0.44171795883843146,-0.21537391014078366,0.41077068789500104,0
2025-08-01,53.97454960119052,-0.3392462430877572,0.10247171575067426,0.43255323357271547,0
2025-08-04,46.15446076279412,-1.6438550057527692,-1.304608762665012,-0.12784738777083113,0
2025-08-05,42.910126965368846,-2.279260762708553,-0.6354057569557838,-0.362988239968502,0
2025-08-06,40.59926286749901,-2.7482617159397122,-0.4690009532311592,-0.5319092331824025,0
2025-08-07,28.66615283311675,-4.984667814867848,-2.2364060989281356,-1.383156311935878,0
2025-08-08,25.17309162507023,-5.760291595224061,-0.7756237803562129,-1.6259576546833956,0
2025-08-12,25.31907447183613,-4.16707725819159,1.593214337032471,-1.6089713793833034,0
2025-08-13,25.371770654418,-3.507671262190172,0.6594059960014178,-1.5974368052315722,0
2025-08-14,25.24848600355033,-3.070155372789735,0.4375158894004372,-1.5951436986465333,0
2025-08-15,25.290194051220947,-0.6751917563791601,2.3949636164105748,-1.5766202759008354,0
2025-08-18,25.51245160754108,0.0678719964941692,0.7430637528733293,-1.5462284665832156,0
2025-08-19,24.470866141758123,-0.16964166601560038,-0.23751366250976957,-1.6033376216437112,0
2025-08-20,24.489535462799346,-0.17644703832372954,-0.006805372308129165,-1.5864917355423291,0
2025-08-21,23.585133558002084,-0.332670489109649,-0.15622345078591948,-1.6329455250523204,0
2025-08-22,23.91632312354292,-0.27477418553560895,0.057896303574040076,-1.5943324491890154,0
2025-08-25,23.613696307367807,-0.3797510600346534,-0.10497687449904447,-1.5994517799546066,0
2025-08-26,23.50104492547795,-0.19396424325603334,0.18578681677862008,-1.5915702216786214,0
2025-08-27,24.34018562403417,-0.029869967753032967,0.16409427550300038,-1.5197300131110465,0
2025-08-28,24.871764424664512,0.25732617333247987,0.28719614108551283,-1.4698461764960178,0
2025-08-29,25.281650695053568,0.27306551430213233,0.01573934096965246,-1.4289802711947273,0
