Date,Market_Price,RMT_Raw_S,RMT_Vel_S,RMT_Accel_S,RMT_Raw_L,RMT_Vel_L,RMT_Accel_L,Return,Vol_20,Momentum_10,RSI_14,Target,Sample_Weight
2016-08-25,0.8955027578405528,55.39749684011653,-0.2550308827058174,0.2200036215131007,59.91071785093137,0.1182326937958038,0.0716253747125392,-0.0019772846222216867,0.012069800762651744,-0.00826551432166267,59.65451091307452,0,1.0
2016-08-26,0.8829946012027633,55.29043090866232,-0.0847296953727791,0.1703011873330382,59.97659597532912,0.1878695370098526,0.0696368432140488,-0.013967747757641868,0.012140935806690057,-0.02664265557379497,52.97673097007727,0,1.0
2016-08-29,0.9030400852779719,55.40191315734651,0.0368003111579255,0.1215300065307047,58.47944420539662,-0.353420293525744,-0.5412898305355966,0.02270170627080148,0.012820936672416322,0.000651645998229089,52.06836925037348,0,1.0
2016-08-30,0.9031380170808392,55.71739072474176,0.1066312948750791,0.0698309837171535,58.57724345442438,-0.4444914655023311,-0.0910711719765871,0.00010844679484756092,0.012813471707788545,0.014681629733276802,48.931950120538104,0,1.0
2016-08-31,0.9146025198024983,55.69032219871839,0.1332970966853608,0.0266658018102816,57.35850567220338,-0.8726967677085753,-0.4282053022062442,0.01269407610446427,0.01232548670667326,0.01389973544589207,55.045366576319445,0,1.0
2016-09-01,0.9207811714900676,54.051441810230415,-0.450157115705359,-0.5834542123907198,53.91265398004556,-1.5222634084503568,-0.6495666407417815,0.0067555594411696784,0.011293664819838001,0.038110028609253055,55.80460395256138,0,1.0
2016-09-02,0.9246210680341307,53.77343670100181,-0.6479846745799875,-0.1978275588746285,54.15018173939589,-1.4756872383428288,0.046576170107528,0.0041702596262358504,0.011093540360959754,0.037189432264305156,59.520699495886326,0,1.0
2016-09-05,0.9266268189444814,53.64337645717646,-0.6823152471806395,-0.0343305726006519,54.14402656868607,-1.0714930345057638,0.4041942038370649,0.00216926801658901,0.011083818095682348,0.034313772345950344,67.2355480930735,0,1.0
2016-09-06,0.9297243312921258,52.21886159796013,-0.6108600707567646,0.0714551764238748,53.83773546326509,-0.0249728389268284,1.0465201955789354,0.0033427829675518606,0.009742239888106395,0.04403932127012067,64.23534771334108,0,1.0
2016-09-07,0.9256236712280561,52.19002132947763,-0.5278051238413966,0.083054946915368,53.8033694523662,-0.1156040956765593,-0.0906312567497309,-0.004410619283643613,0.009724716569113254,0.031591965171208214,72.424260201527,0,1.0
2016-09-08,0.9228270946316299,51.76876401279162,-0.6248708147949458,-0.0970656909535492,53.89331027694718,-0.0835720972462965,0.0320319984302628,-0.003021288978830694,0.009731725267431976,0.030512844937482964,68.56111997206821,0,1.0
2016-09-09,0.9210891069409559,51.70991509822091,-0.1696488332464056,0.4552219815485401,53.96486582705728,0.0423767879307206,0.1259488851770172,-0.001883329716676485,0.00971713740897881,0.04314239938307951,65.40635450282471,0,1.0
2016-09-12,0.906395023640531,51.65243044663293,-0.1791969609482322,-0.0095481277018265,53.99461156548206,0.0637473710386302,0.0213705831079096,-0.01595294438908912,0.010344392368851004,0.0037151599549718473,58.719016450815026,0,1.0
2016-09-13,0.9050330303342348,51.96948261229761,0.0669061998353299,0.2461031607835622,54.05588574417787,0.0541918224102246,-0.0095555486284055,-0.001502648702577658,0.009822395889817618,0.0020982543283039057,54.524968833483825,0,1.0
2016-09-14,0.8993860389688232,40.355577409030985,-3.7847792297299776,-3.851685429565308,54.0355660804365,0.0235667511264097,-0.0306250712838149,-0.00623954173620167,0.009474943729488514,-0.016637261000506554,52.16758582998004,0,1.0
2016-09-15,0.8888897143333675,41.58906893285614,-3.3544538379255897,0.4303253918043879,54.00259213610512,0.0026601902076848,-0.0209065609187248,-0.011670544327650578,0.009067112046947032,-0.03463521859932395,53.366160617496845,0,1.0
2016-09-16,0.8941645392775175,42.153622722941,-3.2719532964522102,0.0825005414733794,54.26835950003071,0.0708245852842779,0.0681643950765931,0.005934172551547601,0.009094067201341347,-0.0329394708919708,43.90362938434528,0,1.0
2016-09-20,0.8984753804708899,41.219306579434914,0.2879097234679761,3.5598630199201864,53.17359830552711,-0.2873225916364532,-0.3581471769207311,0.004821082702357593,0.00909040746231106,-0.030380556549894244,46.97257327750343,0,1.0
2016-09-21,0.9239486306692153,41.17562492389799,-0.1378146696527196,-0.4257243931206957,53.19072625637378,-0.2706219599104571,0.0167006317259961,0.02835163962419851,0.010921305010662054,-0.006212272206411407,55.134359974613865,0,1.0
2016-09-23,0.9184720350262658,42.30259875404352,0.0496586770341807,0.1874733466869003,53.571975064068425,-0.2321281453207646,0.0384938145896924,-0.005927381091503703,0.010968510513264848,-0.007726289229727623,48.721596513631965,0,1.0
2016-09-26,0.9089086850598298,42.20890062930405,0.3298646832897134,0.2802060062555327,53.49249771429525,0.1062998029227273,0.338427948243492,-0.01041223858945528,0.011256497187365242,-0.01508235903861932,41.81959809309309,0,1.0
2016-09-27,0.9156348720337273,42.55419160669578,0.4595222275992583,0.1296575443095449,53.54730864753873,0.1188607970549711,0.0125609941322437,0.0074002890328357385,0.01078494056539801,-0.005921506253985354,44.54532813227962,0,1.0
2016-09-28,0.9421127585592256,41.37406383911534,-0.3095116383093952,-0.7690338659086535,53.58666336010823,0.0048960986799428,-0.1139646983750282,0.028917516505993168,0.011483723944334815,0.03940636696705857,54.98979842410754,0,1.0
2016-09-29,0.9513524371736063,41.96834660661527,-0.0801846742295993,0.2293269640797959,53.61227623046622,0.0399261720569796,0.0350300733770367,0.00980740206566244,0.011595783318643468,0.0511797970757657,59.95105522823821,0,1.0
2016-09-30,0.9367174963041853,41.84061636765325,-0.2378584130141661,-0.1576737387845668,53.69013556030154,0.0476089709209404,0.0076827988639607,-0.015383300969827984,0.01201018348536713,0.041507712726077006,54.92166249101884,0,1.0
2016-10-03,0.9413817711470903,39.21806468151216,-0.7186663858677349,-0.4808079728535688,53.72233968961254,0.0452254431681069,-0.0023835277528334,0.0049793826434414434,0.011973946014199243,0.059053509076871125,57.04404748550078,0,1.0
2016-10-04,0.9491694603070577,37.7165864793365,-1.4172533757595789,-0.6985869898918438,53.72633584648889,0.0380198720075597,-0.0072055711605472,0.008272615211656342,0.01206277330177547,0.06151543548571503,65.59575974097015,0,1.0
2016-10-05,0.957089927659751,37.566526541333474,-1.424696608773267,-0.0074432330136886,53.76269785690228,0.0241874322002502,-0.0138324398073095,0.008344629366953127,0.012162670684400193,0.06523778888425547,68.11389135671628,0,1.0
2016-10-06,0.9620860955703342,37.59717299647717,-0.5402972283449969,0.8843993804282704,53.74892396724573,0.0088614258777184,-0.0153260063225317,0.005220165593843085,0.012183338111692674,0.04127660741647077,71.91658628763416,0,1.0
2016-10-07,0.9601742614125418,38.24612697595161,0.1765134988717065,0.7168107272167035,53.746500791765456,0.0067216484255254,-0.0021397774521929,-0.001987175749233794,0.012130440387677929,0.045403915193872324,76.50811154944546,0,1.0
2016-10-11,0.9638954187945731,38.03457244789527,0.1560153021872636,-0.0204981966844428,53.49719000430845,-0.0885026175312759,-0.0952242659568014,0.003875502116206464,0.012081003115520917,0.0604975336231095,76.23348853612643,0,1.0
2016-10-12,0.9527099016189803,37.94492189494223,0.1159162994883544,-0.0400990026989092,53.47260818560065,-0.0921052605483581,-0.0036026430170821,-0.01160449251805884,0.012446022081202004,0.04049106332407937,69.4000967242493,0,1.0
2016-10-13,0.9507389580418744,38.3488883948167,0.0342538062883548,-0.0816624931999996,53.71865310028468,-0.0092825638269289,0.0828226967214291,-0.002068776207486245,0.011775034248160125,0.009156228279766365,61.52007652514441,0,1.0
2016-10-14,0.9547901503678607,38.15348492576078,0.0396374926218356,0.0053836863334808,53.727202089558574,0.0766706950833793,0.0859532589103082,0.0042610984768418625,0.011743528696718778,0.0036135012219735696,65.81093096239972,0,1.0
2016-10-17,0.9587126964817808,38.30966211353342,0.1215800728637361,0.0819425802419004,53.64742089401197,0.0582709028037768,-0.0183997922796024,0.00410828087450299,0.011553285619838389,0.0234811458784292,72.80184560224966,0,1.0
2016-10-18,0.9585060339435829,37.74066185744138,-0.2027421791251029,-0.3243222519888391,53.70740618190308,-0.003748972793879,-0.0620198755976559,-0.00021556253396481928,0.011046889646403088,0.018190561280601703,70.87387366757324,0,1.0
2016-10-19,0.9573406725596334,38.01836381278329,-0.0450403709924955,0.1577018081326073,53.5945753139124,-0.0442089252153792,-0.0404599524215001,-0.0012158101698691581,0.011090977862022183,0.008608802320643871,59.83989551765527,0,1.0
2016-10-20,0.9684803573556172,38.25775525338584,-0.0173022867158536,0.0277380842766419,53.68503378501161,0.0125376303332132,0.0567465555485924,0.011636071792708647,0.011238150210070493,0.011901107060773075,60.80238225640325,0,1.0
2016-10-21,0.9646578663953346,39.77776819887637,0.6790354471449973,0.696337733860851,52.77374355630394,-0.3112208751997158,-0.323758505532929,-0.003946895702376163,0.009749111373247066,0.0026731192113069735,70.4045616100535,0,1.0
2016-10-24,0.9640744127529246,40.9578953690209,0.979843852079199,0.3008084049342017,52.8447213307429,-0.249951327723167,0.0612695474765487,-0.000604829611342117,0.009586783415492831,0.004061920317094403,67.62256909688611,0,1.0
2016-10-25,0.9721549532183298,40.4648732002767,0.735705982296949,-0.24413786978225,52.32531467222255,-0.4532397042630265,-0.2032883765398594,0.008381656393442904,0.0091697078704369,0.008568911380537392,67.76916871355135,0,1.0
2016-10-26,0.9753854043698056,38.80555549832109,-0.3240709001850987,-1.0597768824820477,52.402480269328166,-0.1237544289919156,0.3294852752711108,0.003322979676008808,0.009121496253949354,0.023801057081795696,65.24927953756381,0,1.0
2016-10-27,0.9754983771623245,38.85178664578922,-0.7020362410772236,-0.3779653408921248,52.43013909290693,-0.1381940792786622,-0.0144396502867465,0.00011582374722118871,0.006835534595190022,0.026042289432889332,62.16979240666491,0,1.0
2016-10-28,0.9823581487352115,38.79054307127436,-0.5581100430007879,0.1439261980764357,52.36017933289168,0.011621553556381,0.1498156328350433,0.007032068667137903,0.006690301092784748,0.02887335856651796,68.47033553455718,0,1.0
2016-10-31,0.9843155595386576,36.639385227557895,-0.7220567569210488,-0.1639467139202608,52.30615438200711,-0.0321086291070287,-0.0437301826634097,0.0019925633089787897,0.005361453553432972,0.026705459467505133,67.51629037177352,0,1.0
2016-11-01,0.9847832060325393,36.25811823561715,-0.8645561367240333,-0.1424993798029845,52.19217236975163,-0.0793222410517699,-0.0472136119447412,0.0004750981424097578,0.005346182110314519,0.027414717444025127,83.71089287315469,0,1.0
2016-11-02,0.96612383172143,36.21217858026958,-0.8594548303349256,0.0051013063891076,51.51119917422746,-0.2829933862213991,-0.2036711451696291,-0.01894769752043557,0.006959091164389679,0.009174538817319,61.970883269998225,0,1.0
2016-11-04,0.9474549196010601,37.307411032076445,0.2226752681728498,1.0821300985077755,50.91757196661038,-0.4628608051322374,-0.1798674189108382,-0.01932351889830297,0.008065277405945752,-0.021709720382936726,45.35022578983842,0,1.0
2016-11-07,0.9602580033381037,38.20220316541042,0.6480283099310995,0.4253530417582496,50.92183831568349,-0.4234446846893789,0.0394161204428584,0.013513132363526692,0.008570801510932223,-0.004561060672911843,50.88043829781638,0,1.0
2016-11-08,0.9625974812242023,37.74354549970788,0.5104556398127613,-0.1375726701183381,50.19613860895136,-0.4383535217586995,-0.0149088370693206,0.002436301366888882,0.00857552669157965,-0.0015319683928805006,52.27579180625869,0,1.0
2016-11-09,0.9158346496692799,37.65914197573223,0.1172436478852603,-0.393211991927501,49.34407105790315,-0.5245003029024176,-0.0861467811437179,-0.04857983993003068,0.0138061066051599,-0.05793346355187612,34.68277945093034,0,1.0
2016-11-10,0.9753184250079886,45.10584126586264,2.301212700150735,2.183969052265475,51.14908828806952,0.0757499907953445,0.6002502936977621,0.06495034377678244,0.02024756153050122,-6.86696371678952e-05,51.85986674778832,0,1.0
2016-11-11,0.9832551193085162,54.53205957974643,5.59617136001286,3.294958659862125,53.34735684394417,1.050406078330944,0.9746560875355996,0.008137541644886559,0.02028501691526632,0.00795156847800782,54.947488563781896,0,1.0
2016-11-14,0.9490414719696074,53.54816056527059,5.296339529846115,-0.2998318301667453,53.07351354317595,1.2431474950909234,0.1927414167599792,-0.03479630735405659,0.02186211104994055,-0.033915000153965646,46.607732614641286,0,1.0
2016-11-15,0.9533380891893455,54.12028315237174,3.004813962169699,-2.291525567676416,53.23777842523959,0.6962300457233539,-0.5469174493675695,0.004527322932285527,0.02186653300532132,-0.03147107657612469,45.68009696541478,0,1.0
2016-11-16,0.9670830126524276,53.941294205862135,-0.1969217912947627,-3.2017357534644617,53.19173732304752,-0.0518731736322095,-0.7481032193555635,0.014417679959446428,0.02210441743144726,-0.017973695399845058,48.181749428386105,0,1.0
2016-11-17,0.9682647434574625,53.82022249062834,0.0906873084525798,0.2876090997473426,53.21644266079223,0.0476430392054183,0.0995162128376279,0.0012219538442659328,0.022100156246990642,0.002215980670115414,48.423192279315096,0,1.0
2016-11-18,0.9710155650734338,53.44979728656301,-0.2234952886029049,-0.3141825970554848,52.6263890343252,-0.2037964636381275,-0.2514395028435459,0.002840980872802046,0.021960208967694312,0.02486729973632329,47.48241279659649,0,1.0
2016-11-21,0.982647899037867,52.61241398200744,-0.4429600746182345,-0.2194647860153296,51.996076937034935,-0.3985534620041875,-0.1947569983660599,0.011979554584743868,0.022084288851776095,0.02331654161895047,49.645090826142,0,1.0
2016-11-22,0.9847315087521616,52.66860829421603,-0.3838713988041036,0.0590886758141309,52.13943572294477,-0.3590023126158144,0.0395511493883731,0.002120403164078244,0.022081268658735335,0.022994063416631905,49.989073014484205,0,1.0
2016-11-24,0.9959231351302382,52.57504894561853,-0.2915827803148261,0.0922886184892775,52.22877203257308,-0.1325390005840461,0.2264633120317682,0.011365155150014905,0.02214168823640533,0.08744863004460401,56.50383960352043,0,1.0
2016-11-25,0.9989917526016161,52.3604527947562,-0.083987062417087,0.207595717897739,52.10993495678834,0.0379526732511266,0.1704916738351727,0.003081179021889646,0.02214067199471576,0.024272408873474927,62.07009309678899,0,1.0
2016-11-28,1.0013699893056054,52.386259769040194,-0.0941161750586019,-0.0101291126415148,52.1611971700374,0.0072538156975383,-0.0306988575535882,0.002380636975025885,0.022139399354830894,0.018423367080792508,60.122866410922825,0,1.0
2016-11-29,1.0011414241980874,52.5714296855476,-0.0012064200236494,0.0929097550349524,52.30767367457261,0.0263005473331858,0.0190467316356475,-0.0002282524041653522,0.022104123433936387,0.05489744523003148,59.59023881894076,0,1.0
2016-11-30,1.0020530097609466,52.57821873935106,0.0725886481982911,0.0737950682219406,52.24427381254086,0.0447796185841795,0.0184790712509936,0.0009105462433436351,0.02210334949701164,0.0510993121160459,77.79394325520062,0,1.0
2016-12-01,1.0122705245150785,52.54102103568823,0.0515870888826768,-0.0210015593156143,52.40497526590815,0.0812593652902435,0.036479746706064,0.010196581073659505,0.022195028201780192,0.04672557709261649,67.45715844156615,0,1.0
2016-12-02,1.0103362688388173,52.4226576984071,-0.0495906623801616,-0.1011777512628384,52.25968968616283,-0.0159946628032585,-0.0972540280935021,-0.0019108090470062455,0.021685581376293398,0.043450436118459335,63.56307784054405,0,1.0
2016-12-05,1.0191051513029215,51.76139482612162,-0.2722746377431519,-0.2226839753629903,52.142827847035136,-0.0338153218352417,-0.0178206590319831,0.00867917220687553,0.021101084500620624,0.04952504157423143,97.09256549517204,0,1.0
2016-12-06,1.0253660415256345,51.24772934924353,-0.4310972288148988,-0.1588225910717469,52.19993509892646,-0.0683467223272273,-0.0345314004919856,0.006143517393380371,0.020987724976426078,0.04347248137363735,97.16736217223406,0,1.0
2016-12-07,1.0357162131949063,51.26666713527783,-0.3853301877097621,0.0457670411051367,52.180659084589394,-0.0263435338578119,0.0420031884694154,0.010094123708126457,0.021037213946992553,0.05177523415225305,97.03556043211708,0,1.0
2016-12-08,1.0508584052941956,51.10421218407362,-0.2190608806826617,0.1662693070271004,52.12745106991531,-0.0051255923732753,0.0212179414845365,0.014620020336052919,0.017126093016450634,0.05516015064433,97.51169107543448,0,1.0
2016-12-09,1.06066749662056,50.771591361820505,-0.1587126624743362,0.0603482182083254,52.05258534798991,-0.0491165836455138,-0.0439909912722384,0.009334360630268046,0.010436211343222609,0.061737991187940544,97.69857774350079,0,1.0
2016-12-12,1.0653791872028597,51.04103916977283,-0.0752093218349969,0.0835033406393392,52.04666920109781,-0.044663294497198,0.0044532891483157,0.0044421938046672604,0.010396506106737341,0.06392162595330131,97.51562478664984,0,1.0
2016-12-13,1.070778446672314,50.63469132380747,-0.1565069534220526,-0.0812976315870557,51.89740257134939,-0.0766828328552975,-0.0320195383580994,0.005067922796230029,0.004944576108431227,0.06955762771479135,97.6067732092639,0,1.0
2016-12-14,1.0698967669538932,49.48031480909541,-0.4304255175750455,-0.2739185641529928,51.76326351316264,-0.096440611609097,-0.0197577787537994,-0.0008234006961578277,0.005171650938502494,0.06770475866254988,96.19735150511673,0,1.0
2016-12-15,1.0728579519678585,49.768578098768174,-0.4241536903348759,0.0062718272401696,51.65308660456834,-0.1311941988431542,-0.0347535872340571,0.002767729658998741,0.00479166070698671,0.05985299975202185,96.19224204543696,0,1.0
2016-12-16,1.0767721692051095,49.36916211247203,-0.4218430704451492,0.0023106198897266,51.57840524893864,-0.1063324408035839,0.0248617580395702,0.003648402130097095,0.004715370442705852,0.06575622633308731,96.26401229135446,0,1.0
2016-12-19,1.0753382016216517,49.28265546116549,-0.0658864493099713,0.3559566211351779,51.39064533925641,-0.1242060579687418,-0.0178736171651578,-0.001331727940662164,0.004919447898883815,0.05517885003999501,94.8608481699673,0,1.0
2016-12-20,1.0769615300591167,48.595779478106365,-0.3909328735539361,-0.3250464242439648,50.90908016645059,-0.2480021460392549,-0.1237960880705131,0.001509598036242732,0.004704212336357367,0.05031909234746412,94.90470176181836,0,1.0
2016-12-21,1.0723605548355328,48.40588779846362,-0.3210914380027958,0.0698414355511403,50.92654366587415,-0.2172871943548315,0.0307149516844233,-0.0042721815916035855,0.00508366664518948,0.03538067780901932,88.62234874082901,0,1.0
2016-12-22,1.0709804180615108,47.54735459826743,-0.5784336209660239,-0.2573421829632281,50.936147890791375,-0.1514991494883375,0.065788044866494,-0.0012870081501960007,0.004941300468649091,0.019148167503767466,89.25814368367355,0,1.0
2016-12-26,1.065728666921409,47.58561442297189,-0.3367216850448287,0.2417119359211952,50.92569202507278,0.0055372862073923,0.1570364356957299,-0.00490368549371567,0.005299377721150614,0.004771684167728996,81.6217962005522,0,1.0
2016-12-27,1.0644894781872918,47.45245717664395,-0.3178102072732258,0.0189114777716028,50.88623502319332,-0.0134362142269495,-0.0189735004343418,-0.0011627619417396984,0.005388520669752352,-0.0008351101901135083,78.47459979233656,0,1.0
2016-12-28,1.0636582970171733,47.72292541327718,0.058523605003252,0.3763338122764779,50.82348652738753,-0.0375537878012863,-0.0241175735743368,-0.0007808261022306251,0.005407729770011608,-0.006649507820472356,73.60777056248223,0,1.0
2016-12-29,1.0512106823942635,47.72560164203723,0.0466624063551108,-0.0118611986481411,50.77171503003932,-0.0513256650111486,-0.0137718772098622,-0.011702644221190939,0.006327311119999997,-0.017465315474156418,50.311830959264825,0,1.0
2016-12-30,1.0508170312299014,48.42370144613088,0.3237480898289746,0.2770856834738637,49.77791978218629,-0.369438413669009,-0.3181127486578603,-0.0003744740906413968,0.006079878218912635,-0.02054411834999137,39.536327149084116,0,1.0
2017-01-04,1.0759227428874536,48.84896445903345,0.375346348585424,0.0515982587564494,49.69504483398818,-0.3761472311331104,-0.0067088174641014,0.023891610919331896,0.007741819311574786,-0.0007888635515932441,57.81422643792205,0,1.0
2017-01-05,1.0780876675351454,49.31717422845651,0.5305241954730988,0.1551778468876747,50.03004382428704,-0.2472237352507704,0.1289234958823399,0.002012156227761963,0.00763528292200683,0.0025568383131440164,55.68992392064719,0,1.0
2017-01-06,1.0747506096759263,49.20802386570799,0.2614408065256981,-0.2690833889474007,49.24429988679475,-0.1778732984638438,0.0693504367869266,-0.00309534925563959,0.007704361457890518,-0.002052924195972916,53.63938714594644,0,1.0
2017-01-10,1.0671468270250957,49.146747755554046,0.099261098840202,-0.162179707685496,49.21391422981583,-0.1603768680574546,0.0174964304063891,-0.007074927506320217,0.007756248657005851,-0.004861916812332612,45.99654703213026,0,1.0
2017-01-11,1.0738573620667429,49.1831847920685,-0.0446631454626711,-0.1439242443028732,49.00523953732697,-0.341601428986678,-0.1812245609292233,0.006288295923021492,0.007221147776256519,0.002686271342327018,48.03382525273873,0,1.0
2017-01-12,1.0645956343815228,49.15277941766492,-0.0184148160143493,0.0262483294483217,48.99655344300727,-0.0825821479291661,0.2590192810575118,-0.008624728024767547,0.0072608141067701856,-0.0010631529159849107,43.445782882231626,0,1.0
2017-01-13,1.0716952744163102,49.44649947178373,0.0999172387432167,0.1183320547575661,49.02999353479833,-0.0613068983391613,0.0212752495900048,0.006668860744400762,0.007345703421930515,0.006769250778588365,46.98822861836985,0,1.0
2017-01-16,1.0603614537597763,49.31405859190981,0.0436245999471083,-0.0562926387961084,48.97408300472625,-0.0103855108669108,0.0509213874722505,-0.010575600104896221,0.00764059721913936,-0.0030995323090530214,43.62839377899291,0,1.0
2017-01-17,1.0462115645979424,49.72048644780298,0.1892356767126841,0.1456110767655758,42.99229798978031,-2.001418484408987,-1.991032973542076,-0.013344401677052642,0.00816669871531414,-0.004755581236042028,38.41824410703807,0,1.0
2017-01-18,1.0496003617220837,50.33204393423421,0.2951814874835037,0.1059458107708195,43.907020135142886,-1.7076577998851477,0.2937606845238392,0.0032391126602042686,0.008179080384473354,-0.0011578319266425385,42.324790353892,0,1.0
2017-01-19,1.0597230401488433,50.34748960552302,0.3444770045377225,0.0492955170542188,44.000761263432295,-1.6577739137646503,0.0498838861204973,0.009644316823739674,0.00846574801407619,-0.015056566882427957,47.90855826603785,0,1.0
2017-01-20,1.0638473803262583,50.60072210237895,0.2934118848586635,-0.051065119679059,43.70260684420815,0.2367696181426097,1.89454353190726,0.0038919038476654677,0.008527657201493665,-0.01320883972399478,50.08063655003738,0,1.0
2017-01-23,1.0503145302031447,50.95466263762613,0.2075395677973048,-0.0858723170613586,43.71168549629188,-0.06511154628366,-0.3018811644262698,-0.012720668747582375,0.008934863721982204,-0.02273651138485966,49.62133157838832,0,1.0
2017-01-24,1.0446113876887468,51.783422521335,0.478644305270663,0.2711047374733581,43.999502283997415,-0.0004196598116408,0.0646918864720191,-0.005429937747595259,0.00895943576130125,-0.021117468342356616,47.490416182315364,0,1.0
2017-01-25,1.056275979255146,52.16239335367156,0.5205570837641957,0.0419127784935327,44.029363931291954,0.1089190290279447,0.1093386888395855,0.01116644113195786,0.009381166485745435,-0.016372177006599653,41.08568065177144,0,1.0
2017-01-26,1.0733310675871344,52.74142359289202,0.5955869850886373,0.0750299013244415,44.11662926371076,0.134981255806295,0.0260622267783503,0.016146432056530546,0.010036679062467526,0.008205400175895328,48.098697645627205,0,1.0
2017-01-27,1.0771415480837703,52.72554185033282,0.3140397763325993,-0.281547208756038,43.79223061788798,-0.0690905553698115,-0.2040718111761066,0.003550144602822325,0.010053291199734546,0.005081923749665096,50.95209956782644,0,1.0
2017-01-30,1.0736074227201629,52.28538118320064,0.0409959431763695,-0.2730438331562297,43.816543297914855,-0.070940211125702,-0.0018496557558904,-0.003281022229524644,0.010087359634066978,0.012491937455307855,52.65886284352812,0,1.0
2017-01-31,1.0566410954645902,52.00152475980501,-0.2466329443623394,-0.2876288875387089,43.657425293705685,-0.1530679900016878,-0.0821277788759857,-0.01580310167061405,0.010385973715169597,0.009968854502823143,43.466188450068756,0,1.0
2017-02-01,1.0580164310008748,52.35594931949356,-0.123197510279752,0.1234354340825873,42.358629931176985,-0.4778668955703367,-0.3247989055686489,0.0013016108706995766,0.010386932716880461,0.008018355924518605,47.34412054266027,0,1.0
2017-02-02,1.0474168077230859,45.31567680157277,-2.3232347938759617,-2.2000372835962096,41.62289475535465,-0.7312161808534015,-0.2533492852830648,-0.010018391933442672,0.009027930321603558,-0.011612687428244395,40.46864835608475,0,1.0
2017-02-03,1.051272559818403,32.55410611668654,-6.4824728810394845,-4.159238087163523,41.58007346268779,-0.6924506103393,0.0387655705141014,0.003681201281941382,0.009067813282230495,-0.011820135801809184,46.20926556932463,0,1.0
2017-02-06,1.0562562929060773,32.69604299235441,-6.553302109046392,-0.0708292280069073,41.41217307951932,-0.3154856172192168,0.3769649931200831,0.004740666957515849,0.009151399056773138,0.005657127014879304,54.53622321853271,0,1.0
2017-02-07,1.0531777129124082,31.40723645021141,-4.636146783787112,1.91715532525928,41.7424182828471,0.0398411758308157,0.3553267930500325,-0.002914614582033792,0.009048628432790338,0.00820048998567291,51.620079608944174,0,1.0
2017-02-08,1.055506897252223,31.55497915908573,-0.3330423192002705,4.303104464586841,41.74043512834834,0.0534538885535127,0.013612712722697,0.0022115776960127675,0.008929963782526949,-0.0007281070648461618,47.94561285482976,0,1.0
2017-02-09,1.0474556230618504,31.59136380582493,-0.3682263955098293,-0.0351840763095587,41.81577500719658,0.1345339758924169,0.0810800873389041,-0.007627874541921376,0.008886807188478648,-0.024107607900936356,42.30723498283253,0,1.0
2017-02-10,1.0712940188357056,31.74162332727338,0.1114622923539911,0.4796886878638204,41.89542894343192,0.0510035535282753,-0.0835304223641415,0.02275838255006213,0.010223692830204413,-0.005428747278820811,58.9774379863749,0,1.0
2017-02-13,1.0752412369919098,34.32496557130925,0.9233288040745044,0.8118665117205133,42.33133224159795,0.1969657044165416,0.1459621508882662,0.0036845329916934677,0.009938336792126351,0.0015217985989770533,63.30694527143138,0,1.0
2017-02-14,1.062819663340946,34.1922992828645,0.8669784923465258,-0.0563503117279786,42.4349310810538,0.2063853579523993,0.0094196535358577,-0.011552359808775892,0.009811909302135303,0.005847366625125527,52.824286131205504,0,1.0
2017-02-15,1.07293325764571,34.858530980656894,1.0389692177945091,0.1719907254479835,42.28528270972127,0.1299512554297877,-0.0764341025226116,0.009515814068562056,0.009991639951447764,0.01409886104578173,49.8173595243964,0,1.0
2017-02-16,1.0704997058018775,35.166519386584255,0.2805179384249925,-0.7584512793695168,42.54953312794069,0.0727336287809095,-0.0572176266488781,-0.002268129752238668,0.009811899135913377,0.02203792979890218,46.91158318100523,0,1.0
2017-02-17,1.066533769034794,35.47409281936831,0.4272645121679375,0.1467465737429449,42.69930774916037,0.0881255560355214,0.0153919272546119,-0.003704752785627985,0.009822819402324484,0.014516891051572056,46.72394941377005,0,1.0
2017-02-20,1.0685635234421316,35.616376766696064,0.2526152620130588,-0.1746492501548786,43.32291629120758,0.3458778604954418,0.2577523044599203,0.0019031318709903378,0.009345296858617964,0.011651746473569924,56.40828770467436,0,1.0
2017-02-21,1.0736094777768246,35.65320700508816,0.1622292061679715,-0.0903860558450873,43.83950545316698,0.4299907750754315,0.0841129145799897,0.0047221847124621075,0.00925852079446539,0.01940011131446684,58.06307858862525,0,1.0
2017-02-22,1.0734192780562,36.01092782586477,0.1789450021654843,0.0167157959975128,43.69152044577069,0.3307375655367792,-0.0992532095386522,-0.00017715912961058233,0.008972456316666115,0.01697040621014212,65.06783330627275,0,1.0
2017-02-23,1.07189580829777,36.07314025569171,0.152254496331885,-0.0266905058335993,43.19101190267404,-0.0439681295111853,-0.3747056950479646,-0.001419268117849204,0.008224175339981377,0.023332907569370676,62.28270036674856,0,1.0
2017-02-24,1.0677125274933121,36.843574196414295,0.3967890637753797,0.2445345674434946,43.37731610333141,-0.1540631166118657,-0.1100949871006804,-0.003902693500687615,0.008222032689791502,-0.0033431450931518114,56.888733277415085,0,1.0
2017-02-27,1.0560300195936987,36.7534065670093,0.2474929137148436,-0.1492961500605361,43.578038650354415,-0.037827265138759,0.1162358514731067,-0.010941622954486308,0.008535408548435005,-0.017866890458885565,51.55429068164791,0,1.0
2017-02-28,1.0548773205256545,37.643088148661015,0.5233159643230962,0.2758230506082526,43.24524300224364,0.0180770331898756,0.0559042983286346,-0.0010915400572492073,0.00777344660508243,-0.007472897885916874,49.65247249797708,0,1.0
2017-03-01,1.0686117976643996,37.701218466633264,0.2858814234063231,-0.237434540916773,43.302967854321295,-0.0247827496700381,-0.0428597828599137,0.013019975755949487,0.008304566749680954,-0.004027706244088991,60.98878048551805,0,1.0
2017-03-02,1.0760552561679473,37.72011388516248,0.3222357727177254,0.0363543493114022,43.67565946420359,0.0325402712830609,0.057323020953099,0.006965540264309622,0.008032969186145177,0.0051896794888965925,52.980703552009864,0,1.0
2017-03-03,1.0729075925430405,37.87210360545512,0.0763384855980362,-0.2458972871196891,43.82393932298904,0.1928987735817955,0.1603585022987346,-0.002925187723273881,0.008069116423984586,0.005976204123395723,48.52428235618523,0,1.0
2017-03-06,1.070283572102118,38.72352581605831,0.3407691164750233,0.264430630876987,43.93726024551087,0.2114307970631941,0.0185320234813985,-0.0024457096390779753,0.008056107456677434,0.0016096831140610668,55.387503603759974,0,1.0
2017-03-07,1.0699134886859998,39.087003025344906,0.4556297133941385,0.1148605969191152,43.66917508612248,-0.0021614593603658,-0.2135922564235599,-0.00034578071248103637,0.00801598239872308,-0.0034425823982834336,47.46353248846053,0,1.0
2017-03-08,1.066873387237193,39.38499254297827,0.5042963125077122,0.0486665991135737,43.757135049944274,-0.0222680910149222,-0.0201066316545563,-0.0028414460430258304,0.00804934115734971,-0.006098167745655414,46.984782116443455,0,1.0
2017-03-09,1.0698506035188327,39.49390378307169,0.25679265567112,-0.2475036568365922,43.43384693355823,-0.1678044373175495,-0.1455363463026273,0.0027905994443722104,0.00782513396841926,-0.0019080257270390755,52.803990894909546,0,1.0
2017-03-10,1.0845263388054223,39.57400345048022,0.1623334750451093,-0.0944591806260106,43.66337897608557,-0.0019320366789727,0.1658724006385767,0.013717555739390042,0.006685495213494521,0.015747507759962476,61.1175807374008,0,1.0
2017-03-13,1.0877103927883767,40.411838236801856,0.3422818979411985,0.1799484228960892,43.84130370174822,0.0280562172679879,0.0299882539469606,0.0029358936422527737,0.006669600286416061,0.02999950058888179,60.08231319637104,0,1.0
2017-03-14,1.0849368040786533,40.69999971419986,0.402031977042725,0.0597500791015264,43.98074721736944,0.1823000946037325,0.1542438773357446,-0.002549933077878541,0.006084571977829425,0.028495715063833194,57.941767858541205,0,1.0
2017-03-15,1.085452421106826,40.64502114636774,0.3570058986291684,-0.0450260784135565,44.000921278936616,0.1125141009503494,-0.0697859936533831,0.00047525074846221926,0.0057489294143502605,0.015759346358737325,59.47955172054632,0,1.0
2017-03-16,1.0855253543271033,40.65666731934576,0.0816096941813029,-0.2753962044478655,44.01462581668368,0.0577740383118197,-0.0547400626385297,6.719154046663789e-05,0.005711290911344418,0.008800754519689757,63.215409078317876,0,1.0
2017-03-17,1.080402578974784,40.741397414917,0.013799233572378,-0.0678104606089249,43.78682486780821,-0.0646407831870803,-0.1224148214989,-0.004719166928620289,0.005756907482443284,0.00698567750273682,70.03188160398733,0,1.0
2017-03-21,1.0777220838043797,40.771301815598775,0.0420935564103501,0.0282943228379721,43.408801432367966,-0.1973732821895453,-0.1327324990024649,-0.00248101515358079,0.005790526894371305,0.0069500381918896625,68.31618840972652,0,1.0
2017-03-22,1.0537326613570421,40.87262871919668,0.0719871332836419,0.0298935768732917,43.45655702231039,-0.1860229314577637,0.0113503507317815,-0.022259377262322078,0.007601049190950814,-0.015123491291646363,39.755083164541006,0,1.0
2017-03-23,1.054029319939299,42.82978994715789,0.6961308440802867,0.6241437107966448,44.13487273079916,0.116015954330308,0.3020388857880718,0.00028153116358264896,0.007604056710676552,-0.012038979931025762,33.17869754415199,0,1.0
2017-03-24,1.0632826415347099,42.78867100298692,0.672456395796047,-0.0236744482842397,44.223036768574445,0.2714117787354979,0.1553958244051898,0.00877899828815365,0.007902323680911393,-0.006139139392472348,43.276413937307595,0,1.0
2017-03-27,1.050339228812313,40.569335779681296,-0.1010976465051243,-0.7735540423011713,44.39325062578723,0.3122312011589443,0.0408194224234463,-0.012173068774747109,0.008302953051882887,-0.031522618464725816,37.823284593964566,0,1.0
2017-03-28,1.0638480658119296,41.66001611078917,-0.3899246121229041,-0.2888269656177797,44.79128441949558,0.2188038962321457,-0.0934273049267986,0.012861403848442254,0.008474972555784699,-0.021938125382139018,46.80881994924697,0,1.0
2017-03-29,1.0608005531538258,43.10363540697607,0.1049881346630527,0.4949127467859568,45.06031245906631,0.2790918968306286,0.0602880005984829,-0.002864612679234324,0.008500664970925723,-0.022246688317781316,46.80516986302733,0,1.0
2017-03-30,1.0529066674770184,42.79453925606319,0.7417344921272999,0.6367463574642471,45.02402881889962,0.2102593977041209,-0.0688324991265076,-0.007441441893425105,0.008113517168770455,-0.029983583800587854,41.52449340698086,0,1.0
2017-03-31,1.0426726102865724,42.851407692755686,0.3971305273221688,-0.3446039648051311,45.08572155583263,0.0981457121123554,-0.1121136855917654,-0.009719814211993638,0.008140678436509776,-0.039476502202101416,28.09085484678839,0,1.0
2017-04-03,1.0446958536287925,43.01140603743248,-0.0307431231812032,-0.427873650503372,45.25839062264219,0.0660260545252882,-0.0321196575870672,0.001940439714498643,0.008169846824321494,-0.03304946326569713,27.206193430837914,0,1.0
2017-04-04,1.038120184320264,42.70431706650248,-0.0300740631869018,0.0006690599943013,44.83082317891,-0.0644018799965451,-0.1304279345218333,-0.0062943384772586874,0.00824325753246163,-0.03674592928848608,26.152379096223612,0,1.0
2017-04-05,1.0376646123344306,42.3629382421296,-0.1628231502086876,-0.1327490870217857,44.97429788636568,-0.0371412231556433,0.0272606568409017,-0.00043884320208242844,0.008242602671523868,-0.015248696004087403,25.642771500363267,0,1.0
2017-04-06,1.0224817577256697,41.099218242506566,-0.6373959316419757,-0.474572781433288,44.91732741335903,-0.1136877364277211,-0.0765465132720777,-0.014631755220604559,0.008749857181343355,-0.029930440849070483,22.155786762848805,0,1.0
2017-04-07,1.0272232559196781,42.49717321282279,-0.0690479512265653,0.5683479804154103,45.11649867284368,0.0952251646445603,0.2089129010722814,0.004637244780341998,0.00881353963772288,-0.03391326464521671,26.433129137168848,0,1.0
2017-04-10,1.0345501484060213,42.27180808713537,-0.0303767183314107,0.0386712328951546,45.2547240237313,0.0934753791218767,-0.0017497855226835,0.0071327167138397485,0.008303989268952244,-0.015032362853042658,31.624715888549176,0,1.0
2017-04-11,1.0318135456951487,42.6478143406033,0.5161986993655816,0.5465754176969924,45.437231723382055,0.1733014366743361,0.0798260575524594,-0.0026452103023608675,0.008211216442874291,-0.030111931530685365,38.60989838525098,0,1.0
2017-04-12,1.021164021816064,41.84655432594003,-0.2168729622942535,-0.7330716616598352,44.84824929578184,-0.0894164590206116,-0.2627178956949478,-0.01032117083897166,0.008390526491391674,-0.03736473479384972,34.580834689111256,0,1.0
2017-04-13,1.0109545808307934,42.580047685156366,0.1027465326736702,0.3196194949679238,45.184010161384194,-0.0235712874490374,0.0658451715715742,-0.009997846347067685,0.008489063153289267,-0.03984406969969234,25.667931736329976,0,1.0
2017-04-14,1.007462365344444,42.47986745508592,-0.0559822951724626,-0.1587288278461329,45.130314896462096,-0.1023056089733103,-0.0787343215242728,-0.0034543742642516584,0.008447283454347618,-0.03376922400642235,28.141403529611196,0,1.0
2017-04-17,1.0103566965255406,41.00668716969536,-0.2799557187482264,-0.2239734235757637,45.154915853181336,0.1022221857998175,0.2045277947731278,0.0028728926068686267,0.008568341757213466,-0.03287000420646202,19.420677316255805,0,1.0
2017-04-18,1.0138274296012828,41.2331602256522,-0.4489624865013866,-0.1690067677531601,44.8772489144246,-0.1022537489865271,-0.2044759347863447,0.00343515620540491,0.008699617136472554,-0.023400715144448858,23.276263815530555,0,1.0
2017-04-19,1.0125045740719796,41.58174618556709,-0.2993737565062773,0.1495887299951093,44.856102920977946,-0.0914039918280451,0.010849757158482,-0.0013048133150466157,0.007428999024153568,-0.02424679223265469,25.157197341493315,0,1.0
2017-04-20,1.013516432652598,40.57409829738505,-0.1441962907701111,0.1551774657361662,44.39930407637935,-0.2518705922673234,-0.1604666004392783,0.000999361984656666,0.007442158169726795,-0.008768200513438518,29.778855226073844,0,1.0
2017-04-21,1.024670453989715,41.027490762385,-0.0685564877557283,0.0756398030143827,44.31315162616352,-0.1880324294203745,0.0638381628469488,0.011005269355055525,0.0076251862928724615,-0.0024851481070468084,37.672742944550784,0,1.0
2017-04-24,1.034930287331884,41.65570021778933,0.0246513440740798,0.0932078318298081,44.355143856230825,-0.1669863549157071,0.0210460745046674,0.010012812706974072,0.007653519425361609,0.0003674436917806556,48.12156203155973,0,1.0
2017-04-25,1.0461629716244973,43.126800812076965,0.8509008382306433,0.8262494941565635,44.50077375414445,0.0338232259217079,0.200809580837415,0.010853566109821688,0.007477259991403812,0.013906995105090525,54.44078412887662,0,1.0
2017-04-26,1.0585465766248074,43.9305609012773,0.9676900462974274,0.116789208066784,44.67734026396106,0.1213962125991798,0.0875729866774719,0.011837166231453145,0.007971124170598884,0.03660778681005761,69.41346467383411,0,1.0
2017-04-27,1.055867162386961,45.07224025783096,1.1388466800138772,0.1711566337164498,44.970217681878,0.2050246085490599,0.08362839594988,-0.0025312199737017593,0.007806245513255027,0.0444259142871275,65.76890615002992,0,1.0
2017-04-28,1.051231273551335,44.80197445618552,0.5583912147028514,-0.5804554653110259,45.05273675970239,0.1839876685193076,-0.0210369400297523,-0.004390598553274394,0.007537238494140694,0.04344470792407873,59.46360814985171,0,1.0
2017-05-01,1.0570964163813257,44.51900267761941,0.1961472587807051,-0.3622439559221462,44.77905106433919,0.0339036001260453,-0.1500840683932622,0.005579307786550913,0.007618947350865492,0.04626061272866866,63.85187468102974,0,1.0
2017-05-02,1.0634366478013642,40.88548848478156,-1.3955839243498005,-1.5917311831305057,44.53717203606336,-0.1443485486048814,-0.1782521487309267,0.005997779693305949,0.007527253506424241,0.048932606034925996,74.30795235497419,0,1.0
2017-05-08,1.0882959180295961,40.845706408500135,-1.3187560158951328,0.0768279084546676,44.58331111189197,-0.1564752159368012,-0.0121266673319198,0.02337635277064032,0.008990451375211119,0.07485531018670599,88.06090047846136,0,1.0
2017-05-09,1.0837832484024885,42.83931711559161,-0.5598951873425904,0.7588608285525424,45.06158189875654,0.0941769448057812,0.2506521607425824,-0.004146546497461823,0.008215936445924277,0.06932972518855629,87.18524381517484,0,1.0
2017-05-10,1.0863572373916435,42.68439077056101,0.599634095259816,1.1595292826024064,45.09173496390787,0.1848543092814978,0.0906773644757166,0.002375003482429694,0.008207014852350881,0.060201583017975624,87.14511655307541,0,1.0
2017-05-11,1.08978804866066,42.43933922751472,0.5312109396715314,-0.0684231555882846,45.01512190311654,0.1439369304082021,-0.0409173788732957,0.0031580875525383245,0.008145341498624281,0.05300623819813288,87.14009818075927,0,1.0
2017-05-12,1.0753654003688398,42.04003718899536,-0.2664266421987591,-0.7976375818702905,44.86791094117117,-0.0645569858617989,-0.208493916270001,-0.01323436085534746,0.008822657092222063,0.027913842810739498,77.24501529540159,0,1.0
2017-05-15,1.074926834911798,42.1111347064664,-0.1910853546982025,0.0753412875005565,44.88144594509717,-0.0700963396035589,-0.00553935374176,-0.00040782924287074973,0.008353743316227605,0.015474291494304682,76.74930635623001,0,1.0
2017-05-16,1.0787440686927106,41.12191300878729,-0.4391420729091493,-0.2480567182109467,44.683478718550006,-0.1105477281888553,-0.0404513885852964,0.0035511568387125436,0.007809872512217978,0.021666462525486985,75.16175638525354,0,1.0
2017-05-17,1.0719559934267233,40.89001155325378,-0.3833418785805165,0.0558001943286328,44.61529897328119,-0.0842039892966539,0.0263437388922014,-0.006292572504443483,0.007962950890986508,0.0197147101658941,67.80420482996179,0,1.0
2017-05-18,1.0566164728099798,41.04139989748555,-0.3565782696602895,0.026763608920227,44.698844511462895,-0.0608671445447583,0.0233368447518955,-0.014309841738659124,0.008868434944993469,-0.00045402062092769757,54.83568552041471,0,1.0
2017-05-19,1.0603263209490992,41.63342110774773,0.1705026996534755,0.527080969313765,45.11316962213474,0.1432303011949045,0.2040974457396629,0.003511064075362391,0.008868972387364378,-0.0029247880996912112,50.89512377286181,0,1.0
2017-05-22,1.0652509667895624,40.63507702983543,-0.0849781744727806,-0.2554808741262562,45.16891399569244,0.1845383408037548,0.0413080396088503,0.004644462504764801,0.008842069197763973,-0.02117526203880049,54.61535467065747,0,1.0
2017-05-23,1.0637208422481716,40.47465767186246,-0.1889140752076912,-0.1039359007349105,45.33095715209305,0.2107042135433943,0.0261658727396394,-0.0014363981719747176,0.008881663954570494,-0.018511456219580058,56.336487497417416,0,1.0
2017-05-24,1.0697106461061539,39.59582382133807,-0.6791990954698832,-0.490285020262192,45.54063836509391,0.1424895809863784,-0.0682146325570158,0.005630992286775882,0.008688646910236493,-0.015323312362200747,56.3916484187166,0,1.0
2017-05-25,1.0717572720180666,39.38784930422007,-0.4157425752051153,0.2634565202647678,45.30906898694181,0.0467183304164606,-0.0957712505699177,0.001913251886725309,0.008491300986662589,-0.01654521414944221,54.4078652331288,0,1.0
2017-05-26,1.0662694267574908,39.275422120796186,-0.3997451836887649,0.0159973915163504,45.07094240037203,-0.0866715839069982,-0.1333899143234589,-0.00512041803107377,0.008343277558316368,-0.00845849569665258,35.318101233321585,0,1.0
2017-05-29,1.0665733387858907,39.461561918182326,-0.0447539677185773,0.3549912159701875,45.04936238805648,-0.1637586590124868,-0.0770870751054886,0.00028502367297922326,0.007942718524574831,-0.007771222984299886,37.846735444592,0,1.0
2017-05-30,1.0679377398046461,39.51248434744123,0.041545014407049,0.0862989821256263,45.10505855923192,-0.0680034759032892,0.0957551831091976,0.0012792378818586858,0.007914163247906038,-0.010017509436839989,36.766473138521455,0,1.0
2017-05-31,1.0663840778098408,39.54995228076878,0.0915100533241997,0.0499650389171506,41.30717552405923,-1.2545889587709382,-1.186585482867649,-0.0014548245060517218,0.007843675718124115,-0.005197895856779322,32.71925715633891,0,1.0
2017-06-01,1.076117047152538,39.52789701534898,0.0221116990555501,-0.0693983542686496,34.31693203758505,-3.577476783490475,-2.322887824719537,0.00912707676833202,0.007997372767930036,0.018455678899930605,50.5962873088694,0,1.0
2017-06-02,1.0947352706830384,39.39865851349569,-0.0379419446485158,-0.0600536437040659,35.062064924489746,-3.3476645449140605,0.2298122385764145,0.017301299686465432,0.008739876315398454,0.032451283207927784,62.196277616064755,0,1.0
2017-06-05,1.091893856143587,40.53207968277444,0.3273758006685554,0.3653177453170713,35.17409662274049,-2.0443596337729133,1.3033049111411472,-0.002595526622320876,0.0070901940913492435,0.025010903706870424,58.19494688361165,0,1.0
2017-06-06,1.0834326178029705,40.293523401292745,0.2552087953145872,-0.0721670053539682,35.26038938033675,0.3144857809172308,2.358845414690144,-0.007749139985547937,0.007250095328704169,0.01853096674606669,57.00612390883923,0,1.0
2017-06-07,1.082665663629668,40.63464692998211,0.4119961388288047,0.1567873435142175,35.49153398327229,0.1431563529275195,-0.1713294279897113,-0.0007078928220359826,0.00722988389587899,0.012110768057391752,69.34393680735926,0,1.0
2017-06-08,1.0777339903065364,40.5458905709214,0.0046036293823235,-0.4073925094464812,35.47890578234842,0.1016030532026377,-0.0415532997248817,-0.004555121205745194,0.007250088159337737,0.00557655958537695,62.696412988522326,0,1.0
2017-06-09,1.080264240808064,40.1699803976624,-0.0411810012101128,-0.0457846305924363,35.57735995431709,0.105656857993452,0.0040538047908142,0.002347750487861955,0.006623260712252347,0.013125026095075487,61.34634116056274,0,1.0
2017-06-12,1.0792175368643286,39.87781650449024,-0.2522768084972924,-0.2110958072871795,35.34829738312138,-0.0477455333836402,-0.1534023913770923,-0.0009689332518796334,0.006627372416167482,0.011854972948068587,61.79789470239057,0,1.0
2017-06-13,1.0807323477446957,36.61420261096467,-1.310562653318911,-1.0582858448216186,35.26971039189917,-0.0697317968164199,-0.0219862634327796,0.0014036195934772344,0.0065878401953716114,0.011980668407120865,59.00455744604886,0,1.0
2017-06-14,1.0784882905684041,36.48869409613718,-1.2270954338417397,0.0834672194771712,35.286909813086424,-0.09681671374355,-0.0270849169271301,-0.002076422697048552,0.00643783819533609,0.011350706570397495,55.48145365274746,0,1.0
2017-06-15,1.07461099849339,36.04081832754584,-1.2789993923148018,-0.051903958473062,35.40431779790167,0.0186734715934306,0.1154901853369807,-0.003595117451827501,0.005539099544502409,-0.001399521235290524,56.976009169526364,0,1.0
2017-06-16,1.0814159568017208,34.81627392187906,-0.5993095630285339,0.6796898292862679,35.39944952123493,0.0432463764452535,0.0245729048518228,0.0063324852601278625,0.005645106421028405,-0.012166698413770272,61.19545138032203,0,1.0
2017-06-19,1.0865471397599984,33.71131466783011,-0.9257931427690238,-0.3264835797404899,35.48694301913214,0.0666777353485699,0.0234313589033163,0.004744874463895599,0.005648561638003154,-0.004896736393839918,63.281918540689475,0,1.0
2017-06-20,1.0929696924619603,33.94611956950689,-0.6982329193463173,0.2275602234227065,35.58262438307328,0.0594355283905372,-0.0072422069580326,0.005910974744621322,0.005719879542183508,0.00880264679341991,67.74165465128331,0,1.0
2017-06-21,1.0892339778616646,33.89432347972263,-0.3073168140521432,0.3909161052941741,35.63936016535774,0.0799702147076075,0.0205346863170703,-0.0034179489386213513,0.005723202001885489,0.006066798322555078,59.51508520676356,0,1.0
2017-06-22,1.0878601438702877,33.30369118498271,-0.1358744942824685,0.1714423197696746,36.12297402764665,0.2120103361715024,0.1320401214638948,-0.001261284553456532,0.005738213089204048,0.009395781941396564,43.34870747363579,0,1.0
2017-06-23,1.0903468114112809,33.419594297219504,-0.1755084240957956,-0.039633929813327,36.03570941447744,0.1510283438013857,-0.0609819923701167,0.0022858338500630904,0.0055753164566079896,0.009333429935322934,48.492978459881144,0,1.0
2017-06-26,1.0904478152388968,33.239497703813896,-0.2182752586362397,-0.0427668345404441,36.14644044668769,0.169026760443316,0.0179984166419302,9.263458796682222e-05,0.005577020056386139,0.010405945039771769,58.16334667588513,0,1.0
2017-06-27,1.0951149949535255,33.544874968036154,0.0803945943511479,0.2986698529873877,36.20040227803774,0.0258094167970313,-0.1432173436462847,0.004280057834410211,0.005621655441292891,0.01330824161860611,63.28130364958983,0,1.0
2017-06-28,1.093398185914816,31.79013303864557,-0.5431537528579753,-0.6235483472091232,35.9014807191442,-0.0447428984444115,-0.0705523152414429,-0.0015676974990030956,0.0056245931347851585,0.013824809668127047,67.94171009451246,0,1.0
2017-06-29,1.0992750330137355,31.25059994844692,-0.6629659184556687,-0.1198121655976933,35.58841701979728,-0.186007808963474,-0.1412649105190624,0.0053748462130494,0.005406970947218373,0.022951593232271472,70.22441318742364,0,1.0
2017-06-30,1.090446581662544,31.09484015993189,-0.8166782693680794,-0.1537123509124107,35.9724615090646,-0.0759802563243781,0.1100275526390959,-0.008031157886837281,0.0042501694493503606,0.008350741270298334,60.24896473830408,0,1.0
2017-07-03,1.0921801801074782,31.12223835938249,-0.2226315597543688,0.5940467096137105,36.143021251720256,0.0805135108586796,0.1564937671830577,0.0015898059328052216,0.004228353949833274,0.005184349708678093,60.407092168486905,0,1.0
2017-07-04,1.0908597028402203,30.13543151175977,-0.371722812229045,-0.1490912524746761,36.250052217907694,0.2205450660368058,0.1400315551781261,-0.0012090287768525831,0.003829881480236579,-0.001930510641138805,61.43879180854737,0,1.0
2017-07-05,1.0966839130656862,29.06784798851554,-0.6756640571387855,-0.3039412449097405,36.17509434467108,0.0675442785354931,-0.1530007875013126,0.005339101087245002,0.003977914688531686,0.006839609629738952,69.69969715088666,0,1.0
2017-07-06,1.093323576195039,28.80423252854044,-0.7726686102806859,-0.0970045531419003,36.18938587684089,0.0154548750402128,-0.0520894034952803,-0.0030640887776439696,0.003888169887621391,0.00502218263582499,61.3235795886102,0,1.0
2017-07-07,1.0888247877914912,29.017126848019352,-0.3727682212468046,0.3999003890338812,36.28527550750431,0.0117410965322051,-0.0037137785080076,-0.004114782212238044,0.004012795664355569,-0.0013959078009497805,52.19230294594284,0,1.0
2017-07-10,1.0939354142695605,29.00850620414338,-0.019780594790717,0.3529876264560876,36.36127258510196,0.0620594134769589,0.0503183169447538,0.0046937087907739095,0.004109550376976313,0.0031983181422576834,50.95361952041973,0,1.0
2017-07-11,1.1023080959691873,29.063813334376636,0.0865269352787301,0.1063075300694471,36.378767147034544,0.0631270900645475,0.0010676765875885,0.0076537257962503435,0.00439477385116299,0.006568352226760554,61.82717610352679,0,1.0
2017-07-12,1.0973126137964488,29.36746375658812,0.1167789695229224,0.0302520342441923,36.491814561543706,0.0688463513464725,0.005719261281925,-0.0045318384134213074,0.00451775689055181,0.00358005704788833,58.02509994759857,0,1.0
2017-07-13,1.0971255041633288,29.13372825380132,0.041740683219313,-0.0750382863036094,36.58521712588153,0.0746481802598566,0.005801828913384,-0.00017051625103692292,0.004402842566935963,-0.0019554058682781372,55.988921437551646,0,1.0
2017-07-14,1.1000046105442656,28.832471054867163,-0.0771140931698255,-0.1188547763891385,36.5139787022221,0.0450705183958461,-0.0295776618640104,0.0026242270095913067,0.004243728157367114,0.00876524264686962,58.04827429228651,0,1.0
2017-07-18,1.095513984088572,27.95788065737925,-0.4698610330696198,-0.3927469398997942,36.56551468814524,0.0245667088671837,-0.0205038095286624,-0.0040823705761303675,0.004277438000747475,0.0030524303973047395,50.33701166801291,0,1.0
2017-07-19,1.0961231767818151,27.009665850248236,-0.708020801184361,-0.2381597681147411,36.23641566617442,-0.1162671532357038,-0.1408338621028875,0.0005560793400096742,0.0040785956372169085,0.004825069555590478,52.3455900295744,0,1.0
2017-07-20,1.103421023173156,27.174358735529125,-0.552704106446015,0.1553166947383459,36.21699991288037,-0.0989929297805787,0.017274223455125,0.006657870708260294,0.00423376350517772,0.006143164887535191,53.48352567955016,0,1.0
2017-07-21,1.1002931967880845,27.614913436295534,-0.114322407027906,0.4383816994181089,35.03100930086681,-0.5115017957594716,-0.4125088659788929,-0.0028346626712592027,0.004285560320767574,0.006374709870705431,59.14978412721136,0,1.0
2017-07-24,1.0920562863563998,27.97077775299099,0.3203706342475918,0.4346930412754979,35.10473264320707,-0.3772276743224552,0.1342741214370164,-0.007486105027032175,0.004624165565088841,0.0029678774777559536,49.89728797724476,0,1.0
2017-07-25,1.090267334206426,28.394797186846063,0.4068128171056457,0.0864421828580539,35.370005742798256,-0.282331390027366,0.0948962842950891,-0.0016381501323000647,0.0046402513887721895,-0.003353104776833482,49.51269200969933,0,1.0
2017-07-26,1.0930986164959353,25.27612989671595,-0.7795945131931994,-1.1864073302988452,35.31110277000607,0.0933644897130818,0.3756958797404479,0.002596869777420352,0.004573358066578228,-0.008354723608515968,46.89782222917421,0,1.0
2017-07-27,1.0984087582351663,25.297811337355117,-0.8909888052119541,-0.1113942920187547,35.146930618589806,0.0140659917942542,-0.0792984979188275,0.004857879846425162,0.004687777304404466,0.000998935421807401,54.25633892177473,0,1.0
2017-07-28,1.0944862885432536,25.636596402938626,-0.919400261302485,-0.0284114560905308,34.93111271900548,-0.1462976745975979,-0.1603636663918521,-0.003571047356008883,0.004597878365138246,-0.0024055731181710227,54.784885385291616,0,1.0
2017-07-31,1.0927391147851173,25.190553804451987,-0.028525364087983,0.890874897214502,34.63361756661837,-0.2258284011292346,-0.0795307265316367,-0.0015963413853834485,0.004232253696785095,-0.006604968460589777,48.92798561539165,0,1.0
2017-08-01,1.0996248948473193,24.66115628677762,-0.2122183501925008,-0.1836929861045177,34.112293510856254,-0.3448790359111839,-0.1190506347819493,0.006301394330115118,0.004444558475813444,0.0037524950100638055,47.529731126122556,0,1.0
2017-08-02,1.1045160689702889,25.262983079412862,-0.1245377745085889,0.0876805756839118,33.5685453324912,-0.4541891288380952,-0.1093100929269113,0.004448038732015602,0.004519556079881845,0.007656887808097368,56.64456828481066,0,1.0
2017-08-03,1.1019251503728535,25.09064086043712,-0.0333043146716178,0.091233459836971,33.45732201708444,-0.3920985165113109,0.0620906123267843,-0.0023457500259373987,0.00442396541342664,-0.001355668207227656,54.23926601595985,0,1.0
2017-08-04,1.098964385833166,24.11112384979721,-0.1833441456601399,-0.150039830988522,33.23033214783443,-0.2939871210072766,0.0981113955040342,-0.00268690168173924,0.0044098857419551645,-0.001207688058780687,49.08254959089186,0,1.0
2017-08-07,1.1047026364368047,21.998517609097945,-1.088155156771638,-0.904811011111498,33.11644585306628,-0.1506998264749697,0.1432872945323069,0.005221507336917286,0.004415830739184005,0.011580309768280284,57.929635090176845,0,1.0
2017-08-08,1.1021956797621213,21.95869980196246,-1.0439803528248888,0.0441748039467491,32.61932537666762,-0.2793322134722729,-0.1286323869973031,-0.0022693497706943733,0.004361311044917184,0.010940752952465216,55.07425092929466,0,1.0
2017-08-09,1.091808196518966,22.15609316637712,-0.6516768944733649,0.3923034583515239,32.69192423650132,-0.1794693037777008,0.099862909694572,-0.009424354888958653,0.004531837434486309,-0.0011805156071881262,40.77264477414318,0,1.0
2017-08-10,1.090419323946504,22.61977416385457,0.2070855182522102,0.8587624127255751,32.62296984647948,-0.1644920021956011,0.0149773015820997,-0.0012720847644211997,0.004435611496621248,-0.00727364401345354,41.9314137101565,0,1.0
2017-08-14,1.077721199676196,22.251857025850683,0.0977190746294098,-0.1093664436228003,31.886338423762616,-0.2443289843016671,-0.079836982106066,-0.01164517538477805,0.005108304084205333,-0.015317769662854142,39.08191300960058,0,1.0
2017-08-15,1.0907840567937719,23.53434315899056,0.4594166642044825,0.3616975895750727,32.3041421594441,-0.1292606923524104,0.1150682919492567,0.012120812990874308,0.005840069957887087,-0.0017891351786467613,50.335873295543855,0,1.0
2017-08-16,1.090768546188618,24.161737029389077,0.5139876218448265,0.0545709576403439,32.68722595123842,0.0214187015863132,0.1506793939387236,-1.4219684507876806e-05,0.005775724006100416,-0.008053972495712602,48.42789025816362,0,1.0
2017-08-17,1.089594056835807,24.095070900060502,0.6144046247366077,0.1004170028917812,32.21538139104611,0.1096809890944925,0.0882622875081793,-0.0010767539611543642,0.0057759967664459625,-0.013510000038653436,43.70115946708097,0,1.0
2017-08-18,1.0782843636536323,23.97299792877357,0.1462182565943379,-0.4681863681422697,32.37704427792538,0.0243007061604316,-0.0853802829340608,-0.010379730975238699,0.005952181620692935,-0.02145407672310773,39.52796434153082,0,1.0
2017-08-21,1.0745452282694792,25.22861631349771,0.3556264280362136,0.2094081714418756,32.68978288226747,0.0008523103430135,-0.023448395817418,-0.0034676709689859253,0.0059633692898634775,-0.022220153699679446,38.53567476529743,0,1.0
2017-08-22,1.0753642164292094,24.499546259275554,0.1348251197383518,-0.2208013082978617,33.03738565885587,0.2740014226032556,0.2731491122602421,0.0007621718827499624,0.00578588114385987,-0.026557753226900682,33.447316494001925,0,1.0
2017-08-23,1.0797303659122144,20.490256862401782,-1.1609136887905969,-1.2957388085289487,33.10207549772106,0.2416770732652295,-0.032324349338026,0.004060158796712621,0.005879590958734771,-0.02038232798622064,32.96707094531223,0,1.0
2017-08-24,1.0739417588319928,20.4754904530382,-1.5843752868198386,-0.4234615980292417,33.21276867770062,0.1743285984777145,-0.067348474787515,-0.005361159844134766,0.005930247754862717,-0.016364080929175295,31.57918076585237,0,1.0
2017-08-25,1.0766463910275277,20.126981965463315,-1.4575214312707452,0.1268538555490934,33.22779816495989,0.0634708353680082,-0.1108577631097063,0.0025184160810325373,0.005833669971789122,-0.012630859171798847,35.25887151023248,0,1.0
2017-08-28,1.0777533754865605,20.388954434189102,-0.0337674760708921,1.423753955199853,33.20369681771059,0.0338737733298444,-0.0295970620381638,0.0010281783027910052,0.00581694396127256,2.9855411932233622e-05,31.03993534344434,0,1.0
2017-08-29,1.0751244104760813,20.652188720610223,0.0588994225240071,0.0926668985948993,31.669175678311987,-0.5145309997962073,-0.5484047731260517,-0.002439301114962711,0.005826415236286575,-0.014356321235314162,30.98673819952937,0,1.0
2017-08-30,1.0827711998352993,21.06966671118093,0.3142282485725403,0.2553288260485331,31.65585393383885,-0.5239814103736862,-0.0094504105774788,0.007112469296304047,0.005880983214184024,-0.0073318454050249615,43.39881422801592,0,1.0
2017-08-31,1.0907175089576844,21.761694769174127,0.4575801116616738,0.1433518630891335,31.40123170768,-0.6008217033435308,-0.0768402929698446,0.0073388626550039415,0.006048738704137084,0.0010310740177310596,50.19877083327215,0,1.0
2017-09-01,1.0906634428124888,22.468218974931997,0.6053434181072532,0.1477633064455794,31.32474424545281,-0.1148104776197271,0.4860112257238036,-4.956933830391197e-05,0.006035856692429039,0.011480347463179053,60.376510490753276,0,1.0
2017-09-04,1.0814452304076039,22.54297619529881,0.4911031613726315,-0.1142402567346216,31.350140851148183,-0.1019043608968885,0.0129061167228385,-0.008451931221893694,0.0062787554799745675,0.0064213231389402825,42.02062485512441,0,1.0
2017-09-05,1.0748395526702577,23.328376081827717,0.5222271042178548,0.0311239428452232,31.530642162093933,0.0431368181379809,0.1450411790348695,-0.0061081944342724626,0.006219179051314403,-0.0004878940092445383,37.76738458579497,0,1.0
2017-09-06,1.073780943495891,23.379023745855054,0.3036015903076929,-0.2186255139101618,31.71176286297296,0.1290062058400494,0.0858693877020684,-0.0009848997199040088,0.006215826759435886,-0.005510100117724348,37.83472266005313,0,1.0
2017-09-07,1.0766761659566535,23.05168577500772,0.1695698599029711,-0.1340317304047218,31.51038122350437,0.0534134574520663,-0.075592748387983,0.002696287802739894,0.005966532894378632,0.002546140982202294,48.57878698405334,0,1.0
2017-09-08,1.0737023623855608,22.64012577177651,-0.2294167700170675,-0.3989866299200386,31.495662485372364,-0.0116598922405231,-0.0650733496925894,-0.0027620222914941372,0.005983583026884932,-0.002734443422187205,49.244919967743165,0,1.0
2017-09-11,1.086734673108491,22.620990483240632,-0.2526777542048073,-0.0232609841877398,31.542246581215,-0.0565054272526595,-0.0448455350121363,0.012137731255405848,0.006068100793469132,0.008333351419916424,58.3573927825033,0,1.0
2017-09-12,1.0985037517365988,24.26971593832547,0.4060100544392462,0.6586878086440535,31.888893136008683,0.1261706375014384,0.1826760647540979,0.010829762700442336,0.0059428063289036145,0.02174570778293905,62.44436430602408,0,1.0
2017-09-13,1.1048120871926006,25.250810006076257,0.8702280780999168,0.4642180236606705,31.77207349662134,0.0921370037496593,-0.034033633751779,0.00574266173058513,0.006061480410943068,0.020355997057045716,70.3230653495288,0,1.0
2017-09-14,1.100895941173591,25.346020675496582,0.9083433974186512,0.0381153193187344,31.756967999411508,0.0715738060655013,-0.020563197684158,-0.00354462633456587,0.006123440472234417,0.009331868364003348,65.71370514590546,0,1.0
2017-09-15,1.1061037953384616,25.232569703608704,0.3209512550944104,-0.5873921423242408,31.32031417332604,-0.1895263208942132,-0.2611001269597146,0.004730559874095652,0.00561728124332439,0.014156844283839565,67.44396899243353,0,1.0
2017-09-19,1.1288123195886535,26.11602905485296,0.2884063495922362,-0.0325449055021742,31.160671951016624,-0.2038005152015678,-0.0142741943073545,0.02053019286787916,0.006952117856120987,0.043799804048510804,76.48875643334434,0,1.0
2017-09-20,1.1311181803173194,29.12799740236798,1.2606589089571294,0.9722525593648932,32.11757879011421,0.1202035969008967,0.3240041121024646,0.0020427317177988957,0.006941262600125747,0.052360026673047955,75.180716224403,0,1.0
2017-09-21,1.1309389134292906,28.84196850675253,1.203132934381273,-0.0575259745758565,32.0624608594416,0.2473822287051881,0.1271786318042913,-0.00015848643505878002,0.006957142665576847,0.05323056837580986,72.79272998693291,0,1.0
2017-09-22,1.127799276703258,28.47439404182842,0.7861216623251543,-0.4170112720561185,31.91215914548108,0.2504957314881508,0.0031135027829627,-0.002776132900505157,0.006829330555364975,0.04748234646875504,70.33312968262857,0,1.0
2017-09-25,1.1327785731946978,28.63764266469925,-0.1634515792229081,-0.9495732415480624,31.865480629787257,-0.0840327201089863,-0.3345284515971372,0.004415055581517224,0.006843168686149663,0.05502103085428711,79.47494546226027,0,1.0
2017-09-26,1.1318895969933231,28.663535673581837,-0.059477611056895,0.103973968166013,31.85950169500316,-0.0676530548128084,0.0163796652961778,-0.0007847749087163125,0.00687654420593809,0.0415510105660577,85.0589944923948,0,1.0
2017-09-27,1.2715681505575025,28.504952537299538,0.0101861651570374,0.0696637762139325,31.413884094916803,-0.1660916835214259,-0.0984386287086174,0.12340298376733227,0.02782072033982115,0.1575455691865506,94.95513918253938,0,1.0
2017-09-28,1.278509279360957,28.635416615743168,-0.0007420163186928,-0.0109281814757302,31.444989545437736,-0.1401636947831726,0.0259279887382533,0.005458715524143232,0.02782835617413023,0.15721876523792577,95.04624816902144,0,1.0
2017-09-29,1.2780589820221482,28.67644772146968,0.0043040159626137,0.0050460322813066,31.49586372596835,-0.1212126563449373,0.0189510384382352,-0.00035220498284826984,0.027900986472377282,0.16092623673377848,96.12906576500598,0,1.0
2017-10-02,1.276174067219953,28.319194402020187,-0.0619193784264524,-0.0662233943890662,31.52297562316457,0.0363638427492531,0.1575764990941905,-0.0014748261455138634,0.02792524626408592,0.153756159772918,95.0278836858594,0,1.0
2017-10-03,1.2854463414833541,28.151096137538342,-0.1614401594016037,-0.0995207809751512,31.55570693374769,0.0369057961033156,0.0005419533540624,0.007265681462717666,0.027650903722650822,0.13876002164095724,94.96815916903702,0,1.0
2017-10-04,1.2851697124535577,28.63966425048858,-0.0122611569937021,0.1491790024079016,31.61916243278672,0.0410995689394582,0.0041937728361425,-0.00021520076013226141,0.027512315551387855,0.1361940200563494,94.68072086043406,0,1.0
2017-10-05,1.284559150678244,28.550007061496515,0.0769375531587748,0.0891987101524769,31.594815456047257,0.0239466109608983,-0.0171529579785598,-0.00047508260535333857,0.027502509512257908,0.1358342483619548,96.25723278710015,0,1.0
2017-10-06,1.2895951590172987,28.51221232799614,0.1203720634859308,0.043434510327156,29.87723967631993,-0.5594890858092576,-0.5834356967701559,0.003920417628410222,0.027488314967531468,0.14346159432465355,96.25399017219277,0,1.0
2017-10-10,1.2944035522066768,28.499585767107945,-0.0466928277935423,-0.1670648912794732,29.873317685991964,-0.5819482489315817,-0.0224591631223241,0.003728606730380557,0.02737529488995947,0.14268011669408542,95.88240026528364,0,1.0
2017-10-11,1.2954765556964531,27.579168443468248,-0.3236128726760903,-0.2769200448825479,29.47315325856532,-0.7072207324939797,-0.1252724835623979,0.000828955921781116,0.027439470545476942,0.1445255430721084,95.85407506363788,0,1.0
2017-10-12,1.29723686990335,27.500407277939388,-0.3372683500189168,-0.0136554773428265,28.87310686426254,-0.3347109373524652,0.3725097951415144,0.0013588159501278785,0.027490736472191142,0.02018666426537452,95.9894821095598,0,1.0
2017-10-13,1.3048673144138527,26.53877374385597,-0.6536040077506584,-0.3163356577317415,28.15098578883569,-0.5741106323854197,-0.2393996950329544,0.0058820749606594,0.027489969545342094,0.02061622506648564,97.78112068374682,0,1.0
2017-10-16,1.312729550659859,26.56336561260828,-0.3386009436199906,0.3150030641306678,28.26950350356713,-0.4012165849993998,0.1728940473860198,0.0060253147267606,0.027348743063171102,0.027127518467774392,97.81511530773392,0,1.0
2017-10-17,1.3167450343627412,26.85610791910691,-0.2147664529441613,0.1238344906758293,28.19512750390932,-0.2259931201177387,0.175223464881661,0.003058881169288652,0.02736556693947362,0.03179109197162178,98.31552595481726,0,1.0
2017-10-18,1.3190267834194447,27.046598102440043,0.1692747861946983,0.3840412391388597,27.848941684634305,-0.1006813680671285,0.1253117520506101,0.0017328708270449855,0.027274405642015862,0.02612356568484997,94.0218972655718,0,1.0
2017-10-19,1.3245531135301762,27.50533423639704,0.3139895412629165,0.1447147550682181,27.89741796193163,-0.1240285138784997,-0.0233471458113712,0.004189702726433708,0.027253344008587234,0.030644513868468337,93.860761219301,0,1.0
2017-10-20,1.3238887500473602,28.595995111873727,0.5799623975889396,0.2659728563260231,27.801622535531912,-0.1311683227924689,-0.0071398089139691,-0.0005015755699259161,0.027259023667583402,0.03061719606166058,93.47952062134233,0,1.0
2017-10-23,1.3325133135722491,28.83136856292168,0.5949234868272129,0.0149610892382732,27.907211608277628,0.0194233078811052,0.1505916306735741,0.006514568179977642,0.02714041744819985,0.033280331625666904,97.3898169246465,0,1.0
2017-10-24,1.3423691876225077,29.70384448726868,0.7328367502905486,0.1379132634633357,27.133452800794352,-0.2546550537124226,-0.2740783615935278,0.007396454466812585,0.027123832245691613,0.037056167942416396,97.41519431837006,0,1.0
2017-10-25,1.3384950142726695,30.109588616925755,0.5045311683506704,-0.2283055819398782,27.19059598146083,-0.2036755180236973,0.0509795356887252,-0.0028860714217523453,0.027167144073549296,0.03320666698834196,91.90692324995919,0,1.0
2017-10-26,1.339931472508036,30.25173876727945,0.4734567347859233,-0.031074433564747,26.978612491374783,-0.3095330389676149,-0.1058575209439176,0.0010731890818040934,0.0031346500743439755,0.03291195586189821,92.95798386037727,1,10.887696367752664
2017-10-27,1.3523933979738467,30.2311449794797,0.1757668307370075,-0.2976899040489158,26.94026532940201,-0.0643958237974438,0.2451372151701711,0.009300420000199594,0.003421885391294157,0.03642215805010229,93.68554143683247,1,7.914578123239393
2017-10-30,1.3520477870029441,30.333979736774303,0.0747970399495159,-0.1009697907874915,26.615979906277545,-0.1915386917277608,-0.127142867930317,-0.0002555550562582942,0.003417236962819235,0.02995151310741906,92.75483686143923,1,4.866370618840133
2017-10-31,1.2450998822168577,29.420781109160693,-0.2769858860395828,-0.3517829259890987,26.18936837132645,-0.263081373349447,-0.0715426816216862,-0.07910068402475301,0.018657102483590236,-0.054410801086147376,35.4644179945783,0,1.0
2017-11-01,1.2097906450320883,28.75205553395962,-0.4930298151733616,-0.2160439291337788,25.898222521618976,-0.3473476025943434,-0.0842662292448963,-0.028358557967174902,0.019502025287305914,-0.08281570909740943,28.86101188362622,0,1.0
2017-11-02,1.2155268984099987,26.82841527548165,-1.16852148709755,-0.6754916719241884,25.945354062718454,-0.2235419478530325,0.1238056547413108,0.004741525652777856,0.019568508028282736,-0.08231169743703426,28.203505208861117,0,1.0
2017-11-06,1.215923384576437,25.67090576416953,-1.2499584483303892,-0.0814369612328391,25.79300570328104,-0.1321208893484708,0.0914210585045616,0.00032618460928901527,0.019573888137796383,-0.0815516904022795,25.489182635884262,0,1.0
2017-11-07,1.2325442698805498,25.02490107819073,-1.2423848185896311,0.007573629740758,25.527551625416784,-0.1235569654007271,0.0085639239477437,0.013669352456694872,0.01986278945053559,-0.07502292297830693,29.960006425238547,0,1.0
2017-11-08,1.2356516033786669,26.0305678923054,-0.2659491277254169,0.9764356908642142,26.00812068379032,0.0209222070239505,0.1444791724246776,0.0025210725278195234,0.019846083958091388,-0.07949942923887432,30.234173804414937,0,1.0
2017-11-09,1.2314715748879201,23.802951132673485,-0.622651543832017,-0.3567024161066001,25.571800708207995,-0.0737349983576827,-0.0946572053816332,-0.003382853612876935,0.019835442001605752,-0.0799580411159807,27.791312514506927,0,1.0
2017-11-10,1.2232213362979303,23.42632985152214,-0.5328570755561941,0.0897944682758229,25.33886264407314,-0.0628963271145437,0.0108386712431389,-0.006699495756319562,0.01983830994737768,-0.08710157094202131,26.820442771809155,0,1.0
2017-11-13,1.2112150680053213,23.600698625880035,-0.8099564221417843,-0.2770993465855902,24.913513936491142,-0.3648689157663938,-0.30197258865185,-0.00981528684657007,0.01978979658763117,-0.1043914664032215,22.49830570849616,0,1.0
2017-11-14,1.2089668775617952,25.624714854840768,0.6072545740557587,1.417210996197543,25.09991474410764,-0.1572953213667887,0.2075735943996051,-0.0018561447119613828,0.019667759626438318,-0.10582533458992105,18.673284053231328,0,1.0
2017-11-15,1.1869921418502973,25.185667044957604,0.5864457311451581,-0.0208088429106005,25.159704716468624,-0.0597193092015011,0.0975760121652875,-0.01817645803151846,0.01984377647471194,-0.0466691397184148,17.21023035557201,0,1.0
2017-11-16,1.1985507640558888,28.654353491204425,1.684551621774791,1.0981058906296326,26.45159477658818,0.512693613365677,0.5724129225671781,0.009737741134135725,0.020065751209957686,-0.009290765325682737,20.68538459845172,0,1.0
2017-11-17,1.1988183771032208,28.976181040656385,1.117155395271876,-0.5673962265029147,26.729793563674733,0.5432929398557,0.030599326490023,0.000223280527915648,0.019994005863034296,-0.013745908320608846,16.46092641918527,0,1.0
2017-11-20,1.1937836817350447,28.735172005786787,1.183168320276394,0.066012925004518,26.630755639327084,0.490350307619483,-0.0529426322362169,-0.004199714872858196,0.01996947596752716,-0.0182081396922098,16.130558454463866,0,1.0
2017-11-21,1.2013838987395666,28.70471205929379,0.0167861893631204,-1.1663821309132736,25.17713685408342,-0.4248193075015827,-0.9151696151210658,0.006366494299432812,0.019965024285302578,-0.025281340315673195,33.72338911077219,0,1.0
2017-11-22,1.2056490638729798,28.641035437788737,-0.1117152009558815,-0.1285013903190019,25.24027891986869,-0.496504881268681,-0.0716855737670982,0.0035502100018887095,0.01985788505243766,-0.024280743393728876,47.99432822063689,0,1.0
2017-11-24,1.2093228797689735,28.555471204528978,-0.0599002670859398,0.0518149338699416,25.350912077930147,-0.4266145204656482,0.0698903608030327,0.0030471685385728975,0.01993781878800198,-0.017985551246655906,46.934297643867815,0,1.0
2017-11-27,1.2073900712090715,27.70357473204925,-0.3337124424148392,-0.2738121753288993,25.397100713023136,0.0733212863132379,0.4999358067788861,-0.0015982568363142047,0.019904867969001247,-0.012942273502824952,45.84634829342648,0,1.0
2017-11-28,1.2040204576272944,27.33157772961539,-0.4364859027244527,-0.1027734603096135,25.41247332086226,0.0573981336645275,-0.0159231526487104,-0.002790824326062924,0.019629447593055245,-0.005939994116713976,34.05944964120836,0,1.0
2017-11-29,1.2109271777922572,27.302040540772737,-0.4178102212520791,0.0186756814723736,25.594230568227864,0.0811061634325724,0.0237080297680449,0.005736381073269792,0.019760639722923422,0.0016214672766019511,36.7455979478171,0,1.0
2017-11-30,1.2136072628085492,27.322710210730428,-0.1269548404396125,0.2908553808124665,25.791903113975565,0.1316008003174715,0.050494636884899,0.002213250363393593,0.00945616924520905,0.022422322793783644,40.266673304179164,0,1.0
2017-12-01,1.216137863325979,26.781381505817464,-0.1833987412659752,-0.0564439008263626,25.495665166597405,0.0277306152450478,-0.1038701850724237,0.0020851890022257624,0.006989072523307682,0.014673637360653302,45.88405411655866,0,1.0
2017-12-04,1.2090649070326054,25.963003429555343,-0.4463457037391301,-0.2629469624731548,24.723255796331863,-0.2903249239653291,-0.318055539210377,-0.005815916522843856,0.007033311308907392,0.00854719123854597,48.67463555779414,0,1.0
2017-12-05,1.2094329797223238,25.73462048955328,-0.5293632403923816,-0.0830175366532515,24.904951901248797,-0.2956504042422594,-0.0053254802769302,0.00030442756842696816,0.0070332203320128805,0.01310898969948604,50.2941237572704,0,1.0
2017-12-06,1.192772156494587,25.53584152125565,-0.4151799948539327,0.1141832455384488,24.83167497000168,-0.2213300655319088,0.0743203387103506,-0.01377573086485695,0.006850744317097678,-0.007168185168799579,53.909546279678125,0,1.0
2017-12-07,1.2054292552088208,27.344597868822248,0.4605314797556339,0.8757114746095667,25.708423673426477,0.3283892923648714,0.5497193578967803,0.010611497464387165,0.007330000559846444,-0.00018231562628423514,54.58442082246927,0,1.0
2017-12-08,1.2177972171691145,27.69309849501036,0.652826001819026,0.192294522063392,25.8085393009398,0.3011957998970018,-0.0271934924678696,0.010260213867259393,0.007740647713134941,0.007007506053106294,60.89227612717305,0,1.0
2017-12-11,1.223860096814416,25.997817187737773,0.1539918888273703,-0.4988341129916556,26.098205297203933,0.4221767757340871,0.1209809758370852,0.0049785625716860515,0.0076910346748879825,0.013641014613323454,67.0600216903658,0,1.0
2017-12-12,1.2243830190185423,26.07213540245499,-0.4241541554557528,-0.5781460442831232,25.98297050769284,0.0915156114221211,-0.3306611643119659,0.0004272728602618958,0.007331880818434444,0.016912139044028773,64.18446283997282,0,1.0
2017-12-13,1.2234400250178576,26.11467821703273,-0.5261400926592117,-0.1019859372034588,25.831041853595764,0.0075008508853215,-0.0840147605367995,-0.0007701789277023696,0.007317001596152799,0.010333278049315497,61.441227855450485,0,1.0
2017-12-14,1.218811007895281,25.91175080576663,-0.0286887939903763,0.4974512986688353,25.69724531701433,-0.1336533267298669,-0.1411541776151885,-0.0037836077191516493,0.005951284372009962,0.004287832848568485,56.02768688751189,0,1.0
2017-12-15,1.20661442878913,25.849819593294946,-0.0741052697200181,-0.0454164757296418,25.63323580975245,-0.1165782326467983,0.0170750940830686,-0.010006948597562126,0.006120247688094092,-0.007830884000933569,49.564090688159716,0,1.0
2017-12-18,1.2251150286556842,26.475101216195554,0.1201409997209417,0.1942462694409599,25.56102454461395,-0.0900057696606069,0.0265724629861914,0.015332652606450337,0.006976070104102045,0.013274822161922106,60.13194560132326,0,1.0
2017-12-19,1.2242007222821798,27.30149551754872,0.463248237260693,0.3431072375397512,24.97560862130498,-0.2405455652364487,-0.1505397955758418,-0.0007463024712933697,0.006879839473702549,0.01221046788656821,56.76483760635784,0,1.0
2017-12-20,1.2283545441879509,27.157983949263496,0.4360547853228524,-0.0271934519378405,24.972061529177232,-0.2203914268584093,0.0201541383780394,0.003393088919297016,0.006795780015123316,0.02983167195815173,57.404693484163374,0,1.0
2017-12-21,1.2282308509469584,26.85621248153494,0.127037088446464,-0.3090176968763884,24.55521579000986,-0.3352695848680298,-0.1148781580096205,-0.00010069832165127135,0.006776428490136278,0.018915747763387003,56.2223545782819,0,1.0
2017-12-22,1.2337793307101363,26.84166469928052,-0.1532769394227315,-0.2803140278691955,24.598706257286278,-0.1256341213395622,0.2096354635284676,0.004517456762220373,0.006808276854035101,0.013123788850637919,62.91929822963998,0,1.0
2017-12-25,1.2354846774028683,26.71662777146439,-0.1471187259330335,0.006158213489698,24.681232877636027,-0.0969428838470669,0.0286912374924952,0.0013822136992280853,0.006780430399026437,0.009498292017780408,63.43057604985621,0,1.0
2017-12-26,1.2309909812178805,26.71905100585282,-0.0457204918940412,0.1013982340389922,24.82238837128027,0.0890575270901337,0.1860004109372006,-0.0036371929714531515,0.0068090499008241975,0.00539697308497078,72.52953108233811,0,1.0
2017-12-27,1.230824834903211,26.89113467994024,0.0164899935532361,0.0622104854472773,25.029917441407942,0.1437370613738871,0.0546795342837533,-0.0001349695629005998,0.006726073069376802,0.006036102901934681,67.55573475383471,0,1.0
2017-12-28,1.2227549507646676,26.737397245023985,0.0069231578531976,-0.0095668357000384,25.065055835202863,0.1279409858556164,-0.0157960755182706,-0.0065564846513500585,0.006914821004052634,0.0032358937061105486,53.64376516419114,0,1.0
2017-12-29,1.2212069851719556,27.60261117427752,0.2945200561415646,0.287596898288367,25.29786596113512,0.1584925299516157,0.0305515440959993,-0.001265965508251643,0.006912393242735892,0.012093802323804193,47.9114439575469,0,1.0
2018-01-04,1.2562824038647136,27.77534093819136,0.2947354194170444,0.0002153632754797,25.399904789100734,0.1233291158975937,-0.035163414054022,0.028721927665537494,0.009243461077333356,0.025440366398271408,66.26391964592457,0,1.0
2018-01-05,1.2687391943383381,32.66224425848093,1.9749490044856444,1.6802135850686,27.862347254630684,0.9324304731426096,0.8091013572450159,0.009915597349213545,0.009401479811882114,0.036381674381900986,70.6691219996111,0,1.0
2018-01-09,1.2742487702272938,33.03562645573659,1.8110050938196949,-0.1639439106659495,28.066234104281385,0.9227893810487586,-0.009641092093851,0.004342559852759109,0.008595264703727347,0.03736236110046143,75.09352068829114,0,1.0
2018-01-10,1.277958366219496,32.97056999968724,1.731743020498623,-0.0792620733210718,28.01939498585157,0.8731633989169438,-0.0496259821318147,0.0029112023326030023,0.008423337048029342,0.040487108131340266,84.98098198954551,0,1.0
2018-01-11,1.27484939393334,32.653084974555455,-0.003053094641821,-1.734796115140444,27.814777014301264,-0.0158567467764783,-0.8890201456934221,-0.002432764922814301,0.008321841459920438,0.033288013667374994,78.72039944462958,0,1.0
2018-01-12,1.267748681365288,32.69379572567995,-0.1139435766855498,-0.1108904820437288,27.75918733923767,-0.1023489216812372,-0.0864921749047589,-0.0055698442512835955,0.00847758132905552,0.026114450913500953,73.47090237444341,0,1.0
2018-01-15,1.2737498209359004,32.68181324790797,-0.0962522505930891,0.0176913260924607,27.79210508410844,-0.0757633005810411,0.026585621100196,0.004733698136565545,0.008495632071995123,0.0347352989342915,73.98885849734957,0,1.0
2018-01-16,1.2841016351893835,32.576750076226986,-0.0254449661094895,0.0708072844835996,27.75799033909427,-0.0189288917356691,0.056834408845372,0.008127038829239597,0.00857484030322098,0.043285444667162665,76.64433083576753,0,1.0
2018-01-17,1.2830477935078026,32.1966647704998,-0.165710318393387,-0.1402653522838974,27.661262426369746,-0.0326416376226355,-0.0137127458869663,-0.0008206840118425429,0.008486485023168188,0.049309015437173365,74.5480920625146,0,1.0
2018-01-18,1.2750794098861302,31.8129847233268,-0.2896095081937204,-0.1238991898003334,27.8286720109557,0.0121889756157536,0.0448306132383891,-0.006210511924803042,0.008228056529090297,0.04411408169810693,68.56921032130089,0,1.0
2018-01-19,1.2830940533905948,32.050151481393094,-0.1755328649446284,0.114076643249092,27.856813411626558,0.0329410241774219,0.0207520485616683,0.006285603423852981,0.007736510570703481,0.0213420560881854,73.65420927785621,0,1.0
2018-01-22,1.284142342845413,32.140151019177225,-0.0188379171075254,0.1566949478371029,27.78065357938729,0.0397970510058485,0.0068560268284265,0.0008170012572719099,0.0077115149493739935,0.0121405160144894,74.013211773626,0,1.0
2018-01-23,1.2969867424300174,31.841894811535035,0.009636696069414,0.0284746131769395,27.714177559199697,-0.0381648172519994,-0.077961868257848,0.010002317621692569,0.007894802621757149,0.01784421749817966,82.05406441432652,1,10.956662570481225
2018-01-24,1.288916703407423,32.22056939865678,0.0568059724212233,0.0471692763518092,27.97199917807321,0.0383952554822215,0.076560072734221,-0.006222144574488553,0.008126455778556868,0.008574878084913085,77.67873280182071,0,1.0
2018-01-25,1.2765672462994317,32.65730595975933,0.1723849801940389,0.1155790077728156,27.96249076595913,0.0606123955239468,0.0222171400417252,-0.009581268576428381,0.008538310812460766,0.0013474943583662302,60.18441614701939,0,1.0
2018-01-26,1.2704985563237767,33.364324422260054,0.5074765369083352,0.3350915567142962,28.163216363895685,0.1496796015653316,0.0890672060413848,-0.004753913272682819,0.008661217467042369,0.002169101020501385,50.94386823769429,0,1.0
2018-01-29,1.2702997282664044,33.70049972123849,0.4933101075272361,-0.014166429381099,28.22797526121702,0.0853253610479285,-0.0643542405174031,-0.00015649609075329973,0.008588630953865525,-0.002708610916201004,47.75338742781481,0,1.0
2018-01-30,1.254901472548389,34.2124101744098,0.5183680715501566,0.0250579640229204,28.168146973769765,0.0685520692702184,-0.0167732917777101,-0.012121749989689179,0.009118521601832966,-0.02273975972056763,38.42263490775584,0,1.0
2018-01-31,1.2397784272443229,34.49928584625513,0.3783204746650312,-0.1400475968851253,28.618399203709984,0.1517276132714258,0.0831755440012074,-0.012051181415346446,0.00943569735519579,-0.03372389281398713,34.28601000141515,0,1.0
2018-02-01,1.263376117242585,35.09277036707881,0.4640902152801089,0.0857697406150777,28.76042385459097,0.1774828644579926,0.0257552511865668,0.019033796265283565,0.01026469015392321,-0.009178481397162819,48.29314749282079,0,1.0
2018-02-02,1.257051281227123,36.03235995701819,0.6066499275361252,0.1425597122560162,29.297898809315683,0.3765839451819666,0.1991010807239739,-0.005006296960295864,0.008153448930850692,-0.02029685360527811,43.498071842372084,0,1.0
2018-02-05,1.231974223859145,35.681954832217826,0.3942229953209022,-0.212426932215223,29.097310740545304,0.1596371789451076,-0.2169467662368589,-0.019949112452674278,0.008949736564535736,-0.04062487252828495,31.791135375749064,0,1.0
2018-02-06,1.1833015736684707,37.21871090130169,0.7086468447409544,0.3144238494200522,30.33350127853116,0.5243591413133935,0.3647219623682858,-0.03950784784945238,0.012230710443012438,-0.08765330056384979,23.855060571859767,0,1.0
2018-02-07,1.1889001885494714,45.15621943806802,3.0412864936832804,2.332639648942326,35.04035893830398,1.9141533763294376,1.3897942350160442,0.004731350828550029,0.012288529967584299,-0.07759734557985365,27.127017306760038,0,1.0
2018-02-08,1.199984837502956,43.36789515420004,2.561980107327408,-0.4793063863558728,34.63278500551337,1.845158088322684,-0.0689952880067537,0.009323447889270309,0.01262059823622832,-0.05999089277785885,28.29553575375762,0,1.0
2018-02-09,1.176733887879371,43.14805589476595,1.9764483311547492,-0.5855317761726582,34.637749568143775,1.4347494298708767,-0.4104086584518072,-0.01937603617723027,0.01313868036845684,-0.07380147578893481,24.86453329199874,0,1.0
2018-02-13,1.1645337947902519,44.27717355298361,-0.2930152950281339,-2.2694636261828838,35.230446603939384,0.0633625552117962,-1.3713868746590805,-0.010367758772635738,0.013066149984484129,-0.0832606125331482,18.90992709171526,0,1.0
2018-02-14,1.154488663994606,44.49476066331276,0.3756218363709109,0.6686371313990449,35.344146972812254,0.2371206557662972,0.173758100554501,-0.008625881739615093,0.012754745660328356,-0.08001648794775085,18.736203427258317,0,1.0
2018-02-15,1.1680357112102082,44.349685018259294,0.4005430411644468,0.0249212047935358,35.46937527876325,0.2772085702064899,0.0400879144401926,0.011734240134267493,0.013281161458720317,-0.057867369247244005,24.898753068294255,0,1.0
2018-02-16,1.1772437495432175,43.988798510485694,-0.0961250141659775,-0.4966680553304243,35.438196532545845,0.0692499762021583,-0.2079585940043316,0.007883353432292628,0.013562152636602312,-0.06817634631827452,28.740680480287452,0,1.0
2018-02-19,1.2012047639584331,44.30192272653738,-0.0642793122584635,0.031845701907514,35.78405931047564,0.1466374458877908,0.0773874696856324,0.02035348620412103,0.014453498748714457,-0.044426602241853685,35.78813852724808,0,1.0
2018-02-20,1.1898545664158604,45.60335531831719,0.4178901000192994,0.4821694122777629,36.92388224045909,0.4848356538986209,0.3381982080108301,-0.009449011428467435,0.014485885567661925,-0.03418874894260793,36.39419547325549,0,1.0
2018-02-21,1.1882156003798603,45.982768411165566,0.6646566335599573,0.2467665335406579,37.10571646476987,0.5558399774080058,0.0710043235093849,-0.001377450725711049,0.014138452743166531,0.004152810087250325,38.56988658130736,0,1.0
2018-02-22,1.1791662029413466,46.04183115709263,0.5799694768517583,-0.084687156708199,37.16085683936908,0.4589325096311469,-0.0969074677768588,-0.007615955753838555,0.014151987839561855,-0.00818738671410335,30.045861263350687,0,1.0
2018-02-23,1.1883974591148907,46.76667799976225,0.3877742271483413,-0.1921952497034169,37.38930311488403,0.1551402914749715,-0.3037922181561754,0.007828630222370236,0.014346988773916942,-0.009656270667700695,33.953018209097124,0,1.0
2018-02-26,1.1997618518479232,47.02685176178184,0.3480277835387682,-0.0397464436095731,37.599650587737024,0.164644707655718,0.0095044161807464,0.009562787807958273,0.014634032345080952,0.019569389651938662,41.955048384489814,0,1.0
2018-02-27,1.2117233457631627,47.27559639755447,0.4112550801539356,0.0632272966151674,37.758007519151874,0.1990502265942666,0.0344055189385485,0.009969890188470165,0.01490150281849961,0.04052226838243911,58.692139069819184,0,1.0
2018-02-28,1.1929324628483338,47.9163284078771,0.3832168027049576,-0.028038277448978,37.85147174570157,0.1540562102725147,-0.0449940163217519,-0.015507568605104383,0.015038144805157404,0.03329941648860357,51.1411009203944,0,1.0
2018-03-01,1.1732348573773668,47.81120223219547,0.2614501568045497,-0.1217666459004078,38.15609990805949,0.1854831067741571,0.0314268965016424,-0.0165119200662337,0.015220470942757351,0.004451187679674451,42.78184286327694,0,1.0
2018-03-02,1.1506814683256337,48.28429822907698,0.3362339438408313,0.0747837870362815,38.694260135364345,0.3120842054041546,0.1266010986299974,-0.019223251772580885,0.01474945160448042,-0.02256311084929552,42.94350648068778,0,1.0
2018-03-05,1.1439484938178575,49.19763907559616,0.4271035559063492,0.0908696120655179,39.30417248349538,0.484233579264604,0.1721493738604493,-0.00585129307554888,0.014752017746706975,-0.04766570351577204,44.254146243504714,0,1.0
2018-03-06,1.1561427320971343,48.75740343025015,0.3154003993515601,-0.111703156554789,38.9674684916368,0.2704561945257708,-0.2137773847388331,0.0106597791291978,0.014663174704696202,-0.028332735168025258,50.45621688689353,0,1.0
2018-03-07,1.1461866396743188,49.36054507519097,0.3587489487046653,0.0433485493531051,39.14753273107358,0.1510908652364122,-0.1193653292893586,-0.008611473433523309,0.012009481130740775,-0.035371493769401186,43.85191091009047,0,1.0
2018-03-08,1.1514429141641225,49.657012799755805,0.1531245747198895,-0.2056243739847758,39.25636761200053,-0.0159349571649585,-0.1670258224013707,0.0045858800895612895,0.012005536885821294,-0.023510925523535398,42.57479384683806,0,1.0
2018-03-09,1.1560280721292224,49.8248437889378,0.3558134528958732,0.2026888781759837,38.94665864258026,-0.0069366163521706,0.0089983408127878,0.003982097513213212,0.011809176151390212,-0.027237846006315736,35.36667104411072,0,1.0
2018-03-12,1.1738471883203954,49.777655467492366,0.1390367974338033,-0.2167766554620698,38.85196647356127,-0.0985220858374376,-0.0915854694852669,0.015414086059651666,0.011644782565161322,-0.021599839574506396,45.02354818151326,0,1.0
2018-03-13,1.1799563474414203,49.8656422356089,0.0695431452843564,-0.0694936521494469,39.23596026004868,-0.0068024506506247,0.0917196351868128,0.0052043904707614885,0.011437948648107349,-0.026216378872963797,47.5017599954452,0,1.0
2018-03-14,1.1740834211982247,49.95389023503428,0.0430154820321746,-0.0265276632521818,39.22970221117816,0.094347856199306,0.1011503068499308,-0.004977240264803173,0.01130941008159016,-0.015800594113352995,48.432449340484126,0,1.0
2018-03-15,1.1747070467014156,50.51821190324678,0.2468521452514664,0.2038366632192918,39.23388905641372,0.1273075276174822,0.0329596714181761,0.000531159449091323,0.011018386767080012,0.0012548121246072075,45.541085648222115,0,1.0
2018-03-16,1.1693806568289964,50.53020456114309,0.2215207751780639,-0.0253313700734025,39.19072047931183,-0.0150799269122785,-0.1423874545297607,-0.004534228246417471,0.01092052810898092,0.0162505341557051,39.69984612299935,0,1.0
2018-03-19,1.158416989793292,50.64215245957594,0.2294207415138771,0.0078999663358132,39.24847881994664,0.0062588695894945,0.021338796501773,-0.009375618599194557,0.00994404551654453,0.01264785613480468,31.804406594460986,0,1.0
2018-03-20,1.1564568584905413,50.69075554219445,0.0575145463159003,-0.1719061951979767,39.3736402946637,0.0465837460833213,0.0403248764938268,-0.00169207748161615,0.009778458351246381,0.00027170208719584643,35.93312993821749,0,1.0
2018-03-22,1.1632016884365233,50.31845035670963,-0.0705847348111561,-0.1280992811270564,39.22996192731792,0.0130804826687054,-0.0335032634146159,0.0058323230101169354,0.009910445191307212,0.014844919817804891,45.701223948135755,0,1.0
2018-03-23,1.1217639246395157,50.12130617851187,-0.1736154270213532,-0.1030306922101971,39.03351274991253,-0.0716553566780362,-0.0847358393467416,-0.035623885529864285,0.012525802370071828,-0.02577547628242771,39.33580056887431,0,1.0
2018-03-26,1.1271293790332828,53.23530056496468,0.8481816742567361,1.021797101278089,41.52759807341573,0.7179859262506696,0.7896412829287058,0.004783051296190832,0.01241269203812999,-0.024998262406130678,43.7342560374083,0,1.0
2018-03-27,1.1564741659619078,52.97177597937095,0.8844418742204425,0.0362601999637064,41.3577693160001,0.7092691295607239,-0.0087167966899457,0.026034976529307974,0.013735986587464366,-0.014800071535159387,50.109481400322935,0,1.0
2018-03-28,1.1432379530464591,52.53810667865737,0.8056001667151591,-0.0788417075052834,42.35010661318189,1.105531287756456,0.3962621581957322,-0.011445316553560292,0.013608768004978474,-0.031118434571397624,49.046630290001836,0,1.0
2018-03-29,1.144221681320477,52.1373683481724,-0.3659774055974196,-1.1715775723125788,42.50876893822661,0.3270569549369639,-0.7784743328194921,0.0008604755216501392,0.01329389989624021,-0.02543408699807026,47.59889233131185,0,1.0
2018-03-30,1.1517580331921955,51.66533366685248,-0.4354807708394972,-0.0695033652420775,42.28378562379756,0.3086721025991465,-0.0183848523378173,0.0065864438637635025,0.012965917617051346,-0.01953594606728637,48.60751254093176,0,1.0
2018-04-02,1.1467268543356994,52.19486225478828,-0.1144148079563578,0.3210659628831394,42.39232583813033,0.0140730749828179,-0.2945990276163286,-0.004368260269521862,0.012264079398959083,-0.01937247923591212,40.35112205432062,0,1.0
2018-04-03,1.142069203590651,52.489785677602185,0.1174724431432636,0.2318872510996215,42.22773696682667,-0.0936773237999801,-0.1077503987827981,-0.004061691524392397,0.012226381241867586,-0.014112177520426594,36.3798302468633,0,1.0
2018-04-04,1.1401808842235754,52.66029513475951,0.3316538226356798,0.2141813794924161,42.04904613912059,-0.0782464948923262,0.0154308289076539,-0.001653419390995503,0.011968073397906159,-0.01407400038096529,37.45280748089342,0,1.0
2018-04-05,1.1536306006062658,52.380577001674936,0.0619049156288795,-0.2697489070068002,41.88732980760795,-0.1683320101741259,-0.0900855152817996,0.011796125131363855,0.01212043887855436,-0.008228227250187459,42.87602578037999,0,1.0
2018-04-06,1.1483718108674716,52.94564487047492,0.1519530642909146,0.090048148662035,42.10097531481321,-0.0422538840044879,0.1260781261696379,-0.004558469354081329,0.012126459119349908,0.023719684368087135,42.89562846452305,0,1.0
2018-04-09,1.1525434149005223,53.01624143785311,0.11864876769787,-0.0333042965930445,42.05490405895221,0.0019526399438731,0.0442065239483611,0.003632624898637582,0.012120573527687572,0.022547576471688258,47.91815416122819,0,1.0
2018-04-10,1.1591945120824305,53.15099186044765,0.2568049529242415,0.1381561852263715,41.49335769710416,-0.1313240368345987,-0.1332766767784718,0.005770799690424155,0.01165458848835419,0.002352275736535958,50.939112527416526,0,1.0
2018-04-11,1.1583311263561626,52.94532235785319,-0.00010750420725,-0.2569124571314916,41.47323749533042,-0.2092459398275963,-0.0779219029929976,-0.0007448152292550692,0.01157529383948982,0.013202127579375444,48.258971989419486,0,1.0
2018-04-12,1.1537945946218984,52.3833542812561,-0.2109623855323406,-0.2108548813250905,41.38498037601986,-0.2233078943107784,-0.0140619544831821,-0.003916437736189549,0.01155785389887213,0.008366310005919253,65.55267281293791,0,1.0
2018-04-13,1.162071581826087,51.95879835174351,-0.3973978362347168,-0.1864354507023762,41.37994930151545,-0.0378027985295688,0.1855050957812096,0.007173709465072564,0.011692991091887853,0.00895461402192832,66.49986319110695,0,1.0
2018-04-16,1.1649360505968445,52.18562305658361,-0.2532331004231878,0.144164735811529,41.40988230328878,-0.0211183973472088,0.0166844011823599,0.0024649675764862877,0.011669830635512838,0.015879279527027057,55.32823854940176,0,1.0
2018-04-17,1.1616947134996716,52.17106846604453,-0.0707619384038551,0.1824711620193326,41.41690619158312,0.0106419385210827,0.0317603358682916,-0.0027824163356540144,0.011486448214069548,0.017184168741542383,63.295242374839965,0,1.0
2018-04-18,1.1733333432998967,52.32530778197537,0.1221698100772812,0.1929317484811363,41.42904600404962,0.0163655675113929,0.0057236289903102,0.010018664684427359,0.01168151175473236,0.029076490875302508,68.17977939545,0,1.0
2018-04-19,1.1729038645304442,52.70067095696624,0.1716826334608754,0.0495128233835941,41.546649275800505,0.0455889908372384,0.0292234233258454,-0.0003660330390379274,0.01162276959868484,0.016706616410876896,64.49155039114257,0,1.0
2018-04-20,1.1728110091671589,52.090177953912814,-0.0269635040438984,-0.1986461375047739,41.4516856321458,0.0115931468542243,-0.0339958439830141,-7.916707080035668e-05,0.007948298623550896,0.02128160763649012,69.17364609338364,0,1.0
2018-04-23,1.1735827971949364,52.28512313922691,-0.0133948809161523,0.013568623127746,41.351810579795824,-0.0257451414179357,-0.03733828827216,0.0006580668340805396,0.007932812748510104,0.018254741663011442,74.56817565489156,0,1.0
2018-04-24,1.1874356028036581,52.219687969519285,-0.1603276624823166,-0.1469327815661643,41.17143596002617,-0.1250711052581081,-0.0993259638401724,0.011803858783404397,0.006093235725523615,0.024362684973804782,81.04799232041785,0,1.0
2018-04-25,1.1859571017157498,53.0875431425717,0.3324550628862894,0.4927827253686061,41.373628087434696,-0.0260191815703692,0.0990519236877389,-0.0012451210696542425,0.005348141530427067,0.02384980834149908,75.20456740679414,0,1.0
2018-04-26,1.188168469452891,52.275562936584784,-0.0031867342140401,-0.3356417971003296,41.26911141180025,-0.0275663893318522,-0.001547207761483,0.0018646270880640081,0.0053430791026581725,0.029792022766631954,82.57704035823899,0,1.0
2018-04-27,1.1922252613084878,46.914974068211706,-1.7682379671025217,-1.7650512328884815,41.20556979249642,0.0113779441567487,0.038944333488601,0.003414323776379069,0.0052427735205852945,0.02594821175733175,82.54422916704674,0,1.0
2018-05-01,1.189975952296225,45.99782041201292,-2.3632409101862564,-0.5950029430837347,40.72939884327562,-0.2147430813863593,-0.2261210255431081,-0.0018866476707549706,0.0051184659268234305,0.021494657742415546,77.20927693336928,0,1.0
2018-05-02,1.186778999559854,45.16212492884402,-2.371146002580261,-0.0079050923940044,40.31674281429676,-0.3174561991678359,-0.1027131177814766,-0.00268656919511856,0.005043345010365092,0.02159283826351821,74.15019821011714,0,1.0
2018-05-07,1.1870726622960648,43.83485437670753,-1.026706563834722,1.344439438745539,40.30776259871576,-0.2992690645935525,0.0181871345742834,0.0002474451741389938,0.004989809227619761,0.01170964677226971,80.44378991829355,0,1.0
2018-05-08,1.1914228779998668,43.48264020068869,-0.8383934037747451,0.1883131600599767,40.24073498153447,-0.1628879539137173,0.1363811106798351,0.0036646583161874524,0.004454672039595917,0.01578902928829251,78.92998058862504,0,1.0
2018-05-09,1.1881174114153208,42.91340328850682,-0.7495738801124006,0.0888195236623445,40.06423932619781,-0.084167829366315,0.0787201245474022,-0.0027743856909102638,0.004340794099832349,0.01305103902378213,72.65169084056677,0,1.0
2018-05-10,1.1923936578505017,42.84852111220715,-0.3287777548334603,0.4207961252789403,39.860949549557546,-0.1489376830527362,-0.0647698536864211,0.0035991783253870313,0.004340021433234962,0.01602857565782867,79.40282576929374,0,1.0
2018-05-11,1.204792747413251,42.3477903554346,-0.378283281751365,-0.0495055269179047,39.792958986592055,-0.1492586649808061,-0.0003209819280698,0.01039848667519827,0.004678109523285783,0.014617335515804575,79.69855806151007,0,1.0
2018-05-14,1.2108010911183291,40.45093737337261,-0.8208219717114034,-0.4425386899600383,39.65071339042997,-0.1378419785892788,0.0114166863915272,0.004987035087967051,0.0046804623123133104,0.020948472222677372,82.36678180276019,0,1.0
2018-05-15,1.2093289919816295,39.61794906413289,-1.076857349358086,-0.2560353776466826,39.42293860847714,-0.1460036470268022,-0.0081616684375234,-0.0012158059217968198,0.004530419461482878,0.017809362117210625,80.47093957901541,0,1.0
2018-05-16,1.2042949278693533,39.54497801232596,-0.9342707810362184,0.1425865683218674,39.22717531177217,-0.1885945582732944,-0.0425909112464921,-0.004162691993373269,0.004605397665727315,0.010123646052943691,73.92472607384683,0,1.0
2018-05-17,1.2086882571539643,39.07705122352208,-0.4579620499501757,0.4763087310860427,39.06481901688555,-0.1952981245148066,-0.0067035662415122,0.003648050974011552,0.004622008925675733,0.01572494370296429,69.41752726933429,0,1.0
2018-05-18,1.213267705830822,38.87173152026362,-0.2487391812897499,0.2092228686604258,39.07931434167459,-0.1145414222675142,0.0807567022472923,0.0037887756828554053,0.004507114501559502,0.022319830634677462,73.61430948740013,0,1.0
2018-05-21,1.211128752938897,38.43491974324927,-0.3700194230255604,-0.1212802417358105,39.06429102191021,-0.0542947632873236,0.0602466589801906,-0.0017629686190817617,0.004187826710248115,0.020265053190848814,69.87766600139764,0,1.0
2018-05-22,1.2092954386288708,37.77638618309469,-0.4335550134758108,-0.0635355904502503,38.88772276347983,-0.0590320844685763,-0.0047373211812526,-0.001513723710693471,0.004223817498180733,0.015001021852969698,65.37009291437846,0,1.0
2018-05-23,1.1995543511877818,36.87253860562363,-0.6663976382133185,-0.2328426247375077,38.88476113335351,-0.0648510694403583,-0.005818984971782,-0.008055175873427411,0.004730611287254696,0.00962610232168637,57.59921721905639,0,1.0
2018-05-24,1.1836404805312013,35.934693715780966,-0.8334086758227741,-0.1670110376094555,39.17339484559167,0.0363679412271551,0.1012190106675134,-0.013266485708482323,0.005725175667272129,-0.00734084524994838,47.92807463522704,0,1.0
2018-05-25,1.1802147000189125,34.47857885019822,-1.09926911096548,-0.2658604351427058,39.41444051568208,0.1755725840674173,0.1392046428402622,-0.0028942745442023243,0.005099134694843684,-0.02040022854313217,45.65243536406874,0,1.0
2018-05-28,1.1790922781443267,34.35643666011799,-0.8387006485018844,0.2605684624635955,39.40160056134444,0.1722798093303055,-0.0032927747371118,-0.0009510319389919308,0.005096666652644484,-0.0261882923682496,41.84953275540819,0,1.0
2018-05-29,1.17409855263379,33.937455756566635,-0.6657459864047723,0.172954662097112,39.58678944619386,0.1377982002007343,-0.0344816091295712,-0.004235228745960384,0.005144001745245226,-0.029132220910465634,40.93589993066634,0,1.0
2018-05-30,1.1578546524692108,33.81626449973149,-0.2207714501555813,0.444974536249191,39.40559114728444,-0.0029497894658803,-0.1407479896666146,-0.013835210109185536,0.00583782851228739,-0.038562211236997324,30.66112727887777,0,1.0
2018-05-31,1.1659404298785743,35.04439571553576,0.2293196851392522,0.4500911352948336,39.96485125342251,0.1877502306926928,0.1907000201585731,0.006983413153041296,0.0061320539053973,-0.03536712384055596,27.141961824683406,0,1.0
2018-06-01,1.1680462767139146,35.14958059025402,0.4040416112291254,0.1747219260898731,40.05482478605646,0.1560117799541984,-0.0317384507384943,0.0018061358722758492,0.006149354617754878,-0.03727242462613867,23.63535629740707,0,1.0
2018-06-04,1.184455978020097,33.91346649656252,0.0324006656103463,-0.371640945618779,40.07082749307307,0.2217454485962093,0.0657336686420109,0.01404884518132965,0.006987636438343463,-0.022023071332487598,37.04816825590238,0,1.0
2018-06-05,1.1847154826915458,34.82801440391454,-0.0721271038737469,-0.1045277694840933,40.15804191547383,0.0643968873504405,-0.1573485612457688,0.00021909186686919213,0.006932526403709229,-0.020325848549626824,39.271144365066725,0,1.0
2018-06-06,1.187860522217888,34.62391233802457,-0.1752227507431385,-0.1030956468693915,40.16040877000075,0.0351946613147617,-0.0292022260356787,0.0026546791801833614,0.006935156338432616,-0.009748477806207578,38.428826809591776,0,1.0
2018-06-07,1.1957350760903334,34.57685347847831,0.2211289939719236,0.3963517447150622,39.59059608848841,-0.1600771348615524,-0.1952717961763141,0.006629190654255046,0.007049790809425296,0.010218132750667852,40.60350717567662,0,1.0
2018-06-08,1.1889552396765883,34.42904983273458,-0.1329881903933198,-0.3541171843652435,39.49143075170642,-0.2222037212558092,-0.0621265863942568,-0.0056700154986779605,0.0067303646200105255,0.0074058895025927995,38.67940059644458,0,1.0
2018-06-11,1.192985165102114,34.09267237217297,-0.1770799886171943,-0.0440917982238744,39.56158202970427,-0.1996089134321508,0.0225948078236584,0.003389467736919949,0.006669270621769799,0.01178269692313827,41.85553018068867,0,1.0
2018-06-12,1.1960649982466,33.878857975480656,-0.2326651676658855,-0.0555851790486912,39.49337752513301,-0.0324061877851349,0.1672027256470158,0.002581618979497158,0.006708345829032758,0.01870920082776184,48.133431318131166,0,1.0
2018-06-13,1.2007428549495809,33.978993225230184,-0.1500188691681359,0.0826462984977496,39.42682025676966,-0.0215368316455908,0.010869356139544,0.003911038873170236,0.0067211422194104874,0.03704109353355167,60.398640531523135,0,1.0
2018-06-14,1.1889615578152564,26.35659185373637,-2.578693506145534,-2.428674636977398,39.47177219984167,-0.0299366099541984,-0.0083997783086076,-0.009811673736604631,0.006991749964965885,0.019744686217870955,54.82775864342761,0,1.0
2018-06-15,1.195715346455545,26.948033496810822,-2.3102748262232744,0.2684186799222594,39.57955346544834,0.0287253134384499,0.0586619233926484,0.0056804095943177035,0.007069443516047028,0.023688333496060032,58.63799986644084,0,1.0
2018-06-18,1.1851312054768721,22.541517950328377,-3.8124917583006015,-1.502216932077328,39.42113401977094,-0.0018954123329137,-0.0306207257713637,-0.00885172295400194,0.007299266798193528,0.0005700739152028067,55.4182026509383,0,1.0
2018-06-19,1.1678609198168368,22.72411603236717,-1.2108252737897338,2.601666484510869,39.6154143269102,0.0478807090228414,0.0497761213557552,-0.014572467234196362,0.007901319852682965,-0.014226675620392149,54.86509214662061,0,1.0
2018-06-20,1.174898969855132,24.142879426025104,-0.9350513569285716,0.2757739168611621,39.98820116918528,0.1362159012456416,0.0883351922228001,0.0060264453745049185,0.007933667284675516,-0.010911678703283356,54.400515703532236,0,1.0
2018-06-21,1.175474759612677,23.76563088497033,0.4080376448806504,1.343089001809222,40.15749987532153,0.2454552851835387,0.1092393839378971,0.0004900759744610461,0.007392837939458453,-0.016943817140416373,53.70462412392836,0,1.0
2018-06-22,1.1686165635093833,23.363438634305503,0.2131075339794463,-0.194930110901204,40.11145223376944,0.1653459689530763,-0.0801093162304624,-0.005834405245378038,0.0074754904929690315,-0.017106343021573656,41.26901850671039,0,1.0
2018-06-25,1.1582219736640427,23.394245596126545,-0.2495446099661862,-0.4626521439456326,40.08786777051261,0.0332222004424522,-0.132123768510624,-0.008894782232185205,0.007709915711310722,-0.02913966783073596,36.86400598661293,0,1.0
2018-06-26,1.158476148949586,23.895956036430768,0.0434417171534775,0.2929863271196637,40.2471464833377,0.0298822026720486,-0.0033399977704036,0.0002194529989267835,0.007671656486929774,-0.03142709581178138,35.00067503887003,0,1.0
2018-06-27,1.1554860979320065,22.979061884607205,-0.1281255832327659,-0.1715673003862434,39.89190499607152,-0.073182412565977,-0.1030646152380256,-0.002581020783458232,0.007039689476405473,-0.037690631954228615,28.37653239092336,0,1.0
2018-06-28,1.1532823347016394,22.72857517724768,-0.2218901396262929,-0.0937645563935269,39.63674005817119,-0.150375904113801,-0.077193491547824,-0.0019072174336940417,0.006848369852330304,-0.030008727262114565,29.843935840799787,0,1.0
2018-06-29,1.1559953887692513,22.673169802680956,-0.4075954112499396,-0.1857052716236467,39.41037375507472,-0.2789242427543286,-0.1285483386405275,0.0023524630404694324,0.0068592315342075405,-0.03321857313618615,28.78415210068286,0,1.0
2018-07-02,1.1357231225492763,22.414527846265894,-0.1881780127804297,0.2194173984695098,39.37246279428324,-0.1731474005960933,0.1057768421582352,-0.017536632426845777,0.00696940282723085,-0.04168996875558184,21.091580892471043,0,1.0
2018-07-03,1.1368949092976368,24.49895562654068,0.5901268164309954,0.7783048292114252,39.882950658448834,0.082070200092545,0.2552176006886384,0.001031753888861786,0.0069858332913394685,-0.026515152612570203,18.348619851515267,0,1.0
2018-07-04,1.1342457681371751,24.38101932502679,0.5692831741152808,-0.0208436423157145,39.93355310272588,0.1743931158837171,0.092322915791172,-0.00233015482679777,0.006898094264073516,-0.03460144468674564,20.175330210611705,0,1.0
2018-07-05,1.125156054814813,23.758590483088582,0.4480208789408948,-0.121262295174386,39.840589654756016,0.1560422868242739,-0.0183508290594431,-0.008013883390802223,0.006675795525979059,-0.04280713336153996,12.494397988750165,0,1.0
2018-07-06,1.1345888365864885,24.018882549184887,-0.1600243591185943,-0.6080452380594892,39.91543673143502,0.010828690995396,-0.1452135958288778,0.00838353198323949,0.0071074121770278945,-0.02911795706601039,22.801427976436187,0,1.0
2018-07-09,1.1464894785353739,24.224783214240816,-0.052078703595324,0.1079456555232702,39.63256880727177,-0.1003280984847094,-0.1111567894801055,0.010488946801811894,0.007569495187909751,-0.01012974662495214,37.793885843016454,0,1.0
2018-07-10,1.1524056557147035,24.1485063513224,0.1299719560779344,0.1820506596732585,39.76945055846412,-0.0237130320973051,0.0766150663874043,0.00516025422831401,0.007672160697980438,-0.00524006751488737,36.986368682477064,0,1.0
2018-07-11,1.1425167384988633,24.41472942840769,0.1319489597409315,0.0019770036629971,39.912972070952094,-0.0008215534943118,0.0228914786029932,-0.008581107847572378,0.00768870393745598,-0.011224158781619864,32.78689440286989,0,1.0
2018-07-12,1.1490043281447024,25.09886976910734,0.2913621849555099,0.1594132252145783,40.05121722723524,0.1395494733211606,0.1403710268154725,0.0056783322530251645,0.007688721519960573,-0.003709418264907116,39.7172402769637,0,1.0
2018-07-13,1.1635698849191933,25.309360203079365,0.3869512839189895,0.0955890989634795,39.995016224434224,0.075188555323379,-0.0643609179977815,0.012676677030459826,0.00818438083865554,0.0065523584466944396,52.686430994343546,0,1.0
2018-07-17,1.1719930954620303,25.015469693969848,0.2002467551873863,-0.1867045287316031,40.188115067142775,0.0917143320635602,0.0165257767401811,0.007239110131680659,0.008196912086633151,0.031935576719915204,56.2750059567156,0,1.0
2018-07-18,1.175520165527669,25.663823375024464,0.1883178686390429,-0.0119288865483433,40.1672332934761,0.0386720220802843,-0.0530423099832759,0.0030094631779791214,0.00752648308235386,0.03397434179197312,59.25432304182937,0,1.0
2018-07-19,1.1757481565380554,25.85790639969449,0.1828487322050449,-0.005469136433998,40.17827482857551,0.0610862013804194,0.0224141793001351,0.00019394904236635924,0.007407171170022759,0.03659029600704766,60.57056982918487,0,1.0
2018-07-20,1.174261633573799,26.55279520967558,0.5124418385685772,0.3295931063635322,39.98768806750786,-0.0668089998783045,-0.127895201258724,-0.0012643208972858977,0.007412224383760087,0.04364334933705538,58.69495190277817,0,1.0
2018-07-23,1.1687456685216748,27.476555088479508,0.6042439044850134,0.0918020659164362,39.944272426568666,-0.0743202889691403,-0.0075112890908357,-0.004697390167927584,0.007369563390823812,0.030105030856772963,68.28833891781464,0,1.0
2018-07-24,1.1743677732882378,27.16558867204099,0.4358940907821633,-0.16834981370285,38.2585064349492,-0.6399227978754425,-0.5656025089063021,0.004810374847142196,0.00712914669844157,0.024316223807372417,69.77806694826475,0,1.0
2018-07-25,1.1773748182135537,27.404061822028098,0.2837555374508405,-0.1521385533313228,38.10150550246732,-0.628727521680176,0.0111952761952665,0.0025605649215800774,0.0071397655695665035,0.02166699059053534,72.677708627618,0,1.0
2018-07-26,1.1830744729345364,27.85104834557268,0.1248310856977248,-0.1589244517531156,38.07104481040256,-0.6244092053887016,0.0043183162914743,0.004840985753059357,0.007145822242239168,0.03549859102192365,81.5799575501678,0,1.0
2018-07-27,1.189443334589285,28.44041662874011,0.4249426522330388,0.300111566535314,38.26933160666995,0.0036083905735821,0.6280175959622838,0.005383314237987991,0.0071646452499648,0.03519482516648087,80.94323313250852,0,1.0
2018-07-30,1.1854238248734956,28.39141113837887,0.3291164387835898,-0.0958262134494489,38.29251891701435,0.0636711381823431,0.0600627476087609,-0.0033793200557782344,0.007245846910966483,0.01878180265538587,74.1061106120457,0,1.0
2018-07-31,1.1782495580150572,28.16090812920769,0.1032865945450076,-0.2258298442385822,38.26746879775651,0.0654746624513151,0.001803524268972,-0.0060520690641628905,0.006028790316134526,0.005338310078149666,65.75573591531594,0,1.0
2018-08-01,1.1899638036561078,27.80799166898169,-0.2108083199194759,-0.3140949144644835,37.97633858696315,-0.0976643399022663,-0.1631390023535814,0.009942075141352147,0.006288245252668136,0.012287018591429444,78.29633512162535,0,1.0
2018-08-02,1.1786443644447013,27.647723151283103,-0.2478959956985882,-0.0370876757791123,37.75590913274446,-0.1788699280899592,-0.0812055881876929,-0.009512423131382675,0.0067545295870742855,0.002463289345206121,66.71340568902829,0,1.0
2018-08-03,1.1739659608389756,28.01622089115942,-0.0482290793494257,0.1996669163491624,37.8094493052426,-0.1526731641713041,0.0261967639186551,-0.003969308933937765,0.006496334239060239,-0.00025179459702129314,56.5978101870054,0,1.0
2018-08-06,1.1692880551501805,27.57638339316393,-0.0772027586059209,-0.0289736792564951,37.59053804035331,-0.1286001822032787,0.0240729819680254,-0.003984703002335777,0.006459853852313925,0.00046407584054763973,48.197576712902546,0,1.0
2018-08-07,1.1804182514614794,27.339770244397933,-0.1026509689617221,-0.0254482103558011,37.51202440836529,-0.0812949081263951,0.0473052740768835,0.00951878047695387,0.006392305645894377,0.005152115300558924,52.96343220650645,0,1.0
2018-08-08,1.1830138622596877,27.97471667534326,-0.0138347386053858,0.0888162303563362,37.63219782528888,-0.0590838266512321,0.022211081475163,0.0021988907702796823,0.0063365937299034916,0.004789506246354325,54.273455260935606,0,1.0
2018-08-09,1.1791646021075304,27.8382006013476,0.0872724027278906,0.1011071413332764,37.306543470507805,-0.0946648566151679,-0.0355810299639358,-0.0032537743427661914,0.0060011032326297,-0.0033048391428037727,52.80578572637891,0,1.0
2018-08-10,1.1653031444241388,27.49963227716341,0.0532873442551569,-0.0339850584727337,37.269078358703695,-0.0809820165538681,0.0136828400612998,-0.011755320384123524,0.0066121131036547005,-0.020295367978569345,48.20173558067014,0,1.0
2018-08-13,1.142919358702468,27.48456824805418,-0.1633828090963547,-0.2166701533515116,37.34816074702479,-0.0946790260880305,-0.0136970095341624,-0.019208551722163514,0.007378378719382914,-0.03585592366136525,36.020397187458784,0,1.0
2018-08-14,1.161483235027911,29.56413052666317,0.5753099751051884,0.7386927842015432,37.8260893641972,0.1731819645631347,0.2678609906511653,0.01624250756109169,0.008134972799808168,-0.014229857225995235,43.79411870769612,0,1.0
2018-08-15,1.1542302661055723,31.264772338653835,1.2550466871634711,0.6797367120582827,38.31308934273272,0.3480036613430073,0.1748216967798725,-0.006244574784727175,0.008192687413054301,-0.030029096213469497,38.870956882685626,0,1.0
2018-08-16,1.1502963844478142,31.27269250632179,1.262708086089205,0.0076613989257339,38.10866336235361,0.253500871776275,-0.0945027895667323,-0.0034082295130166695,0.00820738206793276,-0.024051343095542466,34.6065789147667,0,1.0
2018-08-17,1.1561634147434474,29.87683156214537,0.1042336784940651,-1.15847440759514,38.09579284523116,0.0899011603446524,-0.1635997114316225,0.0051004509576455526,0.00832170864700486,-0.01516444827991914,38.65896050652592,0,1.0
2018-08-20,1.1543836422995448,29.988513594676668,-0.4254195813257233,-0.5296532598197885,38.03808267996504,-0.091668887589229,-0.1815700479338815,-0.0015393779298037424,0.00827255024502257,-0.012746570688880743,40.34611526849824,0,1.0
2018-08-21,1.1491627319905646,30.158745262899664,-0.3713157478073725,0.0541038335183508,38.2238654642904,0.0384007006455959,0.130069588234825,-0.004522682163600411,0.008215189962497278,-0.026478343106112745,32.58069155835301,0,1.0
2018-08-22,1.1570419524019553,28.800794740112387,-0.3586789406776596,0.0126368071297129,37.5976733455288,-0.1660398332341159,-0.2044405338797119,0.006856487938607492,0.00836933491863213,-0.021954019886227916,40.49810916741157,0,1.0
2018-08-23,1.1555124778678467,29.096511130527524,-0.2973341547163848,0.0613447859612747,34.45456465829815,-1.1945060072223015,-1.0284661739881855,-0.0013218833862794765,0.008262030774180845,-0.02005837369728536,41.65192294727892,0,1.0
2018-08-24,1.162963756320216,29.07367327606594,-0.3616906622779083,-0.0643565075615235,34.59082780046333,-1.2110125546090271,-0.0165065473867258,0.006448462128352261,0.00830962658436582,-0.0020075360777292994,47.20901586282496,0,1.0
2018-08-27,1.1752463001789877,29.11066014835078,0.1032884694128029,0.4649791316907112,34.59290954886249,-1.001587932222094,0.2094246223869333,0.010561415858423073,0.008683945893888255,0.028284534014035634,47.74054047213371,0,1.0
2018-08-28,1.1785550682033519,29.580274947582616,0.1612546056850305,0.0579661362722276,34.16798724025787,-0.095525806013434,0.90606212620866,0.0028153826341426047,0.008605944532984269,0.014698303566155868,48.06415841833225,0,1.0
2018-08-29,1.1816975420155256,29.806997969594065,0.2444415645093727,0.0831869588243421,34.032676169103866,-0.1860505437864859,-0.0905247377730518,0.0026663784297871196,0.008314547733360583,0.023797050481641824,51.10649856126694,0,1.0
2018-08-30,1.17933300566714,29.95616835520262,0.2818360689506107,0.037394504441238,33.95655439412589,-0.2121183849122019,-0.026067841125716,-0.002000965783810038,0.008042453910751347,0.025242730144948267,56.81322369523495,0,1.0
2018-08-31,1.176476522036918,29.986840004431546,0.135521685616311,-0.1463143833342997,34.012290764384204,-0.051898825291218,0.1602195596209839,-0.002422117939967383,0.008009028515207335,0.017569408471533432,70.1101933535949,0,1.0
2018-09-03,1.1672508486069777,29.55258603320429,-0.0848039787965895,-0.2203256644129005,33.816265162818496,-0.0721370020951255,-0.0202381768039074,-0.00784178286360293,0.008158551989759429,0.01114638655291511,53.89203881737544,0,1.0
2018-09-04,1.1648925529222753,30.04983106231832,0.0312209023718992,0.1160248811684887,33.05199403313331,-0.3015201203308564,-0.2293831182357308,-0.0020203846392716773,0.00784794028491525,0.013688070883106196,57.703926289234765,0,1.0
2018-09-05,1.1551354017310425,29.59006539318129,-0.1322582037500836,-0.1634791061219829,32.94971293526987,-0.354192609704782,-0.0526724893739256,-0.008376009587112487,0.008001865764649438,-0.0016477800713750046,53.22499618902634,0,1.0
2018-09-06,1.147393950129163,28.592644838576028,-0.3199803982094202,-0.1877221944593365,33.07503548427016,-0.2470765595161097,0.1071160501886723,-0.0067017698447111584,0.00808602327409368,-0.00702591092193483,44.29799164644516,0,1.0
2018-09-07,1.1415012190552865,28.98759675524541,-0.3540781023576365,-0.0340977041482162,33.02235896687077,-0.0098783554208452,0.2371982040952645,-0.005135752261211768,0.007766138447634115,-0.018455035376889195,42.048965906608274,0,1.0
2018-09-10,1.144789469066522,28.89733715132228,-0.2309094139530074,0.123168688404629,32.832423159474374,-0.0390965919318375,-0.0292182365109923,0.0028806364429088127,0.006509804989143015,-0.025915275043050356,47.23485384057719,0,1.0
2018-09-11,1.1547600903767719,28.86345805288413,0.0902710714360353,0.3211804853890427,32.63357507731783,-0.1471534689841078,-0.1080568770522703,0.008709567636379534,0.0056935224825229,-0.02018995842328719,48.59438860898483,0,1.0
2018-09-12,1.1514099307325196,28.822455668874184,-0.0550470287904047,-0.1453181002264401,32.52268007205663,-0.1665596316047128,-0.019406162620605,-0.002901173734848328,0.005556450631176333,-0.025630595144800594,47.52830071799011,0,1.0
2018-09-13,1.1643733990480645,28.70438447848067,-0.0643175576138723,-0.0092705288234675,32.06964982515885,-0.2542577781051776,-0.0876981465004647,0.011258777581758084,0.0060443755263487305,-0.012684802805644435,50.79638485278006,0,1.0
2018-09-14,1.1786408849185148,29.40621720211089,0.1809197164089191,0.2452372740227915,31.681522474841024,-0.3173508674922658,-0.0630930893870882,0.012253359516899653,0.0065162797862752895,0.0018396991704088261,51.87571922405832,0,1.0
2018-09-18,1.1965687051631961,30.318260671863143,0.4986016676629852,0.317681951254066,31.005173112086037,-0.5058356533235333,-0.1884847858312675,0.015210587443622137,0.00721401752591288,0.025117014557074047,58.569222383818456,0,1.0
2018-09-19,1.214056180618241,32.05542612536954,1.1170138822962947,0.6184122146333095,31.64603255807581,-0.1412057556943438,0.3646298976291895,0.01461468562531043,0.0075878355167611645,0.04220443127791729,63.54466477223914,0,1.0
2018-09-20,1.2149338199935342,31.373147028338728,0.6556432754092754,-0.4613706068870193,31.848680003246685,0.05571917613522,0.1969249318295638,0.0007228984863338894,0.007538093785253613,0.051767453558154486,65.089604035172,0,1.0
2018-09-21,1.2249999502058793,31.21146014507213,0.297733157736328,-0.3579101176729473,31.64645038715576,0.2137590916899086,0.1580399155546885,0.008285332128130651,0.007589603571608466,0.06763675202225006,69.38233625456292,0,1.0
2018-09-25,1.2336960003082336,31.489816432876843,-0.1885365641642344,-0.4862697219005625,31.72152319320624,0.0251635450434761,-0.1885955466464324,0.007098816698639654,0.007606749321433794,0.08076625737574594,76.6538150676742,0,1.0
2018-09-26,1.295576749932448,31.11679268900164,-0.0854514464456919,0.1030851177185425,31.74373466278186,-0.0349817801549434,-0.0601453251984196,0.050158831356147626,0.012955486896216116,0.13171616698123567,85.47977282071079,0,1.0
2018-09-27,1.282024585127547,30.738211885701624,-0.1577494197901678,-0.0722979733444759,31.141170992888306,-0.168426464755818,-0.1334446846008745,-0.010460333442698588,0.0134036978483835,0.11020860160594181,83.75391035682188,0,1.0
2018-09-28,1.2969887588859759,30.73181919695567,-0.2526657453070555,-0.0949163255168876,31.15304301360095,-0.1894933932017615,-0.0210669284459434,0.0116722985908575,0.013496881352272803,0.12643527232810992,88.32130292337555,0,1.0
2018-10-01,1.298490535505811,30.949387191964988,-0.0558018323455584,0.196863912961497,31.128931452426954,-0.2049344034516345,-0.0154410102498729,0.0011578948618837792,0.01343204601135254,0.11518395779858426,91.1410591953207,0,1.0
2018-10-02,1.3040344515394573,29.96488949328912,-0.2577741308041652,-0.2019722984586067,30.962364986528332,-0.0596020021199947,0.1453324013316397,0.004269508234410635,0.013322739902580323,0.10638827163170372,91.2445704614429,0,1.0
2018-10-03,1.2854233889555482,30.05060885067467,-0.2270701154270007,0.0307040153771644,30.90625878661012,-0.082261408996942,-0.0226594068769472,-0.014271910195269855,0.013726583587239046,0.07425790379519692,82.39209963715575,0,1.0
2018-10-04,1.2854816529368525,30.23122688764279,-0.2393867681073977,-0.012316652680397,30.918709636050657,-0.070073938792099,0.012187470204843,4.5326685203406214e-05,0.01367929215481307,0.05883209810129131,83.78854691203347,0,1.0
2018-10-05,1.2810270555871643,29.81989619903448,-0.0483310980848799,0.1910556700225179,30.80116716961311,-0.0537326056384088,0.0163413331536901,-0.003465313829653649,0.013468548951331696,0.0544006879271679,80.7162259388139,0,1.0
2018-10-09,1.258943851788205,29.78458152786457,-0.0886757742700332,-0.0403446761851533,30.808163478382028,-0.0326984360760249,0.0210341695623839,-0.017238670879466622,0.01415032540700171,0.027709308540478705,70.30878256593775,0,1.0
2018-10-10,1.2584628712165844,30.89791246523515,0.222228525864125,0.3109043001341582,28.103090907829504,-0.938539576073719,-0.905841139997694,-0.0003820508523374455,0.01401492895416879,0.020075343441303906,67.16819857681179,0,1.0
2018-10-11,1.2136712733895927,30.75761368237773,0.3125724944477497,0.0903439685836247,28.098784948560336,-0.9007940736842563,0.0377455023894626,-0.03559230776803979,0.016701270450031974,-0.063219316452789,49.907279111782685,0,1.0
2018-10-12,1.2131713985325097,37.20082333778356,2.472080603306324,2.1595081088585744,29.45696192034518,-0.4504005193456173,0.450393554338639,-0.0004118700574390344,0.01666329617937149,-0.053706603908993844,49.574673514986735,0,1.0
2018-10-15,1.1928944561136523,36.56147109469724,1.887852876487365,-0.5842277268189591,29.08491172747748,0.3272736065493227,0.77767412589494,-0.016713996425719357,0.01718154654603813,-0.08025844638910629,42.61587392451201,0,1.0
2018-10-16,1.2065133158378347,37.36606671838906,2.202817678670442,0.3149648021830771,29.61553733378921,0.5055841284096232,0.1783105218603005,0.011416651032608138,0.017186103061920106,-0.07083395462112296,43.88653540786045,0,1.0
2018-10-17,1.2242101357801458,37.5868846383761,0.1286871001975171,-2.074130578472925,29.70259744634661,0.0818785086671383,-0.4237056197424849,0.014667736949112609,0.017270789081907125,-0.061213348823013214,29.968304676505213,0,1.0
2018-10-18,1.2175700231498934,38.16699745131183,0.5351754522048608,0.4064883520073437,29.840356383967094,0.2518148854965432,0.1699363768294048,-0.005423997430000771,0.017057561612815294,-0.052786783240958535,31.17809235105041,1,10.157620779496654
2018-10-19,1.2091865877171735,38.14226673095607,0.2587333375223295,-0.2764421146825313,29.77798454553204,0.0541490705809444,-0.1976658149155987,-0.006885382584429722,0.016830855425177944,-0.059351345112839904,23.335337337440336,0,1.0
2018-10-22,1.2087593459006476,38.867438006895,0.4268511228396363,0.1681177853173068,29.9909285776613,0.0961103771048961,0.0419613065239516,-0.000353329933416191,0.016829915705102137,-0.05641388241670864,22.570494187583535,0,1.0
2018-10-23,1.180572400229056,39.52784077833623,0.4536144423414683,0.0267633195018319,29.63007164712845,-0.0700949122795471,-0.1662052893844432,-0.02331890608927567,0.0174705599546315,-0.06225174494305685,16.848694480364003,0,1.0
2018-10-24,1.1807116198101268,41.870339902881526,1.242691057308484,0.7890766149670156,31.00946415845791,0.4104932043086222,0.4805881165881693,0.00011792549194256097,0.01735483586303807,-0.06178271380489253,18.787123530616242,0,1.0
2018-10-25,1.1460955041954812,41.95229419686043,1.02828539665515,-0.214405660653334,30.83884394921354,0.2826384571840812,-0.127854747124541,-0.02931801045560334,0.013425183688481371,-0.05567880749569276,15.548951759666764,0,1.0
2018-10-26,1.0994741002593946,44.84456247052479,1.7722405640628551,0.7439551674077052,32.464752522440804,0.9448936251041218,0.6622551679200406,-0.04067846332650371,0.01549200674163311,-0.09371907251576062,12.866949568256885,0,1.0
2018-10-29,1.09548126005531,44.11773341094997,0.74913116935614,-1.0231093947067151,32.4061238079195,0.4655532164871943,-0.4793404086169275,-0.0036315909607533836,0.014858346060272967,-0.08166120276533606,13.895201272504991,0,1.0
2018-10-30,1.1091564814140924,43.94113663146071,0.6629474782000955,-0.0861836911560445,32.18232885224765,0.4478283010113664,-0.0177249154758278,0.012483300132483999,0.015442135176851366,-0.08069271440749515,18.838233194290723,0,1.0
2018-10-31,1.1348162744441035,44.017943631325934,-0.2755396130662859,-0.9384870912663814,32.16101848081361,-0.1012446805423934,-0.5490729815537598,0.023134511189347062,0.016735917396450965,-0.07302166411085531,32.113761174145864,0,1.0
2018-11-01,1.1186291066087768,44.65116577513221,0.1778107880607535,0.4533504011270395,32.81729622974167,0.1370574739407217,0.2383021544831152,-0.014264130855240031,0.016735734468167916,-0.08126096623597323,29.980212729440254,0,1.0
2018-11-02,1.139656089634985,42.27082534271391,-0.5567704295822793,-0.7345812176430329,32.18776951782422,0.0018135551921929,-0.1352439187485288,0.018797099862664313,0.017639715156329464,-0.05750187670660101,38.762215339539146,0,1.0
2018-11-05,1.1253634832993737,41.371336435093895,-0.8822023987440062,-0.3254319691617269,32.12861640240844,-0.0108006928017232,-0.0126142479939161,-0.012541157341763531,0.01769172063064911,-0.06899294130308087,32.9191262937169,0,1.0
2018-11-06,1.1393873722048518,41.26379224070616,-1.1291245114753536,-0.2469221127313474,32.2755678809133,-0.1805761162761285,-0.1697754234744053,0.012461652713630311,0.017970133197474668,-0.03488564362186808,31.865633804407054,0,1.0
2018-11-07,1.1347672893241458,41.850125676909656,-0.1402332219347499,0.9888912895406036,32.684002170302975,0.1654108841595842,0.3459870004357128,-0.004054883346447435,0.01794111749581723,-0.038912406480228756,32.14326464536303,0,1.0
2018-11-08,1.1531669709825592,41.37138945588973,1.767359861304385e-05,0.140250895533363,32.68258378212377,0.1846557932384485,0.0192449090788642,0.016214497749024837,0.017008239605993496,0.006170050193192056,38.419439386826895,0,1.0
2018-11-09,1.1457005726037455,41.96872699933691,0.2349782528769139,0.2349605792783009,32.832451204681135,0.1856277745892782,0.0009719813508297,-0.006474689760193164,0.017024677625378536,0.04204416669155253,37.332933246718184,0,1.0
2018-11-12,1.1465164341303309,41.76534930648599,-0.0282587901412227,-0.2632370430181368,32.839825404580964,0.0519410780926605,-0.1336866964966176,0.0007121071125339995,0.016713777139511606,0.04658698960532104,42.31371611212573,0,1.0
2018-11-13,1.1236681755098663,41.45603828919272,0.0282162777676688,0.0564750679088916,32.80445094653608,0.0406223881374359,-0.0113186899552246,-0.01992841789293298,0.016873440813782906,0.013083540815875372,38.32255728604086,0,1.0
2018-11-14,1.1265558479149749,42.8274131044364,0.2862287016998266,0.2580124239321577,34.061415733736126,0.4096548430183304,0.3690324548808945,0.0025698622316132624,0.016401350338444066,-0.007279087121988104,45.40282019799241,0,1.0
2018-11-15,1.1228629655292224,42.43680056582136,0.2238170864451234,-0.0624116152547031,34.30391061747814,0.4880284042990581,0.0783735612807277,-0.003278028685916645,0.01639869500123019,0.0037848638976334392,56.89573574306571,0,1.0
2018-11-16,1.117234085767621,41.825333488994445,0.1230983999339088,-0.1007186865112146,34.35058584294664,0.5153782988035189,0.0273498945044607,-0.005012971247963738,0.01638616530098168,-0.019674359722453905,56.352103278312164,0,1.0
2018-11-19,1.1235474405824128,41.43103034799904,-0.4654609188124539,-0.5885593187463627,34.25512804729473,0.0645707711862044,-0.4508075276173144,0.005650879162404143,0.01650753772850488,-0.0016137387998733654,54.39114206417552,0,1.0
2018-11-20,1.116655037933576,41.23222206358116,-0.4015261674134009,0.0639347513990529,34.30513447516076,0.0004079525608702,-0.0641628186253342,-0.006134500778413043,0.015857060910909285,-0.01995136581800616,43.74165333905289,0,1.0
2018-11-21,1.1108922443939335,40.96082405473216,-0.2881698114207651,0.1133563559926358,34.35382403871,0.001079398587791,0.0006714460269208,-0.005160764375636395,0.015852341932199195,-0.0210395956552748,47.127511005973346,0,1.0
2018-11-22,1.118293648452526,40.79486407519341,-0.2120554242685415,0.0761143871522236,34.28381276593758,0.0095615728809477,0.0084821742931566,0.006662576047266056,0.014698857884564273,-0.03024134701006842,41.175911823781504,0,1.0
2018-11-26,1.1177596598483583,40.77620124501741,-0.1520069395212431,0.0600484847472984,34.29228316512268,-0.004283770012698,-0.0138453428936458,-0.0004775030287498261,0.011378883672501124,-0.02438762223177382,46.45633466435596,0,1.0
2018-11-27,1.1259092574902776,40.58238215034437,-0.126147301462602,0.0258596380586411,34.34501868294748,-0.0029351185875015,0.0013486514251965,0.007291010701732548,0.011412695331083801,-0.017973729836401775,43.3548557371136,0,1.0
2018-11-28,1.1327313174551183,40.39469818098429,-0.1333886314030365,-0.0072413299404345,34.412732702691585,0.042973312251334,0.0459084308388355,0.006059156117116826,0.011173194544950377,0.0080656746740555,49.0175325813859,0,1.0
2018-11-29,1.1366277553502462,40.05680735217,-0.2397979642824665,-0.10640933287943,34.393234258356685,0.0336503644113364,-0.0093229478399976,0.003439860658114302,0.00992861959169419,0.008940442192823639,40.7199832393996,0,1.0
2018-11-30,1.1419001284669568,40.10970805270379,-0.1575580325468664,0.0822399317356001,34.37269940397218,0.0092269070082338,-0.0244234574031025,0.004638610215079497,0.009370649378253038,0.01695412843967281,47.81377529373065,0,1.0
2018-12-03,1.1569538351037327,39.96577942407694,-0.1429729189691144,0.0145851135777519,34.32272588559198,-0.0300022723665378,-0.0392291793747716,0.013183032615108115,0.008883133746135688,0.03555185958081597,55.15907131646992,0,1.0
2018-12-04,1.1298939413656266,40.15603741173419,0.0330766865213973,0.1760496054905118,34.6014730638791,0.0694129351741352,0.0994152075406731,-0.0233889139886726,0.010000867658487133,0.005648627333371792,52.95431180145967,0,1.0
2018-12-05,1.1249625297879544,41.81447765363914,0.5682565336451191,0.5351798471237217,35.54678334958548,0.3913613152044348,0.3219483800302996,-0.004364490681056266,0.009619871651734616,0.007439622418891068,49.258309036213284,0,1.0
2018-12-06,1.10456496017319,41.56253647702307,0.5322523509820414,-0.0360041826630777,35.45918988326308,0.3788213325570382,-0.0125399826473966,-0.018131776903368757,0.010372082578931512,-0.005695677733528082,42.628660290058654,0,1.0
2018-12-07,1.1113318268402388,42.05154246642344,0.6318350182297507,0.0995826672477093,35.797408617106825,0.39864518440924,0.0198238518522018,0.0061262731582467644,0.009699146137266704,-0.006225396721085685,47.64388143290519,0,1.0
2018-12-10,1.0919727921999327,41.1396891577229,-0.224929498638744,-0.8567645168684948,35.850552532025134,0.1012563941465529,-0.297388790262687,-0.017419670860455816,0.010268773789068809,-0.02307013625086818,38.58468787971893,0,1.0
2018-12-11,1.0841486058010572,41.186040604862086,-0.1254986240536624,0.0994308745850816,36.36061280894208,0.3004743085596644,0.1992179144131114,-0.007165184384413603,0.010296248984785393,-0.03709060158392119,38.326465921402836,0,1.0
2018-12-12,1.1052459896349798,41.27108918686103,-0.2601510931874742,-0.1346524691338118,36.3097494645235,0.1707802824722293,-0.129694026087435,0.019459863455097093,0.010598470233032285,-0.024264648991862647,48.17351232279134,0,1.0
2018-12-13,1.1096254577204092,42.35972882316034,0.4066798884791467,0.6668309816666209,36.50751869979658,0.2189887225904812,0.0482084401182518,0.003962437436100474,0.010626123498669015,-0.023756500316602147,47.1400411871394,0,1.0
2018-12-14,1.0944138824545515,42.39659360903718,0.4035176680583703,-0.0031622204207764,36.49294191243581,0.0441097011645723,-0.1748790214259088,-0.013708747541812949,0.011008260303443663,-0.04158528826523322,42.97751245966731,0,1.0
2018-12-17,1.09752545091954,43.15509513890824,0.6280019840157394,0.224484315957369,36.842184470368736,0.1774783352817479,0.1333686341171756,0.0028431368743331298,0.011006127442623012,-0.05136625367499159,41.19519049753565,0,1.0
2018-12-18,1.0776149970212334,43.27899095840699,0.3064207117488777,-0.3215812722668616,36.53712458733009,0.0098686291778378,-0.1676097061039101,-0.01814122294988696,0.011541350889267063,-0.04626889518604471,34.18669016679303,0,1.0
2018-12-19,1.0723256022670231,43.56978889587148,0.391065095611431,0.0846443838625532,36.9142940047124,0.1404506974255284,0.1305820682476905,-0.00490842719230089,0.011521592650581353,-0.0467899384443079,31.69749393468439,0,1.0
2018-12-20,1.049259084679761,43.64363342115992,0.1628460940838962,-0.2282190015275347,36.87260165009134,0.0101390599075301,-0.1303116375179982,-0.021510740337167045,0.012313480201738001,-0.05007027878628101,26.05667638517002,0,1.0
2018-12-21,1.0321667480769452,44.636308414452046,0.4524391520150175,0.2895930579311212,37.64779667929959,0.3702240306565088,0.3600849707489786,-0.016289910521034345,0.012456116264052257,-0.0712344205855936,18.084762163961443,0,1.0
2018-12-25,0.9821491526121207,44.712987634181374,0.3810662461033018,-0.0713729059117156,37.824391356866926,0.3033657840515005,-0.0668582466050082,-0.04845883241057081,0.015901329011423864,-0.10057360437209872,16.18421566269744,0,1.0
2018-12-26,0.9910243585661875,49.42623825032726,1.9275349430557756,1.5464686969524737,40.984313221809714,1.3705705239061317,1.0672047398546312,0.009036515411597446,0.01598456227621816,-0.08589620162455669,19.88788696675735,0,1.0
2018-12-27,1.0348645377286692,49.78137385094677,1.715021812164906,-0.2125131308908692,41.08601694798662,1.1460734228956753,-0.2244971010104564,0.04423723673745972,0.019437063784614326,-0.06367944563142447,35.82412920364703,0,1.0
2018-12-28,1.0303900987837336,53.72031457439938,3.002442313406,1.287420501241094,43.65379519951625,1.94313461421644,0.7970611913207648,-0.0043236953067848916,0.01935109884485653,-0.07140730089182978,33.382888992949546,0,1.0
2019-01-04,1.0123644898554176,53.752316719603726,1.4420261564254917,-1.5604161569805086,43.59169459026266,0.8691271228176447,-1.0740074913987954,-0.017493965586036997,0.01942068980113854,-0.07497108170367273,33.56666553309813,0,1.0
2019-01-07,1.041749493761064,51.61277724740002,0.6104677988177514,-0.8315583576077401,43.661246206323774,0.8584097527790462,-0.0107173700385985,0.029026110852468978,0.020528256685364066,-0.05081973917939231,41.96306817836571,0,1.0
2019-01-08,1.0476999810591963,53.7599818216268,0.0132224157424687,-0.5972453830752826,44.65873008146525,0.3349782939829993,-0.5234314587960469,0.00571201362109508,0.020187040941830905,-0.027760393131803895,38.427372617248004,0,1.0
2019-01-09,1.0589681716735142,53.2029592243888,-0.1831191650716448,-0.1963415808141135,44.31439787149969,0.2409010937456841,-0.0940772002373151,0.01075516924504094,0.02043749886743476,-0.012456506275024815,40.08735673209954,0,1.0
2019-01-10,1.0502167354366,53.16302887929787,0.5167505439659621,0.6998697090376069,44.425320696476064,0.2546914967174345,0.0137904029717503,-0.008264116402180388,0.020165693508327153,0.0009126923662818864,41.127152536079464,0,1.0
2019-01-11,1.0592588295190748,52.95155813841966,-0.2694745610690532,-0.7862251050350153,44.457585025879766,-0.0670483518618354,-0.3217398485792699,0.008609740996667448,0.02022803065238348,0.02624777584882043,42.496415553354346,0,1.0
2019-01-15,1.0696006644613023,52.93240146438353,-0.0901859200017582,0.1792886410672949,44.32403076178476,0.0032109634283585,0.070259315290194,0.009763274710604009,0.020064294215808354,0.08904096859076427,48.36722313505272,0,1.0
2019-01-16,1.0664504149708884,52.627928155321726,-0.1783669079920429,-0.0881809879902846,44.11219537604211,-0.1043751068113181,-0.1075860702396767,-0.0029452576041549827,0.020016441860851313,0.07610918516052134,48.79251093013106,0,1.0
2019-01-17,1.068810438305999,52.52276154422532,-0.142932198064777,0.0354347099272658,44.07367625377864,-0.1279695907003812,-0.0235944838890631,0.0022129705253808307,0.019469328200977215,0.03280226477934467,54.39208835216742,0,1.0
2019-01-18,1.0768856081527778,51.56391291702296,-0.4561628491201972,-0.3132306510554201,44.17674596106043,-0.0490949335747714,0.0788746571256098,0.007555287221536977,0.019538778983940422,0.0451241810494174,60.46998027776341,0,1.0
2019-01-21,1.0816486369494893,51.96481198564419,-0.2210387232258455,0.2351241258943517,44.32325344979107,0.0703526912496599,0.1194476248244313,0.004422966339834078,0.019353203553511937,0.06843794679519699,79.55963737646971,0,1.0
2019-01-22,1.0753125079103356,50.46973364537085,-0.6843426329514841,-0.4633039097256386,44.28553503147681,0.0706195925660466,0.0002669013163867,-0.005857844056479489,0.019374056587831354,0.032217931806328926,75.42416118576311,0,1.0
2019-01-23,1.0704228586205105,50.90677280833397,-0.2190467028963354,0.4652959300551487,44.06997280036016,-0.0355910535667476,-0.1062106461327943,-0.00454718907652929,0.01896948189376046,0.021688343964979317,64.01994441581539,0,1.0
2019-01-24,1.0724780980124062,51.438855926566106,-0.1753186863593612,0.0437280165369742,44.129091055848136,-0.064720797980982,-0.0291297444142344,0.0019200256939060356,0.018941013821666366,0.012757632099123395,66.91719460015914,0,1.0
2019-01-25,1.0818654425368572,51.42543435971709,0.3185669047820738,0.493885591141435,44.17789230333284,-0.0358809093813192,0.0288398885996628,0.00875294753510425,0.018315671375910933,0.030135405419053907,80.02048457697455,0,1.0
2019-01-28,1.0752072177275558,51.012720130109855,0.0353157739253049,-0.2832511308567689,44.095017646583,0.008348282074273,0.0442291914555923,-0.006154392725299163,0.0179280868357355,0.015056176794600695,67.98239655974015,0,1.0
2019-01-29,1.0753342959591004,52.2285173105434,0.2632204613257656,0.2279046874004606,44.11915035270227,-0.0033135677152813,-0.0116618497895544,0.00011818952612041578,0.013430403973894054,0.005360534719456078,65.84432969118026,0,1.0
2019-01-30,1.073335661870358,52.34654396488296,0.3070365350552819,0.0438160737295163,43.967316659657726,-0.0701918812250426,-0.0668783135097612,-0.001858616521627554,0.013463047078554448,0.0064562278778403925,59.21747658710372,0,1.0
2019-01-31,1.0858010973477443,52.59303273660883,0.5267708688329904,0.2197343337777084,43.99266200094299,-0.0341185485466652,0.0360733326783773,0.011613734566188194,0.009827167582682903,0.01589679369961461,71.79075500631117,0,1.0
2019-02-01,1.0848043798287756,52.54760309257806,0.1063619273448921,-0.4204089414880982,44.03863122264434,-0.0268397100193169,0.0072788385273483,-0.0009179558957927991,0.009732651358499763,0.0073534009703977166,67.35319205731203,0,1.0
2019-02-04,1.0939847539726189,51.9900811625253,-0.1188209341192205,-0.2251828614641127,43.67465421961626,-0.0975541466804799,-0.0707144366611629,0.008462700109389543,0.008570401063781798,0.011404920786402872,66.8297759695171,0,1.0
2019-02-05,1.093487745628074,51.40084160273794,-0.3973970446236308,-0.2785761105044102,43.42360627272569,-0.1896852427391024,-0.0921310960586225,-0.0004543101197159727,0.006244522092121298,0.016902284297853676,69.37047473671359,0,1.0
2019-02-06,1.0937190603659734,51.263085426371575,-0.4281725554021562,-0.0307755107785254,43.24838526650412,-0.2634153187134131,-0.0737300759743107,0.00021153848209487514,0.006214113451322181,0.021763550318315783,68.4068324882001,0,1.0
2019-02-07,1.0879160765090237,51.264158138034446,-0.2419743414969559,0.1861982139052003,43.186866604844695,-0.1625958715905184,0.1008194471228947,-0.005305735327505445,0.006082636814915781,0.014394679504624142,58.43447750092598,0,1.0
2019-02-08,1.069783904112371,50.11426918028943,-0.4288574741495097,-0.1868831326525537,43.1670617534044,-0.085514839773765,0.0770810318167534,-0.016666885238828755,0.0070033883280870395,-0.011167320767873301,42.467630741358924,0,1.0
2019-02-12,1.092747129050362,50.656495231519415,-0.2021967316173771,0.2266607425321325,43.40457199481908,0.0520622427716546,0.1375770825454196,0.021465292990217932,0.008226808503231955,0.016313052064398148,59.13904057652466,0,1.0
2019-02-13,1.1044417574941539,51.66717306349931,0.1343383084882887,0.3365350401056659,44.119631563694654,0.3109216529499861,0.2588594101783315,0.010702044537929778,0.008278414944106421,0.027068290897475977,66.64486352468626,0,1.0
2019-02-14,1.1038578028311476,52.11731496139536,0.6676819270353107,0.533343618547022,44.162098945225694,0.3316790639404345,0.0207574109904484,-0.0005287328725519513,0.008225489251124115,0.028436715600786755,65.57783280947841,0,1.0
2019-02-15,1.0947444985877024,52.31378906799809,0.5524312788262264,-0.1152506482090842,44.16552468448393,0.2536508965549515,-0.078028167385483,-0.008255867938852024,0.008522696941443345,0.008236684657810578,56.41099551202788,0,1.0
2019-02-18,1.1088093641893377,52.427895599445804,0.2535741786488188,-0.2988571001774076,44.0441056592244,-0.0251753014900941,-0.2788261980450457,0.012847623915699158,0.00880672449478145,0.022128399190599612,65.57794058608383,0,1.0
2019-02-19,1.1118367983940116,52.82625623286302,0.2363137571558908,-0.0172604214929279,44.239971419939465,0.0259574915712619,0.0511327930613561,0.002730346895011282,0.008785248241690267,0.016318366738262258,66.47937964054069,0,1.0
2019-02-20,1.1184379564746303,52.81735557749967,0.1678555031671891,-0.0684582539887017,44.30778845695123,0.0474212574890984,0.0214637659178364,0.0059371646001946665,0.008666505325640563,0.022817092323449417,69.54941707279113,0,1.0
2019-02-21,1.1189714061565255,52.95781583461381,0.1766400783893402,0.0087845752221511,44.54276183320793,0.166218724661185,0.1187974671720866,0.0004769595656219927,0.008538500131009054,0.023088512128610184,66.03629755078974,0,1.0
2019-02-22,1.1178207220776342,53.00690335758614,0.0602157082410457,-0.1164243701482945,44.78615031214223,0.1820596307342441,0.0158409060730591,-0.0010283409143078126,0.008569978270452496,0.027488007774065126,65.93813458981103,0,1.0
2019-02-25,1.126347332183467,53.34297732545245,0.1752072493175944,0.1149915410765487,44.81087211351634,0.1676945521883794,-0.0143650785458646,0.00762788695667127,0.00852764907606724,0.05287369519550622,65.72177413221067,0,1.0
2019-02-26,1.1227507239138343,53.66987383230928,0.2373526658984843,0.0621454165808899,45.04818744725797,0.1684752046833395,0.00078065249496,-0.0031931609077108236,0.008402470509375435,0.027457033805750264,63.800376210218715,0,1.0
2019-02-27,1.1237017577001158,53.89025484659632,0.2944504963367294,0.057097830438245,45.12640942199892,0.1134197032855652,-0.0550555013977742,0.0008470569343890233,0.008394546586477548,0.01743867440294955,64.04445568561852,0,1.0
2019-02-28,1.1145692709081207,53.8443236541199,0.1671154428891483,-0.127335053447581,45.071953451484994,0.0870271126562158,-0.0263925906293494,-0.008127144706693845,0.008668027907720989,0.009703666585950232,62.10720599028219,0,1.0
2019-03-01,1.1201263539668196,52.94630935438913,-0.2411881593067164,-0.4083036021958648,45.249932215788775,0.0672482561769314,-0.0197788564792844,0.004985857051460929,0.00840057424588934,0.02318518650868917,75.81756086421879,0,1.0
2019-03-04,1.1268894504062525,53.137697569689465,-0.250852425635621,-0.0096642663289046,45.32907352913238,0.0675547023778264,0.000306446200895,0.006037797803330136,0.008435157872074621,0.01630585635442694,70.9986681002439,0,1.0
2019-03-05,1.1241597218022188,52.49720214606684,-0.4490405026843476,-0.1981880770487265,45.23215601360188,0.0534008540389621,-0.0141538483388643,-0.002422357049353563,0.00834271134405171,0.011083392298228523,63.63027516336044,0,1.0
2019-03-06,1.1203945916975697,52.665771483458514,-0.0935126236435337,0.3555278790408138,44.94664683222775,-0.1010951278536822,-0.1544959818926443,-0.0033492839421545018,0.00840138241736584,0.0017494356406742018,60.949677847516114,0,1.0
2019-03-07,1.1126367219052717,52.07178285508234,-0.355304904869044,-0.2617922812255102,44.68470937629068,-0.2147880509472273,-0.113692923093545,-0.006924229954148209,0.008597029205944684,-0.005661167225901043,62.063706561366004,0,1.0
2019-03-08,1.094631253844301,52.13001797157529,-0.1223947248305208,0.2329101800385231,44.65168767356102,-0.1934894466802816,0.0212986042669456,-0.016182701601056504,0.009323160535901914,-0.02074524812013867,40.92285385061958,0,1.0
2019-03-11,1.099702703610091,52.0874066832118,-0.1927882667489129,-0.070393541918392,44.95638534679556,0.0032461715225977,0.1967356182028794,0.004633021163957585,0.008453074018141426,-0.023655783444458733,42.429614626161566,0,1.0
2019-03-12,1.1153619147031113,52.09813213832709,0.0087830944149231,0.2015713611638361,44.9280604524574,0.081117025388913,0.0778708538663153,0.014239494948602438,0.007669016798430281,-0.006580988151106415,48.27575959204423,0,1.0
2019-03-13,1.1069577969917097,52.21318602951303,0.0277226859792492,0.018939591564326,45.19148823082684,0.1799335190885997,0.0988164936996867,-0.007534879576409637,0.00754449581875798,-0.01490071595391651,43.8119204325062,0,1.0
2019-03-14,1.104280025988246,52.31490480492219,0.0758327072367919,0.0481100212575427,45.25018760149629,0.0979340849002383,-0.0819994341883614,-0.0024190362186715664,0.0075651376561156015,-0.009231588550338787,43.133358611465134,0,1.0
2019-03-15,1.1130995134862602,51.734382699519465,-0.1212498129358721,-0.197082520172664,45.206062315449024,0.092667287663879,-0.0052667972363593,0.007986640426753677,0.00749851413635645,-0.006273256990762199,43.30177667550424,0,1.0
2019-03-18,1.1184495973155515,52.10567863974173,-0.0358357965904332,0.0854140163454388,45.34785635714472,0.0521227087726288,-0.0405445788912501,0.004806473962543301,0.0070222950939766255,-0.007489512913319452,47.863198080004324,0,1.0
2019-03-19,1.1189472886927696,51.02578637627005,-0.4297061428840436,-0.3938703462936104,45.37313884503267,0.0409837478454662,-0.0111389609271626,0.0004449832861603831,0.0070019094822561185,-0.0046367371187190365,47.62728966484955,0,1.0
2019-03-20,1.1225729328463048,50.70094322902449,-0.3444798234983253,0.0852263193857183,45.24943201681867,0.0144565671232115,-0.0265271807222546,0.0032402278375158744,0.006913901974228776,0.0019442624633116967,54.22651984375246,0,1.0
2019-03-22,1.1257144624224096,43.60457023625868,-2.8337028011610244,-2.489222977662699,45.243260928326364,-0.0348651429394522,-0.0493217100626637,0.0027985082164232455,0.0069381140491705596,0.01175382787541257,53.02818504668943,0,1.0
2019-03-25,1.099354425322527,43.36697251284522,-2.5529379544749418,0.2807648466860826,45.15893102363075,-0.071402607133983,-0.0365374641945308,-0.023416272935819715,0.008739783031677932,0.0043148516558779715,37.69276761578186,0,1.0
2019-03-26,1.1241411712336524,39.70215770218755,-3.6662618422789777,-1.113323887804036,45.77754048237695,0.1760361551860967,0.2474387623200797,0.022546637681340576,0.010036990574474746,0.022222794891141984,49.9930741268272,0,1.0
2019-03-27,1.1187614193760187,41.72056506923393,-0.6280017223415797,3.038260119937398,46.47526810616492,0.4106690592795274,0.2346329040934307,-0.004785655036306458,0.010069501125121928,0.0030478938074662842,49.39751727432039,0,1.0
2019-03-28,1.1004445090984136,41.00367728514284,-0.7877650759007935,-0.1597633535592137,46.2777301385504,0.3729330383065488,-0.0377360209729786,-0.016372490113058413,0.010698128852544979,-0.005883953219351867,45.82732545117133,0,1.0
2019-03-29,1.105698932717667,39.30194125454953,-0.1334054825460029,0.6543595933547905,46.49682741734749,0.2397623116568397,-0.133170726649709,0.004774819244232731,0.010633955348581314,0.0012849156880758716,54.150020970879915,0,1.0
2019-04-01,1.1219012652890743,39.524142213533366,-0.7321409519001918,-0.5987354693541889,46.39567670194724,-0.0265304680725577,-0.2662927797293974,0.014653475816951422,0.0110986349308048,0.007907425792727851,57.682453140912884,0,1.0
2019-04-02,1.1206877316759978,40.02411857386609,-0.3265195704255816,0.4056213814746101,46.54727705784554,0.089848973098384,0.1163794411709417,-0.0010816759465582804,0.011013284952138672,0.002001104355366712,52.04791760029606,0,1.0
2019-04-03,1.1280161037878838,39.55606086146156,0.0847065356373377,0.4112261060629194,46.433352500188604,-0.0211583057196307,-0.1110072788180147,0.006539174031044537,0.011100841778161986,0.008104774180836438,58.165026070630645,0,1.0
2019-04-04,1.1292983893745374,39.73400444684404,0.0699540777702196,-0.014752457867118,46.41917673938515,0.0078333458126422,0.028991651532273,0.001136761773478101,0.011069995080620893,0.005991108756898456,59.80659808741026,0,1.0
2019-04-05,1.132733440493207,39.85310464751497,-0.0570046421170289,-0.1269587198872486,46.35674645944923,-0.0635101994654405,-0.0713435452780828,0.003041756856283273,0.010943971973045448,0.006235131825252926,58.035205484761775,0,1.0
2019-04-08,1.1287390198644585,39.87372443850539,0.1058878590146079,0.1628925011316369,46.40313281063496,-0.0100732298512156,0.0534369696142249,-0.0035263553506545975,0.010244579353441396,0.026728954616533906,54.25820673303327,0,1.0
2019-04-09,1.1301855622277626,40.13333698419005,0.1331108457820065,0.0272229867673985,46.40597377570285,-0.0044009878941011,0.0056722419571144,0.0012815560885612864,0.010219482492636323,0.005376896735733716,54.6146410604006,0,1.0
2019-04-10,1.1220285456862686,39.77555733174559,-0.0258491052564693,-0.1589599510384758,46.27680986879318,-0.0266455302186869,-0.0222445423245858,-0.007217413506340753,0.00992462580649183,0.002920306558365393,49.78448468984261,0,1.0
2019-04-11,1.1202751358073466,40.13884132205556,0.0883722945167235,0.1142213997731929,46.07837126857379,-0.1082538473537226,-0.0816083171350356,-0.0015627141445404558,0.009763603018314634,0.018020560368991356,47.8227162222033,0,1.0
2019-04-12,1.12186617553657,39.85206886675815,-0.0937560391439689,-0.1821283336606924,45.87423538265078,-0.1772461310173554,-0.0689922836636327,0.0014202222992985014,0.009737930013006933,0.014621740458016008,61.23993285732199,0,1.0
2019-04-15,1.13531870457627,39.45005989065267,-0.1084991470309688,-0.0147431078869999,45.88467984831389,-0.1307100068264262,0.0465361241909292,0.011991206556580591,0.009931947458691321,0.011959554465551525,56.29311621927072,0,1.0
2019-04-16,1.136547599821681,40.04249944509726,-0.0321139589860948,0.076385188044874,46.04926984712459,-0.0097004738164017,0.1210095330100244,0.0010824231473132162,0.009892362171106305,0.014151906635012867,60.50487873449855,0,1.0
2019-04-17,1.1404314974405436,39.97986341750921,0.042598183583685,0.0747121425697798,46.07217986181056,0.0659814930532576,0.0756819668696593,0.0034172766890467887,0.009908279682556871,0.01100639752479493,78.47112873633822,0,1.0
2019-04-18,1.133750658524954,39.49605046735883,0.0153301922353819,-0.0272679913483031,46.18003986045794,0.0984533373813505,0.0324718443280929,-0.005858167658981173,0.010008280427227395,0.003942509076704237,69.5754788713976,0,1.0
2019-04-19,1.134860483312188,39.82696912407833,-0.0718434403396415,-0.0871736325750234,46.18507683778297,0.0452689968861292,-0.0531843404952212,0.000978896707921617,0.009994960740054713,0.0018777964373108968,61.45664324651078,0,1.0
2019-04-22,1.1351862651424778,39.764910074321136,-0.071651114396019,0.0001923259436225,46.03629135765037,-0.0119628347200588,-0.0572318316061881,0.0002870677365898189,0.0082727125599784,0.005711900771175227,63.02187722733653,0,1.0
2019-04-23,1.1382229683157228,39.41755341412262,-0.0261656844120707,0.0454854299839482,46.15716991860437,-0.0076233139511998,0.004339520768859,0.002675070397247792,0.006666696057513782,0.007111580926690841,59.93306235443917,0,1.0
2019-04-24,1.1309348697890014,40.57500033654041,0.2493437374873579,0.2755094218994287,46.18088858929593,-0.0013960828290109,0.0062272311221889,-0.006403049955586382,0.006745369095654338,0.007937698320576558,51.42590182432968,0,1.0
2019-04-25,1.1445376271418235,40.694337085409984,0.3098090036962801,0.0604652662089222,46.10308541096538,0.0222646844383334,0.0236607672673443,0.012027887472741972,0.005933002967877208,0.021657618346578422,58.73714275687919,0,1.0
2019-04-26,1.1445135053722122,41.20395258991165,0.5954663919296763,0.2856573882333961,46.29498806569951,0.0459393823650486,0.0236746979267152,-2.1075558408245598e-05,0.00591110079434431,0.020187193739761744,62.4049418718208,0,1.0
2019-05-07,1.1343003540039747,41.07220609952596,0.1657352543285171,-0.4297311376011592,46.24410966854417,0.0210736930827479,-0.0248656892823007,-0.0089235743574001,0.005540226935249118,-0.0008969733064297936,52.84374691430903,0,1.0
2019-05-08,1.1172835364019296,39.80933470362852,-0.2950007939271586,-0.4607360482556757,45.714926534672685,-0.1293862920975641,-0.1504599851803121,-0.015002038518261318,0.006541768620927708,-0.01694963187003684,47.07847929695669,0,1.0
2019-05-09,1.1061582787707074,39.7646121612264,-0.4797801428950734,-0.1847793489679148,46.04527483860488,-0.0832377423648793,0.0461485497326847,-0.009957416599057467,0.006694599046079401,-0.030052851702846883,42.207495298199916,0,1.0
2019-05-10,1.1041146352108544,37.495764055837256,-1.1921473478962454,-0.712367205001172,44.58558433071667,-0.5528417792758304,-0.4696040369109511,-0.001847514590881283,0.006678724416934141,-0.026139806924264097,40.249869148861094,0,1.0
2019-05-13,1.099015456600646,36.32289308336081,-1.1621472067558969,0.0300001411403485,44.573932404059335,-0.3803313768711192,0.1725104024047112,-0.0046183416536585975,0.006647927005452216,-0.03158540387883202,28.045657282864994,0,1.0
2019-05-14,1.0950129955699426,35.94942238216434,-1.2717299263540198,-0.1095827195981229,44.20508517022108,-0.6133965561279311,-0.2330651792568119,-0.003641860545877562,0.006649840148962715,-0.0353891434437793,25.697265829296057,0,1.0
2019-05-15,1.1024431330557642,35.77618165684123,-0.5731941329986725,0.6985357933553473,44.02836410689558,-0.1857400746070254,0.4276564815209056,0.00678543315547997,0.006880652268819141,-0.031434820993731516,28.657928177244514,0,1.0
2019-05-16,1.0964678873806892,34.85013984785587,-0.4909177451683106,0.0822763878303618,43.89916531287669,-0.2249223637275506,-0.0391822891205251,-0.005420003532075834,0.006809557718589822,-0.03047654054096205,28.886947455026828,0,1.0
2019-05-17,1.1082847874389405,34.44847480387497,-0.5003158594297972,-0.0093981142614865,43.8542949495896,-0.1169300735438341,0.1079922901837164,0.010777242265143094,0.0073089739276252,-0.031674659568348806,36.57796604044622,0,1.0
2019-05-20,1.1098982038556975,34.617860911235965,-0.3861069152017506,0.1142089442280465,43.84006656913578,-0.0627658459199338,0.0541642276239002,0.0014557778244752573,0.007309473080740122,-0.03024455487334532,37.39226579546382,0,1.0
2019-05-21,1.1074740556291505,34.31053404446443,-0.1798686011304866,0.206238314071264,43.66829545998438,-0.0769566176307634,-0.0141907717108296,-0.0021841176227925807,0.006694829611790859,-0.023650083754386486,34.57546564065004,0,1.0
2019-05-22,1.1030776196521848,33.94957144795198,-0.1663011186409946,0.013567482489492,42.862555927006994,-0.3305796741941975,-0.2536230565634341,-0.003969786880892778,0.006698715786141864,-0.012714692633432279,35.6084971043051,0,1.0
2019-05-23,1.0985127921736904,33.62267394402856,-0.3317289890691342,-0.1654278704281395,42.95265278719111,-0.2958045939815577,0.0347750802126398,-0.004138264975345751,0.006621062755385134,-0.006911747390720202,23.773750467906197,0,1.0
2019-05-24,1.0989255458279295,33.41328798124107,-0.2990820210744545,0.0326469679946797,41.91887418925687,-0.5831404235758413,-0.2873358295942836,0.00037573859601791604,0.006568966291734659,-0.0046997741153336214,24.137242329701223,0,1.0
2019-05-27,1.104781964382499,33.22628227854692,-0.2410963898016831,0.0579856312727713,42.02492783921029,-0.2792093625988983,0.303931060976943,0.0053292223270298145,0.006726829477046308,0.0052469760522653175,32.38289540585056,0,1.0
2019-05-28,1.10750976095431,33.09694994963223,-0.1752413314654433,0.0658550583362398,42.27657250721806,-0.2253600933243476,0.0538492692745506,0.0024690813751071516,0.0067718218098627575,0.011412435683343602,42.96735543407012,0,1.0
2019-05-29,1.099300399402241,32.98807524033141,-0.1417375803032214,0.0335037511622218,42.25252932618926,0.1112183789774619,0.3365784723018095,-0.007412450744447852,0.00684240144480036,-0.002850699105732768,44.84933252786505,0,1.0
2019-05-30,1.097157514507974,32.991095009890515,-0.0783957562188035,0.0633418240844179,41.96345980158295,-0.0204893458757808,-0.1317077248532427,-0.0019493169432416302,0.006753730004369178,0.0006289533284300486,44.782574220554245,0,1.0
2019-05-31,1.080912155617214,32.60664732903433,-0.1634342068659648,-0.0850384506471613,42.33086299738794,0.0180968300566206,0.0385861759324015,-0.014806769926782315,0.006589733659942831,-0.024698193218892772,38.368200859638506,0,1.0
2019-06-03,1.0712549499524784,33.22787623058444,0.0799336634176768,0.2433678702836417,42.55875850650922,0.1020763934399937,0.083979563383373,-0.008934311280107021,0.0066900488171955826,-0.034816935254941006,35.76900517983812,0,1.0
2019-06-04,1.0685727527780424,33.19540263044202,0.0681025401838368,-0.0118311232338399,42.61245916672411,0.216333121713717,0.1142567282737232,-0.002503789760369357,0.006557754430277794,-0.03512615275579378,28.48815404882795,0,1.0
2019-06-05,1.0903244595372632,31.57336858530897,-0.3444262479084585,-0.4125287880922954,42.21975666377777,-0.0370354445367198,-0.2533685662504368,0.020355850083835003,0.007790563976531979,-0.011561434923267555,46.749557640644504,0,1.0
2019-06-06,1.0882485262724875,33.395449440668884,0.0558577366948185,0.4002839846032771,42.85534401010018,0.098861834530318,0.1358972790670378,-0.0019039591807898937,0.007516972932516182,-0.00934378368129185,38.180653636477885,0,1.0
2019-06-07,1.0929553560507477,32.21424001175939,-0.327054206227551,-0.3829119429223695,42.53636007996138,-0.025366362254239,-0.1242281967845571,0.00432514234076864,0.007597516891955985,-0.0054327518364165606,40.35736841524214,0,1.0
2019-06-10,1.107688971752403,32.11945648510968,0.1820292999335677,0.5090835061611187,42.67418323441298,0.1514755235450664,0.1768418857993055,0.01348052838580105,0.008137412587616905,0.0026312951004128227,50.1072828409433,0,1.0
2019-06-11,1.1126379709429297,32.8194240551325,-0.1920084618454467,-0.3740377617790145,42.96003818368183,0.0348980578605448,-0.1165774656845215,0.004467859946910124,0.008126168841685924,0.004630397102957096,54.746198128888025,0,1.0
2019-06-12,1.107393215607964,32.50372435977414,0.0964947826715842,0.288503244517031,42.4153635116144,-0.0403321894489963,-0.0752302473095412,-0.004713802217733876,0.008089342210001963,0.007361787742571124,54.379087667627466,0,1.0
2019-06-13,1.0994292427065953,32.27369504274412,0.0514128525448143,-0.0450819301267699,42.553089393742695,-0.040364613556747,-3.2424107750728126e-05,-0.007191639599305688,0.008164111157724663,0.002070557935922368,50.231165939010324,0,1.0
2019-06-14,1.103235848109484,32.49967815318392,-0.1065819673162025,-0.1579948198610168,42.7646123165794,-0.0651419557008168,-0.0247773421440697,0.003462346875109157,0.007820349930236687,0.02065264265579736,49.27682112385988,0,1.0
2019-06-17,1.1005417079421518,32.54169747089476,0.0126577037068784,0.1192396710230809,42.98291962627661,0.1891853715540676,0.2543273272548845,-0.0024420346492083356,0.007825499004775619,0.02733873760954153,46.73974338082758,0,1.0
2019-06-18,1.094729670729324,32.779030430405115,0.1684451292203235,0.155787425513445,43.113476106923,0.1867955710601023,-0.0023898004939653,-0.005281069468685118,0.007893129072750004,0.024478368817920426,47.812341781124076,0,1.0
2019-06-19,1.1133651959560122,30.234307661443523,-0.755123497246796,-0.9235686264671196,43.30682200663768,0.1807365633527595,-0.0060590077073428,0.01702294705712415,0.008762263688932688,0.02113199994479409,56.69966565919633,0,1.0
2019-06-20,1.1158026650589987,28.637393907611475,-1.3014345210944285,-0.5463110238476325,43.69425610651656,0.2371121600799881,0.0563755967272285,0.002189280850380282,0.008699967195318487,0.025319711556045732,66.28100146490951,0,1.0
2019-06-21,1.1064513440955006,28.83092796280076,-1.3160341558681168,-0.0145996347736883,43.66388129355241,0.1834683955431373,-0.0536437645368508,-0.008380801781830871,0.008940355424978784,0.012348160398352404,66.47075600469054,0,1.0
2019-06-24,1.108368399665092,27.67330399172116,-0.8536678899074559,0.4623662659606609,43.74408026043493,0.1457527512657463,-0.0377156442773909,0.0017326162418451752,0.008871452668661023,0.0006133742684231169,68.75738095105751,0,1.0
2019-06-25,1.1051686036068873,27.676577896490343,-0.3202720037070463,0.5333958862004096,43.783567564363125,0.0297704859488447,-0.1159822653169015,-0.0028869426980879798,0.008880164936806458,-0.006713205491011953,58.479649137144406,0,1.0
2019-06-26,1.0992147284147356,26.243923814945997,-0.8623347159515831,-0.5420627122445367,43.91197650964466,0.0826984053640842,0.0529279194152394,-0.005387300338355883,0.00880322992063768,-0.007385350639644628,55.99862285070677,0,1.0
2019-06-27,1.1126387305903298,26.466631666645757,-0.4022241083584674,0.4601106075931156,43.921310467046894,0.0590767355373316,-0.0236216698267526,0.012212356538338964,0.009196186552675317,0.012014859502204267,59.82958015622595,0,1.0
2019-06-28,1.1109963297463386,27.279652025438324,-0.1323086236840076,0.2699154846744598,44.15091580868218,0.1224494147730155,0.0633726792356839,-0.0014761312893717404,0.008463945129934595,0.00703429067334338,51.900082550665196,0,1.0
2019-07-01,1.1348991765055594,27.35961897791922,0.3718983876577404,0.5042070113417481,44.02981846862855,0.039280652994627,-0.0831687617783885,0.021514784630007,0.009211349202965737,0.031218688320000965,60.501975241560444,0,1.0
2019-07-02,1.1373884332755528,30.24813292486955,1.2605004194079292,0.8886020317501888,43.980535313977896,0.0197416156436602,-0.0195390373509667,0.002193372610999722,0.009124995388270395,0.038967394131017796,64.52830051094048,0,1.0
2019-07-03,1.130088101215525,30.259861828179133,0.9934032675802732,-0.2670971518276559,44.060604596382575,-0.030103737433194,-0.0498453530768543,-0.006418503869433323,0.008405832983406003,0.015020143723060597,64.94582033831887,0,1.0
2019-07-04,1.1369342815472654,30.66618137389331,1.1021874653246968,0.1087841977444235,43.7321915629615,-0.0992089685556791,-0.0691052311224851,0.00605809434182758,0.008408428112239484,0.01893848899092676,65.95475510610581,0,1.0
2019-07-05,1.139131159712379,30.660593143341927,0.137486739490793,-0.9647007258339038,43.850856877873504,-0.0432261453681306,0.0559828231875485,0.0019322824553447138,0.00839396988530555,0.029535700590244574,68.35687734782977,0,1.0
2019-07-08,1.1299326933466531,30.76782571427512,0.1693212953653251,0.0318345558745321,43.43761137683731,-0.207664406515093,-0.1644382611469623,-0.008074984418869224,0.008238829655509079,0.019455890016421673,66.22327804005617,0,1.0
2019-07-09,1.129820265834935,31.043310436837537,0.1257096876480758,-0.0436116077172492,43.55313078026737,-0.0596869275647122,0.1479774789503807,-9.949929971952987e-05,0.008201640056838209,0.02230579311391323,59.144519168486475,0,1.0
2019-07-10,1.1278663169778402,30.27618242198762,-0.1281369071181011,-0.253846594766177,43.137770962061225,-0.2376953052707477,-0.1780083777060355,-0.001729433358721666,0.00812284666993967,0.026065506422412454,56.74031475852243,0,1.0
2019-07-11,1.131785843315018,30.300691426146045,-0.1557114293763568,-0.0275745222582557,43.12282611182056,-0.1049284216722554,0.1327668835984923,0.0034751692449512817,0.007907647453555983,0.017208741883836254,65.06983435650466,0,1.0
2019-07-12,1.1314662297359124,30.47429850472253,-0.1896706440383404,-0.0339592146619835,42.83179054069858,-0.2404467465229345,-0.135518324850679,-0.0002823975763556197,0.00790259206212974,0.01842481333331447,64.00555168490962,0,1.0
2019-07-16,1.126309809566503,30.47749564755751,0.0671044085232956,0.2567750525616361,42.84237307453213,-0.0984659625096995,0.141980784013235,-0.0045572903847187485,0.00796909312752478,-0.007568396485671758,62.52201129111064,0,1.0
2019-07-17,1.1266835325689382,30.684780182282417,0.128029585378794,0.0609251768554983,42.47827390774016,-0.2148507346934636,-0.116384772183764,0.00033181190402586935,0.00782685449139556,-0.00941182483787506,67.4214801393318,0,1.0
2019-07-18,1.1056087250059807,30.75674990379462,0.094150466357366,-0.033879119021428,42.53068622218849,-0.1003681061700234,0.1144826285234401,-0.01870517048820708,0.008160052174997774,-0.021661475935561336,45.93579408491734,0,1.0
2019-07-19,1.1261088911943125,32.773742423495776,0.7654155919794192,0.6712651256220532,42.379237753524485,-0.1543784403358827,-0.0540103341658593,0.01854197215042852,0.009180018339242178,-0.009521562089077396,57.172917433590506,0,1.0
2019-07-22,1.1220693909691886,34.61813646551697,1.3111187610781805,0.5457031690987613,42.65475076562049,0.0588256192934437,0.2132040596293265,-0.003587131099586416,0.008996700880307356,-0.01497787905959691,42.49555547694201,0,1.0
2019-07-23,1.1302318272522311,34.44730396337724,1.2301846865275363,-0.0809340745506439,39.05970937257405,-1.156992283204822,-1.2158179024982658,0.007274448754004625,0.00911348588961661,0.0002647360390042319,46.0744605132213,0,1.0
2019-07-24,1.1357603501282654,35.15668893514089,0.7943155038817054,-0.4358691826458312,39.09050329737013,-1.0962448187181124,0.0607474644867096,0.004891494596710233,0.009104107727840776,0.005257548012683744,53.17301566806061,0,1.0
2019-07-25,1.1357452554111573,36.11198700239737,0.4979501789601386,-0.2963653249215667,35.97964815865869,-2.2250342023206,-1.1287893836024878,-1.3290406824184586e-05,0.008971412808501993,0.0069857023963877385,49.279827939227616,0,1.0
2019-07-26,1.1313570345924435,34.13860594806033,-0.1028993384389664,-0.6008495173991051,35.86605288547904,-1.064552162365004,1.1604820399555962,-0.00386373687039987,0.00869340155978897,-0.0003788779698097322,45.413109853567775,0,1.0
2019-07-29,1.1283505128195923,33.955938648699984,-0.4002500954802954,-0.2973507570413289,35.56674248918149,-1.1745869360628802,-0.1100347736978761,-0.002657447367120702,0.00871417131632649,-0.002753698550108097,48.99289510063548,0,1.0
2019-07-30,1.1317340303749306,34.60863438610825,-0.5011175387630473,-0.1008674432827518,34.01431369290572,-0.6551114885843248,0.5194754474785555,0.0029986405083322065,0.007261303213500762,0.004815922548446316,51.16946791419257,0,1.0
2019-07-31,1.124042550721536,34.71723632884741,0.1928767935956941,0.6939943323587414,33.97425954164602,-0.6305977812776717,0.024513707306653,-0.006796190135633373,0.007388043758323815,-0.002344031638929267,47.81647677269729,0,1.0
2019-08-01,1.1282935838763721,34.738317088163626,0.260792813154552,0.0679160195588579,33.7447681875601,-0.6073247672071318,0.0232730140705399,0.0037819147968263245,0.007314337536409108,0.020517981051812573,48.01330218588264,0,1.0
2019-08-02,1.108242641633982,34.09602552604198,-0.1708696200220956,-0.4316624331766476,33.45672862346896,-0.1858616898122491,0.4214630773948826,-0.01777103276037706,0.008158410437028227,-0.015865472424591354,39.21061457695579,0,1.0
2019-08-05,1.0892901171155192,36.2731295202386,0.5186310637970664,0.689500683819162,34.08542274831952,0.0370544022244985,0.2229160920367476,-0.017101421481598433,0.00884912024959221,-0.029213232370019715,34.7553316315812,0,1.0
2019-08-06,1.0828487472835506,37.0559846835189,0.7725558651184201,0.2539248013213537,34.4297997972308,0.2283438698902316,0.191289467665733,-0.005913364796722442,0.008786531150884708,-0.04192332831740908,32.808018903396004,0,1.0
2019-08-07,1.0827751037682107,37.42810019759707,1.110691557185028,0.3381356920666079,34.35876372121649,0.3006783659158429,0.0723344960256113,-6.800905068660157e-05,0.008786909257215645,-0.04665178385041424,39.27847727299055,0,1.0
2019-08-08,1.0818499939105646,37.49271334634416,0.4065279420351899,-0.704163615149838,34.2726659651898,0.0624144056234285,-0.2382639602924143,-0.0008543878174023245,0.008790963724437401,-0.047453653223567094,24.53748732010824,0,1.0
2019-08-09,1.0848517337310897,37.2093357417856,0.0511170194222287,-0.3554109226129611,33.985551449252895,-0.1480827826593014,-0.21049718828273,0.002774635889837729,0.008769185364502795,-0.04110576894773699,28.329613052685048,0,1.0
2019-08-13,1.072911013347462,37.25838022270263,-0.056573324964809,-0.1076903443870378,33.91865795420178,-0.1467019223382379,0.0013808603210634,-0.011006776329296586,0.008978936649438963,-0.04913322486431515,18.03093579599721,0,1.0
2019-08-14,1.0810630687084686,37.86186940720117,0.1230520202856695,0.1796253452504785,34.060493687483124,-0.0707240925688879,0.07597782976935,0.007598072216233875,0.009247906948102881,-0.044772853255702905,20.361479233510195,0,1.0
2019-08-15,1.0708998887673218,37.94398054031386,0.2448815995094193,0.1218295792237498,34.06111173352963,0.0251867614255729,0.0959108539944608,-0.009401098081436299,0.009373572056495746,-0.047278158571578355,18.344042465277994,0,1.0
2019-08-16,1.0706314922433182,38.38911992371088,0.3769132336694198,0.1320316341600005,34.2935422542097,0.1249614333359687,0.0997746719103958,-0.0002506270911210029,0.008567415188423274,-0.05110557434435614,19.11283711657508,0,1.0
2019-08-19,1.0752931277895668,38.14775142976238,0.0952940075204011,-0.2816192261490187,34.19438630732844,0.0446308732817755,-0.0803305600541932,0.004354099034095116,0.007309392260348579,-0.02973131749905844,23.459987613939475,0,1.0
2019-08-20,1.0827102552834862,38.5684695148894,0.2081629915251781,0.1128689840047769,34.129979118987976,0.0229557951527823,-0.0216750781289931,0.006897772618677855,0.0075816783944982905,-0.006040504479611575,26.428827992553394,0,1.0
2019-08-21,1.078138418399451,38.10017699323101,-0.0963143101599541,-0.3044773016851323,34.33524619359058,0.0139013131269649,-0.0090544820258173,-0.004222585739559914,0.007291212451367055,-0.004349941666290991,27.246191205159292,0,1.0
2019-08-22,1.0776253632526773,38.2288350244779,0.0270278649051718,0.123342175065126,34.38658106565882,0.064064919443453,0.050163606316488,-0.00047587131486814815,0.007107848341374343,-0.004756057372959144,23.918212761136743,0,1.0
2019-08-23,1.0799558457451777,38.842441474921145,0.0913239866772528,0.064296121772081,34.19244548361338,0.0208221215418049,-0.043242797901648,0.0021626091700979178,0.007165932865402007,-0.0017508417766313178,32.19004471037087,0,1.0
2019-08-26,1.0635276652262595,36.86638484998557,-0.4112640477484817,-0.5025880344257345,34.57346253245376,0.0794054462877298,0.0585833247459248,-0.015211900175032267,0.007709068592959818,-0.019656205398216997,33.24688300216117,0,1.0
2019-08-27,1.0713992239345398,38.11651692141939,-0.0374393676861757,0.3738246800623059,34.951658670005,0.1883592014487263,0.1089537551609964,0.007401367134728609,0.008056860264783779,-0.00140905386757606,42.69043018816504,0,1.0
2019-08-28,1.073827791663353,38.24551542099306,-0.1989753513093575,-0.1615359836231817,35.20845096465598,0.3386684936808635,0.1503092922321371,0.002266725301419026,0.008031929610845024,-0.006692742777495431,44.45462520705392,0,1.0
2019-08-29,1.0734094224164643,37.57157140783053,0.2350621859483226,0.4340375372576801,35.306542196429746,0.2443598879919974,-0.094308605688866,-0.0003896055309209334,0.007983029908587732,0.002343387720425749,44.73562599789833,0,1.0
2019-08-30,1.0873695488382076,37.57565290564127,-0.1802880052593707,-0.4153501912076933,35.26805630913954,0.1054658797115095,-0.1388940082804879,0.013005407005200365,0.008594161128342288,0.0156338167858463,51.381512772614045,0,1.0
2019-09-02,1.0856443844255423,38.4850297294464,0.0798381028177743,0.2601261080771451,34.963235404004,-0.0817385202173213,-0.1872043999288308,-0.0015865483951693626,0.007730801990973169,0.009626451028524885,57.868874402759864,0,1.0
2019-09-03,1.0882441392968312,38.3037483009734,0.2440589643809545,0.1642208615631801,34.07535855867772,-0.4103945459173417,-0.3286560257000204,0.0023946652408324276,0.006762301572622586,0.005111140294774552,54.764672854809334,0,1.0
2019-09-04,1.0885633122957288,38.24961659826052,0.2246545642064177,-0.0194044001745368,33.9376630718403,-0.4434644124330802,-0.0330698665157385,0.0002932917232192356,0.006618808315260113,0.009669346457159111,63.4807655463749,0,1.0
2019-09-05,1.107914944937847,38.22228667903511,-0.0875810168037674,-0.3122355810101851,33.93060732087304,-0.34420936104366,0.0992550513894201,0.017777222898782474,0.007685694035323786,0.028107710451194645,72.03600617393573,0,1.0
2019-09-06,1.11168109801161,39.7742929614532,0.4901815534932723,0.5777625702970397,34.71527472376256,0.2133053883616114,0.5575147494052715,0.0033993160675114265,0.007685396856187113,0.02937643459352901,71.7368315919056,0,1.0
2019-09-09,1.120990059498602,38.19061948699398,-0.0196657037555141,-0.5098472572487864,34.2582799296482,0.1068722859359709,-0.1064331024256404,0.008373769693163169,0.007838973421240316,0.05402999484749427,72.36152300773925,0,1.0
2019-09-10,1.1250098252311451,38.65319366924346,0.1436356634027831,0.1633013671582972,34.42464033966796,0.1646776729316386,0.0578053869956676,0.0035859066710557386,0.007254376178327031,0.05003793179887617,77.55814070853253,0,1.0
2019-09-11,1.141684514953887,37.41092083822284,-0.7877907077434543,-0.9314263711462374,34.04102408876834,-0.224750211664741,-0.3894278845963796,0.014821816973301427,0.007693422322331168,0.06319143890420675,81.64897162918157,0,1.0
2019-09-12,1.1506935418706037,38.20522543484965,0.0048686492852283,0.7926593570286826,34.51493402942205,0.0855513665912894,0.3103015782560305,0.007890995103039034,0.007211385557847276,0.07199873397809098,82.78501983773165,0,1.0
2019-09-13,1.16121326646726,38.20749281143212,-0.1485669526037867,-0.153435601889015,34.55199953076129,0.0424530636977777,-0.0430983028935116,0.009142073205308243,0.007251480634229443,0.06791041528425201,97.89793315226386,0,1.0
2019-09-17,1.1626643860773271,38.47373031512211,0.3542698256330965,0.5028367782368832,34.62558872284953,0.1948548780270584,0.1524018143292806,0.001249658139440557,0.007278795343282647,0.07094404277929289,97.75668901539477,0,1.0
2019-09-18,1.1577833641669748,37.64116184192508,-0.1880211976415253,-0.5422910232746219,34.459922336679654,-0.0183372309141276,-0.2131921089411861,-0.004198134877787307,0.007461955079705364,0.06390038995760317,92.83242870773061,0,1.0
2019-09-19,1.1613802987519293,37.64104052579162,-0.1888174285468338,-0.0007962309053084,34.45550636831118,-0.0321643874833768,-0.0138271565692491,0.003106742328727874,0.0072455624918700895,0.06689274352139685,93.47106720774956,0,1.0
2019-09-20,1.1622434868748508,35.608015521438205,-0.9552382645613022,-0.7664208360144684,34.32685502335052,-0.099577899833001,-0.0674135123496242,0.0007432432975220671,0.007213191377753948,0.04903674436854155,92.50032579203406,0,1.0
2019-09-24,1.167150988647841,35.42410632036234,-0.7390185071875806,0.2162197573737216,34.26537480850094,-0.0648491760595746,0.0347287237734263,0.004222438609818413,0.007203108378557962,0.04989730484349009,94.65202781567169,0,1.0
2019-09-25,1.164300756992546,34.79536329692864,-0.9485590762876585,-0.2095405691000778,34.115699340665984,-0.1132690092150596,-0.048419833155485,-0.0024420419320356768,0.005859071205592586,0.038636112003808565,91.55230824129819,0,1.0
2019-09-26,1.1659103722541946,34.51592978166971,-0.3640285799228309,0.5845304963648275,34.03480273658594,-0.0973507622548623,0.0159182469601972,0.001382473774049764,0.005859640108409449,0.03635572428413769,91.66976658972017,0,1.0
2019-09-27,1.154564256761531,34.48310712846933,-0.3136663972976734,0.0503621826251574,33.98356428878897,-0.0939368399039892,0.0034139223508731,-0.009731550351273266,0.0066363115711729655,0.01128134930354574,77.50417689751902,0,1.0
2019-09-30,1.1424056697739393,34.5347798626636,-0.0868611447550122,0.2268052525426611,34.02087851599599,-0.0316069415566673,0.0623298983473219,-0.010530888095995339,0.0073141917161152386,-0.00720250161758218,66.48376123846985,0,1.0
2019-10-01,1.1511065889078094,34.89578355260252,0.1266179236442681,0.2134790683992804,33.576726141801274,-0.1526921982615476,-0.1210852567048803,0.007616312982402951,0.007025380411049241,-0.008703549857123183,66.26365500972281,0,1.0
2019-10-02,1.1444298781294187,35.191814513948415,0.2362357951597005,0.1096178715154323,33.686958228877714,-0.0988686866370969,0.0538235116244507,-0.005800254157806273,0.007226540333060304,-0.015683380489041387,60.194747274566936,0,1.0
2019-10-03,1.1265644895716778,35.08692356117096,0.1840478995024526,-0.0521878956572479,33.27373698445467,-0.2490471771804294,-0.1501784905433325,-0.015610732382260073,0.008303293944063239,-0.026964348911472813,42.160597704511595,0,1.0
2019-10-04,1.1299770756632712,36.26248169353519,0.4555660469775588,0.2715181474751063,33.65609843277288,0.026457430323866,0.2755046075042955,0.0030291972835847503,0.008300315176331736,-0.027039569314552092,38.59723289956647,0,1.0
2019-10-07,1.1281381809805007,36.17518241741199,0.3277893011545245,-0.1277767458230343,33.666594298771145,-0.006787976702185,-0.033245407026051,-0.0016273734417940888,0.007436015260674927,-0.029344372568656518,29.871249585002488,0,1.0
2019-10-08,1.1374568190107017,36.25606365087252,0.3897133632338523,0.0619240620793277,33.53262275083233,0.0862952554592197,0.0930832321614048,0.008260192046777304,0.007598593218579276,-0.025441583759047703,35.99989235983334,0,1.0
2019-10-09,1.1332100106209844,34.32683794307937,-0.6452145834852772,-1.0349279467191297,33.493434277605786,-0.0542213850557047,-0.1405166405149245,-0.0037335996573575336,0.007476126373102399,-0.02670336352942937,36.25530210504241,0,1.0
2019-10-10,1.1346174842945687,33.11578562530585,-1.019798930702052,-0.3745843472167749,33.550858863088166,-0.0385784785609928,0.0156429064947118,0.0012420236852770383,0.00744464684021418,-0.026839874405717556,34.65481736593918,0,1.0
2019-10-11,1.1456583061077517,33.06318402248648,-1.0642932094620008,-0.0444942787599487,33.47392538182302,-0.0195657896697696,0.0190126888912232,0.009730875793834137,0.007001273590469016,-0.007713689906493348,41.484323792956204,0,1.0
2019-10-15,1.164252011949899,33.476080449525654,-0.283585831184574,0.7807073782774268,33.79222108389828,0.0995956020975015,0.1191613917672711,0.01622971329498535,0.007697269005664252,0.019123103774758565,48.694936460518086,0,1.0
2019-10-16,1.17372696259455,34.48677318918965,0.4569958546279338,0.7405816858125078,33.10361220696783,-0.1490822187067806,-0.2486778208042821,0.008138229994365531,0.0076418057566175965,0.019650980981876787,54.004634318537846,0,1.0
2019-10-17,1.1683433091719302,34.70191296090243,0.5462429794719768,0.0892471248440429,32.03203734166203,-0.4806293467203275,-0.3315471280135469,-0.004586802207149576,0.007725222206474146,0.02089549696273063,51.001495014753296,0,1.0
2019-10-18,1.1666980289374267,34.7257868609621,0.4165688038121544,-0.1296741756598223,32.16341352125316,-0.5429358542150453,-0.0623065074947177,-0.0014082164219946236,0.0076652116576955845,0.03562471543995471,55.428280468126644,0,1.0
2019-10-21,1.1710611172180547,34.77077363311054,0.0946668146402913,-0.3219019891718631,31.623687317176696,-0.4933082965970392,0.049627557618006,0.003739689424693493,0.007678220767406329,0.036358296499659604,63.78077581314031,0,1.0
2019-10-23,1.1747466092327352,35.063332783626706,0.1204732742414194,0.025806459601128,31.616327649309973,-0.1385698974506866,0.3547383991463526,0.0031471389157173846,0.007701944353714804,0.04131446753422141,61.9450156523476,0,1.0
2019-10-24,1.1775217812276408,35.203234937847554,0.1591493589618196,0.0386760847204001,31.17319609895092,-0.3300724741007457,-0.1915025766500591,0.002362357952850891,0.007666583204963804,0.03522328192799917,67.40727140238035,0,1.0
2019-10-25,1.179756642849773,35.97997836395892,0.4030682436161328,0.2439188846543132,31.36588750605444,-0.0859332703740847,0.2441392037266609,0.0018979365458549058,0.007641189555617895,0.041075027393449925,83.48728136931217,0,1.0
2019-10-28,1.179403066091985,34.151056984189694,-0.3040919331456635,-0.7071601767617963,31.327180878706216,-0.0963822568679226,-0.0104489864938379,-0.0002997031293962005,0.007642393271026654,0.039471965148907495,82.36277223096435,0,1.0
2019-10-29,1.1906182447060156,32.259447622478646,-0.9812624384563122,-0.6771705053106487,31.30131799815864,0.0427072997359054,0.1390895566038281,0.009509199133416413,0.007482314947289799,0.039243759119602206,86.43632499258277,0,1.0
2019-10-30,1.191008772013492,32.568614617344124,-1.137121248871594,-0.1558588104152818,31.39408125030989,0.0093979147518155,-0.0333093849840899,0.00032800379904540655,0.0069321289506717,0.022981931565469793,84.85974562626973,0,1.0
2019-10-31,1.1930047571157663,32.49884175635583,-0.5507384092779546,0.5863828395936395,31.199285387282544,-0.0426318304745549,-0.0520297452263704,0.0016758777510090805,0.006809888676320769,0.016424428453617912,90.09853345870752,0,1.0
2019-11-01,1.194561586911036,32.22929729218794,-0.0100501100968983,0.5406882991810562,31.094459129898432,-0.0689529560867363,-0.0263211256121813,0.001304965287006521,0.006573131507742827,0.02244055966536762,90.11832815811486,0,1.0
2019-11-05,1.2146852567740893,31.68998068657193,-0.2928779769240748,-0.2828278668271764,30.640148956426835,-0.2513107646276857,-0.1823578085409494,0.01684607146550743,0.005928104565831071,0.04113080389821788,91.18947760377074,0,1.0
2019-11-06,1.2124354540074025,31.16025868373076,-0.4461943575416889,-0.1533163806176141,31.023519050216898,-0.0585887790218819,0.1927219856058037,-0.0018521693205215684,0.006060063294273132,0.03533063832538108,85.71891915196503,0,1.0
2019-11-07,1.2156773597068724,30.70987225607776,-0.5064750120367236,-0.0602806544950347,30.90183402503904,-0.0642083682864651,-0.0056195892645831,0.0026738790001188395,0.005942006768863982,0.034842195033761625,84.2647888790727,0,1.0
2019-11-08,1.2190423542582778,29.74510429754971,-0.648292129674072,-0.1418171176373484,30.60558049452841,-0.011522820632809,0.052685547653656,0.0027679996872005397,0.005849285525975072,0.035260980894424865,92.82276912209329,0,1.0
2019-11-11,1.2194160939583658,29.4621302185296,-0.5660428217337206,0.0822493079403514,30.457299999404725,-0.1887396836040551,-0.177216862971246,0.00030658467179800475,0.00565332332679239,0.03361663725223285,95.50558924212912,0,1.0
2019-11-12,1.2223718018900571,29.251939581418505,-0.4859775582197514,0.0800652635139691,30.375610126684546,-0.1754079661181684,0.0133317174858866,0.002423871512222453,0.005632552756027216,0.036432613271433434,95.39367078007149,0,1.0
2019-11-13,1.217010771889404,29.16406857059645,-0.1936785756510914,0.2922989825686599,30.362651422269487,-0.0809763574196367,0.0944316086985317,-0.004385760529131755,0.0057269081658190965,0.022167077735236074,86.31379714268849,0,1.0
2019-11-14,1.2078688656603735,29.15907018125293,-0.101020012425554,0.0926585632255374,30.48369483960076,0.0087982800653421,0.0897746374849788,-0.007511771004982792,0.005293418401051921,0.01415614564985801,73.5031118015165,0,1.0
2019-11-15,1.2149685832746622,29.6807890783125,0.1429498322979974,0.2439698447235514,30.659107463371924,0.0944991122291298,0.0857008321637877,0.0058778877543193,0.0051749872415308845,0.018410510124030166,75.35985418733793,0,1.0
2019-11-18,1.2190860631379032,29.72091397691836,0.185615135440635,0.0426653031426376,30.712411229507588,0.1165866024126955,0.0220874901835657,0.0033889599450740437,0.004964748251203241,0.020530106187562902,77.11014065053084,0,1.0
2019-11-19,1.1810353593973775,28.296441055972963,-0.2875430417599887,-0.4731581772006237,30.60410025855884,0.0401351396526976,-0.0764514627599979,-0.031212483590029705,0.008955115949564375,-0.02770256507935054,45.20970702390656,0,1.0
2019-11-20,1.1763057827215293,28.316956365274173,-0.4546109043461044,-0.1670678625861157,30.56098951813793,-0.0327059817446659,-0.0728411213973636,-0.004004602096131515,0.008981851557115826,-0.029799253367637446,42.95584531226277,0,1.0
2019-11-21,1.175328453579081,28.45046361135172,-0.4234834551888831,0.0311274491572213,30.67532777079738,-0.0123611529033986,0.0203448288412673,-0.0008308461599051409,0.008958619038751536,-0.03319047262467778,41.44786527578804,0,1.0
2019-11-22,1.1769728720368617,28.437764588250232,0.0471078440924266,0.4705912992813097,30.930213194494435,0.1087043119785278,0.1210654648819264,0.00139911396918313,0.008948191852065298,-0.03451027117676575,41.49744861603529,0,1.0
2019-11-25,1.1836882213834283,27.843349361147474,-0.1578690013755661,-0.2049768454679927,30.256975856876046,-0.1013378870872934,-0.2100421990658212,0.005705610984002574,0.009030486806292221,-0.029299164372155073,32.783951019918675,0,1.0
2019-11-26,1.1878514850140474,27.93333220272024,-0.1723771362104962,-0.01450813483493,30.32696592059387,-0.1161206167345021,-0.0147827296472087,0.0035171961293600784,0.009059532778801878,-0.028240439465826772,36.630009563881366,0,1.0
2019-11-27,1.189928259972173,27.83547066902852,-0.2007646397405729,-0.0283875035300766,30.517602376272396,-0.1375369394073473,-0.0214163226728452,0.001748345634388082,0.008811476775650091,-0.022253305018151703,35.81660531398809,0,1.0
2019-11-28,1.1891159302767889,27.809078898217216,-0.0114234876434196,0.1893411520971533,30.68368856611504,0.142237569746328,0.2797745091536754,-0.0006826711514550388,0.008812445051959435,-0.01552563851650568,33.038623732564105,0,1.0
2019-11-29,1.1824194403868653,26.6076361938908,-0.441898669609813,-0.4304751819663934,30.784016605958485,0.1523502284548712,0.0101126587085431,-0.005631486148171327,0.008888617979166834,-0.02679011073691162,30.433763104983527,0,1.0
2019-12-02,1.1937512502566463,26.988595842086013,-0.2822916089808309,0.1596070606289821,30.97734752235961,0.1532483820290764,0.0008981535742051,0.009583578790004932,0.009161149340276956,-0.020781808313061756,36.095482897317716,0,1.0
2019-12-03,1.1900039273233676,27.02362045807186,-0.2618194800484552,0.0204721289323757,31.235928725804712,0.1840800532298878,0.0308316712008114,-0.0031391153998565624,0.008274737887192686,0.0075938183007207005,36.67045786806488,0,1.0
2019-12-04,1.1867827552846169,27.421751526906988,0.2713717776720656,0.5331912577205209,31.316347861696848,0.17744375191279,-0.0066363013170978,-0.0027068583260863033,0.00828161327447665,0.008906674367312739,38.946695291252944,0,1.0
2019-12-05,1.1923461481987352,25.81042456589598,-0.3927237587300105,-0.6640955364020762,31.52597321165,0.1828752297634643,0.0054314778506743,0.004687793860624678,0.008341120631399683,0.014479096943354364,37.94722501395546,0,1.0
2019-12-06,1.1923226405749623,25.92937389011594,-0.3647488559853116,0.0279749027446989,31.67695463970881,0.1470086379680317,-0.0358665917954326,-1.9715435663036907e-05,0.008299172189746224,0.013041735202899307,35.09058689587552,0,1.0
2019-12-09,1.1977619056481577,25.64300057092688,-0.5929169853266991,-0.2281681293413875,31.70020380019732,0.1279519795001533,-0.0190566584678784,0.0045619070611393475,0.008390482317199473,0.011889688526494524,64.63594693245037,0,1.0
2019-12-10,1.1972196685322676,26.04788163532175,0.0791523564752552,0.6720693418019543,31.777083878787245,0.0837035557124181,-0.0442484237877351,-0.0004527086003763836,0.008355783012206722,0.007886662294410929,69.74697292787373,0,1.0
2019-12-11,1.1944761920208578,25.977320909823614,0.0159823399025604,-0.0631700165726947,31.883624022548496,0.0688897942798973,-0.0148137614325207,-0.002291539793004893,0.008324254468761495,0.003822022050969043,67.49584702901224,0,1.0
2019-12-12,1.1945772230267508,26.043793112326675,0.1335975137999305,0.11761517389737,31.886556759978724,0.0621176532604685,-0.0067721410194288,8.458184982496064e-05,0.008178758995251136,0.004592733652715175,66.55246731313761,0,1.0
2019-12-13,1.217038533604971,26.143391242323425,0.0318365356672245,-0.101760978132706,31.880911689747386,0.0346092703200398,-0.0275083829404287,0.018802727982129896,0.00916243528688618,0.0292781833887803,74.19375715777028,0,1.0
2019-12-16,1.2144294928919972,28.57167745878069,0.8647855163190279,0.8329489806518033,32.471405932366324,0.1959273032726152,0.1613180329525754,-0.0021437617963052658,0.009142214957142812,0.017322069929480932,69.72564858661957,0,1.0
2019-12-17,1.2211662266889785,28.80560022446204,0.9206023707117872,0.0558168543927592,32.62280785580607,0.2454170319424449,0.0494897286698297,0.00554724159484854,0.005563651998136003,0.02618671976629794,71.68426243516177,0,1.0
2019-12-18,1.2159461338673596,28.810778861006572,0.8891292062277145,-0.0314731644840726,32.17406527528583,0.0977178618461493,-0.1476991700962955,-0.004274678342335414,0.005578500714060258,0.024573476866664334,67.55056104960062,0,1.0
2019-12-19,1.214936669933093,28.161404487811964,-0.1367576569895767,-1.0258868632172913,32.111405220905,-0.1200002371537749,-0.2177180989999243,-0.0008301880372414416,0.005578485167629994,0.01894627811603633,72.98042070836348,0,1.0
2019-12-20,1.2111588497963763,27.357137322140098,-0.4828209674406452,-0.3460633104510684,32.26001425538817,-0.120931200139303,-0.000930962985528,-0.003109479061920717,0.005680314963921109,0.015797912897410837,63.772735711847815,0,1.0
2019-12-23,1.2098370918621684,27.050477239695084,-0.5867672071038292,-0.103946239663184,31.54085602946344,-0.2110697486074606,-0.0901385484681576,-0.001091316745470805,0.005615122266189556,0.010081457889977274,66.31813881242182,0,1.0
2019-12-24,1.2077187732805506,27.037757696990475,-0.374548930273832,0.2122182768299971,31.616164585094467,-0.1650802119368428,0.0459895366706177,-0.0017509122474971273,0.00561971993728152,0.008769572555681782,67.54391920362843,0,1.0
2019-12-25,1.204894823043972,24.9062038958064,-0.8169778087778958,-0.4424288785040637,31.65476268530567,-0.2017505233608325,-0.0366703114239896,-0.002338251502796318,0.005659284226072381,0.008722342975700181,61.02153027393416,0,1.0
2019-12-26,1.2110336687279428,25.30901620570864,-0.5804870113288167,0.236490797449079,31.53891138973496,-0.0006482132428331,0.2011023101179994,0.00509492245012888,0.005735151684890292,0.013775958041034375,64.83981252351882,0,1.0
2019-12-27,1.2106777777590463,25.48847604643961,-0.516427216850289,0.0640597944785277,31.62203216798111,0.0019558609622194,0.0026040742050525,-0.00029387371968803144,0.0055344699968897,-0.005226421078947774,61.142062449825914,0,1.0
2019-12-30,1.2036241447664455,25.339573332852037,0.1444564790152114,0.6608836958655004,31.5340063615406,-0.0402521079216953,-0.0422079688839147,-0.005826185234569126,0.00537569538869404,-0.00889746847288786,54.966915269418855,0,1.0
2020-01-06,1.1865484638152912,25.551397118401567,0.0807936375643088,-0.0636628414509026,31.59067838705465,0.0172556657732343,0.0575077736949296,-0.014186888012675869,0.00625669034024289,-0.02834811683872751,44.969943511572495,0,1.0
2020-01-07,1.205096658300887,27.325000989042536,0.6121749808676391,0.5313813433033303,32.00724828930803,0.1284053737756423,0.1111497080024079,0.01563205806693735,0.007140133375979557,-0.008922661345174387,55.40840920239435,0,1.0
2020-01-08,1.1910068688580584,27.82486736615329,0.8284313444337599,0.2162563635661207,32.40222572668124,0.2894064550468762,0.1610010812712339,-0.011691833468938873,0.007594458467511129,-0.01969633616898936,35.35559442868026,0,1.0
2020-01-09,1.2117444906325567,27.668696580134657,0.705766487244361,-0.1226648571893989,32.753438417718684,0.3875866768880129,0.0981802218411367,0.01741184061715928,0.008537306348112525,0.0004835375939984399,48.74541742916137,0,1.0
2020-01-10,1.2151224587042295,29.015976887019875,0.5636586326591129,-0.1421078545852481,32.65203554388783,0.2149290848599321,-0.1726575920280808,0.002787690059898207,0.008505785730713696,0.004368659944063991,47.08450329905512,0,1.0
2020-01-14,1.2233209395475866,28.84431102025785,0.3398145513681854,-0.2238440812909274,32.68273118254592,0.0935018186215614,-0.1214272662383706,0.006747040830847428,0.008603819222403154,0.01291870807361506,53.45821269719286,0,1.0
2020-01-15,1.2162680986334355,28.86571319224909,0.3990055373714796,0.0591909860032942,32.6130413245768,-0.0467990310472927,-0.1403008496688542,-0.005765323461854099,0.008710586876465667,0.009439226870218365,50.59084908549975,0,1.0
2020-01-16,1.2159081461177372,29.150764528268603,0.044929213749576,-0.3540763236219035,32.68174649782502,0.009903651312392,0.0567026823596847,-0.0002959483325286616,0.008712969596982279,0.00402505521990526,52.17353279287968,0,1.0
2020-01-17,1.2213424232807386,29.007391282347065,0.0543600873630687,0.0094308736134927,32.65258702717378,-0.0100480517907115,-0.0199517031031035,0.004469315532059204,0.007694734883703061,0.008808822394867466,55.07444374102065,0,1.0
2020-01-20,1.226679626365484,29.187181240260983,0.1071560160039659,0.0527959286408972,32.711101447286495,0.0326867075698942,0.0427347593606057,0.004369948167696203,0.007727885939524094,0.019155050768371096,58.13181892739377,0,1.0
2020-01-21,1.2208691374125369,29.35559381653093,0.0682764294207771,-0.0388795865831888,32.51432727996439,-0.0558064059535396,-0.0884931135234339,-0.0047367616026712245,0.007718629396682135,0.028924797127029445,56.67985214812383,0,1.0
2020-01-22,1.2269781473865171,29.959434343464693,0.3173476870392093,0.2490712576184321,32.59903769064253,-0.0178497788437397,0.0379566271097999,0.005003820464269726,0.0077259997470438165,0.018157455615619655,56.669040066740784,0,1.0
2020-01-23,1.2182538512787577,29.82610077439942,0.2129731780461483,-0.104374508993061,31.60652341989738,-0.3681926757963794,-0.3503428969526396,-0.007110392411097344,0.007907543305341247,0.02287726723761363,52.96149904228059,0,1.0
2020-01-24,1.2213131610284729,30.928713943429702,0.5243733756329227,0.3114001975867744,31.809580745633117,-0.2349155114437593,0.13327716435262,0.0025112251822589915,0.007884854173237288,0.007896607304499481,57.13755396197556,0,1.0
2020-01-27,1.2031073723450343,31.36972927982156,0.4700983121189495,-0.0542750635139732,31.650699905686423,-0.3161125949853662,-0.0811970835416069,-0.01490673257635855,0.008599495770039713,-0.009887963367912533,56.62116804473979,0,1.0
2020-01-28,1.1950486874378952,33.20508265313632,1.126327292912304,0.6562289807933546,31.96023675201548,0.117904444039361,0.4340170390247273,-0.006698225854465112,0.008715503512555803,-0.023111066929130786,45.61437370893779,0,1.0
2020-01-29,1.201634247364926,32.32753308208934,0.4662730462198787,-0.6600542466924253,32.06880722146089,0.0864088252759245,-0.0314956187634365,0.005510704288667734,0.008804215031896368,-0.01203176444811116,54.96367646757109,0,1.0
2020-01-30,1.1827671004231561,33.188639461157365,0.606303393778596,0.1400303475587172,32.027973546602624,0.1257578803054038,0.0393490550294792,-0.015701239360598862,0.009368514405531119,-0.027256208292046447,36.22498928016037,0,1.0
2020-01-31,1.2224089801356124,34.61119683592679,0.4687047275968297,-0.1375986661817663,32.42328314083563,0.154348796273382,0.0285909159679782,0.03351621777294422,0.012162693885613352,0.0008732660346053578,52.57574519407109,0,1.0
2020-02-03,1.2149728513755282,35.26249703500825,0.978321317639633,0.5096165900428034,32.321728250639865,0.0843070097263236,-0.0700417865470584,-0.006083175828157983,0.012169920525237318,-0.009543465741451707,47.03300546517488,0,1.0
2020-02-04,1.2204199935901736,35.8571706553556,0.8895103980660792,-0.0888109195735538,32.3535630049102,0.1085298194358586,0.0242228097095349,0.0044833447994154785,0.011687382554880544,-0.00036788858740022246,51.49266193426489,0,1.0
2020-02-05,1.2334425732623293,35.77371707561912,0.3875067465641137,-0.5020036515019655,32.26852595880828,-0.0515857273424487,-0.1601155467783073,0.010670572213297147,0.011420631635395972,0.005268574578594976,55.777805918712545,0,1.0
2020-02-06,1.2615340802713002,36.30494074253178,0.3474812358411725,-0.0400255107229412,32.400513352517024,0.0262617006257244,0.0778474279681731,0.022774880337291803,0.011956869910630077,0.03552644545068562,61.5230537815339,0,1.0
2020-02-07,1.259097553566059,38.52440484893987,0.8890780645280927,0.5415968286869202,33.22761470517001,0.2913505667532661,0.2650888661275417,-0.0019313998276743183,0.011498886704238917,0.030937513606885014,59.45150845445694,0,1.0
2020-02-10,1.251397916493867,37.88745863003625,0.7045805181390392,-0.1844975463890534,32.08773946983389,-0.0602621629914565,-0.3516127297447227,-0.006115202948639542,0.011637494392341638,0.04013818322358653,58.80374436015419,0,1.0
2020-02-12,1.2555501978955077,37.99312839890176,0.5627292187899968,-0.1418512993490424,31.47359321092836,-0.308973380529558,-0.2487112175381014,0.0033181143638743027,0.01158180249773298,0.050626816374589545,58.333519717666576,0,1.0
2020-02-13,1.2510830884255197,37.74463017541802,-0.2599248911739522,-0.822654109963949,31.362333430879996,-0.6217604247633446,-0.3127870442337865,-0.003557889981201434,0.011520640782812414,0.04115132468055949,59.819042095486246,1,13.406142380162244
2020-02-14,1.2431863346213592,37.62748634542692,-0.0866574282031109,0.1732674629708412,31.222224279278585,-0.2885050635184321,0.3332553612449125,-0.006311933937256375,0.011647143958528559,0.05108295130680163,56.35815811959577,0,1.0
2020-02-17,1.2353852827694936,37.6655937447086,-0.1091782180643861,-0.0225207898612751,31.30702264959585,-0.0555235204441686,0.2329815430742634,-0.0062750463342582385,0.011734598500357496,0.010615352835874559,59.98673069100739,0,1.0
2020-02-18,1.2192626206715051,37.436324155119394,-0.1027686734328767,0.0064095446315093,31.417492547606408,0.0183863722421371,0.0739098926863057,-0.013050715694009618,0.012084230567265654,0.0035307532107571316,57.1356820362443,0,1.0
2020-02-19,1.225317516976506,37.68521236919432,0.0192420079224646,0.1220106813553414,31.64238472843624,0.1400534830525543,0.1216671108104172,0.004966031273611948,0.012088732766165787,0.004012981934133242,57.001196421181334,1,10.874830843346228
2020-02-20,1.230947321054265,37.67641690825487,0.0036077211820995,-0.0156342867403651,31.586266497549097,0.0930812826510809,-0.0469722004014734,0.004594567530259885,0.012080607234192456,-0.002022998283142341,65.45228766686975,1,8.805130718614356
2020-02-21,1.2322929236634206,37.21289810871048,-0.0744753488029772,-0.0780830699850767,31.51992129603157,0.0341429161417181,-0.0589383665093627,0.0010931439438066626,0.011956887621556665,-0.02317904610360677,54.20222533487097,1,7.647826659298969
2020-02-25,1.194676116781726,36.99293550035566,-0.2307589562795513,-0.1562836074765741,31.589125135865608,-0.0177531975235432,-0.0518961136652613,-0.03052586455650952,0.013821488136794829,-0.05116477003856956,43.13298970446649,1,3.570025135068732
2020-02-26,1.1856206897867538,42.23763595202863,1.5204063479245846,1.751165304204136,34.25762245192449,0.8904519847917953,0.9082051823153384,-0.007579817548680867,0.013527784595622086,-0.052562998419724005,38.50693718165394,1,2.30460034066311
2020-02-27,1.159199897159532,41.699845755170415,1.4956492154866368,-0.0247571324379478,33.511335382744434,0.6638046955709527,-0.2266472892208426,-0.022284355236727338,0.014320554551401625,-0.07673950503729221,27.473666744976256,1,1.558006350021211
2020-02-28,1.1169055043227547,43.59554783979058,2.2008707798116447,0.7052215643250079,33.939153665795125,0.7833428433098462,0.1195381477388934,-0.03648584936939203,0.016205111171385678,-0.10724913904129796,9.59954462036194,0,1.0
2020-03-02,1.124733597427834,48.16310150878575,1.975155185585713,-0.2257155942259316,36.61369202246921,0.7853565235149063,0.00201368020506,0.007008733572162029,0.01610228141294894,-0.09528156310502123,13.564354635742347,0,1.0
2020-03-03,1.1110589799747628,47.44997169055573,1.9167086451284447,-0.0584465404572682,36.540743729152624,1.0098027821360631,0.2244462586211568,-0.012158094578435197,0.013819035615556776,-0.10063767516803779,13.138600124745096,1,19.79859029595993
2020-03-04,1.1078182386754813,47.89429919786052,1.432917119356638,-0.4837915257718066,37.0770670020366,1.0459711120804869,0.0361683299444237,-0.0029168040200305834,0.01382016131130106,-0.09140309897686039,11.010046749482896,1,11.859110959877379
2020-03-05,1.118716551164438,47.24711661825427,-0.3053282968438253,-1.7382454162004637,36.9241957660926,0.1035012478744619,-0.942469864206025,0.009837635912175235,0.014053518108018434,-0.08699864674676983,16.212332026458654,1,7.351113359098982
2020-03-06,1.0879879913511805,47.28726797848819,-0.0542345706891751,0.2510937261546502,36.73423756375256,0.0644979448666447,-0.0390033030078171,-0.027467690346829166,0.01450318844502883,-0.11613765045659674,14.519890709928745,1,3.6140866531936195
2020-03-09,1.02734833325851,49.62224046200075,0.5759804213800663,0.6302149920692415,38.43941068975992,0.4541145625744462,0.3896166177078015,-0.055735595038472474,0.016717253024866822,-0.16631158588141626,11.694592415349788,0,1.0
2020-03-10,1.0417600336367165,56.3097856725295,3.020889684758416,2.4449092633783494,43.61785909187233,2.231221108593246,1.7771065460187998,0.014028056416362622,0.017489685462633985,-0.1279979410293577,17.10958744904977,0,1.0
2020-03-11,1.0241029078612442,55.20173500601072,2.638155675840842,-0.3827340089175735,43.55210027877085,2.272620905006093,0.0413997964128469,-0.01694932153792883,0.017554136375893575,-0.13623056962219526,14.252870844745019,0,1.0
2020-03-12,0.983183247979236,54.74069048615869,1.7061500080526455,-0.9320056677881964,43.58437942106154,1.714989577100539,-0.557631327905554,-0.03995658987773576,0.018491174760505893,-0.1518432235989685,10.887363474817477,0,1.0
2020-03-13,0.9375651401759688,56.88341431011258,0.1912095458610281,-1.5149404621916176,45.58213701885053,0.6547593089927375,-1.0602302681078015,-0.04639837781718448,0.019891718689022262,-0.16056896796791276,9.179429145262816,0,1.0
2020-03-16,0.9175229370420095,59.86016137862028,1.5528087908698467,1.3615992450088186,48.52853881686057,1.6588128460299032,1.0040535370371657,-0.021376864683980923,0.01986536875168759,-0.1842308799698853,9.649175863990806,0,1.0
2020-03-17,0.935079767661423,59.21267548795028,1.490661667263872,-0.0621471236059747,48.43654914765699,1.6173899088651496,-0.0414229371647536,0.01913503184565024,0.02121171670781492,-0.15838872236767942,14.404802667864445,0,1.0
2020-03-18,0.9345344752851465,57.678311471675,0.2649657205207987,-1.2256959467430733,47.55167384956242,0.6565122769039675,-0.960877631961182,-0.0005831506520991292,0.021411315177853163,-0.1564189479291428,15.547956852743383,0,1.0
2020-03-19,0.9398794373942774,55.21659581431575,-1.5478551881015008,-1.8128209086222995,46.03531671751594,-0.8310740331148736,-1.4875863100188411,0.0057193846246281765,0.021445198450699726,-0.15985918290385037,19.383867854306175,0,1.0
2020-03-23,0.947009008473687,51.07335348456459,-2.7131073344619026,-1.1652521463604018,43.79325857157775,-1.5477635253597484,-0.7166894922448748,0.007585623002005049,0.02158396990656111,-0.12957770122298018,19.18861573805235,0,1.0
2020-03-24,0.981181939900721,49.02352408291772,-2.8849291295857498,-0.1718217951238472,42.66840777280677,-1.6277553589185558,-0.0799918335588074,0.03608511758733024,0.024047144940177102,-0.04493742955844393,28.977879259515035,0,1.0
2020-03-25,1.0537436846287518,49.93407706020531,-1.7608395847034828,1.124089544882267,43.45134474471495,-0.8613239909336698,0.766431367984886,0.0739534043353598,0.030164207024819353,0.011503273887558452,42.851567617073044,0,1.0
2020-03-26,1.025205774113688,55.964536737889446,1.6303944177749443,3.391234002478427,47.94879233044057,1.3851779196209435,2.2465019105546133,-0.02708240242039328,0.03053678668048302,0.001076909599589948,38.189094773294265,0,1.0
2020-03-27,1.065100545251714,55.26545165901915,2.0806425253671463,0.450248107592202,47.79901479652565,1.710202341239622,0.3250244216186786,0.038913915767315954,0.03193777221659397,0.08331844286489298,47.17461588293174,0,1.0
2020-03-30,1.0476129799798772,56.457390283945685,2.174437741246784,0.0937952158796378,48.7545238741115,1.767726376465525,0.0575240352259029,-0.01641869901371973,0.03116071817760421,0.11737620682361749,52.799909590578075,0,1.0
2020-03-31,1.025253776411108,55.47205066673767,-0.164162023717246,-2.33859976496403,48.36829334122756,0.1398336702623339,-1.6278927062031912,-0.021342999749009106,0.03133832834055999,0.11741487326345279,47.768386573349794,0,1.0
2020-04-01,0.9887492595159544,55.2498706419081,-0.0051936723703533,0.1589683513468927,48.18631724890379,0.1291008174593741,-0.0107328528029597,-0.035605347412557165,0.03208315277609679,0.05739562945389731,45.45203270901431,0,1.0
2020-04-02,0.9769710306897561,55.39505899251756,-0.3541104304760338,-0.3489167581056804,48.93456699918876,0.0600143750257586,-0.0690864424336155,-0.01191225046475819,0.0321106013283451,0.04540929898991819,49.13607335289151,0,1.0
2020-04-03,0.9770265424046576,55.10587525317864,-0.1220584711863566,0.2320519592896772,48.81068184786098,0.1474628355444665,0.0874484605187078,5.6820226145504193e-05,0.03193424707133207,0.0395232659982081,56.28423829535436,0,1.0
2020-04-06,1.018548253702226,54.68077758233716,-0.189697686523651,-0.0676392153372944,48.82645838378207,0.2133803782927614,0.0659175427482949,0.042498038175477815,0.033292965598488725,0.07554230697745967,65.05814433092647,0,1.0
2020-04-07,1.0358347890935569,55.95443830697985,0.1864597714874349,0.376157458011086,49.68433487838746,0.2499226263995595,0.036542248106798,0.01697173926566342,0.031102524444316142,0.05570103460971354,65.02996662345848,0,1.0
2020-04-08,1.053423020777757,56.02652702957195,0.3068839254644402,0.1204241539770052,49.71276979941344,0.3006959838508294,0.0507733574512698,0.01697976537319379,0.031175185182958476,-0.00030430915570112127,66.8768666366328,0,1.0
2020-04-09,1.0457871160829073,55.98006930875656,0.4330972421398016,0.1262133166753614,49.5946080724238,0.2560498962139093,-0.0446460876369201,-0.007248659412447678,0.030955693022233943,0.020075327791645003,64.93700920767989,0,1.0
2020-04-10,1.05510436785228,55.61139569715039,-0.1143475366098272,-0.5474447787496288,49.50190503053216,-0.060809949285101,-0.3168598454990103,0.008909319713434005,0.02940088478670757,-0.009385196021162057,65.15205320468462,0,1.0
2020-04-13,1.0358477964390487,55.556824080520826,-0.1565676496837014,-0.0422201130738741,49.48215255581246,-0.0768724145336605,-0.0160624652485594,-0.018250868823933564,0.027474951117080294,-0.011230467515832565,57.99709629609665,0,1.0
2020-04-14,1.0589837561068978,55.61778563421512,-0.1207612248471434,0.0358064248365579,49.64107628833302,0.0154894053030716,0.0923618198367322,0.022335288782178164,0.0269710177269785,0.03289915187034098,50.8961680358475,0,1.0
2020-04-15,1.0609636863257117,55.96974747625725,0.1194505930356228,0.2402118178827663,49.92412092782122,0.1407386324296951,0.1252492271266234,0.0018696511701865592,0.026856254111388825,0.07303613743802972,56.72642164699526,0,1.0
2020-04-16,1.0459280135026299,55.773143911109656,0.0721066101962719,-0.0473439828393509,49.86005562294467,0.1259676890440602,-0.0147709433856348,-0.014171712959519689,0.027218889963838193,0.07058242327225317,46.02135192915548,0,1.0
2020-04-17,1.0656745564203778,55.86068174710704,0.0809653709639732,0.0088587607677013,50.00437943026421,0.1211010473104039,-0.0048666417336562,0.018879447402522676,0.027370592475778856,0.09073245215789094,53.713290455572576,0,1.0
2020-04-20,1.0540133480805485,55.880713778764814,-0.0296778991641559,-0.1106432701281292,50.02784260905285,0.0345738937438753,-0.0865271535665286,-0.010942560530861845,0.02764940757958946,0.03481925794817653,56.18475363273946,0,1.0
2020-04-21,1.0410045896139601,55.74614155714275,-0.0090007846556332,0.0206771145085227,50.05639039910868,0.0654449253880002,0.0308710316441249,-0.012342119281770425,0.026962564591377438,0.004990950849340869,62.50079549378708,0,1.0
2020-04-22,1.0365642675309747,55.72890542853206,-0.0439254395249903,-0.0349246548693571,50.16136165230839,0.0523274073480592,-0.0131175180399409,-0.004265420275074927,0.021241010491543484,-0.016003782824430046,64.77493023326251,0,1.0
2020-04-23,1.0477720049724033,55.74051622928352,-0.0467325164937619,-0.0028070769687715,50.0871768043738,0.0197780651069905,-0.0325493422410687,0.01081239030950254,0.020429847726660608,0.0018979856023955133,66.62077937004703,0,1.0
2020-04-24,1.0441671056118718,55.88897907569246,0.0476125061832348,0.0943450226769968,50.12654541118583,0.0233850040257053,0.0036069389187147,-0.0034405379638163813,0.018420532475930507,-0.010366047732957129,57.323625632568245,0,1.0
2020-04-27,1.0650310280258126,55.92316015503156,0.0647515754998337,0.0171390693165989,49.94826013167092,-0.0710338402124861,-0.0944188442381914,0.01998140173331242,0.01859678435740653,0.028173281525613714,58.17900111370591,0,1.0
2020-04-28,1.0643457622452934,56.06572417747944,0.1084026493986343,0.0436510738988005,50.11642997044589,0.0097510553573698,0.080784895569856,-0.0006434233017506008,0.01784952923186258,0.005063350695867053,53.37998051240866,0,1.0
2020-04-30,1.0752139311707714,55.59491553348512,-0.0980211807357704,-0.2064238301344048,49.97786673728426,-0.0495595579671928,-0.0593106133245626,0.010211126225138534,0.015559145861202309,0.013431416200879287,58.92737704274684,0,1.0
2020-05-01,1.050742761016073,55.43567544271491,-0.1624949041055501,-0.0644737233697796,49.73801154542045,-0.0700828620834954,-0.0205233041163026,-0.022759349972384046,0.016324752823277385,0.004603325899379396,48.78821452791029,0,1.0
2020-05-07,1.047984545782338,55.7072630280058,-0.1194870498245563,0.0430078542809937,50.06725872801651,-0.0163904141431245,0.0536924479403708,-0.0026250147382101963,0.016367833112254683,-0.01659982452566089,53.71227583857505,0,1.0
2020-05-08,1.0695591939465998,55.46469423454484,-0.0434070996467568,0.0760799501777995,49.84342261430049,-0.0448147076612457,-0.0284242935181211,0.020586799920943477,0.014222598962948169,0.014749192592638183,53.265909738229745,0,1.0
2020-05-11,1.0838011116094062,55.76562622111571,0.109983592800269,0.1533906924470258,50.00021177637693,0.0874000769854888,0.1322147846467345,0.013315689064627323,0.014049823795196155,0.041110790886442095,56.55613152501591,0,1.0
2020-05-12,1.0806029965020096,55.56788454319245,-0.0464594949377783,-0.1564430877380473,49.697616308112,-0.1232141399681694,-0.2106142169536582,-0.0029508320974569457,0.013659663772017714,0.0424852856214426,60.68034018696932,0,1.0
2020-05-13,1.0769269504662589,55.520133526992254,0.0184797641491343,0.0649392590869126,49.58242692618154,-0.086998562706313,0.0362155772618564,-0.003401846975855549,0.01355873155636296,0.027825658020538047,53.84669890738574,0,1.0
2020-05-14,1.0579671536697113,55.2739014224794,-0.163908266212104,-0.1823880303612384,49.377703803055816,-0.2075026577737091,-0.1205040950673961,-0.017605462272384242,0.014087788914295898,0.01321632139498674,51.28738986667666,0,1.0
2020-05-15,1.062034070132841,55.273608745850666,-0.0980919324472608,0.0658163337648432,49.47867031450589,-0.0729819978687089,0.1345206599050001,0.0038440857535351203,0.013412437542426093,-0.002813962987094243,57.270742694414395,0,1.0
2020-05-18,1.0615728336016115,55.2439628427054,-0.0920568947622868,0.006035037684974,49.38835645076311,-0.064690158472807,0.0082918393959019,-0.00043429541876360833,0.012469211515546405,-0.0026052893167275437,58.89110912409464,0,1.0
2020-05-19,1.0811270038762613,54.791970680709085,-0.1606435805901043,-0.0685866858278174,49.02813926657532,-0.1165215121601619,-0.0518313536873549,0.01841999875628697,0.013118416317029582,0.005499438329497286,61.194117974656926,0,1.0
2020-05-20,1.0872570957486685,54.47466272903479,-0.2663153389386252,-0.1056717583485209,49.21844957410222,-0.0867402468012272,0.0297812653589346,0.005670094124398339,0.012650730806181613,0.03475097434626728,64.22021013242315,0,1.0
2020-05-21,1.0820103719893066,54.42972017378713,-0.2714142229727585,-0.0050988840341332,49.17607006824889,-0.0707621275047358,0.0159781192964914,-0.0048256514304457765,0.012085422402142366,0.032467870202768756,56.24734481937272,0,1.0
2020-05-22,1.0732306755548422,54.12760867686006,-0.221454001283007,0.0499602216897514,49.16981207501782,0.0472242694808286,0.1179863969855645,-0.008114244245480462,0.011956271595250098,0.003432705388371149,53.08531973453867,0,1.0
2020-05-25,1.0902414466731876,53.39040756475589,-0.3614183880929644,-0.1399643868099573,49.170195243776654,-0.0160847767751874,-0.0633090462560161,0.015850060481686468,0.01196588523809905,0.005942358791473978,55.0048504591115,0,1.0
2020-05-26,1.1161634390149078,53.647228909192265,-0.2608304215316153,0.1005879665613491,49.388169918519,0.070699950090038,0.0867847268652255,0.023776377627928058,0.01276244558360122,0.032907962154473,71.57953958611806,0,1.0
2020-05-27,1.1273034240223376,53.70567008154558,-0.1406461984381621,0.1201842230934531,49.702656088746565,0.1776146712429138,0.1069147211528758,0.009980603752136608,0.012739669316483543,0.04677798576242154,74.79302112393611,0,1.0
2020-05-28,1.152705689973582,53.52518449815223,0.0449256444654437,0.1855718429036059,49.74795277591327,0.1925858440455385,0.0149711728026247,0.022533654568888117,0.013281368609430523,0.08954771041355714,75.38208542874597,0,1.0
2020-05-29,1.1432298238777054,53.61983882666186,-0.0091300275101389,-0.0540556719755827,49.91418072052788,0.1753369340029564,-0.0172489100425821,-0.008220542483913351,0.01310756484403241,0.076453059302239,68.68549218242346,0,1.0
2020-06-01,1.1466022409847871,52.87042771187552,-0.2784141232233423,-0.2692840957132034,49.88254653285317,0.059963481368868,-0.1153734526340883,0.002949903017437805,0.013070474641120712,0.08009757285771468,70.7286694933086,0,1.0
2020-06-02,1.159515902033953,50.42867275913824,-1.0321705796713374,-0.753756456447995,49.840402114623934,0.0308164462368907,-0.0291470351319773,0.011262546493956416,0.013099657440894363,0.0725066508158958,74.51647872463568,0,1.0
2020-06-03,1.1703259197049432,50.60761325114088,-1.004075191840336,0.0280953878310015,50.08170489889953,0.0558413927905547,0.025024946553664,0.009322871425935464,0.011539498603177434,0.07640219068800347,85.04950465035049,0,1.0
2020-06-04,1.175862787274285,50.443943522459975,-0.8088280631385061,0.1952471287018298,50.14634266336215,0.0879320435029882,0.0320906507124334,0.004731047545061484,0.01138419888707672,0.08673892387226201,85.18536687126608,0,1.0
2020-06-05,1.1832162596024955,49.01628736884082,-0.470795130099134,0.3380329330393721,50.136934751146725,0.0988442121742636,0.0109121686712754,0.006253682323986265,0.010845019178821462,0.10248084270494107,86.06429575948164,0,1.0
2020-06-08,1.1966181510630158,46.55296375297653,-1.35154983272146,-0.8807547026223261,50.082866509748,0.0003872036161567,-0.0984570085581069,0.011326662688883937,0.01077477928547006,0.0975716936045965,85.53667362837385,0,1.0
2020-06-09,1.1947318255745523,46.14157110888978,-1.4341241378567275,-0.0825743051352674,50.06915759615807,-0.0257283557346923,-0.026115559350849,-0.0015763804742455756,0.010725546041044235,0.07039147118901035,83.95684145721303,0,1.0
2020-06-10,1.191145469583303,46.89498841604743,-0.7070996509311414,0.7270244869255862,50.01867396076653,-0.0394202634600659,-0.0136919077253736,-0.0030018083677686436,0.010709242415971074,0.05663253051531614,84.84705042292097,0,1.0
2020-06-11,1.1656210427911209,47.82213725023847,0.4230578324206533,1.130157483351795,49.985499932512326,-0.0324555257452274,0.0069647377148385,-0.02142847153766314,0.011160587023463054,0.011204380207262554,76.65060888085858,0,1.0
2020-06-12,1.1546557505922868,50.836497407808885,1.5649754329730428,1.1419176005523894,50.26086820681631,0.0639035368860874,0.0963590626313148,-0.00940725312626245,0.011611795931163888,0.009994426733747952,69.25219128975887,0,1.0
2020-06-15,1.1237520488474593,52.53219103020655,1.879067538053036,0.3140921050799932,50.30473306077438,0.0953530333359395,0.0314494964498521,-0.02676442890357167,0.013508889798955608,-0.019928612835870996,52.20250120773461,0,1.0
2020-06-16,1.1710874400931006,53.18382256853013,1.7872284394305495,-0.0918390986224864,50.62715752049692,0.2138858626615416,0.118532829325602,0.042122629537529654,0.015786427504109933,0.009979628600909729,60.501378150700546,0,1.0
2020-06-17,1.1680989917109932,49.993567158236615,-0.280976749857416,-2.0682051892879656,51.599031615392086,0.4460544695252508,0.2321686068637092,-0.0025518575981566816,0.01585091636280009,-0.001902827200914614,54.13678033200158,0,1.0
2020-06-18,1.16464252714444,49.98810424074165,-0.8480289298216306,-0.5670521799642145,51.5605260477826,0.418597662336083,-0.0274568071891678,-0.0029590510659461833,0.015803431517361355,-0.009542150879571776,55.94682560390925,0,1.0
2020-06-19,1.1645541180997403,48.83285548069344,-1.4503223626122337,-0.6022934327906029,51.60470809774632,0.3258501924164605,-0.0927474699196224,-7.59108847900869e-05,0.015585070630909062,-0.015772384254611915,55.07830365641784,0,1.0
2020-06-22,1.1637718841160969,49.23015033404958,-0.254472274729018,1.1958500878832157,51.54953305456832,-0.0164995202745856,-0.3423497126910462,-0.0006717025610796235,0.015371814042399923,-0.027449246794175708,51.29267410375652,0,1.0
2020-06-23,1.1691795129048257,49.03681919503818,-0.3170950152344858,-0.0626227405054677,51.53394688443569,-0.0088597211156411,0.0076397991589445,0.004646639829106958,0.01461228827672204,-0.021387488072847072,49.63998585228618,0,1.0
2020-06-24,1.1658206330817513,47.277094736027976,-0.5185869148884876,-0.2014918996540018,51.51134667908022,-0.031120472888702,-0.0222607517730608,-0.0028728521035484844,0.01454493040632368,-0.021260909895758684,46.80265437544009,0,1.0
2020-06-25,1.1515589275638027,47.25726883969405,-0.6576271647851755,-0.1390402498966878,51.45901931964576,-0.0301712449741842,0.0009492279145177,-0.012233190178019826,0.014001561996710198,-0.012064054020203607,40.345263376728106,0,1.0
2020-06-26,1.1623224559937444,47.94761153204824,-0.3630692209966497,0.2945579437885257,51.45114458451383,-0.0276007666406172,0.0025704783335669,0.009346919356278738,0.014006934636751343,0.006639819182059137,39.369551825259784,0,1.0
2020-06-29,1.1401455813262216,46.42645517078134,-0.2835465217488746,0.0795226992477751,51.48041812313674,-0.0103095186478299,0.0172912479927873,-0.01907979541577587,0.01468859227877013,0.01458821142579958,34.97069320445918,0,1.0
2020-06-30,1.1476294971951397,47.19395292334315,-0.0211053054502983,0.2624412162985763,51.64148018894301,0.0608202897657434,0.0711298084135734,0.006564000239524637,0.01453268804168016,-0.020030906399351345,38.270431435577144,0,1.0
2020-07-01,1.1350155014742325,47.4796633502956,-0.1559827272508869,-0.1348774218005886,51.62674578334145,0.0585337329425428,-0.0022865568232006,-0.010991348472426443,0.014526136671653792,-0.028322505602287218,41.1332732745964,0,1.0
2020-07-02,1.1394928826601938,47.95741027002606,0.5103183664149071,0.666301093665794,51.65121908000256,0.0569336522886132,-0.0016000806539295,0.003944775362227038,0.014509636200822415,-0.02159430374392224,45.43558113144491,0,1.0
2020-07-03,1.1476567481032711,48.10370009039944,0.303249055685427,-0.2070693107294801,51.63046207775187,-0.0036727037303805,-0.0606063560189937,0.007164472518703668,0.014536559133102095,-0.014509733582876772,58.33737173811566,0,1.0
2020-07-06,1.1635611738396143,47.63561072149545,0.0519824570666216,-0.2512665986188054,51.61543390737813,-0.0037706253211027,-9.79215907221942e-05,0.013858172979532846,0.0146638994711148,-0.000181058057303507,46.637891062729835,0,1.0
2020-07-07,1.1599807032672411,47.61604522727565,-0.1137883475834655,-0.1657708046500872,51.76388589192817,0.0375556039751998,0.0413262292963025,-0.0030771657329868862,0.014669236260465714,-0.007867747883068987,46.39250605952498,0,1.0
2020-07-08,1.1501668565988437,47.92285951494715,-0.0602801918174336,0.0535081557660319,51.56805780761898,-0.0208014233776339,-0.0583570273528337,-0.008460353384116992,0.014751676422193041,-0.013427259767678112,43.91150059067582,0,1.0
2020-07-09,1.151907809208644,47.74162128186983,0.0353368534581264,0.09561704527556,51.60212850210729,-0.0044351350902829,0.0163662882873509,0.0015136522147305431,0.014005563928455155,0.00030296464774015597,44.75386217474337,0,1.0
2020-07-10,1.1381247328540416,47.60233546223327,-0.0045699216807975,-0.0399067751389239,51.56742648427188,-0.0654864692187544,-0.0610513341284715,-0.01196543355676305,0.01410254657005953,-0.020818425226943216,40.396522831734636,0,1.0
2020-07-13,1.1647671409183364,47.89726760501415,-0.0085306366443234,-0.0039607149635259,51.659477534673584,0.0304732423515332,0.0959597115702877,0.02340904058686477,0.013664130822641268,0.021595101533854022,48.57449595409297,0,1.0
2020-07-14,1.1584355527001253,48.54744628234529,0.2686083334918123,0.2771389701361357,51.95804840056436,0.118639966152358,0.0881667238008248,-0.005435926199994889,0.009916955622942121,0.009415979226218951,47.65906796705802,0,1.0
2020-07-15,1.176104605897757,48.55249679813302,0.3167204452999215,0.0481121118081091,51.919242476341886,0.1172719973566671,-0.0013679687956908,0.015252512888134229,0.010504449696461306,0.03620135969081928,57.616004230746285,0,1.0
2020-07-16,1.1654443021691603,48.65675126832694,0.2531612211042571,-0.0635592241956644,51.9852461079697,0.108589524432034,-0.008682472924633,-0.009064077867851905,0.010694004641343683,0.02277453409659036,50.96926364297281,0,1.0
2020-07-17,1.1617755546980548,48.48915097276263,-0.0194317698608799,-0.272592990965137,51.813549685321405,-0.0481662384143177,-0.1567557628463518,-0.0031479389141780834,0.01071852639762086,0.012302290400085125,57.58765231163646,0,1.0
2020-07-20,1.1623762717895016,48.10735478637922,-0.1483806705846078,-0.1289489007237279,51.76844891513687,-0.0502645204016687,-0.0020982819873509,0.0005170681109769593,0.010718280899463853,-0.0010183410006735505,55.4355636342652,0,1.0
2020-07-21,1.1697220384452633,48.30060674633326,-0.1187148406645519,0.0296658299200558,51.69695036604716,-0.0960985806408487,-0.04583406023918,0.0063196116731225604,0.010762933939618606,0.008397842438744307,63.30949688574202,0,1.0
2020-07-22,1.1617179449594504,48.51146576691039,0.0074382647159154,0.1261531053804674,51.61685399995241,-0.0655652284563288,0.0305333521845199,-0.006842731198303809,0.010856421915034617,0.0100429675001803,58.29854974983915,0,1.0
2020-07-27,1.1626256984430177,47.25764693877035,-0.2832359492029539,-0.2906742139188694,51.56133895025128,-0.0690366549618559,-0.0034714265055271,0.0007813888797241209,0.010475536082584435,0.009304467899854396,55.9094242961251,0,1.0
2020-07-28,1.1573113925929086,47.55730942379948,-0.2477657741779282,0.0354701750250256,51.47667272092154,-0.0734258817085447,-0.0043892267466887,-0.004570951646110988,0.01032015421579153,0.01685813442499673,47.30759296546434,0,1.0
2020-07-29,1.1432417879995689,46.811986957006575,-0.566492936634603,-0.3187271624566747,51.34659760597934,-0.0900854646576903,-0.0166595829491456,-0.012157146886645043,0.009752893388424489,-0.018480391627288095,43.3865578960376,0,1.0
2020-07-30,1.1379847652850754,46.88672766469618,-0.1236397580247228,0.4428531786098801,51.17851041210669,-0.1276095127148693,-0.037524048057179,-0.0045983472347456145,0.009687539134267894,-0.017653798148185684,45.00715110530236,0,1.0
2020-07-31,1.1038231756182484,46.969894734656734,-0.1958048963809275,-0.0721651383562047,50.96559328467988,-0.170359812080548,-0.0427502993656787,-0.03001937346522321,0.011541691224816996,-0.061458334502766276,34.43016783584791,0,1.0
2020-08-03,1.1211136195008629,48.13177674720609,0.439929930066512,0.6357348264474396,50.912262691717416,-0.1447783047539772,0.0255815073265708,0.015664142830603467,0.012107169786080228,-0.03803758153503156,44.61412508930553,0,1.0
2020-08-04,1.14245309274397,47.37473074107771,0.1626676921271723,-0.2772622379393397,50.75956425196013,-0.1396487200488536,0.0051295847051235,0.019034175369850415,0.012787022541700215,-0.016631837256299242,42.689693212028516,0,1.0
2020-08-05,1.1416665668954313,47.72981101991432,0.2533054284191962,0.0906377362920238,50.7533080767174,-0.0707617359874959,0.0688869840613577,-0.0006884535159772387,0.012354728011053225,-0.017816696190973813,44.29918745738492,0,1.0
2020-08-06,1.1393368516539861,48.46410092831557,0.1107747270364996,-0.1425307013826966,50.68024161152244,-0.0773403600649942,-0.0065786240774983,-0.0020406266671892936,0.012347183728821874,-0.025976416441348515,36.04491685172133,0,1.0
2020-08-07,1.1382729966883975,47.68537881239136,0.1035493571045478,-0.0072253699319517,50.59607507482774,-0.0544963923774517,0.0228439676875424,-0.0009337492805961967,0.012216224148844837,-0.02018127409736381,38.87694804829691,0,1.0
2020-08-11,1.1669292643680194,47.71800795808316,-0.0039343539437126,-0.1074837110482604,50.46085801023621,-0.0974833554937433,-0.0429869631162915,0.025175215227798642,0.013495077592697583,0.003701591948952254,51.75144771591666,0,1.0
2020-08-12,1.1811667567376467,48.68756858800219,0.0744892198955398,0.0784235738392524,50.597880227505456,-0.0274537946723256,0.0700295608214176,0.012200818682302828,0.013379514778657228,0.020612744588378362,55.84412415245882,0,1.0
2020-08-13,1.1951797977100607,48.60239039733512,0.3056705283145788,0.231181308419039,50.63712332237027,0.0136827491808517,0.0411365438531774,0.011863727871175067,0.012632822650181903,0.045430468213878195,57.60245452998685,0,1.0
2020-08-14,1.1945850835997305,48.24690814459021,0.1763000621690196,-0.1293704661455592,50.59258847928507,0.043910156349618,0.0302274071687662,-0.0004975938444321537,0.012540814723591904,0.04973732517453877,60.26958129799729,0,1.0
2020-08-17,1.185016116456534,47.7106703971136,-0.3256327302961992,-0.5019327924652188,50.59270366979845,-0.001725519235677,-0.0456356755852951,-0.008010285139641637,0.012285321537835694,0.07355611173212573,56.636832279163926,0,1.0
2020-08-18,1.1836339266210005,48.23027740168071,-0.1240376652181325,0.2015950650780666,50.61402800575459,-0.0076984388718841,-0.005972919636207,-0.001166389061160289,0.012088797965614103,0.05576625422494885,57.98858569693427,0,1.0
2020-08-19,1.1858737700193307,47.88023281514218,-0.1222251098160143,0.0018125554021182,50.58210873095234,-0.0034932494442472,0.0042051894276369,0.001892344708912086,0.012053681737137618,0.03800652959070017,63.93920478260816,0,1.0
2020-08-20,1.1740648313752367,48.16229125446378,0.1505402857833928,0.2727653955994071,50.55217125070666,-0.013510806363925,-0.0100175569196778,-0.00995800644439715,0.012305125467335164,0.02837804436010316,61.312276433590355,0,1.0
2020-08-21,1.1757822271019878,48.52774229935093,0.0991549658900723,-0.0513853198933205,50.49168807216465,-0.0407799778633091,-0.027269171499384,0.0014627775918809593,0.01223345051736644,0.03198823543282536,78.32389810852479,0,1.0
2020-08-24,1.17782986628527,48.30645041391449,0.1420725329241108,0.0429175670340384,50.55746338311512,-0.0082151159457453,0.0325648619175638,0.0017415122767496793,0.012118616674593848,0.03475165422702298,75.36821121324991,0,1.0
2020-08-25,1.190562743075759,48.35218232660132,0.0632970240458377,-0.0787755088782731,50.58176489818696,0.0098645491600919,0.0180796651058372,0.010810455019829801,0.012325334423000028,0.02025270890822939,73.31357880801258,0,1.0
2020-08-26,1.1909379720861553,48.7049275051189,0.0590617352559945,-0.0042352887898431,50.67702937311688,0.0617804336507461,0.0519158844906542,0.0003151694545948658,0.012251875104582909,0.0082725113052593,73.97211488433001,0,1.0
2020-08-27,1.1854919489310745,48.815188774040095,0.1695794533751993,0.1105177181192047,50.65578523447402,0.0327739504529631,-0.0290064831977829,-0.004572885643692293,0.011919639077341329,-0.008105766845748152,71.79502620924512,0,1.0
2020-08-28,1.1769985351183434,48.86230180257292,0.1700398253238688,0.0004603719486695,50.504280011590055,-0.0258282955322926,-0.0586022459852557,-0.007164463512712493,0.012006580124096002,-0.01472188856434764,67.08770652843872,0,1.0
2020-08-31,1.1855772746976814,48.48819440389112,-0.0722443670759318,-0.2422841923998007,50.45836024330353,-0.0728897099377832,-0.0470614144054906,0.007288657821885369,0.009432267408376148,0.0004735448179602475,60.00038052871719,0,1.0
2020-09-01,1.1830400504278051,47.74517491428048,-0.3566712865865398,-0.2844269195106079,50.26033162376609,-0.1318178702359773,-0.0589281602981941,-0.002140074986274665,0.0090689833886382,-0.0005017397523326972,51.14874918840799,0,1.0
2020-09-02,1.1881002364929982,46.64739697263423,-0.7383016099795654,-0.3816303233930256,50.29545404503648,-0.069608655517861,0.0622092147181163,0.004277273675868498,0.008234652511038623,0.0018774902775962055,45.12315274765035,0,1.0
2020-09-03,1.1945799339679988,46.45385742750548,-0.6781123254618677,0.0601892845176976,50.31434825805442,-0.0480039950830359,0.021604660434825,0.00545383064153504,0.008243926380503063,0.01747356878813222,49.99671865739048,0,1.0
2020-09-04,1.183889997946096,45.08856565745965,-0.8855364189402763,-0.2074240934784086,50.349078604454434,0.0295823268961115,0.0775863219791475,-0.00894869880025051,0.008573486209551305,0.00689563990441644,49.29254432193138,0,1.0
2020-09-07,1.1768407471740394,40.75495974657972,-1.9641457420181752,-1.0786093230778988,50.34286462466847,0.0158035265439977,-0.0137788003521137,-0.0059543122961475126,0.00873449149751436,-0.0008397809730790184,46.016029334662704,0,1.0
2020-09-08,1.184029552481014,40.32206897489871,-2.043929484202252,-0.0797837421840768,50.25230403542008,-0.020681407544778,-0.0364849340887758,0.006108562542754603,0.00688186030429636,-0.005487481136749572,48.977767161555015,0,1.0
2020-09-09,1.1711516322963493,40.14723506414438,-1.6471101977717597,0.3968192864304924,50.24781606693063,-0.0337541791746076,-0.0130727716298295,-0.010876350305345284,0.006795000469296119,-0.016614080878743276,48.404152161851854,0,1.0
2020-09-10,1.1859886524711682,40.26430922179756,-0.1635501749273871,1.4835600228443724,50.300163962813926,-0.0142335539515059,0.0195206252231017,0.012668743965909002,0.006873424254054974,0.00041898516522320683,54.888417487477724,0,1.0
2020-09-11,1.1931574918261172,40.63531201993612,0.1044143483458057,0.2679645232731928,50.36718953413059,0.0382951662368284,0.0525287201883344,0.006044610410067319,0.007020799772551912,0.013728952267684003,56.99794679779596,0,1.0
2020-09-14,1.2028011002265344,40.50087052940198,0.1178784884192012,0.0134641400733954,49.892480240949055,-0.1184452753271898,-0.1567404415640183,0.00808242706137463,0.0069808909828121294,0.014527796624007605,55.7497084303008,0,1.0
2020-09-15,1.1960242034848336,40.253030547297925,-0.0037595581665499,-0.1216380465857511,49.82981724980976,-0.1567822376680467,-0.0383369623408569,-0.005634262173874305,0.007116235185011137,0.01097524386628601,52.253984460628196,0,1.0
2020-09-16,1.1981446229969104,39.94512445358065,-0.2300625221184873,-0.2263029639519373,49.6279514953188,-0.2464126796039352,-0.0896304419358884,0.0017728901354157056,0.0071150947465247185,0.00845415748216749,55.77737345288846,0,1.0
2020-09-17,1.1927672722616773,39.81767367497007,-0.2277322848106422,0.002330237307845,48.98074504611812,-0.3039117316103059,-0.0574990520063707,-0.0044880648229115305,0.006787978102493962,-0.0015174051185510296,57.41110332506115,0,1.0
2020-09-18,1.1960160594625875,38.49026477180523,-0.5875885918308938,-0.3598563070202516,49.06039302378221,-0.256474742009189,0.0474369896011168,0.002723739388615032,0.0068001820376443105,0.010242557617285986,55.164854503368666,0,1.0
2020-09-23,1.1939195763680208,38.3290402511569,-0.5386947341412522,0.0488938576896416,48.93770867625384,-0.230080939688321,0.026393802320868,-0.001752888749260384,0.006821616238597236,0.014512438692315,55.40650211285679,0,1.0
2020-09-24,1.1815908581980548,37.59754211140107,-0.7400438545230017,-0.2013491203817494,48.91894959289725,-0.0205984844069533,0.2094824552813676,-0.010326255146490548,0.006810223892599006,-0.0020596566005040007,46.98315116414249,0,1.0
2020-09-25,1.1857608904405106,37.77767715736493,-0.237529204813427,0.5025146497095747,48.95534119333476,-0.0350172768158145,-0.0144187924088612,0.0035291676586048926,0.006864600903318694,0.012474266987542837,45.823290841278705,0,1.0
2020-09-28,1.20310044260801,37.71768999187435,-0.2037834197608532,0.0337457850525737,48.54348593893943,-0.1314075791048026,-0.096390302288988,0.014623143930019289,0.007530063708507058,0.014428291620823819,58.558997516039526,0,1.0
2020-09-29,1.3120763360849899,37.41603993309728,-0.0605007261012602,0.143282693659593,46.96755082549342,-0.6504662558012839,-0.5190586766964813,0.09057921484988252,0.02127944554229023,0.09966734909141661,81.5749200468139,0,1.0
2020-09-30,1.282754397442555,37.14431912453836,-0.2111193442755237,-0.1506186181742634,46.963075227056585,-0.6640886554260632,-0.0136223996247792,-0.022347738341144452,0.02217258445560228,0.06647258403817746,70.89118826182607,0,1.0
2020-10-01,1.282754397442555,38.39840723361269,0.2269057472461071,0.4380250915216308,47.21909002103639,-0.4414653059676681,0.2226233494583951,0.0,0.022145678518541177,0.07251541708354825,74.97761809961449,0,1.0
2020-10-02,1.272592965754673,38.63716740767535,0.4070424915260275,0.1801367442799204,46.38716160411565,-0.1934630737925928,0.2480022321750752,-0.007921572288616563,0.022313023078512698,0.06213635760559999,69.79708602284865,0,1.0
2020-10-05,1.2927968744414238,37.93165001080168,0.2624436287544398,-0.1445988627715877,44.87788275354316,-0.6950641578378054,-0.5016010840452125,0.015876175046095176,0.02247805114341634,0.08386346985365756,71.49577668991101,0,1.0
2020-10-06,1.300469017282577,37.09225462285672,-0.435384203585329,-0.6978278323397689,44.8880432277553,-0.777015597760375,-0.0819514399225695,0.00593453077806072,0.02226561788230166,0.0873340763224566,71.25123069078325,0,1.0
2020-10-07,1.3037285086309696,37.19798039056013,-0.4797290057050674,-0.0443448021197383,45.28744394170689,-0.3665725541362548,0.4104430436241202,0.00250639677306852,0.022127844020796646,0.09197347496134922,73.7993056798814,0,1.0
2020-10-08,1.310561450423586,36.64609664616712,-0.4285177882115221,0.0512112174935452,45.87189730869207,0.3313381850496384,0.6979107391858932,0.005241077223809176,0.022127139621609993,0.10914995772920388,74.33383992623072,0,1.0
2020-10-09,1.3032490076470504,36.98617714384318,-0.0353591596711737,0.3931586285403483,47.19259678236722,0.7681845182039808,0.4368463331543424,-0.005579626025297935,0.021954211408017493,0.09908246945376398,73.7162866998387,0,1.0
2020-10-12,1.3003668259962615,37.00698288101523,-0.0636658365149713,-0.0283066768437976,48.08683774619621,0.933131268163102,0.164946749959121,-0.002211535657328123,0.021953354323844352,0.08084643637683575,72.4355094402877,0,1.0
2020-10-13,1.3059204003225107,37.12991740717726,0.1612735870033788,0.2249394235183501,47.78502695275274,0.6377098813535582,-0.2954213868095436,0.004270775149923134,0.021951783056158948,-0.004691751229084273,73.72755544311302,0,1.0
2020-10-14,1.301276600170064,37.29754688835061,0.103789914835815,-0.0574836721675637,44.25226096531261,-0.9801119390182008,-1.6178218203717591,-0.003555959575560541,0.022012799673453747,0.0144393991277183,76.20901594915138,0,1.0
2020-10-15,1.2930363638240148,37.39678906277413,0.1299353939196308,0.0261454790838158,44.184131787242166,-1.3009019863180171,-0.3207900472998162,-0.006332424901033584,0.02202969934858176,0.008015537816092433,73.07996721465328,0,1.0
2020-10-16,1.2837302305282716,37.574323190641024,0.1481352611545858,0.018199867234955,43.30004533925937,-1.4949938711644606,-0.1940918848464434,-0.007197116458675046,0.022171006531215783,0.008751631569009932,67.96835212681171,0,1.0
2020-10-19,1.2987570133146449,37.64922412764059,0.1172257464299946,-0.0309095147245912,43.582140747110486,-0.2233734060673669,1.2716204650970937,0.011705561206726056,0.02215275277382031,0.004610267081436303,44.89356367516456,0,1.0
2020-10-20,1.2898098364381405,37.98499633096951,0.1960690893984633,0.0788433429684687,43.51620489873652,-0.2226422961685514,0.0007311098988154,-0.006889030653755346,0.02229686440254405,-0.008196412757844551,53.20578657011063,0,1.0
2020-10-21,1.2980780708047743,38.57260889229268,0.3327619005505511,0.1366928111520877,42.59076931177444,-0.2364253424949822,-0.0137830463264307,0.006410428989646055,0.0222605522417946,-0.004334060188749489,56.47604231690763,0,1.0
2020-10-22,1.286293586420855,35.88344345687784,-0.5885935569209195,-0.9213554574714706,42.55584094982477,-0.3420999324285674,-0.1056745899335851,-0.009078409572556234,0.022218767885282736,-0.01851715079433136,55.71175570333029,0,1.0
2020-10-23,1.2910340879543079,36.51404499270152,-0.4903171127559957,0.0982764441649237,42.912625146190805,-0.2011932508485685,0.1409066815799988,0.003685396229521354,0.02221844415207801,-0.00937266755705879,49.15632028967937,0,1.0
2020-10-26,1.2874388004224588,34.888275709283135,-1.2281110610031831,-0.7377939482471874,41.81598113555833,-0.2582627254053733,-0.0570694745568047,-0.002784812241128254,0.022141264031359967,-0.00994182973246649,43.510413114264175,0,1.0
2020-10-27,1.2858129838665895,35.027910028961244,-0.2851778093055301,0.942933251697653,41.72183736412504,-0.2780011952332444,-0.019738469827871,-0.0012628301674113551,0.008441284662079187,-0.015397122558890586,40.929729471980544,0,1.0
2020-10-28,1.2793782653450088,35.37509747324731,-0.3796491731514066,-0.0944713638458765,41.79746439241548,-0.3717202512584379,-0.0937190560251934,-0.005004396908663056,0.0068759927053875635,-0.016828347502900853,34.14866287009771,0,1.0
2020-10-29,1.2808445598655769,36.05304166907342,0.3882553199300957,0.7679044930815024,41.92836004590605,0.0374596367825716,0.4091798880410096,0.0011460992892298183,0.006881725606263697,-0.009428817548782553,37.891480400865156,0,1.0
2020-10-30,1.2584512888576247,32.2866851934006,-0.9137416118535456,-1.3019969317836413,41.913644281612086,0.0639356391623451,0.0264760023797734,-0.017483207338056972,0.007736275314752197,-0.01969178653699255,31.292101688635952,0,1.0
2020-11-02,1.2835356310097024,32.222827954647244,-1.050756506200024,-0.1370148943464784,41.72497436395123,-0.0241633428214171,-0.0880989819837623,0.019932708062819326,0.008226681263944777,-0.01171996158549704,41.49237376371907,0,1.0
2020-11-04,1.3013794475058955,34.32546659965354,-0.5758583564732902,0.4748981497267337,41.753756011579256,-0.0582013447755969,-0.0340380019541797,0.013902081146088818,0.008723767828344737,0.00897001305223788,50.035524108457274,0,1.0
2020-11-05,1.3176723445553182,34.373855754753706,0.6957235204510326,1.2715818769243228,41.80014187742174,-0.0378341347301116,0.0203672100454852,0.012519712894381474,0.009147916563194365,0.015094834579861605,58.06099728262304,0,1.0
2020-11-06,1.3224047373018362,33.459552716831794,0.4122415873948526,-0.2834819330561799,41.355497383241655,-0.1231589935698593,-0.0853248588397477,0.003591479145838017,0.009110962674253554,0.028073801550594357,63.04490894964812,0,1.0
2020-11-09,1.3465088947780783,33.33609294840295,-0.3297912170835317,-0.7420328044783844,41.2146050076488,-0.179717001310145,-0.0565580077402856,0.01822751900104569,0.009805098982464672,0.04296928124622368,65.17730979336099,0,1.0
2020-11-10,1.3657929543670493,33.30798010577016,-0.3552918829945142,-0.0255006659109824,41.09675426643387,-0.2344625369959629,-0.0547455356858179,0.0143215241011454,0.010150627405698462,0.06086048821806478,72.6611970702976,0,1.0
2020-11-11,1.3927808505779264,34.681916180592495,0.4074544879202335,0.7627463709147477,40.73531184077899,-0.2067285141542214,0.0277340228417415,0.019759873650383675,0.010858534645833234,0.0831908435001738,75.40720405871517,0,1.0
2020-11-12,1.2754537355661466,35.52372309223726,0.7292100479447683,0.3217555600245347,40.99113191969991,-0.0744910293162988,0.1322374848379226,-0.08423946593112308,0.02239337004749636,-0.003067528881150583,48.14330520466012,0,1.0
2020-11-13,1.2591344780894416,35.402736356037366,0.6982520834224033,-0.0309579645223649,40.79344992763025,-0.1011014462678687,-0.0266104169515699,-0.012794864307219433,0.022524349117748126,-0.01694981768780257,44.74455980846217,0,1.0
2020-11-16,1.2832628656884724,35.68043361977256,0.3328391463933542,-0.3654129370290491,41.01964378509683,0.0947773147726138,0.1958787610404826,0.01916267723495446,0.022915180886455437,0.019715961237856572,49.35561419986829,0,1.0
2020-11-17,1.2873009947299772,36.35073018769256,0.2756690318184311,-0.057170114574923,40.99089176653362,-8.005105543418267e-05,-0.094857365828048,0.003146766846820803,0.022769273316573066,0.0029335872174525157,50.22791718950475,0,1.0
2020-11-18,1.2737317221011657,36.12130132146534,0.23952165514266,-0.0361473766757711,40.99408677678538,0.0668789497183794,0.0669590007738136,-0.010540870149531534,0.0228403824436761,-0.021244937790985463,49.15362271425428,0,1.0
2020-11-19,1.2766113600062992,36.56659970450615,0.2953886949111961,0.0558670397685361,41.15449491876036,0.0449503778878437,-0.0219285718305357,0.0022607884024299363,0.022794356887400318,-0.031161756349129544,49.36815014034227,0,1.0
2020-11-20,1.2737760797229165,37.04795950785105,0.2324097733861592,-0.0629789215250369,40.37384602788387,-0.2056819128832501,-0.2506322907710938,-0.0022209423887381563,0.02271116514602293,-0.036772900313514434,52.42921631228084,0,1.0
2020-11-24,1.2984896950598632,36.98476311010174,0.2878205962121356,0.0554108228259764,40.44252551608447,-0.1838537535669715,0.0218281593162785,0.01940185228028679,0.023122089998301436,-0.03566199963805605,52.373239692580995,0,1.0
2020-11-25,1.303600412538081,37.525942262078544,0.3197808525241328,0.0319602563119971,40.273111357491615,-0.2937945204229137,-0.1099407668559422,0.003935893752304409,0.023119878392596757,-0.04553584906856567,50.36731680770799,0,1.0
2020-11-26,1.3117422133105687,37.31388618373735,0.0886422252954375,-0.2311386272286952,40.21143414684133,-0.0541372936808457,0.239657226742068,0.006245626109181668,0.023144061647387706,-0.05818477273989742,48.99206299407575,0,1.0
2020-11-27,1.3164475466322352,37.28249254588,0.0992431452594218,0.0106009199639842,40.24394736844974,-0.0661927158782447,-0.0120554221973989,0.003587086909242032,0.023101293323900197,0.032140570781183486,48.98737059055694,0,1.0
2020-11-30,1.293830354818088,37.46068587674135,-0.0217521284457333,-0.1209952737051551,40.42573340371905,0.0508740154091427,0.1170667312873874,-0.017180473215212322,0.023484424093862127,0.027555338474483326,40.99997352616145,0,1.0
2020-12-01,1.3018164779353345,38.79546185582389,0.4938585573621807,0.5156106858079141,40.54486014057697,0.1111419979118792,0.0602679825027365,0.0061724654144239555,0.023109068250876767,0.014458154087477748,38.63084101170861,0,1.0
2020-12-02,1.3081163906705637,38.714099634071474,0.4772023627304875,-0.0166561946316932,40.701064484835655,0.1523723721286387,0.0412303742167594,0.004839324775809173,0.022734648396623987,0.01616979713819977,33.76033230630361,0,1.0
2020-12-03,1.3104400863311163,38.318131398509294,0.28581517392265,-0.1913871888078375,41.11734856005332,0.2305383854447598,0.078166013316121,0.0017763676666120443,0.022539062120331636,0.028819541503917412,62.00890568300998,0,1.0
2020-12-04,1.310346100759115,38.2888720903193,-0.1688632551681976,-0.4546784290908476,40.7360440743665,0.0637279779298438,-0.1668104075149159,-7.172061735716273e-05,0.022363723823809332,0.026425223689572563,69.78152149091426,0,1.0
2020-12-07,1.3030664301044623,38.16095880136395,-0.1843802775691756,-0.0155170224009779,40.70111154599341,1.5687052581370153e-05,-0.0637122908772624,-0.005555532733249269,0.022379269388266558,0.022994897492436328,58.794207500293005,0,1.0
2020-12-08,1.3007887214493747,37.911075059402776,-0.1356854463688392,0.0486948312003363,40.75450154972995,-0.1209490034411189,-0.1209646904937002,-0.0017479605049030011,0.02194149629929798,0.0017705388023163682,56.08465511425493,0,1.0
2020-12-09,1.31798615242873,37.81441178292802,-0.1581534357970966,-0.0224679894282573,40.59834195576964,-0.0459007061989567,0.0750482972421622,0.013220771902291206,0.021901098626945562,0.01103539071657722,69.33147682526737,0,1.0
2020-12-10,1.319065852680457,37.86986299732136,-0.0970319346808565,0.06112150111624,40.45368450548772,-0.0824756801685637,-0.036574973969607,0.0008192045491051125,0.021333650089176013,0.005583139198825471,68.84150373770433,0,1.0
2020-12-11,1.320128643140427,37.78968137831214,-0.0404645603635458,0.0565673743173107,40.013030956391816,-0.2471568644460475,-0.1646811842774838,0.0008057144818132134,0.009215192752969448,0.002796234850077406,70.90030593976272,0,1.0
2020-12-14,1.3270492439790231,37.79072799471986,-0.0078945960693914,0.0325699642941543,40.02027868541913,-0.1926877567834992,0.0544691076625483,0.005242368518065588,0.008575912871682021,0.025674841401912785,65.33865350820673,0,1.0
2020-12-15,1.3201643634627487,37.47368002601219,-0.1320609904363863,-0.1241663943669948,39.71986817395019,-0.2446054438458418,-0.0519176870623425,-0.005188112308199488,0.007804276434708743,0.014094064592356181,58.72973902342224,0,1.0
2020-12-16,1.3253237433930771,37.55534112465287,-0.0781134178864277,0.0539475725499585,39.79397492210401,-0.0730186780959343,0.1715867657499075,0.003908134527124796,0.007814851644320537,0.013154297924279135,57.39023065826451,0,1.0
2020-12-17,1.3357982462289089,37.32805526025288,-0.1542242448223234,-0.0761108269358956,39.90314946623337,-0.0390430730619186,0.0339756050340156,0.007903354095969872,0.00739812224876953,0.019350873162609528,59.907423868891414,0,1.0
2020-12-18,1.3358251543107824,37.20773362051955,-0.0886488018308782,0.0655754429914452,39.69990997040127,-0.0066527345163081,0.0323903385456105,2.014382183057606e-05,0.00741740452492958,0.019444521975458873,77.97143691424888,0,1.0
2020-12-21,1.3339710572973094,35.47114728293619,-0.6947312805722277,-0.6060824787413495,39.60007005255781,-0.0646349565154054,-0.0579822219990973,-0.0013879788140609417,0.00739300766239481,0.023716847030100796,73.32230081522881,0,1.0
2020-12-22,1.3155935911757815,35.25700976378833,-0.6903484988215212,0.0043827817507064,39.59945971569289,-0.101229916846826,-0.0365949603314206,-0.01377651038303751,0.007078106337565865,0.011381456098351395,54.614825609936,0,1.0
2020-12-23,1.3185335806823089,35.79408913331234,-0.4712148290690692,0.2191336697524519,39.7590915663005,0.0197271986330775,0.1209571154799036,0.0022347247100069634,0.007047053912297847,0.00041535205250076146,54.9574803710803,0,1.0
2020-12-24,1.3250115329301007,35.09493204563671,-0.1254050790998206,0.3458097499692485,39.64017082633231,0.0133669245915015,-0.006360274041576,0.004912997547199094,0.006996919407256988,0.004507493115344818,58.33139374780551,0,1.0
2020-12-25,1.3269548663522532,35.13296502148013,-0.0413482474360691,0.0840568316637515,39.7238622877284,0.0414675240118356,0.028100599420334,0.0014666539677998802,0.006964094208697078,0.005170877283283026,64.44689038244314,0,1.0
2020-12-28,1.3397043950851477,35.167861042794485,-0.2087426968392876,-0.1673944494032184,39.743220706919786,-0.0052902864602373,-0.0467578104720729,0.009608110310445062,0.0058946877145561885,0.0095363085910658,70.88903641868397,0,1.0
2020-12-29,1.3644992228982198,35.12212369996651,0.0090638847766015,0.2178065816158891,38.98094404881356,-0.2197422591729179,-0.2144519727126805,0.018507685653667005,0.006934291801481785,0.03358283306419674,73.08433583744156,0,1.0
2020-12-30,1.3544889120655548,35.35428806546345,0.073774347994437,0.0647104632178354,39.05913602082934,-0.2215754222996864,-0.0018331631267685,-0.0073362524981164245,0.0072346858201420726,0.022006071209295097,66.14887296213243,0,1.0
2021-01-04,1.3478818028409736,35.54443019890894,0.1255230520381545,0.0517487040437174,38.41956876816975,-0.4412173129166774,-0.219641890616991,-0.004877935260839905,0.007385721421585257,0.00904594436036854,62.043458610166205,0,1.0
2021-01-05,1.342977438342417,35.83057634254841,0.2361508808606345,0.11062782882248,36.5832906397201,-0.7992178030311479,-0.3580004901144704,-0.0036385716375275656,0.007466649858747881,0.005354206730239897,57.035132502945046,0,1.0
2021-01-06,1.344881447286514,35.57672418547584,0.0741453733374655,-0.162005507523169,36.42090370228577,-0.8794107728478622,-0.0801929698167143,0.0014177519962266238,0.007292568466209691,0.008178880590790083,61.41943295884192,0,1.0
2021-01-07,1.3682390534067865,35.30985121789122,-0.0781929936725731,-0.1523383670100386,36.25981379526412,-0.7199183243018723,0.1594924485459898,0.017367780756734952,0.008043874921691457,0.04001650858146433,66.97303799267966,0,1.0
2021-01-08,1.3931908288294532,35.444077503799576,-0.1288329462496165,-0.0506399525770433,36.49480061998777,-0.029496673244111,0.6904216510577612,0.018236415164834874,0.008461055015114198,0.05662142340622922,70.36652828264116,0,1.0
2021-01-12,1.3979519968024594,35.382522716176524,-0.0647338230997718,0.0640991231498446,36.59607319141266,0.0583898297089575,0.0878865029530686,0.0034174557242860892,0.008448780383099002,0.05504892754484936,71.32985416646726,0,1.0
2021-01-13,1.4023454613516246,34.796278564770375,-0.1711908843736154,-0.1064570612738435,36.48456065125936,0.0749156186650807,0.0165257889561232,0.003142786418428134,0.008433824426947553,0.05681473945426441,73.07250568705285,0,1.0
2021-01-14,1.40934064613081,34.53281165042931,-0.3037552844567557,-0.1325644000831403,36.4013959298439,-0.0311348967146258,-0.1060505153797066,0.004988203671614011,0.008430552267090078,0.05197881808937144,84.26662302138554,0,1.0
2021-01-15,1.3996286414468393,34.01908940180843,-0.4544777714560268,-0.1507224869992711,36.05086721768453,-0.1817353245760387,-0.1506004278614128,-0.006891169080118442,0.008526160631590587,0.02574528292805045,78.2437900248744,0,1.0
2021-01-18,1.3894467561675732,34.1568290989959,-0.21314982192483,0.2413279495311968,36.017044436378995,-0.155838738293454,0.0258965862825846,-0.007274704859383863,0.00882233084849076,0.025808881704840747,71.87707034998652,0,1.0
2021-01-19,1.4014874081189008,34.458353780653624,-0.0248192899252259,0.188330531999604,35.52860841917865,-0.2909291702217516,-0.1350904319282975,0.00866578866579859,0.00884896046488501,0.039770256683442806,73.68158965360581,0,1.0
2021-01-20,1.3926846710295895,34.25685124975331,0.0792539493149604,0.1040732392401864,35.47612907171933,-0.1915793819883973,0.0993497882333542,-0.0062809962032598365,0.009049556268949913,0.03701270867850481,67.26674413547383,0,1.0
2021-01-21,1.4011794675569518,33.60577003212562,-0.1836863556234291,-0.2629403049383896,35.22578457049063,-0.2637532886294593,-0.072173906641062,0.0060995835626467265,0.00905145043729379,0.04186095390342914,63.375521088320916,0,1.0
2021-01-22,1.398615865479807,33.66512847090682,-0.264408436582265,-0.0807220809588358,35.20141796444604,-0.1090634849108695,0.1546898037185897,-0.0018296029427368188,0.008282329874477214,0.022201392364430195,67.01505020644137,0,1.0
2021-01-25,1.4005520202914834,33.131476330581975,-0.3751249730571118,-0.1107165364748468,35.182183307413666,-0.0979819214352204,0.0110815634756491,0.0013843363710250856,0.008289168692720728,0.005283692161694109,71.06818731415788,0,1.0
2021-01-26,1.386975584383421,31.950831632591296,-0.5516461331781031,-0.1765211601209912,34.8445647540465,-0.1270732721480456,-0.0290913507128252,-0.009693632018921261,0.008747582616581746,-0.007851780636348504,66.45756720852444,0,1.0
2021-01-27,1.3957181496457443,32.26306290007581,-0.4673551902770043,0.0842909429010987,34.812064494182124,-0.129784490087971,-0.0027112179399253,0.0063033303258972495,0.008789390547633313,-0.0047258766748478065,68.09006142776359,0,1.0
2021-01-28,1.372943838689213,32.74957271259325,-0.1273012059962468,0.3400539842807575,34.66508023597717,-0.1723676904788291,-0.0425832003908581,-0.016317270762948644,0.009572947738052963,-0.025825415268849627,51.68116021790553,0,1.0
2021-01-29,1.3518710763756645,32.89704889273577,0.3154057533814836,0.4427069593777304,34.68041296887037,-0.0547172617253792,0.1176504287534498,-0.015348597458776814,0.009355218895176785,-0.03412159744159449,34.81424341776459,0,1.0
2021-02-01,1.3669905289054822,33.61852267542723,0.4518199251171495,0.1364141717356659,34.63052357572971,-0.0605136394841352,-0.0057963777587559,0.011184093508644688,0.009549520532648424,-0.01616199193125656,39.426162160985086,0,1.0
2021-02-02,1.3776695809801265,32.69012921258597,-0.0198145000024254,-0.471634425119575,33.942198273642305,-0.2409606541116247,-0.1804470146274894,0.007812089293109281,0.009594670335886728,-0.016994677940590952,41.91969925704407,0,1.0
2021-02-03,1.397480542151757,31.23648883452747,-0.5535200194027681,-0.5337055194003426,33.912130998075426,-0.2560939902649792,-0.0151333361533545,0.014380052695608159,0.009961573435714759,0.003443615932544164,46.41704662755641,0,1.0
2021-02-04,1.3936009770250088,32.14875227240623,-0.4899234676736697,0.0635965517290984,33.961449738049325,-0.2230246125601311,0.033069377704848,-0.002776113877603459,0.010019294727362143,-0.005408650859804909,48.11252013525713,0,1.0
2021-02-05,1.4135095189910507,30.562243463613875,-0.7092952496573623,-0.2193717819836926,33.85509579879873,-0.0290341582811919,0.1939904542789392,0.014285683128998361,0.009788758901781264,0.010648852110750395,57.1022836493719,0,1.0
2021-02-08,1.4383751700554464,29.532947426565983,-0.5678471359871651,0.1414481136701972,33.84401096262302,-0.0227066784841341,0.0063274797970578,0.017591428094622552,0.009732222213934306,0.027005887118774163,60.12139945202813,0,1.0
2021-02-09,1.4413719917995211,30.669575972118054,-0.4930587667627257,0.0747883692244393,34.135573906271205,0.0580413894072933,0.0807480678914274,0.002083477111162413,0.009723982521115683,0.0392194412277862,63.79864383086263,0,1.0
2021-02-10,1.44710594873266,30.11343420670913,-0.1496030856349115,0.3434556811278142,34.13885766292479,0.0945872880420211,0.0365458986347277,0.003978124291134755,0.009732858929143702,0.03681817786775854,63.22311559725281,0,1.0
2021-02-12,1.4529507554070813,30.13861623764892,0.2018896036943118,0.3514926893292234,33.96085103915996,0.0389466921789818,-0.0556405958630392,0.00403896250964908,0.009717858060898895,0.05827399086786622,65.35395360412542,0,1.0
2021-02-15,1.4716988714380284,29.86198555703484,-0.2691968050277395,-0.4710864087220514,33.82627143804919,-0.1031008227406715,-0.1420475149196534,0.012903476570817585,0.009818279459863327,0.08863847829603655,68.36019345146221,0,1.0
2021-02-16,1.483897764662573,28.865534468435364,-0.4159665794245839,-0.1467697743968443,33.72534038703975,-0.1378390919616805,-0.0347382692210089,0.008288987279459592,0.009612432735599714,0.08552161356282095,75.19089018784501,0,1.0
2021-02-17,1.4797636609440716,28.89362460052904,-0.4149972123732937,0.0009693670512902,33.487693362196964,-0.1577192256543327,-0.0198801336926521,-0.002785976107620547,0.009619419003342296,0.07410636147697436,72.38026737913933,0,1.0
2021-02-18,1.468471085955999,28.618424911502917,-0.4145202151773155,0.0004769971959781,33.32215817485269,-0.1680377543988314,-0.0103185287444986,-0.007631336872313765,0.009690728105708164,0.05079894972629462,77.09450793133013,0,1.0
2021-02-19,1.4586508877321356,29.208204168819456,0.1142232334613702,0.5287434486386857,32.26101196607448,-0.4881094736550935,-0.3200717192562621,-0.006687362330645041,0.009874532852587721,0.04667757254733851,82.35110807947041,0,1.0
2021-02-22,1.4642275290844375,26.88950475703392,-0.6680399478317085,-0.7822631812930787,32.364665551859574,-0.3743426034457968,0.1137668702092966,0.003823150144564247,0.009838227949071627,0.035880911597672815,81.26795052323814,0,1.0
2021-02-24,1.4351269049799793,26.51278664986487,-0.7018794205460139,-0.0338394727143054,31.80068248058757,-0.5071585647550378,-0.132815961309241,-0.01987438668268615,0.01102396624363375,-0.002258287784084767,66.51913140589562,0,1.0
2021-02-25,1.4552070768400105,26.516044652288933,-0.8973865055101768,-0.1955070849641629,31.776850572932844,-0.1613871310472134,0.3457714337078243,0.013991913739719974,0.011055481508032905,0.009598552711723274,66.57087886924569,0,1.0
2021-02-26,1.4041537249019906,26.726352576300485,-0.0543840602444767,0.8430024452657001,31.86039098630374,-0.1680915218519381,-0.0067043908047246,-0.03508322131643449,0.01382505479790838,-0.02968146449006437,52.38367642817545,0,1.0
2021-03-01,1.4312836058262717,31.370698406283005,1.6193039188060432,1.67368797905052,33.195836568736354,0.465051362716256,0.6331428845681941,0.01932116152465757,0.013854617309778031,-0.014912514756729722,53.888007259860274,0,1.0
2021-03-02,1.424753419412664,32.23639787416238,1.9067844072911484,0.2874804884851052,32.47393564546215,0.2323616908430992,-0.2326896718731568,-0.004562468533158226,0.013336855782150839,-0.03189881635194358,46.76043346109547,0,1.0
2021-03-03,1.4311256273164779,32.360098844221724,1.8779154226404169,-0.0288689846507317,32.314735613061984,0.1514482089194189,-0.0809134819236803,0.004472498761533439,0.013196214456140005,-0.03556318946143511,47.6016828824838,0,1.0
2021-03-04,1.4102059987009452,32.09963798965371,0.2429798611235654,-1.6349355615168513,32.34423754654017,-0.2838663407320609,-0.4353145496514798,-0.014617604643667348,0.013655249382272104,-0.04700592674288906,41.93624857758366,0,1.0
2021-03-05,1.417555010725473,32.48349820436529,0.0823667767343039,-0.1606130843892614,32.40112099983162,-0.0242715485435098,0.2595947921885511,0.005211303902619591,0.01334180212751695,-0.034672848323314964,42.315482989719825,0,1.0
2021-03-08,1.4146740412262047,32.39309234394777,0.0109978332420155,-0.0713689434922884,32.19555062268766,-0.0397283301247739,-0.015456781581264,-0.0020323511098127023,0.013332347020591237,-0.030148986900014663,36.70368313213405,0,1.0
2021-03-09,1.4300537554590664,32.18784456287217,0.029402191072819,0.0184043578308035,32.07100851158564,-0.0910763449848417,-0.0513480148600677,0.010871560362789356,0.013171964242460036,-0.023339114274637085,37.62885055103449,0,1.0
2021-03-10,1.4333495476512155,32.4593364840846,-0.0080539067602245,-0.0374560978330436,32.230288375508565,-0.0569442081076871,0.0341321368771545,0.002304663149596875,0.012567741725591126,-0.0012384670112421947,39.29469762494673,0,1.0
2021-03-11,1.431608428303644,32.30448533740666,-0.0295356688470391,-0.0214817620868146,32.10414570880525,-0.030468304627476,0.0264759034802111,-0.0012147206872353822,0.012559229024430098,-0.016216694456716807,41.10583727325309,0,1.0
2021-03-12,1.4541099535856752,32.42972296798801,0.0806261350386137,0.1101618038856528,32.02453353615088,-0.0154916584782469,0.0149766461492291,0.015717653540705756,0.013033320659645737,0.035577464060903674,48.967551021600876,0,1.0
2021-03-15,1.464908570535235,32.78905522407206,0.1099062466624829,0.0292801116238692,32.06911769314268,-0.053723560788633,-0.038231902310386,0.007426272630162156,0.01310595947175586,0.023492873510244427,50.15125327071444,0,1.0
2021-03-16,1.4735906569325767,32.85889622670926,0.1848036297675364,0.0748973831050534,31.924842193244487,-0.0597678385202584,-0.0060442777316254,0.005926708718872131,0.01284854504439637,0.03427767700325668,59.39449730561986,0,1.0
2021-03-17,1.474848877681526,31.885946604060383,-0.181258787975878,-0.3660624177434144,31.835409135058548,-0.0630414670307715,-0.003273628510513,0.0008538468556582579,0.012707242043183681,0.030551650763905425,55.2831127281653,0,1.0
2021-03-18,1.4953001819956226,32.04512225357915,-0.2479776568309617,-0.0667188688550837,31.739113457556023,-0.1100014118622176,-0.0469599448314461,0.01386671178558041,0.013071206894340414,0.06034166878673375,79.3471252638601,0,1.0
2021-03-19,1.4942413616134453,32.10369544552629,-0.2517335937276641,-0.0037559368967023,31.925018650814,5.8819189835190855e-05,0.1100602310520528,-0.0007080988786908327,0.012932566090996396,0.05409761900437715,74.36083557646319,0,1.0
2021-03-22,1.4706834163109395,31.803437326683635,-0.027503092458911,0.2242305012687531,32.15175469794244,0.1054485209612927,0.1053897017714575,-0.0157658233185759,0.013366787465856062,0.03959171756356494,65.70288910473131,0,1.0
2021-03-23,1.461026762768667,32.03599557174184,-0.0030422272791064,0.0244608651798046,32.16213900879406,0.1410085170793529,0.0355599961180601,-0.006566099430491357,0.013432413159085284,0.021658631496448866,59.998279186285984,0,1.0
2021-03-24,1.4291610926728218,31.612465116827288,-0.1637434428996691,-0.1607012156205627,32.27838879236231,0.1177900471827726,-0.0232184698965802,-0.021810462961992183,0.013589069173261172,-0.002922144835680318,55.905843448759796,0,1.0
2021-03-25,1.448159890713109,33.20738318599763,0.4679819531046583,0.6317253960043274,33.02256302032242,0.2902694407933239,0.1724793936105513,0.013293671467613066,0.013551751790294294,0.011561445212415533,58.89019095429755,0,1.0
2021-03-26,1.4704140632649816,33.68217265831235,0.5487256955235154,0.080743742418857,33.32880875130215,0.3888899141693613,0.0986204733760374,0.015367206821971902,0.011199199424048872,0.011212432484285051,64.55349716673749,0,1.0
2021-03-29,1.4789560585549655,34.264260117410814,0.883931666861173,0.3352059713376576,33.61143153674304,0.4443475814602422,0.0554576672908808,0.00580924482660139,0.010508936718014096,0.009589327485877153,63.240978736874254,0,1.0
2021-03-30,1.4701461613491569,34.11480993210503,0.3024755820357967,-0.5814560848253763,33.33199817755545,0.1031450524110084,-0.3412025290492337,-0.005956834995095361,0.01055712997518047,-0.0023374846788116743,59.674315892805,0,1.0
2021-03-31,1.4530117172449792,33.36562979635772,-0.1055142873182148,-0.4079898693540116,33.15725999024849,-0.0571829203512237,-0.1603279727622322,-0.011654925581313202,0.010937065578326636,-0.014806371532027796,55.205835798580786,0,1.0
2021-04-01,1.4567088894577398,33.61352678946534,-0.2169111093151485,-0.1113968219969336,33.22441738603291,-0.129004716903367,-0.0718217965521432,0.0025444889183485753,0.010318175112428952,-0.025808391520677154,50.695774042114714,0,1.0
2021-04-02,1.4719367954599647,33.39681409968577,-0.2393319441397565,-0.0224208348246079,33.099308537180846,-0.0775632134581982,0.0514415034451687,0.010453637039239627,0.010478105782107575,-0.014927016964245143,51.837972163608406,0,1.0
2021-04-05,1.4812758556711074,33.30300025836908,-0.0208765126628804,0.218455431476876,33.07190277101336,-0.0284524064117093,0.0491108070464889,0.0063447426818517005,0.01047854553129795,0.007202392603799179,52.002897112068084,0,1.0
2021-04-06,1.4588473263773312,33.414880427145974,-0.0662154541064481,-0.0453389414435676,32.94626538826175,-0.0927173325903965,-0.0642649261786871,-0.015141358854873666,0.010968770365136932,-0.0014917155844604846,46.2441617250821,0,1.0
2021-04-07,1.4623464297664825,34.15559874645987,0.2529282155913677,0.3191436696978158,33.261890822854795,0.054194095224652,0.1469114278150485,0.0023985398100845323,0.010969353559352595,0.023220151502723496,41.59643901250263,0,1.0
2021-04-08,1.4537354479827924,33.88726885899233,0.1947562002077418,-0.0581720153836258,33.20669872092155,0.0449319833027246,-0.0092621119219273,-0.0058884691126610544,0.011069671735761925,0.003850097841708422,40.05366606292467,0,1.0
2021-04-09,1.459479579044597,34.065055294074256,0.2167249556427535,0.0219687554350116,33.33602099280397,0.1299185348474196,0.084986551544695,0.003951290497714144,0.010536372455074508,-0.007436330006328373,46.98511199034158,0,1.0
2021-04-12,1.4550019837328918,34.01422984247523,-0.0471229679948805,-0.2638479236376341,33.396854401812604,0.0449878596525934,-0.0849306751948262,-0.0030679396793179547,0.010420179833143662,-0.01619661022618779,48.332282244904384,0,1.0
2021-04-13,1.4597235328154958,34.090904681691896,0.0678786075665343,0.1150015755614148,33.28613699618299,0.026479425087146,-0.0185084345654473,0.0032450464916140564,0.010353046225981872,-0.007089518585074672,59.95614337843765,0,1.0
2021-04-14,1.4557020611233493,34.11856707667788,0.0178372608678714,-0.0500413466986628,33.29076159236723,-0.0150864668122494,-0.0415658918993955,-0.0027549543469987947,0.010361092484697765,0.0018515637874354507,52.72264775668644,0,1.0
2021-04-15,1.4611679860311098,34.28321806691682,0.0896627414805237,0.0718254806126523,33.150396788565644,-0.082152537748982,-0.0670660709367325,0.0037548376510110337,0.009852111808250888,0.0030610759676423793,46.20189970953496,0,1.0
2021-04-16,1.4617550865852318,34.11093555867994,0.0066769589960173,-0.0829857824845063,33.17814241930975,-0.0359981922910748,0.0461543454579072,0.0004018022292677781,0.00985760503487131,-0.006917218800520097,42.44012125552497,0,1.0
2021-04-19,1.4590444716882636,34.13605175079422,0.0058282247054535,-0.0008487342905638,32.373069790544776,-0.3058972672741546,-0.2698990749830798,-0.0018543563978973276,0.00923594003959123,-0.01500826729722915,44.844364746620904,0,1.0
2021-04-20,1.4366026785327903,33.905549267305645,-0.1258895998703906,-0.1317178245758441,32.32527487095237,-0.2750406392044269,0.0308566280697277,-0.015381157730926298,0.009744213789048587,-0.015248098579156766,42.73762387335354,0,1.0
2021-04-21,1.4098226037716497,34.15665291290878,0.0152391180762734,0.141128717946664,32.68484296148276,-0.1644331526089928,0.110607486595434,-0.018641253536079483,0.009404354521123901,-0.03591749870324523,32.769469127972386,0,1.0
2021-04-22,1.4380768196116722,35.6980009010081,0.5206497167379638,0.5054105986616904,32.94307371293209,0.1900013074624382,0.3544344600714311,0.020040972363781773,0.01003063522175984,-0.010771305324395963,38.64385281200023,0,1.0
2021-04-23,1.4323385944074873,36.51327060688635,0.8692404465269021,0.3485907297889383,33.20572990650132,0.293485011849647,0.1034837043872087,-0.003990207703740367,0.009349987375586224,-0.018596344222148398,33.18091136612169,0,1.0
2021-04-26,1.4363135266462455,35.99097311618341,0.6114400677582026,-0.2578003787686995,33.20341530980531,0.1728574494408477,-0.1206275624087993,0.002775134492834397,0.009253204614820147,-0.012844282891422587,41.13036083115849,0,1.0
2021-04-27,1.4210949910175352,36.33410537232304,0.2120348237716527,-0.3994052439865498,33.18534937630331,0.080758554457077,-0.0920988949837706,-0.010595552674523057,0.009429339436120536,-0.02646291638763565,35.1343109019554,0,1.0
2021-04-28,1.4346851988985208,36.51757436935523,0.0014345874896264,-0.2106002362820263,33.19614476243942,-0.003195048020629,-0.0839536024777061,0.00956319455552701,0.009438414797826816,-0.014437612466255745,43.37273710088823,0,1.0
2021-04-30,1.4254976511696744,35.3760477274153,-0.2049751295893713,-0.2064097170789978,33.07887566958412,-0.0415132134070717,-0.0383181653864426,-0.006403877126424762,0.009493834828793558,-0.02441220667469224,38.454856077207744,0,1.0
2021-05-06,1.4503848866983609,35.163069507633125,-0.3903452882299731,-0.1853701586406018,32.95053640685984,-0.0782709898144915,-0.0367577764074198,0.017458629628933853,0.010052913038384138,-0.007778457548201612,48.62241533483071,0,1.0
2021-05-07,1.4524499957772428,36.34368221815485,-0.0579640504001304,0.3323812378298427,33.181715839366305,-0.0048096410243658,0.0734613487901256,0.001423835216307845,0.009931177624762783,-0.004519722351841948,47.79486866018754,0,1.0
2021-05-10,1.466377070842868,36.57037778008933,0.3981100175580181,0.4560740679581485,33.06421272118136,-0.0048876494675837,-7.80084432179251e-05,0.009588677824445613,0.009603454343981174,0.020725558120555876,53.05299309703601,0,1.0
2021-05-11,1.4310362213536902,37.01488625469783,0.6172722490215676,0.2191622314635495,32.98032570800288,0.0099297670476801,0.0148174165152639,-0.024100792485021616,0.011022103519137126,0.01504701196114211,42.64014485158391,0,1.0
2021-05-12,1.4132666593745256,38.310777498306834,0.6556984267173291,0.0384261776957615,33.36348080603929,0.0605883222243193,0.0506585551766392,-0.012417269188585323,0.011267708841918649,-0.017252319138171046,39.073571132433194,0,1.0
2021-05-13,1.3922312932638732,39.02891214958864,0.819511456499761,0.1638130297824318,33.36728403605221,0.1010237716236233,0.0404354493993039,-0.01488421591998923,0.011583993202670312,-0.028001270998499694,36.092798912328185,0,1.0
2021-05-14,1.4178117058933206,38.54109700526993,0.5087369168573659,-0.3107745396423951,33.22762582180579,0.0824333712676335,-0.0185904003559898,0.01837368025931818,0.0124669436376864,-0.01288146383758293,46.1390953573531,0,1.0
2021-05-17,1.4142757947332818,38.87226702553606,0.1871631757430805,-0.3215737411142854,33.20159377542201,-0.0539623435390836,-0.1363957148067172,-0.002493921544970523,0.012424741203039599,-0.00479855064394441,51.01160519009077,0,1.0
2021-05-18,1.4390546836429283,38.59568584687878,-0.1444087675699492,-0.3315719433130297,33.03656296986087,-0.1102403553971242,-0.0562780118580406,0.01752054938783676,0.013124983466475611,0.0030456052294693947,50.225699272812065,0,1.0
2021-05-19,1.4312308949879877,39.60268292534218,0.353861973357418,0.4982707409273672,33.281951804583514,0.0181086609259111,0.1283490163230354,-0.005436755631227919,0.013129335911835842,0.004021924423101675,49.74677153331318,0,1.0
2021-05-20,1.4300478919622854,39.37772660902161,0.168486527828513,-0.1853754455289049,33.26540855155568,0.0212715920445489,0.0031629311186378,-0.0008265633657329463,0.013125538977160449,-0.014021791679290296,48.54910769535447,0,1.0
2021-05-21,1.438724211001821,35.86881120511873,-0.908958213920016,-1.0774447417485291,33.112692239378134,0.0253764231724318,0.0041048311278828,0.006067152777401219,0.013218041290583385,-0.009450091098025526,54.20983678612184,0,1.0
2021-05-24,1.4436623304891107,34.96778362168901,-1.544966434551064,-0.636008220631048,33.13620969714303,-0.0485807024801587,-0.0739571256525906,0.0034322905317978325,0.012774093731709058,-0.01549038157061533,52.2361301027171,0,1.0
2021-05-25,1.450731102171828,34.98881273864234,-1.4629712901264256,0.0819951444246385,32.876866751278,-0.1295139334258976,-0.0809332309457389,0.004896416241824575,0.011995523028683367,0.013762671080056466,56.35249954123509,0,1.0
2021-05-26,1.4528496073051127,35.15617228098766,-0.237546308043683,1.2254249820827423,32.43121978710859,-0.2271574840898438,-0.0976435506639461,0.0014603017265659712,0.011175430557277814,0.028008124063512163,50.700835145138,0,1.0
2021-05-27,1.448498296006272,34.89043202619436,-0.0257838651648754,0.2117624428788076,32.38558955296213,-0.2502067147269713,-0.0230492306371274,-0.002995018394857718,0.011156253830044293,0.04041498206127048,48.89076889882692,0,1.0
2021-05-28,1.477418631407213,34.85353341060173,-0.0450931093468724,-0.019309244181997,32.555400684835675,-0.1071553554807778,0.1430513592461935,0.01996573657054257,0.011963991882569733,0.04204149624814657,52.858713534823025,0,1.0
2021-05-31,1.4605205282630187,36.08901160512369,0.3109464413786682,0.3560395507255407,32.949904219634604,0.1728948108420098,0.2800501663227877,-0.011437586331302207,0.012010114710674816,0.032698525776903464,58.43959737005546,0,1.0
2021-06-01,1.4637565890383992,36.32125771937381,0.4769418977264763,0.1659954563478081,33.20407668185992,0.2728290429659239,0.099934232123914,0.002215690031573292,0.011859921249740703,0.017165369513922002,65.76382725340673,0,1.0
2021-06-02,1.4764757758894311,36.3987940053013,0.5150868648998639,0.0381449671733875,33.25169967009961,0.2320996617546455,-0.0407293812112783,0.008689413900017096,0.011839480475986963,0.031612565840973605,77.74326365363203,0,1.0
2021-06-03,1.4918453032491448,36.52067416748925,0.1438875207885175,-0.3711993441113463,32.79264924445597,-0.0524183250595413,-0.2845179868141869,0.010409603469758943,0.011448036928590486,0.043213525668753805,76.13851530926654,0,1.0
2021-06-04,1.4920046594187162,36.40697042566029,0.0285709020954954,-0.1153166186930221,32.9691124255793,-0.0783214187602041,-0.0259030937006627,0.00010681815951318896,0.011452119073331473,0.037033121434576044,78.11347898761971,0,1.0
2021-06-07,1.4922300093813505,36.22911354578271,-0.0565601531728603,-0.0851310552683557,32.6209905460848,-0.2102363746716022,-0.1319149559113981,0.00015103837726759828,0.011290536940102514,0.03364199360648623,73.38657039032398,0,1.0
2021-06-08,1.487761101535469,36.261482247617536,-0.0863973066239012,-0.0298371534510408,32.17801509178233,-0.2048780508912173,0.0053583237803849,-0.0029947848641204144,0.00970196570352795,0.025525060645770203,75.61802893264037,0,1.0
2021-06-09,1.4812649091266132,36.24848883140565,-0.0528271980848771,0.033570108539024,32.20269433640571,-0.2554726963911946,-0.0505946454999772,-0.004366421734074977,0.009228178933756452,0.019558322952785145,72.14386859208871,0,1.0
2021-06-10,1.480525803621178,35.66125380858404,-0.189286579066227,-0.1364593809813499,32.00233182806905,-0.2062195726719196,0.049253123719275,-0.0004989691586436695,0.008327350093233815,0.02211083554824378,69.40490461416229,0,1.0
2021-06-11,1.479106150681766,35.9882776076706,-0.0910682133156441,0.0982183657505828,32.10559258175773,-0.0241408366748672,0.1820787359970523,-0.0009588842936337771,0.007548139099608583,0.001142207928531036,67.00916379835134,0,1.0
2021-06-14,1.484863423246056,35.926880538284976,-0.107202764373568,-0.0161345510579238,32.14609157302786,-0.0188675877926129,0.0052732488822542,0.0038923998535442816,0.0074762935236219906,0.01666727342202301,66.58859683736934,0,1.0
2021-06-15,1.4994723678219124,35.73034051217768,0.0230289011978825,0.1302316655714506,31.65557821776705,-0.1155845367673329,-0.0967169489747199,0.009838577977710372,0.006831613685461781,0.024400080621994835,70.2058770262004,0,1.0
2021-06-16,1.4981973872261543,34.03517349561123,-0.6510347040197928,-0.6740636052176754,31.772635797495823,-0.1109855947539699,0.0045989420133629,-0.0008502861560630848,0.006640293059813636,0.014711796625066942,72.12920742971748,0,1.0
2021-06-17,1.4907299360622284,33.119884288271905,-0.9356654166710144,-0.2846307126512215,31.85870757868947,-0.0957946647794649,0.0151909299745049,-0.004984290606561248,0.0068066506912870415,-0.0007476426573769235,57.326778508351694,0,1.0
2021-06-18,1.4749085743008188,32.29478961430887,-1.1451836326229454,-0.2095182159519311,31.887368521410643,0.0772634345478628,0.1730580993273278,-0.010613164315463997,0.007299312727218942,-0.011458466305700465,58.01443237189607,0,1.0
2021-06-21,1.4380169929034197,32.75171558770192,-0.4278193026364221,0.7173643299865233,31.26287366994049,-0.16992070918511,-0.2471841437329729,-0.025012792006370743,0.00934106923724394,-0.03633020120028718,39.572260746948885,0,1.0
2021-06-22,1.484702718201115,35.260329024262816,0.7134815786636253,1.1413008813000474,32.18231214343389,0.1078681882481369,0.277788897433247,0.032465350220538536,0.011828569364450994,-0.0020556951860063455,52.613629286005455,0,1.0
2021-06-23,1.4763057338177465,38.78359329793368,2.162934561208281,1.4494529825446565,33.75073094230956,0.6211208069663066,0.5132526187181696,-0.005655667144963794,0.01192769904629164,-0.0033479327555195892,44.83436165216223,0,1.0
2021-06-24,1.4743859435478524,39.43190208580721,2.2267288327017525,0.0637942714934709,33.85990972732985,0.8656786857964534,0.2445578788301468,-0.0013004015536332014,0.011904807538272234,-0.0041470807589494285,44.21097006075292,0,1.0
2021-06-25,1.4857763466967902,39.65070724995405,1.4634594085637502,-0.7632694241380023,33.97078316141311,0.5961570059930779,-0.2695216798033755,0.007725523428098402,0.011167758759202444,0.004509612790096096,48.02444969839533,0,1.0
2021-06-28,1.487153484592299,39.978643397395935,0.398350033154081,-1.0651093754096692,34.06172641237191,0.1036651566874482,-0.4924918493056296,0.0009268810198590494,0.010818163559219123,0.0015422706966790045,49.81041188886749,0,1.0
2021-06-29,1.475516889102086,39.20031572424001,-0.0771954538557295,-0.4755454870098106,34.09325428407142,0.0777815189138593,-0.0258836377735889,-0.007824744124109717,0.010988416450192495,-0.015975938759460684,48.2622514234128,0,1.0
2021-06-30,1.4713225111995343,39.54665726552409,-0.0346833281433163,0.0425121257124132,34.15803738698949,0.0624180751921272,-0.015363443721732,-0.002842649876481085,0.010835206380138865,-0.01793814103252278,47.274588584901764,0,1.0
2021-07-01,1.4689042348235024,39.54857514330703,-0.1433560846963075,-0.1086727565529912,34.25015367064363,0.0628090860905672,0.0003910108984399,-0.0016436072700745097,0.010550213063545134,-0.014640949182504914,46.99662540352398,0,1.0
2021-07-02,1.4805199752425204,39.59452186285096,0.1314020462036467,0.2747581308999542,34.311133203440534,0.072626306456371,0.0098172203658037,0.007907758820243194,0.010725218780278486,0.003804575442489133,48.76395445208377,0,1.0
2021-07-05,1.4733475828737732,39.83966259665446,0.0976684437101269,-0.0337336024935197,34.430210944295695,0.0907245191020678,0.0180982126456967,-0.004844509016213916,0.010771448882607924,0.024568965557923983,42.23691000458257,0,1.0
2021-07-06,1.4791552215447168,39.92975560320866,0.1270601533005404,0.0293917095904134,34.43565277639436,0.0618330352502454,-0.0288914838518223,0.003941798078370473,0.010801295801851008,-0.003736435980342012,44.48996922080315,0,1.0
2021-07-07,1.4675374726466985,40.08470286275048,0.1633936666331763,0.0363335133326359,34.45059065250027,0.0464858163532468,-0.0153472188969985,-0.007854313549247038,0.010899226231300753,-0.005939326096345399,43.44644817561872,0,1.0
2021-07-08,1.455696897602116,40.44981109829452,0.2033828338800205,0.0399891672468442,34.782234705928246,0.1173412538775195,0.0708554375242727,-0.008068328928751645,0.011033101981630685,-0.012675816686616215,44.446367675085654,0,1.0
2021-07-09,1.4489091188973129,40.56380614049895,0.2113501790967618,0.0079673452167412,34.97109919280828,0.1784821388046396,0.06114088492712,-0.00466290662292701,0.01106716071800431,-0.024813443747062736,53.81213677061252,0,1.0
2021-07-12,1.4798530190244188,40.71834278009011,0.2112133057798715,-0.0001368733168902,35.06156930389062,0.203659550463449,0.0251774116588094,0.021356688092801557,0.012111001023540404,-0.004909019575663698,48.092462095794424,0,1.0
2021-07-13,1.4893280062037726,40.9922401726704,0.1808096914586343,-0.0304036143212371,35.22666107772079,0.148142123930846,-0.055517426532603,0.006402654221430826,0.011986332480686724,0.009360189099625549,55.07899467044796,0,1.0
2021-07-14,1.4852165380744156,39.67692575273179,-0.2956267959223879,-0.4764364873810223,35.41324205767904,0.1473809549569225,-0.0007611689739235,-0.0027606196299476693,0.01199879209360703,0.009443223201658135,54.15318502166106,0,1.0
2021-07-15,1.4691248462331794,38.6146298718775,-0.7012376360708714,-0.4056108401484835,35.31944087460181,0.0859571902370603,-0.0614237647198621,-0.010834576257882977,0.012187111237698466,0.00015018774161501547,43.83690044792206,0,1.0
2021-07-16,1.4619042629607841,39.206701730793455,-0.5951794806256459,0.1060581554452255,35.51749612974686,0.0969450173420227,0.0109878271049623,-0.004914887452151406,0.01200744993296216,-0.012573766374673112,41.04216667800947,0,1.0
2021-07-19,1.442445583033579,39.41333370050998,-0.08786401740727,0.5073154632183758,35.569188389139555,0.0519821104868398,-0.0449629068551828,-0.013310502212912079,0.01098527647315683,-0.02097400518343384,38.88403093228101,0,1.0
2021-07-20,1.4291779519208099,39.84248576034318,0.4092852961552253,0.4971493135624953,35.47736740647646,0.0526421772915526,0.0006600668047127,-0.009198011535981987,0.008124680431820276,-0.033787711320597213,36.6486720776376,0,1.0
2021-07-21,1.438502311983289,40.22547290271763,0.3395903906413906,-0.0696949055138347,35.47878841249594,-0.0129025724169764,-0.065544749708529,0.00652428205315303,0.008281175967613519,-0.019784953505169955,40.7724859914339,0,1.0
2021-07-26,1.4547601826954515,41.14313261420796,0.5765996378993279,0.2370092472579372,35.51996616700563,-0.0164074073779758,-0.0035048349609994,0.01130194270577678,0.008744722629641492,-0.0006434821068915797,42.39573672895457,0,1.0
2021-07-27,1.4642916002189323,40.99127765876973,0.3829306328088506,-0.1936690050904772,35.72054289272697,0.0810584954168334,0.0974659027948092,0.006551882321813807,0.008689438927218136,0.010616595009993679,47.363405113160425,0,1.0
2021-07-28,1.4498077936705667,41.53199407903777,0.435507058773382,0.0525764259645313,35.90387057111714,0.1416940528737384,0.060635557456905,-0.0098913403219687,0.00891707344684355,-0.02030284424709905,41.86657575742647,0,1.0
2021-07-29,1.4584779456635473,41.56130840971451,0.1393919318355188,-0.2961151269378632,35.63503409360615,0.0383559755335056,-0.1033380773402328,0.005980207880542432,0.008914286964082974,-0.020714080720781403,47.44751585469833,0,1.0
2021-07-30,1.4417527367019831,39.95674831977029,-0.3448431129998184,-0.4842350448353372,35.33852439775785,-0.1273394983230389,-0.1656954738565446,-0.011467577560080877,0.00923427566818112,-0.029264285885735708,46.17652964775062,0,1.0
2021-08-02,1.472567988291227,39.755460337092615,-0.5921779139817218,-0.2473348009819034,35.546685010083074,-0.1190618536780192,0.0082776446450196,0.021373464953313714,0.010494724889085606,0.0023436687949807133,55.731953745933346,0,1.0
2021-08-03,1.466646125340577,41.4587764744914,-0.0341773117410326,0.5580006022406891,36.112699639527946,0.1592218486405912,0.2782837023186104,-0.0040214529975772795,0.010370465670935525,0.0032436203244863293,46.35882778604759,0,1.0
2021-08-04,1.4607727334484688,40.56737165183433,0.2035411106880076,0.2377184224290403,36.09915592582672,0.2535438426896235,0.0943219940490323,-0.004004641467787118,0.010353291835752775,0.012705609577552623,41.96772705109941,0,1.0
2021-08-05,1.4677614519069266,41.08014334668659,0.4415610031979966,0.238019892509989,35.97644783656075,0.1432542754925663,-0.1102895671970571,0.004784261301181036,0.010373485601747112,0.026996987977781606,45.168292755121286,0,1.0
2021-08-06,1.4670545264766497,40.13632509779896,-0.4408171255641449,-0.8823781287621415,35.83391035486777,-0.0929297615533926,-0.2361840370459589,-0.0004816350976915018,0.010222134469545148,0.01984857045797539,49.37356380635178,0,1.0
2021-08-10,1.464378510741804,39.9325200395022,-0.2116172041107091,0.2291999214534357,35.748715868674495,-0.1168133523840708,-0.0238835908306782,-0.0018240738067675233,0.010055679124605872,0.006611624486814849,50.76982821246247,0,1.0
2021-08-11,1.4769613252507043,39.674228394395634,-0.4686383174303188,-0.2570211133196096,35.59874645552595,-0.125900460344944,-0.0090871079608731,0.008592597075551378,0.01014466697724927,0.008652460363685499,61.219127677053855,0,1.0
2021-08-12,1.4757137126900914,40.09923430560804,-0.0123635973969769,0.4562747200333419,35.74753345692584,-0.0287922993139702,0.0971081610309738,-0.0008447157953855866,0.00894452627540459,0.017868519629031132,66.40831655212939,0,1.0
2021-08-13,1.4800592660742906,39.98358853735032,0.0170228326160426,0.0293864300130195,35.74856571949873,-5.004972526023721e-05,0.0287422495887099,0.0029447130204391936,0.008845038970252664,0.014797152384038892,65.18599212736606,0,1.0
2021-08-16,1.4565986540093379,39.6866336854884,0.0041350970309181,-0.0128877355851244,35.76353086458356,0.0549281363525366,0.0549781860777969,-0.015851130155875248,0.00949883131832277,0.010297131352297484,50.638228040177715,0,1.0
2021-08-17,1.4516252239177476,40.74830545705368,0.2163570504818821,0.2122219534509639,35.98150477594062,0.0779904396715949,0.0230623033190582,-0.0034144134885066846,0.009232780090938749,-0.014221933751107474,45.45914779596053,0,1.0
2021-08-18,1.456651783566795,41.19056469678021,0.4023253864766332,0.185968335994751,36.01895701760479,0.0901304327020184,0.0121399930304235,0.0034627117014964792,0.009214759393324766,-0.006814419375676728,52.63201814583267,0,1.0
2021-08-19,1.4359704133461089,40.20666407778962,0.1733434641004052,-0.2289819223762279,35.94337427778338,0.0599478043999397,-0.0301826283020787,-0.014197882056647182,0.009283395343501909,-0.016978904065253708,42.07622586968077,0,1.0
2021-08-20,1.4203384239638093,39.78846720515769,-0.319946083965327,-0.4932895480657322,35.855032947032726,-0.0421572763026318,-0.1021050807025716,-0.01088601076805884,0.009376861722422686,-0.03230976524250928,42.40261390589108,0,1.0
2021-08-23,1.450896804564491,39.47930453137758,-0.570420055134214,-0.250473971168887,35.79451493456057,-0.0748140276814055,-0.0326567513787736,0.021514858772461398,0.010482367044387729,-0.011013716000702334,42.29744189532587,0,1.0
2021-08-24,1.4635540477299251,40.67559762931904,0.1563111838431368,0.7267312389773508,36.161927529286615,0.0728510838344149,0.1476651115158205,0.008723737708715484,0.010357398526305106,-0.0005630122306705676,48.95120254207019,0,1.0
2021-08-25,1.465702380214608,40.6540595534371,0.2885307827598069,0.1322195989166701,35.98526047003767,0.0434091743349824,-0.0294419094994324,0.0014678873581848162,0.01025915381884515,-0.007623046618492224,51.71542876117509,0,1.0
2021-08-26,1.464790878696173,40.64439878870377,0.3883647524420581,0.0998339696822512,36.18355446271957,0.1296798427196677,0.0862706683846852,-0.0006218871789658298,0.009989968879243935,-0.007401729685094005,48.920642021567744,0,1.0
2021-08-27,1.4598425078710016,40.7009753678668,0.0084592461825963,-0.3799055062594618,36.19366938986784,0.0105806201937355,-0.1190992225259321,-0.0033782097479853057,0.009941854870478299,-0.013659424772166084,47.4578676502516,0,1.0
2021-08-30,1.4735075119212322,40.78479921490663,0.0435798871565111,0.0351206409739148,35.830308568753736,-0.0516506337613122,-0.0622312539550478,0.009360601555683745,0.009756233738107826,0.011608453615793213,52.9864807568889,0,1.0
2021-08-31,1.485284644156048,41.72064505972725,0.3587487570078238,0.3151688698513126,36.09547406321544,-0.0293601331680406,0.0222905005932716,0.007992583776827988,0.008696565563950692,0.023187403803481832,52.737337898974175,0,1.0
2021-09-01,1.500694113995912,41.82828916656268,0.3757712662319576,0.0170225092241338,36.34410920683696,0.0501466056563728,0.0795067388244135,0.010374758737655698,0.0088990287550356,0.030235318369139508,57.51539122553277,0,1.0
2021-09-02,1.5022953109107815,42.40444076586964,0.5398805169876653,0.1641092507557076,36.6794687416715,0.2830533909725901,0.2329067853162172,0.001066970876967055,0.008815207779798462,0.046188206211102756,56.80206918266537,0,1.0
2021-09-03,1.5288577012979272,42.358879618062886,0.2127448527785489,-0.3271356642091163,36.61457449924383,0.1730334786761318,-0.1100199122964582,0.017681204350589397,0.009516590405218033,0.0764038172193271,71.69259035353309,0,1.0
2021-09-06,1.5521460590230047,43.18668035142027,0.4527970616191936,0.2400522088406447,37.08344443987967,0.246445077680903,0.0734115990047712,0.015232521447422265,0.009933183546931564,0.06978391167448006,77.1872947919536,0,1.0
2021-09-07,1.5719216149508086,43.658540096139774,0.4180331100900432,-0.0347639515291504,37.51564896766682,0.2787267419984403,0.0322816643175372,0.012740782874681056,0.010103387842458768,0.07404411705120784,78.87285109262842,0,1.0
2021-09-08,1.5828215982501364,43.77121607706949,0.4707788196688725,0.0527457095788292,37.44462949942909,0.2766850000617467,-0.0020417419366935,0.006934177376057615,0.010066979143337595,0.07990654829828392,88.67865667487231,0,1.0
2021-09-09,1.5703292211547841,43.75812562585581,0.1904817581451823,-0.2802970615236901,37.44511520309899,0.1205569210731098,-0.1561280789886368,-0.007892473232083086,0.010347080416289373,0.07205010899067865,90.16994545369445,0,1.0
2021-09-10,1.5892658070359265,41.476488448077845,-0.7273505493539787,-0.917832307499161,37.655395379761,0.0465821373647301,-0.0739747837083797,0.012058990959371352,0.01053595595858555,0.08865565872148262,89.5174030921233,0,1.0
2021-09-13,1.5924868929584708,37.64185242174126,-2.0431212184427423,-1.3157706690887636,37.95900760958065,0.1714593700505204,0.1248772326857903,0.00202677608005164,0.009505144017535484,0.0807456901811836,88.92022234601706,0,1.0
2021-09-14,1.608464077368043,37.46429026291615,-2.0979451209798867,-0.0548239025371444,37.90820383279189,0.1543628765642992,-0.0170964934862212,0.010032851435210377,0.009389825061757803,0.08293321667106213,89.77397981079811,0,1.0
2021-09-15,1.5939833355619197,37.60944443867889,-1.2890146697996556,0.8089304511802311,36.326193611246296,-0.4430672561715738,-0.5974301327358731,-0.009002838179524852,0.009909485527768899,0.06216404841997125,83.46340426641228,0,1.0
2021-09-16,1.5859264233756005,37.80299582805698,0.0537144687719148,1.3427291385715705,36.06127113201909,-0.6325788258538552,-0.1895115696822813,-0.0050545774266070875,0.00918275053582613,0.05566889003608533,82.14065427748643,0,1.0
2021-09-17,1.5941412202678749,37.65761626711132,0.0644420013983833,0.0107275326264684,35.990736196168186,-0.6391558788745613,-0.0065770530207061,0.005179809587124051,0.008386385962818066,0.042700847119077956,81.63021739416983,0,1.0
2021-09-21,1.5674080889151547,37.13412356395591,-0.1584402915743226,-0.2228822929727059,36.04907876666586,-0.0923716148601485,0.5467842640144127,-0.01676961301347446,0.008965202921745746,0.009832856774933063,69.96682148071775,0,1.0
2021-09-22,1.5530844740459504,38.4659275772255,0.2209772497228357,0.3794175412971583,36.34728891140808,0.0953392597963258,0.1877108746564744,-0.009138408159624856,0.009341972095821141,-0.011983511598603336,62.805376777885755,0,1.0
2021-09-24,1.5892212267417924,38.88236955648229,0.4082510964569934,0.1872738467341577,36.60802170449072,0.2057618361075128,0.110422576311187,0.02326773160103901,0.01036748958773084,0.004043177385708585,68.17777255366724,0,1.0
2021-09-27,1.588742087405315,40.55982195533552,1.1418994637932016,0.7336483673362082,37.514895955225896,0.4886057295200174,0.2828438934125046,-0.0003014931643341434,0.010360046783771434,0.011725481512081082,64.05629728011442,0,1.0
2021-09-28,1.5856636542543854,39.96916487059059,0.501079097788363,-0.6408203660048386,37.27705959067718,0.3099235597563705,-0.1786821697636469,-0.0019376544344950064,0.010310054713650091,-0.0022665514891176963,58.69203862397042,0,1.0
2021-09-29,1.5502884431694604,39.66469763227883,0.2607760252655069,-0.2403030725228561,37.26942060097372,0.2204662988276595,-0.0894572609287109,-0.02230940400885917,0.011799081311492345,-0.026498459720830425,44.80984785147966,0,1.0
2021-09-30,1.5451899798657178,40.59168999826802,0.0106226809775122,-0.2501533442879946,37.92715764614529,0.1374205636398002,-0.0830457351878593,-0.003288719158170972,0.011797831750866527,-0.0393382099063484,40.713031697578934,0,1.0
2021-10-01,1.5111649744304325,40.0373056209548,0.0227135834547311,0.0120909024772188,37.68398377609638,0.1356413951397357,-0.0017791685000645,-0.022019949571665087,0.012777155652819278,-0.05195685505852021,36.80177049570977,0,1.0
2021-10-04,1.4981016365951687,41.706998021171685,0.6807667962976254,0.6580532128428942,38.33215582604676,0.3542450750243446,0.2186036798846089,-0.008644547786840762,0.01293504787901997,-0.05537759222997196,29.1160590655646,0,1.0
2021-10-05,1.47631282436792,40.11880828486986,-0.1576272377993959,-0.8383940340970213,38.18275272507188,0.0851983596421988,-0.2690467153821458,-0.014544281706259654,0.012611811972686345,-0.0739133988895635,25.473268833772863,0,1.0
2021-10-06,1.469417939744957,39.86271274763932,-0.0581976244384918,0.099429613360904,38.253608813930896,0.1898750126115018,0.104676652969303,-0.004670341210315732,0.011977036141577264,-0.06251731751494238,19.47385212412226,0,1.0
2021-10-07,1.4689316723618673,39.30368918714807,-0.8011029446745397,-0.7429053202360478,37.85604834820264,-0.158702492614708,-0.3485775052262099,-0.0003309251710742478,0.011436463863551464,-0.05418430426057641,20.748800679369992,0,1.0
2021-10-08,1.4881711187375737,38.61607341992885,-0.5009116216469991,0.3001913230275406,37.95168185295414,-0.0770236240392492,0.0816788685754588,0.013097577469189936,0.011804445511857532,-0.06358467046868665,28.270543362406258,0,1.0
2021-10-11,1.5186212621583424,38.790729307063785,-0.3573278135251811,0.1435838081218179,38.10394140648434,-0.0498891358155191,0.0271344882237301,0.02046145301260771,0.012844299751161416,-0.044136065760989496,34.72323693185551,0,1.0
2021-10-12,1.5099331657897759,39.05334160210938,-0.0834491950128963,0.2738786185122848,38.461864563917246,0.2019387385715418,0.251827874387061,-0.005721042227618045,0.01245909744871492,-0.04775949064697438,37.457879126948576,0,1.0
2021-10-13,1.5027163044061915,38.86039411555829,0.0814402318764848,0.1648894268893812,37.79006800001709,-0.0538712843123505,-0.2558100228838924,-0.004779589949472696,0.0124223224787049,-0.030685991999018447,38.65688321825219,0,1.0
2021-10-14,1.5130356559023928,38.69230401672768,-0.0328084301120412,-0.1142486619885261,37.43344185280458,-0.2234998512265917,-0.1696285669142412,0.006867132183196123,0.012269105522711295,-0.02080930136896142,30.58505864459255,0,1.0
2021-10-15,1.5415922907537876,38.07783099152618,-0.3251702035277333,-0.292361773415692,37.04278927625262,-0.4730250958882038,-0.249525244661612,0.01887373555275751,0.013104146960835795,0.020135006328361627,39.48867550399688,0,1.0
2021-10-18,1.5399251682243393,38.9144150207666,0.0180069684027657,0.343177171930499,37.75588701045592,-0.0113936631870572,0.4616314327011466,-0.001081428948138452,0.01307892253383606,0.027917686362205485,39.73873552826748,0,1.0
2021-10-19,1.5458580806652107,38.64272678763619,-0.0165257430304848,-0.0345327114332505,37.80229152872627,0.1229498919738958,0.1343435551609531,0.0038527277580069352,0.013047167770518476,0.047107398343617435,48.854773448336346,0,1.0
2021-10-20,1.546585282110378,38.87500715819543,0.2657253888897415,0.2822511319202263,37.53951601073448,0.1655755781606203,0.0426256861867244,0.0004704192799214191,0.012541890775801739,0.052515584761960055,50.369018087326836,0,1.0
2021-10-21,1.523435580071206,38.39056840785232,-0.1746155376380898,-0.4403409265278313,37.72567617938377,-0.0100702770240488,-0.1756458551846691,-0.014968267386835099,0.01281569041101955,0.03710445402930351,53.44330236546394,0,1.0
2021-10-22,1.524441850227473,37.58188413749383,-0.3536142167141207,-0.1789986790760309,38.10254168993691,0.1000833870702138,0.1101536640942626,0.0006605268837294176,0.01150299936053869,0.024372688754145555,57.927891253190644,0,1.0
2021-10-25,1.5179696689531883,37.65337597883031,-0.4072103931217015,-0.0535961764075807,38.121876955701865,0.1941203149891279,0.0940369279189141,-0.00424560718620981,0.011505872738615483,-0.0004290689333744657,63.8113030730635,0,1.0
2021-10-26,1.5390569003396386,37.82846635162146,-0.1873673520769614,0.21984304104474,37.62518817284062,-0.0334960021810459,-0.2276163171701739,0.013891734346044071,0.012057040632134752,0.019288095135409078,71.10278918496469,0,1.0
2021-10-27,1.5370144059250184,38.149118476743055,0.1890781130830774,0.3764454651600388,37.7651899003514,-0.1124505965285038,-0.0789545943474578,-0.001327107798398841,0.011011384929264345,0.02282406959867256,70.43843416113795,0,1.0
2021-10-28,1.5234910378729174,38.01821706992594,0.1216136970318757,-0.0674644160512016,37.64523356243313,-0.1588811310895863,-0.0464305345610824,-0.008798465388463406,0.0111561594600005,0.006910201970282692,60.97985988736892,0,1.0
2021-10-29,1.5303863814237073,38.083906973554086,0.0851468739775427,-0.036466823054333,37.59332553349945,-0.0106208797803901,0.1482602513091961,0.004526015171324671,0.009998694167054503,-0.007269048630621389,54.28493238774282,0,1.0
2021-11-01,1.5652471010203444,37.59627962644625,-0.1842796167656004,-0.2694264907431432,37.50522361110194,-0.0866554297498183,-0.0760345499694281,0.022779031504584157,0.010885973747772336,0.01644361253294102,66.91998559018364,0,1.0
2021-11-02,1.5589317700433967,38.52763716805343,0.1698066993758331,0.3540863161414336,37.92681715081244,0.0938611961264328,0.1805166258762511,-0.004034718207004406,0.010268750062966377,0.008457237790263417,67.29112201220266,0,1.0
2021-11-04,1.5812692909452548,38.27777971656696,0.0646242476709488,-0.1051824517048842,37.76823927074817,0.0583045790829146,-0.0355566170435182,0.01432873543993285,0.010421287295878339,0.022426185762966178,69.5428935304742,0,1.0
2021-11-05,1.5717502180525338,37.35612107444901,-0.0800528506657443,-0.1446770983366931,37.780412461772926,0.0917296168903334,0.0334250378074187,-0.006019893605238247,0.010613715141434428,0.031714263873940496,59.694808869390926,0,1.0
2021-11-08,1.5658739610838013,37.34002829122295,-0.3958696256101675,-0.3158167749444232,37.784124960269885,-0.0475640635141871,-0.1392936804045206,-0.0037386710058888717,0.010474317187268435,0.02717854462611724,58.12191129806948,0,1.0
2021-11-09,1.5555744421391071,36.784810176278526,-0.4976565134294688,-0.1017868878193013,37.54166630627685,-0.0755243214904481,-0.027960257976261,-0.0065774891215162334,0.009768762791891355,0.0247730728452904,52.96027983534426,0,1.0
2021-11-10,1.546215381245527,36.60622417355958,-0.2499656336298059,0.2476908797996628,37.24786315232872,-0.1775164364813974,-0.1019921149909492,-0.006016466097701012,0.009780071821627715,0.004651212638277835,49.89293384703054,0,1.0
2021-11-11,1.5538453066795568,36.78328716966129,-0.185580373853881,0.0643852597759249,36.50026135966552,-0.4279545335347876,-0.2504380970533901,0.004934581253410952,0.009706688457742916,0.010950385819194164,59.670810265846434,0,1.0
2021-11-12,1.5714812820737127,35.79683102363413,-0.3293263842148093,-0.1437460103609282,36.07480731636071,-0.4889529966387158,-0.0609984631039282,0.011349891342686158,0.009881998040079493,0.031500181496176616,63.528429504589916,0,1.0
2021-11-15,1.5813110048161425,35.8246975664161,-0.2605088690478254,0.0688175151669838,36.11464757606981,-0.3777385254196304,0.1112144712190854,0.006255068294201083,0.009117379311543177,0.03327566424438544,67.87167333870087,0,1.0
2021-11-16,1.5870686322841419,35.598217271307945,-0.3950232994511182,-0.1345144304032928,36.01529369433629,-0.1616558884430787,0.2160826369765516,0.003641046859513164,0.009113281464009188,0.013941269240858256,64.82924298691809,0,1.0
2021-11-17,1.579789161688214,35.4667350319327,-0.1100319972338041,0.284991302217314,35.9076508011225,-0.05571883841273,0.1059370500303487,-0.004586739632961634,0.009195967999198355,0.013379284485450338,62.79770034216115,0,1.0
2021-11-18,1.5797179871605689,35.369099387506616,-0.1518660596364967,-0.0418340624026924,36.00125752496034,-0.0377966837031635,0.0179221547095664,-4.50531813809274e-05,0.009198624617269889,-0.0009810497133974083,68.29509634964431,0,1.0
2021-11-19,1.5888613579891178,34.92962673947841,-0.2228635106098409,-0.0709974509733442,36.195989909704295,0.0602320717893363,0.0980287554924999,0.00578797665334152,0.008428988531439767,0.010886678901044,68.75222750037341,0,1.0
2021-11-22,1.5862309232032834,34.594488516123185,-0.2907488386031787,-0.0678853279933378,35.76600327102018,-0.0472158433674465,-0.1074479151567828,-0.0016555470825745378,0.008466186572709906,0.013000383571990959,58.48280439342385,0,1.0
2021-11-24,1.5680301139242236,34.17432488079635,-0.3982581689034177,-0.107509330300239,35.85208166171924,-0.0497252877470302,-0.0025094443795836,-0.011474249437972373,0.008891477848524107,0.00800712035869422,53.35559039474687,0,1.0
2021-11-25,1.573532648115326,34.25366451138504,-0.2253207426977894,0.1729374262056282,35.78633345230837,-0.1365521524653061,-0.0868268647182759,0.003509201859224209,0.008430970459182804,0.01766718091226971,46.742053410717446,0,1.0
2021-11-26,1.5406059669438277,33.174361855529966,-0.4733755535310777,-0.2480548108332883,35.13938747294431,-0.208871932691963,-0.0723197802266568,-0.0209253244353943,0.009766225944205217,-0.008520371802017146,39.044713137979954,0,1.0
2021-11-29,1.51517904277934,34.165764351066585,-0.0028535099099187,0.470522043621159,35.69064310174609,-0.0538128533243735,0.1550590793675894,-0.01650449544533983,0.01027699622439311,-0.03582749596614787,34.32373508387789,0,1.0
2021-11-30,1.497745274217615,35.15134413818614,0.2992265422670357,0.3020800521769544,36.4525746608499,0.222080402847169,0.2758932561715426,-0.011506078205613002,0.01050966548453447,-0.05284585406919595,32.87329529870743,0,1.0
2021-12-01,1.506376265929977,34.985900296646534,0.6038461470388583,0.3046196047718226,36.22597790292364,0.3621968099931081,0.1401164071459391,0.00576265661520492,0.00907156399667664,-0.05084365270204516,38.15013237926024,0,1.0
2021-12-02,1.5005452253002642,34.901511058905456,0.2452489026129569,-0.3585972444259013,36.42954846926626,0.246301789173394,-0.115895020819714,-0.0038709058032808663,0.009069585855153476,-0.05016108371275774,33.97477066234012,0,1.0
2021-12-03,1.5202948796130544,34.146096721202056,-0.3350824723280396,-0.5803313749409966,35.97762970764721,-0.1583149844008957,-0.4046167735742898,0.013161652164691118,0.008963021775162408,-0.037616275835615,34.80341890714186,0,1.0
2021-12-06,1.5091082141301806,35.150618362671025,0.0549060220081685,0.3899884943362082,36.39531319337134,0.0564450968158993,0.2147600812167951,-0.007358220851024,0.00900011428448803,-0.05019515608326819,28.735258711736265,0,1.0
2021-12-07,1.5385902902801973,34.688329374805534,-0.071060561366643,-0.1259665833748116,36.4526135104166,0.007688347050113,-0.0487567497657863,0.019536091496930696,0.010188748109385264,-0.030033857130258856,37.47301155491524,0,1.0
2021-12-08,1.5510257096481288,36.06846320840421,0.6407888290673895,0.7118493904340326,37.06516612510467,0.3625121391524857,0.3548237921023727,0.00808234618825443,0.01028034947244103,-0.010844437313476618,42.76032511700097,0,1.0
2021-12-09,1.542165547103044,35.9750882757222,0.2748233043503987,-0.3659655247169908,36.91872981020542,0.1744722056113588,-0.1880399335411269,-0.005712453694332931,0.01027135569998809,-0.019934191419448077,40.94862525628207,0,1.0
2021-12-10,1.5310099038610563,36.12285853505821,0.4781763867508886,0.2033530824004898,36.93616038876056,0.1611822927813193,-0.0132899128300394,-0.007233752085139988,0.010318910486502145,-0.00622875887064589,36.18985934246248,0,1.0
2021-12-13,1.533457614494265,35.598144146232585,-0.1567730207238753,-0.6349494074747639,37.05941065434443,-0.0019184902534092,-0.1631007830347286,0.0015987555841643353,0.009943673816498539,0.012063638156845302,37.39110045140872,0,1.0
2021-12-14,1.5323687799683197,35.454284729346085,-0.173601182125374,-0.0168281614014986,37.19499404400595,0.0920880779335107,0.0940065681869199,-0.0007100519216531875,0.009790474594746591,0.023117085626453537,40.72083541775841,0,1.0
2021-12-15,1.542396492624546,33.38558698076724,-0.9124238514303258,-0.7388226693049518,36.7063362295002,-0.0766080530867867,-0.1686961310202974,0.0065439291033020375,0.009892085130201405,0.023911838966960364,42.08469711442233,0,1.0
2021-12-16,1.5689339866011025,33.662970624221074,-0.6450578406705034,0.2673660107598223,36.398996712348776,-0.2201379806652212,-0.1435299275784345,0.01720536457613453,0.010688414767246917,0.04557594142965837,57.44322077269417,0,1.0
2021-12-17,1.5449340521052204,34.753425409470154,-0.2336197732919771,0.4114380673785263,36.77404468467367,-0.1403164531107634,0.0798215275544578,-0.015296968961629132,0.011201756497264575,0.016206837780337047,57.8772343143597,0,1.0
2021-12-20,1.512598014752078,33.69936588562511,0.1045929682859565,0.3382127415779337,36.8978860785496,0.0638499496831386,0.204166402793902,-0.020930367421884144,0.011913558630345895,0.002312491966594221,53.64449770299894,0,1.0
2021-12-21,1.5368144231091636,35.72519046009254,0.687406611957158,0.5828136436712015,37.50503795616689,0.3686804146060396,0.304830464922901,0.016009811014498165,0.012605547985286958,-0.0011542170662667273,56.93811077975986,0,1.0
2021-12-22,1.5391436726932297,34.94905190783946,0.0652088327897715,-0.6221977791673865,37.89506435932808,0.3736732248847971,0.0049928102787575,0.0015156349062326324,0.0123978252987813,-0.0076607607991195925,58.94091046064504,0,1.0
2021-12-23,1.5560818453495697,35.47071197956117,0.5904486979786867,0.5252398651889152,37.94715182580805,0.3497552490861508,-0.0239179757986462,0.011004932779732801,0.012647519396489086,0.009023867945090247,58.39905891680366,0,1.0
2021-12-24,1.553714424746761,35.63459471189984,-0.0301985827309039,-0.6206472807095906,38.11549016035842,0.2034840680638439,-0.1462711810223069,-0.0015213985111927064,0.011705905046592056,0.014829767481220113,60.9209953630693,0,1.0
2021-12-27,1.5474164895968743,36.53442724801461,0.5284584467250468,0.5586570294559507,38.34463331204621,0.1498563175727127,-0.0536277504911311,-0.004053470219221977,0.011068314600643902,0.009102876382542036,52.437663012147006,0,1.0
2021-12-28,1.567180818592046,37.0188833811671,0.5160571338686424,-0.0124013128564044,38.41638685950617,0.1564116778993707,0.0065553603266579,0.012772468904167278,0.010942319466032212,0.02271779422734399,54.288199393729364,0,1.0
2021-12-29,1.5578553332274596,37.42577933136765,0.5970615398226045,0.081004405953962,38.74820055798215,0.2109034658745727,0.054491787975202,-0.0059504846243360054,0.011061469685573774,0.010022611356311328,54.154421809252895,0,1.0
2021-12-30,1.5556701316580723,36.310875030642976,-0.0745174057905444,-0.6715789456131489,38.80320664259372,0.1528577768491743,-0.0580456890253984,-0.0014026986478007375,0.011009224740459766,-0.008454055464605426,56.85532184503135,0,1.0
2022-01-04,1.5911678005932866,36.49279039765449,-0.1753643278375349,-0.1008469220469905,38.82526120120758,0.136291447233809,-0.0165663296153653,0.022818249327304363,0.0117196571649145,0.029926033687370124,63.55259860430494,0,1.0
2022-01-05,1.6017841895323104,37.806548645710194,0.1269231047808503,0.3022874326183853,39.306952537780205,0.186250659932682,0.049959212698873,0.006672073765611186,0.01152653842670769,0.0589622450316718,65.6032154167086,0,1.0
2022-01-06,1.567394040801835,37.65296751809176,0.447364162482927,0.3204410577020766,39.14623148449846,0.1143416139682429,-0.0719090459644391,-0.02146990147312955,0.012073257251625778,0.01989805485479823,55.064294630399324,0,1.0
2022-01-07,1.567672360758223,36.93103935838862,0.1460829869113737,-0.3012811755715532,39.25340180986596,0.1427135362194604,0.0283719222512175,0.00017756859420337,0.011957939291853348,0.018535428869400628,49.713972432790705,0,1.0
2022-01-11,1.5567255919670273,36.91743147594448,-0.2963723899219062,-0.4424553768332799,38.24115119028177,-0.3552671158328095,-0.49798065205227,-0.006982816732127084,0.011996556540680745,0.0004136971454178351,52.84147821302706,0,1.0
2022-01-12,1.5832645657874813,36.3650571896581,-0.4293034428112179,-0.1329310528893117,36.25580722648927,-0.9634747526697324,-0.6082076368369229,0.017047945994721037,0.0123908103685263,0.019019029861640613,67.51839087662519,0,1.0
2022-01-13,1.575107566169561,37.20918392237145,0.0927148546609473,0.5220182974721652,36.45341220848283,-0.9333298671277106,0.0301448855420218,-0.005152012995290667,0.01248679409245174,0.017895037799358526,60.31420332691968,0,1.0
2022-01-14,1.554446458464784,36.08047235491775,-0.2789863736755791,-0.3717012283365264,36.280593168255976,-0.6535193406752597,0.2798105264524508,-0.013117267765414886,0.01289931005415273,-0.008125648282693132,53.75132785309598,0,1.0
2022-01-17,1.5636645467659793,36.25917123181955,-0.0352953192795197,0.2436910543960593,36.22854977476456,-0.0090858172415693,0.6444335234336904,0.00593014204574116,0.01288563435397634,0.00372898138525124,51.93194928143776,0,1.0
2022-01-18,1.5612339734037606,36.55442537767884,-0.2182528482308683,-0.1829575289513485,36.24837536552435,-0.0683456143194973,-0.059259797077928,-0.0015544084357771437,0.012295069574898084,0.0035764919776135606,51.91524264656573,0,1.0
2022-01-19,1.5129769917482458,36.219249442381226,0.0462590291544913,0.2645118773853596,36.14062025218601,-0.046657638689993,0.0216879756295043,-0.03090951290939825,0.01371894835203276,-0.049140517308033926,42.77292015213971,0,1.0
2022-01-20,1.5275739746064498,38.203971071192925,0.6482666131244628,0.6020075839699714,36.85815844470318,0.2098695566462112,0.2565271953362043,0.009647855147709272,0.013063854231839927,-0.04632972120141132,41.50431215664684,0,1.0
2022-01-21,1.5132980271905807,38.38799113930276,0.6111885872079696,-0.0370780259164931,36.83174054432317,0.1944550595996048,-0.0154144970466063,-0.009345503165924973,0.012712646036340106,-0.03451334648661819,40.64119352023697,0,1.0
2022-01-24,1.5134666077869716,38.273816481924726,0.6848556798478356,0.0736670926398659,36.623503812665376,0.1609611868264551,-0.0334938727731497,0.00011139946881710827,0.012703676720702148,-0.03457722055202539,41.05984566077351,0,1.0
2022-01-25,1.4881015399492075,37.29574208839728,-0.3027429942652162,-0.9875986741130518,36.61344917075222,-0.0815697579836438,-0.2425309448100989,-0.016759582079484137,0.01286590940264974,-0.04408230478893116,27.18772985300906,0,1.0
2022-01-26,1.4829857448536767,38.214547219972815,-0.0578146397766516,0.2449283544885645,36.7954125205226,-0.0121093412668571,0.0694604167167867,-0.0034377997456446208,0.01286810132788578,-0.06333674301864267,23.04939571038686,0,1.0
2022-01-27,1.4449739907590697,37.80672703350831,-0.1556964828054674,-0.0978818430288157,36.51530176307634,-0.0360673498630106,-0.0239580085961534,-0.025631907944170806,0.013891389658779951,-0.082618849788753,22.676772320321362,0,1.0
2022-01-28,1.47304045948692,38.80170914926829,0.5019890202903383,0.6576855030958058,36.86987221810624,0.0854743491179945,0.1215416989810052,0.01942351136237863,0.014368499801706945,-0.052369767086260954,31.20966850125214,0,1.0
2022-01-31,1.4886968274371846,39.84546522670466,0.5436393355772822,0.0416503152869438,36.981275215486505,0.0619542316546315,-0.023520117463363,0.01062860687188305,0.014664173648313057,-0.047943607523650345,36.74005009424123,0,1.0
2022-02-01,1.4924358094036811,39.271742254822456,0.4883384071047132,-0.0553009284725689,36.29439288261536,-0.0736362934869845,-0.135590525141616,0.002511580529753088,0.014700961983884585,-0.04406653017554285,30.568870001560228,0,1.0
2022-02-02,1.5246170254054716,38.72323066198443,-0.0261594957612842,-0.5144979028659975,35.878949241268174,-0.330307658946019,-0.2566713654590344,0.021562881163142755,0.014591830460083634,0.007693463760989339,40.20528941594661,0,1.0
2022-02-03,1.5101094641439665,39.56230302629446,-0.094387400136739,-0.0682279043754547,36.29416759092983,-0.2290358748522294,0.1012717840937895,-0.009515544572675116,0.014532428032402636,-0.011432841062235743,41.18865423437427,0,1.0
2022-02-04,1.516941854329534,38.69153355988415,-0.1934028983127689,-0.0990154981760298,35.78875580190932,-0.1685456935686815,0.0604901812835478,0.004524433723379628,0.013928585868156478,0.0024078714658195555,40.62563863226612,0,1.0
2022-02-07,1.5094510014362528,38.58314004627595,-0.0466968719028244,0.1467060264099444,35.65058337381939,-0.0761219558162622,0.0924237377524193,-0.004938127899827838,0.013942310862910628,-0.0026532507093701696,39.81712338552401,0,1.0
2022-02-08,1.5151118492566773,38.02010934800518,-0.5140645594297624,-0.4673676875269379,35.0705480273647,-0.4078731878550385,-0.3317512320387763,0.00375026934629763,0.013938793777006533,0.018150850988563505,50.504291931572745,0,1.0
2022-02-09,1.5297818259852158,37.9340150808838,-0.2525061596667797,0.2615583997629827,34.88007629465281,-0.3028931690855003,0.1049800187695382,0.009682438122133208,0.013520619780835484,0.03155531419902924,50.52135461428601,0,1.0
2022-02-10,1.5342657629476975,37.84595624974634,-0.2457279321765426,0.006778227490237,34.692772771258774,-0.3192702008535377,-0.0163770317680373,0.0029310957198709353,0.013530587097439331,0.06179472624397975,55.191323772554284,0,1.0
2022-02-14,1.5019654238883835,38.01413223437393,-0.001992371210413,0.2437355609661295,34.460508831266495,-0.2033463986994093,0.1159238021541284,-0.02105263627681897,0.014005666641210642,0.01963623213142318,47.5433382991899,0,1.0
2022-02-15,1.483410537828105,38.0652413165697,0.0437420785619622,0.0457344497723752,34.38003107359816,-0.1666817403515494,0.0366646583478598,-0.012353737153444122,0.014083275082654063,-0.0035509510812755662,48.96797339192698,0,1.0
2022-02-16,1.5095306112086928,37.35515779134701,-0.1635994861331084,-0.2073415646950707,34.07748902369954,-0.2050945825197416,-0.0384128421681921,0.017608121767040075,0.014787806286167153,0.011454296189691515,55.34584564058605,0,1.0
2022-02-17,1.4944385709811288,38.29122801467915,0.0923652601017366,0.2559647462348451,34.54446926735139,0.0279868120282955,0.2330813945480372,-0.00999783649003294,0.013265707037033836,-0.019794121357340155,60.97476738176072,0,1.0
2022-02-18,1.488598560860171,36.73399133409852,-0.4437499941570522,-0.5361152542587888,34.34774008986774,-0.0107636612434731,-0.0387504732717687,-0.003907828822380832,0.013062935537860119,-0.014244598682777831,53.82960201686053,0,1.0
2022-02-21,1.4774329457521487,35.58804746889797,-0.5890367741496831,-0.1452867799926309,33.73439519524645,-0.1143646094843617,-0.1036009482408886,-0.007500756350033333,0.013008870655899044,-0.026045104144646225,47.164731718959665,0,1.0
2022-02-22,1.4535044624770348,35.55259430829847,-0.912877902126894,-0.3238411279772109,33.845686712384655,-0.2329275183222421,-0.1185629088378803,-0.016195985979541083,0.013431931674757787,-0.03706416366346732,41.10458758237994,0,1.0
2022-02-24,1.4325738131650327,36.651989929823415,-0.0273338014250299,0.8855441007018641,34.43660170669189,0.0296205389413799,0.262548057263622,-0.014400127314595501,0.013304618183572299,-0.05447652998828978,27.829210720899653,0,1.0
2022-02-25,1.4505584649066363,37.29914879450061,0.5703671085342137,0.5977009099592436,34.7068371801778,0.3241473283104525,0.2945267893690726,0.012554083828929974,0.013677314028361498,-0.05178735930370837,35.89204971081793,0,1.0
2022-02-28,1.45357721020358,36.07751317162955,0.1749729544436888,-0.3953941540905248,34.56138370090001,0.2385656628384467,-0.0855816654720058,0.0020810917794602535,0.012395990387421674,-0.05259098827122044,34.712337059620864,0,1.0
2022-03-01,1.4607872422001735,35.91023688292792,-0.2472510156318321,-0.422223970075521,34.60816404413646,0.0571874458148613,-0.1813782170235853,0.004960198843227515,0.011623747868050888,-0.02741619815828067,38.24321324631307,0,1.0
2022-03-02,1.4308397782966937,34.515233057891905,-0.9279719122028992,-0.6807208965710672,34.41056662910974,-0.0987568503560254,-0.1559442961708868,-0.020500907345257335,0.012148174451277393,-0.0354391169476127,31.778767671374425,0,1.0
2022-03-03,1.44824407423339,35.878871330029,-0.0662139472001825,0.8617579650027167,34.936677284441146,0.1250978611803859,0.2238547115364113,0.01216369309875831,0.012519127248504371,-0.0405997311483669,32.576005261902495,0,1.0
2022-03-04,1.419004032645521,36.24563610516832,0.1117997407467967,0.1780136879469793,35.1462419254719,0.1793592937784751,0.0542614325980892,-0.020189995669995575,0.011952033513972402,-0.05047684113645656,27.7261109489922,0,1.0
2022-03-07,1.3745012320653123,36.76926718191408,0.7513447080073945,0.6395449672605977,35.17445686425566,0.2546300783819717,0.0752707846034965,-0.031361997257499,0.013435539256142959,-0.07664748025077284,26.477395122434032,0,1.0
2022-03-08,1.3534875338985943,37.89929590413317,0.673474858034723,-0.0778698499726715,35.767766913121136,0.2770298762266634,0.0223997978446917,-0.015288235235077163,0.01345720363252053,-0.08389241096180833,26.23927049588889,0,1.0
2022-03-09,1.355601485747317,38.20153836688321,0.6519674205716299,-0.021507437463093,35.9897086680771,0.2811555808684005,0.0041257046417371,0.0015618554259113626,0.013552129447059693,-0.06735650234115775,19.139180536772727,0,1.0
2022-03-10,1.4107889118168861,37.9144317344149,0.3817215175002744,-0.2702459030713555,35.712831665278344,0.1794582670075613,-0.1016973138608392,0.040710656228843956,0.016943105126414004,-0.015206826446182542,35.55213028009315,0,1.0
2022-03-11,1.3824330222190628,41.11151376637349,1.0707392874134456,0.6890177699131712,37.71723445978476,0.649822515554547,0.4703642485469856,-0.020099314192443707,0.017038960153908995,-0.04696497544616951,32.986496069462234,0,1.0
2022-03-14,1.3934282153976971,40.97943673192748,0.9259661216814196,-0.1447731657320261,37.44021653684647,0.483502622923126,-0.1663198926314208,0.007953508779025675,0.017196943425709765,-0.04137997925645709,36.53050775921925,0,1.0
2022-03-15,1.4026358204492217,40.28446041916281,0.7900095615826359,-0.1359565600987835,37.46765818721386,0.5849421739785043,0.1014395510553782,0.006607879006452322,0.016919482817866847,-0.03980827602475956,41.439496559446994,0,1.0
2022-03-16,1.4278765615788442,39.548658537031415,-0.5209517431140256,-1.3109613046966615,37.41681573852215,-0.1001395737542125,-0.6850817477327169,0.017995220684966284,0.017416485190758033,-0.0020709633341176037,49.220819443830806,0,1.0
2022-03-17,1.4651685689763576,39.88634912410005,-0.364362535942476,0.1565892071715495,37.58850389049761,0.0494291178837187,0.1495686916379313,0.02611710872001316,0.01800843924142984,0.011686217153642708,52.27763367960065,0,1.0
2022-03-18,1.4734156451645666,40.44752191835465,0.0543538330639492,0.4187163690064253,38.0214213510219,0.1845877212693452,0.1351586033856264,0.00562875587344247,0.01795179558327457,0.03834493156274066,53.04309472556422,0,1.0
2022-03-22,1.4977891479773267,40.45068754112573,0.3006763346981032,0.2463225016341539,37.91200017606584,0.165061479181233,-0.0195262420881121,0.01654217728225471,0.018329235910442276,0.08969647537293457,55.39195079815248,0,1.0
2022-03-23,1.5378559794626396,40.62067271907597,0.244774531658642,-0.0559018030394611,38.05553489271233,0.1556770007382368,-0.0093844784429961,0.026750648807557953,0.019128303279184918,0.13621732077057946,65.14775785883208,0,1.0
2022-03-24,1.5434592607919313,41.08914309710657,0.2138737262506396,-0.0309008054080024,38.41983093600406,0.1328031949940538,-0.022873805744183,0.003643567020657823,0.01863323534482121,0.13857890908186188,63.943177954053574,0,1.0
2022-03-25,1.5396109447997202,40.9586403980189,0.169317618964385,-0.0445561072862545,38.52832518421657,0.2054416693835747,0.0726384743895209,-0.00249330584225238,0.018228074362741348,0.09131205377630192,69.0804545074279,0,1.0
2022-03-28,1.5355232628177071,40.795803345721936,0.0583768755486602,-0.1109407434157248,38.17798365545151,0.0408162542463941,-0.1646254151371806,-0.002655009693078525,0.018159309211928702,0.11073971623804657,79.20947647991889,0,1.0
2022-03-29,1.5518605135785326,40.12525805066679,-0.321295015479933,-0.3796718910285932,37.951620196743136,-0.1560702464203061,-0.1968865006667002,0.010639533217390973,0.018237030340180933,0.11369964841397828,86.60602220615742,0,1.0
2022-03-30,1.5325544267483215,40.4170993677769,-0.1805136767473314,0.1407813387326015,37.9541455809746,-0.1913932010806576,-0.0353229546603515,-0.012440607039927776,0.01857239208385935,0.09262461745593442,80.70512281349308,0,1.0
2022-03-31,1.5203216172603793,39.98418174343308,-0.2705405340962841,-0.0900268573489526,37.93201453645658,-0.0819897063316474,0.1094034947490101,-0.007981973934783504,0.01795480596499762,0.06474303043346818,72.33590205907365,0,1.0
2022-04-01,1.5191705367045343,40.203942748448696,0.0262282325939722,0.2967687666902563,37.96866750447691,0.005682435911261,0.0876721422429085,-0.0007571296380822767,0.017847064849344695,0.03685717047964343,81.36333102120966,0,1.0
2022-04-04,1.5243005832776533,40.52264396961448,0.0351815339458596,0.0089533013518874,37.82683158821938,-0.0424379975850754,-0.0481204334963365,0.003376873398458269,0.017026168909187334,0.03453535889895032,80.84803509923364,0,1.0
2022-04-05,1.519065742253749,40.10603735303973,0.0406185365355469,0.0054370025896872,37.801210730454855,-0.0436012686672384,-0.0011632710821629,-0.0034342577056868384,0.015024921117225492,0.014205333444400337,77.96758415191017,0,1.0
2022-04-06,1.5005903285058495,40.30744094836578,0.0344993999723612,-0.0061191365631856,37.69849658469455,-0.0900569732607863,-0.0464557045935478,-0.012162352973932977,0.014816276311640314,-0.024232211243741753,68.05331186520331,0,1.0
2022-04-07,1.478022666714955,40.54348404476444,0.0069466917166494,-0.0275527082557118,37.787305094509136,-0.0131754979034113,0.076881475357375,-0.01503918915255531,0.015485178481107061,-0.042396061716200806,53.4431501761377,0,1.0
2022-04-08,1.479803731854649,40.59921342155232,0.1643920228375321,0.1574453311208827,37.93312942059853,0.0439728967145569,0.0571483946179682,0.0012050323583012723,0.01292345922709833,-0.03884566626853325,51.77253971120015,0,1.0
2022-04-11,1.4743568517126908,40.48143058950893,0.0579965470477219,-0.1063954757898102,37.85556689171612,0.0523567690071899,0.008383872292633,-0.003680812546087875,0.011894901641646116,-0.03983424581453432,42.73503884850389,0,1.0
2022-04-12,1.4530335236630243,39.34569667857038,-0.3992624553980235,-0.4572590024457454,37.58028099783924,-0.0690080322233015,-0.1213648012304915,-0.01446279984719856,0.012474414190800595,-0.06368290774253738,20.24311055221044,0,1.0
2022-04-13,1.4748299796918216,39.57926837782426,-0.3399816812426834,0.05928077415534,37.616213389575705,-0.1056386770076045,-0.036630644784303,0.015000655988892442,0.012769245011775995,-0.03766551193811507,28.38024543025294,0,1.0
2022-04-14,1.4892730107816807,40.027785446478106,-0.151215047676942,0.1887666335657414,37.10709483144306,-0.2494906867576887,-0.1438520097500841,0.009793014305877534,0.012374020057862714,-0.020422393608168332,35.134707387149234,0,1.0
2022-04-15,1.4823639194961253,40.30906545906535,0.3211229268316558,0.4723379745085978,37.35824864663084,-0.074010783736135,0.1754799030215537,-0.004639237557879983,0.011086737654763128,-0.024228101005863256,34.558825864967105,0,1.0
2022-04-18,1.4704807393049248,39.97342414876445,0.1313852569800602,-0.1897376698515955,37.40245190732152,-0.0712538274180616,0.0027569563180733,-0.008016371712042059,0.011183118666102108,-0.03530789436359161,25.733748041368955,0,1.0
2022-04-19,1.4817924689410484,40.32524294165073,0.0991524983908789,-0.0322327585891812,37.1234080203128,0.0054377296232459,0.0766915570413075,0.007692538456145037,0.01065506611392108,-0.02453697182150949,34.10575680086231,0,1.0
2022-04-20,1.497948722877164,39.78454968542525,-0.1748385912133727,-0.2739910896042516,37.35509534862463,-0.001051099335406,-0.0064888289586519,0.010903182648553722,0.008980952904005584,-0.001760377618397535,43.16273874177039,0,1.0
2022-04-21,1.508194954679137,39.88186988090446,-0.0305180892866587,0.1443205019267139,36.86455354253299,-0.1792994549295059,-0.1782483555940999,0.006840175264672954,0.009100747234177886,0.020413954835511783,46.82245196956107,0,1.0
2022-04-22,1.4882220659285925,40.19762596530717,-0.0425389921145225,-0.0120209028278637,37.07181735530352,-0.0171968883364286,0.1621025665930773,-0.013242909140213643,0.009495273655530857,0.005688817978173777,40.381527068350955,0,1.0
2022-04-25,1.4644967111915665,41.07778612384226,0.4310788128056728,0.4736178049201953,37.13029656621951,-0.0749329274683674,-0.0577360391319388,-0.015942079666869002,0.010019424531289184,-0.0066877571123098445,36.75756873218204,0,1.0
2022-04-26,1.4630180118856362,41.04633025137109,0.3881534568222093,-0.0429253559834634,37.63113685427935,0.2555277705821197,0.3304606980504871,-0.0010096979355639357,0.009554360797011045,0.006871478228142713,40.06243425847244,0,1.0
2022-04-27,1.4484703439726152,41.5508614003812,0.4510784783580064,0.062925021535797,37.63643788012549,0.1882068416073181,-0.0673209289748015,-0.009943601373896271,0.009438742298943339,-0.017872999655671795,41.83736067355991,0,1.0
2022-04-28,1.4778479379809724,41.69085556339319,0.2043564798503112,-0.2467219985076951,37.53932171904015,0.136341717606875,-0.051865124000443,0.02028180565146087,0.01065554358798234,-0.00767157715072786,49.53125083964003,0,1.0
2022-05-02,1.4752710391718895,42.553004036124605,0.5022245949178341,0.2978681150675228,37.43095964676465,-0.0667257358382329,-0.203067453445108,-0.0017436833268539287,0.01065488028438201,-0.004784844147209699,50.22216149301009,0,1.0
2022-05-06,1.4896580842470637,42.281341619485445,0.2434934063680884,-0.2587311885497456,37.237286347279664,-0.1330505109486068,-0.0663247751103739,0.009752136857000826,0.010898249655554602,0.013041547862234326,59.21084693197533,0,1.0
2022-05-09,1.4566906703721076,42.47955587409331,0.2629001035667073,0.0194066971986188,37.269439060160735,-0.0899608862931344,0.0430896246554723,-0.02213085957346994,0.011868398018981943,-0.016940158014758677,45.68076883054784,0,1.0
2022-05-10,1.4403785692219753,43.35799175688041,0.268329240251937,0.0054291366852297,37.76143107034535,0.110157141193568,0.2001180274867025,-0.011198054248514833,0.011826943834915438,-0.038432659793995905,38.460244219840725,0,1.0
2022-05-11,1.42983411693841,43.20537615114711,0.3080115105538823,0.0396822703019452,37.26468409538306,0.0091325827011345,-0.1010245584924334,-0.0073206117536592785,0.01149975158768144,-0.05195670327474211,37.81140442928917,0,1.0
2022-05-12,1.411025969145268,43.31259445857504,0.2776795281605757,-0.0303319823933065,37.07506231938336,-0.0647922469257906,-0.0739248296269252,-0.013154076805366954,0.011761128279693368,-0.051871356130684165,36.634119990279494,0,1.0
2022-05-13,1.4396711673218097,42.05641534703575,-0.4338588032815451,-0.7115383314421209,36.875819300990784,-0.2952039231181942,-0.2304116761924035,0.020300971635478504,0.012791506826252587,-0.016951587313267513,41.21542990858363,0,1.0
2022-05-16,1.444478874944862,41.860706661011335,-0.4482231633786,-0.0143643600970548,36.801339177242994,-0.1544483060466888,0.1407556170715054,0.0033394484325166562,0.01242780189506709,-0.012671844632233698,38.29455860106649,0,1.0
2022-05-17,1.4457820364057123,41.60987834830135,-0.5675720367578947,-0.1193488733792946,36.48582420278174,-0.1964127055338735,-0.0419643994871847,0.0009021671991569225,0.011907880932604547,-0.0018559631393831877,35.779975724332076,0,1.0
2022-05-18,1.4632916409069698,41.19511242939394,-0.2871009725472646,0.28047106421063,36.34451892596421,-0.1771001250088559,0.0193125805250176,0.012110818961886816,0.012028368565643204,-0.009849658209009848,44.2554254197637,0,1.0
2022-05-19,1.4393058574434305,40.87919270537411,-0.3271713185457443,-0.0400703459984796,36.56417238181949,-0.079055598474504,0.0980445265343519,-0.01639166301030226,0.012502945888392375,-0.024378694337175655,44.20237452995912,0,1.0
2022-05-20,1.4537079307569603,40.975759109838194,-0.2113730794877213,0.115798239058023,36.64600671427708,0.0533941704984499,0.132449768972954,0.010006263254643821,0.01264948875028474,-0.024133157716036635,47.97760677348636,0,1.0
2022-05-23,1.4670283984297885,41.40975678240723,0.0715481176710994,0.2829211971588208,36.78436445467516,0.1466151762369847,0.0932210057385347,0.009163097614726556,0.012703757633772753,0.00709672154009211,54.05290347412011,0,1.0
2022-05-24,1.4567724831126712,41.44254144915208,0.1877829145926526,0.1162347969215531,36.8480856665729,0.0946377615844653,-0.0519774146525193,-0.006990945320550446,0.012492394488143314,0.011381670236562336,44.977872658804706,0,1.0
2022-05-25,1.4573828052771296,41.56831526544332,0.1975187185350435,0.0097358039423909,36.97011746955099,0.1080369184246379,0.0133991568401725,0.0004189550334958714,0.012353415918688881,0.019267052039370514,45.697035009652936,0,1.0
2022-05-26,1.459788742621119,40.6038383544132,-0.2686394759980146,-0.4661581945330582,36.61424586264977,-0.0567061973417963,-0.1647431157664343,0.001650861623505806,0.012062623258015054,0.034558381307035146,42.37553528399904,0,1.0
2022-05-27,1.4651651765202058,40.27495586953454,-0.3891951932058433,-0.1205557172078286,36.70845912616703,-0.0465421801352903,0.010164017206506,0.0036830218935879344,0.011561994695216134,0.017708216832474477,52.51786850158661,0,1.0
2022-05-30,1.4948660212392042,39.50806498720081,-0.6867500927475021,-0.2975548995416588,36.635389493622895,-0.1115759919760321,-0.0650338118407418,0.020271328581217274,0.012404379560017756,0.03488257749443768,64.99577189663118,0,1.0
2022-05-31,1.4881819208372737,38.7253246059053,-0.626171249502633,0.060578843244869,36.86863207608511,0.0847954044784486,0.1963713964544808,-0.004471370883384895,0.012205552075134483,0.02932660896587813,66.40682026509793,0,1.0
2022-06-01,1.5063245356454733,38.04576900116936,-0.7430622894550609,-0.1168910399524278,36.99269958085706,0.094746818230007,0.0099514137515583,0.012191127008176705,0.01166996921843984,0.02940828303497378,76.89767931422048,0,1.0
2022-06-02,1.4971429194044354,38.52897375827027,-0.3263637429768451,0.4166985464782158,37.0788315969568,0.1478140344446359,0.0530672162146288,-0.006095377207079422,0.01176438518976407,0.04018399679393925,68.22341223164936,0,1.0
2022-06-03,1.5020161894072506,34.88278498871679,-1.2808465390628356,-0.9544827960859904,37.11353346647029,0.0816337967950602,-0.0661802376495757,0.003255046622238078,0.011592680322671294,0.033231062188080474,68.23661870000353,0,1.0
2022-06-06,1.5067329477542544,34.422465908338964,-1.20776769761013,0.0730788414527054,37.08170534503576,0.0296685880595646,-0.0519652087354955,0.003140284625603895,0.010304471082646063,0.027064608542658686,68.90938809889757,0,1.0
2022-06-07,1.512727598181232,34.32721046452487,-1.4005877645818003,-0.1928200669716702,37.02007206784336,-0.0195865097044816,-0.0492550977640462,0.003978575258417605,0.009850313084794303,0.038410332235959244,66.51710555447313,0,1.0
2022-06-08,1.5291932709851688,34.398365858949404,-0.1614730432557962,1.239114721326004,37.03854964566588,-0.024994606934797,-0.0054080972303154,0.010884757324275407,0.009735595685183571,0.04927357825824208,81.62139769784314,0,1.0
2022-06-09,1.5298722094418231,34.0183297848291,-0.1347120411699549,0.0267610020858413,37.06893737447346,-0.0042559901874312,0.0207386167473657,0.00044398472680762247,0.008962045724143693,0.04800932133156888,79.65724487039473,0,1.0
2022-06-10,1.5083774783906554,32.76111862581514,-0.5220306129032437,-0.3873185717332887,37.06941831658604,0.0164487495808884,0.0207047397683197,-0.014050017327270847,0.008983266346493067,0.0294931264835816,65.13711129500675,0,1.0
2022-06-13,1.4703979039998962,33.22004946764709,-0.3927721304341105,0.1292584824691331,37.240275486511365,0.0672419469484992,0.0507931973676107,-0.02517909139778529,0.01088394465805977,-0.01636810047968351,54.146368741446594,0,1.0
2022-06-14,1.452230591546802,33.80284286754869,-0.0718289724268004,0.3209431580073101,37.65085233308244,0.1939716528696564,0.1267297059211571,-0.01235537156552935,0.011283158482598497,-0.024157886066943357,48.58348615151618,0,1.0
2022-06-15,1.4350587166756872,32.357075382520065,-0.134681081098364,-0.0628521086715636,37.72736696930736,0.2193162175737697,0.0253445647041132,-0.011824482262713265,0.011231869115830302,-0.04731106563251197,43.71148144372195,0,1.0
2022-06-16,1.4467734285925309,32.55175584177164,-0.222764541958476,-0.0880834608601119,37.761856759024994,0.1738604241712096,-0.0454557934025601,0.008163228292136226,0.010784032099560968,-0.03364374246377333,45.46926895756342,0,1.0
2022-06-17,1.4178870998346702,32.83714331759603,-0.32189984998422,-0.099135308025744,37.86035402595952,0.0698338976256991,-0.1040265265455104,-0.01996603489321913,0.01142952352133241,-0.056010774162015387,30.960153150130935,0,1.0
2022-06-20,1.4096427028537948,33.5493371265821,0.3974205813540195,0.7193204313382395,37.61101673131331,-0.0387834126646851,-0.1086173102903842,-0.005814565194814714,0.011204314774639727,-0.06443759330090315,30.723019775680413,0,1.0
2022-06-21,1.4386482685657598,33.044132797891194,0.1641256520398499,-0.2332949293141695,37.13615267832892,-0.2085680268986891,-0.169784614234004,0.02057653734045073,0.012200758501450864,-0.04897070014756033,34.2301898728968,0,1.0
2022-06-22,1.43751352605645,34.54067595402314,0.5678442121423686,0.4037185601025186,37.58235131503247,-0.0926675703090182,0.1159004565896708,-0.0007887560386397041,0.012198673237110016,-0.05995301357143357,35.563884629162445,0,1.0
2022-06-23,1.4335380619985427,34.14942231292807,0.2000283954486477,-0.3678158166937209,37.52855477984481,-0.0274873171561722,0.065180253152846,-0.0027655141922825477,0.012195464043585869,-0.06296875441539529,33.349247014805215,0,1.0
2022-06-24,1.4413649484536113,33.98404421672289,0.3133038062772399,0.1132754108285922,37.51703989448281,0.1269624053846314,0.1544497225408037,0.005459838606696632,0.012236520339524357,-0.04442689638176134,34.342307929548326,0,1.0
2022-06-27,1.4572985079597442,33.702818645281724,-0.2792857695804684,-0.5925895758577084,37.08881472682053,-0.1645121960706461,-0.2914746014552776,0.011054493536302168,0.0115580192453513,-0.0089087423237737,37.326424210205005,0,1.0
2022-06-28,1.471690655899581,33.845505596994784,-0.1013055719777682,0.1779801976027002,37.130659896180745,-0.132631627888017,0.031880568182629,0.009875909335820499,0.011787780219364226,0.013400120109060554,36.726463559547646,0,1.0
2022-06-29,1.457629634549025,33.69026990870097,-0.0979247693406435,0.0033808026371247,36.78974383745832,-0.2424320190081701,-0.109800391120153,-0.009554332151386236,0.011557084465146064,0.015728219069407245,34.29429469810701,0,1.0
2022-06-30,1.4385737844380944,33.35033735426997,-0.1174937636705806,-0.019568994329937,36.94486249193906,-0.0479840782938154,0.1944479407143546,-0.013073176930041175,0.011803333869145711,-0.005667538532563077,34.66186186415358,0,1.0
2022-07-01,1.4170048813928238,34.11250934468964,0.0890012492316216,0.2064950129022023,37.054975458786856,-0.0252281457979677,0.0227559324958477,-0.014993254623846375,0.012083657718267127,-0.0006222064097693991,37.355940431294144,0,1.0
2022-07-04,1.4361997435161025,34.60656119249951,0.3054304279328406,0.2164291787012189,37.10360761337698,0.1046212586395611,0.1298494044375289,0.013546080451332987,0.012568953294985355,0.01883955459673814,46.222103399109294,0,1.0
2022-07-05,1.445362721884783,34.59412782582193,0.4145968238506583,0.1091663959178177,37.22554628528185,0.0935612644475938,-0.0110599941919673,0.006380016714282233,0.012643530755804724,0.004667195912811506,52.52354415233081,0,1.0
2022-07-06,1.4257187646882314,34.49010694914712,0.1258658681524878,-0.2887309556981705,37.26322431455422,0.0694162852557909,-0.0241449791918029,-0.013591022446556189,0.012494123714988719,-0.008204974182451918,45.03630650417513,0,1.0
2022-07-07,1.449445388033459,34.27701986491287,-0.1098471091955417,-0.2357129773480295,37.27218988512678,0.0561940905832614,-0.0132221946725294,0.01664186790051536,0.013259512895523988,0.011096549478943896,57.62546562246123,0,1.0
2022-07-08,1.4529079028177587,34.808121648959826,0.0713312743792968,0.1811783835748386,37.22429574363953,-0.0004168472141046,-0.056610937797366,0.002388854946095975,0.01302058381636827,0.008008349569296414,60.70152207315581,0,1.0
2022-07-11,1.4757468594638743,34.4747775981738,-0.0051097836577653,-0.0764410580370622,37.0988335889823,-0.0547969085239827,-0.0543800613098781,0.015719479949019455,0.012348345031974519,0.012659281131055522,59.4649660707318,0,1.0
2022-07-12,1.4530063717471755,34.859179916403875,0.1940533504969863,0.1991631341547517,36.86235002828931,-0.1366132856124835,-0.0818163770885007,-0.015409477290000972,0.012530032773774936,-0.012695795870895643,53.56019526928917,0,1.0
2022-07-13,1.4584087826243886,35.38346656215778,0.1917816377326602,-0.0022717127643261,36.840735553533065,-0.1278533967021502,0.0087598889103333,0.0037180916630921157,0.012229841640019959,0.0005345308965296613,55.67795738959197,0,1.0
2022-07-14,1.4631666749950292,35.33577378003001,0.2869987272853933,0.0952170895527331,36.84225089168926,-0.0855275657643517,0.0423258309377985,0.003262385983495486,0.012124844843882572,0.017095327902517443,55.048047587859465,0,1.0
2022-07-15,1.4659696024639917,34.96942008702371,0.0367467235399487,-0.2502520037454445,36.73480923171614,-0.0425135988577167,0.0430139669066349,0.001915658357221739,0.011113277251675411,0.03455508284702513,52.13772223927932,0,1.0
2022-07-19,1.4754914752741202,34.16163468620292,-0.4072772919849541,-0.4440240155249029,36.67040801243533,-0.0567758470325827,-0.0142622481748659,0.006495273022117276,0.01101402715395458,0.027358124756256874,50.960087707035626,0,1.0
2022-07-20,1.5105911054396721,34.393381536864155,-0.314130747721947,0.093146544263007,36.64854914679661,-0.0645672482975499,-0.0077914012649671,0.023788433043322676,0.011313234740324451,0.04512942154051802,62.09277172579072,0,1.0
2022-07-21,1.5123901094754764,35.78517040623794,0.2719167730714105,0.5860475207933575,36.96719533736906,0.0774620352176427,0.1420292835151926,0.0011909272001708882,0.011291552728776051,0.060791333419952354,68.29645537929446,0,1.0
2022-07-22,1.517709439197298,35.1873948506658,0.3419200548209602,0.0700032817495497,36.96447354607686,0.0980218445471692,0.0205598093295265,0.003517167752218775,0.011221528178839242,0.04709667002801443,77.14797160746151,0,1.0
2022-07-25,1.5049188884821294,35.81803691052218,0.4748851245526779,0.1329650697317177,36.91315789713688,0.0882029167800979,-0.0098189277670712,-0.008427535854249824,0.01148250679407349,0.035797854470679846,69.18788084187237,0,1.0
2022-07-26,1.503691450095605,35.894167043823515,0.0363322125285208,-0.4385529120241571,36.57088361109047,-0.1321039087595323,-0.2203068255396303,-0.000815617636218624,0.011307397247921978,0.018935897069692897,67.04186947862043,0,1.0
2022-07-27,1.5077486331267331,34.46178092194114,-0.2418713095748899,-0.2782035221034107,36.66896604519199,-0.0985025002949555,0.0336014084645768,0.002698148633398345,0.011144599601675638,0.037675169527118024,76.36822383899259,0,1.0
2022-07-28,1.50724068633542,34.51648753723576,-0.4338497910954686,-0.1919784815205787,36.471145044453465,-0.1473376175611491,-0.0488351172661936,-0.0003368908982260832,0.010860381035231261,0.03348300167471496,71.83787057328138,0,1.0
2022-07-29,1.4991228682686146,34.93247576884055,-0.3205637583276584,0.1132860327678102,36.44345808032577,-0.0424751769215632,0.1048624406395859,-0.005385880397471454,0.010436637849705494,0.024574229230383215,66.86881366121217,0,1.0
2022-08-01,1.5152216353983945,35.08412578516665,0.2074482877418404,0.5280120460694988,36.53549754915785,-0.0444894986780397,-0.0020143217564765,0.010738790976067891,0.009782121996136725,0.03359689917964226,65.15424911448616,0,1.0
2022-08-02,1.4872390311904382,34.95936090036314,0.1476244543757872,-0.0598238333660532,36.283136065773306,-0.0626696595600506,-0.0181801608820109,-0.018467664105521364,0.010618324160238375,0.007961791791535555,62.633341143457784,0,1.0
2022-08-03,1.493693130223771,36.352826082348585,0.4734501045026889,0.3258256501269017,36.58465686466296,0.0470662614457282,0.1097359210057788,0.004339651460173677,0.01058175380868209,-0.011186333055352327,62.921160958976344,0,1.0
2022-08-04,1.4925300147022793,36.722013267118655,0.5459624939839927,0.0725123894813037,36.46769537097698,-0.0226007260602898,-0.069666987506018,-0.0007786843883506034,0.00997798173344501,-0.013131595246999361,61.04364170006567,0,1.0
2022-08-05,1.5071617398713675,35.65043662825242,0.2303585759630948,-0.3156039180208978,36.19345771993852,-0.0298927819449303,-0.0072920558846405,0.009803303802909946,0.009570944653909744,-0.006949748781630571,64.22664528220386,0,1.0
2022-08-08,1.5116464877343145,34.94824076157373,-0.4681951069249521,-0.698553682888047,36.19613540704046,-0.1295071525408317,-0.0996143705959013,0.0029756248080778924,0.009573105818325317,0.0044704065472729315,62.93708862968095,0,1.0
2022-08-09,1.4967441310956517,34.30634789666625,-0.805221790150803,-0.3370266832258508,35.42455686357158,-0.3477128358018007,-0.2182056832609689,-0.009858360906192298,0.00935361533954535,-0.004620175900788337,44.20806500027154,0,1.0
2022-08-10,1.4913526993381427,34.17683761783623,-0.4911996701387195,0.3140221200120834,35.45029588496874,-0.2477206116565966,0.099992224145204,-0.003602106496026325,0.008624313801986363,-0.0108744477881495,41.45717472976988,0,1.0
2022-08-12,1.524552713164523,33.876581042728375,-0.3572199062817986,0.1339797638569209,35.48282501908709,-0.2377701293177949,0.0099504823388016,0.022261678167152743,0.009809016670764274,0.011485907317957178,52.265837730928936,0,1.0
2022-08-15,1.5375179370902015,35.19425048668971,0.2959675300078288,0.6531874362896275,35.854361416434514,0.1432681842876491,0.381038313605444,0.008504280510423623,0.009906594893363605,0.02561168909785927,60.781215926900956,0,1.0
2022-08-16,1.5334450504439472,35.275620204731,0.3662608622982475,0.0702933322904186,35.67129626854381,0.0736667945250246,-0.0696013897626244,-0.002649001060737066,0.009973793717437018,0.012026897332918063,59.658383392006165,0,1.0
2022-08-17,1.5542312645284153,35.47350833318821,0.532309096819958,0.1660482345217104,35.767375247047426,0.094850075986784,0.0211832814617594,0.01355523895587285,0.010251183674705403,0.04504469821798196,63.61059880655404,0,1.0
2022-08-18,1.5389525584505719,35.32167876369938,0.0424760923365425,-0.4898330044834154,35.56031439031749,-0.098015675372352,-0.192865751359136,-0.009830394244758178,0.009316757196285837,0.03030035240238438,58.54630563590227,0,1.0
2022-08-19,1.5419600316388806,35.7520734814742,0.1588177589144095,0.1163416665778669,35.62640262120861,-0.0149645491117311,0.0830511262606208,0.0019542338532752,0.009319265867381977,0.033118273300829504,61.87155363109631,0,1.0
2022-08-22,1.541469388619653,35.31591657979462,-0.0525305844645345,-0.211348343378944,35.758930510351504,-0.002814912231976,0.0121496368797551,-0.00031819438192959293,0.009304404104860536,0.02276308364304258,57.96297420870843,0,1.0
2022-08-23,1.5217497783716876,35.32838519693642,0.0022354777456854,0.0547660622102199,36.043881788966615,0.1611891328830452,0.1640040451150213,-0.012792735550606005,0.009579821146423527,0.00668363319026799,61.022399753040666,0,1.0
2022-08-24,1.5164338941736626,35.83568706221132,0.0278711935790312,0.0256357158333457,35.87668407479828,0.0834271511965525,-0.0777619816864927,-0.003493270886960831,0.009619272503942601,0.013155062825332298,57.316375794168735,0,1.0
2022-08-25,1.5237544917699821,35.76086759071191,0.1483170036391001,0.1204458100600689,36.17532815009356,0.1387992132473599,0.0553720620508073,0.004827508554409388,0.00965699011234026,0.021726445022843377,59.66298120474145,0,1.0
2022-08-26,1.5269607994684962,35.91974964172788,0.1971214815971578,0.0488044779580576,36.30736564508217,0.0878279520385234,-0.0509712612088364,0.002104215420418276,0.009660319309392013,0.0015795362686901182,56.593440488482244,0,1.0
2022-08-29,1.4976470737971816,35.96687837008281,0.0437304359571655,-0.1533910456399922,36.55734941915577,0.2268884481191619,0.1390604960806385,-0.019197431709784607,0.010568800033762819,-0.025931966275773433,45.99950621237843,0,1.0
2022-08-30,1.51694629589799,37.04731816538242,0.4288168582235059,0.3850864222663404,36.96290131484834,0.2625243882515846,0.0356359401324226,0.012886361839492988,0.01069377774701785,-0.010759273402839331,55.631487097969924,0,1.0
2022-08-31,1.510929078015285,37.280442892408445,0.4535644168935135,0.0247475586700076,37.274802887119066,0.322479080678967,0.0599546924273823,-0.003966665068484088,0.00982403401748169,-0.027860838667576937,55.438072507962254,0,1.0
2022-09-01,1.488418332462371,36.143087330776254,0.0587363202311479,-0.3948280966623656,37.34810932113457,0.2635866339929293,-0.0588924466860376,-0.01489861164263484,0.01038857733035485,-0.0328367666116226,39.32857966281224,0,1.0
2022-09-02,1.4860771606308802,36.32580139722539,-0.2405055893856769,-0.2992419096168248,37.418606340545566,0.1519016752324162,-0.1116849587605131,-0.0015729259579984056,0.010392722281535144,-0.036241452347247294,33.79107483333445,0,1.0
2022-09-05,1.484232270914445,36.32574876971317,-0.3182313742317575,-0.0777257848460806,37.66956035649879,0.1315858231265707,-0.0203158521058455,-0.0012414494787417185,0.01012513593508029,-0.037131530556349435,34.27228449657636,0,1.0
2022-09-06,1.4834433303060015,36.18724359728647,0.0147187555034093,0.3329501297351669,37.3740543946207,0.0086483578287186,-0.1229374652978521,-0.0005315479415883839,0.010088108860836258,-0.025172632590539923,24.061828446422126,0,1.0
2022-09-07,1.4753507026713337,35.10381419215898,-0.4073290683554731,-0.4220478238588825,37.46480853219714,0.0154007305505174,0.0067523727217988,-0.005455299484206422,0.009928947679344715,-0.027091976551154584,25.399427642902154,0,1.0
2022-09-08,1.5112738805346102,35.29282980544042,-0.3443063214242485,0.0630227469312245,37.49579362879868,-0.0579222425666969,-0.0733229731172144,0.02434890755007091,0.011359064122739964,-0.008190696928397245,40.539755154134156,0,1.0
2022-09-09,1.5153474735135828,35.341035810963575,-0.2820692621076333,0.0622370593166152,37.98206151753497,0.2026690409714149,0.2605912835381119,0.002695469716932797,0.01018885059410222,-0.0076055167617634645,42.120927876484586,0,1.0
2022-09-12,1.5276121864169088,35.70415283052833,0.2001128794564479,0.4821821415640812,37.65906113378283,0.0647508671952294,-0.1379181737761854,0.008093663742275714,0.010170671951829077,0.02000812684376485,51.85152669841276,0,1.0
2022-09-13,1.5315075751329992,36.31324464098864,0.3401382785160791,0.1400253990596311,37.54075141772233,0.0149859296412202,-0.0497649375540092,0.0025499853632533487,0.010173217116869113,0.009599073661595403,54.80383012977474,0,1.0
2022-09-14,1.4988849958421993,36.89812539156968,0.5190298602020249,0.1788915816859457,37.70166249981456,-0.0934663392401375,-0.1084522688813578,-0.02130095849376845,0.010698364268084971,-0.007971308745283179,43.175007158184734,0,1.0
2022-09-15,1.5011163062187478,38.23435309471069,0.8434000880607897,0.3243702278587648,38.16667882871728,0.1692058983114819,0.2626722375516195,0.0014886468159585053,0.010547118542750353,0.008531186078157171,42.869276946859465,0,1.0
2022-09-16,1.489076463968655,37.98878716288603,0.5585141739657971,-0.2848859140949926,38.22300271864226,0.2274171003066385,0.0582112019951566,-0.008020592541840288,0.010626105798214994,0.0020182689144494503,47.3861392883478,0,1.0
2022-09-20,1.4968798218003336,37.77855691497693,0.293477174469082,-0.265036999496715,37.77291191057644,0.0237498035873073,-0.2036672967193311,0.0052404010274136326,0.010735992713630689,0.008521274691121183,43.41865115969764,0,1.0
2022-09-21,1.4748664549244874,37.26982291322132,-0.3215100604964505,-0.6149872349655325,37.66656665911656,-0.1667040565335824,-0.1904538601208898,-0.014706168494789562,0.010850662523751392,-0.005781734432514396,39.295475591762816,0,1.0
2022-09-22,1.4718122598892645,37.62413980261702,-0.121549120089675,0.1999609404067754,37.549516285326334,-0.2244954777719741,-0.0577914212383916,-0.0020708281926307137,0.010841619413066187,-0.002398374010777471,44.427086758672566,0,1.0
2022-09-26,1.431700678733518,37.25782999139767,-0.1735756411930822,-0.0520265211034072,36.959188852116455,-0.2712410194866663,-0.0467455417146922,-0.027253191353878492,0.012159222844216458,-0.052653064957983164,35.442115799897536,0,1.0
2022-09-27,1.43819382853178,40.47398249210728,1.0680531929619903,1.2416288341550723,37.79859971268593,0.0440110178564623,0.3152520373431287,0.0045352704617040995,0.012225330738420402,-0.0509148207459702,37.97373023098859,0,1.0
2022-09-28,1.4205066253939935,40.896658555275735,1.090839584219573,0.0227863912575827,38.021878482942896,0.1574540658721872,0.1134430480157249,-0.01229820542050497,0.011832861504077023,-0.07011305747313834,34.893215036012734,0,1.0
2022-09-29,1.4292999694533846,40.899394660437,1.213854889679773,0.1230153054601999,36.29444986059487,-0.2215796638405294,-0.3790337297127166,0.006190287255402271,0.011461296893676106,-0.06673659819850297,38.98343673097544,0,1.0
2022-09-30,1.3994790899132263,40.80362421133288,0.1098805730751948,-1.103974316604578,36.14359392521256,-0.5516685958244594,-0.3300889319839299,-0.020863975496734133,0.012145742580368641,-0.06631990193024673,22.45137775527759,0,1.0
2022-10-03,1.4133312194009,40.699442078204456,-0.0657388256904312,-0.175619398765626,36.49957905359364,-0.5074331431164225,0.0442354527080368,0.009898061062514785,0.01221360939450312,-0.05847987025001078,26.01683380755277,0,1.0
2022-10-04,1.4595741238137616,39.58992594317135,-0.436489572421884,-0.3707507467314528,36.45405482465178,0.0532016546856368,0.5606347978020594,0.032719085079337296,0.014538408956336828,-0.019812508537180307,36.20819695493736,0,1.0
2022-10-05,1.4664457799787474,43.22018437877182,0.805520055812984,1.242009628234868,37.52808637195679,0.4614974822480775,0.4082958275624406,0.004707987112727574,0.014589657784929424,-0.02033165346900223,36.968745619912454,0,1.0
2022-10-06,1.474117543598348,43.31458057647234,0.8717128327559678,0.0661927769429837,37.02263282759995,0.1743512580021047,-0.2871462242459728,0.005231535815604316,0.01464584015239736,-0.0005077824664320163,44.48844679378821,0,1.0
2022-10-07,1.4619493847328635,43.698209618552696,1.3694278917937837,0.4977150590378159,37.03515336600447,0.1936995137842316,0.0193482557821269,-0.008254537718736965,0.014711796382977321,-0.006701177470245456,41.65324102130356,0,1.0
2022-10-11,1.43321749939304,44.05532721785772,0.2783809463619704,-1.0910469454318132,36.94803391309034,-0.1933508196221467,-0.3870503334063784,-0.019653132755395375,0.014100697486089627,0.0010594537545820515,38.886688677475576,0,1.0
2022-10-12,1.4333465377560748,42.66846495800748,-0.2153718728216276,-0.493752819183598,36.50023078202776,-0.1741340151907309,0.0192168044314158,9.003404095286882e-05,0.01406163235414346,-0.0033704015964618472,36.961714710204696,0,1.0
2022-10-13,1.4240399040617402,42.60653383900416,-0.3638919265161817,-0.1485200536945541,36.51094280622232,-0.1747368532607183,-0.0006028380699873,-0.00649294043637505,0.013849904117076432,0.0024873369856805994,38.99546281037932,0,1.0
2022-10-14,1.4595705229165823,42.74069716228162,-0.4382100185253677,-0.0743180920091859,36.61128554439208,-0.1122494562327531,0.0624873970279651,0.0249505781077477,0.015197697763042375,0.02117858679782536,47.67630443312619,0,1.0
2022-10-17,1.4440854631147697,44.821400346460166,0.7176451294842394,1.155855148009607,37.48244650880494,0.3274052422590614,0.4396546984918146,-0.010609326208417591,0.014672882974883946,0.03187355461260166,52.59329819647738,0,1.0
2022-10-18,1.460679544547173,45.0931829321626,0.8288830310528112,0.1112379015685718,37.54328168749596,0.3441129604245461,0.0167077181654846,0.01149106604578054,0.014957100112299294,0.033501223560563176,54.51728384241459,0,1.0
2022-10-19,1.4629816130740247,45.56876971838685,0.9426908520350707,0.1138078209822595,37.71499619751495,0.3679035510409605,0.0237905906164144,0.0015760257172392489,0.014882495134952722,0.0023345777406353907,59.09527778743047,0,1.0
2022-10-20,1.4563850048822722,45.86616452808552,0.3482547272084417,-0.594436124826629,37.632571321793975,0.050041604329678,-0.3178619467112824,-0.004509016472115324,0.014834560765517155,-0.006860652629530506,55.85486969147351,0,1.0
2022-10-21,1.446349427466999,46.48327713458048,0.4633647341393043,0.1151100069308626,37.70358540012617,0.0534345708767318,0.0033929665470537,-0.006890744811042904,0.014562327639737123,-0.018837111227620662,61.079505466050044,0,1.0
2022-10-24,1.4529239123262454,47.127314300211765,0.5195148606082967,0.0561501264689923,37.77280512210746,0.0192696415308404,-0.0341649293458914,0.004545571584841923,0.01460881860955564,-0.006173587472227959,59.69266263545685,0,1.0
2022-10-25,1.4707351669852626,46.40380414672684,0.1792132062137739,-0.3403016543945227,37.743019259105424,0.0368159791038138,0.0175463375729734,0.012258903930144616,0.013431003041788245,0.026177232421534802,53.17419761450351,0,1.0
2022-10-26,1.479651962968594,47.09600892434888,0.2042439299228107,0.0250307237090368,37.73349571385185,0.009970104575224,-0.0268458745285897,0.006062815511244768,0.013453908012963353,0.03230581299970292,53.71264655038805,0,1.0
2022-10-27,1.4691558855743978,48.310906302942186,0.3945306675768023,0.1902867376539916,37.59826983821316,-0.0581784279647621,-0.0681485325399862,-0.007093612320250076,0.013221140128559482,0.03168168348651945,48.626936153195636,0,1.0
2022-10-28,1.465574445329911,48.35851039969714,0.6515687509900943,0.2570380834132919,37.77750064552232,0.0114937954723046,0.0696722234370668,-0.002437753733046777,0.013209998928221079,0.004113485658323368,51.05323562436422,0,1.0
2022-10-31,1.495502539727666,49.04265441169137,0.6488818291141669,-0.0026869218759273,37.84708302717405,0.0378624377740592,0.0263686423017546,0.020420726148113078,0.012776863434736978,0.03560528647798589,67.97155604123978,0,1.0
2022-11-01,1.5058930286279906,49.61408532730129,0.4343930081197058,-0.2144888209944611,37.94064254722743,0.1141242363380854,0.0762617985640261,0.006947824309423645,0.01271477994435021,0.030953732630543795,69.76212850041863,0,1.0
2022-11-02,1.5096326606781694,48.7870617397371,0.1428504466799864,-0.2915425614397193,37.44636230765383,-0.1103794459561626,-0.2245036822942481,0.0024833318031798335,0.010658039773777423,0.031887651346568235,74.0453025190109,0,1.0
2022-11-04,1.4882320512931906,47.115605709274334,-0.6423495674723441,-0.7852000141523305,37.04366795588607,-0.2678050237626621,-0.1574255778064994,-0.014176037616571602,0.011203879156524118,0.021867189173300217,58.746149140801194,0,1.0
2022-11-07,1.5043255637545996,47.0651288135267,-0.8496521712582066,-0.2073026037858625,37.11306453154036,-0.2758593385623555,-0.0080543147996934,0.010813846165606211,0.011388185274038183,0.04008446035695168,68.31443352500386,0,1.0
2022-11-08,1.5240318709349256,47.39897734397579,-0.4626947985870941,0.3869573726711124,37.1054500439397,-0.1136374212380388,0.1622219173243166,0.013099762215794453,0.011468098537569884,0.0489412817873105,68.902909378956,0,1.0
2022-11-09,1.5154775901829614,46.94602650736077,-0.0565264006378569,0.4061683979492372,37.10423381411231,0.0201886194087421,0.133826040646781,-0.005612927731436845,0.010447940818371361,0.03042180822357876,65.10022367846483,0,1.0
2022-11-10,1.5052746878359933,46.15538998995413,-0.3032462745241844,-0.2467198738863274,36.90356260701856,-0.0698339748405985,-0.0900225942493406,-0.00673246665807592,0.010652039465056093,0.017316724140988393,63.77706171630649,0,1.0
2022-11-11,1.5423210561428493,45.77742892816414,-0.5405161386038841,-0.2372698640796997,36.776660543799935,-0.1095965000465852,-0.0397625252059867,0.02461103518595298,0.011505622313004248,0.049800821877962864,73.47157429111371,0,1.0
2022-11-14,1.5232698718260742,44.88211376078756,-0.68797091552441,-0.1474547769205259,36.418033649341794,-0.2287333882568418,-0.1191368882102565,-0.012352281803387766,0.010951033683693292,0.03936710733460935,66.21480281590269,0,1.0
2022-11-15,1.528280802222148,43.92801460866163,-0.7424584604308322,-0.0544875449064221,36.026141709831265,-0.2924736323957617,-0.0637402441389198,0.0032895880688998957,0.01052858397002022,0.021917891560686353,64.09612559515597,0,1.0
2022-11-16,1.5273499865261826,43.65211301966042,-0.7084386361679051,0.034019824262927,36.04800445076718,-0.2428853643442536,0.049588268051508,-0.0006090606481556904,0.010354530424701748,0.014248660090910414,62.159634068705834,0,1.0
2022-11-17,1.5246396302297942,43.23685636184405,-0.5484191329811665,0.1600195031867386,36.02098505105674,-0.1323495327616797,0.1105358315825739,-0.0017745482831691417,0.010393632104969115,0.009940808742759488,64.72913489932651,0,1.0
2022-11-18,1.5229026926646998,42.91965588172977,-0.3361195756439556,0.2122995573372108,35.62357096384474,-0.1341902486621791,-0.0018407159004993,-0.0011392446652017663,0.01030751839957715,0.023296529154430257,65.36930387259703,0,1.0
2022-11-21,1.5273407057104014,42.02941355506243,-0.5408998215326619,-0.2047802458887062,35.860389220406105,-0.0625384101203536,0.0716518385418254,0.002914180313080994,0.010078727163310089,0.01529930921226863,59.88687147829506,0,1.0
2022-11-22,1.5460940838384551,41.32351619020304,-0.6377800572136749,-0.096880235681013,35.86903238241105,-0.0506508895485637,0.0118875205717898,0.012278451073777452,0.01029616605765477,0.014476214916683716,61.86745420288212,0,1.0
2022-11-24,1.5635645195888457,41.75790557782328,-0.3872501013021647,0.2505299559115101,35.45890042085172,-0.054890180997674,-0.0042392914491102,0.01129972356340514,0.010253712443369725,0.031730544692567086,64.72694766837489,0,1.0
2022-11-25,1.560439716616362,41.73416308525239,-0.0984168232700142,0.2888332780321505,35.690335319800965,-0.056684633535049,-0.0017944525373749,-0.0019985123308537966,0.010290101375996464,0.03664781532975536,71.90364820202927,0,1.0
2022-11-28,1.5495655875499719,41.70833763693464,0.1282738155772094,0.2266906388472236,35.95703256623756,0.0293333946088338,0.0860180281438829,-0.006968631309878126,0.010283869455312159,0.0046971617084967665,64.17197706611705,0,1.0
2022-11-29,1.5397772694697567,41.86340474380627,0.0351663886609969,-0.0931074269162124,36.287188114160784,0.276095897769693,0.2467625031608591,-0.006316814311610797,0.010421874778067363,0.010836817525901488,55.259235243633924,0,1.0
2022-11-30,1.5340085411733981,41.9169171648161,0.0609180265212359,0.0257516378602389,36.56886068590234,0.2928417887004571,0.016745890930764,-0.003746469317828738,0.009606774872877474,0.003747831512979749,56.30702182844955,0,1.0
2022-12-01,1.537017721273307,41.94292489688125,0.0781957533155264,0.0172777267942905,36.80444247154276,0.2824699684350662,-0.0103718202653908,0.001961644944693086,0.009517197856104814,0.00632974421868604,61.36003883370934,0,1.0
2022-12-02,1.510920208776703,40.08919351028301,-0.591403744507744,-0.6695994978232704,36.96118897590127,0.2246669539134984,-0.0578030145215677,-0.01697931789295437,0.010325384838475766,-0.008998468346925637,37.806890416844006,0,1.0
2022-12-05,1.5059435464399227,40.93974933152072,-0.3257226110984632,0.2656811334092808,37.296672592071786,0.2426039687231451,0.0179370148096467,-0.0032937956007681457,0.009807622093106481,-0.011136066871812345,42.446466501955754,0,1.0
2022-12-06,1.5101845792525153,40.71007028852598,-0.410951536118425,-0.0852289250199618,37.07671283771971,0.090756788725649,-0.151847179997496,0.002816196412288141,0.00952996790780777,-0.011232678074867608,42.0575075075276,0,1.0
2022-12-07,1.5062080936406261,40.77881144379093,0.2298726445026417,0.6408241806210668,37.078155180029725,0.0389887347094841,-0.0517680540161649,-0.0026331123138982893,0.009049589836610986,-0.025797906230133782,40.96237460218655,0,1.0
2022-12-08,1.4998372544561778,39.77285047487199,-0.3889662855495785,-0.6188389300522203,37.07189458717873,-0.0749260016310202,-0.1139147363405044,-0.004229720455856456,0.009014070883815457,-0.04075768178049066,39.71934652240021,0,1.0
2022-12-09,1.5164789136530972,39.87270340590018,-0.279122294208598,0.1098439913409805,37.1000694579664,0.0077855400822386,0.0827115417132589,0.011095643308949077,0.009241871917159833,-0.028172061051220165,47.630147118153204,0,1.0
2022-12-12,1.5121613922580688,40.11764031677826,-0.2203903756708882,0.0587319185377097,37.29572035466156,0.0725217248772693,0.0647361847950307,-0.0028470698511908754,0.00729138379851061,-0.024138504102329206,44.39508285319306,0,1.0
2022-12-13,1.5215599398701825,40.172875516353216,0.1333416804937428,0.3537320561646311,37.40876498321798,0.1122901320130864,0.039768407135817,0.006215307215375443,0.006938246444222708,-0.01183114594609358,40.26854247056744,0,1.0
2022-12-14,1.5324433176578456,39.69341874821765,-0.0597615525608432,-0.1931032330545861,37.51573319024256,0.1385545774253813,0.0262644454122948,0.00715277624133015,0.00708778689014908,-0.0010203486314067645,36.97517564181112,0,1.0
2022-12-15,1.5280312590824567,39.80396708630251,-0.1045577434919167,-0.0447961909310734,37.27086867369273,-0.0082838936562694,-0.1468384710816508,-0.0028791006652906237,0.007118856437606398,-0.005846687430126396,36.58102146893679,0,1.0
2022-12-16,1.5069604294111032,36.91748504406549,-1.0851301574292478,-0.9805724139373312,37.32368088788888,-0.0283613651097027,-0.0200774714534333,-0.013789527894871756,0.007758807513446682,-0.00262077331588928,33.732622219976065,0,1.0
2022-12-19,1.4942380230652257,37.44802179182719,-0.7484656521301503,0.3366645052990975,37.38290474860085,-0.0442761472138926,-0.0159147821041898,-0.00844242894343894,0.007957106594586146,-0.007772883254733576,32.99338235163823,0,1.0
2022-12-20,1.4708368416542135,37.142634322400895,-0.8871109213005397,-0.1386452691703894,37.50913329501816,0.0794215404417997,0.1236976876556923,-0.015660946281508714,0.0085481781863995,-0.02605491947068972,29.153909173093197,0,1.0
2022-12-21,1.4599629380125458,37.16696130763504,0.0831587545231897,0.9702696758237296,37.216615190092405,-0.0356885659321619,-0.1151101063739616,-0.007393004671706449,0.007947811955531289,-0.03070303221934101,25.827318137253727,0,1.0
2022-12-22,1.4714894212891025,36.42622019363108,-0.34060053273204,-0.4237592872552298,37.18618905367765,-0.0655718983077306,-0.0298833323755687,0.007895051974571077,0.007660465814351953,-0.01890060610432953,36.385617823994465,0,1.0
2022-12-23,1.4625164030914604,36.812787287569606,-0.1099490116104391,0.2306515211216009,37.292498270188105,-0.0722116749433539,-0.0066397766356232,-0.006097915532264797,0.007686997540648347,-0.035584082360660574,35.40846227428452,0,1.0
2022-12-26,1.4661567677386038,33.28041840003668,-1.29551430253278,-1.1855652909223409,37.25341360938152,0.0122661397630423,0.0844778147063962,0.002489110302932973,0.007734179843701371,-0.030423091579376726,35.14668218575561,0,1.0
2022-12-27,1.4687425701604624,33.28413625544788,-1.0473613127277377,0.2481529898050425,37.2848123663546,0.0328744375589806,0.0206082977959383,0.0017636602570452187,0.0077482212829855235,-0.03471264478363334,37.24082701937457,0,1.0
2022-12-28,1.467782046703433,33.24271341887889,-1.1900246228968925,-0.142663310169155,37.12028714220838,-0.0574037093265715,-0.0902781468855522,-0.0006539767257678353,0.0077493264721541725,-0.04219488591149945,38.66567633089407,0,1.0
2022-12-29,1.4557741453198494,32.92230135352624,-0.1193723488368263,1.070652274060066,36.678603378843306,-0.1916034101793968,-0.1341997008528253,-0.008180983961857846,0.007796067984153837,-0.04728771962819389,27.808353956880666,0,1.0
2022-12-30,1.452255650845451,31.92023127260272,-0.4546349942817116,-0.3352626454448852,36.605886395691584,-0.2263086568876744,-0.0347052467082775,-0.0024169233158247705,0.007033258588672817,-0.03630140347283706,27.971763708162896,0,1.0
2023-01-04,1.4368960807229032,32.294798068622526,-0.3159717834187887,0.1386632108629228,36.62790197279237,-0.1641283898053416,0.0621802670823328,-0.010576354179517855,0.007290072994731617,-0.0383753735731428,20.175322116147925,0,1.0
2023-01-05,1.4390175568024506,32.85878669369325,-0.0211715532776608,0.2948002301411279,36.686480335694895,0.0026256522838608,0.1667540420892024,0.001476429720985939,0.00724643038084393,-0.02163345651308035,14.923426779821781,0,1.0
2023-01-06,1.4468725571056167,30.050846670612174,-0.623128200663519,-0.6019566473858582,36.29708918120373,-0.1029324048292892,-0.10555805711315,0.005458585453689713,0.007454780857543405,-0.008966241927174656,20.29698776429926,0,1.0
2023-01-10,1.4522240011556302,29.632102518695064,-0.8875651833091567,-0.2644369826456376,36.452066685766496,-0.0586117623419468,0.0443206424873423,0.0036986284823308235,0.007539234205382309,-0.013092462544919137,27.36247786429044,0,1.0
2023-01-11,1.4711233508872514,28.99541489665662,-1.2877905990122045,-0.4002254157030478,35.68688730854987,-0.333197675715013,-0.2745859133730661,0.013014073391282466,0.007719114588979849,0.005885026504726776,40.90507152209316,0,1.0
2023-01-12,1.4791943166254917,29.442831472022743,-0.2026717328631484,1.085118866149056,35.9678817571875,-0.1097358080054107,0.2234618677096023,0.0054862603692427125,0.007865457667535932,0.00889232937006934,53.739553228390584,0,1.0
2023-01-13,1.4744334256651375,29.27903342762248,-0.1176896970241898,0.0849820358389585,36.10885365695809,-0.1144043429361332,-0.0046685349307225,-0.003218570343898719,0.007686265506207757,0.003874644624791701,56.84952742646408,0,1.0
2023-01-16,1.461329719255008,28.857355331275517,-0.0460198551270387,0.071669841897151,36.15256710912813,0.1552266001927478,0.269630943128881,-0.008887282519533302,0.007566993240768538,-0.004395971093199114,45.261709063124,0,1.0
2023-01-17,1.4781819342630051,29.07093134532093,-0.1239667089006033,-0.0779468537735645,36.18246005938907,0.0715261007338625,-0.0837004994588852,0.011532109958448222,0.008175235524964413,0.01539235259479943,56.805909979894096,0,1.0
2023-01-18,1.505117361139593,29.151481055557436,-0.0425174573550179,0.0814492515455853,36.16304742969781,0.0180645909132337,-0.0534615098206288,0.01822199707102845,0.008779637110563171,0.0363997277362067,64.07711171008087,0,1.0
2023-01-19,1.4862404314984505,30.85439965263476,0.6656814404530849,0.7081988978081029,36.59837846272434,0.148603784532078,0.1305391936188442,-0.012541832370367323,0.009030764198520997,0.03434093212274769,55.65637188627627,0,1.0
2023-01-20,1.4946606787305914,31.449323567971,0.7927974075500188,0.1271159670969339,36.65897709363364,0.1588390114148552,0.0102352268827772,0.005665467749152331,0.008345889840688375,0.03866743783987037,58.28903726346772,0,1.0
2023-01-23,1.510255112265248,31.96027742309554,0.9362654558460406,0.1434680482960217,36.59688079404587,0.1446111214493513,-0.0142278899655039,0.010433427303313314,0.008372582990578229,0.0438065915676944,66.43764107501775,0,1.0
2023-01-24,1.5336685782739226,32.00399597485983,0.3831987740750229,-0.5530666817710177,36.57257137052781,-0.008602364065517,-0.1532134855148683,0.015502987421480485,0.008827963210151862,0.05608265464107576,71.9305751288546,0,1.0
2023-01-25,1.5400857406934698,33.89311242057988,0.8145962842029562,0.4313975101279332,36.91219797842875,0.0844069615983755,0.0930093256638926,0.004184191102597712,0.008621893914301815,0.046877367397252234,79.20362110194813,0,1.0
2023-01-26,1.5359715994533907,34.628041753912186,0.8892547769388841,0.0746584927359279,36.98276139964197,0.1286268685320379,0.0442199069336624,-0.0026713715550841233,0.008702934508164478,0.03838392440381044,77.13285671511679,0,1.0
2023-01-27,1.5400331404512715,34.45715461426062,0.8177195464669325,-0.0715352304719516,36.77784921343888,0.0684259476370243,-0.0602009208950136,0.0026442813130960197,0.008701962151525784,0.04449147289002964,76.63680464709921,0,1.0
2023-01-30,1.5393692717051854,33.916251819409055,0.0077131329430599,-0.8100064135238725,36.80627802413362,-0.0353066514317177,-0.1037325990687421,-0.00043107432473277196,0.008697975170641378,0.05340311048348645,75.60319833838824,0,1.0
2023-01-31,1.5294680476674736,33.37598805499289,-0.4173512329730968,-0.4250643659161568,36.39609206762634,-0.1955564440052128,-0.1602497925734951,-0.006432000573029617,0.008593956923829738,0.034695399947529904,68.09853757847411,0,1.0
2023-02-01,1.527744918052377,33.75808480111316,-0.2330232710491628,0.1843279619239339,36.036747493312376,-0.2470339067088289,-0.051477462703616,-0.001126620211337137,0.008559821556481884,0.01503374919258893,65.67783148192207,0,1.0
2023-02-02,1.5238447908260586,33.95864926751314,0.0141324827013633,0.2471557537505262,35.95216362698791,-0.2847047990485691,-0.0376708923397401,-0.002552865455635378,0.008086089144140137,0.02530166622482133,66.04498286300651,0,1.0
2023-02-03,1.5333491767635838,33.32091820711398,-0.0183566159596395,-0.0324890986610029,35.785616535505696,-0.2034918440402151,0.081212955008354,0.006237108919979306,0.00810975666246736,0.025884469019316514,73.94609402310317,0,1.0
2023-02-06,1.5394522390190841,33.02663810980462,-0.2438155637695018,-0.2254589478098623,35.7116865421084,-0.1083536504013267,0.0951381936388884,0.003980216866442676,0.008094914958360993,0.01933257932167698,71.94037083685464,0,1.0
2023-02-07,1.5424026534478537,33.07530501721601,-0.2944480834323855,-0.0506325196628836,35.61353622843113,-0.1128757995189246,-0.0045221491175979,0.0019165352155710025,0.008098214474472065,0.005694890863422897,66.12070203540894,0,1.0
2023-02-08,1.5410247688024956,33.36172353913079,0.0136017773389411,0.3080498607713267,34.770241124881935,-0.3384584702079252,-0.2255826706890005,-0.0008933365371732727,0.007788578245372338,0.0006097245654665961,77.9098721285156,0,1.0
2023-02-09,1.5403793615898886,33.26109447515047,0.0781521217819474,0.0645503444430062,34.706889006086016,-0.3349325120074553,0.0035259582004698,-0.0004188168974782469,0.0077754441341320105,0.0028696898680069527,75.29520706006365,0,1.0
2023-02-10,1.5432999472228597,33.40228895369383,0.1089946454926078,0.0308425237106604,34.74439095037958,-0.2897150926838492,0.0452174193236061,0.00189601711487275,0.007676269285549718,0.002121257449454017,71.26535771653138,0,1.0
2023-02-13,1.535503686237696,32.76440146578581,-0.1991073577816635,-0.3081020032742714,34.524473851112205,-0.0819224245899121,0.207792668093937,-0.0050516822729067545,0.007425539313252026,-0.0025111489091941275,51.47803781324987,0,1.0
2023-02-14,1.5455324397435843,31.80490117587189,-0.485397766426189,-0.2862904086445255,34.43454482491383,-0.0907813937240646,-0.0088589691341525,0.006531246779654998,0.007185888710109724,0.010503254448898103,54.14571003260431,0,1.0
2023-02-15,1.5419890402306362,31.70743237988952,-0.5649521912681053,-0.0795544248419162,34.55733378142541,-0.0623523896513873,0.0284290040726773,-0.002292672364441639,0.006180547233745299,0.009323625960031334,54.6202676927566,0,1.0
2023-02-16,1.553352740208117,31.5121683396178,-0.4174110420559991,0.1475411492121061,34.56794051889467,0.014488889260825,0.0768412789122123,0.007369507617110749,0.00539996409931568,0.019364143618630925,59.19579843803694,0,1.0
2023-02-17,1.5438861658576846,31.41683417369395,-0.1293556673926517,0.2880553746633474,34.77911875884041,0.1148579779755252,0.1003690887147001,-0.006094285029660584,0.005640458234274311,0.006871878404331122,52.78048580792763,0,1.0
2023-02-20,1.5473335752476531,30.988332090214413,-0.2397000965583657,-0.110344429165714,34.84736860414131,0.0966782742386342,-0.0181797037368909,0.00223294272997987,0.005252010546453003,0.005119571772873588,61.946814245256284,0,1.0
2023-02-21,1.5435714284980018,30.93006267593711,-0.1940352212268976,0.0456648753314681,34.442173420635015,-0.0419223660865526,-0.1386006403251869,-0.0024313740810860685,0.004088296003973789,0.0007577626033872242,60.30236128587709,0,1.0
2023-02-22,1.5257415870284234,31.24208653633027,-0.0582492124545588,0.1357860087723388,34.54590526607471,-0.0777378309219045,-0.0358154648353519,-0.011551031031280412,0.004765484419437681,-0.009917544534958078,51.04518395331687,0,1.0
2023-02-24,1.5355206047050298,30.179639579579124,-0.2695641702117655,-0.2113149577572066,35.20278464355334,0.1184720131373495,0.1962098440592541,0.006409353824884834,0.0049715333259857395,-0.003154259921947955,51.19290275089394,0,1.0
2023-02-27,1.5378465395336456,30.4947736012479,-0.1450963582297362,0.1244678119820292,35.22296348470131,0.2602633546887603,0.1417913415514107,0.0015147532514305784,0.004946229704364512,-0.00353360194110508,49.07969473693132,0,1.0
2023-02-28,1.5385573071982233,30.470660520522564,-0.2571420052692339,-0.1120456470394977,35.480876781162124,0.3116571716958063,0.051393817007046,0.0004621837396032724,0.004946729895935208,0.001988677062709776,47.7379699736036,0,1.0
2023-03-01,1.5419467693222573,30.44019161938018,0.0868506799336827,0.3439926852029167,35.48041735729766,0.0925442379147725,-0.2191129337810338,0.0022030132437551586,0.004729201754688029,-0.0023200227501675164,50.52982895631557,0,1.0
2023-03-02,1.539803127433827,29.999903692674245,-0.1649566361912136,-0.2518073161248964,35.48492727626836,0.087321263855685,-0.0052229740590874,-0.0013902178279295851,0.00473409491922936,-0.001417592952854041,49.67447155117353,0,1.0
2023-03-03,1.5612884780065284,29.70103640701061,-0.2565413711706519,-0.0915847349794383,34.92362874662737,-0.1857493448449219,-0.2730706087006069,0.013953310127709617,0.005558517007343276,0.005108780248681999,58.40018258077545,0,1.0
2023-03-06,1.5777704639681862,30.098964342527218,-0.1137424256176586,0.1427989455529932,35.11017365437394,-0.1234145676412339,0.0623347772036879,0.010556656373140072,0.005840128923730184,0.021947407043237277,68.25652782609936,0,1.0
2023-03-07,1.5830414095903331,30.390750166032724,0.1302821577861657,0.2440245834038243,35.2564507800864,-0.0761588320606563,0.0472557355805776,0.0033407556691675833,0.00582725573646448,0.023077011262400138,66.89590530120907,0,1.0
2023-03-08,1.5866892902883594,30.16577148090736,0.1549116912989134,0.0246295335127477,35.01281852744086,0.0297299269378257,0.105888758998482,0.0023043495109646983,0.005829663727256345,0.02793382994417959,70.1162806630011,0,1.0
2023-03-09,1.6012875348122104,30.205473594439667,0.0355030839708163,-0.1194086073280971,34.861951949574646,-0.0827405682664306,-0.1124704952042563,0.009200443094437238,0.006050450739984334,0.04951424830132756,70.96166193583466,0,1.0
2023-03-10,1.5685383076283863,29.7546378519597,-0.2120374380243461,-0.2475405219951625,35.04077849010753,-0.0718907633262873,0.0108498049401433,-0.020451809229667606,0.007851258421420898,0.021502611441478692,58.95647770778103,0,1.0
2023-03-13,1.5464335615944451,30.21056136335004,0.0149299608142285,0.2269673988385747,35.54526617077167,0.1774825477769326,0.2493733111032199,-0.014092576462071404,0.00853273568246376,0.005583796458262791,49.71204943027138,0,1.0
2023-03-14,1.5058710745235906,29.617626858210823,-0.1959489120762789,-0.2108788728905075,35.73056119661001,0.2895364156784552,0.1120538679015226,-0.026229699146617547,0.010334313522487471,-0.021244728760968723,40.23709211266996,0,1.0
2023-03-15,1.5130377673485078,32.98001397183103,1.0751253732904438,1.2710742853667227,36.75732166365377,0.5721810578487521,0.2826446421702968,0.004759167598185288,0.010274464420845333,-0.018748378704704582,46.51790607992642,0,1.0
2023-03-16,1.509993712047077,32.77038793395482,0.8532755235349256,-0.2218498497555181,36.72388355947759,0.3928724629019697,-0.1793085949467823,-0.002011883224015798,0.01027281314309458,-0.019359238110153276,42.734891281075186,0,1.0
2023-03-17,1.5277943251133244,33.35251009682031,1.2449610795364985,0.3916855560015726,36.83583518694164,0.368424663443875,-0.0244477994580947,0.011788534564237008,0.01050709286133281,-0.02145289186785626,47.370679148585566,0,1.0
2023-03-20,1.5065490982142735,33.567836786710984,0.1959409382933188,-1.0490201412431794,36.480859315226425,-0.0921541161424457,-0.4605787795863207,-0.01390581608389918,0.010854618544684457,-0.045140511487828716,42.43985914663412,0,1.0
2023-03-22,1.5359719304524537,34.64916336946099,0.6262584785020522,0.4303175402087333,36.46564784706844,-0.0860785708030533,0.0060755453393923,0.019529952441015963,0.011788654684461526,-0.02973357415208755,48.74332405814439,0,1.0
2023-03-23,1.5274838241888609,35.93797225498784,0.8618207193891791,0.2355622408871269,36.964657792673606,0.0429408685773253,0.1290194393803787,-0.005526211837147632,0.011838282819095046,-0.037313837347914935,47.476260029018455,0,1.0
2023-03-24,1.5257857056215567,35.75303613004722,0.7283997811120813,-0.1334209382770979,36.80067550907101,0.1066053979481935,0.0636645293708682,-0.0011117096891064548,0.01155001171179052,-0.04715070063885074,42.085208577481374,0,1.0
2023-03-27,1.5301683706712095,35.73774079426546,0.3628591416014899,-0.3655406395105913,36.81851585972731,0.1176226708862913,0.0110172729380977,0.0028723988129562006,0.01147459138662675,-0.02446222497121653,38.782712744013374,0,1.0
2023-03-28,1.5358175798053477,35.28103563184871,-0.2189788743797152,-0.5818380159812051,36.86855946499304,-0.0320327758935192,-0.1496554467798105,0.0036918872735947073,0.01150112974048562,-0.006864815956368564,38.891652594639766,0,1.0
2023-03-29,1.556710735922005,35.374049117164006,-0.1263290042944049,0.0926498700853102,36.90253390747985,0.0339527994696098,0.0659855753631291,0.013603930825759392,0.011897671221247031,0.03376096550264007,43.47740372077946,0,1.0
2023-03-30,1.549227003072033,36.20761774574484,0.156625650493126,0.282954654787531,37.23117023891804,0.1375514597302469,0.1035986602606371,-0.004807401065130779,0.011952780630684987,0.02391826331403757,38.31103132617788,0,1.0
2023-03-31,1.568437601169068,36.4932718196464,0.4040787292658976,0.2474530787727715,36.439648876661366,-0.1429701961105607,-0.2805216558408077,0.012400118290567752,0.012244129754634476,0.03870472350693399,49.975925082238454,0,1.0
2023-04-03,1.5757375274751317,36.34565553872783,0.3238688071879423,-0.0802099220779553,36.4965716419476,-0.1353207551774105,0.0076494409331502,0.004654266322499989,0.011897746948999154,0.031380665298813115,57.53906738589327,0,1.0
2023-04-04,1.579676039956569,36.56286818998484,0.1184168147466664,-0.2054519924412758,36.404243997396975,-0.2756420805070263,-0.1403213253296158,0.0024994724138784896,0.011674629318569519,0.04853936843410778,73.39695450521393,0,1.0
2023-04-05,1.5505562251950413,37.08137786591711,0.1960353487569008,0.0776185340102344,36.43445953167486,-0.0017297816621635,0.2739122988448628,-0.018434042186477817,0.012354522049266048,0.00949515707509807,60.440553947947436,0,1.0
2023-04-06,1.53003708973811,38.29081554671022,0.6483866693274649,0.452351320570564,36.40061489722965,-0.0319855815726555,-0.0302557999104919,-0.013233403035320612,0.012623820253975048,0.0016715499757287144,55.083238706541145,0,1.0
2023-04-07,1.5330647336469214,38.248183289869246,0.5617716999614686,-0.0866149693659963,36.42764854651283,0.0078015163719413,0.0397870979445968,0.001978804258483624,0.01239563030310663,0.004770675199371688,51.4449080856453,0,1.0
2023-04-10,1.5419859174983324,36.98032781047198,-0.0336833518150427,-0.5954550517765114,36.432253193414965,-0.0007354460866295,-0.0085369624585709,0.005819182749177809,0.011722371816226986,0.007723036924321747,60.419245340423174,0,1.0
2023-04-11,1.5532620758578632,36.48628943425125,-0.601508704152991,-0.5678253523379482,36.506583199065886,0.0353227672787497,0.0360582133653792,0.0073127505456243025,0.011416876653322779,0.011358442748601982,55.69099383217407,0,1.0
2023-04-12,1.5647970580181014,36.53201045230641,-0.5720576125209433,0.0294510916320476,36.3038214585253,-0.0412756959958358,-0.0765984632745855,0.007426294853601911,0.009646532437911835,0.005194492406007001,62.04003518941112,0,1.0
2023-04-13,1.5667751359245052,36.4045692991025,-0.1919195037898333,0.38013810873111,36.38387809063575,-0.016125034259744,0.0251506617360917,0.001264111468172846,0.009624889539943341,0.011327024908341476,63.20239767211002,0,1.0
2023-04-14,1.5766946811588223,35.37725954732667,-0.369676628974851,-0.1777571251850176,35.00268213960368,-0.5013003531540718,-0.4851753188943277,0.006331186273557998,0.009632209712773735,0.005264525655084951,64.46968504169034,0,1.0
2023-04-17,1.5843116899904472,35.28358593588922,-0.4161415054724031,-0.0464648764975521,34.9627587130928,-0.4470209151441651,0.0542794380099067,0.004830997987528285,0.009390585891766546,0.005441364672614135,64.89930755619474,0,1.0
2023-04-18,1.5946674234615739,35.26670976676672,-0.3792865107785843,0.0368549946938188,34.721414239467535,-0.5541546170560707,-0.1071337019119056,0.0065364243264460775,0.008669059604313816,0.00949016325234453,62.46917719660397,0,1.0
2023-04-19,1.594837371889518,35.629849972584495,0.0841968084192785,0.4634833191978629,35.00959299852438,0.0023036196402372,0.556458236696308,0.00010657296025717855,0.007744548725859802,0.02855823347451114,65.73984182853327,0,1.0
2023-04-20,1.5941500002335691,35.78087720175755,0.1657637552894328,0.0815669468701543,34.57313711860384,-0.1298738648296549,-0.1321774844698922,-0.00043099796133716506,0.007568840780722588,0.04190284727439719,60.173857616020804,0,1.0
2023-04-21,1.587419555453097,35.94160134961281,0.224963860948705,0.0592001056592721,34.70383107007476,-0.005861056464262,0.1240128083653928,-0.00422196454504653,0.007670983753448356,0.03545500761528442,54.64325921295649,0,1.0
2023-04-24,1.5883177297693438,36.22526239983459,0.1984708090833535,-0.0264930518653514,32.91563007592508,-0.6979876408664296,-0.6921265844021676,0.0005658077684387308,0.007674674417111175,0.030046845269623867,53.519886809275974,0,1.0
2023-04-25,1.5937433501401643,36.52676298493739,0.2486285943932884,0.0501577853099348,32.89713693936207,-0.5586667264139251,0.1393209144525045,0.0034159540431550894,0.007671520968942241,0.026062101760865763,71.79824169908265,0,1.0
2023-04-26,1.5797886282343259,36.96109342022065,0.3398306902026107,0.0912020958093222,32.85893291728482,-0.6149660509299792,-0.0562993245160541,-0.008755940474739043,0.007500551997610276,0.009580520451138996,76.89370762324839,0,1.0
2023-04-27,1.587202201066928,37.440587487497865,0.4051083625544223,0.0652776723518115,32.695137705479794,-0.0734974568150974,0.5414685941148818,0.004692762500061898,0.007429705844521843,0.013037649547820607,77.9397428713259,0,1.0
2023-04-28,1.6014869534892502,37.091854216298174,0.1883637437869296,-0.2167446187674926,32.01415698349331,-0.2943266519562542,-0.2208291951411567,0.008999957543355253,0.0071960754552183055,0.01572420623135895,79.09696732422192,0,1.0
2023-05-01,1.618639584248695,37.44296194850145,0.1606228427602616,-0.027740901026668,32.15859994764688,-0.2334443232126446,0.0608823287436095,0.010710440520338427,0.007476873535249629,0.021667386837532332,80.23304906429595,0,1.0
2023-05-02,1.6177820662451623,37.37735314603715,-0.0210781138202307,-0.1817009565804923,32.03069140410912,-0.221482100456889,0.0119622227557556,-0.000529776987957864,0.007483483920198635,0.014494961421744668,77.18710168736774,0,1.0
2023-05-08,1.6124396728315469,38.04888868869125,0.319011490797692,0.3400896046179227,30.86816711607076,-0.3819966224741833,-0.1605145220172943,-0.00330229486720357,0.0060122327052505664,0.011037050706414142,72.64893968563503,0,1.0
2023-05-09,1.6335903366434725,38.32580192754188,0.2942799930134754,-0.0247314977842165,30.653851571186443,-0.5015827921534814,-0.1195861696792981,0.013117181478661921,0.005355186697341179,0.02474066832112709,75.39065228786605,0,1.0
2023-05-10,1.6222364445026511,38.60314815895754,0.4085983376401287,0.1143183446266533,30.723918776644236,-0.4355908758216245,0.0659919163318569,-0.006950268917573443,0.005822371343227486,0.021933010041328638,66.37830093018063,0,1.0
2023-05-11,1.6176972445242082,38.60271542211461,0.1846089111411188,-0.2239894264990098,30.61323622980268,-0.0849769620893639,0.3506139137322606,-0.002798112441515621,0.005909044332567959,0.01849725291370441,60.47182228099046,0,1.0
2023-05-12,1.6314133652549236,37.9086511196099,-0.1390502693106654,-0.3236591804517843,30.31352457776125,-0.11344233114173,-0.0284653690523661,0.008478793406580643,0.005965384719172859,0.023636186536211357,64.8072459560573,0,1.0
2023-05-15,1.6438837221099984,37.580107032825936,-0.341013708710534,-0.2019634393998686,29.9525942405037,-0.2571081787135121,-0.143665847571782,0.007643897690593038,0.005975082370028535,0.04057194280940579,68.38040467381313,0,1.0
2023-05-16,1.653241129502743,37.30764434936701,-0.431690357582525,-0.090676648871991,29.889937173216783,-0.2410996855286313,0.0160084931848807,0.005692256250785066,0.006009396074775887,0.041607130075439036,73.86274431350091,0,1.0
2023-05-17,1.6614312395075896,36.88556067217458,-0.3410301491451122,0.0906602084374128,29.56799676669482,-0.2485092703554769,-0.0074095848268456,0.004953971842758476,0.005973460258656304,0.03743039297806039,75.17527479870698,0,1.0
2023-05-18,1.6871013066653515,36.01408340059332,-0.5220078774108643,-0.1809777282657521,29.561518177949644,-0.1303586875180187,0.1181505828374582,0.015450574509102033,0.006616092755019224,0.042295840953644914,78.2127633352446,0,1.0
2023-05-19,1.691002043757439,36.08033870234056,-0.4091018823421564,0.1129059950687079,29.53270173089171,-0.1190784807750233,0.0112802067429953,0.0023120941680718765,0.006570193720247281,0.04525948150866732,85.78308518310419,0,1.0
2023-05-22,1.7041800960850704,36.06379524215136,-0.2739218100077352,0.1351800723344212,29.58575434988012,0.0059191943950978,0.1249976751701211,0.007793043406588485,0.00661927556164659,0.056895414321096016,86.2915930616136,0,1.0
2023-05-23,1.6917272168996058,36.22909683209876,0.0716711438351467,0.3455929538428819,29.4741423424773,-0.0291252784907811,-0.0350444728858789,-0.0073072553857845834,0.0069935554875569005,0.0355884085208209,78.31830613698612,0,1.0
2023-05-24,1.6875618461612982,36.60731413049744,0.1756584760522912,0.1039873322171445,29.961519858317185,0.142939375808492,0.1720646542992732,-0.002462199991049019,0.006908489852425799,0.040268730171867606,73.54790760962092,0,1.0
2023-05-25,1.683097463223816,36.43419825294458,0.1234676702644108,-0.0521908057878803,30.197895852481523,0.2040471675338011,0.0611077917253091,-0.0026454633041375075,0.007006765087912691,0.04042797187235325,71.77882138989463,0,1.0
2023-05-26,1.68642114026671,36.19842343826448,-0.0102244646114257,-0.1336921348758366,30.004151015668924,0.1766695577305377,-0.0273776098032634,0.0019747383116648365,0.007008866095463964,0.03371786463401372,75.00507281858799,0,1.0
2023-05-29,1.7003527091153887,35.79870149873683,-0.2695375439202081,-0.2593130793087823,29.771493555191405,-0.0633421010419184,-0.2400116587724561,0.008261025977458702,0.0065427580318910775,0.03435096183865727,73.72274852519435,0,1.0
2023-05-30,1.7015289495728387,35.74046579162632,-0.2312441537727494,0.0382933901474586,29.63801507691748,-0.186626925188019,-0.1232848241461006,0.000691762627332837,0.006572044623543673,0.02920797166752065,80.37185196059589,0,1.0
2023-05-31,1.67816210761217,35.6598058990288,-0.1795391797452339,0.0517049740275155,29.76456500816286,-0.079862002502022,0.106764922685997,-0.01373285007377334,0.007475285556799954,0.010070153796758463,70.2408006270335,0,1.0
2023-06-01,1.6962127896146657,35.218960006554724,-0.1932471640607005,-0.0137079843154666,29.896233691338843,0.0415800453824815,0.1214420478845035,0.010756220701574337,0.007477981206310197,0.0054006732810394364,71.08006177027913,0,1.0
2023-06-02,1.7231105739209382,33.70083816359278,-0.6798758760111809,-0.4866287119504804,29.97904990320322,0.1136782754285761,0.0720982300460946,0.015857553056408014,0.00802157081589917,0.018987871884621477,73.56177669500843,0,1.0
2023-06-05,1.7554216474180355,33.227058565297945,-0.8109157779102816,-0.1310399018991006,30.380313632160146,0.2052495413324315,0.0915712659038554,0.01875159608798249,0.00857872170463416,0.03006815503283944,76.73770217714991,0,1.0
2023-06-06,1.7721700457637557,30.93633291223189,-1.4275423647742755,-0.616626586863994,31.159698361837638,0.4211548901662638,0.2159053488338322,0.009540954659158052,0.008420909337709065,0.04755070915722204,77.73493564805176,0,1.0
2023-06-07,1.7427640209954116,31.375339069908208,-0.7751663645615317,0.6523760002127439,31.37315888302539,0.4647029932740558,0.043548103107792,-0.016593229774217844,0.009316164543755818,0.03271120105001302,63.68483501855328,0,1.0
2023-06-08,1.7292849500929932,31.706539764858952,-0.5068396001463285,0.2683267644152032,32.01117355630447,0.5436199747147761,0.0789169814407202,-0.007734306389180268,0.009557707295525079,0.027441956201816886,58.988621339211825,0,1.0
2023-06-09,1.758820800244463,31.910676639632747,0.3247812424669547,0.8316208426132832,32.13390510711818,0.32473558176018,-0.218884392954596,0.01707980523966368,0.009983043951095557,0.04293094900737726,61.914164462694096,0,1.0
2023-06-12,1.7702254870190783,31.05524713052485,-0.1066973131277819,-0.4314785555947367,32.56096469208748,0.3959352696873637,0.0711996879271836,0.006484280134184228,0.00996297803165617,0.04109310822931622,67.19480017324203,0,1.0
2023-06-13,1.798034022296657,29.92130468606242,-0.5950783595988511,-0.4883810464710691,32.31041823214039,0.0997482252786454,-0.2961870444087182,0.015709035646304104,0.010311113814000001,0.056716679870798314,71.92736473466366,0,1.0
2023-06-14,1.8274162454130083,30.13489601082325,-0.5919268762698273,0.0031514833290238,32.35160135804608,0.0725654169759622,-0.0271828083026832,0.016341305421362806,0.010660112209699518,0.08893904654611084,76.06701046755684,0,1.0
2023-06-15,1.827693656447237,30.379239188762163,-0.2253359805875625,0.3665908956822648,32.588440049958706,0.009158452623744,-0.0634069643522181,0.0001518050607929311,0.010403438294667493,0.07751437062471411,75.8007119305864,0,1.0
2023-06-16,1.831773444071699,30.29401313713987,0.1242361503591453,0.3495721309467079,32.39228704698493,0.0272896049481801,0.018131152324436,0.002232205386318631,0.010404160647755291,0.06306204128473225,74.89740059617284,0,1.0
2023-06-19,1.8194891276635998,30.22144853910312,0.028850842759958,-0.0953853075991872,32.24344537437847,-0.0360519945558692,-0.0633415995040493,-0.00670624221999494,0.010632811812126303,0.0364969181847552,71.44475620943564,0,1.0
2023-06-20,1.8155087925226492,29.636938764269296,-0.2474334748309559,-0.276284317590914,32.25090849451357,-0.112510518481713,-0.0764585239258437,-0.002187611390710442,0.010422731664165467,0.02445518524731405,76.86265158736927,0,1.0
2023-06-21,1.822571706975698,29.4103280345872,-0.2945617008508883,-0.0471282260199323,32.27078622609275,-0.0405002736307267,0.0720102448509862,0.003890322361498999,0.01032497107473125,0.04579374202062225,75.82353830204438,0,1.0
2023-06-22,1.8227442794024118,29.33210531009567,-0.296447743002485,-0.0018860421515967,31.5006287593198,-0.2476055383528859,-0.2071052647221591,9.468622060437859e-05,0.010251376672149393,0.05404507181097751,72.85877175151502,0,1.0
2023-06-23,1.79477600427689,28.93632092062021,-0.233539281216359,0.0629084617861259,31.315479055418827,-0.3118098130315836,-0.0642042746786977,-0.015344047676666528,0.011129174410297845,0.020442789866613742,59.212576167597575,0,1.0
2023-06-26,1.793163225000071,30.28889703570657,0.2928563337064567,0.5263956149228157,31.74598146602998,-0.1749349200209238,0.1368748930106598,-0.0008985964114607281,0.01109737778894803,0.012957523292480788,55.28915931727806,0,1.0
2023-06-27,1.7891263292434374,27.74929584776649,-0.5276031541097268,-0.8204594878161835,31.75218184079764,0.0838510271592767,0.2587859471802005,-0.002251270659776927,0.011145086897161125,-0.004954129311658839,63.39288014888917,0,1.0
2023-06-28,1.827585517719637,27.195320741941664,-0.5803333928928502,-0.0527302387831234,31.678641215214263,0.1210540532651478,0.0372030261058711,0.021496072047893167,0.011216198590016812,9.262931040132649e-05,74.81513264739101,0,1.0
2023-06-29,1.827007992062874,28.575090993242437,-0.5712686808213796,0.0090647120714706,32.21953433455231,0.1578509561741086,0.0367969029089607,-0.00031600472380832745,0.01115558992450353,-0.0003751527954066747,70.16090752072893,0,1.0
2023-06-30,1.8207651948659282,28.350279682459917,0.2003279448978077,0.7715966257191873,32.09410065638717,0.1139729385298444,-0.0438780176442641,-0.0034169512252089085,0.01088660883031955,-0.0060096128379836244,65.413564350512,0,1.0
2023-07-03,1.8493372208016763,28.47448783323568,0.4263890304313378,0.2260610855335301,32.141614544815184,0.1543244432003021,0.0403515046704576,0.015692317722413307,0.01067026445135994,0.0164046559466966,65.57388596549285,0,1.0
2023-07-04,1.8354314453629903,28.84281037353892,0.08923979343216,-0.3371492369991777,32.36344695710272,0.047970874183477,-0.1063535690168251,-0.007519329239833228,0.010772931373613487,0.010973592043395541,52.685472193281974,0,1.0
2023-07-05,1.8361582566794443,29.04633840297258,0.2320195735042247,0.1427797800720647,32.419133294584014,0.1083442127322769,0.0603733385487998,0.0003959893562301975,0.00987806348497783,0.007454603652490288,52.82752776520506,0,1.0
2023-07-06,1.8111168443431869,29.184292642411904,0.2366016030587445,0.0045820295545198,32.060542998710915,-0.0270238487014182,-0.1353680614336951,-0.01363793793109258,0.01028484142613136,-0.00637908190996328,43.947444642250986,0,1.0
2023-07-07,1.7906081017115238,30.18974256142864,0.448977395963233,0.2123757929044885,32.135820731672794,-0.0758754084766479,-0.0488515597752297,-0.011323809778325256,0.010105423700161483,-0.002322241079351528,41.926723144961066,0,1.0
2023-07-10,1.7769539288655918,30.881587361638992,0.6117496528888111,0.162772256925578,32.235088299802484,-0.061348331593841,0.0145270768828069,-0.00762543899632806,0.010190468510098447,-0.009039498417372838,39.775517820618454,0,1.0
2023-07-11,1.7703320177051947,31.23304399162473,0.6829171164042691,0.071167463515458,32.332000995534486,0.0904859989411903,0.1518343305350313,-0.0037265519678524317,0.009543741438930919,-0.010504742583599569,36.11391724466879,0,1.0
2023-07-12,1.7576687337634207,31.210788622662136,0.3403486870778351,-0.3425684293264339,32.28418113382335,0.0494534673835218,-0.0410325315576685,-0.007153055932518693,0.0087439155247231,-0.038256367911830846,33.779094792312335,0,1.0
2023-07-13,1.7789009257635462,31.38370894323737,0.1673738605327912,-0.1729748265450439,32.31843544648501,0.0277823822275067,-0.0216710851560151,0.012079746081995912,0.009282007942018158,-0.026331065057361935,45.90543539665113,0,1.0
2023-07-14,1.7757575631910965,31.285443550410378,0.0174665195952172,-0.1499073409375739,32.314539926797934,-0.0058203562455148,-0.0336027384730215,-0.0017670250922493524,0.009244655686183012,-0.024719075145846037,45.545828988723834,0,1.0
2023-07-18,1.7860509376282343,31.367974760954176,0.0523953794306812,0.034928859835464,32.35467430204198,0.0234977227395347,0.0293180789850495,0.005796610218931075,0.009297452966066794,-0.034221061719618584,49.23741511415263,0,1.0
2023-07-19,1.808000158022584,31.010835310738905,-0.1242912108328226,-0.1766865902635039,32.32384147865379,0.0018020107229332,-0.0216957120166014,0.012289246589739955,0.00974362596754689,-0.014945416463092887,44.71045108612949,0,1.0
2023-07-20,1.7912779244996166,31.772930634963814,0.1624956948511453,0.286786905683968,32.44521577683068,0.0435586166775792,0.0417566059546459,-0.009249022157861164,0.009897741958186978,-0.02444251851198842,41.12416930007423,0,1.0
2023-07-21,1.789416252709786,32.19808410848678,0.2767031158441995,0.1142074209930541,32.50744056267159,0.0509220868765396,0.0073634701989604,-0.0010392981258621203,0.009895478867489165,-0.011981883831062579,42.039220742516,0,1.0
2023-07-24,1.8053158453367388,32.19261570001558,0.3939267964255606,0.1172236805813611,32.19675929226777,-0.0423607287953444,-0.0932828156718841,0.008885351635135486,0.00950648518875352,0.008213826136024283,38.05219908164216,0,1.0
2023-07-25,1.8059732677403386,32.416652577185644,0.2145739807406101,-0.1793528156849504,32.33648270197297,-0.0362443582858986,0.0061163705094458,0.0003641592164040919,0.009502049420326666,0.01633094612265662,41.38525865798908,0,1.0
2023-07-26,1.8028939458626934,32.39646403528717,0.0661266422667949,-0.1484473384738152,32.34481362491228,-0.0542089792531115,-0.0179646209672128,-0.0017050761119504765,0.009494814497878302,0.018393119387688284,40.404225740318736,0,1.0
2023-07-27,1.8137769119007938,31.98915549680133,-0.0678200677380829,-0.1339467100048779,32.478606145537725,0.0939489510899918,0.1481579303431033,0.006036387255653475,0.008234896695055529,0.03192192991749776,50.835608608538905,0,1.0
2023-07-28,1.8104114147197512,32.11810130015528,-0.0995170923434543,-0.0316970246053713,32.416116180614,0.0265444928803404,-0.0674044582096513,-0.0018555188121319732,0.008241784293068061,0.017713459192607806,56.97171008947664,0,1.0
2023-07-31,1.8332437453682013,32.64366464244248,0.0824002023851022,0.1819172947285565,32.315142439935066,-0.0098903949924036,-0.036434887872744,0.012611680672586001,0.008701897098888016,0.03237276493633523,68.61381802602912,0,1.0
2023-08-01,1.8432737240400185,32.96912082840736,0.3266551105353414,0.2442549081502392,32.376266128074775,-0.0341133391543166,-0.024222944161913,0.005471164812185236,0.008029271587066282,0.032038720288556144,73.58856199104409,0,1.0
2023-08-02,1.8145204856578454,32.934859193138095,0.2722526309942736,-0.0544024795410678,31.95698307635512,-0.1530443680862845,-0.1189310289319678,-0.01559900627192412,0.008603184225016795,0.0036063755892548066,66.65229986405458,0,1.0
2023-08-03,1.7884907630964575,34.67527666553521,0.6772040076975756,0.4049513767033019,32.52469569189954,0.0698510839881478,0.2228954520744324,-0.014345234880030033,0.009134076398098549,-0.0015559625700951596,52.73214842965641,0,1.0
2023-08-04,1.7946522110172183,35.492332545747246,0.8410705724466254,0.1638665647490498,32.313901639680694,-0.020788162798027,-0.0906392467861749,0.0034450543709230175,0.008705800661706734,0.0029260706107385737,55.29208423595517,0,1.0
2023-08-07,1.8001635693800833,34.98351792498279,0.6828862439482393,-0.1581843284983861,31.78995383709016,-0.0556764130883209,-0.0348882502902938,0.003070989648596756,0.008344477023900341,-0.002853947119538236,54.06151619651742,0,1.0
2023-08-08,1.8037366266069559,34.791159929281434,0.0386277545820803,-0.6442584893661589,31.54303199491983,-0.3272212323265648,-0.2715448192382439,0.0019848514255307315,0.008138272659700841,-0.0012384685716756438,48.62785278448232,0,1.0
2023-08-09,1.7952205926864964,34.4822312565306,-0.3367004297388902,-0.3753281843209706,31.390610718163764,-0.3077636405056445,0.0194575918209203,-0.004721328931751589,0.008170240715830559,-0.004256131201619384,51.3396434492808,0,1.0
2023-08-10,1.8089506636466335,33.581914426426664,-0.467201166185383,-0.1305007364464927,30.62210862929222,-0.3892817359326486,-0.081518095427004,0.007648124701817638,0.008088546043632256,-0.00266088305705825,56.14204518016343,0,1.0
2023-08-14,1.7896518131663344,33.03194110892727,-0.586406273451388,-0.1192051072660049,30.50863787875116,-0.3447980387228888,0.0444836972097597,-0.010668533348164866,0.008117473863629154,-0.01146678671192003,45.177962343957134,0,1.0
2023-08-15,1.7996696494661946,33.40700283825883,-0.3584094727572449,0.227996800694143,30.64549537010077,-0.2483717826876592,0.0964262560352295,0.005597645433687015,0.008183981319844241,-0.018314038156046486,48.16522426787265,0,1.0
2023-08-16,1.7739462307179998,33.725541371792346,0.0478756484552249,0.4062851212124698,30.69999290055256,0.0259614237534435,0.2743332064411028,-0.01429341143571805,0.008739675460158513,-0.037611067969910206,42.555588290607474,0,1.0
2023-08-17,1.770266211736766,34.486738511514176,0.4849324675289708,0.4370568190737458,31.137147387794784,0.2095031696812057,0.1835417459277621,-0.002074481693700725,0.008225433414368082,-0.02438896351453157,38.37997131233844,0,1.0
2023-08-18,1.7602814897506407,34.42814846711296,0.3403818762847095,-0.1445505912442612,31.09891706127924,0.1511405637261553,-0.0583626059550503,-0.005640237564230266,0.008073637338228155,-0.015772669296305164,37.06939080588356,0,1.0
2023-08-21,1.7611440481647052,34.85147751862422,0.375312048943961,0.0349301726592514,31.25972898868784,0.1865786960450925,0.0354381323189372,0.0004900116368244944,0.008078904092300752,-0.018671117805895365,29.0252147131375,0,1.0
2023-08-22,1.8359712986930208,34.94747933008756,0.1535802728577948,-0.2217317760861661,31.349135588408693,0.0706627335379685,-0.1159159625071239,0.042487864979751766,0.01248435025284028,0.0198913753849983,48.45725310372907,0,1.0
2023-08-23,1.8440876475153534,34.52330206018887,0.031717864358626,-0.1218624084991688,31.667532314222264,0.1895384176476788,0.1188756841097102,0.0044207384004915085,0.012507856345808447,0.022370794224156,56.843214594987195,0,1.0
2023-08-24,1.8534350404712974,33.19066139462927,-0.5536053746649827,-0.5853232390236087,31.773625861922238,0.1712989577447956,-0.0182394599028832,0.0050688441889072955,0.012519094694265407,0.03242746213025827,66.28897874777911,0,1.0
2023-08-25,1.832263024078775,32.86991334493899,-0.6925219950495247,-0.138916620384542,31.85866966150602,0.1698446910324449,-0.0014542667123507,-0.011423122974484556,0.01278877856903977,0.012887228436151199,58.77277691084699,0,1.0
2023-08-28,1.862007354334385,32.16001615698446,-0.7877619677347951,-0.0952399726852704,32.19839840787429,0.1769553645506754,0.0071106735182304,0.01623365743057814,0.01323891982446958,0.040429954383157884,62.960051243212945,0,1.0
2023-08-29,1.8606981504977924,33.10166795371404,-0.0296644803050796,0.7580974874297155,32.6040004967669,0.2767915449482174,0.099836180397542,-0.0007031142135636159,0.012982414226058657,0.03391094640602499,62.051265437591105,0,1.0
2023-08-30,1.8694703754450142,32.35213248050688,-0.1725936214773682,-0.1429291411722886,32.81828268604562,0.3198710081798737,0.0430794632316562,0.0047144803926821854,0.01296924974065586,0.05384838788960988,65.69190617891545,0,1.0
2023-08-31,1.887184187334791,32.45665550934821,0.0988797841212516,0.2714734055986199,32.912118623860266,0.2379067386619908,-0.0819642695178828,0.009475310292392347,0.012505772708456998,0.06604542007459968,66.26003423460534,0,1.0
2023-09-01,1.8994048607753915,32.30729874643124,-0.2647897357609281,-0.3636695198821797,32.94496464622304,0.113654716485378,-0.1242520221766128,0.0064756124614733235,0.011923180482278153,0.07903472929460786,73.50254785916026,0,1.0
2023-09-04,1.9192867195292047,31.83197190180589,-0.1733868595670102,0.0914028761939178,33.11279906444498,0.0981721261331145,-0.0154825903522635,0.010467414906844441,0.012037365371033209,0.08979542106694827,74.57657786263694,0,1.0
2023-09-05,1.92282589062609,32.38302183495792,-0.0245445581300884,0.1488423014369218,33.26448266118757,0.1174546791091017,0.0192825529759872,0.001844003327315935,0.012042420081804962,0.04730716215166253,83.6570499607515,0,1.0
2023-09-06,1.936420602824105,32.70990498606217,0.1342020798769638,0.1587466380070523,33.38841317792533,0.1478161772341053,0.0303614981250035,0.007070173261287005,0.012065316399943158,0.05006972170393165,85.95072678267441,0,1.0
2023-09-07,1.929664545139283,32.884893676081035,0.3509739247583923,0.2167718448814284,33.45818745893647,0.1151294648304954,-0.0326867124036098,-0.003488941232586029,0.01202352976279159,0.04112877063584697,87.16861913989132,0,1.0
2023-09-08,1.9101945345420925,33.11041777950051,0.2424653148475215,-0.1085086099108707,33.3937686599938,0.0430953329354082,-0.0720341318950872,-0.010089842115944103,0.012365171487603886,0.04253292755416482,80.23764997794078,0,1.0
2023-09-11,1.909266492823973,33.64613459190112,0.3120765352796582,0.0696112204321366,33.3317184123146,-0.0188982552035739,-0.0619935881389821,-0.00048583623360742845,0.011985296693677835,0.0253807474925265,71.23687629436597,0,1.0
2023-09-12,1.9263116064366572,33.68177042417028,0.2656255826964155,-0.0464509525832426,33.11104366857137,-0.1157145967883721,-0.0968163415847982,0.008927571754256736,0.01204178360551998,0.0352628156916861,72.65189987512551,0,1.0
2023-09-13,1.9284745296192942,32.839225249820146,-0.0903975098934495,-0.3560230925898651,33.14187105472534,-0.0839658684228155,0.0317487283655566,0.0011228314128459704,0.01131616367775523,0.03156196265492284,71.52470447572912,0,1.0
2023-09-14,1.9522132413665447,32.563953378027435,-0.3607270712912367,-0.2703295613977872,33.055872273311095,-0.0919487130011731,-0.0079828445783576,0.012309580128049058,0.011350451757105418,0.03445824444067225,83.90783494415832,0,1.0
2023-09-15,1.9756738597762846,33.16187913639513,-0.1732970959250508,0.1874299753661858,33.39252614613621,0.0938274925216191,0.1857762055227922,0.012017446615267158,0.011167479119739537,0.04015415595480687,83.3150881768033,0,1.0
2023-09-19,1.974826241873804,32.03465954743967,-0.2681885674601574,-0.0948914715351065,33.47798732646743,0.1120387572473546,0.0182112647257355,-0.00042902723963589295,0.011192543761833507,0.028937584874355382,83.54113133833842,0,1.0
2023-09-20,1.958767262894988,31.764425296323104,-0.2665093605681079,0.0016792068920494,33.19059498498018,0.0449075705563686,-0.067131186690986,-0.008131844026732504,0.007609709769858817,0.018691953569022868,75.16563591228763,0,1.0
2023-09-21,1.9374811079133623,31.85105183310792,-0.4369424344290742,-0.1704330738609663,33.21755982110787,-0.0583221083427858,-0.1032296788991544,-0.010867118000617126,0.008230520030614264,0.0005476625727440787,63.89489516759256,0,1.0
2023-09-22,1.9306675542874334,31.667938112572383,-0.1222404782890933,0.3147019561399808,33.417239588882424,-0.0202492458616703,0.0380728624811155,-0.003516707129736618,0.008313263821377705,0.0005197842032580446,58.90251337727901,0,1.0
2023-09-25,1.9353477582812866,31.61081158063045,-0.05120457189755,0.0710359063915433,33.47231673316959,0.0939072493964729,0.1141564952581433,0.0024241376944775794,0.007682518767228418,0.013167885932216628,55.007124177787524,0,1.0
2023-09-26,1.9224597129269905,31.601662920071703,-0.0831296376787378,-0.0319250657811878,33.2798043168507,0.0207481652476104,-0.0731590841488625,-0.006659291746999307,0.007264798878401627,0.006910098801086395,49.89212982559996,0,1.0
2023-09-27,1.9303707251276891,31.058255537048822,-0.203227525174519,-0.1200978874957812,32.68546276760969,-0.2439256070909081,-0.2646737723385186,0.004115047065747834,0.0072634608089316485,0.0021071973389292786,48.15605403509145,0,1.0
2023-09-28,1.9027721142467209,30.30270560371193,-0.4360353256395051,-0.232807800464986,32.14814511395291,-0.4413905397388973,-0.1974649326479891,-0.01429705212668031,0.008070121517332673,-0.013327847984410446,42.72743537175155,0,1.0
2023-09-29,1.8856717869653483,31.162611205816347,-0.1463505714184521,0.289684754221053,31.30084468525748,-0.6596532105310686,-0.2182626707921713,-0.008987060065331232,0.008095186256561214,-0.03408513629106291,43.282172049964004,0,1.0
2023-10-02,1.880317020554848,31.43255374196233,0.1247660683044991,0.2711166397229512,31.49686443776716,-0.3961994432808495,0.2634537672502191,-0.002839712853273224,0.007969460675537951,-0.04826547597903341,42.257289970102306,0,1.0
2023-10-03,1.8488146468270457,31.318045553546423,0.338446649944828,0.2136805816403288,31.19356192384503,-0.3181943967026228,0.0780050465782267,-0.0167537566183954,0.0083191641333176,-0.06380895309918144,30.760809468360023,0,1.0
2023-10-04,1.799985992618096,32.919005155964726,0.5854646500494596,0.2470180001046316,31.847151487504973,0.1821022674158285,0.5002966641184514,-0.026410789363200737,0.009908623385211823,-0.08106183582128013,24.102324183261373,0,1.0
2023-10-05,1.8373144905855383,35.801276767595226,1.4562410085442998,0.8707763584948403,32.78232242153874,0.4284859945905275,0.2463837271746989,0.02073821580863955,0.011061984544711976,-0.05169940337415824,28.04421630021315,0,1.0
2023-10-06,1.8346392681250976,37.39959005982162,2.027181502091736,0.570940493547436,32.98757165841361,0.5980032448561907,0.1695172502656632,-0.0014560503790442825,0.011062388734145072,-0.04973838502081096,20.724407790902006,0,1.0
2023-10-10,1.875505384076025,36.74986821625592,1.2769543534303978,-0.7502271486613381,32.96997854235087,0.3742756849486355,-0.2237275599075552,0.022274741776725504,0.012197057971147084,-0.03092073450324273,32.320487121442895,0,1.0
2023-10-11,1.8766586931710099,38.33754150256303,0.8454215783226005,-0.4315327751077973,33.75740610259518,0.3250278936854798,-0.0492477912631557,0.0006149324362261233,0.012201247938439477,-0.023824176625395932,34.56529518316155,0,1.0
2023-10-12,1.9100313383630096,38.28598074236568,0.2954635608480132,-0.5499580174745873,33.72600135994892,0.2461432338451104,-0.0788846598403694,0.01778301260289883,0.012722021286131136,-0.010536518452088584,45.064293162153795,0,1.0
2023-10-13,1.887162127353386,38.3648713888708,0.5383343908716256,0.2428708300236124,33.8971819806131,0.3090678127540656,0.0629245789089552,-0.01197321245484051,0.012976839075427642,-0.008203813150538308,42.60436278553561,0,1.0
2023-10-16,1.8574393256199855,38.9787322926738,0.2137302633702589,-0.3246041275013667,33.97298971585357,0.0718612044194628,-0.2372066083346027,-0.015749999060803987,0.01297871609510408,-0.014972097233738602,37.79521200281999,0,1.0
2023-10-17,1.875473868541177,39.722910643834425,0.4789766338229171,0.2652463704526582,34.46210931538762,0.2453693184795753,0.1735081140601124,0.009709357755291359,0.012853379134812942,-0.00257571035135451,42.756209769997895,0,1.0
2023-10-18,1.8778578147888982,39.84056488707053,0.491897832733251,0.0129211989103339,34.513245555851185,0.2053545250793575,-0.0400147934002177,0.0012711167495902398,0.012873546301600328,0.015709075007436013,41.76374078843558,0,1.0
2023-10-19,1.8486655780845074,40.30890799718138,0.4433919015025154,-0.0485059312307356,34.42730294194375,0.151437742030069,-0.0539167830492886,-0.015545498958701831,0.013149964599223872,0.027044424604441675,41.55600369611863,0,1.0
2023-10-20,1.8411999649705506,40.87563283698799,0.384240731051193,-0.0591511704513223,34.76574343339932,0.101211372670555,-0.0502263693595139,-0.004038379468120024,0.013017638329560826,0.0021147573836279854,42.844435873283885,0,1.0
2023-10-23,1.8267406749864068,41.27721324977018,0.4788827875665475,0.0946420565153545,34.10100562952111,-0.1374133087766793,-0.2386246814472343,-0.007853188278968415,0.01307208113914478,-0.004305256774953192,41.62488690710344,0,1.0
2023-10-24,1.8262142980980482,40.85421182755235,0.1817679434569896,-0.2971148441095579,34.124309931202674,-0.1009976702470325,0.0364156385296468,-0.000288150855546343,0.013030326225033542,-0.026281495321998305,46.0882600147942,0,1.0
2023-10-25,1.8405490881765112,40.72266189393201,-0.050990314351992,-0.2327582578089817,34.10757545725964,-0.2193893253798933,-0.1183916551328607,0.007849456711291891,0.013207836248649164,-0.019241434324684725,57.97278916698034,0,1.0
2023-10-26,1.8122456348746483,41.45811189582621,0.060299548685343,0.1112898630373351,34.122437002803466,0.0071437910941156,0.2265331164740089,-0.015377722595762977,0.013442826935518131,-0.05119586339990023,44.891404220342004,0,1.0
2023-10-27,1.836419557044002,42.44770929126483,0.5311658212374937,0.4708662725521506,34.40211258946627,0.0926008860878653,0.0854570949937496,0.013339208385526602,0.013646506060459172,-0.02688829410780247,50.33356452154186,0,1.0
2023-10-30,1.8231910023921682,42.5722110499846,0.6165163853508631,0.0853505641133693,34.34682466187283,0.079749734871072,-0.0128511512167932,-0.007203449016371377,0.013602028481255912,-0.018438461356677482,39.065665472364905,0,1.0
2023-10-31,1.8374611310669018,43.04317075539112,0.5283529531883104,-0.0881634321625526,34.35321650463402,0.0769265006101775,-0.0028232342608944,0.007827006965265948,0.013758891636912109,-0.020268337571582973,42.233108409210445,0,1.0
2023-11-01,1.8926955879580127,42.8752177109929,0.1425028065760116,-0.3858501466122987,34.22535795483189,-0.0589182115447997,-0.1358447121549773,0.030060204244450883,0.014884878663119456,0.007901435908651333,46.83884151705729,0,1.0
2023-11-02,1.9046224110772796,44.847383851548486,0.7583909338546277,0.6158881272786161,35.24374049275316,0.2989719436267819,0.3578901551715816,0.0063015009889331175,0.013405927754988708,0.0302687698933366,53.31620582488129,0,1.0
2023-11-06,1.9387105830492208,44.04625602816169,0.3343617575902016,-0.4240291762644261,34.856517105313,0.1677668668929968,-0.1312050767337851,0.017897601001481744,0.013220920696433254,0.05296036277093341,65.18394681403987,0,1.0
2023-11-07,1.9168465256322746,43.16929606524148,0.0980261180828634,-0.2363356395073381,34.94216364497359,0.2389352300472396,0.0711683631542428,-0.01127762834128554,0.013564188644623209,0.049326021957954325,57.62062617706085,0,1.0
2023-11-08,1.8940785062351169,43.38716224676591,-0.4867405349275273,-0.5847666530103908,35.02952730163396,-0.0714043970397426,-0.3103396270869822,-0.011877852030771074,0.013054871172839405,0.03716114160739359,52.779077515737946,0,1.0
2023-11-09,1.920290600012913,42.60087862775055,-0.4817924668037108,0.0049480681238165,34.91977591119982,0.0210862686289345,0.0924906656686772,0.013838969024519532,0.013387726087245368,0.0433248492793008,62.39806054961756,0,1.0
2023-11-10,1.9177000276742817,42.61728157106322,-0.1840048313927624,0.2977876354109483,35.03680228028077,0.0315462117690614,0.0104599431401268,-0.0013490522416835793,0.012814295401272716,0.05818990029291893,63.46923573180486,0,1.0
2023-11-13,1.9205962849518272,41.96340628975304,-0.4745853190042908,-0.2905804876115283,34.85359028863324,-0.0586456710002281,-0.0901918827692895,0.001510276495671814,0.012486314301738908,0.04583741639264649,67.22641692528553,0,1.0
2023-11-14,1.930631296440029,41.7754084141623,-0.2751567378627513,0.1994285811415395,34.72936589070105,-0.0634700068329294,-0.0048243358327013,0.005224945797733582,0.011875558283465681,0.058929807083783814,68.51849112552557,0,1.0
2023-11-15,1.9559923102674397,41.52900229509434,-0.3627597586562885,-0.0876030207935372,34.791323416593045,-0.0818262878959075,-0.018356281062978,0.013136124890430922,0.012016511304198577,0.06450812874159362,69.70340034387237,0,1.0
2023-11-16,1.9602423415756027,40.83711893366858,-0.375429118694818,-0.0126693600385294,34.615172415731976,-0.079472624300422,0.0023536635954855,0.002172826184363652,0.012014643687076429,0.03568812335557081,77.51900226236627,0,1.0
2023-11-17,1.9780403395185806,39.98862112537401,-0.5955957629294346,-0.2201666442346166,34.52527914376421,-0.0680289156456126,0.0114437086548093,0.009079488574189387,0.011341427896632162,0.03854723540702998,76.97300425715092,0,1.0
2023-11-20,1.9599021076681908,39.91163527631507,-0.5391223395930922,0.0564734233363424,34.50646806345733,-0.0949517843785656,-0.026922868732953,-0.00916979875890922,0.011575346751903625,0.010930731386239012,75.55989221992775,0,1.0
2023-11-21,1.9530333152701895,39.61331523111562,-0.4079345675176498,0.1311877720754424,34.46520136415211,-0.0499903505266274,0.0449614338519381,-0.003504660957874828,0.011396416015314341,0.018878292630120086,72.22272502037941,0,1.0
2023-11-22,1.961587993312769,39.342563532438575,-0.2153525309784782,0.1925820365391715,34.28604605590444,-0.0797443626199339,-0.0297540120933064,0.004380200775733201,0.011364459729801258,0.03564239119731183,66.14526355144653,0,1.0
2023-11-24,1.9728915988982652,39.30662183675896,-0.2016711465186986,0.0136813844597796,34.406928105178125,-0.0331799860930601,0.0465643765268737,0.005762476944205952,0.011333340644278963,0.027392207661173007,66.04608143940271,0,1.0
2023-11-27,1.9630146611361305,38.96834090479193,-0.2149914421079017,-0.0133202955892031,34.55765207925589,0.030816905034591,0.0639968911276511,-0.0050063256225786334,0.01063821110757661,0.023629677638793645,56.44611344253529,0,1.0
2023-11-28,1.9634574058523864,38.92165627618573,-0.1403024187509487,0.074689023356953,34.78055187121375,0.1648352717697747,0.1340183667351837,0.00022554325498491679,0.010438249851244842,0.02231656972180085,63.947336754800375,0,1.0
2023-11-29,1.9556736375064379,38.87477747767352,-0.1439481196951462,-0.0036457009441974,34.86342283079782,0.1521649085398948,-0.0126703632298799,-0.003964317393770678,0.010289111213192354,0.012971063461255206,70.24667281538507,0,1.0
2023-11-30,1.9670515583316264,38.956258959881765,-0.0040273149700524,0.1399208047250937,34.96368435843826,0.1353440930607945,-0.0168208154791003,0.005817903666020641,0.010255044727108273,0.0056540345307771744,67.03153707544764,0,1.0
2023-12-01,1.9742114231442358,38.75765189375821,-0.0546681274758427,-0.0506408125057902,35.05421749999131,0.0912218762591834,-0.0441222168016111,0.003639896871174164,0.008130084269310034,0.007126201323355286,69.91986181106695,0,1.0
2023-12-04,1.9538333334541538,39.19779660438751,0.1076730422379981,0.1623411697138408,35.01437988537819,0.0503190181934627,-0.0409028580657206,-0.01032214151492794,0.008522725374317194,-0.012237872798043337,60.430340196523154,0,1.0
2023-12-05,1.9359822243619367,39.25586450048502,0.0998685135344175,-0.0078045287035806,35.16116160159166,0.0658257477177954,0.0155067295243327,-0.009136454367199454,0.007872594499319242,-0.012204631656176468,51.60068645979853,0,1.0
2023-12-06,1.974486486918095,39.48720017440891,0.2431827602168965,0.143314246682479,35.10311459716867,0.0162990323924461,-0.0495267153253493,0.0198887479810661,0.008583772062000231,0.01098453952637124,55.12906379450538,0,1.0
2023-12-07,1.950607504204396,40.16866655912179,0.3236233182447634,0.0804405580278668,35.59495814167205,0.1935260854312943,0.1772270530388482,-0.012093768618781864,0.008601623135306982,-0.005597755056518716,47.590290463081885,0,1.0
2023-12-08,1.918108077526831,40.04116003320267,0.2617651775725491,-0.0618581406722142,35.74706686642559,0.1953017549446372,0.0017756695133428,-0.016661182020224263,0.008994837977974934,-0.027768135564076202,36.03748378892143,0,1.0
2023-12-11,1.946658630472096,40.80447404000456,0.439091288531884,0.1773261109593349,36.09909607152751,0.3319938247862808,0.1366920698416436,0.014884746735479792,0.009581763084412146,-0.008332098067249327,47.05740704094526,0,1.0
2023-12-12,1.9431196910004682,41.36594682892597,0.3990934232680629,-0.0399978652638211,36.48557726682375,0.2968730417172338,-0.0351207830690469,-0.0018179558635659232,0.009597542854560543,-0.010358113596606877,47.764189270475,0,1.0
2023-12-13,1.9462364686327775,41.16800469383902,0.3756148868787861,-0.0234785363892768,36.489997434605286,0.2476435227265696,-0.0492295189906641,0.0016040070237282045,0.009540220355914834,-0.004825533612905386,46.45072760965678,0,1.0
2023-12-14,1.918192280353017,40.92585435349018,0.0404601044952031,-0.335154782383583,36.41802071921286,0.1063082158951189,-0.1413353068314506,-0.014409445476818883,0.009599875452415677,-0.024838839516768907,38.262128430742756,0,1.0
2023-12-15,1.9288784501781475,41.34457669621379,-0.0071233775707284,-0.0475834820659315,36.71028203040305,0.0749015878597632,-0.0314066280353557,0.005570958623169808,0.009687383002915247,-0.02296257251611311,42.70009783238106,0,1.0
2023-12-18,1.917478181025987,40.682066763888216,-0.1619793099836002,-0.1548559324128717,36.46060729494772,-0.0097967132191953,-0.0846983010789586,-0.005910309771519073,0.009463196757596493,-0.0186070898708105,40.607679794061255,0,1.0
2023-12-19,1.9314810005508423,40.64135321291549,-0.0948337135248991,0.0671455964587011,36.19070164446888,-0.0757730249146533,-0.0659763116954579,0.007302726916747826,0.009478369384417965,-0.0023250336467205424,45.18054556508056,0,1.0
2023-12-20,1.9467932864076762,40.19057759321956,-0.3846663676647424,-0.2898326541398432,35.72454824676406,-0.3285779278796639,-0.2528049029650105,0.007927743453063796,0.009642833521205664,-0.014025520404367997,46.02660151138009,0,1.0
2023-12-21,1.9249154973275595,40.15696715402622,-0.1750332032873345,0.2096331643774078,35.65881618254262,-0.2672637041350327,0.0613142237446311,-0.011237859321205468,0.009888826861725307,-0.013171284751780754,40.85899312442453,0,1.0
2023-12-22,1.9304724883792261,40.26669940488297,-0.1248846026775041,0.0501486006098303,35.38383334100119,-0.2689561011558936,-0.0016923970208608,0.0028868753248554313,0.009807478611937646,0.006446149201528639,45.416216666128165,0,1.0
2023-12-25,1.9337872174798887,39.297039669197474,-0.2978459746740256,-0.1729613719965215,35.296476784636226,-0.1426904873759511,0.1262656137799425,0.0017170558609957975,0.009779577691035416,-0.006612054517789678,49.54324773967322,0,1.0
2023-12-26,1.9348922992672704,37.3139387915339,-0.9476761208307778,-0.6498301461567522,35.0161802245467,-0.214211985998638,-0.0715214986226868,0.0005714598676589411,0.009781614522937465,-0.0042341147440906335,40.242209368354,0,1.0
2023-12-27,1.9559871449720352,36.34795825105989,-1.3062470512743545,-0.3585709304435767,35.0699114469282,-0.1046406313576611,0.1095713546409768,0.01090233586270073,0.010079793880669097,0.005010016252602334,51.34423225465123,0,1.0
2023-12-28,1.9504721452100764,36.80147393671744,-0.8318552441600104,0.474391807114344,35.127643947519644,-0.0562776123721917,0.0483630189854693,-0.0028195480610061496,0.010004699491792121,0.01682827378031093,59.34748537965932,0,1.0
2023-12-29,1.9533927965121587,35.25013766937347,-0.6879337073868115,0.1439215367731989,34.89663792236941,-0.0398474340590979,0.0164301783130937,0.0014974073376308183,0.009970853922997224,0.01270911929766605,52.28297651866462,0,1.0
2024-01-04,1.956661328014279,35.36901045481537,-0.3263159320815063,0.3616177753053051,34.97630756896332,-0.0312012926549698,0.0086461414041281,0.0016732587055487969,0.009705073058026186,0.020434728997712037,54.599236868309944,0,1.0
2024-01-05,1.972178344494696,34.677380889431504,-0.708031015761982,-0.3817150836804757,34.92007074372556,-0.0691910679313494,-0.0379897752763795,0.007930353739941554,0.00959834781421239,0.021070538064960065,58.12632066508902,0,1.0
2024-01-09,1.985340441507392,34.0993427317802,-0.3835983125310918,0.3244327032308902,34.95866611352268,0.0206760637177509,0.0898671316491004,0.006673887810115131,0.008633871709613055,0.019800332869878146,73.1970485775469,0,1.0
2024-01-10,2.0183195636913074,33.135653307506004,-0.7444523824364566,-0.3608540699053648,35.04576688343116,0.0231531048226116,0.0024770411048606,0.016611318388737084,0.008846742766871016,0.04852372298598273,76.77441090893689,0,1.0
2024-01-11,2.0582614448192635,33.36380584755557,-0.4378583472919786,0.306594035144478,35.19494559816192,0.091624951478785,0.0684718466561733,0.01978967149032962,0.008606697458632928,0.06619568898768691,85.99327549565855,0,1.0
2024-01-12,2.0735193377387784,34.214288591047634,0.0383152864224811,0.4761736337144597,35.71351894671807,0.2516176110651358,0.1599926595863507,0.007413000402801018,0.00824412087792694,0.07225827071139124,86.08259120347358,0,1.0
2024-01-15,2.0992805119028524,33.37038915326903,0.0782452819210064,0.0399299954985252,35.35740887974555,0.1038806654381261,-0.1477369456270096,0.012423889035038993,0.008402001795849342,0.08495987745562616,86.78418566164902,0,1.0
2024-01-16,2.085156932713147,33.621655145451854,0.0859497659654309,0.0077044840444244,35.52761510102559,0.1108898342878887,0.0070091688497626,-0.006727818940644115,0.008722584136363301,0.06603815780341371,90.15701813653725,0,1.0
2024-01-17,2.0822434052639798,33.478250177222435,-0.2453461379417305,-0.3312959039071614,35.59127999575372,-0.0407463169881125,-0.1516361512760013,-0.0013972701063685866,0.00774811487387603,0.06755864746774476,88.54496937386023,0,1.0
2024-01-18,2.079982544629956,33.325599860575096,-0.0149297642313115,0.230416373710419,35.03034394673361,-0.1090216443373108,-0.0682753273491982,-0.001085781147539322,0.007825993664665382,0.06480506549621112,87.32876763212826,0,1.0
2024-01-19,2.0969003069973384,33.12803236884619,-0.1645409255352206,-0.149611161303909,35.06099266922341,-0.1555408106007263,-0.0465191662634154,0.008133607856979586,0.00753275597524593,0.07167258685762512,88.27552573852729,0,1.0
2024-01-22,2.127129602579889,32.32654982591093,-0.3839001171038347,-0.2193591915686141,35.01888244471452,-0.1907991836797364,-0.0352583730790101,0.01441618158081992,0.007833526537371615,0.07856858306843151,88.76063423468027,0,1.0
2024-01-23,2.124906107237379,32.739616506746444,-0.1953277846095531,0.1885723324942816,35.056670165992216,0.008775406419538,0.1995745900992744,-0.001045303182191204,0.007905507484030773,0.07029810243729306,90.10402305884428,0,1.0
2024-01-24,2.1136856955029857,32.36378368640804,-0.2547495608127192,-0.0594217762031661,35.044101714777355,-0.0056303181486896,-0.0144057245682276,-0.005280427072131388,0.007379355108399215,0.047250263797306236,85.49811298700219,0,1.0
2024-01-25,2.1139773313495067,32.66867523965007,0.1140418045797133,0.3687913653924326,35.06054388670917,0.0138871473315589,0.0195174654802485,0.0001379750296561788,0.007440528044047395,0.027069392311886542,85.30434883756885,0,1.0
2024-01-26,2.0838708339758716,30.360977314324032,-0.7928797308074671,-0.9069215353871805,34.81439155812848,-0.0807595359545843,-0.0946466832861432,-0.014241636808099534,0.008538112505267632,0.004992235205475204,73.52518016582295,0,1.0
2024-01-29,2.111695583316157,31.56094910735775,-0.2676115263501017,0.5252682044573653,34.84529042360259,-0.066270430391583,0.0144891055630012,0.013352434751052966,0.008760818892122166,0.005913964971765884,75.06530385214408,0,1.0
2024-01-30,2.111685474611915,31.599772553363444,-0.3563008954288733,-0.0886893690787715,34.94426958107229,-0.0387581018789688,0.0275123285126142,-4.787008279771854e-06,0.008674980617737416,0.012722563698958522,71.30835472525798,0,1.0
2024-01-31,2.1547302241464816,31.239853942119503,0.2929588759318235,0.6492597713606969,34.91889332722437,0.034833923031968,0.0735920249109369,0.02038407236876849,0.00926446987791963,0.03481188544012337,71.70903930377105,0,1.0
2024-02-01,2.139078720571247,31.084071122493995,-0.1589593282879171,-0.4519182042197407,34.91123405793068,0.0219812114426929,-0.0128527115892751,-0.007263788013849526,0.009639952681465535,0.02841186148117636,64.72719337745288,0,1.0
2024-02-02,2.1421800938539217,30.6113847371202,-0.3294626054144167,-0.1705032771264996,34.83888214744026,-0.0351291445440153,-0.0571103559867083,0.0014498640245677041,0.009643644537082666,0.021593676487854596,60.72921131533153,0,1.0
2024-02-05,2.1552894272658003,30.71360898538814,-0.1754149855771203,0.1540476198372964,34.677292187552034,-0.0805337132240993,-0.0454045686800839,0.00611962245820985,0.009619037930378946,0.013238415116670676,67.62961898932474,0,1.0
2024-02-06,2.1462046977505334,30.365706696777416,-0.2394548085721943,-0.064039822995074,34.48836153240798,-0.1409575085075687,-0.0604237952834694,-0.004215085640164706,0.009795639520379507,0.010023309002036296,65.59449535630601,0,1.0
2024-02-07,2.1558859754410937,30.395785336889556,-0.0718664667435469,0.1675883418286474,34.17883033205267,-0.2200172717958679,-0.0790597632882992,0.004510882722746468,0.009335231739606912,0.01996525785640313,67.8598893649323,0,1.0
2024-02-08,2.1781615973563118,29.79066459412928,-0.3076481304196186,-0.2357816636760716,33.70673678669945,-0.3235184669508584,-0.1035011951549904,0.010332467565062453,0.008674466457835515,0.03036185159366478,68.65033424928228,0,1.0
2024-02-09,2.1770163835740606,29.47599042502179,-0.2965720905852045,0.011076039834414,33.4784548449166,-0.336635562497122,-0.0131170955462636,-0.0005257708076578105,0.008637226060400944,0.04469833162378589,63.213592129734,0,1.0
2024-02-13,2.2310365850570264,28.7947240232918,-0.5336871045325893,-0.2371150139473847,33.12654722301245,-0.3507610363467535,-0.0141254738496314,0.024813869978451697,0.009759837114626257,0.05651430191157547,72.05836589824507,0,1.0
2024-02-14,2.208838449297926,29.31416860278921,-0.15883199711336,0.3748551074192292,33.25258451496494,-0.151384090578162,0.1993769457685914,-0.009949695987855334,0.00995510835615638,0.046007313046402265,68.91365444752708,0,1.0
2024-02-15,2.218008383836459,29.824583259248044,0.1161976114087508,0.2750296085221109,33.390182274054965,-0.0294241902872158,0.1219599002909461,0.004151473613404066,0.009905298366286345,0.029367091518402333,69.9734433503809,0,1.0
2024-02-16,2.2463292502983183,28.770284777890893,-0.0081464151336305,-0.1243440265423814,32.85713820493004,-0.0898030060274663,-0.0603788157402505,0.012768602079345381,0.010072143268094073,0.05013865487775493,81.40654942045343,0,1.0
2024-02-19,2.255884878945198,29.264774569710585,-0.0164646776928769,-0.0083182625592463,33.18296438906273,-0.0232067086340777,0.0665962973933886,0.004253886043468658,0.010023603212509164,0.05307900368297891,79.99336199875903,0,1.0
2024-02-20,2.248105294101618,28.908091646425756,-0.3054972042740935,-0.2890325265812166,33.092471856094406,-0.0992368059868411,-0.0760300973527634,-0.003448573513741282,0.009812940881839913,0.04306422407201427,77.4886826246579,0,1.0
2024-02-21,2.245243614340253,28.731779147365263,-0.0128352101752113,0.2926619940988821,33.15545605217599,0.099439282415318,0.1986760884021592,-0.001272929594922867,0.009817784628350548,0.04614607203754795,71.76272591231698,0,1.0
2024-02-22,2.2789432365413997,28.541574972463337,-0.2410665324157506,-0.2282313222405392,32.68964382847784,-0.1644401868616327,-0.2638794692769508,0.015009338846755371,0.009985339033355722,0.05707967049376461,80.94303840212692,0,1.0
2024-02-26,2.2942020506151897,28.64496733423229,-0.0877081040644824,0.1533584283512681,32.536322786898054,-0.1853830230654551,-0.0209428362038224,0.006695565659172509,0.009965781349040057,0.05327449230567605,81.91584347315536,0,1.0
2024-02-27,2.2977493664363737,28.570313550396016,-0.0538218656564239,0.0338862384080584,32.584317912432624,-0.1903793799144608,-0.0049963568490056,0.001546208983743469,0.009012302637867415,0.05545800379513133,81.15940400772696,0,1.0
2024-02-28,2.2893054106874526,27.9558336975254,-0.1952470916459745,-0.1414252259895505,32.599723446586495,-0.029973460630444,0.1604059192840168,-0.0036748811129113657,0.008979519940941061,0.0261173779133419,81.38753748221892,0,1.0
2024-02-29,2.292227466196915,27.752649524340956,-0.2974392699637818,-0.1021921783178072,32.60749426366657,0.0237238255895135,0.0536972862199576,0.0012763939209774477,0.008953347349899568,0.037752429076691296,80.8187917843619,0,1.0
2024-03-01,2.325685707969994,26.59509331546788,-0.6584067449760411,-0.3609674750122593,32.748819146062814,0.0548337445433873,0.0311099189538737,0.014596388127479543,0.0084820892797821,0.04854685172437789,81.74182735421513,0,1.0
2024-03-04,2.328791454089136,26.502398684599747,-0.4844783376418888,0.1739284073341522,33.04163718655222,0.1473045799885852,0.0924708354451979,0.0013354109321386254,0.008097858740932986,0.036709758277806426,82.38327129285682,0,1.0
2024-03-05,2.345852213377395,24.97757150664492,-0.9250260058986726,-0.4405476682567837,32.8029297734946,0.0651451699426672,-0.0821594100459179,0.007326014211492371,0.008096039979219634,0.03988117269275904,79.08457463889374,0,1.0
2024-03-06,2.348386676788449,24.270340493782285,-0.7749176072285309,0.1501083986701417,32.723604099973926,-0.0084050153629604,-0.0735501853056277,0.0010804019948915666,0.008124048940156446,0.04460706664849745,89.26099292361607,0,1.0
2024-03-07,2.3330353016818064,24.105625244092344,-0.7989244801691413,-0.0240068729406104,32.383848589738946,-0.2192628656044277,-0.2108578502414673,-0.006536987821629259,0.00826791178742102,0.03910118562673204,81.27429304337264,0,1.0
2024-03-08,2.3380591127014663,23.875577136771117,-0.3673314566246013,0.43159302354454,32.266637817442515,-0.1787639853506917,0.040498880253736,0.0021533369066633057,0.008280259132244318,0.025940038879503913,78.55794472910749,0,1.0
2024-03-11,2.2822113514988804,22.407557028726657,-0.6209278216852105,-0.2535963650606092,32.08630042332686,-0.2124345588823573,-0.0336705735316655,-0.023886376909460383,0.010229731068408493,-0.005226522708884351,56.36227286819722,0,1.0
2024-03-12,2.2684484417574238,25.78458476990049,0.5596531752693856,1.1805809969545962,32.89979030861697,0.1719805729593417,0.384415131841699,-0.006030514979437629,0.01038506057366046,-0.012752010774958134,54.77811207469521,0,1.0
2024-03-13,2.2624684641145616,25.52097336800021,0.548465410409694,-0.0111877648596916,32.75678301234454,0.1633817316340113,-0.0085988413253303,-0.00263615321061883,0.008939987859253202,-0.011722746317553212,53.9872926552082,0,1.0
2024-03-14,2.2685995523751896,25.61846526429671,1.0703027451900198,0.5218373347803258,32.74100409854745,0.2182345584068628,0.0548528267728514,0.002709911036495871,0.0085845531250094,-0.010307839937424235,47.25527281358105,0,1.0
2024-03-15,2.2753675160078375,25.463451496095765,-0.1070444246015718,-1.1773471697915916,32.67135514865102,-0.0761450533219871,-0.2943796117288499,0.0029833222992405872,0.008568597528483084,-0.021635852079977536,44.76636539536749,0,1.0
2024-03-18,2.32397729511542,24.81250939422707,-0.2361546579243842,-0.1291102333228124,32.4271407422717,-0.1098807566909414,-0.0337357033689542,0.02136348469669147,0.00935302913724566,-0.0020672349021475522,55.828431507901925,0,1.0
2024-03-19,2.3509055017586147,26.129317131285084,0.1702839556627964,0.4064386135871807,32.60597387437177,-0.0450100747252264,0.064870681965715,0.011587121225234531,0.009597229780094994,0.002154137567747405,62.649713336814116,0,1.0
2024-03-21,2.3928789825560557,26.309812209228888,0.282120237711041,0.1118362820482445,32.656605700457426,-0.004916482731204,0.0400935919940224,0.017854176089188822,0.010116091023252012,0.018945902822295135,67.81218530944707,0,1.0
2024-03-22,2.4079084781152473,26.469881885320056,0.5524574970309963,0.2703372593199553,32.74819585485719,0.1070183708618373,0.1119348535930413,0.006280925892515166,0.010082282542138698,0.03209260330500241,65.56619607806653,0,1.0
2024-03-25,2.376174098498995,26.171089488396056,0.0139241190369894,-0.5385333779940069,32.6713054542261,0.0217771932847696,-0.0852411775770676,-0.013179229985141316,0.01036266118357051,0.016301976964769427,58.09308272080291,0,1.0
2024-03-26,2.3791091438204615,27.05325634506273,0.2478147119446134,0.233890592907624,32.83868113686438,0.0606918121356514,0.0389146188508817,0.0012351979273406144,0.010308170508139994,0.042457852230882054,55.968371887086285,0,1.0
2024-03-27,2.3947668910626176,27.02999970206412,0.1867059389146845,-0.0611087730299289,32.732079200737445,-0.0053722180399091,-0.0660640301755606,0.00658134885607331,0.010361216961649352,0.055684954958611144,57.94908545698323,0,1.0
2024-03-28,2.355101750363017,27.43328054292232,0.4207303515087588,0.2340244125940742,32.75648909661825,0.0283945474640461,0.0337667655039553,-0.01656325751271781,0.011114107524524172,0.04094345964053403,53.491009816380036,0,1.0
2024-03-29,2.361961362039649,28.940302479681836,0.6290153782063648,0.2082850266976059,33.13793985912334,0.0997529074196563,0.0713583599556102,0.0029126604298836956,0.011118578174187505,0.04115393991271432,53.759603436123044,0,1.0
2024-04-01,2.318737250814441,29.10780564395536,0.692601980630414,0.0635866024240492,33.18538493554459,0.1511019116023817,0.0513490041827253,-0.01830009242313868,0.011514502983397859,0.019060540550695837,55.98277312609185,0,1.0
2024-04-02,2.318276514256563,29.9133840468886,0.8267011679887588,0.1340991873583448,33.27922093903871,0.1742439474734851,0.0231420358711034,-0.00019870149483991462,0.011509641246646257,-0.002453027777353345,58.533467733271095,0,1.0
2024-04-03,2.3088013573434605,29.072629412680108,0.0441089776660952,-0.7825921903226636,33.408180362628784,0.0900801678351399,-0.0841637796383452,-0.004087155632571782,0.011401204315712803,-0.017909756212513783,57.84102022121854,0,1.0
2024-04-04,2.3271666789817083,29.11031159092835,0.0008353156576603,-0.0432736620084348,33.29112239992642,0.035245821460613,-0.0548343463745268,0.007954483212613495,0.011561265693534302,-0.027461607567029533,59.517347715759186,0,1.0
2024-04-05,2.2946234461831247,28.849374257750583,-0.3546699297126707,-0.3555052453703311,33.43055592521529,0.0504449953921906,0.0151991739315775,-0.013984057563433017,0.01188504713109099,-0.047047067179560975,52.88727983669757,0,1.0
2024-04-08,2.318727729624717,28.928693298153785,-0.0479787048421087,0.306691224870562,33.33718157414752,-0.0236662628270778,-0.0741112582192684,0.010504679310972431,0.012136921012180621,-0.024175993211341784,49.15043463502086,0,1.0
2024-04-09,2.3434044133812852,29.330370440301365,0.0733529497910083,0.1213316546331171,33.38001479618049,0.0296307987513557,0.0532970615784336,0.010642337796409551,0.011016016147814953,-0.015007605065919805,48.77714703293738,0,1.0
2024-04-10,2.328141477820441,29.494354783154463,0.214993508467959,0.1416405586769507,33.587515802167744,0.0523199589841496,0.0226891602327938,-0.006513146204594422,0.011033621996948278,-0.027821252035355015,38.439478700123644,0,1.0
2024-04-11,2.330532582399465,29.74679795731461,0.2727015530536079,0.0577080445856488,33.58662787465967,0.0831487668373824,0.0308288078532328,0.0010270443621245295,0.010994173679601048,-0.010432316973041589,35.52939843903877,0,1.0
2024-04-12,2.3392032575647885,28.93290813884019,-0.1324874338203905,-0.4051889868739984,33.337895742286534,-0.0140396846313208,-0.0971884514687033,0.0037204694029191465,0.011002150076281247,-0.009635256884645949,42.433056908634484,0,1.0
2024-04-15,2.3324877563386814,28.821925494984832,-0.2241430960565438,-0.0916556622361532,33.222747128643704,-0.1215895578413466,-0.1075498732100257,-0.0028708498093912294,0.011040966153434903,0.005930169759169823,40.60326398964697,0,1.0
2024-04-16,2.2842991548533256,28.95155626621778,-0.2650805636989446,-0.0409374676424008,33.24617784339409,-0.1134833437551918,0.0081062140861547,-0.02065974466721221,0.011020097148708507,-0.014656301435264085,30.316016198865924,0,1.0
2024-04-17,2.2550610660256876,30.43690274832673,0.5013315364955133,0.7664121001944579,33.6830574273452,0.1150538950195567,0.2285372387747486,-0.012799588340046242,0.010925792744234988,-0.023276273269176917,31.486018793396,0,1.0
2024-04-18,2.2647012616466813,30.473034710476632,0.5503697384972668,0.0490382020017534,33.90861829120499,0.2286237208537613,0.1135698258342046,0.004274915551614633,0.010009078913175712,-0.026841832129686494,32.183964386244895,0,1.0
2024-04-19,2.2187455743351223,30.01186297523612,0.3534355696727793,-0.1969341688244874,33.6065256567165,0.1201159377741376,-0.1085077830796237,-0.02029216307237991,0.010505423277443299,-0.03306767913237252,31.865078971764433,0,1.0
2024-04-22,2.246794505117356,31.03884835265775,0.2006485347770059,-0.1527870348957734,33.87231214847734,0.0630849070440504,-0.0570310307300871,0.012641796836322161,0.010901002555172498,-0.0310227128387357,38.21503925962493,0,1.0
2024-04-23,2.251428507509648,31.515234437069203,0.3473999088641903,0.1467513740871844,34.12202757213535,0.0711364269767855,0.0080515199327351,0.002062494981956542,0.0109184311826291,-0.039248840424827014,40.387722148345354,0,1.0
2024-04-24,2.296485378059244,31.77829142108822,0.588809481950701,0.2414095730865106,33.65897592799679,0.0174834237600975,-0.0536530032166879,0.020012569974711125,0.01188908464759973,-0.013597154667263966,45.28164064973005,0,1.0
2024-04-25,2.250405496874268,32.648145732501206,0.5364324599478181,-0.0523770220028829,32.77491287555075,-0.3657997576422005,-0.3832831814022981,-0.020065392806427496,0.012137659045414804,-0.03438144831371537,43.47169728996188,0,1.0
2024-04-26,2.2715846743077495,34.13137695848481,0.8720475071385394,0.3356150471907213,32.78026852581171,-0.4472530154412126,-0.0814532577990121,0.009411271640999086,0.01236658197192087,-0.028906672833310276,42.97919685073136,0,1.0
2024-04-30,2.3239208811630436,34.21880672089725,0.8135050999363358,-0.0585424072022036,32.73836089195243,-0.3068716786814534,0.1403813367597592,0.023039513977722637,0.012919372794324655,-0.003672848936658646,47.31925605268947,0,1.0
2024-05-01,2.314252818384824,35.09773432032581,0.8165295292748738,0.0030244293385379,32.217608479278155,-0.185768132090871,0.1211035465905823,-0.004160237491984242,0.012955979506841611,0.013112846217124163,48.05917502486123,0,1.0
2024-05-02,2.312850166774651,35.44108156025776,0.4365682005909832,-0.3799613286838905,32.12733235482743,-0.2176453903280872,-0.0318772582372162,-0.000606092644256595,0.012921618585958345,0.025626401705746593,47.522183938938554,0,1.0
2024-05-07,2.327595317812519,35.71319129412721,0.4981281910766526,0.0615599904856694,31.88614950055361,-0.2840704637996083,-0.066425073471521,0.006375316157393174,0.012876273498816633,0.02777145808631154,48.4006212007918,0,1.0
2024-05-08,2.287318581277083,34.93840803373905,-0.0531087621955848,-0.5512369532722374,31.51994826235716,-0.2325534056403349,0.0515170581592734,-0.017304011666980146,0.01308691291592872,0.030906205621394678,44.30329837110126,0,1.0
2024-05-09,2.2865011011181546,35.62680135253818,0.0619065974268053,0.1150153596223901,31.580164989368875,-0.1823891218195115,0.0501642838208233,-0.00035739672016821267,0.0128478249548819,0.01767255345798735,50.31539357687867,0,1.0
2024-05-10,2.2952062724359195,36.2531526258596,0.1799871105774642,0.1180805131506588,31.39165151244277,-0.1648326627036169,0.0175564591158945,0.003807201891793399,0.01262135855705752,0.01944443928832329,56.10952215088408,0,1.0
2024-05-13,2.2925044994207937,35.31574874579607,0.1257802373523375,-0.0542068732251266,31.238231462413083,-0.0939055999813582,0.0709270627222586,-0.0011771373438511645,0.012554074842674241,-0.0017334657021916833,54.32253808007434,0,1.0
2024-05-14,2.3020360571555947,34.889291116443786,-0.245836745364798,-0.3716169827171356,30.605839645435783,-0.324775114644364,-0.2308695146630057,0.004157705137420198,0.012596136905689498,0.02294278091350188,64.60295529415954,0,1.0
2024-05-15,2.3090494137014965,34.42873354458746,-0.60813969375738,-0.3623029483925819,30.411694664615936,-0.3266522826089471,-0.001877167964583,0.0030465884859194325,0.012585038449486906,0.01649277696644269,61.78409261663074,0,1.0
2024-05-16,2.319100484969989,33.63340416828454,-0.5607815258371787,0.0473581679202013,29.97099119504005,-0.422413422457673,-0.0957611398487259,0.004352904363523535,0.012619238220407017,-0.002074251422295448,62.55206356531661,0,1.0
2024-05-17,2.325976870466511,32.87115868479677,-0.672710810549006,-0.1119292847118273,29.806073819049992,-0.2665886087952671,0.1558248136624058,0.002965108903683733,0.011674836076395656,0.005066020440182228,56.37282783317199,0,1.0
2024-05-20,2.342227654798574,32.802409704323466,-0.5421079467546619,0.1306028637943441,29.71004308504433,-0.2338838598572046,0.0327047489380625,0.006986649153051694,0.011278267053003107,0.012701855245941251,72.77837315333807,0,1.0
2024-05-21,2.3361285176548843,33.17721469700372,-0.1520631570936075,0.3900447896610544,29.43362495856864,-0.1791220788237986,0.054761781033406,-0.0026039898944896223,0.011308758871262023,0.0036661011375400676,67.30625052798601,0,1.0
2024-05-22,2.317984951154661,32.824271468785255,-0.0156290720038398,0.1364340850897676,29.246511334364108,-0.1865208282286339,-0.0073987494048353,-0.00776651043087162,0.010336766282076887,0.013407126636664657,48.05101867164544,0,1.0
2024-05-23,2.3374827942431162,33.0786483105702,0.0920795354155785,0.1077086074194184,29.23020894601379,-0.1599447130101765,0.0265761152184573,0.008411548607657249,0.010154412197840726,0.022296815470602693,57.16476277339023,0,1.0
2024-05-24,2.3257860846925427,32.704891804253606,-0.1574409642500356,-0.2495204996656141,29.342587725761447,-0.0303457442690593,0.1295989687411172,-0.005003976747713801,0.010275418471023893,0.01332333944180486,53.751570019525985,0,1.0
2024-05-27,2.3471890812111487,32.890009851338704,0.0219127941844803,0.1793537584345159,28.420641202172437,-0.2752900440638939,-0.2449442997948345,0.00920247853380518,0.009516404705812,0.023853642077549253,55.47114470647308,0,1.0
2024-05-28,2.344525708502982,33.12625619253596,0.0158692939885867,-0.0060435001958936,28.70106556360254,-0.1763811274704174,0.0989089165934764,-0.00113470735250365,0.008138381248579745,0.018457422165614412,70.22150573849595,0,1.0
2024-05-29,2.3461583103133363,33.016134821374365,0.1037476723735864,0.0878783783849996,28.53892730587309,-0.2678868066294484,-0.0915056791590309,0.0006963463034050932,0.007956586133926849,0.016071070801535026,70.96673557274431,0,1.0
2024-05-30,2.3269133485271305,33.774260253367345,0.2947501340095471,0.1910024616359606,28.581364753855052,0.0535745172275419,0.3214613238569903,-0.008202754989553807,0.006461922363146395,0.00336891980652676,60.374936753229484,0,1.0
2024-05-31,2.3637286883638424,34.0063052841933,0.2933496972191136,-0.0014004367904334,28.56370792658821,-0.0457858790047787,-0.0993603962323206,0.01582153450622248,0.007265836411512284,0.016230521625848926,69.05208357318409,0,1.0
2024-06-03,2.38654622943716,33.07029498664684,0.018053388424164,-0.2752963087949496,28.70107580026129,0.0540494981293981,0.0998353771341769,0.009653198011110087,0.007498704531935267,0.018921548700780555,71.10583912773826,0,1.0
2024-06-04,2.376200833808312,33.47457841946594,-0.0998939446338056,-0.1179473330579696,28.994524685313543,0.1377199771528303,0.0836704790234321,-0.004334881722063977,0.007521846880548715,0.017153301220625528,66.49606384527549,0,1.0
2024-06-05,2.341338190875984,33.32249148258953,-0.2279379338679206,-0.1280439892341149,28.992890880934183,0.1430609847819859,0.0053410076291555,-0.01467158938600921,0.007199710309875037,0.010074802129189875,54.869230606117824,0,1.0
2024-06-06,2.3529277703403335,33.52422891612292,0.1513113098253597,0.3792492436932804,29.214977107024296,0.1713004355876677,0.0282394508056818,0.004949980959398914,0.0072372926924482795,0.006607525041577134,55.78190465399898,0,1.0
2024-06-07,2.3489118738649144,33.55980617571791,0.0284092520839891,-0.1229020577413706,29.27817098425814,0.0945487663148689,-0.0767516692727987,-0.0017067657265307234,0.007248100051490609,0.00994321417802646,51.513447489124346,0,1.0
2024-06-10,2.3740497287090636,32.24834576015959,-0.3580485741433108,-0.3864578262272999,29.238719784780784,0.0819429679488656,-0.0126057983660032,0.010701914841439786,0.00752598912534864,0.011443751043718642,57.90465578190326,0,1.0
2024-06-11,2.3697597371491894,32.22963709298599,-0.4315306077123182,-0.0734820335690074,29.248139718793368,0.0110542039230239,-0.0708887640258417,-0.001807035256252587,0.007544802728573091,0.010762956684454483,61.453953637529295,0,1.0
2024-06-12,2.346970248464809,31.787288557436312,-0.590839206093861,-0.1593085983815427,29.30766255798015,0.0098305245740064,-0.0012236793490174,-0.00961679292931028,0.007927858281453249,0.0003460713404987992,52.06874690238366,0,1.0
2024-06-13,2.326813579936084,32.00288996822721,-0.081818597310793,0.509020608783068,29.470610172330908,0.0772967958500387,0.0674662712760323,-0.00858837837501758,0.008151421242091395,-4.287593739127349e-05,50.21607430255422,0,1.0
2024-06-14,2.3312267700572744,31.66871072965074,-0.1869754544450863,-0.1051568571342933,29.56237672952866,0.1047456702450944,0.0274488743950556,0.001896666823352211,0.00813581514890446,-0.013750274499170878,46.38492912145368,0,1.0
2024-06-17,2.2896238485831013,31.50041789547924,-0.0956235539856891,0.0913519004593972,29.493889535771466,0.0620756592637761,-0.0426700109813182,-0.017845935028084403,0.008895973707305844,-0.04061198549542311,39.43032639167477,0,1.0
2024-06-18,2.303707342113664,32.157638619662166,0.0515828838116476,0.1472064377973367,29.974429593596696,0.1679398070885938,0.1058641478248176,0.0061510075287161126,0.009032302146764029,-0.030508150095404085,42.201243085600815,0,1.0
2024-06-19,2.3181258514385563,31.426323829966638,-0.0807956332280355,-0.1323785170396831,29.931895420476344,0.1231728969825631,-0.0447669101060306,0.0062588285678959465,0.008995881659764468,-0.009914133518978296,48.356485009544464,0,1.0
2024-06-20,2.316015327699066,31.276764467613823,-0.0745511426218001,0.0062444906062353,29.88961016331902,0.1319068758491859,0.0087339788666227,-0.000910443985679521,0.008778250625489993,-0.01568787750587375,39.744959306886315,0,1.0
2024-06-21,2.316850089932113,30.69370151091181,-0.4879790362501168,-0.4134278936283166,29.85964961045336,-0.0382599943811108,-0.1701668702302967,0.0003604303577198209,0.008712671843266753,-0.013649632533913159,33.456958083157005,0,1.0
2024-06-24,2.3317993353793987,30.865494919903163,-0.1869429700211604,0.3010360662289564,29.854939594856692,-0.0256519418732175,0.0126080525078933,0.006452400831736149,0.008577854473328416,-0.017796760033598535,39.68629155878163,0,1.0
2024-06-25,2.377539929861621,31.19446943117389,-0.0274316788133113,0.1595112912078491,29.774754585045716,-0.0382851927577689,-0.0126332508845514,0.019616008027886433,0.009657770000720841,0.003283114566623224,58.004533576583604,0,1.0
2024-06-26,2.3944501802420843,31.930776959857816,0.4123584829820004,0.4397901617953117,30.08153154323451,0.0739606442603815,0.1122458370181505,0.007112499002886352,0.009762115498657463,0.02023030833404582,58.9699290543098,0,1.0
2024-06-27,2.3813878257569203,31.791506778064296,0.3086706193870441,-0.1036878635949563,29.63993431984189,-0.0716684250049333,-0.1456290692653148,-0.0054552625871896465,0.009643451457518404,0.02345449858614601,56.7517613938716,0,1.0
2024-06-28,2.4007953928115384,31.4408539196498,0.0821281628253061,-0.226542456561738,29.52451439782069,-0.083413395741676,-0.0117449707367427,0.008149687692490692,0.009172388976170585,0.02984206583753113,55.696152427789436,0,1.0
2024-07-01,2.4123982496084353,31.26562018158174,-0.2217189260920307,-0.3038470889173368,29.13580367247915,-0.3152426235851173,-0.2318292278434413,0.004832921968960013,0.008989530348478087,0.053622083427070866,58.80661044130911,0,1.0
2024-07-02,2.4451370738230382,30.9230953115598,-0.2894704888348265,-0.0677515627427958,28.79336705853138,-0.2821890871035073,0.03305353648161,0.013571069461651764,0.009358644034610128,0.061392230308044304,69.4750900941874,0,1.0
2024-07-03,2.4616518853151867,31.48062626891129,0.0132574497538264,0.302727938588653,28.90007758733595,-0.2081456034949091,0.0740434836085981,0.006754145470596162,0.008609690372019436,0.061914685860374075,77.14246891400227,0,1.0
2024-07-04,2.489941798194281,31.718689138044677,0.1510229854876499,0.1377655357338234,28.88780331309348,-0.0826667864618961,0.125478817033013,0.011492247562645108,0.008827447989441985,0.07509728818073458,79.14698536029738,0,1.0
2024-07-05,2.4798140449486725,32.00955515246679,0.3621532803023299,0.21113029481468,28.667497578836887,-0.0419564932314955,0.0407102932304006,-0.00406746585520712,0.008907301737899406,0.0703385841512667,89.49272057108122,0,1.0
2024-07-08,2.464915113333637,30.784084381766824,-0.2321806290481589,-0.5943339093504889,28.9225493352085,0.007490582624186,0.0494470758556815,-0.00600808421316279,0.00890614253984259,0.05708714979652374,83.3615830013687,0,1.0
2024-07-09,2.4924455167532025,30.34526077679402,-0.4578094537502153,-0.2256288247020563,28.97947495020857,0.030557212371697,0.023066629747511,0.011168905278174934,0.009091255589876964,0.048329613920835124,84.21806147442119,0,1.0
2024-07-10,2.508205926837696,30.29388565143384,-0.5718898336776519,-0.1140803799274365,28.970011449549688,0.1008379569042645,0.0702807445325675,0.006323271653706719,0.008655247563511628,0.04750808663060635,85.80719640840478,0,1.0
2024-07-11,2.5245720621021306,29.07799015706877,-0.568698074899352,0.0031917587782999,28.85958466206984,-0.020988224379554,-0.1218261812838186,0.006525036516865423,0.008204903316318374,0.0601263829421399,86.58364476152505,0,1.0
2024-07-12,2.4802213004209603,28.21190059567897,-0.7111200603716838,-0.1424219854723318,28.73251452107085,-0.082320143045905,-0.061331918666351,-0.017567635460657316,0.009529767077915688,0.03308316395776134,73.68675752526823,0,1.0
2024-07-16,2.4891229438261355,28.592620590893816,-0.5670883535133413,0.1440317068583425,28.97933092607463,0.0031064921749823,0.0854266352208874,0.003589052075177568,0.00815019671716605,0.03180432344873152,70.18048869888787,0,1.0
2024-07-17,2.4933228061759394,27.769766672553736,-0.4360744948383441,0.1310138586749971,28.877383064198696,0.0059328007096155,0.0028263085346331,0.00168728602185797,0.008155576390383659,0.01970676117456338,68.74346743687494,0,1.0
2024-07-18,2.442307845570624,26.424611968231492,-0.5957628758158222,-0.159688380977478,28.799475784639327,0.022320421189498,0.0163876204798825,-0.020460632084602803,0.009789820949470346,-0.007858154054989686,60.09596349256774,0,1.0
2024-07-19,2.4373281168134904,27.223414026954536,-0.4564021879797622,0.13936068783606,28.85956225761297,-0.0399228894872223,-0.0622433106767204,-0.0020389439300885215,0.009814692847371817,-0.021130486431026663,56.35844925537534,1,15.266482014044167
2024-07-22,2.408533176773508,26.162673622472653,-0.535697683360361,-0.0792954953805988,28.87321745721525,-0.0013885356611496,0.0385343538260727,-0.011814141822492186,0.010325292120667705,-0.028744440866589227,49.36527662399385,1,16.990915109880287
2024-07-23,2.4096840273034403,26.645762539933344,0.073716857233947,0.6094145405943081,28.973529729274237,0.058017981544971,0.0594065172061206,0.00047782216206537775,0.010275795863932024,-0.022406891714619848,43.50393892760165,1,6.793938824307354
2024-07-24,2.379011817219537,26.861633758376183,-0.1205934228594465,-0.1943102800933935,29.036741981087395,0.0590599078248068,0.0010419262798357,-0.01272872697680072,0.009842925341617664,-0.0455110046623729,35.604706867657825,0,1.0
2024-07-25,2.2996096606228824,28.38438394447557,0.7405701073343067,0.8611635301937532,29.55375927148186,0.2268472714222014,0.1677873635973945,-0.03337610852620976,0.01220103235507998,-0.08316552639591612,21.856910138710845,0,1.0
2024-07-26,2.2885813446458165,29.812874286869857,1.0557039156455057,0.3151338083111987,30.5716865289026,0.5327189332094555,0.3058716617872541,-0.004795733887323572,0.012191939994901996,-0.09347751288185135,21.798855448782177,0,1.0
2024-07-29,2.338456679968463,29.47781443135245,0.8720602243254163,-0.1836436913200891,30.25808327413777,0.4071137643501252,-0.1256051688593302,0.021793123254863156,0.01313026947863585,-0.057158052964239925,33.09504502044429,0,1.0
2024-07-30,2.3367232079093108,31.71641630594543,1.1106774538232855,0.2386172294978692,30.54777913436457,0.3313399542942399,-0.0757738100558853,-0.0007412889338518358,0.01305369082328777,-0.06122627903729205,27.640932887800204,0,1.0
2024-07-31,2.3667825862919885,31.976787158427207,0.7213042905191216,-0.3893731633041639,30.57891570705165,0.0024097260496844,-0.3289302282445554,0.012863902014980999,0.013011578343172469,-0.05075163936675664,30.49493315595035,0,1.0
2024-08-01,2.280329638238077,32.470828087009124,0.9976712185522238,0.2763669280331022,30.38766186151752,0.043192862459918,0.0407831364102335,-0.036527625543061104,0.01500501879697166,-0.06632178151755574,21.771489550290298,0,1.0
2024-08-02,2.139652709952232,36.24124238759156,1.5082753605487085,0.5106041419964846,31.554992896081156,0.3357379205721891,0.292545058112271,-0.061691487900205844,0.01938633652271383,-0.12213185611235333,17.806666878708796,0,1.0
2024-08-05,1.868765801910343,43.80108045653637,3.941431099369723,2.4331557388210143,35.32546021113245,1.5821815013602674,1.2464435807880785,-0.12660321312047718,0.03292399676586747,-0.22410626520255872,10.782957123144485,0,1.0
2024-08-06,2.0536707460985104,64.08788318098959,10.539018364660151,6.597587265290429,49.64806700519796,6.420135047893481,4.837953546533214,0.09894495286629734,0.041442413132194655,-0.14774272359821672,27.375612743178934,0,1.0
2024-08-07,2.101116462129525,68.00527131427845,10.588009642228968,0.0489912775688168,53.55449922492364,7.333168776280821,0.9130337283873402,0.02310288351779377,0.04182089238410676,-0.11681125460520048,32.37764019068575,0,1.0
2024-08-08,2.073465326822946,67.41092359396401,7.869947712475884,-2.718061929753084,53.1545844339696,5.943041407612384,-1.3901273686684377,-0.013160210680827289,0.04170498462598181,-0.0983403129984598,31.636729183331127,0,1.0
2024-08-09,2.089512937808884,66.77812340219515,0.8967467404018521,-6.973200972074032,52.85173051994363,1.0678878382485593,-4.875153569363825,0.007739512582313868,0.041729083422687406,-0.08698332148108145,33.68997020550785,0,1.0
2024-08-13,2.1558397673456344,66.29954925570334,-0.5685740195250446,-1.4653207599268967,52.71109858966382,-0.2811335450865968,-1.349021383335156,0.031742722591755035,0.04261648848293777,-0.07809292093676568,37.832963608570005,0,1.0
2024-08-14,2.183378245987854,66.35139422566675,-0.353176456099078,0.2153975634259666,52.92857051864002,-0.0753379717765341,0.2057955733100627,0.012773898626114555,0.04277558457763716,-0.06562393072590578,40.594812571648134,0,1.0
2024-08-15,2.197313588156159,66.30177208353682,-0.1587837728861245,0.1943926832129534,52.86850434289748,0.0055912743179575,0.0809292460944917,0.006382468174679579,0.04283076618372325,-0.07160311180138201,44.75169709576304,0,1.0
2024-08-16,2.26789076741799,66.17617173826788,-0.0411258391451383,0.1176579337409862,52.71816255677598,0.002354655704039,-0.0032366186139185,0.03211975734471961,0.04346705048215878,-0.005454856443342204,48.999597089056806,0,1.0
2024-08-19,2.2352595643836355,66.55110109894864,0.066568957760623,0.1076947969057613,53.05165087017351,0.0410267838445008,0.0386721281404618,-0.014388348637930815,0.04354366397439057,0.04468335164239701,44.925737260043235,0,1.0
2024-08-20,2.2580281726089746,66.16640309291091,-0.0451229968753068,-0.1116919546359298,52.896328714619926,0.0092747905741532,-0.0317519932703476,0.010186113768678728,0.04359761930236735,0.20829917280202181,46.208941521177316,0,1.0
2024-08-21,2.2573747705820906,66.03247641491492,-0.0478984411176526,-0.0027754442423457,53.00793432062453,0.0965905879495139,0.0873157973753606,-0.00028936841214388664,0.04359538933843953,0.0991902060593548,44.57570075334557,0,1.0
2024-08-22,2.2621217049135063,65.885689907012,-0.2218037306455471,-0.1739052895278945,53.06361071133249,0.0039866137196611,-0.0926039742298527,0.0021028561111240407,0.043535344162438774,0.07662842383367896,49.017689586913455,0,1.0
2024-08-23,2.272553279423632,65.88433054308746,-0.0940241832744845,0.1277795473710625,53.16429079429331,0.089320693224451,0.0853340795047898,0.004611411705863322,0.04289965425972867,0.09601701558508191,58.342304887618305,0,1.0
2024-08-26,2.2495388283910174,66.0707701850285,0.012764590037861,0.1067887733123456,53.26776088152964,0.0866088536350488,-0.0027118395894021,-0.010127133757872442,0.0429495741505454,0.07658525950547146,84.69942410543261,0,1.0
2024-08-27,2.26403686212117,65.9707507725995,0.0283536218625073,0.0155890318246463,53.44458374907566,0.1269910125810511,0.0403821589460022,0.006444891524954199,0.04267672355374497,0.05018791118634591,77.80660151995161,0,1.0
2024-08-28,2.2777604814242762,66.25754040457991,0.1244032871641422,0.0960496653016349,53.659116386310856,0.1649418640058542,0.037950851424803,0.006061570609874556,0.042703694105446444,0.04322761555853094,75.6344346650755,0,1.0
2024-08-29,2.2800407787189414,66.3325159723147,0.0872485957620767,-0.0371546914020655,53.87209456220992,0.2014445602267542,0.0365026962209,0.0010011137313434837,0.042592217933600796,0.037649241787195864,82.36099024821208,0,1.0
2024-08-30,2.3100065882200265,66.37875850173796,0.1360025763794823,0.0487539806174055,53.94045168430224,0.1652893117421925,-0.0361552484845617,0.013142663842144797,0.041851975787096464,0.01857048029256969,83.09803411090186,0,1.0
2024-09-02,2.312216385884287,66.30130719645146,0.0145889306238444,-0.1214136457556378,53.947245300984974,0.0960429715580488,-0.0692463401841436,0.0009566196371602054,0.03912897263548711,0.03442858392236525,79.06901665378784,0,1.0
2024-09-03,2.323659580481029,66.26950574939329,-0.0210034076404639,-0.0355923382643084,54.2875084288778,0.138471288889292,0.0424283173312431,0.004949015441029214,0.0240626265736338,0.029065805585686055,77.73680034783564,0,1.0
2024-09-04,2.233998498264806,66.31825563941271,-0.0201676207750836,0.0008357868653803,54.22428944109163,0.0946125855964581,-0.0438587032928339,-0.03858615219259531,0.015958868107415407,-0.010355512350860852,55.58191282277647,0,1.0
2024-09-05,2.227656004802694,66.54608713700578,0.0815933135181126,0.1017609342931962,54.752449130944186,0.2684012766530657,0.1737886910566075,-0.0028390768691377577,0.01539784771961623,-0.015236006106988054,42.390459133318856,0,1.0
2024-09-06,2.2021012213668745,66.40836412496432,0.046286125190349,-0.0353071883277635,54.68088434120965,0.1311253041106184,-0.1372759725424472,-0.011471602159725203,0.015308706960370313,-0.031001278911544694,43.55633389518928,0,1.0
2024-09-09,2.1844987150484907,66.51560316450669,0.0657825083646486,0.0194963831742995,54.72219948695155,0.1659700152866463,0.0348447111760279,-0.007993504634386306,0.015462595007783768,-0.02891264312563413,35.41822733665154,0,1.0
2024-09-10,2.178237123607509,66.48908143791188,-0.0190018996979688,-0.0847844080626174,54.7109762693329,-0.0138242872037608,-0.1797943024904071,-0.0028663745132222473,0.01385141508141415,-0.03789679397413859,34.64754727063175,0,1.0
2024-09-11,2.141894780368809,66.31762467430235,-0.030246483553995,-0.0112445838560262,54.66759974946501,-0.0044281972482096,0.0093960899555511,-0.01668429155156037,0.01405446019579868,-0.05964880950542739,29.223331673345754,0,1.0
2024-09-12,2.200529081928688,66.41447402924813,-0.0337097117528486,-0.0034632281988535,54.92457775045098,0.0674594211664683,0.0718876184146779,0.027374968227796392,0.015348475704155465,-0.03487292750743165,39.33083297433332,0,1.0
2024-09-13,2.180692633433622,66.61359165425019,0.0415034054461074,0.075213117198956,55.17433259164692,0.1544521074380043,0.086992686271536,-0.009014399608697654,0.013487145544942916,-0.055979907349981706,39.7046661760781,0,1.0
2024-09-17,2.1613465009612187,66.54211024981316,0.0748285251702611,0.0333251197241537,55.21148543765568,0.1812952293968948,0.0268431219588904,-0.00887155400802253,0.013272380845441818,-0.0652490337167857,34.863055895297094,0,1.0
2024-09-18,2.169073657075394,66.37666966852859,-0.0126014535731684,-0.0874299787434296,55.053582129559786,0.0430014597029355,-0.1382937696939592,0.003575158407381096,0.013043869996764327,-0.06652692360971124,33.69084106113118,0,1.0
2024-09-19,2.2212032567598916,66.2981374081273,-0.1051514153742942,-0.0925499618011258,55.05918405249479,-0.0383828463840458,-0.0813843060869814,0.024033116401766197,0.014279787147417317,-0.005727506761912693,42.32000915473112,0,1.0
2024-09-20,2.248221018639196,66.66758302149104,0.0418242572259544,0.1469756726002486,55.271525673988805,0.0200134121110409,0.0583962584950867,0.012163570261784828,0.014558575985497294,0.009231682895458393,41.8726551755174,0,1.0
2024-09-24,2.266108043792871,66.64864472518016,0.0906583522171899,0.0488340949912355,55.2983477602607,0.0815885435669656,0.0615751314559247,0.007956079498136592,0.014635842794260102,0.029066249001154842,44.175098013279694,0,1.0
2024-09-25,2.2591487991473955,66.58307482220161,0.0949791380247688,0.0043207858075788,55.34668857020388,0.0958348392363745,0.0142462956694089,-0.003071011845413918,0.014463918834822108,0.03417263813645577,41.756916163294996,0,1.0
2024-09-26,2.319638888288125,66.3748445430677,-0.0975794928077817,-0.1925586308325506,55.28751645272796,0.0053302595797148,-0.0905045796566597,0.026775610868818633,0.015588280279123115,0.06491568945736836,61.82448854253771,0,1.0
2024-09-27,2.343742003568214,66.67879683784702,0.0100507042222801,0.1076301970300619,55.37031107338244,0.0239877710405735,0.0186575114608587,0.010390891186462525,0.01568719502691099,0.0942376932094906,65.27881194609307,0,1.0
2024-09-30,2.249070891053816,66.3606207738985,-0.0741513494343593,-0.0842020536566394,55.25421894077207,-0.0308232098105989,-0.0548109808511725,-0.04039314581991804,0.01827940739699663,0.02205915364798683,55.23037728964999,0,1.0
2024-10-01,2.291439515247229,66.70763888752649,0.1109314481529253,0.1850827975872846,55.70854996544189,0.1403445042379729,0.1711677140485719,0.01883827866962462,0.018545949119581337,0.050785186374124436,61.28604323975186,0,1.0
2024-10-02,2.2545564137607967,66.8036742394458,0.0416258005329268,-0.0693056476199984,55.78008176294526,0.1365902298542778,-0.0037542743836951,-0.016096039734416756,0.01887712711353702,0.04312585360937016,57.56541305853686,0,1.0
2024-10-03,2.2849616368961603,66.83160675036153,0.1569953254876708,0.1153695249547439,55.85652040026199,0.2007671531633121,0.0641769233090343,0.013486122125746736,0.019115918084113618,0.053427406415059275,64.35091702295206,0,1.0
2024-10-04,2.2910293864994737,66.97753341104797,0.089964841173824,-0.0670304843138467,55.7143766192526,0.001942217936893,-0.198824935226419,0.0026555148696307818,0.016906692920119294,0.03143617295133927,60.14822273929182,0,1.0
2024-10-07,2.332703518054384,67.08990539132472,0.0954103839596598,0.0054455427858357,55.66080209558511,-0.0397598891200559,-0.0417021070569489,0.01819013400722236,0.017279170890580876,0.03757748847411957,66.24985171915975,0,1.0
2024-10-08,2.297133393495843,67.16817162164925,0.1121882904292306,0.0167779064695707,55.69664631219101,-0.0532913626903237,-0.0135314735702678,-0.015248454972198289,0.017459016321514014,0.013691028452043064,64.02890315981912,0,1.0
2024-10-09,2.3074059040427195,67.40227682817365,0.1415811390419037,0.0293928486126731,55.764755314564525,0.0167928984373233,0.0700842611276471,0.004471882467061761,0.017295444651060633,0.021360746540261655,64.21710316227282,0,1.0
2024-10-10,2.315466055114312,67.39285766826481,0.1009840923133538,-0.0405970467285499,55.71374351573084,0.0176471400485667,0.0008542416112433,0.0034931656616941087,0.017242552418969947,-0.001798914992709344,60.65284970070662,0,1.0
2024-10-11,2.3123692571564907,67.25349993372618,0.028442770692294,-0.0725413216210597,55.61188854511551,-0.0282525890251648,-0.0458997290737315,-0.001337440447887972,0.016642043155545433,-0.013385750805319008,57.66390189794461,0,1.0
2024-10-15,2.3268726240997397,67.27167751417124,-0.0435331046674605,-0.0719758753597545,55.55024795833472,-0.0715024520766007,-0.0432498630514359,0.0062720808531608885,0.015723560442389192,0.03459283269166713,57.318823264508005,0,1.0
2024-10-16,2.29530897601404,67.06130131789888,-0.1105187834553049,-0.0669856787878444,55.44106835317092,-0.0908917208533068,-0.0193892687767061,-0.013564837094557913,0.01593672023683985,0.001688659351933186,54.11163643005956,0,1.0
2024-10-17,2.2908625973657504,67.12197510339314,-0.0438416101110163,0.0666771733442885,55.42552501225835,-0.0621211776190548,0.0287705432342519,-0.0019371590904555536,0.015746335996884412,0.016103470901573935,46.25002107792692,0,1.0
2024-10-18,2.2945069618329224,67.47779093433412,0.0687044733876405,0.1125460834986569,55.42538959229192,-0.0416194553476003,0.0205017222714545,0.0015908262989507982,0.015748989296178267,0.00417745522840729,43.222557362827956,0,1.0
2024-10-21,2.288040819300744,67.2682738447239,0.0689908422749852,0.0002863688873446,55.46581083765882,0.0082474948292983,0.0498669501768986,-0.002818096715214491,0.014981423747843175,-0.0013044648036121265,57.084866600263695,0,1.0
2024-10-22,2.2646235812804285,67.35990755344861,0.0793108166851652,0.01031997441018,55.52941060799371,0.0346285319117996,0.0263810370825012,-0.010234624235188394,0.01498665325341888,-0.029184993398020054,44.76396361895151,0,1.0
2024-10-23,2.256133367450932,67.75048008664078,0.0908963841022227,0.0115855674170575,55.59343353009014,0.056014645932727,0.0213861140209274,-0.003749061830706557,0.014907305640208493,-0.01784834357508336,50.34631220549906,0,1.0
2024-10-24,2.254836405256789,68.05635032054457,0.2626921586068818,0.171795774504659,55.53190142494368,0.02203019576163,-0.033984450171097,-0.0005748606056956707,0.014891689207467463,-0.02278294369179923,42.41444704292158,0,1.0
2024-10-25,2.2408665833706345,67.23818769298622,-0.0405732868208019,-0.3032654454276837,55.49519072070959,-0.011406629094715,-0.033436824856345,-0.006195492432881644,0.01353606650911973,-0.03221790774211741,37.8523870031401,0,1.0
2024-10-28,2.2819729030181244,55.14175480007346,-4.202908428855764,-4.162335142034962,55.51071225804763,-0.027573757347497,-0.0161671282527819,0.01834393888174235,0.01401634045666685,-0.01314511254822015,37.68100544787442,0,1.0
2024-10-29,2.30308907378957,44.46221878538471,-7.864710511719949,-3.6618020828641846,55.48460335693351,-0.0157660226700642,0.0118077346774327,0.009253471302624883,0.01072782674755769,-0.010221251504633377,51.555413319323875,0,1.0
2024-10-30,2.322832558376291,45.09717195809796,-7.38033857829609,0.4843719334238585,55.57508192107433,0.0266304001215758,0.04239642279164,0.008572610070280318,0.010066824152517768,0.011991231964790794,53.83898389852629,0,1.0
2024-10-31,2.3105021554465464,45.584534927048864,-3.185739957674862,4.194598620621228,55.62644985705045,0.0385791996676161,0.0119487995460403,-0.005308347726262208,0.009383730968481418,0.008572996959040458,48.79042158089232,0,1.0
2024-11-01,2.26208443096396,45.7455088654512,0.4277633600221691,3.613503317697031,55.44054229323852,-0.0146870212316585,-0.0532662208992746,-0.020955498512932103,0.010152335926254703,-0.014130500106681931,39.96359890672335,0,1.0
2024-11-05,2.2811577783050354,44.258056208409855,-0.2797052498960397,-0.7074686099182088,55.13323298308758,-0.1472829793289207,-0.1325959580972622,0.008431757488798874,0.010326124429381226,-0.0030082684441846697,41.03919397083038,0,1.0
2024-11-06,2.3300286237884347,43.572704370526736,-0.6706101855073854,-0.3909049356113456,54.88290539165392,-0.2478481551321749,-0.1005651758032541,0.021423702449776094,0.0106489132019249,0.028881198203820624,56.37316386585439,0,1.0
2024-11-07,2.3444693982421962,43.46749169011488,-0.759339058445434,-0.0887288729380486,54.68738896774951,-0.2510511084963411,-0.0032029533641662,0.006197681138475408,0.010098561108323757,0.0391537273751994,59.49183318583222,0,1.0
2024-11-08,2.3456741766169142,41.07593738648107,-1.0607062739762512,-0.3013672155308171,54.38319259470529,-0.2500134627941008,0.0010376457022402,0.0005138810408962247,0.010067094257918534,0.0402857480695058,59.138823010861095,0,1.0
2024-11-11,2.3455962744020584,40.15378725375922,-1.1396390389225104,-0.0789327649462592,54.19741691622377,-0.2284961584767089,0.0215173043173919,-3.321101269404547e-05,0.01004961537633045,0.04673624561525358,60.51986759593114,0,1.0
2024-11-12,2.3464336783007815,39.454853263308095,-1.337546142268934,-0.1979071033464237,53.95487239391608,-0.2441721912778121,-0.0156760328011031,0.00035701109686336885,0.010038719644373636,0.028247826780678054,66.29838061060268,0,1.0
2024-11-13,2.3108390881073806,39.35841345618536,-0.5725079767652375,0.7650381655036966,53.88954190156857,-0.1645502310455739,0.0796219602322381,-0.015169655346567223,0.010553005539002574,0.00336505192352754,59.83630910077687,0,1.0
2024-11-14,2.3121363463836007,39.683085552841206,-0.1569005669726664,0.415607409792571,53.77890466364115,-0.1395040841942005,0.0250461468513734,0.000561379752876956,0.010080094237322722,-0.004604814046591077,60.30274942933153,0,1.0
2024-11-15,2.325418944074331,39.359559125886655,-0.0317647124738158,0.1251358544988505,53.7407977898777,-0.0713582013461291,0.0681458828480714,0.005744729419398631,0.010132031909398502,0.006456080810234965,65.24050313319702,0,1.0
2024-11-18,2.3026340536757286,39.37642935223137,0.0060052986819982,0.0377700111558141,53.834193766511646,-0.0184493783523151,0.0529088229938139,-0.009798187314446483,0.010401567495706355,0.017925777728150072,53.98752798693098,0,1.0
2024-11-19,2.3187258135234314,39.18640507249405,-0.1655601601157172,-0.1715654587977155,53.94911140407304,0.0567355801439646,0.0751849584962798,0.006988413908851632,0.010481242802639458,0.01646884559046602,53.07751970008708,0,1.0
2024-11-20,2.305155734798271,39.12709823610709,-0.0774869632598509,0.0880731968558663,53.96166398899965,0.0736220663739857,0.016886486230021,-0.005852386101890872,0.010284168044572281,-0.010674928512132253,46.43431777620206,0,1.0
2024-11-21,2.2893050437968934,38.71507338105637,-0.2204519903916661,-0.1429650271318152,53.93153983310009,0.0324486888628143,-0.0411733775111713,-0.0068761909497472296,0.010382474299954087,-0.023529568987619598,45.78409638153367,0,1.0
2024-11-22,2.2975703650448738,38.830997952687085,-0.118469039935654,0.1019829504560121,53.86218587713702,-0.0289751756453426,-0.061423864508157,0.0036104062542368087,0.010395872286818932,-0.020507456684124348,58.39934622547264,0,1.0
2024-11-25,2.3210152550220293,39.0235346449867,-0.0345211970401351,0.0839478428955189,53.942467649706586,-0.0063987797643534,0.0225763958809892,0.01020420977474501,0.010445889341162083,-0.010479646326303715,59.24279431195216,0,1.0
2024-11-26,2.294729649885645,39.15571713782239,0.1468812522553406,0.1814024492954757,54.12619034974739,0.0648835055490977,0.0712822853134511,-0.011325046261333016,0.010074433966189714,-0.02203515441040682,40.85654027118271,0,1.0
2024-11-27,2.2728491271356375,36.30722696923236,-0.8412569944849082,-0.9881382467402487,54.489196504197686,0.2090035423535639,0.1441200368044661,-0.009535120074427028,0.010074251994294176,-0.016439898895278637,32.136758087291156,0,1.0
2024-11-28,2.292392450367735,36.55132602837621,-0.8240695388701624,0.0171874556147457,54.61383761804655,0.2237899894466437,0.0147864470930798,0.008598601200039635,0.010075500798899278,-0.008539243823897702,37.82448309968902,0,1.0
2024-11-29,2.283368948457256,36.41634186393652,-0.9131250912952852,-0.0890555524251226,54.91263031155661,0.2621466539364121,0.0383566644897683,-0.003936281463948865,0.010046463530781152,-0.01808276126941666,36.338823086594495,0,1.0
2024-12-02,2.315164879474202,36.43631448191166,0.0430291708930923,0.9561542621883774,55.0867114163665,0.1991716373896039,-0.0629750165468081,0.013925008062507294,0.009317449021159644,0.005441952783800108,43.95680827421132,0,1.0
2024-12-03,2.3511724883900804,36.93136156551299,0.1266785123789304,0.0836493414858381,55.16399899624162,0.1833871260650355,-0.0157845113245684,0.015552935013447566,0.00973499729256049,0.013993321106536838,57.78264525401607,0,1.0
2024-12-04,2.340447876689432,36.449705629925866,0.0111212553297832,-0.1155572570491472,55.28614772959975,0.124505806014362,-0.0588813200506734,-0.0045613887341766635,0.008613489150388943,0.015310090055260073,55.27115801874034,0,1.0
2024-12-05,2.340637982416464,35.16542901710024,-0.4236284882704737,-0.434749743600257,55.430918773286336,0.114735785639958,-0.0097700203744039,8.122621696693422e-05,0.00849933975808698,0.02242293518666827,52.97876523818078,0,1.0
2024-12-06,2.3259194953026467,34.86095458510982,-0.6901356601343878,-0.266507171863914,55.419526862307166,0.0851759553551758,-0.0295598302847821,-0.006288237320075329,0.008611055288890267,0.012338742999594476,54.70617489092978,0,1.0
2024-12-09,2.3307230901109706,35.091153359283204,-0.4528507568808848,0.2372849032535029,55.412289189377056,0.042047153259098,-0.0431288020960778,0.0020652455160314886,0.00862836762267118,0.004182581337169644,52.54067332660272,0,1.0
2024-12-10,2.337694325183411,35.17783693039284,0.0041359710975257,0.4569867279784105,55.37790654371068,-0.0176707431918785,-0.0597178964509765,0.002991018153129632,0.008658694298768477,0.018723197000529712,57.088849802018224,0,1.0
2024-12-11,2.3424165187768002,33.857477724852615,-0.3344922867523934,-0.3386282578499191,55.31114143535507,-0.036128475650706,-0.0184577324588275,0.002020021840545283,0.007910235411901358,0.030608011244827038,62.16050487664087,0,1.0
2024-12-12,2.365380308903101,33.70967172894386,-0.4604938767797861,-0.1260015900273927,55.360309600500685,-0.0173265296254498,0.0188019460252562,0.009803461486128873,0.00816697524258824,0.031839163718959895,64.54678261707474,0,1.0
2024-12-13,2.340118265635092,34.14401064936989,-0.3446087603409822,0.1158851164388039,55.43188234806506,0.0179919347847885,0.0353184644102384,-0.010679907654986609,0.008501747079461218,0.024853327893496147,54.06632953184827,0,1.0
2024-12-16,2.3344525192524945,34.680851485121465,0.2744579200896169,0.6190666804305991,55.42521640706616,0.0380249905703635,0.020033055785575,-0.0024211367715041288,0.008192730452304052,0.008331000504237407,59.269232659879485,0,1.0
2024-12-17,2.32777168024165,33.03125358839752,-0.2261393801821185,-0.5005973002717354,55.35061852903375,-0.003230357155644,-0.0412553477260075,-0.002861844032271743,0.008091406767572718,-0.009952824926279136,63.794575313767176,0,1.0
2024-12-18,2.318466366456,33.1917894253108,-0.3174070746863577,-0.0912676945042392,55.25438085027899,-0.0591671659286845,-0.0559368087730405,-0.003997519973558461,0.008028458348918183,-0.009392010158553399,56.9038885144202,0,1.0
2024-12-19,2.3123674404785026,28.17498582058028,-2.1686218881804,-1.8512148134940425,55.28275612864793,-0.047486759472747,0.0116804064559374,-0.002630586350415909,0.007883023830085219,-0.012078135170982218,57.79904940440339,0,1.0
2024-12-20,2.303718270669033,27.12958006163298,-1.967224508921511,0.2013973792588892,55.35055709025397,-2.047959326034743e-05,0.0474662798794867,-0.0037403959500830197,0.007903217091563462,-0.009545138891716043,46.48367195938938,0,1.0
2024-12-23,2.3265971801522505,26.28732087373756,-2.301489517191083,-0.3342650082695719,55.31352553580402,0.0197148951750136,0.019735374768274,0.009931296623598485,0.007885182923393182,-0.0017702274355224645,41.788246785531356,0,1.0
2024-12-24,2.32692920409623,26.06956674922852,-0.701806357117249,1.599683160073834,55.51960495086608,0.0789496074060451,0.0592347122310314,0.00014270796286175447,0.007409467280553345,-0.004605016563205444,45.14563282478418,0,1.0
2024-12-25,2.337488842535364,26.016195321998,-0.3711282465449983,0.3306781105722507,55.469838651138645,0.039760520294898,-0.0391890871111471,0.004538014487310393,0.007043204323887638,-0.0021036720847620316,48.947563778862296,0,1.0
2024-12-26,2.3697474718382887,24.96949708583048,-0.4392745959690245,-0.0681463494240262,55.49423182141797,0.060235428537986,0.0204749082430879,0.013800548997673578,0.007408571463206549,0.0018462836266752713,63.110211854427945,0,1.0
2024-12-27,2.4024694630204926,24.60402226852331,-0.4885148269017385,-0.049240230932714,55.5606267651268,0.013673938086903,-0.0465614904510829,0.01380821862711823,0.0077541883088447245,0.026644464214067742,68.38986200585933,0,1.0
2024-12-30,2.3864115037707396,25.53923570340337,-0.1589865395315399,0.3295282873701985,55.71272277606876,0.0809613749767024,0.0672874368897993,-0.006683938962355862,0.007532547613944334,0.022257460406555074,61.931292381017265,0,1.0
2025-01-06,2.3584125588606475,25.73173196492884,0.2540782930327836,0.4130648325643236,55.83089868926204,0.1122222892813482,0.0312609143046458,-0.011732655858325947,0.007329868087462847,0.013163180426620125,53.51663457702557,0,1.0
2025-01-07,2.3914502755411213,26.021105482537077,0.4723610713379251,0.2182827783051415,55.70442243071278,0.0479318885286659,-0.0642904007526823,0.014008455202780379,0.007855086333204765,0.03147939092025043,55.48823259557796,0,1.0
2025-01-08,2.3768393465817215,26.300496593484667,0.253753630027095,-0.2186074413108301,55.65473944287108,-0.0193277777325562,-0.0672596662612221,-0.006109652000225618,0.008017958175407307,0.027881341422917538,58.09345171169685,0,1.0
2025-01-09,2.344914608574467,26.222189305968055,0.1634857803464058,-0.0902678496806892,55.6612744895168,-0.0565413999150834,-0.0372136221825272,-0.013431592696059758,0.008495146632495978,0.01788254164146119,52.06666124108012,0,1.0
2025-01-10,2.3216614122965664,26.90810848485573,0.2956676674395559,0.1321818870931501,55.68414891056692,-0.0067578400486141,0.0497835598664693,-0.009916436271441342,0.008791870642101084,-0.0021214535536233647,48.86716020060287,0,1.0
2025-01-14,2.2943895354522117,27.216900381998208,0.3054679295045162,0.0098002620649602,55.67142486520363,0.0055618074441809,0.0123196474927951,-0.011746707207136442,0.009125331302001759,-0.01398395300842703,45.81497620813254,0,1.0
2025-01-15,2.3038639283211553,27.336534165005773,0.3714482863459061,0.0659803568413899,55.62242311213656,-0.0129504591267419,-0.0185122665709229,0.0041293741636057035,0.009172860992465537,-0.014385058701601117,48.539066630729316,0,1.0
2025-01-16,2.2987905542768448,26.773396760858184,-0.0449039079991848,-0.4163521943450909,55.506592303004055,-0.0591855358542972,-0.0462350767275552,-0.002202115316770281,0.00882956694606239,-0.029942818129224724,49.14286965858376,0,1.0
2025-01-17,2.288859165712961,26.827475551034347,-0.1298082769879549,-0.08490436898877,55.464243438676704,-0.0690604755089765,-0.0098749396546793,-0.004320266822658736,0.008588618539263295,-0.047288966230894514,43.12621499011808,0,1.0
2025-01-20,2.320061635977265,26.80204070655683,-0.1781644861496438,-0.0483562091616889,55.475983519486846,-0.0488131975499044,0.0202472779590721,0.01363232423021743,0.009185309356943349,-0.027803196426364862,48.87555994789566,0,1.0
2025-01-21,2.32148174174648,27.18259941535688,0.136400884832895,0.3145653709825389,55.50345994092478,-0.0010441206930877,0.0477690768568166,0.0006120982939390451,0.009166527479499755,-0.015659184384605118,47.29826755836859,0,1.0
2025-01-22,2.3454790193843427,26.4963061901712,-0.1103897869543821,-0.2467906717872772,55.622916108362745,0.0528908898953446,0.0539350105884324,0.010337052067361574,0.009402731967957892,-0.019223170402895673,45.786381155076946,0,1.0
2025-01-23,2.362425409381336,26.07239178953225,-0.2432163056748599,-0.1328265187204778,55.50227108536272,0.0087625219586229,-0.0441283679367217,0.00722512964598665,0.009481270451471785,-0.006064329598512885,42.64438981945508,0,1.0
2025-01-24,2.359752381166355,26.09607981882096,-0.3621731988453049,-0.118956893170445,55.56184291077035,0.0194609899485271,0.0106984679899042,-0.0011314762380923993,0.009428767843259097,0.006327638770994959,44.84978899797751,0,1.0
2025-01-27,2.3637941811347574,26.47979650453665,-0.0055032285448497,0.3566699703004552,55.50886073188778,-0.0380184588249861,-0.0574794487735133,0.001712806818486845,0.009206729821697172,0.01814768019791213,51.14571498490085,0,1.0
2025-01-28,2.359728466138869,25.36258040828534,-0.2366037937489693,-0.2311005652041196,55.3694986960301,-0.044257463110874,-0.0062390042858879,-0.0017199953482991415,0.009223492944211818,0.0284776973033829,42.29629400251518,0,1.0
2025-01-29,2.3766876954107135,24.951097562864028,-0.3816607519856454,-0.145056958236676,55.16463294515166,-0.132403321872907,-0.0881458587620329,0.007186941004103886,0.009299599539120495,0.03160940461558659,49.96358652878045,0,1.0
2025-01-30,2.378392237675581,24.50582391544264,-0.6579908630313369,-0.2763301110456915,55.17163551415258,-0.1124084059117223,0.0199949159611847,0.0007171923632032229,0.008788479457602395,0.03462763636758437,59.40304726038563,0,1.0
2025-01-31,2.383589664990393,24.758368483182597,-0.2014039750342497,0.4565868879970871,55.17253201913208,-0.0656555589660143,0.0467528469457079,0.0021852692051718137,0.008207662212697007,0.04138764878874679,69.35753715549413,0,1.0
2025-02-03,2.3200355800809773,25.010257011826063,0.019719816320677,0.2211237913549268,54.97729011131398,-0.0624476112792251,0.0032079476867892,-0.02666318194061812,0.01003089711641563,-1.1230691410846205e-05,56.53431624442732,0,1.0
2025-02-04,2.3316718286012947,28.628115763327926,1.3740972826284334,1.3543774663077564,55.13524376552645,-0.0121305828753719,0.0503170284038532,0.0050155474425575,0.009816300872956662,0.004389475338775872,57.00793053128767,0,1.0
2025-02-05,2.343080899060537,28.50086186019098,1.247497792336123,-0.1265994902923104,55.12722074482588,-0.0151037581020716,-0.0029731752266997,0.004893085861952695,0.00930431212883354,-0.0010224437328094638,60.81630582722448,0,1.0
2025-02-06,2.3455202608751744,27.07238592227978,0.687376303484573,-0.56012148885155,54.934296608358935,-0.0143311676516759,0.0007725904503956,0.0010410915882654859,0.009233934056559442,-0.007155844344981288,64.36299831537143,0,1.0
2025-02-07,2.3287624439154238,26.4933141877036,-0.7116005252081123,-1.3989768286926854,54.73224337129911,-0.1343334647424541,-0.1200022970907781,-0.007144605501509416,0.008874950135941775,-0.013132707269740806,52.37984356543963,0,1.0
2025-02-10,2.3211468642243487,26.322250823717617,-0.7262036788244508,-0.0146031536163384,54.574839135000445,-0.1841272032751391,-0.0497937385326849,-0.0032702260855215215,0.00861691149255869,-0.018041890977976593,49.91140692482127,0,1.0
2025-02-12,2.3232730542344755,26.06781402634865,-0.3348572986437119,0.3913463801807388,54.52896247186085,-0.1351113788326969,0.0490158244424421,0.0009160083934789398,0.008159557513519525,-0.015448985943727678,43.35653914141598,0,1.0
2025-02-13,2.353075388693796,25.78253207127851,-0.2369273721416931,0.0979299265020188,54.490821196724525,-0.0804740581915268,0.0546373206411701,0.012827736457839745,0.00857556222162625,-0.009934964010000935,47.40251847165332,0,1.0
2025-02-14,2.346402399415194,27.195747977174623,0.2911657178190019,0.528093089960695,54.40515424830505,-0.0565616288984642,0.0239124292930625,-0.0028358586854737577,0.008589536283167984,-0.013450194527901194,46.37194033703737,0,1.0
2025-02-17,2.35582152890747,26.830101909149526,0.2540959609336255,-0.0370697568853763,54.12350776603968,-0.135151568607057,-0.0785899397085927,0.004014285654763805,0.008516596602309773,-0.011649713241660309,47.89483944875564,0,1.0
2025-02-18,2.362830545525857,25.869861430400785,0.029109786374093,-0.2249861745595325,53.99882060532613,-0.1640001971328004,-0.0288486285257434,0.0029751899846324203,0.008035912287288558,0.01844582290560659,50.80656023233898,0,1.0
2025-02-19,2.3488697344432934,25.599867121973038,-0.5319602850671998,-0.5610700714412928,53.76093575057443,-0.2147394992435494,-0.0507393021107489,-0.005908511344158485,0.0081810817170086,0.007375783174562445,42.65259255588976,0,1.0
2025-02-20,2.320596381325465,25.42163046734764,-0.4694904806006299,0.0624698044665699,53.79438513579309,-0.1097075434155172,0.1050319558280321,-0.012037003458827189,0.00831093524346938,-0.009596133767334813,36.61348441386966,0,1.0
2025-02-21,2.3219295609756134,25.3160222839084,-0.1846130488307942,0.2848774317698357,53.93552496165281,-0.0210985478911069,0.0886089955244102,0.000574498719758676,0.008116345563445636,-0.010057768544177392,35.45815137156474,0,1.0
2025-02-25,2.313805338894739,25.008315610610417,-0.1971838371208676,-0.0125707882900734,53.83521589267664,0.0247600473674012,0.0458585952585082,-0.0034989097935688163,0.008138168916036612,-0.0064227697675925954,48.01051573946464,0,1.0
2025-02-26,2.3076466904387742,24.113060365910187,-0.4361900338124869,-0.2390061966916192,52.17652651712597,-0.5392862062223784,-0.5640462535897797,-0.0026616968819452858,0.008121577728672173,-0.005816165273146434,42.05001080121386,0,1.0
2025-02-27,2.324125940484219,23.064809685524672,-0.7504041994612436,-0.3142141656487567,40.325031944288185,-4.536831005788208,-3.99754479956583,0.007141149515531575,0.008329026958950193,0.0003671054713905164,43.93137924647684,0,1.0
2025-02-28,2.2709417120232676,22.12089036375552,-0.9624750822849676,-0.2120708828237241,32.08000841221687,-7.251735826819925,-2.714904821031716,-0.022883539800717778,0.00946232217634299,-0.03490482160714836,31.978609980349745,0,1.0
2025-03-03,2.316583436295638,23.34261697771963,-0.2568144627301834,0.7056606195547843,32.39199514852217,-6.594843789534593,0.6568920372853313,0.020098148724260412,0.010692494393524007,-0.012708375650735904,47.41752041970396,0,1.0
2025-03-04,2.29891828617784,25.00613067337837,0.647106995951237,0.9039214586814204,32.951714684283814,-2.4577724200014543,4.137071369533139,-0.007625518615485549,0.010750949885811711,-0.024154309667090645,45.47924394765551,0,1.0
2025-03-05,2.307071623072927,24.860756202520392,0.9132886129216224,0.2661816169703854,33.12706353476611,0.3490183741830748,2.806790794184529,0.003546597086163894,0.009055178574853948,-0.023598358569772326,46.783865318571245,0,1.0
2025-03-06,2.329950247280637,24.803821426566813,0.4870681496157303,-0.4262204633058921,32.2750967564116,-0.038966130703514,-0.3879845048865888,0.009916737728860259,0.009268729042582866,-0.008054719631840457,45.279690645022306,0,1.0
2025-03-07,2.2885388050150186,25.022357535872104,0.0054089541645723,-0.481659195451158,32.172412763973384,-0.2597673067701507,-0.2208011760666366,-0.017773530706911456,0.00999663903260736,-0.01381436968894001,39.655841024435766,0,1.0
2025-03-10,2.2857108826510775,25.12693449863989,0.0887260987064983,0.083317144541926,32.232788122303745,-0.2980918041541187,-0.038324497383968,-0.0012356890596497694,0.00998357633928881,-0.015598525869715774,37.16396691058704,0,1.0
2025-03-11,2.260345866228707,24.408139412298937,-0.1318940047559529,-0.2206201034624513,31.042692998545437,-0.4108012526220612,-0.1127094484679425,-0.01109721120676066,0.01014437266284571,-0.02310456794587934,32.41855382764305,0,1.0
2025-03-12,2.277011711220631,24.269050785739985,-0.2511022500440418,-0.1192082452880889,30.859083172125004,-0.4377765306161265,-0.0269752779940652,0.007373139323908262,0.010320989683201037,-0.013275420082750289,37.785975574405796,0,1.0
2025-03-13,2.278214422702868,24.18492744339514,-0.3140023517482539,-0.0629001017042121,30.681105635669887,-0.517227495544617,-0.0794509649284904,0.0005281973194559697,0.010317744875348036,-0.01975431579744147,42.0660166858921,0,1.0
2025-03-14,2.2906297706282657,23.95493886436399,-0.1510668493116469,0.162935502436607,30.675469495999664,-0.1224078341819208,0.3948196613626962,0.005449595877225599,0.009924429196682495,0.008669556995127392,44.37405185535253,0,1.0
2025-03-17,2.3154168202471808,23.945538023702117,-0.1078375873459585,0.0432292619656884,30.72008121996206,-0.0463339840543142,0.0760738501276065,0.010821063245029183,0.010276558151869423,-0.0005035933652027813,50.27328408441659,0,1.0
2025-03-18,2.3478114830751218,24.4724921181979,0.095854891600922,0.2036924789468805,30.85091588863066,0.0566034176535907,0.102937401707905,0.013990855790916523,0.010744527344200278,0.021267914214807115,56.25478920915861,0,1.0
2025-03-19,2.357869064998608,25.35160350640374,0.4655548806799174,0.3696999890789954,31.070235779801337,0.1315887612672241,0.0749853436136334,0.004283811539379956,0.01076829648817166,0.022018146908686198,55.36199832764966,0,1.0
2025-03-21,2.363457547518457,25.126623027207863,0.3936950011685809,-0.0718598795113365,30.995135283957342,0.091684687998427,-0.0399040732687971,0.002370141159578232,0.01069006989176417,0.014381122634239851,67.32150135521451,0,1.0
2025-03-24,2.3549730696966833,24.85089256157311,0.1261334811250734,-0.2675615200435075,30.87173227505869,0.0069387954760067,-0.0847458925224202,-0.0035898583542074425,0.010335309892725426,0.029029118726797698,58.349287861343726,0,1.0
2025-03-25,2.361119736024811,24.74108119828079,-0.2035074360409865,-0.3296409171660599,30.767181825394715,-0.1010179848022012,-0.1079567802782079,0.0026100792434620157,0.010343133265385607,0.03299142246996278,64.2416171222213,0,1.0
2025-03-26,2.3761337844885766,24.30167229213161,-0.27498357835875,-0.0714761423177634,30.79300141824764,-0.0673779552365694,0.0336400295656318,0.006358867885727593,0.010357938289415444,0.051225752655746026,65.33080235886061,1,20.849596688842993
2025-03-27,2.375259393337834,23.833962754885683,-0.3389766022291454,-0.0639930238703954,30.917377157566698,0.0152149608359977,0.0825929160725671,-0.00036798902336665495,0.010323460835864218,0.04314764023086015,61.146948609976,1,7.1911569330142155
2025-03-28,2.3229587516428167,23.62159065098089,-0.3731635157666311,-0.0341869135374857,30.91812250053017,0.050313558378491,0.0350985975424933,-0.022018917951323935,0.011478714315529612,0.0196400867688582,58.037354689438274,1,4.961502895854444
2025-03-31,2.2333156327750308,25.409357251195303,0.3692283196878954,0.7423918354545265,29.82640283926363,-0.3221995263280064,-0.3725130847064974,-0.038590060544290594,0.013490433676745761,-0.025021126760923496,41.29473606752561,0,1.0
2025-04-01,2.2393940866081237,30.79980205816496,2.3219464344264296,1.9527181147385344,32.141187028970506,0.4079366238012696,0.730136150129276,0.002721717317466732,0.012607931750917985,-0.032833282100343975,46.280575041804404,0,1.0
2025-04-02,2.2333677359614175,30.829013680906044,2.402474343308384,0.0805279088819546,32.02510475849414,0.3689940859879925,-0.038942537813277,-0.002691063034748864,0.012532204525994904,-0.04874486215724949,41.94802156753449,0,1.0
2025-04-03,2.1611735941078365,30.18638731590049,1.592343354901729,-0.8101309884066552,31.97652592272602,0.7167076944874573,0.3477136084994647,-0.032325237215134583,0.014241903466564478,-0.08342086242642466,32.88903869664274,0,1.0
2025-04-04,2.093187551531528,32.18645472298876,0.4622175549412652,-1.1301257999604637,32.87019294393953,0.2430019716563407,-0.4737057228311165,-0.03145792765637334,0.01521376208656514,-0.11435364949571558,25.169255135372524,0,1.0
2025-04-07,1.9298066878016777,32.72788330761047,0.6329565422348082,0.1707389872935429,32.609703422007684,0.1948662211711891,-0.0481357504851516,-0.07805361904159469,0.02219735194950912,-0.18053980632133781,14.040305599618577,0,1.0
2025-04-08,2.053122369386576,46.34693211627717,5.386848266792228,4.75389172455742,39.44316426772228,2.488879448332085,2.294013227160896,0.06390053592641043,0.02743947282963023,-0.13044546701252013,26.50347872342799,0,1.0
2025-04-09,1.9798023358060086,50.74065925248532,6.184734843165522,0.7978865763732941,42.18999233616121,3.1065997974072275,0.6177203490751424,-0.0357114776370947,0.028267357450782495,-0.16679677351074396,22.61788439650232,0,1.0
2025-04-10,2.149966735424037,52.144301910815074,6.472139534401535,0.2874046912360128,43.38496083076694,3.5917524695864174,0.4851526721791899,0.08595019641127544,0.03493126020676267,-0.09484970717122587,37.514124901311824,0,1.0
2025-04-11,2.072325195464175,58.96203207063779,4.205033318120201,-2.2671062162813342,48.4265042637588,2.9944466653455137,-0.5973058042409036,-0.036112902902448285,0.0357274084635389,-0.10789410530918453,34.70663120790354,0,1.0
2025-04-14,2.090413248093633,59.47610520689919,2.911815318137961,-1.2932179999822395,48.77260153488402,2.194203066240931,-0.8002435991045829,0.008728385230777791,0.035781128001507935,-0.06398664952872457,35.539612207851334,0,1.0
2025-04-15,2.118446702362731,59.5841852945284,2.4799611279044385,-0.4318541902335227,48.73739910061123,1.784146089948088,-0.410056976292843,0.013410484407646805,0.03584205677575358,-0.05400897723570586,36.423905399070335,0,1.0
2025-04-16,2.1057254442046585,59.40724354633163,0.1484038252312842,-2.331557302673154,48.77510783762118,0.116201191287466,-1.6679448986606218,-0.006004993254673074,0.03559684764325099,-0.05715238458113203,35.974834899795724,0,1.0
2025-04-17,2.134410973425247,59.22694639833583,-0.0830529361877978,-0.2314567614190821,48.80281405999706,0.0100708417043478,-0.1061303495831182,0.013622635039879594,0.03578344492153378,-0.012383373901825534,39.94174657681542,0,1.0
2025-04-18,2.161159855309087,59.607604094109966,0.0078062665271971,0.090859202714995,48.56460743605179,-0.0575972215198135,-0.0676680632241613,0.012532207816058127,0.03595580914497727,0.032473107212884766,45.87391117296964,0,1.0
2025-04-21,2.131833165378178,59.88263830884932,0.1584649208392363,0.1506586543120391,48.74351720067523,-0.0105302123153165,0.0470670092044969,-0.01356988464266784,0.03602113684461409,0.10468741706281315,44.00863544126304,0,1.0
2025-04-22,2.131612641582531,59.977685647311375,0.2502464163251829,0.0917814954859466,48.13684111115473,-0.221990982947446,-0.2114607706321294,-0.00010344327090339167,0.0359986310845809,0.03822970971740269,44.295133260614804,0,1.0
2025-04-23,2.1802270558032415,60.05195487957555,0.1481169284885197,-0.1021294878366632,48.00397739968665,-0.18687667878838,0.035114304159066,0.022806401722509362,0.036444599699196535,0.10123471236113923,51.097236943065255,0,1.0
2025-04-24,2.1914920545407135,60.72418060794728,0.2805140996993174,0.1323971712107976,48.16058457508677,-0.1943108751961517,-0.0074341964077717,0.005166892460804595,0.036491951340817376,0.019314400745129134,56.056766147116946,0,1.0
2025-04-25,2.2249090580122566,59.87061474192792,-0.0356903017944887,-0.3162044014938061,47.72863460990294,-0.136068833750599,0.0582420414455526,0.015248516827749414,0.0364420972916183,0.07362930435920556,71.6489600785319,0,1.0
2025-04-28,2.2464217175883396,60.1394008846465,0.0291486683569957,0.0648389701514844,47.875635298849005,-0.0427807002792093,0.0932881334713897,0.009669006244822587,0.03544283784081316,0.07463044430902821,66.67065123750974,0,1.0
2025-04-30,2.259439592110125,60.36617574003788,-0.1193349559698049,-0.1484836243268006,47.55242177646154,-0.2027209328750743,-0.1599402325958649,0.005794937976187686,0.035457872656677214,0.06655484397608058,76.91629004678036,0,1.0
2025-05-01,2.2830198603034386,60.4720933767948,0.200492878288955,0.3198278342587599,47.23870466718272,-0.1633099809067459,0.0394109519683283,0.01043633486624529,0.03550664003118762,0.08419635930540093,67.8416071779704,0,1.0
2025-05-02,2.2947362761767445,60.30954021779678,0.0567131110500938,-0.1437797672388612,46.95919846202479,-0.3054789456080655,-0.1421689647013195,0.005131981581513179,0.03459380159022306,0.07511454202009271,86.22943674063907,0,1.0
2025-05-07,2.2964533705961294,60.21391652598591,-0.0507530713506483,-0.1074661824007421,46.85208185772713,-0.2334466395781476,0.0720323060299179,0.0007482752755560984,0.03361319146314522,0.06260227116225647,85.45361049068535,0,1.0
2025-05-08,2.291014634399538,59.98557518071699,-0.1621727320259367,-0.1114196606752884,46.63824357322427,-0.2001536979861384,0.0332929415920091,-0.0023683198911109704,0.02744361382496172,0.07466882099712602,82.1976304029736,0,1.0
2025-05-09,2.3164455057387565,59.5871859427921,-0.2407847583348967,-0.07861202630896,46.599898547946026,-0.1197666380262632,0.0803870599598752,0.01110026577629597,0.024232439922829332,0.08671034340413919,87.53582049478979,0,1.0
2025-05-12,2.316931847881244,59.59979237656981,-0.2047080498053688,0.0360767085295279,46.526361286965006,-0.108573523587367,0.0111931144388961,0.0002099519031562025,0.022198756083101238,0.0627020895434387,86.143781730062,0,1.0
2025-05-13,2.3492343826805744,59.7675878432928,-0.0726624458080564,0.1320456039973123,46.33245691377972,-0.1019288864815308,0.0066446371058361,0.013941944312634735,0.012732024883780304,0.07197942051079909,86.4419940627116,0,1.0
2025-05-14,2.3391983017348124,59.239770350216176,-0.1158051975253044,-0.043142751717248,46.09045593507443,-0.1698142042905175,-0.0678853178089866,-0.0042720645584586325,0.008752733102876206,0.051368051791142566,93.42619540994494,0,1.0
2025-05-15,2.3138105030385194,58.86356768430792,-0.2454082307539664,-0.1296030332286619,45.94540043709755,-0.1936536166224911,-0.0238394123319736,-0.010853204996542853,0.009507273238108661,0.0299982790063682,84.51722607766996,0,1.0
2025-05-16,2.3157294247249247,58.769933261251225,-0.3325515273471922,-0.0871432965932257,45.83328663464758,-0.1663900930440434,0.0272635235784477,0.0008293339855987014,0.00934556460747202,0.0249131832563092,81.18903135422329,0,1.0
2025-05-19,2.3111376423438217,58.725963161488544,-0.1712690629092108,0.1612824644379813,45.79008594246679,-0.1001233308692235,0.0662667621748198,-0.001982866535302774,0.00914873854134895,0.012316047936896224,78.41203906380048,0,1.0
2025-05-20,2.3147238493303344,59.35272551825933,0.1630526113171342,0.334321674226345,45.7317817028102,-0.0712062447624433,0.0289170861067802,0.0015517063634842287,0.00892485944077675,0.008710183109534197,74.84866320785852,0,1.0
2025-05-21,2.305510017264481,59.38202687592879,0.2040312048925159,0.0409785935753816,45.59164219308673,-0.0805481471869526,-0.0093419024245093,-0.003980531875765303,0.008867439616095214,0.003943753783252513,67.54145280936268,0,1.0
2025-05-22,2.289239272786594,59.5050810831935,0.25970597390166,0.0556747690091441,45.45000348008792,-0.1133608207929555,-0.0328126736060028,-0.007057329769138199,0.008318910114845821,-0.000774923733042554,58.67896435929207,0,1.0
2025-05-23,2.3064554368508903,59.44195504285543,0.0297431748653593,-0.2299627990363006,45.41541280043113,-0.1054563007930227,0.0079045199999328,0.007520473839914388,0.008314907032469529,-0.004312671661438561,57.08822112260189,0,1.0
2025-05-26,2.3203509808270875,59.22857724469617,-0.0511498770775347,-0.080893051942894,45.44199613197918,-0.0498820203691821,0.0555742804238406,0.0060246314557759195,0.007068654359959868,0.0014757158044893526,57.64651583562135,0,1.0
2025-05-27,2.335029846938485,59.39168185780041,-0.0377997417976985,0.0133501352798361,45.61545336080418,0.0551499602387508,0.1050319806079329,0.006326140412673764,0.007090841653187903,-0.006046453196330792,60.68870329905025,0,1.0
2025-05-28,2.334100390880346,59.57673111908616,0.0449253587435691,0.0827251005412677,45.863446095519336,0.1493444316960719,0.094194471457321,-0.00039804889832895096,0.006532868854568699,-0.0021793410377758393,62.244087866655356,0,1.0
2025-05-29,2.376520161919334,59.65905603707274,0.143492930792199,0.0985675720486298,45.99927445779716,0.1857594419393251,0.0364150102432532,0.018173927396065714,0.007265396990815976,0.027102331326815055,65.56870277780256,0,1.0
2025-05-30,2.3641767789164163,59.937781035233584,0.1820330591443948,0.0385401283521957,46.26387885745669,0.2161418322174952,0.0303823902781701,-0.005193889452614231,0.007443800267342347,0.02092099088702759,61.534909036035856,0,1.0
2025-06-02,2.3367365082993787,59.96615401425882,0.1298076317242191,-0.0522254274201756,46.39672979455428,0.1777612330116511,-0.0383805992058441,-0.01160669153920646,0.0077982762792505565,0.011076305230179218,46.8744190433946,0,1.0
2025-06-03,2.328814259590659,59.94443388587645,0.0951259496012326,-0.0346816821229865,46.62438881433058,0.2083714521778077,0.0306102191661565,-0.0033903046751665444,0.007804508088216835,0.0060872964454923295,47.375314643524824,0,1.0
2025-06-04,2.3400605516185697,60.059043848453385,0.0404209377399311,-0.0547050118613015,46.763720278608446,0.166613807050588,-0.0417576451272196,0.004829192358984935,0.007857184845860057,0.014986069934791901,57.145846020404036,0,1.0
2025-06-05,2.3117880929298558,60.07031693298726,0.0347209729094828,-0.0056999648304483,46.78768553110172,0.130318578849149,-0.036295228201439,-0.012081934661544724,0.00835862874512208,0.009849918447281336,49.06170839561279,0,1.0
2025-06-06,2.3258152004778303,59.95408811881748,0.0032180776470127,-0.03150289526247,46.77599238972881,0.0505345251327398,-0.0797840537164091,0.0060676441715716845,0.008093785205156261,0.008393729754160306,53.34398097065191,0,1.0
2025-06-09,2.3413515102411435,60.050919120769166,-0.002708242561404,-0.0059263202084167,46.939244973613214,0.0585082316682559,0.0079737065355161,0.00667994162224117,0.008221117062802223,0.009050583117632627,55.753290526018844,0,1.0
2025-06-10,2.343387816536174,59.987637524223246,-0.0275598029213455,-0.0248515603599415,47.03112349323348,0.0811459873772548,0.0226377557089989,0.0008697140459787978,0.007596847852291149,0.0035793844813791775,58.446008068215406,0,1.0
2025-06-11,2.342413351684374,60.050448166802965,0.0321200159951615,0.059679818916507,47.05641021648182,0.0934726089176791,0.0123266215404242,-0.0004158359298975789,0.007533987622919052,0.003561526674905613,62.724807196336634,0,1.0
2025-06-12,2.333109564827552,60.17031185192317,0.0397975770513454,0.0076775610561838,47.06130727294436,0.0406874331103779,-0.0527851758073012,-0.00397188090228906,0.007155266051889309,-0.018266454367768747,56.62951378627197,0,1.0
2025-06-13,2.307970492462666,60.43767088163112,0.1500111191359465,0.1102135420846011,47.21531003992142,0.0613955155626371,0.0207080824522591,-0.010774921479842492,0.007579894076545224,-0.023774147075208085,47.083784712135866,0,1.0
2025-06-16,2.3258890351874375,60.41355500152278,0.1210356115732693,-0.0289755075626771,47.21837885362616,0.0539895457147849,-0.0074059698478521,0.007763765950773438,0.00776624001591303,-0.0046421464608501495,47.879255206779156,0,1.0
2025-06-17,2.3324370775591086,60.374532527501614,0.0680735585261516,-0.0529620530471177,47.24201481267215,0.0602358465759351,0.0062463008611501,0.0028152857993688496,0.007781682324259745,0.0015556491693271557,49.62390269582876,0,1.0
2025-06-18,2.353465147417613,60.48775056511157,0.0166932278268205,-0.051380330699331,47.23209270130913,0.0055942204625694,-0.0546416261133657,0.00901549287687975,0.00793682545633402,0.005728311513038209,44.228638441103534,0,1.0
2025-06-19,2.334986658824165,60.287290630046,-0.0420881238256001,-0.0587813516524207,47.25153933477445,0.0110534937160906,0.0054592732535212,-0.007851609195795528,0.007981440947948176,0.010034901540178831,42.91059578824209,0,1.0
2025-06-20,2.316482398943835,59.04397113691863,-0.4435204635276548,-0.4014323397020547,47.30306899779899,0.0203513950422831,0.0092979013261924,-0.007924781844213191,0.008066145779263616,-0.004012701237861904,44.857678162912165,0,1.0
2025-06-23,2.3085648097357665,59.14937837498832,-0.4461240633744125,-0.0026035998467577,47.32294694310653,0.0302847472658029,0.0099333522235198,-0.003417936269094257,0.007986169063639236,-0.014003322594649759,44.858739522486815,0,1.0
2025-06-24,2.328461170194066,59.30024692833433,-0.3290145672372304,0.1171094961371821,47.310631603800246,0.0196974230085871,-0.0105873242572158,0.008618497680633386,0.008100757773089011,-0.006369686757257131,47.178876123300824,0,1.0
2025-06-25,2.3274332576982957,58.96017277509442,-0.027932787274743,0.3010817799624874,47.18247239249041,-0.0401988684361924,-0.0598962914447795,-0.0004414557171612543,0.008100844902033518,-0.006395153944672716,54.38642149809744,0,1.0
2025-06-26,2.348849474839744,59.69662191962601,0.182414514879234,0.210347302153977,46.92755177553602,-0.1317983891901661,-0.0915995207539737,0.009201646092583449,0.007237314992386462,0.0067463226971749,56.20116352588963,0,1.0
2025-06-27,2.383782903004219,51.85619887797381,-2.481349350120162,-2.663763864999396,46.859071238835895,-0.1505201216547789,-0.0187217324646127,0.014872569970393101,0.007919908862532446,0.03284808483866675,60.34293756827792,0,1.0
2025-06-30,2.3946016478324506,48.07433535860668,-3.6286124721625863,-1.1472631220424248,46.89106713921993,-0.097135084423499,0.0533850372312798,0.004538477398506879,0.007435068156245319,0.02954251540184738,61.97116386549623,0,1.0
2025-07-01,2.3708068602223293,45.246869105795,-4.8165842712770015,-1.1879717991144148,46.8854962398771,-0.0140185118862987,0.0831165725372002,-0.009936845918259385,0.007785938037375447,0.016450511369582088,55.9971427285718,0,1.0
2025-07-02,2.365439983301932,28.56329537559843,-7.764301167458463,-2.9477168961814613,46.82699120695169,-0.0106933439614067,0.003325167924892,-0.002263734347341062,0.007760133340962384,0.005088172177717842,56.94416463605574,0,1.0
2025-07-03,2.36830741251242,23.22301331671305,-8.283774013964546,-0.5194728465060834,46.7805515412135,-0.0368385326688098,-0.0261451887074031,0.0012122181204043958,0.007166179243896135,0.014270211593000903,64.33066969796909,0,1.0
2025-07-04,2.3673145840308223,23.11239059268042,-7.378159504371528,0.9056145095930184,46.7006178868766,-0.0616261176668331,-0.0247875849980232,-0.00041921436227077,0.007082142124331485,0.02194369579935662,60.69924255420665,0,1.0
2025-07-07,2.3529156785451533,23.01335802933214,-1.8499791154220944,5.528180388949433,46.62016969585587,-0.0689405036985988,-0.0073143860317657,-0.006082379411168959,0.007109653352390851,0.01921144627274418,55.08300436878347,0,1.0
2025-07-08,2.3527133411629158,23.260585896674087,0.012524193320349,1.8625033087424436,46.6084585745171,-0.0573643222321393,0.0115761814664594,-8.599431933853374e-05,0.007108624587732069,0.010415535925311747,49.791877362938344,0,1.0
2025-07-09,2.3603216702176555,22.692869115224667,-0.1398404924852521,-0.1523646858056011,46.54301567019887,-0.0525340722259102,0.0048302500062291,0.0032338529822673046,0.0071381576265777905,0.014130765043670834,57.46262369950854,0,1.0
2025-07-10,2.34704950616955,22.688694967645205,-0.1082210205623113,0.0316194719229407,46.56649023940011,-0.0178931521519274,0.0346409200739827,-0.005623031900936493,0.007200718285823094,-0.0007663192935412066,59.29012845623116,0,1.0
2025-07-11,2.3528461797436413,21.527734812836755,-0.5776170279457773,-0.469396007383466,46.58193969491099,-0.0088396265353623,0.0090535256165651,0.0024697704751663885,0.006719349812703626,-0.012977995278676158,63.63401483149885,0,1.0
2025-07-14,2.350164117613365,21.504437728018942,-0.3961437957352416,0.1814732322105356,46.50590055699445,-0.0123717044014739,-0.0035320778661116,-0.0011399224281496423,0.006539107484156557,-0.018557378952490655,57.47456339614064,0,1.0
2025-07-15,2.353454262426266,19.784109833103585,-0.9681950448472064,-0.5720512491119649,46.60188186054825,0.0117972070493834,0.0241689114508574,0.001399963852840358,0.0065208159624541556,-0.007319279392685729,58.82421351108165,0,1.0
2025-07-16,2.3469645211196446,19.88220572682299,-0.5485096953379234,0.4196853495092831,46.51590208253731,-0.0220125374578969,-0.0338097445072804,-0.0027575387421938657,0.006233746758407835,-0.007810581673054151,49.28877428941364,0,1.0
2025-07-17,2.3653189412485034,19.394403052933196,-0.7033448916952487,-0.1548351963573253,46.591914451071005,0.0286712980255146,0.0506838354834116,0.007820493221645464,0.006195589631448335,-0.0012618595238640395,42.0369642951718,0,1.0
2025-07-18,2.361706994560554,19.58970728479686,-0.0648008494355778,0.6385440422596709,46.57040815196531,-0.0104912361943121,-0.0391625342198267,-0.0015270442497038461,0.005886253636781005,-0.002368755512298648,34.87305129341783,0,1.0
2025-07-22,2.362641075051611,19.984123683601943,0.0339726522596528,0.0987735016952306,46.47048503804228,-0.015139014831675,-0.0046477786373628,0.000395510744223726,0.005797262124467957,0.0041333383066541884,45.24514900565807,0,1.0
2025-07-23,2.4563225447407646,20.573944131018926,0.3931803593619101,0.3592077071022572,46.274779100578016,-0.1057117834976608,-0.0905727686659858,0.039651164401730776,0.010299358459148268,0.04403817573739621,76.08831096404958,0,1.0
2025-07-24,2.502946539037564,26.535928168973705,2.3154069613922807,1.9222266020303709,46.63991288475377,0.0231682442628198,0.1288800277604807,0.01898121824294874,0.010884076108462664,0.06042603032439908,80.88916307957638,0,1.0
2025-07-25,2.475443448598025,28.21668547393808,2.744187263445383,0.4287803020531022,46.79402700020064,0.1078473207194505,0.0846790764566307,-0.010988285211283366,0.011275908951215613,0.054704403162768145,72.11682304588277,0,1.0
2025-07-28,2.457877697370444,28.7260638237236,2.7173732309015577,-0.0268140325438253,46.89443232749353,0.2065510756385151,0.0987037549190645,-0.00709600182445258,0.011095018190007614,0.04464019727725965,71.1944970869088,0,1.0
2025-07-29,2.4355327665180213,28.1378756612665,0.5339824974309302,-2.1833907334706275,46.85777837650039,0.0726218305822001,-0.1339292450563149,-0.00909114838233338,0.011320616056253473,0.036324547832578435,65.35064393486189,0,1.0
2025-07-30,2.4404669899173377,28.922678563532912,0.2353310298649447,-0.2986514675659855,46.7693711292502,-0.0082186236501513,-0.0808404542323515,0.002025931848320228,0.01102977455751513,0.03697234693712148,65.00372761427292,0,1.0
2025-07-31,2.4581337281582663,28.29744465832603,-0.1428730551325223,-0.378204084997467,46.46738438952369,-0.1423493126566128,-0.1341306890064615,0.007239081009461579,0.011063474087303576,0.04736722947374905,70.45906177343007,0,1.0
2025-08-01,2.45970357814291,28.385023886724404,0.0823827418192983,0.2252557969518207,46.37797313771563,-0.1599350795949163,-0.0175857669383034,0.0006386348987694745,0.011066314723318748,0.03990355602724227,69.9918468330263,0,1.0
2025-08-04,2.4280631712468295,27.784522275438945,-0.3793854293646568,-0.4617681711839552,46.01502329975621,-0.2514492764979934,-0.091514196903077,-0.012863504032453177,0.011546115528910697,0.028096701597236873,63.149260032032956,0,1.0
2025-08-05,2.4432946511067706,28.6086042484363,0.1037198633700917,0.4831052927347485,46.067220222820936,-0.1333880555675932,0.1180612209304001,0.006273098674001831,0.011458850643976417,0.03413704134192175,64.57727885497502,0,1.0
2025-08-06,2.4709192576554755,28.713957539644117,0.1096445509732362,0.0059246876031444,45.96652343040117,-0.1371499024381464,-0.0037618468705531,0.011306293547604485,0.011634240505323431,0.005942506592207852,68.8216875815557,0,1.0
2025-08-07,2.486298454761118,29.334209455219977,0.5165623932603474,0.4069178422871111,45.91394675352476,-0.0336921820771536,0.1034577203609927,0.006224079179436792,0.011663109685069221,-0.006651394273425981,68.53741210430537,0,1.0
2025-08-08,2.518050518491863,29.56744769837813,0.3196144833139414,-0.1969479099464059,45.91149135246465,-0.0519096234520972,-0.0182174413749436,0.01277081746559472,0.011700163092540196,0.017211893860055172,72.05426625368526,0,1.0
2025-08-12,2.562804730254966,29.62721414513916,0.3044188684983488,-0.0151956148155925,45.908097461281045,-0.0194753230400408,0.0324343004120564,0.01777335737882968,0.012116296902462513,0.04269009519748601,75.12901335642991,0,1.0
2025-08-13,2.58533040972172,29.748434631646653,0.1380750588088908,-0.166343809689458,45.8819416593296,-0.010668364731714,0.0088069583083267,0.008789463824859123,0.01208281156977908,0.061505082281384515,69.71896463548975,0,1.0
2025-08-14,2.551403220618143,29.64515752485905,0.0259032754936363,-0.1121717833152544,45.81417470793652,-0.0324388815093854,-0.0217705167776713,-0.013122960599542433,0.012720520492361713,0.04545696834217905,57.705739326377255,0,1.0
2025-08-15,2.6022660607826964,29.88731484117005,0.0867002320102976,0.0607969565166612,45.95236323612265,0.0147552582805303,0.0471941397899158,0.019935241812633064,0.013081520915404115,0.05863486228327375,68.77300675563205,0,1.0
2025-08-18,2.6137690484560214,30.38085134501136,0.2108055711215684,0.1241053391112707,46.13114467453889,0.0830676717364369,0.0683124134559065,0.004420373399430577,0.013068536856415914,0.06263578736972497,73.49768489508241,0,1.0
2025-08-19,2.6095654898912053,29.62446030927167,-0.0068990718624597,-0.2177046429840281,46.02836454587491,0.0713966126461329,-0.0116710590903039,-0.001608236415263753,0.013070711931467463,0.07475189311123764,77.74977363224875,0,1.0
2025-08-20,2.592594900990252,29.70643219446859,-0.0602942155671542,-0.0533951437046944,46.02800991662151,0.0252155601662877,-0.0461810524798451,-0.006503223991386031,0.013290105246380421,0.06110611743690053,73.36034794936037,0,1.0
2025-08-21,2.572362161859764,29.11504149605969,-0.4219366163172182,-0.361642400750064,46.16981466342989,0.0128899962969981,-0.0123255638692896,-0.0078040495731747095,0.01071561401824396,0.04105472240341124,67.40345832569457,0,1.0
2025-08-22,2.5871828269914845,29.143834595905183,-0.1602085711221619,0.2617280451950563,45.77156729243802,-0.0855990844789644,-0.0984890807759626,0.005761500208433246,0.010021983702432834,0.04057613117088921,68.66852878676984,0,1.0
2025-08-25,2.591429780627291,28.985897233928945,-0.2401783201798828,-0.0799697490577209,45.85433942424292,-0.0578901641261921,0.0277089203527722,0.0016415359562143017,0.009567754460757104,0.029141298634221657,76.01091181349213,0,1.0
2025-08-26,2.558566315086966,27.95765017153861,-0.3857971081736941,-0.1456187879938113,46.09254374021481,-0.0257569744050272,0.0321331897211649,-0.012681596000015727,0.009932129533530254,-0.0016538190046099244,67.37763360517044,0,1.0
2025-08-27,2.5584778820044973,28.814982211675243,-0.1096174614099787,0.2761796467637154,46.50225007875113,0.2435609287710392,0.2693179031760664,-3.456352956243691e-05,0.00959797936237596,-0.010386497453574228,64.39490668218171,0,1.0
2025-08-28,2.5793401334672814,28.880563392653727,-0.0351112804250739,0.0745061809849048,46.65469952081882,0.266786698858624,0.0232257700875848,0.008154165259556256,0.009679220665982398,0.010949626708697924,65.0254495420769,0,1.0
2025-08-29,2.56606376719259,29.04382945830196,0.3620597622544501,0.3971710426795241,46.738250767746536,0.2152356758439069,-0.0515510230147171,-0.005147194859037252,0.009777050953159333,-0.01391183404944285,58.24579070098886,0,1.0
2025-09-01,2.552017818462701,29.334785983598717,0.1732679239744925,-0.1887918382799576,46.87621371827329,0.1246545465073936,-0.0905811293365133,-0.005473733314607432,0.009922746670257014,-0.023625358189086176,47.92901632094496,0,1.0
2025-09-02,2.5677386328592076,29.14106408884851,0.0868335653982619,-0.0864343585762306,46.712947834467926,0.0194161045496983,-0.1052384419576952,0.006160150717903878,0.00932797093644307,-0.01602828409328083,46.53192890872199,0,1.0
2025-09-03,2.537008487175943,28.792329539754327,-0.083833306182548,-0.1706668715808099,46.82223056934794,0.027993267200479,0.0085771626507806,-0.01196778569672663,0.009851851596213441,-0.021440454809610876,47.12597087163941,0,1.0
2025-09-04,2.5693124263502436,29.08727596034845,-0.0825033410834237,0.0013299650991243,47.1624927578173,0.0954263465146638,0.0674330793141848,0.012733082816865027,0.00992819339335877,-0.0011855778143289308,42.89390675301944,0,1.0
2025-09-05,2.5927151658729373,29.336845534246635,0.0652604817993776,0.1477638228828013,47.28029931235379,0.1891171592952858,0.0936908127806219,0.009108561217655353,0.010013355165200502,0.0021383641015761956,45.681584546606196,0,1.0
2025-09-08,2.620409392684803,29.40730126682142,0.2049905756890311,0.1397300938896535,47.3366845200388,0.1714846502302904,-0.0176325090649953,0.010681553907808894,0.009907004118118002,0.01118286602791807,52.02872336106275,0,1.0
2025-09-09,2.604151770652693,29.35949852085971,0.0907408535037532,-0.1142497221852778,47.35406107864496,0.063856106942552,-0.1076285432877384,-0.006204229796113125,0.009337378039806825,0.01781679657741342,52.16789150749078,0,1.0
2025-09-10,2.620975427968329,29.229250255548067,-0.0358650928995238,-0.1266059464032771,47.4014040319487,0.0403682398649678,-0.0234878670775842,0.006460321362690369,0.009247126438509924,0.024427628006252755,59.23724596693441,0,1.0
2025-09-11,2.6283342829647367,28.95215363418693,-0.1517158775448273,-0.1158507846453034,47.772406709258775,0.1452407297399887,0.1048724898750208,0.0028076779804502294,0.00865887337316758,0.018994838587493623,58.04759726005908,0,1.0
2025-09-12,2.640940903437914,29.109190706945483,-0.0834359379714086,0.0682799395734186,47.85453059573749,0.1668231723641753,0.0215824426241866,0.004796429645530953,0.007555967416863505,0.02917976443244963,59.37586054474385,0,1.0
2025-09-16,2.6486198018049336,29.212703500393182,-0.0055155850516257,0.0779203529197829,47.99297598075533,0.1971906496022057,0.0303674772380304,0.002907637333733337,0.007524958687978388,0.037853177451725006,68.85143213217918,0,1.0
2025-09-17,2.635093468909263,29.102111042297288,0.0499858027034498,0.0555013877550756,47.74305028091644,-0.0097854761141107,-0.2069761257163165,-0.005106936407578422,0.00762123556967643,0.02623118848161532,65.1841268558471,0,1.0
2025-09-18,2.6445420180986066,29.270575571845235,0.0537949549665803,0.0038091522631304,47.58428893037217,-0.0900805551217658,-0.080295079007655,0.003585659977842992,0.0074645703444548295,0.04238595632069164,63.53439782955967,0,1.0
2025-09-19,2.6350976230506147,29.150650443705697,-0.0206843522291571,-0.0744793071957374,47.61099094433224,-0.1273283454743605,-0.0372477903525947,-0.0035712781205050614,0.007258409993992143,0.02560420290879928,64.56147834519633,0,1.0
2025-09-22,2.6491281079317512,28.99215226382872,-0.03665292615619,-0.0159685739270329,47.59253465774508,-0.0501718743904575,0.077156471083903,0.005324464930029249,0.007244696336091672,0.0217582489589907,70.4850448325114,0,1.0
2025-09-24,2.6603933798769885,28.96961589297788,-0.1003198929557847,-0.0636669667995946,47.55745993679224,-0.0089429978599753,0.0412288765304822,0.004252445139028227,0.007276360752514635,0.015258679542137887,69.91960581297693,0,1.0
2025-09-25,2.670341230166973,28.959807099950886,-0.0636144479182725,0.0367054450375121,47.52493489385377,-0.0286853501594919,-0.0197423522995165,0.003739240356418483,0.006495573403556552,0.025416897839902308,81.47766506642692,0,1.0
2025-09-26,2.6676262850525894,28.81440475711028,-0.0592491689061454,0.0043652790121271,47.62601669577951,0.0111606793448117,0.0398460295043037,-0.0010167034398873565,0.006516718036855837,0.017799044045377466,76.97958740092416,0,1.0
2025-09-29,2.617347766240501,28.2682971587088,-0.2337729114230278,-0.1745237425168824,47.51943265772391,-0.0126757596894435,-0.0238364390342553,-0.018847662093379514,0.007857898911657593,-0.00418003021740565,55.890818048260606,0,1.0
2025-09-30,2.6247088515166883,30.932315907057763,0.6575029357022935,0.8912758471253213,47.91378664550335,0.1296172505498631,0.1422930102393067,0.002812421555566047,0.007743647194514304,-0.00614631395200671,51.1389712090935,0,1.0
2025-10-01,2.5970490389477288,30.72105130058894,0.6355488478262181,-0.0219540878760753,47.93279746330768,0.1022602558427152,-0.0273569947071479,-0.010538240290147383,0.008048758814956328,-0.019470806199538893,48.22560596850433,0,1.0
2025-10-02,2.59466631467821,30.920944712639944,0.8842158513103833,0.2486670034841651,47.99892887633733,0.1598320728711471,0.0575718170284318,-0.0009174737302936053,0.007960692617535797,-0.015341829315749789,42.91639799440788,0,1.0
2025-10-03,2.635605623851274,31.100650763078008,0.056111618673416,-0.8281042326369672,47.894307182361146,-0.0064931543807347,-0.1663252272518818,0.015778255932744623,0.00808078899002949,-0.0033791840652082072,51.65796738825116,0,1.0
2025-10-06,2.7273004858909835,31.18886833067687,0.1559390100293107,0.0998273913558946,47.8169044055235,-0.0386310192613947,-0.03213786488066,0.034790812862859344,0.010709254587826213,0.034990302459317224,64.47174692636614,0,1.0
2025-10-07,2.7302237196559487,33.10486136370885,0.7279722170229661,0.5720332069936553,48.180357653223226,0.0604762589619625,0.0991072782233573,0.0010718414711132773,0.010620055101057069,0.030612189528089973,63.89630259048255,0,1.0
2025-10-08,2.731118688837697,32.90735286583244,0.6022340342514738,-0.1257381827714923,48.25816183124283,0.1212848829605661,0.0608086239986036,0.0003278006762981178,0.010458569797743754,0.026584530504274007,67.08718868196591,0,1.0
2025-10-09,2.7531003026078076,32.70740965531671,0.5061804415466185,-0.0960535927048553,48.285014252528015,0.1560366156681638,0.0347517327075976,0.008048575061915475,0.010346306826418478,0.030991946462085584,68.49254330223486,0,1.0
2025-10-10,2.7115961106619078,32.506547744109625,-0.1994378731997415,-0.7056183147463599,48.21470778144837,0.0114500427417212,-0.1445865729264426,-0.015075437646273171,0.011046166285977616,0.0164827531711218,61.74807303966875,0,1.0
2025-10-14,2.6549379171554235,33.568128500473094,0.2202585448802168,0.4196964180799583,48.26033119946664,0.0007231227412631,-0.010726920000458,-0.020894776063332676,0.012144560656247302,0.014361924464060039,50.788933375050746,0,1.0
2025-10-15,2.696242809522144,31.367533392591824,-0.4466254209082976,-0.6668839657885144,48.42637879209634,0.0471215131894382,0.046398390448175,0.01555776204777537,0.012572368455587698,0.02725405446936313,54.50091293500517,0,1.0
2025-10-16,2.718331461347408,30.76055417582799,-0.5819978560938743,-0.1353724351855767,48.1677693985436,-0.0156461276349162,-0.0627676408243544,0.008192382283693123,0.012667284263684608,0.04670008944029047,55.84694821688896,0,1.0
2025-10-17,2.688236709409243,30.397256546178586,-1.0569573180981706,-0.4749594620042963,47.05507138936579,-0.4017532700336161,-0.3861071423986999,-0.011071038380009557,0.01289606103336862,0.03606259278956192,52.3540414514283,0,1.0
2025-10-20,2.764690320436177,30.604151207658987,-0.2544607283109457,0.8024965897872249,47.08385877731524,-0.4475066715936933,-0.0457534015600771,0.028440059150793617,0.014274366954570496,0.04897724280777571,65.87941866782049,0,1.0
2025-10-21,2.7646197956795793,32.137025291710955,0.4588237052943213,0.713284433605267,47.45772215559123,-0.2366824143174639,0.2108242572762293,-2.5509098099174565e-05,0.014219256576844183,0.01368360764853671,65.31923058728165,0,1.0
2025-10-22,2.7745526707093755,32.61667795266446,0.7398071354952904,0.280983430200969,47.063153818111566,0.00269414291526,0.239376557232724,0.003592853905379334,0.014206403124629143,0.016236380460064703,70.22029646829961,0,1.0
2025-10-23,2.755988689597193,32.91624286812963,0.7706972201568796,0.0308900846615891,47.2332749641964,0.0498053956270467,0.0471112527117867,-0.0066908014787969705,0.014341836898647188,0.009106158901530659,67.72361767697848,0,1.0
2025-10-24,2.772312367524693,33.44207152800985,0.4350154120996308,-0.3356818080572488,41.54683129723991,-1.9702969527837693,-2.0201023484108163,0.005922984368228912,0.014365160795059497,0.006978338166134801,65.87803829189988,0,1.0
2025-10-27,2.8217270413649507,32.83173855598645,0.0716868677739981,-0.3633285443256326,38.88392108062055,-2.726410912497002,-0.7561139597132325,0.017824352846782077,0.014770846830008755,0.04061479888911612,62.16179308969722,0,1.0
2025-10-28,2.8008531493077418,33.47254663513222,0.185434589000863,0.1137477212268649,37.38796946218068,-3.281768500671909,-0.5553575881749069,-0.007397558924449155,0.014089117731187505,0.05495994132648341,58.6947683984848,0,1.0
2025-10-29,2.8060717615481527,33.64593642854719,0.0679549668457824,-0.1174796221550806,29.54928100436616,-3.99918343095792,-0.7174149302860116,0.0018632223691201766,0.014093109474910428,0.04073407322149669,59.12983776912035,0,1.0
2025-10-30,2.8130828248190864,33.81668482777094,0.32831542392816,0.2603604570823776,27.617433022532826,-3.755496019362575,0.2436874115953458,0.0024985331334026473,0.013708806535886119,0.03485644220323025,57.58286482392574,0,1.0
2025-10-31,2.8405817559386386,33.36266872667828,-0.0366259694846462,-0.3649413934128063,27.4806405794521,-3.30244296090952,0.4530530584530545,0.009775372014267258,0.013711671127597984,0.05667099403715614,66.9046957106356,0,1.0
2025-11-04,2.8123685545092303,32.07715685987836,-0.5229265228896054,-0.4863005534049591,27.04202255265685,-0.8357528172364397,2.4666901436730804,-0.009932191309200866,0.0138159523521946,0.01724541577789851,72.29495667549986,0,1.0
2025-11-05,2.772858808234816,31.39259419587888,-0.8080302106306902,-0.2851036877410848,26.82212963431474,-0.2651011294060268,0.5706516878304129,-0.01404856636270746,0.012184477990952403,0.0029801611665054573,60.9056271040709,0,1.0
2025-11-06,2.8166797771276513,30.82783610945701,-0.844944205740422,-0.0369139951097317,26.587704542502287,-0.2976453456499399,-0.0325442162439131,0.01580353415857183,0.012632524659766765,0.015183386807901211,63.1834022879314,0,1.0
2025-11-07,2.8047643994940064,30.23079795951617,-0.6154529667873945,0.2294912389530274,26.462558799225825,-0.193154584477007,0.1044907611729328,-0.0042302918955863245,0.012698305400241965,0.017698080576644903,66.42062409211734,0,1.0
2025-11-10,2.8168691276811217,29.86641225947831,-0.5087273121335265,0.1067256546538679,25.7978622047563,-0.3414224765194795,-0.1482678920424724,0.004315773613391194,0.012622767690993837,0.016072056193369155,58.981719693944804,0,1.0
2025-11-11,2.820421453487894,29.833737125195988,-0.3313663280870038,0.1773609840465226,25.81409845469156,-0.2578686959369101,0.0835537805825694,0.0012610901130847285,0.012027235679229586,-0.000462691060445386,59.49156116286581,0,1.0
2025-11-12,2.8532777201138364,29.50985081174509,-0.2403157159236961,0.0910506121633076,25.16994421160676,-0.4308715292063532,-0.1730028332694431,0.011649417354030689,0.010911012349306934,0.018717357894701525,62.42200262188563,0,1.0
2025-11-13,2.8673867576495975,29.901125927191067,0.0115712225709181,0.2518869384946143,25.561820380678427,-0.0786806080259587,0.3521909211803944,0.004944852523923959,0.010554429413542088,0.02185082966930829,67.82811209806287,0,1.0
2025-11-14,2.8469004684988115,29.8361321683042,0.0007983477027337,-0.0107728748681843,25.311381728991336,-0.1675722419000749,-0.0888916338741161,-0.007144585255593028,0.010723406691930117,0.0120215598991118,61.78010235800193,0,1.0
2025-11-17,2.8327986339614144,29.70458054647621,0.0649099115770432,0.0641115638743095,25.234951888680456,0.0216692256912338,0.1892414675913087,-0.004953399212032528,0.010402344440140428,-0.0027399746410933234,51.96812725424588,0,1.0
2025-11-18,2.7501420517605744,28.950801802048304,-0.3167747083809189,-0.3816846199579622,25.41286498209314,-0.04965179952843,-0.0713210252196638,-0.029178417840894033,0.010859379498419086,-0.02212601284027471,42.60889613402183,0,1.0
2025-11-19,2.744385215886777,31.082840177999,0.415569336564932,0.7323440449458509,26.68355383258482,0.4573907011978271,0.5070425007262571,-0.0020932867340840433,0.010867396342259679,-0.010268677317243124,41.023316567531765,0,1.0
2025-11-20,2.79121209114524,30.985930036263163,0.4271164965956515,0.0115471600307195,26.84189562052309,0.5356479106142125,0.0782572094163853,0.017062792419733963,0.011519864989599803,-0.009041739919893321,47.14785859958944,0,1.0
2025-11-21,2.779650880983719,31.043368340881955,0.6975221796112159,0.2704056830155643,27.18276537178771,0.5899667965648554,0.0543188859506429,-0.004142003468026512,0.011451624681576346,-0.008953878092155643,41.70943712574841,0,1.0
2025-11-25,2.7730236734846456,30.819467423877438,-0.0877909180405218,-0.7853130976517377,27.123007331990124,0.1464844998017689,-0.4434822967630865,-0.002384187001472693,0.011394710164862777,-0.015565314613167791,44.312437871999954,0,1.0
2025-11-26,2.829791635728452,30.494472818083416,-0.1638190727265822,-0.0760281546860603,26.92478622431525,0.0276302012640492,-0.1188542985377196,0.02047150292535016,0.011624787215949504,0.0033222631422584747,57.83888837905343,0,1.0
2025-11-27,2.8403531390610883,31.01675243741679,-0.0088719678217188,0.1549471049048634,27.55190378329809,0.1230461371701316,0.0954159359060824,0.003732254770736132,0.011507390215668345,-0.004529731179561569,53.58813391170348,0,1.0
2025-11-28,2.8435412073538373,30.77204857457714,-0.0158062831000975,-0.0069343152783787,27.67688989275285,0.1846275202542422,0.0615813830841105,0.0011224196910257778,0.011504856323546869,-0.008316126254034328,56.03705366184796,0,1.0
2025-12-01,2.8095790450169424,30.60559904191481,0.0370420746104684,0.052848357710566,27.791720561607956,0.2889781124309039,0.1043505921766616,-0.011943615323408485,0.011836243371834957,-0.013109493603599365,48.93734960592044,0,1.0
2025-12-02,2.8162725850534307,30.49892768786541,-0.1726082498504624,-0.2096503244609309,27.85047536942352,0.0995238620418064,-0.1894542503890974,0.002382399615472597,0.011628655658191671,-0.005833824088256279,49.400721650872725,0,1.0
2025-12-03,2.8132765150787122,30.285025234791533,-0.1623411132618741,0.0102671365885882,27.89405912292796,0.0723897433916995,-0.0271341186501068,-0.0010638423250005635,0.01141171112092193,0.02295680082333229,43.67660214849699,0,1.0
2025-12-04,2.8793426410706418,30.435424168221488,-0.0567249578977744,0.1056161553640997,27.92433170059821,0.0442037129967509,-0.0281860303949486,0.023483694417461454,0.01203533081438474,0.049175831586112384,51.62332787819333,0,1.0
2025-12-05,2.843707754482311,31.11588634610357,0.2056528860793882,0.2623778439771627,28.296873900441824,0.1487995103394368,0.1045957973426858,-0.012376049338497785,0.011978085727164413,0.01880747919644188,49.583632391897304,0,1.0
2025-12-08,2.8577767883433847,31.704394584108396,0.4731231164389555,0.2674702303595673,28.704449918655506,0.2701302652425177,0.1213307549030808,0.004947426063349081,0.01196126967505712,0.028106374039324367,53.25772498418427,0,1.0
2025-12-09,2.8615273534432735,31.853224402158222,0.4726000779789103,-0.0005230384600451,28.622175021618094,0.2326144403399617,-0.037515824902556,0.0013124065935405937,0.011936339930810499,0.03191594821381827,68.29214888101096,0,1.0
2025-12-10,2.865047982017099,31.668732276759695,0.1842819768853765,-0.2883181010935338,28.565030006532808,0.0893853686969947,-0.1432290716429669,0.0012303319657556155,0.011936286774838555,0.012458990210977516,69.9623510731575,0,1.0
2025-12-11,2.8389495636337196,31.541866491520665,-0.0541760308625782,-0.2384580077479547,28.468208905847057,-0.0787470042694806,-0.1681323729664754,-0.009109243037879189,0.01185029799585394,-0.0004941552541711802,58.479203622693475,0,1.0
2025-12-12,2.898987274246486,31.564624687539904,-0.0961999048727726,-0.0420238740101943,28.398742706940556,-0.0744774382258484,0.0042695660436322,0.021147860948935282,0.012739924879320425,0.019498949672069665,68.08270282486727,0,1.0
2025-12-15,2.9059914515690437,32.57254976339755,0.3012724955459518,0.3974724004187244,28.92344260874264,0.119470867403276,0.1939483056291244,0.0024160772918115914,0.012611763427247695,0.034315605650283354,70.12523609631096,0,1.0
2025-12-16,2.8543080584596625,32.35032755559968,0.2694870213596694,-0.0317854741862824,28.56645588413149,0.0327489927614799,-0.0867218746417961,-0.017785115328359136,0.013246508603394153,0.013505607947218667,53.76866954455763,0,1.0
2025-12-17,2.853593500877483,32.990881470704664,0.4754189277215843,0.2059319063619149,29.000998150380006,0.2007518144798155,0.1680028217183355,-0.00025034353950048605,0.011271903302367488,0.014330971585152952,52.098850677666846,0,1.0
2025-12-18,2.83882040284214,33.076138241970696,0.1678628261910546,-0.3075561015305297,28.890141357361856,-0.0111004171269257,-0.2118522316067412,-0.005177015587819356,0.011350335990502641,-0.014073433863166063,49.27817408867319,0,1.0
2025-12-19,2.8638309937903723,31.357413968909405,-0.3309711955634284,-0.4988340217544831,28.8577373247548,0.0970938135411003,0.1081942306680261,0.008810205437157048,0.010905807747031617,0.0070764090565715865,58.52876463204318,0,1.0
2025-12-22,2.8842065961917505,31.40128540659478,-0.5298653547032934,-0.1988941591398649,28.94757435622272,-0.0178079313857644,-0.1149017449268647,0.007114806161941267,0.010898401906552307,0.009248380753938079,60.23920299611729,0,1.0
2025-12-23,2.8982529574574816,30.905689381710104,-0.7234829534201985,-0.1936175987169051,28.63869172963096,-0.0838165425769652,-0.0660086111912008,0.0048700953961751114,0.010868846424569183,0.012834266277418571,62.39500054688773,0,1.0
2025-12-24,2.8814050491876753,30.933585798886668,-0.1412760566742434,0.582206896745955,28.583581964189136,-0.0913851201885513,-0.0075685776115861,-0.005813125533592589,0.010114698028034313,0.005709177393622644,50.35126710331513,0,1.0
2025-12-25,2.8909686427076076,31.02588087457096,-0.1251348440079418,0.0161412126663016,28.657227696160238,-0.0967822200208274,-0.005397099832276,0.0033190729372214456,0.010109142214556678,0.01832335443371025,58.83395490194568,0,1.0
2025-12-26,2.8972388301699143,29.228441921916662,-0.5590824865978092,-0.4339476425898674,28.72641306038696,0.0292404435853335,0.126022663606161,0.0021688880915824438,0.010112887583421427,-0.0006031223703891753,57.59771451804783,0,1.0
2025-12-29,2.8970275072462424,29.36661956813648,-0.5223220769167334,0.0367604096810758,28.766120986788856,0.0608463408665755,0.031605897281242,-7.293942131092468e-05,0.009652056807173268,-0.0030846423577610693,56.92935924513646,0,1.0
2025-12-30,2.883284161084769,29.42627777297075,-0.5332010338667352,-0.0108789569500018,28.668501190715524,0.0037578315184276,-0.0570885093481479,-0.004743947417515937,0.009751813296248564,0.010151708235986101,53.422959816940605,0,1.0
2026-01-05,2.948533898436724,29.650020967057657,0.1405263483803267,0.673727382247062,28.588728982895184,-0.0458946924972636,-0.0496525240156913,0.022630352648767893,0.0108383010393394,0.033270470208895064,67.93338880129318,0,1.0
2026-01-06,2.9947997638863013,29.508571606787733,0.0473173462170848,-0.0932090021632419,28.91879503604508,0.0508913497520779,0.0967860422493416,0.015691142460362073,0.010159514372891497,0.05494513174838378,66.41975843677852,0,1.0
2026-01-07,2.9627436173837594,28.673746642907567,-0.2508437100210585,-0.2981610562381434,29.07557743348229,0.1356920809222543,0.0848007311701763,-0.010703936499895872,0.010041028977216373,0.03453856872415262,58.95676577714476,0,1.0
2026-01-08,2.933079554135713,28.66063564394713,-0.3297951077035073,-0.0789513976824487,29.074297558820383,0.1618561919750689,0.0261641110528145,-0.010012362552734522,0.010369589167468673,0.016945026756576054,63.36050398863668,0,1.0
2026-01-09,2.9632054738775135,28.8156728167726,-0.2309662633383773,0.0988288443651299,28.95846628330095,0.0132237490852915,-0.1486324428897774,0.010271088521728755,0.010559535494219082,0.022410920431531922,66.90479756502322,0,1.0
2026-01-13,3.047040088550676,28.61478135610747,-0.0196550956000294,0.2113111677383479,28.830118004542182,-0.0818198096467028,-0.0950435587319944,0.028291866835498336,0.012103598938269643,0.05748412199447506,76.47318577683372,0,1.0
2026-01-14,3.0826776200275816,27.67087132002183,-0.3299214413084357,-0.3102663457084063,29.0109749771943,-0.0211075272086986,0.0607122824380041,0.01169578687553674,0.011886330154143601,0.06631306008923854,77.09220752397624,0,1.0
2026-01-15,3.101782864143513,28.0182153515028,-0.265819155089936,0.0641022862184996,29.13571588736744,0.0590832013555022,0.0801907285642009,0.006197613396810686,0.011215122217279818,0.07059964537393792,77.01992852436487,0,1.0
