Date,Market_Price,RMT_Raw,Vel_NoSmooth,Accel_NoSmooth,Vel_Smooth,Accel_Smooth,Target
2016-05-13,2287.126530612244,63.69063774844594,-0.616726497770216,-0.05536184622455664,-0.26225384179625166,-0.14812477990687967,0
2016-05-16,2302.5224489795914,63.374878102478114,-0.31575964596782313,0.3009668518023929,-0.3184323894731733,-0.05617854767692165,0
2016-05-17,2331.2357142857145,63.17743709243315,-0.19744101004496173,0.1183186359228614,-0.3313192949211583,-0.012886905447984986,0
2016-05-18,2326.792857142857,63.1798869637152,0.00244987128204599,0.19989088132700772,-0.33776838680931576,-0.006449091888157454,0
2016-05-19,2326.511224489796,63.163308177161525,-0.016578786553672842,-0.019028657835718832,-0.2288112138109213,0.10895717299839447,0
2016-05-20,2334.382653061224,62.41228367226407,-0.7510245048974582,-0.7344457183437854,-0.25567081523638535,-0.026859601425464064,0
2016-05-23,2323.6459183673473,62.02745835285452,-0.38482531940955056,0.36619918548790764,-0.2694839499247266,-0.013813134688341222,0
2016-05-24,2301.166326530612,60.24092064279346,-1.7865377100610544,-1.4017123906515039,-0.5873032899279309,-0.31781934000320433,0
2016-05-25,2329.5908163265303,60.32405047839352,0.08312983560005449,1.869667545661109,-0.5711672970643349,0.016135992863596016,0
2016-05-26,2336.4255102040815,60.053262810886025,-0.2707876675074914,-0.3539175031075459,-0.6220090732550929,-0.050841776190758026,0
2016-05-27,2351.623469387755,59.56647588008601,-0.4867869308000152,-0.21599926329252384,-0.5691615584356242,0.0528475148194687,0
2016-05-30,2379.7714285714287,59.87959272985276,0.31311684976675025,0.7999037805667655,-0.4295731246003456,0.13958843383527864,0
2016-05-31,2405.476530612245,60.58669210567866,0.7070993758258979,0.39398252605914763,0.0691542925770392,0.4987274171773848,1
2016-06-01,2373.593877551021,61.99599580056324,1.409303694884585,0.7022043190586871,0.33438906443394245,0.26523477185690325,0
2016-06-02,2318.4306122448984,62.64267095681541,0.6466751562521651,-0.7626285386324199,0.5178816291858794,0.18349256475193698,0
2016-06-03,2328.45918367347,62.805357544855504,0.16268658804009561,-0.4839885682120695,0.647776332953903,0.1298947037680236,0
2016-06-06,2316.871428571429,63.186632964457495,0.38127541960199096,0.21858883156189535,0.6614080469209398,0.013631713967036774,0
2016-06-07,2325.7704081632646,63.73845301361976,0.5518200491622665,0.1705446295602755,0.630352181588222,-0.031055865332717758,0
2016-06-08,2344.920408163265,63.93636014507511,0.19790713145535221,-0.35391291770691424,0.3880728689023769,-0.24227931268584513,1
2016-06-09,2316.759183673469,61.643164877544,-2.293195267531111,-2.491102398986463,-0.19990121585427545,-0.5879740847566524,0
2016-06-10,2307.2142857142853,61.75413932235448,0.11097444481048058,2.4041697123415915,-0.21024364450020272,-0.01034242864592727,1
2016-06-13,2235.6448979591837,59.83438550115279,-1.9197538212016951,-2.0307282660121757,-0.670449492660957,-0.46020584816075427,0
2016-06-14,2213.7193877551013,55.15750381990318,-4.676881681249611,-2.757127860047916,-1.716189838743304,-1.0457403460823471,0
2016-06-15,2225.0683673469384,55.817129492859145,0.6596256729559684,5.33650735420558,-1.6238461304431908,0.09234370830011329,0
2016-06-16,2167.4204081632656,55.936632937279725,0.11950344442058025,-0.5401222285353882,-1.141306388052861,0.4825397423903297,0
2016-06-17,2187.1010204081626,56.42528371200716,0.48865077472743224,0.369147330306852,-1.0657711220694637,0.07553526598339744,0
2016-06-20,2232.807142857143,56.42282845643719,-0.0024552555699699496,-0.4911060302974022,-0.6823114089431215,0.3834597131263422,0
2016-06-21,2262.4479591836725,57.03396483651409,0.6111363800768999,0.6135916356468698,0.37529220332217506,1.0576036122652965,1
2016-06-22,2244.4479591836734,57.36290534740756,0.3289405108934744,-0.28219586918342543,0.30915517090969047,-0.06613703241248459,0
2016-06-23,2277.05918367347,57.46955965417231,0.10665430676474585,-0.22228620412872857,0.30658534337851506,-0.002569827531175406,1
2016-06-24,2097.5397959183674,57.36682484905118,-0.10273480512113053,-0.2093891118858764,0.18830822740881104,-0.11827711596970403,0
2016-06-27,2140.977551020408,63.08782432829691,5.720999479245734,5.823734284366864,1.3329991743719418,1.1446909469631308,0
2016-06-28,2140.8642857142863,62.063053092160274,-1.0247712361366368,-6.7457707153823705,1.0058176511292345,-0.32718152324270733,0
2016-06-29,2184.7897959183674,62.3510219781513,0.28796888599102743,1.3127401221276642,0.9976233261487479,-0.008194324980486556,0
2016-06-30,2180.6469387755096,61.32867801599609,-1.0223439621552117,-1.3103128481462392,0.7718236723647536,-0.22579965378399436,0
2016-07-01,2186.8428571428567,61.48136360888376,0.15268559288767136,1.175029555042883,0.8229077519665111,0.05108407960175754,0
2016-07-04,2195.6163265306122,61.60373785088011,0.12237424199634717,-0.030311350891324196,-0.29681729548335767,-1.1197250474498688,0
2016-07-05,2178.378571428571,61.70244858002702,0.0987107291469087,-0.02366351284943846,-0.07212090242664715,0.22469639305671052,0
2016-07-06,2133.1999999999994,61.6764275910001,-0.026020989026918073,-0.12473171817382678,-0.13491887743024478,-0.06279797500359763,0
2016-07-07,2116.2316326530618,61.994797381998445,0.3183697909983465,0.3443907800252646,0.13322387320047113,0.2681427506307159,0
2016-07-08,2093.781632653062,61.649066613360425,-0.34573076863802044,-0.6641005596363669,0.033540600895335615,-0.09968327230513552,0
2016-07-11,2177.923469387754,61.55957637555638,-0.08949023780404275,0.2562405308339777,-0.008832295064749474,-0.04237289596008509,0
2016-07-12,2238.0948979591835,62.646253659216,1.0866772836596184,1.176167521463661,0.18876101583780525,0.19759331090255472,0
2016-07-13,2264.833673469388,62.903802811808745,0.2575491525927447,-0.8291281310668737,0.24547504416172217,0.05671402832391692,0
2016-07-14,2273.6591836734688,62.75859721573025,-0.14520559607849748,-0.40275474867124217,0.15275996674635905,-0.09271507741536311,0
2016-07-15,2294.7265306122454,62.69242126128776,-0.06617595444248536,0.07902964163601212,0.20867092958547317,0.05591096283911412,0
2016-07-19,2328.063265306122,62.09065856767229,-0.6017626936154699,-0.5355867391729845,0.10621643842317496,-0.10245449116229821,0
2016-07-20,2327.3775510204077,61.631178068773295,-0.4594804988989978,0.14228219471647208,-0.2030151180885369,-0.30923155651171186,0
2016-07-21,2344.4214285714274,61.599099735719584,-0.032078333053711106,0.4274021658452867,-0.26094061521782663,-0.05792549712928974,0
2016-07-22,2321.8224489795916,61.6828030287388,0.08370329301921942,0.11578162607293052,-0.21515883739829178,0.04578177781953485,0
2016-07-25,2325.4295918367347,61.75052637653869,0.06772334779988398,-0.015979945219335434,-0.18837897694982075,0.026779860448471027,0
2016-07-26,2295.637755102041,61.48124812277612,-0.26927825376256465,-0.3370016015624486,-0.12188208897922692,0.06649688797059383,0
2016-07-27,2327.869387755102,61.59671345738973,0.11546533461361008,0.3847435883761747,-0.006892922276712454,0.11498916670251447,0
2016-07-28,2305.9540816326526,61.05874839288521,-0.537965064504526,-0.653430399118136,-0.10807026856687685,-0.1011773462901644,0
2016-07-29,2322.6479591836737,60.8966655232801,-0.16208286960510776,0.3758821948994182,-0.15722750109174655,-0.0491572325248697,0
2016-08-01,2321.3183673469375,58.96399524273559,-1.9326702805445066,-1.7705874109393989,-0.5573062267606161,-0.4000787256688696,0
2016-08-02,2288.145918367347,58.38679200227536,-0.5772032404602356,1.355467040084271,-0.6188912241001461,-0.061584997339529934,0
2016-08-03,2235.3265306122453,57.73063590359792,-0.6561560986774353,-0.07895285821719966,-0.7732155107583765,-0.1543242866582304,0
2016-08-04,2258.5959183673463,57.91188103084496,0.18124512724703834,0.8374012259244736,-0.6293734724080409,0.1438420383503356,0
2016-08-05,2259.797959183674,57.59084591011485,-0.32103512073010876,-0.5022802479771471,-0.6611639226330581,-0.03179045022501725,0
2016-08-08,2326.3234693877553,57.38238461239237,-0.20846129772247934,0.11257382300762941,-0.3163221260686413,0.3448417965644168,0
2016-08-09,2340.8530612244895,57.66386387464244,0.28147926225006614,0.4899405599725455,-0.14458562552657384,0.17173650054206746,0
2016-08-10,2339.08163265306,57.68762152209506,0.023757647452619324,-0.2577216147974468,-0.008602876300578544,0.1359827492259953,0
2016-08-12,2362.484693877551,56.74917594350857,-0.9384455785864887,-0.962203226039108,-0.23254101746727684,-0.2239381411666983,0
2016-08-15,2349.64081632653,55.90975498441304,-0.839420959095527,0.09902461949096164,-0.3362181851403676,-0.10367716767309076,0
2016-08-16,2312.236734693878,55.82758453046615,-0.08217045394689393,0.7572505051486331,-0.31096001638523774,0.025258168755129873,0
2016-08-17,2329.6959183673475,55.04927633315073,-0.7783081973154182,-0.6961377433685243,-0.5229175082983417,-0.21195749191310398,0
2016-08-18,2284.913265306123,53.86826166569372,-1.1810146674570063,-0.4027064701415881,-0.763871971280274,-0.24095446298193224,0
2016-08-19,2296.0051020408164,54.1697698180308,0.3015081523370782,1.4825228197940845,-0.5158812250955549,0.24799074618471906,0
2016-08-22,2309.042857142857,53.38294150216695,-0.7868283158638505,-1.0883364682009287,-0.5053626964492182,0.010518528646336733,0
2016-08-23,2292.7081632653053,53.4732195546288,0.09027805246184784,0.8771063683256983,-0.4708729951674613,0.03448970128175688,0
2016-08-24,2307.1214285714277,53.375470007598224,-0.09774954703057404,-0.18802759949242187,-0.33476126511050097,0.1361117300569603,0
2016-08-25,2298.6581632653065,53.4682877387493,0.09281773115107228,0.19056727818164632,-0.07999478538888383,0.25476647972161715,0
2016-08-26,2269.188775510205,53.540900891155495,0.07261315240619837,-0.020204578744873913,-0.12577378537505268,-0.045778999986168856,0
2016-08-29,2327.3275510204076,52.85949363189938,-0.6814072592561118,-0.7540204116623102,-0.10468957405352342,0.021084211321529267,0
2016-08-30,2327.8989795918365,52.46399184927165,-0.3955017826277327,0.28590547662837906,-0.20184554107142816,-0.09715596701790474,0
2016-08-31,2360.835714285715,52.6323425750313,0.1683507257596517,0.5638525083873844,-0.1486254865133887,0.053220054558039465,0
2016-09-01,2367.533673469388,52.84272515787286,0.21038258284156086,0.04203185708190915,-0.1251125161752853,0.0235129703381034,0
2016-09-02,2370.5969387755104,52.70929024928232,-0.1334349085905444,-0.34381749143210527,-0.1663221283746381,-0.04120961219935282,0
2016-09-05,2377.6959183673466,52.76141728764551,0.05212703836318866,0.18556194695373307,-0.019615268850778023,0.1467068595238601,0
2016-09-06,2391.377551020408,52.85914901938444,0.09773173173893213,0.045604693375743466,0.07903143402256774,0.09864670287334576,0
2016-09-07,2386.819387755101,52.77274243462666,-0.08640658475778196,-0.18413831649671408,0.02807997191906253,-0.05095146210350521,0
2016-09-08,2389.7132653061217,53.048337823378624,0.27559538875196665,0.3620019735097486,0.04112253310115932,0.01304256118209679,0
2016-09-09,2389.333673469387,52.88064556460578,-0.16769225877284555,-0.4432876475248122,0.03427106306469341,-0.006851470036465912,0
2016-09-12,2345.601020408163,53.0889513552025,0.20830579059671805,0.3759980493695636,0.06550681351139076,0.031235750446697352,0
2016-09-13,2347.1989795918375,53.39731456985992,0.308363214657426,0.10005742406070794,0.1076331100951009,0.04212629658371014,0
2016-09-14,2334.429591836734,53.35498848392753,-0.04232608593239462,-0.3506893005898206,0.11644920986017127,0.008816099765070362,0
2016-09-15,2310.8040816326525,53.31239774905336,-0.042590734874167424,-0.00026464894177280485,0.05281198513494445,-0.06363722472522682,0
2016-09-16,2326.45306122449,53.32651293115335,0.014115182099992296,0.05670591697415972,0.08917347330951486,0.03636148817457041,0
2016-09-20,2335.5653061224484,53.15113991618352,-0.1753730149698356,-0.1894881970698279,0.012437712196209816,-0.07673576111330505,0
2016-09-21,2381.744897959183,53.1488297768409,-0.002310139342618811,0.17306287562721678,-0.04969695860380341,-0.062134670800013225,0
2016-09-23,2370.8561224489804,53.60146319520078,0.4526334183598806,0.4549435577024994,0.04929494225464737,0.09899190085845078,0
2016-09-26,2346.68775510204,53.28909147102903,-0.3123717241717472,-0.7650051425316278,-0.004661255604865744,-0.05395619785951311,0
2016-09-27,2369.2918367346942,53.2568146135648,-0.03227685746423248,0.2800948667075147,-0.013939663517710699,-0.009278407912844955,0
2016-09-28,2343.311224489796,53.08781148537112,-0.16900312819367969,-0.1367262707294472,-0.012665686162485201,0.0012739773552254974,0
2016-09-29,2366.8632653061222,52.67507844313021,-0.4127330422409088,-0.2437299140472291,-0.09475026674213183,-0.08208458057964663,0
2016-09-30,2332.4204081632647,52.7906758411342,0.11559739800399171,0.5283304402449005,-0.16215747081331244,-0.06740720407118062,0
2016-10-03,2351.344897959184,53.0854012598237,0.2947254186894952,0.1791280206855035,-0.04073804224107391,0.12141942857223853,0
2016-10-04,2371.0602040816325,53.09391669525671,0.008515435433011476,-0.2862099832564837,-0.03257958366160807,0.008158458579465844,0
2016-10-05,2395.98775510204,53.13088922226738,0.03697252701066844,0.028457091577656968,0.008615547379250188,0.04119513104085826,0
2016-10-06,2406.9857142857136,52.95859734434325,-0.17229187792413114,-0.20926440493479959,0.05670378024260714,0.04808823286335695,0
2016-10-07,2406.6969387755094,52.9214678645652,-0.03712947977804504,0.1351623981460861,0.026158404686199788,-0.03054537555640735,0
2016-10-11,2414.957142857143,51.27095887840532,-1.6505089861598847,-1.6133795063818397,-0.36288847628367193,-0.3890468809698717,0
2016-10-12,2388.8836734693873,50.990098501819375,-0.28086037658594165,1.369648609573943,-0.42076363868748246,-0.05787516240381052,0
2016-10-13,2388.112244897959,51.17091801670151,0.18081951488213832,0.46167989146808,-0.39199424111316006,0.028769397574322397,0
2016-10-14,2395.9112244897956,50.13315719587963,-1.0377608208218803,-1.2185803357040186,-0.5650880296927312,-0.17309378857957114,0
2016-10-17,2416.1112244897963,50.12284267767381,-0.010314518205824186,1.027446302616056,-0.5597250373782785,0.005362992314452697,0
2016-10-18,2422.46224489796,49.83021664360903,-0.2926260340647815,-0.2823115158589573,-0.288148446959255,0.2715765904190235,0
2016-10-19,2418.882653061223,49.81116989477772,-0.019046748831307525,0.27357928523347397,-0.23578572140832676,0.052362725550928246,0
2016-10-20,2446.129591836735,49.74701986013334,-0.06415003464437774,-0.045103285813070215,-0.2847796313136399,-0.04899390990531316,0
2016-10-21,2437.257142857142,49.73113914997797,-0.015880710155371958,0.04826932448900578,-0.08040360918032974,0.2043760221333102,0
2016-10-24,2440.5265306122456,39.84979678865741,-9.881342361320563,-9.865461651165191,-2.054609177803279,-1.9742055686229492,0
2016-10-25,2466.673469387755,40.82625198237667,0.9764551937192607,10.857797555039824,-1.8007929322464804,0.2538162455567985,0
2016-10-26,2469.7571428571428,40.97758954335906,0.15133756098239104,-0.8251176327368697,-1.766716070283728,0.0340768619627525,0
2016-10-27,2464.702040816326,40.25955822525368,-0.7180313181053819,-0.8693688790877729,-1.8974923269759358,-0.13077625669220794,0
2016-10-28,2480.58775510204,40.06087717061328,-0.19868105464039587,0.519350263464986,-1.934052395872932,-0.036560068896996256,0
2016-10-31,2478.270408163266,40.107924703685214,0.047047533071932435,0.2457285877123283,0.051625583005566966,1.985677978878499,0
2016-11-01,2481.403061224489,39.93853387783661,-0.16939082584860188,-0.2164383589205343,-0.17754362090801834,-0.2291692039135853,0
2016-11-02,2440.7785714285715,39.75677341716533,-0.18176046067128482,-0.01236963482268294,-0.24416322523875067,-0.06661960433073233,0
2016-11-04,2407.8897959183682,39.11981328988337,-0.6369601272819594,-0.45519966661067457,-0.22794898707405764,0.01621423816469303,0
2016-11-07,2443.1316326530605,39.46822291030676,0.3484096204233893,0.9853697477053487,-0.11853085206130487,0.10941813501275277,0
2016-11-08,2442.8530612244895,39.4247453963859,-0.043477513920855415,-0.3918871343442447,-0.13663586145985818,-0.018105009398553307,0
2016-11-09,2335.652040816326,36.61027123065504,-2.8144741657308643,-2.770996651810009,-0.665652529436322,-0.5290166679764639,0
2016-11-10,2486.597959183673,40.11075792524284,3.5004866945877993,6.3149608603186635,0.070796901615509,0.736449431051831,0
2016-11-11,2494.1346938775496,46.18586050891018,6.075102583667345,2.5746158890795456,1.413209443805357,1.342412542189848,0
2016-11-14,2526.2469387755095,45.73421251720948,-0.45164799170070324,-6.526750575368048,1.253197921380547,-0.16001152242480998,0
2016-11-15,2527.9581632653053,46.51800719776011,0.7837946805506348,1.235442672251338,1.4186523602748409,0.1654544388942938,0
2016-11-16,2547.2959183673456,46.52160491496217,0.0035977172020551507,-0.7801969633485797,1.9822667368614333,0.5636143765865924,0
2016-11-17,2554.4142857142856,46.56127344434255,0.03966852938037846,0.03607081217832331,1.2901031038199378,-0.6921636330414955,0
2016-11-18,2562.915306122448,46.641855350979874,0.08058190663732745,0.04091337725694899,0.09119896841393427,-1.1989041354060035,0
2016-11-21,2579.7479591836727,46.39541747852642,-0.2464378724534555,-0.32701977909078295,0.13224099226339092,0.041042023849456655,0
2016-11-22,2583.782653061224,46.592482968384274,0.19706548985785588,0.4435033623113114,0.014895154124829446,-0.11734583813856148,0
2016-11-24,2618.2051020408153,46.26993990208595,-0.32254306629832286,-0.5196085561561787,-0.05033300257524331,-0.06522815670007276,0
2016-11-25,2628.325510204082,46.49891836917177,0.22897846708581682,0.5515215333841397,-0.012471015034151378,0.037861987541091935,0
2016-11-28,2631.4663265306117,46.69217343456828,0.19325506539651371,-0.0357234016893031,0.01006361671768019,0.02253463175183157,0
2016-11-29,2634.1479591836733,47.63937565853215,0.9472022239638704,0.7539471585673567,0.24879163600114396,0.23872801928346377,0
2016-11-30,2630.5183673469382,48.54198586155764,0.902610203025489,-0.04459202093838144,0.38990057863468053,0.14110894263353657,0
2016-12-01,2645.2510204081627,48.324738885475554,-0.21724697608208743,-1.1198571791075764,0.4109597966779148,0.021059218043234296,0
2016-12-02,2601.0224489795905,47.48040372510389,-0.8443351603716636,-0.6270881842895761,0.1962970711864287,-0.21466272549148613,0
2016-12-05,2584.262244897958,47.45530874108001,-0.02509498402388033,0.8192401763477832,0.15262706130233994,-0.043670009884088756,0
2016-12-06,2590.0204081632646,47.80327017969238,0.34796143861237283,0.37305642263625316,0.03277890423205321,-0.11984815707028673,0
2016-12-07,2593.1714285714284,47.0400574868728,-0.7632126928195859,-1.1111741314319588,-0.300385674936976,-0.3331645791690292,0
2016-12-08,2632.128571428571,47.02509783310252,-0.014959653770276304,0.7482530390493096,-0.25992821047459813,0.04045746446237786,0
2016-12-09,2649.516326530613,47.41303625854239,0.3879384254398701,0.4028980792101464,-0.013473493312304186,0.24645471716229395,0
2016-12-12,2650.0061224489787,47.54760333710026,0.13456707855787187,-0.25337134688199825,0.018458919204050517,0.0319324125163547,0
2016-12-13,2665.6816326530607,47.25247328509692,-0.2951300520033442,-0.42969713056121606,-0.11015937891909999,-0.1286182981231505,0
2016-12-14,2645.930612244897,46.53714982701184,-0.7153234580850807,-0.4201934060817365,-0.100581531972189,0.009577846946910995,0
2016-12-15,2651.8591836734695,46.62467567588816,0.08752584887632509,0.8028493069614058,-0.08008443144287014,0.020497100529318857,0
2016-12-16,2667.713265306122,46.09653968551046,-0.5281359903777059,-0.615661839254031,-0.26329931460638534,-0.1832148831635152,0
2016-12-19,2678.1326530612246,46.39353014692221,0.29699046141175245,0.8251264517894583,-0.23081463803561064,0.032484676570774695,0
2016-12-20,2694.8234693877553,46.40360261990906,0.01007247298684888,-0.28691798842490357,-0.1697741330375777,0.06104050499803293,0
2016-12-21,2680.8326530612235,46.48345858303316,0.07985596312410337,0.06978349013725449,-0.010738248795732375,0.15903588424184534,0
2016-12-22,2677.3683673469372,46.497510510917,0.014051927883841131,-0.06580403524026224,-0.025433032994229166,-0.01469478419849679,0
2016-12-26,2671.9224489795915,46.503329043846975,0.005818532929971809,-0.008233394953869322,0.08135787166730779,0.10679090466153696,0
2016-12-27,2670.283673469388,46.104978231335664,-0.39835081251131044,-0.40416934544128225,-0.057710383117317576,-0.13906825478462537,0
2016-12-28,2674.3744897959173,45.661220584240574,-0.44375764709509014,-0.0454068345837797,-0.1484764071336926,-0.09076602401637501,0
2016-12-29,2643.6999999999994,45.61472245284948,-0.04649813139109682,0.3972595157039933,-0.1737472260367383,-0.025270818903045722,0
2016-12-30,2641.9887755102045,45.84221070717539,0.22748825432591246,0.2739863857170093,-0.13105996074832404,0.04268726528841427,0
2017-01-04,2700.408163265306,46.005241668143256,0.16303096096786618,-0.06445729335804629,-0.09961747514073949,0.03144248560758456,0
2017-01-05,2708.0744897959175,46.94901389787932,0.9437722297360622,0.780741268768196,0.1688071333087322,0.2684246084494717,0
2017-01-06,2702.5081632653064,47.03581191643036,0.0867980185510433,-0.8569742111850189,0.27491826643795036,0.10611113312921816,0
2017-01-10,2690.126530612245,46.961449949253314,-0.07436196717704746,-0.16115998572809076,0.26934549928077445,-0.005572767157175917,0
2017-01-11,2697.3581632653054,46.98653250844632,0.025082559193002396,0.09944452637004986,0.22886436025418533,-0.04048113902658912,0
2017-01-12,2675.3010204081625,47.0543482621753,0.0678157537289863,0.0427331945359839,0.2098213188064051,-0.01904304144778024,0
2017-01-13,2690.586734693877,47.23304238029976,0.17869411812445435,0.11087836439546805,0.05680569648408351,-0.15301562232232158,0
2017-01-16,2658.4326530612243,46.62148525231456,-0.6115571279852006,-0.7902512461096549,-0.082865332823161,-0.1396710293072445,0
2017-01-17,2618.155102040815,47.01602352272629,0.3945382704117364,1.006095398396937,0.010914714694600036,0.09378004751776103,0
2017-01-18,2627.6397959183673,47.51556023656867,0.4995367138423745,0.10499844343063813,0.1058055456244702,0.09489083092987016,0
2017-01-19,2642.789795918368,47.221025774083344,-0.29453446248532344,-0.794071176327698,0.03333550238160399,-0.07247004324286621,0
2017-01-20,2650.8724489795914,47.501574675008406,0.28054890092506213,0.5750833634103856,0.05370645894173265,0.02037095656012866,0
2017-01-23,2619.4265306122447,47.60790945569325,0.10633478068484692,-0.1742141202402152,0.19728484067574215,0.1435783817340095,0
2017-01-24,2619.1051020408154,47.29717720284577,-0.31073225284747963,-0.41706703353232655,0.056230736023891836,-0.1410541046518503,0
2017-01-25,2662.9214285714293,47.53743901352863,0.2402618106828598,0.5509940635303394,0.004375755391997416,-0.05185498063189442,0
2017-01-26,2703.895918367345,47.38606193100638,-0.15137708252225224,-0.391638893205112,0.033007231384608815,0.0286314759926114,0
2017-01-27,2719.382653061224,47.76865247931797,0.38259054831159034,0.5339676308338426,0.05341556086190735,0.020408329477298537,0
2017-01-30,2711.258163265306,47.26775451431803,-0.5008979649999432,-0.8834885133115336,-0.06803098827504783,-0.12144654913695518,0
2017-01-31,2678.5540816326534,47.08779070494641,-0.17996380937162115,0.32093415562832206,-0.04187729957986619,0.026153688695181643,0
2017-02-01,2688.672448979591,46.74935454599291,-0.338436158953499,-0.15847234958187784,-0.15761689350714647,-0.11573959392728028,0
2017-02-02,2654.259183673469,46.431880892005125,-0.3174736539877827,0.020962504965716278,-0.19083620780025257,-0.033219314293106095,0
2017-02-03,2663.4816326530613,46.33323713435687,-0.0986437576482544,0.21882989633952832,-0.28708306899221725,-0.09624686119196468,0
2017-02-06,2674.7224489795917,45.93744532699236,-0.39579180736451036,-0.29714804971625597,-0.2660618374651307,0.02102123152708657,0
2017-02-07,2673.6142857142854,45.85278420359027,-0.08466112340209264,0.3111306839624177,-0.24700130027122924,0.01906053719390144,0
2017-02-08,2692.688775510203,45.85232105123233,-0.0004631523579377017,0.08419797104415494,-0.17940669895212125,0.067594601319108,0
2017-02-09,2677.2336734693863,46.02749512807787,0.17517407684553632,0.17563722920347402,-0.08087715278544749,0.09852954616667375,0
2017-02-10,2740.78775510204,45.72245248412088,-0.30504264395698755,-0.48021672080252387,-0.12215693004719697,-0.04127977726174947,0
2017-02-13,2750.680612244899,46.52467483214027,0.8022223480193915,1.107264991976379,0.11744590102958341,0.23960283107678038,0
2017-02-14,2714.5112244897955,46.57846048935708,0.053785657216806726,-0.7484366908025848,0.14513525715336328,0.027689356123779874,0
2017-02-15,2729.2224489795917,46.79641344294403,0.217952953586952,0.16416729637014527,0.18881847834233412,0.04368322118897083,0
2017-02-16,2722.844897959182,46.80529294453972,0.008879501595693284,-0.2090734519912587,0.1555595632923712,-0.03325891504996292,0
2017-02-17,2713.485714285714,46.85059571053031,0.04530276599058425,0.036423264394890964,0.22562864528188697,0.07006908198951578,0
2017-02-20,2713.625510204081,46.81389530791571,-0.03670040261459917,-0.08200316860518342,0.05784409515508315,-0.16778455012680382,0
2017-02-21,2727.938775510204,46.84523003539714,0.03133472748142907,0.06803513009602824,0.053353909208013306,-0.004490185947069847,0
2017-02-22,2720.066326530613,46.94062041529119,0.09539037989405585,0.06405565241262678,0.02884139446943834,-0.024512514738574964,0
2017-02-23,2737.20612244898,46.97427340277209,0.033652987480898844,-0.06173739241315701,0.03379609164647235,0.0049546971770340065,0
2017-02-24,2724.4418367346925,47.076190972543465,0.10191756977137345,0.0682645822904746,0.045119052402625925,0.011322960756153577,0
2017-02-27,2697.3530612244895,47.42700833388359,0.35081736134012687,0.24889979156875341,0.12262260519357682,0.07750355279095089,0
2017-02-28,2695.581632653061,47.915467542430726,0.488459208547134,0.13764184720700712,0.2140475014067249,0.09142489621314809,0
2017-03-01,2732.381632653061,48.2702970777084,0.35482953527767336,-0.13362967326946062,0.26593533248343704,0.05188783107671213,0
2017-03-02,2753.448979591836,48.87795277336354,0.60765569565514,0.25282616037746664,0.3807358741182867,0.11480054163484965,0
2017-03-03,2753.0653061224475,48.57233946423252,-0.3056133091310187,-0.9132690047861587,0.2992296983378111,-0.08150617578047559,0
2017-03-06,2744.7020408163257,48.32457047820719,-0.24776898602532782,0.057844323105690876,0.17951242886472585,-0.11971726947308525,0
2017-03-07,2739.8428571428562,48.28568187710946,-0.03888860109773162,0.2088803849275962,0.07404286693574136,-0.10546956192898449,0
2017-03-08,2735.170408163266,48.33625687809201,0.050575000982547635,0.08946360208027926,0.01319196007672474,-0.06085090685901662,0
2017-03-09,2744.633673469387,42.93682713052945,-5.399429747562557,-5.450004748545105,-1.1882251285668204,-1.2014170886435451,0
2017-03-10,2791.773469387754,32.46636017957175,-10.4704669509577,-5.071037203395143,-3.2211958569321553,-2.032970728365335,0
2017-03-13,2795.7999999999997,33.488449839736944,1.022089660165193,11.492556611122893,-2.9672241276940454,0.25397172923810984,0
2017-03-14,2790.907142857142,32.68172518761344,-0.8067246521235063,-1.8288143122886993,-3.120791337899206,-0.15356721020516062,0
2017-03-15,2787.717346938775,32.92569000708728,0.2439648194738453,1.0506894715973516,-3.0821133742009437,0.038677963698262374,0
2017-03-16,2790.067346938775,32.95914611843334,0.033456111346055195,-0.2105087081277901,-1.995536202419224,1.0865771717817196,0
2017-03-17,2778.961224489795,33.00066894570308,0.041522827269744766,0.008066715923689571,0.10686175322626923,2.1023979556454933,0
2017-03-21,2775.9326530612248,33.43530950252884,0.4346405568257552,0.39311772955601043,-0.01062806744162259,-0.11748982066789182,0
2017-03-22,2725.4510204081635,33.33070369314169,-0.10460580938714514,-0.5392463662129003,0.12979570110564964,0.14042376854727223,0
2017-03-23,2726.7102040816317,35.58931686757685,2.2586131744351547,2.3632189838223,0.5327253720979144,0.40292967099226473,0
2017-03-24,2749.5061224489796,35.74151862718448,0.15220175960763527,-2.1064114148275195,0.5564745017502304,0.023749129652316014,0
2017-03-27,2720.4224489795915,36.21305807355375,0.47153944636927037,0.3193376867616351,0.6424778255701256,0.08600332381989517,0
2017-03-28,2764.851020408163,37.03502811268831,0.8219700391345555,0.3504305927652851,0.7199437220318998,0.07746589646177426,0
2017-03-29,2758.9561224489785,37.819027520305234,0.7839994076169248,-0.03797063151763069,0.8976647654327081,0.1777210434008083,0
2017-03-30,2737.3918367346946,37.861675428744846,0.04264790843961208,-0.7413514991773127,0.45447171223359817,-0.44319305319910995,0
2017-03-31,2711.381632653061,37.95832800251259,0.0966525737677415,0.05400466532812942,0.4433618750656265,-0.011109837167971648,0
2017-04-03,2719.702040816327,39.01625643152933,1.0579284290167408,0.9612758552489993,0.5606396715951121,0.11727779652948556,0
2017-04-04,2696.1183673469386,38.78759673237097,-0.2286596991583565,-1.2865881281750973,0.3505137239365297,-0.2101259476585824,0
2017-04-05,2704.2867346938774,39.07005130928051,0.28245457690953657,0.5111142760678931,0.2502047577950606,-0.10030896614146911,0
2017-04-06,2661.678571428571,38.96506764286185,-0.10498366641866141,-0.387438243328198,0.22067844282339166,-0.02952631497166891,0
2017-04-07,2671.022448979591,39.40563008763677,0.4405624447749261,0.5455461111935875,0.2894604170248485,0.06878197420145682,0
2017-04-10,2689.527551020408,39.34037093454673,-0.06525915309003949,-0.5058215978649656,0.06482290060347395,-0.22463751642137453,0
2017-04-11,2675.3673469387745,40.15930285514344,0.8189319205967038,0.8841910736867433,0.2743412245544974,0.20951832395102343,0
2017-04-12,2651.9193877551024,40.38929462305494,0.22999176791149978,-0.588940152685204,0.2638486627548815,-0.010492561799615885,0
2017-04-13,2631.254081632653,40.96905833846529,0.5797637154103512,0.34977194749885143,0.4007981391206883,0.1369494763658068,0
2017-04-14,2618.566326530612,41.251219381955885,0.28216104349059634,-0.29760267191975487,0.36911785886382376,-0.031680280256864535,0
2017-04-17,2628.6255102040814,41.341748733518095,0.09052935156221054,-0.1916316919283858,0.40027555979426666,0.0311577009304429,0
2017-04-18,2634.752040816326,41.51122390138219,0.16947516786409267,0.07894581630188213,0.27038420924775153,-0.12989135054651513,0
2017-04-19,2640.259183673469,41.7657620507157,0.2545381493335128,0.08506298146942015,0.2752934855321598,0.004909276284408293,0
2017-04-20,2639.902040816326,41.59264986191297,-0.17311218880273316,-0.427650338136246,0.12471830468953016,-0.15057518084262966,0
2017-04-21,2664.2744897959174,41.44573917658667,-0.14691068532629714,0.026201503476436017,0.03890395892616283,-0.08581434576336733,0
2017-04-24,2692.0969387755104,41.89906016088858,0.4533209843019108,0.600231669628208,0.1114622854740901,0.07255832654792727,0
2017-04-25,2715.0051020408164,42.11724322883369,0.21818306794511244,-0.23513791635679837,0.12120386549030826,0.009741580016218165,0
2017-04-26,2742.132653061223,42.59140337384935,0.4741601450156594,0.25597707707054695,0.16512826462673047,0.04392439913642221,0
2017-04-27,2739.9785714285713,42.61908815451555,0.02768478066619906,-0.44647536434946034,0.20528765852051833,0.040159393893787865,0
2017-04-28,2732.980612244899,42.461239965339445,-0.1578481891761072,-0.18553296984230627,0.2031001577505549,-0.0021875007699634352,0
2017-05-01,2750.4459183673466,40.50892108093308,-1.9523188844063668,-1.7944706952302596,-0.27802781599110205,-0.48112797374165694,0
2017-05-02,2763.5204081632646,40.25727616167984,-0.25164491925323773,1.700673965153129,-0.3719934134307721,-0.09396559743967003,0
2017-05-08,2839.904081632653,40.48274981967756,0.22547365799771768,0.4771185772509554,-0.4217307108343604,-0.04973729740358834,0
2017-05-09,2826.8326530612235,41.88626069459336,1.4035108749158027,1.178037216918085,-0.1465654919844397,0.27516521884992073,0
2017-05-10,2838.225510204082,41.91369787672433,0.02743718213096713,-1.3760736927848356,-0.10950841772302056,0.03705707426141913,0
2017-05-11,2843.4755102040813,41.48305701294816,-0.43064086377616917,-0.4580780459071363,0.19482718640301044,0.304335604126031,0
2017-05-12,2843.0683673469384,41.129524792303606,-0.3535322206445528,0.07710864313161636,0.17444972612475595,-0.02037746027825449,0
2017-05-15,2852.1071428571418,40.70071453238469,-0.42881025991891875,-0.07527803927436594,0.043592942541422985,-0.13085678358333297,0
2017-05-16,2851.7499999999995,39.52111477270362,-1.179599759681068,-0.7507894997621491,-0.4730291843779426,-0.5166221269193656,0
2017-05-17,2845.2959183673465,39.407687242423705,-0.11342753027991392,1.066172229401154,-0.5012021268601288,-0.02817294248218616,0
2017-05-18,2811.2510204081623,39.28516525277869,-0.1225219896450156,-0.00909445936510167,-0.43957835203389095,0.06162377482623782,0
2017-05-19,2821.313265306122,39.82510111937726,0.5399358665985687,0.6624578562435843,-0.26088473458526806,0.1786936174486229,0
2017-05-22,2843.5408163265292,39.08365066471367,-0.7414504546635854,-1.2813863212621541,-0.3234127735342085,-0.06252803894894043,0
2017-05-23,2839.1520408163256,39.12696717764488,0.043316512931205864,0.7847669675947913,-0.07882951901174806,0.24458325452246044,0
2017-05-24,2856.6877551020407,38.87875973003308,-0.24820744761179725,-0.2915239605430031,-0.10578550247812046,-0.026955983466372402,0
2017-05-25,2866.6397959183673,38.05995275326952,-0.8188069767635611,-0.5705995291517638,-0.24504249990183524,-0.13925699742371478,0
2017-05-26,2848.541836734693,38.124057215812506,0.06410446254298563,0.8829114393065467,-0.340208780712949,-0.09516628081111378,0
2017-05-29,2854.9969387755104,38.44213872200725,0.3180815061947442,0.25397704365175855,-0.12830238854128595,0.21190639217166307,0
2017-05-30,2858.201020408162,37.81814472479306,-0.6239939972141926,-0.9420755034089368,-0.2617644905703642,-0.13346210202907827,0
2017-05-31,2855.6244897959186,38.24874589823156,0.4306011734385038,1.0545951706526964,-0.12600276636030117,0.13576172421006305,0
2017-06-01,2892.0030612244886,38.29417976630675,0.04543386807518601,-0.3851673053633178,0.04684540260744541,0.17284816896774657,0
2017-06-02,2935.694897959182,39.34516962894269,1.0509898626359444,1.0055559945607584,0.24422248262603574,0.19737708001859033,0
2017-06-05,2941.74387755102,40.3035176469117,0.9583480179690085,-0.09264184466693592,0.37227578498089287,0.12805330235485712,0
2017-06-06,2908.5908163265303,40.3623065814578,0.05878893454610079,-0.8995590834229077,0.508832371332943,0.13655658635205015,0
2017-06-07,2906.4377551020407,40.508327234483495,0.146020653025694,0.08723171847959321,0.4519162672503896,-0.05691610408255343,0
2017-06-08,2889.1989795918366,40.36154537522787,-0.1467818592556256,-0.2928025122813196,0.4134731217842287,-0.0384431454661609,0
2017-06-09,2890.0806122448976,38.21594051110727,-2.1456048641205996,-1.998823004864974,-0.22584582356708438,-0.6393189453513131,0
2017-06-12,2871.4377551020407,37.89964841438528,-0.31629209672198755,1.829312767398612,-0.48077384650528643,-0.25492802293820205,0
2017-06-13,2871.6020408163267,37.20402682877286,-0.6956215856124217,-0.37932948889043416,-0.6316559505369881,-0.15088210403170166,0
2017-06-14,2865.4663265306112,36.97964261391078,-0.22438421486208426,0.47123737075033745,-0.7057369241145395,-0.07408097357755139,0
2017-06-15,2861.933673469387,36.97369870267406,-0.005943911236720112,0.21844030362536415,-0.6775693345107641,0.02816758960377541,0
2017-06-16,2871.29387755102,36.87434931807138,-0.09934938460267517,-0.09340547336595506,-0.2683182386071792,0.4092510959035849,0
2017-06-19,2889.4051020408165,37.06245219622576,0.18810287815438187,0.28745226275705704,-0.16743924363190388,0.1008789949752753,0
2017-06-20,2915.1591836734697,36.92939779913506,-0.133054397090703,-0.32115727524508486,-0.05492580592756724,0.11251343770433664,0
2017-06-21,2906.45306122449,37.04125711543701,0.11185931630195256,0.24491371339265555,0.012322900305250073,0.06724870623281731,0
2017-06-22,2900.5561224489797,37.15592364149904,0.11466652606202388,0.0028072097600713164,0.03644498776499461,0.024122087459744534,0
2017-06-23,2908.561224489795,37.049022760508734,-0.10690088099030248,-0.22156740705232636,0.03493468848747483,-0.0015102992775197777,0
2017-06-26,2917.1265306122446,36.5144718241368,-0.5345509363719358,-0.42765005538163336,-0.1095960744177944,-0.14453076290526923,0
2017-06-27,2924.555102040816,36.51952064998785,0.0050488258510483774,0.5395997622229842,-0.08197542982944128,0.027620644588353116,0
2017-06-28,2907.1602040816324,35.9201556669595,-0.5993649830283445,-0.6044138088793929,-0.22422028969550212,-0.14224485986606084,0
2017-06-29,2921.8948979591833,35.19694940758961,-0.7232062593698956,-0.12384127634155107,-0.3917948467818917,-0.16757455708638958,0
2017-06-30,2893.6397959183673,35.261445901112644,0.06449649352303766,0.7877027528929332,-0.35751537187921656,0.03427947490267513,0
2017-07-03,2899.4775510204076,35.26673134662822,0.005285445515575304,-0.05921104800746235,-0.24954809550171575,0.10796727637750081,0
2017-07-04,2884.2826530612233,35.24232159082422,-0.024409755804001065,-0.02969520131957637,-0.2554398118327228,-0.005891716331007046,0
2017-07-05,2903.4806122448977,35.00746469485235,-0.2348568959718662,-0.21044714016786514,-0.18253819442143282,0.07290161741128998,0
2017-07-06,2897.269387755102,34.966022450868536,-0.04144224398381624,0.19341465198804997,-0.04618539134420985,0.13635280307722297,0
2017-07-07,2891.331632653061,34.417107476815644,-0.5489149740528916,-0.5074727300690753,-0.16886768485939996,-0.12268229351519011,0
2017-07-10,2914.712244897958,34.353339183575734,-0.06376829323991018,0.4851466808129814,-0.18267843261050132,-0.01381074775110136,0
2017-07-11,2937.061224489795,34.43982571783157,0.08648653425583319,0.15025482749574337,-0.16049917459852736,0.022179258011973957,0
2017-07-12,2928.0,34.65636526067626,0.2165395428446928,0.1300530085888596,-0.0702198868352184,0.09027928776330896,0
2017-07-13,2931.8346938775503,34.79931836327172,0.14295310259546312,-0.07358644024922967,-0.03334081751935969,0.036879069315858715,0
2017-07-14,2928.8397959183667,34.63984304237577,-0.1594753208959503,-0.3024284234914134,0.04454711311203141,0.0778879306313911,0
2017-07-18,2921.076530612245,34.65269775676737,0.012854714391593802,0.1723300352875441,0.05987171463831942,0.015324601526288006,0
2017-07-19,2920.9724489795904,32.15911721250506,-2.493580544262308,-2.5064352586539016,-0.45614170106530594,-0.5160134157036254,0
2017-07-20,2945.9030612244896,32.179993548526255,0.020876336021196096,2.514456880283504,-0.495274342430001,-0.039132641364695075,0
2017-07-21,2953.6010204081617,32.09659930304234,-0.08339424548391605,-0.10427058150511215,-0.5405438120458754,-0.045269469615874414,0
2017-07-24,2929.8857142857137,31.235917736483977,-0.8606815665583625,-0.7772873210744464,-0.680785061178355,-0.1402412491324796,0
2017-07-25,2923.38775510204,30.60663659809928,-0.6292811383846981,0.23140042817366435,-0.8092122317336177,-0.12842717055526265,0
2017-07-26,2905.1979591836725,30.783762985775983,0.1771263876767044,0.8064075260614025,-0.2750708453458195,0.5341413863877982,0
2017-07-27,2925.155102040815,30.370312101033885,-0.41345088474209746,-0.5905772724188019,-0.3619362894984768,-0.08686544415265729,0
2017-07-28,2907.473469387755,29.797118427502856,-0.5731936735310299,-0.15974278878893244,-0.45989617510789316,-0.09795988560941638,0
2017-07-31,2895.3877551020396,29.509986150937205,-0.2871322765656501,0.2860613969653798,-0.3451863171093521,0.11470985799854105,0
2017-08-01,2913.0132653061205,28.860716626031746,-0.6492695249054599,-0.36213724833980976,-0.34918399441350445,-0.003997677304152347,0
2017-08-02,2933.359183673468,28.981465603981167,0.12074897794942174,0.7700185028548816,-0.36045947635896525,-0.011275481945460797,0
2017-08-03,2925.1173469387754,27.33001351005485,-1.6514520939263164,-1.7722010718757382,-0.6080597181958076,-0.24760024183684237,0
2017-08-04,2914.5510204081634,27.101101485699143,-0.2289120243557079,1.4225400695706085,-0.5392033883607432,0.0688563298350644,0
2017-08-07,2926.4377551020407,26.692933353429115,-0.4081681322700277,-0.17925610791431978,-0.5634105595016194,-0.024207171140876227,0
2017-08-08,2922.3285714285707,26.64650880304168,-0.046424550387435204,0.3617435818825925,-0.4428415645980124,0.12056899490360706,0
2017-08-09,2887.125510204081,26.003621475689677,-0.6428873273520033,-0.5964627769645681,-0.5955688256582974,-0.152727261060285,0
2017-08-10,2882.4673469387753,25.796974848696173,-0.20664662699350345,0.4362407003584998,-0.30660773227173266,0.2889610933865647,0
2017-08-14,2851.2969387755093,25.66229046301781,-0.13468438567836216,0.07196224131514128,-0.2877622045362678,0.018845527735464884,0
2017-08-15,2893.1928571428557,26.46145751010864,0.7991670470908296,0.9338514327691918,-0.04629516866409489,0.24146703587217289,0
2017-08-16,2892.9795918367345,26.951465980993294,0.4900084708846535,-0.30915857620617615,0.06099143559032427,0.10728660425441916,0
2017-08-17,2900.216326530612,26.959927341640576,0.008461360647281424,-0.48154711023737207,0.19126117319017766,0.13026973759985339,0
2017-08-18,2875.125510204081,27.1177648950294,0.15783755338882344,0.149376192741542,0.264158009266648,0.07289683607647035,0
2017-08-21,2866.825510204081,27.47338307432682,0.35561817929741935,0.1977806259085959,0.3622185222617986,0.09806051299515062,0
2017-08-22,2879.244897959184,27.21102037854424,-0.26236269578257776,-0.6179808750799971,0.14991257368711786,-0.21230594857468077,0
2017-08-23,2898.9142857142856,26.513909809184096,-0.6971105693601451,-0.4347478735775674,-0.08751123436183761,-0.23742380804895546,0
2017-08-24,2889.3612244897954,25.697920690857025,-0.8159891183270709,-0.11887854896692573,-0.25240133015670807,-0.16489009579487046,0
2017-08-25,2884.777551020408,25.91736710464501,0.2194464137879848,1.0354355321150557,-0.24007955807687864,0.01232177207982943,0
2017-08-28,2890.258163265306,26.07535010624869,0.15798300160367873,-0.061463412184306065,-0.2796065936156289,-0.039527035538750255,0
2017-08-29,2884.3744897959173,26.271769866283503,0.19641976003481432,0.03843675843113559,-0.18785010245214906,0.09175649116347984,0
2017-08-30,2906.284693877551,26.22092819692987,-0.05084166935363399,-0.2472614293884483,-0.058596322450842564,0.1292537800013065,0
2017-08-31,2921.8887755102037,23.810551757624246,-2.4103764393056224,-2.3595347699519884,-0.3774737866465543,-0.3188774641957117,0
2017-09-01,2923.3040816326516,24.16689495818504,0.3563432005607936,2.766719639866416,-0.3500944292919961,0.02737935735455821,0
2017-09-04,2899.5938775510203,24.394133880565036,0.2272389223799962,-0.1291042781807974,-0.33624324513673187,0.013851184155264207,0
2017-09-05,2878.333673469387,24.79325545281081,0.39912157224577527,0.17188264986577906,-0.29570288269453826,0.04054036244219361,0
2017-09-06,2877.6887755102034,24.959387927395102,0.16613247458429115,-0.23298909766148412,-0.2523080539069511,0.04339482878758716,0
2017-09-07,2896.84081632653,25.271656409983184,0.31226848258808104,0.1461360080037899,0.2922209304717853,0.5445289843787364,0
2017-09-08,2889.9510204081616,25.361106921575285,0.08945051159210138,-0.22281797099597966,0.2388423926780483,-0.053378537793737024,0
2017-09-11,2926.48775510204,25.085913589726424,-0.2751933318488611,-0.36464384344096246,0.1383559418322804,-0.1004864508457679,0
2017-09-12,2970.2030612244894,24.644504365516312,-0.441409224210112,-0.1662158923612509,-0.029750217458900607,-0.168106159291181,0
2017-09-13,2980.217346938775,25.302546675046827,0.658042309530515,1.099451533740627,0.06863174953034701,0.09838196698924762,0
2017-09-14,2970.5030612244886,25.39404371730621,0.09149704225938393,-0.5665452672711311,0.024477461464602612,-0.044154288065744396,0
2017-09-15,2985.9214285714284,25.4451506422808,0.05110692497459013,-0.0403901172847938,0.016808744141101783,-0.007668717323500829,0
2017-09-19,3040.9642857142844,25.28693708112878,-0.1582135611520208,-0.20932048612661092,0.040204698280472684,0.0233959541393709,0
2017-09-20,3050.9602040816317,27.49282578703824,2.2058887059094587,2.3641022670614795,0.569664284304384,0.5294595860239113,0
2017-09-21,3048.4602040816317,27.25125747547031,-0.2415683115679279,-2.4474570174773866,0.3897421600847011,-0.1799221242196829,0
2017-09-22,3040.3204081632643,27.007442918121868,-0.24381455734844337,-0.0022462457805154656,0.32267984016312923,-0.06706231992157186,0
2017-09-25,3054.5683673469375,26.909949239624584,-0.0974936784972833,0.14632087885116007,0.2929597194687581,-0.029720120694371133,0
2017-09-26,3046.5561224489797,26.875337572464996,-0.03461166715958797,0.06288201133769533,0.3176800982672425,0.024720378798484433,0
2017-09-27,3030.8142857142857,26.30326344414389,-0.5720741283211055,-0.5374624611615175,-0.23791246857887316,-0.5555925668461157,0
2017-09-28,3047.875510204081,24.041475919220183,-2.261787524923708,-1.6897133966026026,-0.64195631125002,-0.4040438426711468,0
2017-09-29,3043.405102040816,24.241335964680825,0.1998600454606425,2.4616475703843506,-0.5532213906882149,0.0887349205618051,0
2017-10-02,3040.7428571428563,23.745664264047832,-0.49567170063299315,-0.6955317460936357,-0.6328569951153469,-0.07963560442713202,0
2017-10-03,3066.3244897959185,23.836246892664292,0.09058262861645971,0.5862543292494529,-0.6078181359601409,0.025038859155205984,0
2017-10-04,3063.698979591835,24.30494263527008,0.4686957426057887,0.378113113989329,-0.39966416177476205,0.20815397418537884,0
2017-10-05,3059.940816326529,24.521493939540665,0.21655130427058467,-0.25214443833520406,0.09600360406409791,0.49566776583885996,0
2017-10-06,3062.133673469387,24.745878388018564,0.22438444847789896,0.007833144207314291,0.10090848466754565,0.004904880603447737,0
2017-10-10,3084.317346938774,24.892167284534608,0.14628889651604382,-0.07809555196185514,0.2293006040973573,0.12839211942981166,0
2017-10-11,3093.058163265305,24.590288915375243,-0.3018783691593647,-0.44816726567540854,0.15080840454218958,-0.07849219955516773,0
2017-10-12,3103.112244897959,24.662126416892768,0.07183750151752477,0.3737158706768895,0.0714367563245375,-0.07937164821765208,0
2017-10-13,3127.591836734694,24.32176843386342,-0.3403579830293495,-0.41219548454687427,-0.039945101135451466,-0.11138185745998896,0
2017-10-16,3135.668367346939,24.397731181438758,0.07596274757533905,0.41632073060468855,-0.0696294413159606,-0.02968434018050914,0
2017-10-17,3154.1959183673466,24.36015787973504,-0.03757330170371631,-0.11353604927905536,-0.10640188095991476,-0.03677243964395416,0
2017-10-18,3154.737755102041,24.28759741866631,-0.0725604610687327,-0.034987159365016396,-0.06053829934178623,0.045863581618128535,0
2017-10-19,3166.6938775510193,24.24349707293751,-0.04410034572879695,0.028460115339935754,-0.08372586879104915,-0.023187569449262924,0
2017-10-20,3170.095918367346,24.32232484041212,0.07882776747460696,0.12292811320340391,0.00011128130974213946,0.08383715010079129,0
2017-10-23,3195.9,24.318671016213717,-0.0036538241984018782,-0.08248159167300884,-0.01581203304500889,-0.015923314354751028,0
2017-10-24,3214.794897959183,24.559778956870737,0.24110794065702024,0.24476176485542211,0.03992421542713487,0.05573624847214376,0
2017-10-25,3205.320408163265,25.30180937847974,0.7420304216090017,0.5009224809519814,0.20284239196269027,0.1629181765355554,0
2017-10-26,3218.577551020408,24.94990959211937,-0.3518997863603701,-1.0939302079693718,0.14128250383636853,-0.06155988812632174,0
2017-10-27,3257.4857142857154,24.687653803459902,-0.2622557886594663,0.08964399770090381,0.07306579260955459,-0.06821671122681394,0
2017-10-30,3260.489795918367,25.062140627222067,0.37448682376216524,0.6367426124216315,0.148693922201673,0.0756281295921184,0
2017-10-31,3250.8581632653054,25.223241738972455,0.1611011117503871,-0.21338571201177814,0.1326925564203414,-0.0160013657813316,0
2017-11-01,3289.236734693877,24.90473353477863,-0.31850820419382586,-0.47960931594421297,-0.07941516874021914,-0.21210772516056053,0
2017-11-02,3301.7959183673465,24.945660935627288,0.04092740084865909,0.35943560504248495,-0.0008497312984161454,0.078565437441803,0
2017-11-06,3313.0030612244886,24.71102800265813,-0.2346329329691592,-0.2755603338178183,0.004674839839644562,0.005524571138060708,0
2017-11-07,3368.413265306122,24.27552073400244,-0.43550726865568734,-0.20087433568652813,-0.15732397864392667,-0.16199881848357123,0
2017-11-08,3384.1806122448975,24.96664042123324,0.691119687230799,1.1266269558864863,-0.05132026354784003,0.10600371509608664,0
2017-11-09,3384.1255102040823,24.489800827198557,-0.4768395940346828,-1.1679592812654818,-0.08298654151601426,-0.03166627796817423,0
2017-11-10,3362.936734693877,24.401626961524844,-0.08817386567371344,0.38866572836096935,-0.1088067948204916,-0.025820253304477347,0
2017-11-13,3323.340816326529,24.392745680901022,-0.008881280623821652,0.07929258504989178,-0.06365646435142125,0.045150330469070354,0
2017-11-14,3318.7499999999986,25.43811631783455,1.0453706369335265,1.0542519175573482,0.23251911676642578,0.29617558111784703,0
2017-11-15,3263.83469387755,25.420684083776635,-0.01743223405791383,-1.0628028709914403,0.09080873250867327,-0.1417103842577525,0
2017-11-16,3310.85612244898,27.318611028823693,1.8979269450470575,1.9153591791049713,0.5657620403250299,0.4749533078163566,0
2017-11-17,3320.8387755102044,27.61121915634419,0.2926081275204986,-1.605318817526559,0.6419184389638701,0.07615639863884027,0
2017-11-20,3303.8602040816318,27.156631638779185,-0.45458751756500604,-0.7471956450855046,0.5527771915756325,-0.08914124738823759,0
2017-11-21,3332.92857142857,27.10794781543485,-0.04868382334433363,0.4059036942206724,0.33396629952005696,-0.21881089205557558,0
2017-11-22,3349.68469387755,27.27469722603163,0.16674941059677906,0.2154332339411127,0.37080262845100265,0.03683632893094568,0
2017-11-24,3366.766326530613,27.32569235158175,0.05099512555011998,-0.11575428504665908,0.0014162645516115902,-0.36938636389939106,0
2017-11-27,3354.643877551021,27.58531979357552,0.25962744199376786,0.20863231644364788,-0.005179872553735976,-0.006596137105347566,0
2017-11-28,3329.4448979591834,28.17156370860429,0.5862439150287706,0.32661647303500274,0.20298641396502148,0.20816628651875746,0
2017-11-29,3331.026530612244,28.100375516794056,-0.07118819181023284,-0.6574321068390034,0.1984855402718395,-0.004500873693181973,0
2017-11-30,3313.1530612244896,28.30884789017204,0.2084723733779832,0.279660565188216,0.20683013282808105,0.008344592556241537,0
2017-12-01,3332.238775510205,28.126737766085785,-0.18211012408625393,-0.3905824974642371,0.16020908290080982,-0.04662104992727123,0
2017-12-04,3306.159183673469,28.20305030976665,0.0763125436808636,0.25842266776711753,0.12354610323822612,-0.036662979662583695,0
2017-12-05,3304.0857142857144,28.449574260570973,0.246523950804324,0.1702114071234604,0.05560211039333396,-0.06794399284489216,0
2017-12-06,3250.566326530611,28.18324748424386,-0.2663267763271122,-0.5128507271314362,0.016574393489957373,-0.039027716903376586,0
2017-12-07,3299.4959183673473,29.01982306702255,0.8365755827786892,1.1029023591058014,0.1421950353701078,0.12562064188015043,0
2017-12-08,3347.8530612244904,29.363876837737436,0.3440537707148863,-0.49252181206380286,0.24742781433032945,0.10523277896022165,0
2017-12-11,3362.4663265306117,28.815003152726167,-0.5488736850112694,-0.8929274557261557,0.12239056859190356,-0.1250372457384259,0
2017-12-12,3355.541836734694,28.378896123384337,-0.4361070293418301,0.11276665566943933,-0.014135627437326548,-0.1365261960292301,0
2017-12-13,3322.2357142857136,28.139099834561502,-0.2397962888228342,0.19631074051899589,-0.008829529936470237,0.0053060975008563105,0
2017-12-14,3313.659183673469,27.971669828022986,-0.1674300065385168,0.07236628228431741,-0.20963064779991214,-0.2008011178634419,0
2017-12-15,3306.6030612244904,26.99081549081541,-0.9808543372075746,-0.8134243306690578,-0.4746122693844086,-0.26498162158449645,0
2017-12-18,3361.3438775510203,27.28898278726422,0.2981672964488098,1.2790216336563844,-0.30520407309238706,0.16940819629202153,0
2017-12-19,3357.6816326530593,28.076106346311956,0.7871235590477355,0.48895626259892566,-0.06055795541448106,0.244646117677906,0
2017-12-20,3369.3030612244893,28.007413180770627,-0.06869316554132965,-0.8558167245890651,-0.026337330758170907,0.03422062465631015,0
2017-12-21,3371.836734693878,27.45888984115612,-0.5485233396145048,-0.4798301740731752,-0.10255599737337207,-0.07621866661520116,0
2017-12-22,3383.231632653061,27.4280731670083,-0.030816674147821743,0.5177066654666831,0.08745153523857851,0.19000753261195058,0
2017-12-25,3398.3959183673464,27.444417143325165,0.016343976316864683,0.04716065046468643,0.031086871212188782,-0.05636466402638973,0
2017-12-26,3384.9795918367345,27.325070483164293,-0.11934666016087192,-0.1356906364777366,-0.15020717262953198,-0.18129404384172076,0
2017-12-27,3377.657142857142,27.411997069127565,0.08692658596327263,0.20627324612414455,-0.11908322232861579,0.031123950300916192,0
2017-12-28,3358.134693877551,27.145767910900226,-0.2662291582273397,-0.35315574419061235,-0.06262438605117637,0.05645883627743942,0
2017-12-29,3349.9071428571424,27.552945526130745,0.40717761523051976,0.6734067734578595,0.024974471824485533,0.0875988578756619,0
2018-01-04,3447.6336734693864,27.181533706962124,-0.3714118191686211,-0.7785894343991409,-0.05257668727260523,-0.07755115909709076,0
2018-01-05,3493.3377551020394,30.351294378915878,3.169760671953753,3.5411724911223743,0.6052447791503184,0.6578214664229236,0
2018-01-09,3513.0571428571434,30.63831342683765,0.287019047921774,-2.882741624031979,0.6452632715420172,0.04001849239169886,0
2018-01-10,3507.9816326530613,30.64054466640739,0.0022312395697383636,-0.28478780835203565,0.6989553511014321,0.05369207955941491,0
2018-01-11,3500.895918367345,30.35513512380172,-0.2854095426056702,-0.28764078217540856,0.5604379195341913,-0.13851743156724083,0
2018-01-12,3512.8214285714284,29.88492894351569,-0.4702061802860307,-0.18479663768036048,0.5406790473107179,-0.01975887222347339,0
2018-01-15,3524.0918367346926,29.680361536798618,-0.20456740671707152,0.26563877356895915,-0.13418656842345555,-0.6748656157341735,0
2018-01-16,3576.829591836734,29.66128041320877,-0.019081123589845816,0.1854862831272257,-0.1954066027257717,-0.06122003430231615,0
2018-01-17,3598.2285714285717,29.447629446366665,-0.21365096684210627,-0.19456984325226045,-0.23858304400814845,-0.04317644128237674,0
2018-01-18,3587.0540816326525,29.325880097773243,-0.12174934859342201,0.09190161824868426,-0.2058510052056981,0.03273203880245035,0
2018-01-19,3608.447959183673,28.130696496769374,-1.195183601003869,-1.073434252410447,-0.35084648934925866,-0.14499548414356056,0
2018-01-22,3608.521428571428,28.221810316725943,0.09111381995656842,1.2862974209604374,-0.2917102440145385,0.05913624533472017,0
2018-01-23,3639.814285714285,28.34175328479575,0.11994296806980742,0.028829148113239,-0.2639054256825979,0.027804818331940595,1
2018-01-24,3618.9857142857136,28.564078959688597,0.22232567489284705,0.10238270682303963,-0.17671009733562215,0.08719532834697574,1
2018-01-25,3579.712244897958,28.556625409152065,-0.00745355053653185,-0.2297792254293789,-0.1538509377242292,0.022859159611392954,1
2018-01-26,3564.0969387755104,29.047779005625465,0.4911535964733993,0.49860714700993114,0.18341650177121593,0.33726743949544513,1
2018-01-29,3565.246938775509,29.015927611267028,-0.03185139435843709,-0.5230049908318364,0.15882345890821625,-0.02459304286299968,1
2018-01-30,3513.3622448979586,28.91553345019285,-0.10039416107417765,-0.06854276671574056,0.11475603307941995,-0.0440674258287963,1
2018-01-31,3472.6969387755094,29.82616712014827,0.9106336699554198,1.0110278310295975,0.25241763209193735,0.1376615990125174,1
2018-02-01,3540.8704081632645,30.209953663624464,0.38378654347619445,-0.5268471264792254,0.3306656508944812,0.07824801880254384,1
2018-02-02,3527.033673469388,30.78764099842754,0.5776873348030769,0.19390079132688243,0.3479723985604082,0.01730674766592699,1
2018-02-05,3435.6704081632643,30.52007555682613,-0.2675654416014126,-0.8452527764044895,0.3008295891118209,-0.047142809448587286,1
2018-02-06,3273.55,32.42821492656765,1.9081393697415194,2.175704811342932,0.7025362952749639,0.40170670616314297,0
2018-02-07,3290.3938775510196,38.894732345604616,6.466517419036968,4.558378049295449,1.8137130450912728,1.111176749816309,0
2018-02-08,3302.298979591838,38.72540045465351,-0.16933189095110635,-6.635849309988075,1.7030893582058013,-0.11062368688547153,0
2018-02-09,3223.4693877551013,38.74342891798352,0.018028463330011846,0.1873603542811182,1.5911575839112047,-0.11193177429459666,0
2018-02-13,3196.007142857142,39.88609027995268,1.1426613619691608,1.124632898639149,1.8732029446253051,0.28204536071410047,0
2018-02-14,3164.6499999999996,40.011962264757976,0.12587198480529338,-1.0167893771638674,1.5167494676380713,-0.35645347698723384,0
2018-02-15,3210.683673469388,39.98011763628498,-0.03184462847299585,-0.15771661327828923,0.21707705813606282,-1.2996724095020085,0
2018-02-16,3238.4438775510203,39.788402172224,-0.19171546406097661,-0.15987083558798076,0.2126003435141044,-0.004476714621958422,0
2018-02-19,3314.236734693877,40.0146292877542,0.22622711553019315,0.41794257959116976,0.2542400739541293,0.04163973044002489,0
2018-02-20,3266.833673469387,41.007833983440655,0.9932046956864582,0.766977580156265,0.22434874069760014,-0.02989133325652915,0
2018-02-21,3281.029591836734,41.14134509385844,0.13351111041778552,-0.8596935852686727,0.2258765658200872,0.0015278251224870587,0
2018-02-22,3246.368367346938,40.89759821971028,-0.2437468741481581,-0.3772579845659436,0.18349611668506327,-0.04238044913502392,0
2018-02-23,3275.228571428572,40.89541135619112,-0.002186863519163751,0.24156001062899435,0.22140183679342584,0.03790572010836257,0
2018-02-26,3304.706122448979,41.06088910591571,0.1654777497245945,0.16766461324375825,0.2092519636323047,-0.01214987316112115,0
2018-02-27,3342.6,41.31161069660516,0.25072159068944444,0.08524384096484994,0.06075534263290194,-0.14849662099940275,0
2018-02-28,3282.0193877551005,41.37578000155998,0.06416930495482376,-0.18655228573462068,0.04688698154030391,-0.013868361092598036,0
2018-03-01,3222.703061224489,41.86876673128976,0.49298672972977897,0.4288174247749552,0.19423370231589132,0.14734672077558741,0
2018-03-02,3160.048979591836,42.8833309890832,1.0145642577934382,0.5215775280636592,0.39758392657842023,0.2033502242625289,0
2018-03-05,3142.8438775510194,44.04684536693483,1.1635143778516337,0.14895012005819552,0.5971912522038281,0.19960732562540784,0
2018-03-06,3191.440816326531,43.98109876534496,-0.065746601589872,-1.2292609794415057,0.5338976137479534,-0.06329363845587466,0
2018-03-07,3152.3071428571425,44.62130598212659,0.6402072167816328,0.7059538183715048,0.6491051961133252,0.11520758236537176,0
2018-03-08,3177.8867346938773,44.366313309814856,-0.2549926723117366,-0.8951998890933694,0.4995093157050192,-0.14959588040830596,0
2018-03-09,3203.3193877551025,44.655351048251454,0.28903773843659764,0.5440304107483342,0.354404011833644,-0.1451053038713752,0
2018-03-12,3249.606122448979,44.65822900625436,0.0028779580029052454,-0.2861597804336924,0.12227672786391253,-0.23212728396973148,0
2018-03-13,3280.416326530611,45.41742351674099,0.7591945104866298,0.7563165524837245,0.2872649502792086,0.1649882224152961,0
2018-03-14,3251.52857142857,45.23025293944512,-0.18717057729586628,-0.9463650877824961,0.12178939146370027,-0.16547555881550835,0
2018-03-15,3262.591836734692,45.38034500173949,0.15009206229436955,0.33726263959023584,0.20280633838493145,0.08101694692123118,0
2018-03-16,3247.412244897959,44.65154971427533,-0.728795287464159,-0.8788873497585286,-0.0007602667952255615,-0.203566605180157,0
2018-03-19,3216.5714285714284,44.56821671494463,-0.08333299933070037,0.6454622881334586,-0.018002458261946686,-0.017242191466721124,0
2018-03-20,3192.4448979591834,44.795991930145256,0.22777521520062294,0.3111082145313233,-0.12428631731914663,-0.10628385905719995,0
2018-03-22,3222.79693877551,44.72614525383897,-0.06984667630628394,-0.2976218915069069,-0.10082153712122732,0.02346478019791931,0
2018-03-23,3074.8693877551023,44.49438449631764,-0.23176075752132874,-0.1619140812150448,-0.17719210108437267,-0.07637056396314534,0
2018-03-26,3102.1020408163267,47.653968508189465,3.1595840118718215,3.39134476939315,0.6004837587828291,0.7776758598672018,0
2018-03-27,3180.9683673469376,47.58841658860463,-0.0655519195848342,-3.2251359314566557,0.6040399747319967,0.0035562159491675516,0
2018-03-28,3140.866326530611,49.00115345870049,1.4127368700958627,1.4782887896806969,0.8410323057110531,0.23699233097905648,0
2018-03-29,3153.158163265306,49.10019849722631,0.0990450385258157,-1.313691831570047,0.8748106486774603,0.03377834296640714,0
2018-03-30,3185.5469387755093,48.94782672861006,-0.15237176861624846,-0.25141680714206416,0.8906884464584834,0.015877797781023162,0
2018-04-02,3171.7193877551013,49.51598175344106,0.5681550248310003,0.7205267934472488,0.37240264905032205,-0.5182857974081614,0
2018-04-03,3156.6663265306115,49.67678658387059,0.16080483042952665,-0.4073501944014737,0.4176739990531857,0.04527135000286364,0
2018-04-04,3140.7459183673454,49.57852066005964,-0.09826592381094912,-0.25907075424047576,0.1154734402718347,-0.302200558781351,0
2018-04-05,3176.7173469387753,49.56248567118693,-0.016034988872711153,0.08223093493823797,0.09245743479212365,-0.023016005479711055,0
2018-04-06,3151.1744897959175,49.52994943208776,-0.0325362390991657,-0.016501250226454545,0.1164245406955402,0.023967105903416552,0
2018-04-09,3146.337755102041,49.28827953937178,-0.24166989271598283,-0.20913365361681713,-0.04554044281385217,-0.16196498350939237,0
2018-04-10,3170.068367346937,49.12255409126772,-0.16572544810405532,0.07594444461192751,-0.11084649852057282,-0.06530605570672066,0
2018-04-11,3172.3326530612244,48.97670851192151,-0.145845579346215,0.019879868757840313,-0.1203624296276331,-0.009515931107060283,0
2018-04-12,3157.4316326530607,48.75589668585427,-0.2208118260672407,-0.0749662467210257,-0.1613177970665305,-0.04095536743889738,0
2018-04-13,3189.9857142857136,48.838849352217146,0.08295266636287835,0.30376449243011905,-0.13822001597412026,0.02309778109241023,0
2018-04-16,3187.5183673469387,49.00535025083864,0.16650089862149287,0.08354823225861452,-0.05658585770662938,0.08163415826749088,0
2018-04-17,3185.3479591836726,49.07314887165063,0.06779862081199184,-0.09870227780950103,-0.009881043923421373,0.04670481378320801,0
2018-04-18,3236.530612244897,48.741936404963774,-0.331212466686857,-0.39901108749884884,-0.04695442139154693,-0.03707337746812556,0
2018-04-19,3219.3244897959175,48.98262563690413,0.24068923194035818,0.5719016986272152,0.045345790209971426,0.09230021160151836,0
2018-04-20,3205.6193877551013,49.13961307119046,0.15698743428632866,-0.08370179765402952,0.060152743794667174,0.014806953584695748,0
2018-04-23,3199.6499999999996,48.99521167915228,-0.14440139203818347,-0.30138882632451214,-0.0020277143372737783,-0.06218045813194095,0
2018-04-24,3245.7112244897953,48.80582842098746,-0.18938325816481694,-0.04498186612663346,-0.05346409013262843,-0.05143637579535465,0
2018-04-25,3217.3102040816316,49.041717379585705,0.23588895859824532,0.42527221676306226,0.05995619492438209,0.11342028505701052,0
2018-04-26,3242.056122448979,48.7923887214798,-0.24932865810590243,-0.48521761670414776,-0.038047383084858666,-0.09800357800924075,0
2018-04-27,3242.8234693877557,48.6697250588238,-0.12266366265600226,0.12666499544990018,-0.09397760247333764,-0.055930219388478974,0
2018-05-01,3249.5153061224496,47.50750059103651,-1.16222446778729,-1.0395608051312877,-0.29754221762315325,-0.2035646151498156,0
2018-05-02,3247.33163265306,46.77211681618851,-0.7353837748480032,0.4268406929392867,-0.40674232095979335,-0.1092001033366401,0
2018-05-07,3244.8795918367337,44.81443547078599,-1.95768134540252,-1.2222975705545167,-0.8454563817599379,-0.4387140608001445,0
2018-05-08,3265.7397959183663,44.522947968586735,-0.2914875021992529,1.666193843203267,-0.8538881505786193,-0.008431768818681462,0
2018-05-09,3243.7479591836723,44.2714773088462,-0.2514706597405336,0.04001684245871928,-0.8796495499955199,-0.025761399416900588,0
2018-05-10,3257.024489795917,44.131957890074176,-0.139519418772025,0.11195124096850861,-0.6751085401924684,0.20454100980305157,0
2018-05-11,3304.4040816326524,44.16700904460341,0.03505115452923491,0.1745705733012599,-0.5210215543170236,0.15408698587544478,0
2018-05-14,3309.411224489795,44.13602163028632,-0.030987414317088735,-0.06603856884632364,-0.13568276809992597,0.3853387862170976,0
2018-05-15,3300.3642857142854,43.84815981802449,-0.2878618122618306,-0.2568743979447419,-0.13495763011244577,0.0007251379874801955,0
2018-05-16,3289.0785714285707,43.73462125090467,-0.11353856711982502,0.1743232451420056,-0.10737121158830831,0.027586418524137457,0
2018-05-17,3298.8979591836733,43.69327158838887,-0.04134966251579897,0.07218890460402605,-0.08773726033706453,0.019633951251243786,0
2018-05-18,3322.833673469387,43.68633759882545,-0.0069339895634144,0.03441567295238457,-0.09613428915559297,-0.00839702881852844,0
2018-05-21,3336.6306122448973,43.59181476736123,-0.09452283146422502,-0.08758884190081062,-0.1088413725850117,-0.01270708342941873,0
2018-05-22,3336.274489795918,43.40164080707771,-0.1901739602835164,-0.09565112881929139,-0.08930380218936307,0.01953757039564863,0
2018-05-23,3305.1785714285716,43.13973242463602,-0.261908382441689,-0.0717344221581726,-0.1189777652537245,-0.02967396306436143,0
2018-05-24,3263.8755102040814,43.28911358058832,0.14938115595229817,0.4112895383939872,-0.08083160156010649,0.03814616369361801,0
2018-05-25,3266.38775510204,43.32930849543099,0.04019491484267235,-0.10918624110962583,-0.07140582067889767,0.009425780881208823,0
2018-05-28,3271.5999999999995,43.242315540089535,-0.0869929553414579,-0.12718787018413025,-0.06989984545433714,0.0015059752245605296,0
2018-05-29,3260.1122448979586,43.25938935978135,0.01707381969181654,0.10406677503327444,-0.02845028945927197,0.04144955599506517,0
2018-05-30,3209.098979591836,43.01173742146986,-0.2476519383114919,-0.26472575800330844,-0.02559900063323539,0.00285128882603658,0
2018-05-31,3228.5367346938765,43.59846317983396,0.5867257583641035,0.8343776966755954,0.06186991984912993,0.08746892048236532,0
2018-06-01,3227.673469387755,43.60802956082815,0.00956638099418683,-0.5771593773699166,0.05574421307942856,-0.006125706769701367,0
2018-06-04,3266.788775510204,43.703776067954486,0.0957465071263357,0.08618012613214887,0.09229210557299439,0.036547892493565826,0
2018-06-05,3268.439795918367,43.329521430287016,-0.3742546376674696,-0.4700011447938053,0.014026414101131479,-0.07826569147186291,0
2018-06-06,3265.2846938775497,38.84931384145734,-4.480207588829678,-4.105952951162209,-0.8324847160025044,-0.8465111301036359,0
2018-06-07,3288.0244897959174,39.08984752356334,0.24053368210600468,4.720741270935683,-0.9017231312541227,-0.06923841525161833,0
2018-06-08,3272.4765306122445,39.074667127502494,-0.015180396060848977,-0.25571407816685365,-0.9066724866651299,-0.004949355411007161,0
2018-06-11,3284.2204081632644,38.24595553581225,-0.8287115916902437,-0.8135311956293947,-1.09156410642845,-0.18489161976332014,0
2018-06-12,3290.8744897959177,37.8904466876574,-0.35550884815484807,0.4732027435353956,-1.0878149485259243,0.003749157902525724,0
2018-06-13,3297.8826530612246,37.70776458770885,-0.18268209994855056,0.1728267482062975,-0.2283098507496959,0.8595050977762284,0
2018-06-14,3256.048979591836,37.876607277513024,0.1688426898041726,0.35152478975272317,-0.242648049210068,-0.014338198460372098,0
2018-06-15,3264.0275510204083,37.81778483672922,-0.05882244078380694,-0.22766513058797955,-0.2513764581546525,-0.008728408944584487,0
2018-06-18,3227.1806122448975,36.33387741103677,-1.4839074256924505,-1.4250849849086435,-0.38241562495509385,-0.13103916680044136,0
2018-06-19,3186.5448979591833,36.39758551791621,0.06370810687944584,1.5476155325718963,-0.29857223394824217,0.08384339100685168,0
2018-06-20,3227.6499999999996,37.07144252236086,0.673857004444649,0.6101488975652032,-0.12726441306958947,0.1713078208786527,0
2018-06-21,3251.5795918367344,36.76094589619331,-0.3104966261675486,-0.9843536306121976,-0.2231322762639465,-0.09586786319435703,0
2018-06-22,3251.109183673468,36.45388611891318,-0.3070597772801307,0.0034368488874179093,-0.27277974356320556,-0.04964746729925906,0
2018-06-25,3213.497959183673,36.2041647882809,-0.2497213306322834,0.05733844664784726,-0.0259425245511693,0.24683721901203626,0
2018-06-26,3215.4928571428563,36.0396962528342,-0.16446853544670148,0.08525279518558193,-0.07157785301640729,-0.04563532846523799,0
2018-06-27,3203.788775510203,35.40650572960691,-0.6331905232272845,-0.46872198778058305,-0.3329873585507954,-0.26140950553438813,0
2018-06-28,3192.3948979591833,34.43299867456776,-0.9735070550391498,-0.3403165318118653,-0.4655894443251043,-0.13260208577430888,0
2018-06-29,3187.269387755101,32.86164356986012,-1.5713551047076422,-0.5978480496684924,-0.7184485098106137,-0.2528590654855094,0
2018-07-02,3129.35918367347,32.86703276023551,0.005389190375389319,1.5767442950830315,-0.6674264056090777,0.05102210420153597,0
2018-07-03,3128.171428571428,33.472193108266744,0.6051603480312338,0.5997711576558444,-0.5135006289134907,0.15392577669558705,0
2018-07-04,3081.3795918367337,33.27872442024453,-0.1934686880222145,-0.7986290360534483,-0.4255562618724724,0.08794436704101827,0
2018-07-05,3037.1755102040815,33.08722106191667,-0.19150335832785714,0.001965329694357365,-0.2691555225302267,0.15640073934224574,0
2018-07-06,3071.988775510203,33.21786683093143,0.13064576901475533,0.3221491273426125,0.07124465221426846,0.34040017474449513,0
2018-07-09,3100.9897959183663,32.473870528588584,-0.7439963023428433,-0.8746420713575986,-0.0786324463293866,-0.14987709854365505,0
2018-07-10,3128.077551020408,32.67352333953,0.19965281094141574,0.943649113284259,-0.15973395374734878,-0.08110150741796218,0
2018-07-11,3086.1153061224472,32.53022281840288,-0.14330052112711655,-0.3429533320685323,-0.14970032036833203,0.010033633379016749,0
2018-07-12,3104.451020408162,32.856557268638944,0.326334450236061,0.46963497136317756,-0.04613275865554556,0.10356756171278647,0
2018-07-13,3148.859183673469,32.7213628033462,-0.13519446529274148,-0.4615289155288025,-0.09930080551704634,-0.053168046861500784,0
2018-07-17,3145.488775510203,32.81351524274363,0.09215243939742379,0.22734690469016527,0.06792894283100992,0.16722974834805626,0
2018-07-18,3154.2673469387755,33.065522115057654,0.25200687231402696,0.15985443291660317,0.07839975510552932,0.010470812274519403,0
2018-07-19,3153.4326530612234,33.17480855782675,0.10928644276909694,-0.14272042954493003,0.1289171478847777,0.05051739277924838,0
2018-07-20,3148.7285714285713,27.748971898339445,-5.425836659487306,-5.535123102256403,-1.0215170740599007,-1.1504342219446784,0
2018-07-23,3121.554081632653,27.89851647882573,0.14954458048628538,5.575381239973591,-0.964569264904096,0.05694780915580466,0
2018-07-24,3146.883673469387,24.37415235290207,-3.524364125923661,-3.6739087064099465,-1.6878725779683101,-0.7233033130642141,0
2018-07-25,3159.467346938775,23.935358712455866,-0.43879364044620317,3.085570485477458,-1.8260326805203597,-0.13816010255204958,0
2018-07-26,3165.0887755102026,24.05205981163803,0.11670109918216554,0.5554947396283687,-1.8245497492377432,0.001482931282616562,0
2018-07-27,3191.3724489795923,24.029469011598646,-0.022590800039385073,-0.1392918992215506,-0.7439005773481568,1.0806491718895863,0
2018-07-30,3162.470408163266,23.760682029263908,-0.2687869823347384,-0.24619618229535334,-0.8275668899123652,-0.08366631256420831,0
2018-07-31,3159.0897959183667,23.6247681657908,-0.13591386347310674,0.13287311886163167,-0.149876837422255,0.6776900524901102,0
2018-08-01,3187.1653061224483,23.5261266421398,-0.09864152365100054,0.037272339822106204,-0.08184641406321447,0.06803042335904053,0
2018-08-02,3149.851020408163,22.679659539609027,-0.8464671025307737,-0.7478255788797732,-0.27448005440580303,-0.19263364034258856,0
2018-08-03,3146.6214285714277,22.891961988475234,0.21230244886620753,1.0587695513969813,-0.22750140462467883,0.046978649781124204,0
2018-08-06,3131.617346938775,22.716807551337556,-0.1751544371376781,-0.3874568860038856,-0.20877489558527174,0.01872650903940709,0
2018-08-07,3157.523469387754,22.61225114738249,-0.10455640395506549,0.0705980331826126,-0.20250340368166064,0.006271491903611093,0
2018-08-08,3181.3224489795916,23.031662006305627,0.41941085892313623,0.5239672628782017,-0.09889292716683329,0.10361047651482735,0
2018-08-09,3183.9214285714284,22.80898488110262,-0.2226771252030062,-0.6420879841261424,0.025865068298713823,0.12475799546554711,0
2018-08-10,3142.2908163265306,22.53058794818161,-0.2783969329210123,-0.05571980771800611,-0.07227480805872233,-0.09813987635743615,0
2018-08-13,3060.5775510204076,23.023914046052404,0.4933260978707956,0.7717230307918079,0.06142129894297099,0.13369610700169332,0
2018-08-14,3115.7663265306114,24.59107706234896,1.5671630162965542,1.0738369184257586,0.39576518299329067,0.3343438840503197,0
2018-08-15,3102.029591836734,25.30150305682812,0.7104259944791629,-0.8567370218173913,0.4539682101045024,0.058203027111211725,0
2018-08-16,3100.5132653061205,25.53630946173933,0.23480640491120752,-0.47561958956795536,0.5454649161273402,0.09149670602283777,0
2018-08-17,3120.356122448978,25.63264589414914,0.09633643240981016,-0.13846997250139736,0.6204115891935018,0.07494667306616165,0
2018-08-20,3116.59081632653,25.90169855586685,0.269052661717712,0.17271622930790187,0.5755569019628943,-0.04485468723060748,0
2018-08-21,3114.424489795918,25.237919916707057,-0.6637786391597942,-0.9328313008775062,0.12936857087161968,-0.44618833109127465,0
2018-08-22,3144.70306122449,25.30241827410232,0.06449835739526222,0.7282769965550564,0.00018304345483954876,-0.12918552741678013,0
2018-08-23,3136.68469387755,25.625557462777543,0.3231391886752242,0.25864083127996196,0.01784960020764359,0.01766655675280404,0
2018-08-24,3149.354081632652,26.230430511513145,0.6048730487356018,0.2817338600603776,0.11955692347279978,0.10170732326515619,0
2018-08-27,3194.056122448979,26.965077743160784,0.7346472316476387,0.1297741829120369,0.21267583745878937,0.0931189139859896,0
2018-08-28,3203.6020408163267,27.65507327395037,0.689995530789588,-0.0446517008580507,0.4834306714486587,0.2707548339898693,0
2018-08-29,3201.868367346939,27.76879812946961,0.11372485551923717,-0.5762706752703508,0.49327597107345866,0.009845299624799964,0
2018-08-30,3195.903061224489,28.089012571637912,0.32021444216830375,0.20648958664906658,0.4926910217720746,-0.0005849493013840856,0
2018-08-31,3201.5112244897955,28.32851550878608,0.23950293714816695,-0.0807115050201368,0.41961699945458975,-0.07307402231748483,0
2018-09-03,3167.45612244898,28.29257109163057,-0.035944417155509,-0.27544735430367595,0.2654986696939581,-0.15411832976063167,0
2018-09-04,3165.166326530613,28.33784026797035,0.04526917633977945,0.08121359349528845,0.13655339880399353,-0.12894527088996455,0
2018-09-05,3139.575510204081,28.594308004003555,0.25646773603320483,0.21119855969342538,0.1651019749067899,0.028548576102796375,0
2018-09-06,3114.112244897959,28.878702295740936,0.2843942917373816,0.027926555704176792,0.15793794482060264,-0.0071640300861872674,0
2018-09-07,3083.127551020408,29.168272695633785,0.28957039989284894,0.005176108155467318,0.16795143736954543,0.010013492548942793,0
2018-09-10,3088.5499999999997,28.97494991792662,-0.19332277770716644,-0.4828931776000154,0.13647576525920613,-0.0314756721103393,0
2018-09-11,3116.275510204081,28.95692587167139,-0.018024046255227688,0.17529873145193875,0.12381712074020612,-0.012658644519000006,0
2018-09-12,3099.17857142857,29.26823038667227,0.3113045150008773,0.329328561256105,0.1347844765337456,0.010967355793539468,0
2018-09-13,3134.804081632653,29.24827845981933,-0.019951926852940005,-0.3312564418538173,0.07391523281567558,-0.06086924371807001,0
2018-09-14,3191.6530612244887,29.39963100366168,0.15135254384234997,0.17130447069528998,0.04627166160558005,-0.02764357121009553,0
2018-09-18,3237.0214285714287,29.577165001807952,0.17753399814627358,0.0261814543039236,0.12044301677626734,0.07417135517068729,0
2018-09-19,3283.7428571428563,31.03811271823805,1.4609477164300984,1.2834137182838248,0.416237369313329,0.29579435253706166,0
2018-09-20,3280.5265306122446,31.88102916926172,0.8429164510236689,-0.6180312654064295,0.522559756517893,0.106322387204564,0
2018-09-21,3305.2846938775506,31.61042289960216,-0.2706062696595595,-1.1135227206832283,0.4724288879565677,-0.050130868561325315,0
2018-09-25,3318.209183673469,30.64436997654918,-0.9660529230529811,-0.6954466533934216,0.2489477945774965,-0.22348109337907118,0
2018-09-26,3332.4520408163253,30.680893380095,0.03652340354582151,1.0025763265988026,0.22074567565741177,-0.02820211892008473,1
2018-09-27,3290.8061224489797,30.581955698603203,-0.09893768149179749,-0.135461085037619,-0.09123140392697238,-0.31197707958438414,0
2018-09-28,3325.251020408163,29.96557378696344,-0.6163819116397633,-0.5174442301479658,-0.3830910764596531,-0.29185967253268075,1
2018-10-01,3336.7816326530597,30.14150237003994,0.1759285830765016,0.7923104947162649,-0.29378410591244375,0.08930697054720937,1
2018-10-02,3346.615306122448,29.946138163753663,-0.19536420628627837,-0.37129278936278,-0.1396463625591018,0.15413774335334196,1
2018-10-03,3307.0204081632646,29.909399938874763,-0.03673822487889922,0.15862598140737916,-0.1542986882440509,-0.014652325684949119,1
2018-10-04,3298.965306122448,30.158323294981688,0.24892335610692484,0.28566158098582406,-0.08472648072430644,0.06957220751974447,1
2018-10-05,3276.3571428571427,30.005155725351138,-0.15316756963055056,-0.4020909257374754,0.007916387677546766,0.0926428684018532,1
2018-10-09,3197.3469387755104,29.9790476852869,-0.02610804006423706,0.1270595295663135,-0.032490936950608784,-0.04040732462815555,0
2018-10-10,3204.158163265307,30.6096923297989,0.6306446445119995,0.6567526845762366,0.1327108332090461,0.16520177015965487,0
2018-10-11,3069.80612244898,30.335046298364663,-0.27464603143423716,-0.9052906759462367,0.08512927189797637,-0.04758156131106972,0
2018-10-12,3086.9051020408165,34.91220619269556,4.577159894330894,4.851805925765131,0.9507765795427758,0.8656473076447995,0
2018-10-15,3039.8316326530608,34.245576264599855,-0.666629928095702,-5.243789822426596,0.8480841078497505,-0.10269247169302531,0
2018-10-16,3068.5551020408166,34.2393351635459,-0.006241101053952036,0.66038882704175,0.8520574956517919,0.003973387802041373,0
2018-10-17,3129.9459183673466,34.58652846526514,0.347193301719237,0.35343440277318905,0.7953672270932444,-0.05669026855854753,1
2018-10-18,3087.0112244897955,35.02230670311568,0.4357782378505419,0.08858493613130491,0.9374520809502087,0.14208485385696434,0
2018-10-19,3073.928571428572,34.8750167317516,-0.1472899713640814,-0.5830682092146233,-0.007437892188789874,-0.9448899731389986,0
2018-10-22,3075.0551020408147,34.848911506726445,-0.02610522502515522,0.12118474633892617,0.12066704842531806,0.12810494061410793,0
2018-10-23,2990.6275510204077,34.82236245112249,-0.02654905560395804,-0.0004438305788028174,0.1166054575153197,-0.004061590909998358,0
2018-10-24,2991.0428571428574,37.01323746148594,2.190875010363456,2.217424065967414,0.48534179924416065,0.36873634172884096,0
2018-10-25,2897.3806122448977,36.83520647987522,-0.17803098161072484,-2.368905991974181,0.36257995535190446,-0.1227618438922562,0
2018-10-26,2898.226530612245,39.05439162538588,2.2191851455106644,2.397216127121389,0.8358749787268565,0.473295023374952,0
2018-10-29,2906.7663265306114,38.05353322918199,-1.0008583962038955,-3.22004354171456,0.6409243444911112,-0.1949506342357452,0
2018-10-30,2962.161224489795,37.73002461204808,-0.32350861713391055,0.677349779069985,0.5815324321851136,-0.05939191230599761,0
2018-10-31,3041.9561224489785,37.96718033145722,0.23715571940914515,0.5606643365430557,0.1907885739942543,-0.39074385819085933,0
2018-11-01,3025.269387755101,38.66618301463886,0.6990026831816394,0.46184696377249423,0.36619530695273284,0.17540673295847853,0
2018-11-02,3124.7693877551023,37.63875908359321,-1.0274239310456537,-1.726426614227293,-0.28312650835853503,-0.6493218153112679,0
2018-11-05,3069.917346938775,37.551508525814576,-0.08725055777863133,0.9401733732670223,-0.10040494067348504,0.18272156768505,0
2018-11-06,3105.010204081632,37.65755596055097,0.10604743473639644,0.19329799251502777,-0.01449373029942791,0.08591121037405713,0
2018-11-07,3093.4959183673454,37.89919701898665,0.2416410584356754,0.13559362369927896,-0.013596662494109069,0.0008970678053188408,0
2018-11-08,3128.9530612244894,37.75766142878947,-0.14153559019717932,-0.3831766486328547,-0.18170431716987423,-0.16810765467576516,0
2018-11-09,3091.524489795918,37.94513966159408,0.18747823280460807,0.3290138230017874,0.06127611560017954,0.24298043277005377,0
2018-11-12,3119.1244897959177,37.71453449150183,-0.23060517009224668,-0.41808340289685475,0.03260519313744226,-0.02867092246273728,0
2018-11-13,3069.0948979591835,37.58554299729643,-0.12899149420540112,0.10161367588684556,-0.014402592650903046,-0.0470077857883453,0
2018-11-14,3074.6183673469386,38.74761474913749,1.1620717518410615,1.2910632460464626,0.16968354603016422,0.18408613868106727,0
2018-11-15,3070.3469387755094,38.54532578236674,-0.2022889667707517,-1.3643607186118132,0.15753287071545685,-0.012150675314707371,0
2018-11-16,3053.9918367346927,38.75978624401607,0.21446046164933108,0.4167494284200828,0.16292931648439435,0.005396445768937497,0
2018-11-19,3082.234693877551,38.46104381863968,-0.29874242537638906,-0.5132028870257201,0.1493018654275744,-0.01362745105681995,0
2018-11-20,3057.3132653061225,38.31767520910967,-0.14336860953000752,0.15537381584638155,0.14642644236264601,-0.002875423064928384,0
2018-11-21,3054.477551020408,37.98549838369799,-0.33217682541168614,-0.18880821588167862,-0.15242327308789783,-0.29884971545054384,0
2018-11-22,3063.9479591836725,37.83464353569129,-0.1508548480066949,0.18132197740499123,-0.14213644933509073,0.010286823752807095,0
2018-11-26,3069.1959183673457,38.00031089752724,0.16566736183595054,0.31652220984264545,-0.15189506929776542,-0.009758619962674686,0
2018-11-27,3084.6459183673455,38.30281360931772,0.30250271179047417,0.13683534995452362,-0.031646041864398455,0.12024902743336696,0
2018-11-28,3126.726530612245,38.67275831868484,0.3699447093671253,0.06744199757665115,0.07101662191504232,0.10266266377944078,0
2018-11-29,3132.7755102040796,38.52050380703933,-0.15225451164550918,-0.5221992210126345,0.10700108466826208,0.03598446275321976,0
2018-11-30,3145.448979591836,38.76130714434487,0.24080333730553605,0.39305784895104523,0.1853327217307168,0.07833163706245472,0
2018-12-03,3193.463265306122,38.75212413982183,-0.009183004523038107,-0.24998634182857415,0.15036264845891623,-0.03497007327180057,1
2018-12-04,3114.403061224489,38.83707101216068,0.0849468723388469,0.09412987686188501,0.10685148056860072,-0.043511167890315505,0
2018-12-05,3088.6795918367343,40.27047343653084,1.4334024243701649,1.348455552031318,0.31954302356919584,0.21269154300059512,0
2018-12-06,3017.607142857142,40.25648598079637,-0.013987455734472576,-1.4473898801046374,0.34719643475141027,0.027653411182214427,0
2018-12-07,3044.8265306122444,40.688738525995205,0.4322525451988355,0.44624000093330807,0.38548627633006305,0.038289841578652783,0
2018-12-10,2974.3448979591835,39.94261306802039,-0.7461254579748129,-1.1783780031736484,0.23809778563971662,-0.14738849069034643,1
2018-12-11,2942.8612244897945,39.97658312433162,0.03397005631122596,0.7800955142860388,0.2279024224341839,-0.010195363205532715,1
2018-12-12,3018.418367346939,39.899278004865415,-0.07730511946620311,-0.11127517577742907,-0.07423908633307974,-0.30214150876726364,1
2018-12-13,3037.941836734693,40.72172537765507,0.8224473727896537,0.8997524922558569,0.09304787937173842,0.16728696570481816,1
2018-12-14,2988.0744897959185,40.66566134359096,-0.056064034064107204,-0.878511406853761,-0.00461543648086149,-0.09766331585259991,1
2018-12-17,2995.0632653061216,41.04325044677293,0.37758910318196826,0.43365313724607546,0.22012747575052316,0.22474291223138465,1
2018-12-18,2947.867346938775,41.04149059517987,-0.001759851593057249,-0.3793489547750255,0.21298149416964662,-0.007145981580876537,1
2018-12-19,2942.7163265306117,41.43304573659386,0.3915551414139884,0.39331499300704564,0.3067535463456892,0.09377205217604256,1
2018-12-20,2877.3846938775505,41.3496000952506,-0.08344564134326049,-0.4750007827572489,0.12557494351910492,-0.18117860282658427,0
2018-12-21,2845.5071428571437,42.28630908042804,0.9367089851774395,1.0201546265207,0.32412954736741995,0.19855460384831503,0
2018-12-25,2700.7377551020413,42.20024601666018,-0.08606306376785966,-1.0227720489452992,0.23139911397743873,-0.09273043338998121,0
2018-12-26,2722.391836734694,45.98605649418258,3.7858104775223964,3.871873541290256,0.9889131798005479,0.7575140658231092,0
2018-12-27,2849.260204081632,46.07134092516335,0.08528443098077076,-3.7005260465416256,0.9276590377138945,-0.061254142086653474,0
2018-12-28,2833.04387755102,49.33142558514053,3.2600846599771813,3.1748002289964106,1.596365097977987,0.6687060602640926,0
2019-01-04,2747.454081632653,49.33891551890279,0.007489933762258261,-3.252594726214923,1.410521287694948,-0.1858438102830391,0
2019-01-07,2837.0785714285707,49.211243248454544,-0.1276722704482438,-0.13516220421050207,1.4021994463588712,-0.00832184133607683,0
2019-01-08,2857.969387755101,50.44899953056424,1.237756282109693,1.3654285525579368,0.8925886072763305,-0.5096108390825407,0
2019-01-09,2890.4010204081624,50.18315121031196,-0.26584832025227456,-1.5036046023619676,0.8223620570297285,-0.07022655024660196,0
2019-01-10,2850.5173469387746,50.25903886952175,0.07588765920979057,0.34173597946206513,0.1855226568762447,-0.6368394001534838,0
2019-01-11,2883.864285714286,50.30313599283771,0.044097123315957276,-0.031790535893833294,0.1928440947869845,0.007321437910739803,0
2019-01-15,2915.5989795918363,50.11058961635996,-0.1925463764777504,-0.2366434997937077,0.17986927358108318,-0.012974821205901321,0
2019-01-16,2906.6285714285705,49.83086483456103,-0.279724781798933,-0.0871784053211826,-0.1236269392006406,-0.3034962127817238,0
2019-01-17,2906.463265306122,49.8730049988347,0.042140164273675396,0.3218649460726084,-0.06202924229545914,0.061597696905181465,0
2019-01-18,2924.446938775509,49.8004187657768,-0.07258623305790479,-0.11472639733158019,-0.091724020748984,-0.02969477845352486,0
2019-01-21,2932.364285714286,49.83647783153569,0.036059065758891506,0.1086452988167963,-0.09333163226040853,-0.0016076115114245226,0
2019-01-22,2907.4285714285716,49.4832119779944,-0.3532658535412878,-0.3893249193001793,-0.12547552767311032,-0.032143895412701795,0
2019-01-23,2885.954081632653,49.29554271128936,-0.18766926670504347,0.16559658683624434,-0.10706442465433952,0.018411103018770802,0
2019-01-24,2889.9051020408165,49.48290354028885,0.1873608289994948,0.37503009570453827,-0.07802029170915858,0.029044132945180934,0
2019-01-25,2933.0387755102033,49.44567958632916,-0.03722395395968903,-0.22458478295918383,-0.0709478358895339,0.007072455819624679,0
2019-01-28,2926.4846938775518,49.44575416166235,7.457533318699916e-05,0.037298529292876026,-0.0781447339746677,-0.007196898085133796,0
2019-01-29,2913.4755102040804,49.78645977842695,0.34070561676460187,0.34063104143141487,0.060649560086510235,0.13879429406117794,0
2019-01-30,2905.8469387755094,49.747168036873454,-0.03929174155349813,-0.3799973583181,0.09032506511682215,0.02967550503031191,0
2019-01-31,2940.1816326530607,49.66133833752238,-0.08582969935107343,-0.0465379577975753,0.03568695944670708,-0.05463810567011507,0
2019-02-01,2957.6479591836733,50.069282994324425,0.4079446568020444,0.4937743561531178,0.12472068159904381,0.08903372215233674,0
2019-02-04,2992.5561224489797,49.43430246661456,-0.6349805277098639,-1.0429251845119083,-0.002290339009554998,-0.1270110206085988,0
2019-02-05,3010.1734693877547,49.28701057602186,-0.14729189059269743,0.4876886371171665,-0.09988984048101202,-0.09759950147145702,0
2019-02-06,3024.4683673469376,49.32647025646777,0.03945968044590842,0.18675157103860585,-0.08413955608114065,0.01575028439987136,0
2019-02-07,3011.4173469387756,49.30629350012378,-0.020176756343992963,-0.05963643678990138,-0.0710089674797203,0.013130588601420357,0
2019-02-08,2940.19387755102,49.026638883324665,-0.27965461679911385,-0.2594778604551209,-0.20852882219995195,-0.13751985472023165,0
2019-02-12,3037.0785714285703,49.265691657894045,0.23905277456938023,0.5187073913684941,-0.0337221617441017,0.17480666045585025,0
2019-02-13,3076.06224489796,48.18647725975016,-1.0792143981438826,-1.3182671727132629,-0.22010666325434158,-0.18638450151023989,0
2019-02-14,3082.615306122448,48.56357837988309,0.3771011201329273,1.45631551827681,-0.15257837531693497,0.06752828793740662,0
2019-02-15,3046.807142857142,48.30366373610599,-0.25991464377710116,-0.6370157639100285,-0.20052595280355945,-0.04794757748662448,0
2019-02-18,3081.6857142857143,48.03503558500483,-0.26862815110116145,-0.008713507324060288,-0.19832065966396328,0.002205293139596165,0
2019-02-19,3093.194897959184,48.231336206865805,0.19630062186097774,0.4649287729621392,-0.2068710902056452,-0.00855043054168192,0
2019-02-20,3101.823469387755,48.346066313744736,0.11473010687893037,-0.08157051498204737,0.031917810798908874,0.23878890100455408,0
2019-02-21,3107.04081632653,48.30587411420289,-0.04019219954184905,-0.15492230642077942,-0.051540853136046394,-0.08345866393495527,0
2019-02-22,3119.2489795918364,48.22763177654548,-0.07824233765740729,-0.03805013811555824,-0.015206391912101935,0.03633446122394446,0
2019-02-25,3162.624489795917,47.37922916561522,-0.8484026109302576,-0.7701602732728503,-0.13116128387791548,-0.11595489196581354,0
2019-02-26,3140.43775510204,47.66642861542088,0.28719944980565515,1.1356020607359127,-0.11298151828898284,0.01817976558893264,0
2019-02-27,3131.7510204081636,46.41125183703962,-1.255176778381255,-1.5423762281869102,-0.38696289534102135,-0.2739813770520385,0
2019-02-28,3098.2846938775506,46.683412616896746,0.27216077985712417,1.5273375582383792,-0.3244922994612338,0.06247059587978754,0
2019-03-01,3120.723469387754,47.14172978723645,0.4583171703397042,0.18615639048258004,-0.217180397861803,0.10731190159943083,0
2019-03-04,3158.341836734694,47.24181526260199,0.10008547536553891,-0.3582316949741653,-0.027482780602646528,0.18969761725915646,0
2019-03-05,3153.2499999999986,46.90946044676102,-0.33235481584097215,-0.43244029120651106,-0.15139363373197057,-0.12391085312932404,0
2019-03-06,3139.5030612244896,47.73630066125206,0.8268402144910425,1.1591950303320147,0.26500976484248184,0.4164033985744524,0
2019-03-07,3110.405102040816,47.980235609088496,0.24393494783643632,-0.5829052666546062,0.2593645984383528,-0.005645166404129043,0
2019-03-08,3055.3428571428562,48.06230838995548,0.08207278086698722,-0.1618621669694491,0.18411572054380798,-0.07524887789454482,0
2019-03-11,3065.95,48.24506383824247,0.18275544828698997,0.10068266742000276,0.20064971512809393,0.01653399458428595,0
2019-03-12,3122.660204081633,48.49687483129623,0.2518109930537591,0.06905554476676912,0.317482876907043,0.11683316177894909,0
2019-03-13,3096.08775510204,48.58570966182163,0.08883483052539987,-0.16297616252835923,0.16988180011391307,-0.14760107679312995,0
2019-03-14,3096.486734693877,48.80720615047457,0.2214964886529387,0.13266165812753883,0.16539410827721213,-0.004487691836700947,0
2019-03-15,3120.219387755102,48.92619644360581,0.11899029313124032,-0.10250619552169837,0.1727776107300727,0.007383502452860569,0
2019-03-18,3142.366326530612,48.36370935892988,-0.5624870846759293,-0.6814773778071697,0.0237291041374732,-0.1490485065925995,0
2019-03-19,3138.8653061224477,48.693298508180966,0.32958914925108473,0.8920762339270141,0.03928473537695254,0.01555563123947934,0
2019-03-20,3161.776530612244,48.92372654707714,0.23042803889617147,-0.09916111035491326,0.06760337705110686,0.02831864167415432,0
2019-03-22,3195.6877551020407,49.23778491187576,0.31405836479861904,0.08363032590244757,0.08611575228023582,0.018512375229128963,0
2019-03-25,3121.14387755102,49.246225381565374,0.008440469689617203,-0.30561789510900184,0.06400578759190978,-0.022109964688326045,0
2019-03-26,3199.9663265306117,50.50505324664422,1.2588278650788496,1.2503873953892324,0.4282687775428613,0.3642629899509515,0
2019-03-27,3214.6112244897954,51.60420653896584,1.099153292321617,-0.15967457275723262,0.5821816061569791,0.1539128286141178,0
2019-03-28,3161.2642857142855,51.28126765084939,-0.3229388881164539,-1.4220921804380708,0.4715082207544512,-0.11067338540252791,0
2019-03-29,3173.7204081632644,51.81788171249063,0.5366140616412451,0.859552949757699,0.5160193601229821,0.044511139368530905,0
2019-04-01,3206.7112244897953,51.849903934967365,0.032022222476733475,-0.5045918391645117,0.5207357106803983,0.004716350557416149,0
2019-04-02,3209.655102040817,52.35224418808242,0.502340253115058,0.47031803063832456,0.3694381882876314,-0.15129752239276684,0
2019-04-03,3246.2755102040805,52.114723095441015,-0.23752109264140842,-0.7398613457564664,0.10210331129503913,-0.2673348769925923,0
2019-04-04,3256.311224489796,52.22755996366642,0.11283686822540773,0.35035796086681614,0.1892584625634086,0.08715515126836948,0
2019-04-05,3261.8979591836733,52.07493346345591,-0.15262650021050916,-0.2654633684359169,0.05141035019305207,-0.13784811237035655,0
2019-04-08,3257.435714285714,51.20464731512022,-0.8702861483356941,-0.7176596481251849,-0.12905132396942776,-0.18046167416247982,0
2019-04-09,3252.9734693877554,51.37689631094156,0.17224899582134157,1.0425351441570356,-0.19506957542817105,-0.0660182514587433,0
2019-04-10,3234.976530612244,50.81391383556247,-0.5629824753790942,-0.7352314712004357,-0.26016185197571673,-0.06509227654754568,0
2019-04-11,3244.8275510204076,51.01184884441562,0.1979350088531504,0.7609174842322446,-0.24314222385015682,0.017019628125559905,0
2019-04-12,3255.118367346938,50.42138202327924,-0.5904668211363742,-0.7884018299895246,-0.3307102880353341,-0.08756806418517726,0
2019-04-15,3304.347959183673,50.3936493314907,-0.027732691788543207,0.562734129347831,-0.16219959672589823,0.16851069130943586,0
2019-04-16,3306.001020408163,50.072138153223854,-0.32151117826684583,-0.2937784864783026,-0.2609516315435414,-0.09875203481764316,0
2019-04-17,3312.4857142857145,49.994496557637625,-0.07764159558622907,0.24386958268061676,-0.16388345558496553,0.09706817595857586,0
2019-04-18,3298.903061224489,49.52730378333232,-0.46719277430530326,-0.3895511787190742,-0.2969090122166662,-0.13302555663170068,0
2019-04-19,3312.3795918367355,49.51012476978619,-0.017179013546133604,0.45001376075916966,-0.18225145069860815,0.11465756151805806,0
2019-04-22,3311.6846938775516,48.8821301429483,-0.6279946268378893,-0.6108156132917557,-0.3023038377084788,-0.12005238700987064,0
2019-04-23,3315.085714285714,48.92074521277596,0.03861506982766372,0.666609696665553,-0.23027858808958257,0.07202524961889623,0
2019-04-24,3297.609183673468,47.960081931929125,-0.9606632808468376,-0.9992783506745013,-0.40688292514170143,-0.17660433705211886,0
2019-04-25,3295.5336734693865,47.70041832361191,-0.25966360831721147,0.7009996725296261,-0.3653770919440831,0.04150583319761836,0
2019-04-26,3296.2510204081623,42.40119897168194,-5.29921935192997,-5.039555743612759,-1.4217851596208462,-1.056408067676763,0
2019-05-07,3222.391836734694,42.14460073176657,-0.2565982399153697,5.042621112014601,-1.347505882236348,0.07427927738449824,0
2019-05-08,3171.402040816325,37.1356010038015,-5.008999727965076,-4.752401488049706,-2.357028841794893,-1.009522959558545,0
2019-05-09,3140.7653061224473,38.05166783590323,0.916066832101734,5.92506656006681,-1.9816828192051759,0.37534602258971717,0
2019-05-10,3151.4346938775498,37.62374549245613,-0.4279223434471007,-1.3439891755488347,-2.0153345662311537,-0.03365174702597784,0
2019-05-13,3116.6510204081624,34.958045868809755,-2.6656996236463755,-2.237777280199275,-1.4886306205744404,0.5267039456567133,0
2019-05-14,3097.039795918367,34.848444625685,-0.10960124312475727,2.556098380521618,-1.4592312212163137,0.029399399358126743,0
2019-05-15,3132.759183673469,34.4637742138504,-0.38467041183459827,-0.275069168709841,-0.5343653579902181,0.9248658632260955,0
2019-05-16,3118.7520408163255,34.41079964397292,-0.052974569877477506,0.33169584195712076,-0.7281736383860604,-0.1938082803958423,0
2019-05-17,3143.2755102040815,34.228795963817056,-0.18200368015586577,-0.12902911027838826,-0.6789899057278177,0.04918373265824272,0
2019-05-20,3128.679591836735,34.33819624657608,0.10940028275902591,0.2914039629148917,-0.12396992444674027,0.5550199812810774,0
2019-05-21,3113.082653061225,34.061924612172,-0.27627163440408253,-0.38567191716310845,-0.15730400270260247,-0.03333407825586221,0
2019-05-22,3102.288775510204,33.93529539908429,-0.12662921308771047,0.14964242131637207,-0.10569576295321781,0.051608239749384666,0
2019-05-23,3088.238775510203,33.60475948677762,-0.33053591230667223,-0.20390669921896176,-0.1612080314390596,-0.05551226848584179,0
2019-05-24,3095.688775510204,33.50488404922452,-0.09987543755309503,0.2306604747535772,-0.14478238291850687,0.016425648520552727,0
2019-05-27,3102.480612244897,33.300581488466925,-0.204302560757597,-0.10442712320450198,-0.20752295162183287,-0.062740568703326,0
2019-05-28,3108.0744897959185,33.25874792132867,-0.041833567138255034,0.16246899361934197,-0.16063533816866027,0.046887613453172605,0
2019-05-29,3083.094897959183,33.314464793295784,0.055716871967113946,0.09755043910536898,-0.12416612115770675,0.036469217010953514,0
2019-05-30,3074.8295918367357,33.37914924229281,0.06468444899702774,0.008967577029913798,-0.04512204889695681,0.07904407226074994,0
2019-05-31,3026.9102040816315,33.01047680995047,-0.36867243234234337,-0.4333568813393711,-0.0988814478548079,-0.05375939895785109,0
2019-06-03,2995.4193877551024,33.72402202020948,0.7135452102590136,1.082217642601357,0.08468810634850144,0.18356955420330934,0
2019-06-04,2993.8816326530614,33.840611787967504,0.11658976775802188,-0.5969554425009918,0.11637277332777529,0.03168466697927386,0
2019-06-05,3060.0428571428565,33.19939767030141,-0.6412141176660953,-0.7578038854241171,-0.02301342459887934,-0.13938619792665463,0
2019-06-06,3052.8887755102032,34.95482732463151,1.7554296543301007,2.396643771996196,0.31513561646773525,0.3381490410666146,0
2019-06-07,3067.2999999999984,34.833673629298616,-0.12115369533289311,-1.8765833496629938,0.36463936386963525,0.0495037474019,0
2019-06-10,3123.469387755102,35.11215287628759,0.2784792469889723,0.3996329423218654,0.2776261712156227,-0.08701319265401253,0
2019-06-11,3126.777551020408,35.65507999308851,0.5429271168009251,0.2644478698119528,0.3628936410242005,0.0852674698085778,0
2019-06-12,3122.5275510204083,35.55723378796069,-0.09784620512782283,-0.6407733219287479,0.4715672235318564,0.10867358250765591,0
2019-06-13,3093.5714285714284,34.47291988620279,-1.084313901757902,-0.9864676966300792,-0.09638148768573984,-0.5679487112175963,0
2019-06-14,3105.106122448979,33.145308108930536,-1.3276117772722529,-0.2432978755143509,-0.33767310407362316,-0.24129161638788332,0
2019-06-17,3090.1040816326527,32.922867930426925,-0.22244017850361075,1.1051715987686421,-0.43785698917212557,-0.1001838850985024,0
2019-06-18,3074.1755102040806,32.97730679533841,0.0544388649114822,0.27687904341509295,-0.5355546395500284,-0.09769765037790279,0
2019-06-19,3141.326530612245,33.10774441615646,0.13043762081805,0.0759987559065678,-0.4898978743608424,0.04565676518918593,0
2019-06-20,3153.2071428571417,33.45048482688072,0.34274041072426087,0.21230278990621088,-0.20448701186441554,0.2854108624964269,0
2019-06-21,3126.7428571428563,33.38836403043408,-0.06212079644663504,-0.4048612071708959,0.048611184300710875,0.2530981961651264,0
2019-06-24,3132.588775510203,33.41302661532798,0.024662584893896167,0.08678338134053121,0.09803173698021084,0.04942055267949996,0
2019-06-25,3123.825510204081,33.53880978915157,0.12578317382359216,0.101120588929696,0.11230059876262999,0.014268861782419151,0
2019-06-26,3104.9724489795913,33.52362626367195,-0.015183525479621096,-0.14096669930321326,0.08317636950310003,-0.029124229259529955,0
2019-06-27,3154.783673469387,33.2724057254672,-0.2512205382047483,-0.23603701272512723,-0.03561582028270038,-0.11879218978580042,0
2019-06-28,3151.471428571428,33.757507752373805,0.48510202690660265,0.736322565111351,0.07382874438794573,0.10944456467064612,0
2019-07-01,3232.5367346938765,33.722762408404016,-0.03474534396978868,-0.5198473708763913,0.0619471586152045,-0.011881585772741232,0
2019-07-02,3236.652040816326,35.20151263615605,1.4787502277520375,1.5134955717218261,0.3325405694008978,0.2705934107856933,0
2019-07-03,3210.330612244898,35.251022777970434,0.049510141814380404,-1.429240085937657,0.34547930285969386,0.012938733458796037,0
2019-07-04,3227.635714285714,35.35151029929305,0.10048752132261285,0.050977379508232445,0.41582091476517036,0.0703416119054765,0
2019-07-05,3233.857142857142,35.4465589897336,0.09504869044055653,-0.0054388308820563225,0.33781024747195687,-0.07801066729321349,0
2019-07-08,3198.48163265306,35.365435127803046,-0.08112386193055698,-0.1761725523711135,0.32853454387981174,-0.009275703592145135,0
2019-07-09,3186.8785714285714,35.46176366302429,0.09632853522124663,0.1774523971518036,0.05205020537363936,-0.2764843385061724,0
2019-07-10,3172.562244897959,34.48787164169743,-0.9738920213268614,-1.070220556548108,-0.15263022725459763,-0.20468043262823699,0
2019-07-11,3177.6714285714274,34.479827175915176,-0.008044465782255372,0.965847555544606,-0.17433662467556843,-0.021706397420970802,0
2019-07-12,3169.6510204081633,33.738214894351955,-0.7416122815632207,-0.7335678157809653,-0.3416688190763324,-0.16733219440076397,0
2019-07-16,3166.4438775510203,33.55066298192967,-0.1875519124222862,0.5540603691409345,-0.36295442917467824,-0.021285610098345842,0
2019-07-17,3179.9204081632647,33.60092113253821,0.050258150608541996,0.2378100630308282,-0.37216850609721064,-0.0092140769225324,0
2019-07-18,3121.4989795918364,33.31778496303495,-0.2831361695032584,-0.33339432011180037,-0.23401733573249572,0.13815117036471491,0
2019-07-19,3186.755102040816,34.621551042040146,1.303766079005193,1.5869022485084514,0.028344773224986852,0.2623621089574826,0
2019-07-22,3174.9,35.85404584221782,1.232494800177676,-0.07127127882751694,0.4231661895731733,0.39482141634818646,0
2019-07-23,3204.023469387755,35.7428694238152,-0.11117641840262138,-1.3436712185802975,0.4384412883771063,0.015275098803932963,0
2019-07-24,3223.0816326530617,36.06945282466263,0.32658340084743287,0.43775981925005425,0.49370633842488587,0.055265050047779596,0
2019-07-25,3235.206122448979,34.15167276509756,-1.9177800595650751,-2.244363460412508,0.16677756041251968,-0.3269287780123662,0
2019-07-26,3199.175510204081,31.859160228554902,-2.292512536542656,-0.37473247697758083,-0.5524781626970423,-0.719255723109562,0
2019-07-29,3179.7653061224482,31.973044073943043,0.11388384538814122,2.406396381930797,-0.7762003536549571,-0.2237221909579148,0
2019-07-30,3197.062244897959,31.011118597625856,-0.9619254763171874,-1.0758093217053286,-0.9463501652378667,-0.17014981158290965,0
2019-07-31,3166.9673469387753,30.8051610168603,-0.20595758076555626,0.7559678955516311,-1.0528583615604745,-0.10650819632260777,0
2019-08-01,3176.494897959183,29.75386172473499,-1.0512992921253108,-0.8453417113597546,-0.8795622080725067,0.17329615348796779,0
2019-08-02,3114.7071428571435,29.623447047063102,-0.13041467767188664,0.9208846144534242,-0.44714263629836637,0.43241957177414037,0
2019-08-05,3056.561224489795,30.716463622967016,1.0930165759039134,1.2234312535758,-0.25131609019519985,0.19582654610316652,0
2019-08-06,3051.444897959183,31.422694059072374,0.7062304361053577,-0.3867861397985557,0.08231509228930278,0.33363118248450263,0
2019-08-07,3058.015306122449,31.223591784279183,-0.19910227479319076,-0.9053327108985485,0.08368615348377517,0.0013710611944723894,0
2019-08-08,3066.692857142856,31.035684015167824,-0.18790776911135865,0.011194505681832112,0.2563644580865656,0.17267830460279043,0
2019-08-09,3077.08775510204,30.893242580854007,-0.14244143431381673,0.04546633479754192,0.253959106758181,-0.0024053513283845973,0
2019-08-13,3064.9204081632647,30.64149817621702,-0.25174440463698744,-0.10930297032317071,-0.014993089349996325,-0.26895219610817733,0
2019-08-14,3090.959183673469,31.055760030275657,0.4142618540586369,0.6660062586956244,-0.07338680575934475,-0.05839371640934843,0
2019-08-15,3064.1826530612243,31.295684582935287,0.2399245526596303,-0.1743373013990066,0.01441855973121875,0.0878053654905635,0
2019-08-16,3061.094897959183,31.093103307057227,-0.2025812758780603,-0.4425058285376906,0.01148385837787913,-0.0029347013533396193,0
2019-08-19,3068.8979591836733,31.07015783058817,-0.02294547646905798,0.17963579940900232,0.035383049946837275,0.023899191568958145,0
2019-08-20,3097.333673469388,31.217346328305496,0.14718849771732678,0.17013397418638476,0.11516963041769301,0.07978658047085574,0
2019-08-21,3094.8081632653043,31.44112231980742,0.22377599150192395,0.07658749378459717,0.07707245790635397,-0.03809717251133904,0
2019-08-22,3095.9755102040813,31.69451252106981,0.2533902012623912,0.029614209760467247,0.07976558762690544,0.002693129720551468,0
2019-08-23,3107.573469387755,31.763723168013566,0.06921064694375545,-0.18417955431863575,0.13412397219126504,0.054358384564359596,0
2019-08-26,3050.757142857142,31.759375465198385,-0.004347702815181265,-0.07355834975893671,0.13784352692204394,0.0037195547307788956,0
2019-08-27,3086.018367346939,32.405222952725666,0.6458474875272806,0.6501951903424619,0.237575324884034,0.09973179796199005,0
2019-08-28,3078.5081632653055,32.546346319818305,0.14112336709263928,-0.5047241204346413,0.22104480000217563,-0.016530524881858355,0
2019-08-29,3079.74387755102,32.82713632249599,0.2807900026776835,0.13966663558504422,0.22652476028523694,0.0054799602830613026,0
2019-08-30,3118.4744897959185,33.499492365298885,0.6723560428028961,0.39156604012521257,0.34715383945706435,0.12062907917182741,0
2019-09-02,3109.302040816327,33.135476760611624,-0.36401560468726046,-1.0363716474901565,0.27522025908264425,-0.0719335803744201,0
2019-09-03,3113.0816326530608,33.245480590360565,0.11000382974894052,0.474019434436201,0.16805152752698405,-0.1071687315556602,0
2019-09-04,3112.139795918367,33.74583970432802,0.5003591139674555,0.39035528421851495,0.23989867690193734,0.07184714937495329,0
2019-09-05,3191.3163265306116,34.05349465599961,0.3076549516715872,-0.1927041622958683,0.24527166670073086,0.005372989798793526,0
2019-09-06,3211.9367346938775,35.491965492326216,1.4384708363266085,1.1308158846550214,0.398494625405462,0.15322295870473113,0
2019-09-09,3248.281632653061,35.43389007795555,-0.05807541437066277,-1.4965462506972713,0.45968266346878295,0.06118803806332096,0
2019-09-10,3251.4540816326517,35.992636336415174,0.558746258459621,0.6168216728302838,0.5494311492109247,0.08974848574214178,0
2019-09-11,3288.4010204081633,35.23025651425653,-0.7623798221586426,-1.3211260806182636,0.29688336198570653,-0.2525477872252182,0
2019-09-12,3331.065306122448,36.30120644172897,1.0709499274724408,1.8333297496310834,0.449542357145873,0.15265899516016646,0
2019-09-13,3363.638775510205,36.6050912505099,0.3038848087809285,-0.7670651186915123,0.22262515163673413,-0.22691720550913885,0
2019-09-17,3342.337755102041,36.874297118584046,0.26920586807414537,-0.03467894070678312,0.2880814081256986,0.06545625648896447,0
2019-09-18,3352.108163265306,36.77009155586779,-0.10420556271625259,-0.37341143079039796,0.15549104389052104,-0.13259036423517756,0
2019-09-19,3356.224489795919,36.92411873476761,0.15402717889981687,0.25823274161606946,0.33877244410221863,0.1832814002116976,0
2019-09-20,3343.3295918367344,36.864330902948566,-0.0597878318190439,-0.21381501071886078,0.11262489224391459,-0.22614755185830404,0
2019-09-24,3363.694897959183,36.78171133673687,-0.0826195662116973,-0.022831734392653402,0.035324017245400796,-0.07730087499851379,0
2019-09-25,3344.6112244897954,36.36046527276045,-0.42124606397641884,-0.33862649776472153,-0.10276636916471915,-0.13809038641011995,0
2019-09-26,3347.46224489796,36.47034917295164,0.10988390019119265,0.5311299641676115,-0.059948476583230104,0.04281789258148905,0
2019-09-27,3347.259183673468,35.839029532580284,-0.631319640371359,-0.7412035405625517,-0.21701784043747097,-0.15706936385424086,0
2019-09-30,3322.220408163266,35.95819537602799,0.11916584344770342,0.7504854838190624,-0.18122710538411724,0.03579073505335373,0
2019-10-01,3348.84081632653,36.54217064855397,0.5839752725259828,0.4648094290782794,-0.04790813763657553,0.1333189677475417,0
2019-10-02,3321.0816326530608,35.55375915657933,-0.9884114919746381,-1.5723867645006209,-0.1613412232362279,-0.11343308559965237,0
2019-10-03,3272.2459183673473,35.595245850244424,0.04148669366509239,1.0298981856397305,-0.17502066454144227,-0.013679441305214368,0
2019-10-04,3281.794897959184,36.46575767327204,0.8705118230276128,0.8290251293625204,0.12534562813835493,0.3003662926797972,0
2019-10-07,3275.3571428571436,36.07145876901048,-0.3942989042615537,-1.2648107272891664,0.022652678596500664,-0.10269294954185426,0
2019-10-08,3309.0040816326527,36.06636654008249,-0.005092228927992437,0.38920667533356124,-0.09516082169430007,-0.11781350029080073,0
2019-10-09,3292.2428571428563,36.08537319844197,0.0190066583594799,0.024098887287472337,0.10632280837252495,0.20148363006682501,0
2019-10-10,3297.144897959185,36.0338340344852,-0.051539163956768164,-0.07054582231624806,0.08771763684816136,-0.018605171524363584,0
2019-10-11,3316.655102040816,35.8649263956157,-0.16890763886950566,-0.1173684749127375,-0.12016625553126659,-0.20788389237942795,0
2019-10-15,3371.8887755102037,36.176742507226685,0.31181611161098743,0.4807237504804931,0.02105674764323595,0.14122300317450254,0
2019-10-16,3405.7612244897964,36.78490974903801,0.6081672418113229,0.29635113020033543,0.14370864179110043,0.12265189414786448,0
2019-10-17,3389.1132653061227,36.0393812851987,-0.7455284638393067,-1.3536957056506296,-0.009198382648648362,-0.1529070244397488,0
2019-10-18,3393.04693877551,36.13184861358828,0.09246732838958138,0.8379957922288881,0.01960291582061302,0.028801298469261383,0
2019-10-21,3394.551020408162,36.022379754666254,-0.10946885892202829,-0.20193618731160967,0.03149067181011134,0.011887755989498316,0
2019-10-23,3408.9826530612236,35.994887190861846,-0.02749256380440812,0.08197629511762017,-0.03637106327296635,-0.06786173508307769,0
2019-10-24,3408.6561224489797,35.94632482440534,-0.048562366456508244,-0.021069802652100122,-0.16771698492653542,-0.13134592165356906,0
2019-10-25,3434.6846938775516,35.9484233488217,0.0020985244163611583,0.0506608908728694,-0.01819158727539616,0.14952539765113926,0
2019-10-28,3432.1040816326527,35.573626919202574,-0.3747964296191242,-0.37689495403548534,-0.11164433887714864,-0.09345275160175248,0
2019-10-29,3463.717346938776,35.41397059345722,-0.1596563257453525,0.2151401038737717,-0.12168183224180495,-0.010037493364656314,0
2019-10-30,3475.4102040816315,34.10760048641985,-1.3063701070373739,-1.1467137812920214,-0.3774573408883981,-0.25577550864659315,0
2019-10-31,3487.6683673469383,33.839960647876595,-0.26763983854325346,1.0387302684941204,-0.4212728353057429,-0.04381549441734478,0
2019-11-01,3522.373469387754,33.280897984026,-0.5590626638505967,-0.2914228253073432,-0.5335050729591444,-0.11223223765340151,0
2019-11-05,3574.461224489796,32.56088959307074,-0.7200083909552575,-0.16094572710466082,-0.6025474652263654,-0.06904239226722098,0
2019-11-06,3564.837755102041,33.057918678177565,0.4970290851068242,1.2170374760620817,-0.4712103830559329,0.1313370821704325,0
2019-11-07,3571.972448979593,32.564848056995416,-0.4930706211821487,-0.9900997062889729,-0.3085504858848864,0.16265989717104645,0
2019-11-08,3559.4571428571435,32.48115655899888,-0.08369149799653286,0.40937912318561587,-0.27176081777554373,0.0367896681093427,0
2019-11-11,3552.65612244898,32.138788029271275,-0.342368529727608,-0.25867703173107515,-0.22842199095094173,0.043338826824601995,0
2019-11-12,3568.042857142858,31.91208146116669,-0.22670656810458567,0.11566196162302234,-0.12976162638081234,0.09866036457012939,0
2019-11-13,3567.041836734693,31.90757841538156,-0.004503045785128279,0.2222035223194574,-0.23006805255919716,-0.10030642617838481,0
2019-11-14,3537.468367346939,31.934716694509245,0.027138279127683518,0.0316413249128118,-0.12602627249723497,0.10404178006196219,0
2019-11-15,3555.9102040816333,32.13726636931008,0.20254967480083863,0.1754113956731551,-0.06877803793776138,0.05724823455947359,0
2019-11-18,3573.7897959183656,30.66026363115623,-1.4770027381538533,-1.679552412954692,-0.29570487962300973,-0.22692684168524835,0
2019-11-19,3539.7336734693868,29.783716752920444,-0.8765468782357857,0.6004558599180676,-0.42567294164924974,-0.12996806202624,0
2019-11-20,3534.0795918367344,29.743917237529438,-0.03979951539100668,0.836747362844779,-0.43273223557041973,-0.007059293921169996,0
2019-11-21,3534.9071428571433,29.646811859120387,-0.09710537840905076,-0.05730586301804408,-0.4575809670777744,-0.02484873150735467,0
2019-11-22,3533.3612244897963,29.647466957365463,0.0006550982450761467,0.0977604766541269,-0.4979598823889262,-0.040378915311151786,0
2019-11-25,3560.9969387755104,29.774315659168984,0.12684870180352092,0.12619360355844478,-0.17718959439744708,0.3207702879914791,0
2019-11-26,3582.7163265306117,29.836450954500805,0.06213529533182083,-0.0647134064717001,0.010546840316070671,0.18773643471351775,0
2019-11-27,3604.1806122448975,29.76653533764612,-0.06991561685468639,-0.13205091218650722,0.004523620023334729,-0.006023220292735942,0
2019-11-28,3592.73469387755,29.91153029439479,0.1449949567486719,0.2149105736033583,0.05294368705487784,0.04842006703154311,0
2019-11-29,3568.809183673469,29.993725602820746,0.08219530842595546,-0.06279964832271645,0.06925172909106081,0.016308042036182968,0
2019-12-02,3601.355102040816,30.70081932293558,0.707093720114834,0.6248984116888785,0.18530073275331915,0.11604900366225834,0
2019-12-03,3597.2397959183663,29.343596676761123,-1.3572226461744563,-2.0643163662892903,-0.09857085554793343,-0.2838715883012526,0
2019-12-04,3575.7704081632655,28.191748858297935,-1.1518478184631888,0.20537482771126747,-0.31495729586964316,-0.21638644032170973,0
2019-12-05,3584.2499999999995,28.352975442715437,0.16122658441750204,1.3130744028806909,-0.3117109703358665,0.003246325533776684,0
2019-12-06,3592.418367346939,28.52616836793571,0.17319292522027396,0.011966340802771924,-0.29351144697700704,0.018199523358859437,0
2019-12-09,3609.647959183673,28.66787380928496,0.14170544134924867,-0.03148748387102529,-0.4065891027301234,-0.11307765575311635,0
2019-12-10,3605.364285714286,28.77974358847317,0.11186977918821128,-0.02983566216103739,-0.11277061765758845,0.29381848507253494,0
2019-12-11,3591.464285714286,28.146841830291024,-0.6329017581821468,-0.7447715373703581,-0.008981405601385717,0.10378921205620273,0
2019-12-12,3608.9918367346927,28.1664634359112,0.019621605620177007,0.6525233638023238,-0.03730240136084717,-0.028320995759461454,0
2019-12-13,3694.0214285714283,27.58510954000682,-0.5813538959043818,-0.6009755015245588,-0.1882117655857769,-0.15090936422492973,0
2019-12-16,3678.6387755102046,28.83035333373084,1.245243793724022,1.8265976896284037,0.0324959048891742,0.2207076704749511,0
2019-12-17,3695.929591836735,28.95087163172441,0.12051829799356994,-1.124725495730452,0.03422560865025304,0.001729703761078838,0
2019-12-18,3665.856122448979,28.85660084583816,-0.09427078588625193,-0.21478908387982187,0.1419518031094249,0.10772619445917186,0
2019-12-19,3655.564285714286,28.75955660340981,-0.09704424242834975,-0.0027734565420978186,0.11861863349972168,-0.02333316960970322,0
2019-12-20,3650.933673469388,28.75822305278705,-0.0013335506227605265,0.09571069180558922,0.23462270255604167,0.11600406905631999,0
2019-12-23,3643.5908163265303,28.83218834514665,0.07396529235960259,0.07529884298236311,0.0003670022831663289,-0.23425570027287534,0
2019-12-24,3645.8551020408163,27.873103679946365,-0.9590846652002867,-1.0330499575598893,-0.2155535903556114,-0.21592059263877772,0
2019-12-25,3644.866326530612,27.99460009608817,0.12149641614180595,1.0805810813420926,-0.17240014994999342,0.04315344040561797,0
2019-12-26,3662.4581632653058,28.18788248418367,0.19328238809550058,0.07178597195369463,-0.11433482384522975,0.05806532610476367,0
2019-12-27,3652.95612244898,28.27663213797137,0.08874965378769772,-0.10453273430780285,-0.0963181829631381,0.01801664088209165,0
2019-12-30,3627.3387755102044,27.658382103587563,-0.6182500343838058,-0.7069996881715035,-0.23476124831181977,-0.13844306534868167,0
2020-01-06,3579.4540816326526,27.96941824316787,0.31103613958030607,0.9292861739641118,0.01926291264430091,0.2540241609561207,0
2020-01-07,3638.107142857142,28.86200470798797,0.8925864648201021,0.581550325239796,0.17348092237996227,0.15421800973566135,0
2020-01-08,3587.923469387755,29.470505546757806,0.6085008387698352,-0.2840856260502669,0.2565246125148235,0.08304369013486124,0
2020-01-09,3663.3704081632645,29.21966267082133,-0.2508428759364776,-0.8593437147063128,0.18860610656999555,-0.06791850594482796,0
2020-01-10,3683.3561224489786,30.01705226114353,0.7973895903222008,1.0482324662586784,0.4717340315111933,0.28312792494119776,0
2020-01-14,3715.215306122448,29.80040545373905,-0.21664680740448006,-1.0140363977266809,0.36619744211423466,-0.10553658939695865,0
2020-01-15,3692.989795918367,30.20915661224958,0.4087511585105297,0.6253979659150097,0.26943038085232374,-0.09676706126191092,0
2020-01-16,3674.578571428572,29.423405052997428,-0.7857515592521516,-1.1945027177626812,-0.009420098752077166,-0.2788504796044009,0
2020-01-17,3686.3806122448973,29.347233926836346,-0.07617112616108201,0.7095804330910696,0.025514251203002658,0.034934349955079824,0
2020-01-20,3709.9091836734688,29.194176340343112,-0.1530575864932331,-0.07688646033215107,-0.164575184160082,-0.19008943536308465,0
2020-01-21,3678.82857142857,29.543800114425384,0.3496237740822714,0.5026813605755045,-0.05132106786273383,0.11325411629734816,0
2020-01-22,3715.941836734694,29.645315308216382,0.10151519379099838,-0.24810858029127303,-0.11276826080663582,-0.061447192943901996,0
2020-01-23,3685.4918367346945,29.67722166336321,0.031906355146826826,-0.06960883864417156,0.05076332207315559,0.16353158287979142,0
2020-01-24,3700.5448979591847,30.202766059961565,0.525544396598356,0.4936380414515291,0.1711064266250446,0.12034310455188901,0
2020-01-27,3613.3234693877553,30.47436317928637,0.2715971193248059,-0.25394727727355004,0.25603736778865027,0.08493094116360567,0
2020-01-28,3577.769387755101,31.26924661247727,0.7948834331909005,0.5232863138660946,0.3450892996103754,0.0890519318217251,0
2020-01-29,3598.903061224489,31.486238104192253,0.21699149171498178,-0.5778919414759187,0.36818455919517135,0.02309525958479597,0
2020-01-30,3532.106122448979,31.328768465245272,-0.1574696389469814,-0.3744611306619632,0.3303093603764147,-0.03787519881875667,0
2020-01-31,3552.9061224489797,31.685915196622854,0.3571467313775827,0.5146163703245641,0.2966298273322572,-0.033679533044157495,0
2020-02-03,3522.9367346938775,31.20325198060354,-0.48266321601931494,-0.8398099473968976,0.14577776026343514,-0.15085206706882204,0
2020-02-04,3537.916326530612,31.296993725412975,0.09374174480943509,0.57640496082875,0.005549422587144193,-0.14022833767629095,0
2020-02-05,3574.5071428571423,29.878779364998664,-1.4182143604143107,-1.5119561052237458,-0.3214917478387207,-0.3270411704258649,0
2020-02-06,3662.987755102041,30.29210571985708,0.41332635485841607,1.8315407152727268,-0.2073325490776412,0.1141591987610795,0
2020-02-07,3655.0673469387752,31.982341723312544,1.690236003455464,1.276909648597048,0.05928530533793719,0.2666178544155784,0
2020-02-10,3632.707142857142,31.79554397820301,-0.1867977451095335,-1.8770337485649975,0.11845839951989845,0.05917309418196126,0
2020-02-12,3654.133673469387,31.709926713445828,-0.08561726475718245,0.10118048035235105,0.08258659760656784,-0.035871801913330614,1
2020-02-13,3631.251020408163,31.705213167536744,-0.004713545909083905,0.08090371884809855,0.3652867605076153,0.2827001629010475,1
2020-02-14,3601.9459183673466,31.12887574217915,-0.5763374253575932,-0.5716238794485093,0.16735400446441417,-0.19793275604320115,1
2020-02-17,3579.0153061224496,30.27679542417056,-0.8520803180085892,-0.27574289265099594,-0.34110925982839646,-0.5084632642928106,1
2020-02-18,3507.4265306122443,30.268252643456467,-0.008542780714094533,0.8435375372944947,-0.3054582669493051,0.03565099287909135,1
2020-02-19,3543.752040816326,30.719336197168094,0.45108355371162645,0.459626334425721,-0.19811810325554902,0.1073401636937561,1
2020-02-20,3553.674489795918,30.62842540042839,-0.0909107967397027,-0.5419943504513292,-0.21535755342167207,-0.01723945016612305,1
2020-02-21,3545.226530612244,30.30746793372868,-0.3209574666997099,-0.23004666996000722,-0.164281561690089,0.05107599173158306,1
2020-02-25,3433.3499999999995,30.214063495877973,-0.09340443785070818,0.22755302884900175,-0.012546385658517067,0.15173517603157194,1
2020-02-26,3414.330612244897,34.49581680686404,4.281753310986069,4.375157748836777,0.8455128326815107,0.8580592183400277,1
2020-02-27,3329.3969387755096,34.539795694264086,0.043978887400044187,-4.237774423586025,0.7640918994192027,-0.08142093326230793,1
2020-02-28,3209.7183673469385,36.35012149905522,1.810325804791134,1.7663469173910897,1.1443392197253601,0.3802473203061574,1
2020-03-02,3245.08775510204,40.03461957657938,3.684498077524161,1.874172272733027,1.94543032857014,0.8010911088447799,1
2020-03-03,3198.7734693877555,39.91501066807501,-0.11960890850436812,-3.804106986028529,1.9401894344394108,-0.005240894130729146,1
2020-03-04,3200.734693877551,40.79274656812692,0.8777359000519098,0.9973448085562779,1.2593859522525719,-0.680803482186839,1
2020-03-05,3227.5459183673465,41.02767804059981,0.23493147247288704,-0.6428044275790228,1.297576469267149,0.0381905170145771,1
2020-03-06,3151.2561224489787,40.79082665121247,-0.23685138938733985,-0.4717828618602269,0.8881410304314485,-0.40943543883570044,1
2020-03-09,2980.6612244897947,43.68399936014568,2.893172708933207,3.130024098320547,0.7298759567132649,-0.15826507371818366,1
2020-03-10,3038.8173469387752,50.60914735516814,6.9251479950224635,4.031975286089256,2.1388273374186184,1.4089513807053535,1
2020-03-11,2985.167346938775,50.9436029480673,0.33445559289916105,-6.590692402123302,2.0301712759880814,-0.10865606143053697,1
2020-03-12,2862.459183673468,51.016630725797626,0.07302777773032432,-0.26142781516883673,1.9977905370395561,-0.032380738948525334,0
2020-03-13,2755.5255102040796,53.37719875269721,2.3605680268995854,2.287540249169261,2.5172744202969497,0.5194838832573936,0
2020-03-16,2687.223469387755,56.523878301237474,3.1466795485402628,0.7861115216406773,2.5679757882183623,0.050701367921412555,0
2020-03-17,2758.522448979591,56.12019819724844,-0.4036801039890321,-3.550359652529295,1.1022101684160575,-1.4657656198023048,0
2020-03-18,2790.2755102040815,54.71830612543653,-1.4018920718119148,-0.9982119678228827,0.7549406354738508,-0.34726953294220664,0
2020-03-19,2788.721428571428,52.61293753343247,-2.105368592004055,-0.7034765201921402,0.31926136152696927,-0.43567927394688155,0
2020-03-23,2797.065306122448,49.263182239399,-3.3497552940334714,-1.2443867020294164,-0.8228033026596435,-1.1420646641866128,0
2020-03-24,2908.219387755102,47.6851870657932,-1.5779951736057996,1.7717601204276718,-1.7677382470888574,-0.9449349444292139,0
2020-03-25,3116.4234693877547,48.623890333232985,0.9387032674397844,2.516698441045584,-1.4992615728030927,0.2684766742857647,0
2020-03-26,3032.016326530612,54.107296918366885,5.483406585133899,4.544703317694115,-0.12220184141393275,1.37705973138916,0
2020-03-27,3157.647959183673,53.581799121718745,-0.5254977966481391,-6.008904381782038,0.19377231765726322,0.31597415907119597,1
2020-03-30,3108.724489795917,54.74791095761627,1.1661118358975244,1.6916096325456635,1.0969457436434453,0.9031734259861821,0
2020-03-31,3059.4693877551013,54.06592711009502,-0.6819838475212521,-1.8480956834187765,1.2761480088603676,0.17920226521692229,0
2020-04-01,2949.6653061224483,53.96130793929476,-0.10461917080025529,0.5773646767209968,1.0674835212123526,-0.20866448764801504,0
2020-04-02,2923.771428571428,54.50976232432205,0.5484543850272843,0.6530735558275396,0.08049308119103671,-0.9869904400213159,0
2020-04-03,2935.4153061224483,54.22664817278336,-0.28311415153869035,-0.8315685365659746,0.1289698102129293,0.048476729021892595,0
2020-04-06,3040.952040816326,53.87798993680844,-0.3486582359749164,-0.06554408443622606,-0.17398420416157023,-0.30295401437449954,0
2020-04-07,3103.6877551020407,54.99113400911395,1.1131440723055093,1.4618023082804257,0.18504137980379198,0.3590255839653622,0
2020-04-08,3175.2714285714283,54.99789031446544,0.006756305351487413,-1.1063877669540219,0.2073164750341192,0.022275095230327224,0
2020-04-09,3152.346938775511,54.9095285688712,-0.08836174559423426,-0.09511805094572168,0.07995324890984534,-0.12736322612427387,0
2020-04-10,3188.3642857142845,54.657766646032776,-0.25176192283842624,-0.16340017724419198,0.086223694649874,0.006270445740028663,0
2020-04-13,3132.283673469388,54.59333668423477,-0.06442996179800531,0.18733196104042094,0.14306934948527328,0.05684565483539927,0
2020-04-14,3213.927551020408,54.70223086419426,0.10889417995949202,0.17332414175749733,-0.05778062898394154,-0.20084997846921482,0
2020-04-15,3233.8367346938776,55.04066011292628,0.3384292487320195,0.2295350687725275,0.00855395969216488,0.06633458867610642,0
2020-04-16,3175.8367346938776,54.62269089928059,-0.41796921364569073,-0.7563984623777102,-0.05736753391811078,-0.06592149361027566,0
2020-04-17,3243.062244897959,54.67031723959244,0.04762634031185087,0.4655955539575416,0.002510118711924747,0.05987765263003553,0
2020-04-20,3203.0846938775508,54.67381999296149,0.0035027533690481505,-0.04412358694280272,0.01609666174535107,0.013586543033426324,0
2020-04-21,3161.3571428571427,54.67071293949076,-0.0031070534707282604,-0.006609806839776411,-0.006303584940702933,-0.022400246686054004,0
2020-04-22,3160.4530612244894,54.69382562727096,0.02311268778019837,0.02621974125092663,-0.06936689713106858,-0.06306331219036565,0
2020-04-23,3179.9010204081637,54.58263483026607,-0.11119079700488754,-0.1343034847850859,-0.008011213802895156,0.06135568332817343,0
2020-04-24,3164.554081632653,54.55463282573646,-0.028002004529611213,0.08318879247527633,-0.023136882771204625,-0.01512566896830947,0
2020-04-27,3225.7653061224496,54.41460329937168,-0.14002952636478483,-0.11202752183517362,-0.05184333871795843,-0.028706455946753806,0
2020-04-28,3237.9765306122445,54.55129414128714,0.13669084191545977,0.2767203682802446,-0.02388375964072509,0.027959579077233343,0
2020-04-30,3269.337755102041,54.30658804583019,-0.244706095456948,-0.38139693737240776,-0.07744751628816005,-0.05356375664743496,0
2020-05-01,3212.682653061225,54.03803723545967,-0.2685508103705203,-0.023844714913572318,-0.1089195189612795,-0.03147200267311945,0
2020-05-07,3232.9877551020413,54.252089057358205,0.21405182189853633,0.48260263226905664,-0.06050875367565567,0.048410765285623825,0
2020-05-08,3301.2387755102036,53.898908502793454,-0.3531805545647515,-0.5672323764632878,-0.10313895931563621,-0.042630205639980545,0
2020-05-11,3349.112244897959,53.94653971932172,0.04763121652826641,0.4008117710930179,-0.1209508843930891,-0.017811925077452884,0
2020-05-12,3343.254081632653,53.65732927128027,-0.2892104480414517,-0.3368416645697181,-0.12985175490997136,-0.008900870516882264,0
2020-05-13,3348.909183673469,53.31094020360898,-0.3463890676712893,-0.05717861962983761,-0.14541940637015216,-0.015567651460180798,0
2020-05-14,3294.23775510204,53.01383593711933,-0.2971042664896473,0.049284801181642024,-0.24765062404776472,-0.10223121767761256,0
2020-05-15,3323.610204081633,53.01174275461558,-0.0020931825037493468,0.2950110839858979,-0.17743314963557566,0.07021747441218906,0
2020-05-18,3311.7306122448977,52.927599578391465,-0.08414317622411716,-0.08204999372036781,-0.2037880281860609,-0.02635487855048524,0
2020-05-19,3385.5285714285724,52.5042510054676,-0.42334857292386374,-0.3392053966997466,-0.23061565316252342,-0.026827624976462516,0
2020-05-20,3429.266326530612,52.72066866297446,0.21641765750685948,0.6397662304307232,-0.11805430812690787,0.11256134503561555,0
2020-05-21,3409.852040816327,52.62399121323741,-0.09667744973705084,-0.3130951072439103,-0.07796894477638716,0.04008536335052071,0
2020-05-22,3394.715306122449,52.54284828164888,-0.08114293158853059,0.015534518148520249,-0.09377889459333488,-0.01580994981694772,0
2020-05-25,3447.019387755103,52.52398078328349,-0.018867498365388258,0.06227543322314233,-0.08072375902159479,0.013055135571740095,0
2020-05-26,3523.516326530613,52.62136227614672,0.09738149286322795,0.1162489912286162,0.02342225413582355,0.10414601315741834,0
2020-05-27,3547.0489795918365,52.83042412620746,0.20906185006074196,0.11168035719751401,0.021951092646595782,-0.001471161489227768,0
2020-05-28,3622.0357142857138,52.63023933347618,-0.2001847927312781,-0.40924664279202005,0.0012496240477659626,-0.02070146859882982,0
2020-05-29,3585.535714285714,52.708826604222,0.07858727074581395,0.27877206347709205,0.033195664514614975,0.03194604046684901,0
2020-06-01,3625.5367346938765,52.46925102063464,-0.23957558358736009,-0.31816285433317404,-0.010945952529773706,-0.04414161704438868,0
2020-06-02,3667.1673469387747,52.2856072930402,-0.18364372759443626,0.05593185599292383,-0.06715099662130086,-0.056205044091527157,0
2020-06-03,3705.083673469388,52.447510478313625,0.16190318527342384,0.3455469128678601,-0.07658272957876022,-0.00943173295745936,0
2020-06-04,3724.6336734693873,52.484078299228166,0.03656782091454147,-0.12533536435888237,-0.029232206849613362,0.04735052272914686,0
2020-06-05,3733.4948979591827,52.56228017063635,0.07820187140818291,0.04163405049364144,-0.029309286717122518,-7.707986750915552e-05,0
2020-06-08,3737.816326530613,52.45668484308954,-0.10559532754680845,-0.18379719895499136,-0.0025132355090278224,0.026796051208094696,0
2020-06-09,3730.894897959184,52.20430767328536,-0.252377169804177,-0.14678184225736857,-0.016259923950961763,-0.01374668844193394,0
2020-06-10,3727.6163265306127,52.28463648133549,0.0803288080501261,0.3327059778543031,-0.032574799395625575,-0.016314875444663812,0
2020-06-11,3670.3040816326534,52.26517819285722,-0.019458288478269026,-0.09978709652839513,-0.043780021274187675,-0.0112052218785621,0
2020-06-12,3629.0785714285707,52.56897484061574,0.3037966477585172,0.32325493623678625,0.0013389339958749247,0.0451189552700626,0
2020-06-15,3520.793877551021,52.630412225851885,0.061437385236146724,-0.2423592625223705,0.034745476552473065,0.03340654255659814,0
2020-06-16,3680.467346938775,52.96410004785446,0.33368782200257385,0.27225043676642713,0.15195847491381187,0.1172129983613388,0
2020-06-17,3681.370408163264,54.09484995285711,1.1307499050026522,0.7970620830000783,0.36204269430432134,0.21008421939050947,0
2020-06-18,3671.038775510203,54.07364998804565,-0.02119996481145847,-1.1519498698141106,0.3616943590376849,-0.0003483352666364681,0
2020-06-19,3683.9918367346945,54.11024670456679,0.03659671652113872,0.05779668133259719,0.3082543727902163,-0.053439986247468596,0
2020-06-22,3679.1653061224483,54.11529850834658,0.005051803779785757,-0.03154491274135296,0.29697725649894124,-0.011277116291275036,0
2020-06-23,3688.2938775510197,54.12775853336944,0.012460025022861032,0.007408221243075275,0.23273169710299868,-0.06424555939594256,0
2020-06-24,3683.958163265306,53.622183435601166,-0.505575097768272,-0.5180351227911331,-0.09453330345119326,-0.32726500055419194,0
2020-06-25,3664.082653061223,53.62933775945828,0.00715432385711523,0.5127294216253873,-0.08886244571747426,0.005670857733719004,0
2020-06-26,3690.962244897958,53.40221015491016,-0.22712760454812297,-0.2342819284052382,-0.14160730993133086,-0.0527448642138566,0
2020-06-29,3640.5183673469373,52.73358352421594,-0.6686266306942201,-0.44149902614609715,-0.2763429968261306,-0.13473568689479976,0
2020-06-30,3655.0275510204065,53.06791966390394,0.3343361396880056,1.0029627703822257,-0.21196777389309318,0.06437522293303743,0
2020-07-01,3630.3489795918363,52.93673476617533,-0.13118489772861608,-0.46552103741662165,-0.1370897338851691,0.07487804000792408,0
2020-07-02,3625.6397959183673,53.05467588322809,0.11794111705276578,0.24912601478138185,-0.11493237524604183,0.022157358639127267,0
2020-07-03,3678.513265306122,53.05969240278198,0.005016519553883825,-0.11292459749888195,-0.06850355042562484,0.04642882482041699,0
2020-07-06,3724.123469387754,52.63159837243529,-0.4280940303466849,-0.43311054990056874,-0.020397030356129164,0.04810652006949567,0
2020-07-07,3738.297959183673,50.91981981988209,-1.7117785525531986,-1.2836845222065136,-0.42961996880437425,-0.4092229384482451,0
2020-07-08,3704.6010204081635,51.00738147823138,0.08756165834928709,1.7993402109024856,-0.38587065758879646,0.04374931121557779,0
2020-07-09,3709.68469387755,51.06464654527733,0.057265067045946694,-0.030296591303340392,-0.39800586759015033,-0.012135210001353869,0
2020-07-10,3664.5836734693867,49.99833723499921,-1.0663093102781147,-1.1235743773240614,-0.6122710335565458,-0.21426516596639544,0
2020-07-13,3729.9969387755104,48.42667520421484,-1.571662030784374,-0.5053527205062593,-0.8409846336440907,-0.22871360008754493,0
2020-07-14,3706.309183673468,48.64429737334543,0.21762216913059262,1.7892841999149667,-0.45510448930733105,0.38588014433675966,0
2020-07-15,3782.1285714285705,49.24108809098708,0.596790717641646,0.3791685485110534,-0.35325867744887063,0.10184581185846042,0
2020-07-16,3726.4795918367345,50.10293638679514,0.8618482958080662,0.26505757816642017,-0.19234203169643393,0.1609166457524367,0
2020-07-17,3700.3846938775505,51.87475192856613,1.7718155417709838,0.9099672459629176,0.3752829387133829,0.5676249704098169,0
2020-07-20,3707.5448979591815,53.22325692277133,1.3485049942052,-0.4233105475657837,0.9593163437112935,0.5840334049979106,0
2020-07-21,3753.6551020408147,53.07763254208414,-0.1456243806871882,-1.4941293748923883,0.8866670337477487,-0.0726493099635448,0
2020-07-22,3720.167346938774,48.63043271493313,-4.44719982715101,-4.301575446463822,-0.12213107521079536,-1.008798108958544,0
2020-07-27,3726.9826530612227,48.65786284939123,0.027430134458100497,4.474629961609111,-0.2890147074807743,-0.16688363226997893,0
2020-07-28,3703.0142857142864,47.4546938173285,-1.203169032062732,-1.2305991665208325,-0.8840116222475345,-0.5949969147667602,0
2020-07-29,3671.4142857142842,47.87695295501072,0.4222591376822251,1.625428169744957,-1.069260793552111,-0.18524917130457652,0
2020-07-30,3656.734693877551,47.60148615318684,-0.2754668018238817,-0.6977259395061068,-1.0952292777794668,-0.02596848422735576,0
2020-07-31,3557.748979591837,46.15448907428959,-1.4469970788972475,-1.1715302770733658,-0.49518872812870285,0.6000405496507639,0
2020-08-03,3573.8867346938764,46.558753731427934,0.4042646571383415,1.851261736035589,-0.4198218235926632,0.07536690453603967,0
2020-08-04,3621.6612244897956,46.69980851821588,0.14105478678794725,-0.2632098703503942,-0.15097705982252307,0.2688447637701401,0
2020-08-05,3625.0438775510197,45.46842269877848,-1.2313858194373992,-1.3724406062253465,-0.48170605124644794,-0.33072899142392487,0
2020-08-06,3619.538775510204,45.32317604495854,-0.14524665381994595,1.0861391656174533,-0.45566202164565794,0.026044029600789997,0
2020-08-07,3601.541836734693,45.37863655967181,0.05546051471327473,0.20070716853322068,-0.1551705029235606,0.30049151872209734,0
2020-08-11,3686.9479591836744,45.42350143162978,0.0448648719579694,-0.010595642755305335,-0.22705045995962791,-0.07187995703606731,0
2020-08-12,3737.2979591836743,46.05271583480895,0.6292144031791693,0.5843495312211999,-0.12941853668138492,0.097631923278243,0
2020-08-13,3800.2571428571423,45.81068975671633,-0.24202607809262133,-0.8712404812717907,0.06845341158756924,0.19787194826895416,0
2020-08-14,3801.4469387755103,45.456115615567874,-0.3545741411484542,-0.11254806305583287,0.026587914121869005,-0.04186549746570023,0
2020-08-17,3768.384693877551,45.6538603085218,0.1977446929539255,0.5523188341023797,0.055044749769997736,0.02845683564812873,0
2020-08-18,3779.0969387755094,45.47259498745948,-0.18126532106231963,-0.3790100140162451,0.009818711165941352,-0.045226038604056384,0
2020-08-19,3771.9540816326517,45.46600992302491,-0.0065850644345673,0.17468025662775233,-0.11734118235681024,-0.1271598935227516,0
2020-08-20,3731.3999999999987,45.42056039761597,-0.04544952540894087,-0.03886446097437357,-0.07802587182006704,0.0393153105367432,0
2020-08-21,3733.8489795918363,45.36064312295469,-0.05991727466128083,-0.014467749252339956,-0.01909449852264089,0.05893137329742615,0
2020-08-24,3748.3397959183662,45.408893330531335,0.048250207576643334,0.10816748223792416,-0.0489933955980959,-0.02989889707545501,0
2020-08-25,3777.6510204081633,45.300766369742966,-0.10812696078836836,-0.1563771683650117,-0.034365723543302806,0.014627672054793095,0
2020-08-26,3770.2459183673477,45.50019811661581,0.19943174687284682,0.3075587076612152,0.006837638718181438,0.041203362261484244,0
2020-08-27,3759.2530612244886,45.18286768671357,-0.3173304299022419,-0.5167621767750887,-0.047538542180483034,-0.05437618089866447,0
2020-08-28,3716.2234693877554,45.38192620219493,0.19905851548136155,0.5163889453836035,0.004256615848049705,0.05179515802853274,0
2020-08-31,3747.868367346938,45.39624907857145,0.014322876376517968,-0.18473563910484359,-0.002528850391975368,-0.006785466240025073,0
2020-09-01,3742.870408163266,43.94567059231605,-1.4505784862554023,-1.4649013626319203,-0.2710191554853836,-0.2684903050934082,0
2020-09-02,3779.425510204081,44.19443163797188,0.2487610456558329,1.6993395319112352,-0.2611532957287892,0.009865859756594375,0
2020-09-03,3809.4091836734697,43.52303400811128,-0.6713976298605999,-0.9201586755164328,-0.33196673572045654,-0.07081343999166734,0
2020-09-04,3746.1795918367357,43.63442473360663,0.11139072549534745,0.7827883553559474,-0.3495002937176608,-0.01753355799720424,0
2020-09-07,3725.010204081632,43.73604600007128,0.10162126646465452,-0.009769459030692929,-0.33204061570003063,0.017459678017630154,0
2020-09-08,3735.8744897959173,43.88307402389268,0.1470280238213988,0.045406757356744265,-0.012519313684677513,0.3195213020153531,0
2020-09-09,3711.3102040816334,43.3528157429576,-0.5302582809350795,-0.6772863047564783,-0.16832317900285432,-0.1558038653181768,0
2020-09-10,3747.8367346938776,43.63213965668213,0.27932391372452514,0.8095821946596047,0.021821129714169274,0.1901443087170236,0
2020-09-11,3764.4581632653058,44.5192254989422,0.8870858422600705,0.6077619285355453,0.17696015306712098,0.1551390233529517,0
2020-09-14,3794.279591836735,43.93677100964607,-0.5824544892961256,-1.4695403315561961,0.04014500191495074,-0.13681515115217024,0
2020-09-15,3775.7581632653073,44.00066157688892,0.0638905672428507,0.6463450565389763,0.023517510599248226,-0.016627491315702514,0
2020-09-16,3786.9306122448975,44.19078547802016,0.190123901131237,0.1262333338883863,0.16759394701251296,0.14407643641326473,0
2020-09-17,3774.8602040816327,43.96270588146158,-0.22807959655857957,-0.4182034976898166,0.06611324495588633,-0.10148070205662663,0
2020-09-18,3798.927551020409,43.70388505899354,-0.2588208224680386,-0.030741225909459047,-0.16306808798972838,-0.2291813329456147,0
2020-09-23,3804.386734693876,43.0850566747448,-0.6188283842487436,-0.36000756178070503,-0.17034286698025625,-0.007274778990527864,0
2020-09-24,3770.04081632653,43.0526025718376,-0.03245410290719519,0.5863742813415485,-0.18961180101025832,-0.01926893403000207,0
2020-09-25,3787.826530612245,42.7733185684188,-0.2792840034188018,-0.24682990051160658,-0.2834933819202732,-0.09388158091001486,0
2020-09-28,3837.3142857142843,42.920985361458825,0.14766679304002395,0.4269507964588257,-0.20834410400055248,0.0751492779197207,0
2020-09-29,3872.3989795918365,43.32370344250743,0.4027180810486044,0.25505128800858046,-0.07603632329722387,0.1323077807033286,0
2020-09-30,3794.951020408162,42.93539634237074,-0.3883071001366929,-0.7910251811852973,-0.029932066474813723,0.04610425682241015,0
2020-10-02,3753.364285714286,43.80768090478572,0.8722845624149826,1.2605916625516755,0.15101566658962895,0.18094773306444267,0
2020-10-05,3797.0765306122444,43.724994215427664,-0.08268668935805579,-0.9549712517730384,0.19033512940177388,0.039319462812144934,0
2020-10-06,3816.8275510204066,44.167275697333466,0.44228148190580185,0.5249681712638576,0.24925806717492094,0.058922937773147055,0
2020-10-07,3828.31530612245,44.11803861927704,-0.04923707805642863,-0.4915185599622305,0.15886703535392144,-0.0903910318209995,0
2020-10-08,3859.9224489795915,44.18735779942131,0.06931918014426941,0.11855625820069804,0.2503922914101153,0.09152525605619388,0
2020-10-09,3849.3142857142857,44.2401829054585,0.05282510603719004,-0.01649407410707937,0.08650040013455396,-0.16389189127556136,0
2020-10-12,3840.1785714285706,43.23417226020811,-1.0060106452503845,-1.0588357512875746,-0.09816439104390184,-0.1846647911784558,0
2020-10-13,3868.9,43.1653292405285,-0.06884301967961193,0.9371676255707726,-0.2003892913609988,-0.10222490031709697,0
2020-10-14,3876.0561224489797,41.96211370456205,-1.20321553596645,-1.134372516286838,-0.43118498294299457,-0.23079569158199575,0
2020-10-15,3837.059183673469,38.60596037394992,-3.3561533306121305,-2.1529377946456805,-1.1162794850942817,-0.6850945021512871,0
2020-10-16,3815.205102040816,38.49620743381274,-0.10975294013717729,3.246400390474953,-1.1487950943291523,-0.032515609234870624,0
2020-10-19,3856.9540816326526,38.49728302749031,0.0010755936775694863,0.11082853381474678,-0.94737784654356,0.20141724778559222,0
2020-10-20,3845.9377551020407,38.85315219925026,0.3558691717599487,0.3547935780823792,-0.8624354082556422,0.08494243828791781,0
2020-10-21,3842.783673469387,39.01699940305824,0.16384720380798257,-0.19202196795196613,-0.5890228603007586,0.2734125479548837,0
2020-10-22,3810.8908163265305,39.12756331505059,0.11056391199234383,-0.053283291815638734,0.10432058822012635,0.6933434485208849,0
2020-10-23,3806.242857142856,39.29953743979931,0.1719741247487221,0.06141021275637826,0.16066600119732044,0.05634541297719409,0
2020-10-26,3789.7040816326535,38.86958930134856,-0.4299481384507473,-0.6019222631994694,0.07446125477164856,-0.08620474642567189,0
2020-10-27,3787.8,38.735124413232064,-0.13446488811649715,0.29548325033425016,-0.023605557203644878,-0.09806681197529343,0
2020-10-28,3841.539795918367,37.76502115369392,-0.970103259538142,-0.8356383714216449,-0.2503956498728641,-0.22679009266921923,0
2020-10-29,3832.2551020408146,37.797886764404,0.03286561071007554,1.0029688702482176,-0.26593531012931493,-0.015539660256450816,0
2020-10-30,3754.338775510203,37.364825349790685,-0.43306141461331293,-0.4659270253233885,-0.38694241800172335,-0.12100710787240843,0
2020-11-02,3816.9469387755094,37.59376369585945,0.22893834606876595,0.6619997606820789,-0.25516512109782497,0.1317772969038984,0
2020-11-04,3883.9346938775507,38.47982898899584,0.8860652931363902,0.6571269470676242,-0.05105908484723898,0.204106036250586,0
2020-11-05,3952.944897959182,37.83943417112907,-0.6403948178667704,-1.5264601110031606,0.014882603487023971,0.06594168833426295,0
2020-11-06,3975.4918367346936,37.31682259598242,-0.522611575146648,0.11778324272012242,-0.09621283368431932,-0.11109543717134329,0
2020-11-09,4061.1387755102032,37.00852821474538,-0.3082943812370402,0.2143171939096078,-0.07125942700906052,0.024953406675258805,0
2020-11-10,4045.770408163264,36.93015654811488,-0.07837166663050255,0.22992271460653768,-0.13272142954890853,-0.061462002539848015,0
2020-11-11,4123.055102040816,36.868872909343175,-0.061283638771705284,0.01708802785879726,-0.32219121593053046,-0.18946978638162193,0
2020-11-12,4152.400000000001,36.450872436849664,-0.41800047249351024,-0.35671683372180496,-0.27771234685588553,0.04447886907464493,0
2020-11-13,4102.844897959184,36.3500575023044,-0.10081493454526225,0.317185537948248,-0.19335301873560695,0.08435932812027858,0
2020-11-16,4163.851020408164,36.5271394242089,0.17708192190449523,0.2778968564497575,-0.09627775810729133,0.09707526062831562,0
2020-11-17,4154.605102040817,37.183799032520405,0.6566596083115073,0.47957768640701204,0.05072849688109926,0.1470062549883906,0
2020-11-18,4116.204081632653,37.06347101656426,-0.12032801595614728,-0.7769876242676546,0.038919621444215124,-0.011808875436884136,0
2020-11-19,4151.308163265305,37.17834884170323,0.11487782513897571,0.235205841095123,0.14549528097072084,0.10657565952650572,0
2020-11-20,4134.191836734693,37.133658166388095,-0.04469067531513815,-0.15956850045411386,0.15672013281673713,0.011224851846016293,0
2020-11-24,4247.098979591836,36.98620332793176,-0.14745483845633345,-0.1027641631411953,0.09181278074456856,-0.06490735207216858,0
2020-11-25,4274.703061224489,37.439334356063625,0.4531310281318639,0.6005858665881973,0.051107064708645566,-0.04070571603592299,0
2020-11-26,4321.274489795918,37.28408170182316,-0.15525265424046353,-0.6083836823723274,0.04412213705178658,-0.006984927656858986,0
2020-11-27,4347.931632653061,37.07651059922401,-0.2075711025991538,-0.05231844835869026,-0.020367648495849267,-0.06448978554763585,0
2020-11-30,4311.135714285714,37.2000807503326,0.12357015110859493,0.3311412537077487,0.013284516788900191,0.03365216528474946,0
2020-12-01,4342.3530612244895,36.594114205321645,-0.6059665450109577,-0.7295366961195526,-0.0784178245220204,-0.09170234131092059,0
2020-12-02,4346.29081632653,36.8679664710229,0.2738522657012581,0.8798188107122158,-0.11427357700814156,-0.03585575248612116,0
2020-12-03,4332.021428571428,36.29798555869713,-0.5699809123257751,-0.8438331780270332,-0.19721922862520813,-0.08294565161706657,0
2020-12-04,4307.425510204082,36.34638543241236,0.048399873715233355,0.6183807860410084,-0.14602503336233497,0.051194195262873166,0
2020-12-07,4280.886734693877,36.28536551839732,-0.061019914015041365,-0.10941978773027472,-0.18294304638705228,-0.03691801302471731,0
2020-12-08,4292.97551020408,36.35299280601728,0.06762728761995618,0.12864720163499754,-0.048224279860875185,0.1347187665261771,0
2020-12-09,4350.740816326529,34.859826378830405,-1.4931664271868712,-1.5607937148068274,-0.40162801843850104,-0.35340373857762586,0
2020-12-10,4316.777551020408,34.697115400967505,-0.16271097786290056,1.3304554493239706,-0.3201740315459247,0.08145398689257632,0
2020-12-11,4305.768367346939,34.66158761610472,-0.035527784862786405,0.12718319300011416,-0.3369595632615301,-0.016785531715605373,0
2020-12-14,4317.001020408164,34.45946614341833,-0.20212147268638603,-0.16659368782359962,-0.3651798749957962,-0.02822031173426609,0
2020-12-15,4298.1948979591825,34.230150124826125,-0.22931601859220763,-0.0271945459058216,-0.4245685362382332,-0.059388661242437024,0
2020-12-16,4306.697959183673,34.184752844687274,-0.04539728013885025,0.18391873845335738,-0.1350147068286205,0.2895538294096127,0
2020-12-17,4344.53775510204,34.16433630326319,-0.020416541424083334,0.024980738714766915,-0.10655581954086557,0.02845888728775492,0
2020-12-18,4323.718367346938,34.00730497326904,-0.1570313299941546,-0.13661478857007125,-0.13085652856713637,-0.024300709026270795,0
2020-12-21,4326.763265306123,33.831261611874524,-0.1760433613945125,-0.0190120314003579,-0.12564090630876024,0.005215622258376129,0
2020-12-22,4273.00612244898,33.75219893198413,-0.07906267989039151,0.09698068150412098,-0.09559023856839843,0.030050667740361803,0
2020-12-23,4304.567346938776,33.727631695012064,-0.024567236972067974,0.05449544291832353,-0.0914242299350434,0.004166008633355034,0
2020-12-24,4320.686734693877,33.6144768977513,-0.11315479726076205,-0.08858756028869408,-0.10997188110237488,-0.01854765116733148,0
2020-12-25,4328.1377551020405,33.58337149336901,-0.03110540438229492,0.08204939287846713,-0.08478669598000721,0.02518518512236767,0
2020-12-28,4373.983673469387,33.832514177691024,0.2491426843220168,0.2802480887043117,0.0002505131633014912,0.0850372091433087,0
2020-12-29,4459.955102040815,34.35040619042761,0.5178920127365885,0.26874932841457166,0.11964145168869322,0.11939093852539173,0
2020-12-30,4424.159183673469,34.681859852021375,0.33145366159376266,-0.1864383511428258,0.1908456314018636,0.07120417971317039,0
2021-01-04,4406.585714285714,34.87454925567751,0.19268940365613219,-0.13876425793763048,0.25201447158524104,0.061168840183377426,0
2021-01-05,4399.725510204082,34.966467594939125,0.09191833926161763,-0.10077106439451455,0.27661922031401787,0.024604748728776826,0
2021-01-06,4377.529591836735,34.948298213412905,-0.018169381526220718,-0.11008772078783835,0.22315680714437747,-0.0534624131696404,0
2021-01-07,4469.645918367347,34.94010459562676,-0.008193617786147911,0.009975763740072807,0.11793968103982877,-0.1052171261045487,0
2021-01-08,4568.775510204082,35.304647508009324,0.36454291238256786,0.3727365301687158,0.1245575311975955,0.006617850157766725,0
2021-01-12,4583.613265306123,35.35486601977323,0.05021851176390868,-0.3143244006186592,0.09606335281914369,-0.028494178378451807,0
2021-01-13,4600.402040816327,34.90499709099103,-0.44986892878220175,-0.5000874405461104,-0.012294100789617346,-0.10835745360876103,0
2021-01-14,4630.73163265306,34.88448296188346,-0.020514129107574774,0.429354799674627,-0.012763050305885315,-0.0004689495162679691,0
2021-01-15,4591.407142857142,34.86060693588198,-0.023876026001474315,-0.003361896893899541,-0.015899531948960544,-0.0031364816430752285,0
2021-01-18,4566.660204081632,34.74546998001637,-0.11513695586561568,-0.09126092986414136,-0.11183550559859157,-0.09593597364963102,0
2021-01-19,4600.69693877551,34.874794247160125,0.12932426714375822,0.2444612230093739,-0.09601435452261597,0.015821151075975592,0
2021-01-20,4567.183673469387,34.82162526086299,-0.05316898629713762,-0.18249325344089584,-0.016674366025611675,0.0793399884970043,0
2021-01-21,4592.23469387755,34.79069376637314,-0.030931494489848887,0.022237491807288734,-0.018757839102065077,-0.0020834730764534015,0
2021-01-22,4608.563265306121,34.945403993720944,0.15471022734780604,0.18564172183765493,0.016959411567789573,0.03571725066985465,0
2021-01-25,4616.155102040816,34.746190629136976,-0.19921336458396866,-0.3539235919317747,0.0001441298241289246,-0.01681528174366065,0
2021-01-26,4555.751020408163,34.66919989744558,-0.07699073169139581,0.12222263289257285,-0.041118869942920355,-0.04126299976704928,0
2021-01-27,4590.3816326530605,34.59664844532325,-0.07255145212233316,0.0044392795690626485,-0.04499536310794383,-0.0038764931650234757,0
2021-01-28,4505.947959183673,34.58570852545609,-0.010939919867155368,0.06161153225517779,-0.040997048183413654,0.0039983149245301774,0
2021-01-29,4418.017346938775,33.34545462165561,-1.240253903800479,-1.2293139839333236,-0.3199898744130678,-0.27899282622965416,0
2021-02-01,4482.558163265307,33.76650945412891,0.42105483247329545,1.6613087362737744,-0.19593623500160362,0.12405363941146419,0
2021-02-02,4507.345918367348,33.161203725028244,-0.6053057291006638,-1.0263605615739593,-0.3015992344834686,-0.10566299948186497,0
2021-02-03,4523.372448979591,33.04644973743234,-0.11475398759590405,0.4905517415047598,-0.31003974157817993,-0.008440507094711336,0
2021-02-04,4462.663265306122,33.43159508933355,0.38514535190120824,0.4998993394971123,-0.23082268722451715,0.07921705435366277,0
2021-02-05,4505.3816326530605,33.082317303841975,-0.34927778549157296,-0.7344231373927812,-0.052627463562721744,0.1781952236617954,0
2021-02-08,4588.8530612244895,33.00035580461464,-0.08196149922733298,0.26731628626424,-0.1532307299028517,-0.10060326634012995,0
2021-02-09,4625.540816326529,33.363099498532414,0.3627436939177713,0.44470519314510426,0.040379154700829645,0.19360988460368134,0
2021-02-10,4639.698979591836,33.34545813554419,-0.017641362988221942,-0.3803850569059932,0.05980167962237459,0.019422524921544948,0
2021-02-12,4660.0367346938765,32.99985694686613,-0.3456011886780601,-0.32795982568983817,-0.08634762849348476,-0.14614930811585936,0
2021-02-15,4731.057142857143,32.6656507254981,-0.334206221368035,0.011394967310025095,-0.08333331566877433,0.00301431282471043,0
2021-02-16,4745.738775510204,32.369983709074674,-0.2956670164234225,0.03853920494461249,-0.12607441910799366,-0.04274110343921933,0
2021-02-17,4716.292857142857,32.05248301078253,-0.3175006982921431,-0.02183368186872059,-0.26212329754998365,-0.13604887844198998,0
2021-02-18,4710.09387755102,31.4748688040364,-0.5776142067461301,-0.26011350845398695,-0.3741178663015532,-0.11199456875156955,0
2021-02-19,4673.402040816327,31.653623396348685,0.1787545923122842,0.7563687990584143,-0.2692467101034879,0.10487115619806531,0
2021-02-22,4682.540816326529,31.483619723335966,-0.1700036730127188,-0.348758265325003,-0.23640620043242322,0.032840509671064666,0
2021-02-24,4562.460204081633,31.36921513419992,-0.11440458913604701,0.055599083876671784,-0.20015371497495593,0.03625248545746729,0
2021-02-25,4632.84081632653,31.25205827730956,-0.11715685689036093,-0.0027522677543139196,-0.1600849466945924,0.04006876828036354,0
2021-02-26,4443.933673469387,31.085623863321253,-0.1664344139883056,-0.04927755709794468,-0.07784898814303531,0.08223595855155708,0
2021-03-01,4532.89693877551,32.80533949653928,1.71971563321803,1.8861500472063355,0.23034322003812235,0.30819220818115767,0
2021-03-02,4520.08469387755,33.19245938317931,0.38711988664002916,-1.3325957465780007,0.3417679319686684,0.11142471193054604,0
2021-03-03,4507.133673469388,32.83355473275661,-0.35890465042270137,-0.7460245370627305,0.2928679197113411,-0.04890001225732732,0
2021-03-04,4431.478571428571,32.11381229267704,-0.7197424400795711,-0.36083778965686975,0.17235080307349904,-0.12051711663784204,0
2021-03-05,4452.621428571428,32.292394132645015,0.1785818399679755,0.8983242800475466,0.24135405386474673,0.0690032507912477,0
2021-03-08,4398.6030612244895,32.544684047496766,0.252289914851751,0.07370807488377551,-0.05213108980850478,-0.2934851436732515,0
2021-03-09,4403.185714285714,32.46013590114424,-0.08454814635252461,-0.3368380612042756,-0.14646469640700843,-0.09433360659850365,0
2021-03-10,4417.39693877551,32.721815363164914,0.26167946202067327,0.3462276083731979,-0.02234787391834203,0.1241168224886664,0
2021-03-11,4411.065306122449,32.471546139088915,-0.25026922407599983,-0.5119486860966731,0.07154676928237791,0.09389464320071994,0
2021-03-12,4511.191836734693,31.59759257285221,-0.873953566236704,-0.6236843421607041,-0.13896031195856295,-0.21050708124094086,0
2021-03-15,4519.553061224489,31.888499922501087,0.2909073496488759,1.1648609158855798,-0.13123682499913514,0.007723486959427817,0
2021-03-16,4560.772448979591,31.274660855387157,-0.6138390671139291,-0.904746416762805,-0.23709500915141035,-0.10585818415227521,0
2021-03-17,4580.932653061223,30.51355631927439,-0.761104536112768,-0.14726546899883886,-0.44165180877810783,-0.20455679962669748,0
2021-03-18,4667.139795918368,30.55574616829259,0.04218984901820022,0.8032943851309682,-0.3831599941592678,0.05849181461884001,0
2021-03-19,4630.009183673469,30.44077199901061,-0.11497416928197879,-0.157164018300179,-0.23136411476832208,0.15179587939094574,0
2021-03-22,4527.304081632654,30.45525386343929,0.014481864428677937,0.12945603371065673,-0.2866492118123567,-0.055285097044034615,0
2021-03-23,4500.6122448979595,30.63700748803695,0.1817536245976612,0.16727176016898326,-0.12753067347004432,0.15911853834231238,0
2021-03-24,4446.045918367346,30.15045337294949,-0.48655411508746127,-0.6683077396851225,-0.07262058926497872,0.0549100842050656,0
2021-03-25,4516.951020408163,31.731442575941973,1.580989202992484,2.067543318079945,0.23513928152987873,0.30775987079485745,0
2021-03-26,4568.64693877551,32.40425975569608,0.6728171797541087,-0.9081720232383752,0.39269755133708983,0.1575582698072111,0
2021-03-29,4612.966326530613,32.845172707847844,0.44091295215176274,-0.23190422760234597,0.47798376888171745,0.08528621754462762,0
2021-03-30,4625.262244897959,31.20925861428716,-1.6359140935606824,-2.076827045712445,0.11445022525003878,-0.36353354363167867,0
2021-03-31,4559.094897959184,31.02766119872647,-0.18159741556069164,1.4543166779999908,0.175441565155392,0.060991339905353215,0
2021-04-01,4617.276530612246,31.639980207758523,0.6123190090320527,0.7939164245927444,-0.018292473636687845,-0.19373403879207984,0
2021-04-02,4693.407142857142,31.439959156499377,-0.20002105125914582,-0.8123400602911985,-0.19286011983933804,-0.1745676462026502,0
2021-04-05,4703.981632653061,31.494311614880772,0.0543524583813948,0.2543735096405406,-0.27017221859341234,-0.0773120987540743,0
2021-04-06,4633.030612244897,31.493710062011424,-0.0006015528693481542,-0.05495401125074295,0.05689028954484954,0.3270625081382619,0
2021-04-07,4624.251020408163,32.15346549175887,0.6597554297474488,0.660356982616797,0.22516085860647905,0.16827056906162952,0
2021-04-08,4647.44081632653,31.955379086231414,-0.1980864055274587,-0.8578418352749075,0.06307977569457535,-0.1620810829119037,0
2021-04-09,4665.75,32.19201801043828,0.2366389242068685,0.4347253297343272,0.15041177078778034,0.087331995093205,0
2021-04-12,4639.211224489794,32.24133623032629,0.049318219888007775,-0.18732070431886072,0.14940492308910436,-0.0010068476986759833,0
2021-04-13,4655.6571428571415,32.337260761919616,0.09592453159332592,0.04660631170531815,0.1687101399816413,0.019305216892536947,0
2021-04-14,4655.632653061224,32.262829869420926,-0.07443089249868962,-0.17035542409201554,0.021872875532409353,-0.14683726444923195,0
2021-04-15,4655.365306122449,32.2969617520246,0.03413188260367406,0.10856277510236367,0.06831653315864372,0.04644365762623437,0
2021-04-16,4660.787755102041,32.50325579790625,0.20629404588164846,0.1721621632779744,0.06224755749358479,-0.006068975665058929,0
2021-04-19,4664.478571428572,32.66436999140625,0.16111419349999778,-0.045179852381650676,0.084606752215997,0.022359194722412212,0
2021-04-20,4594.840816326529,32.71318334505934,0.04881335365309525,-0.11230083984690253,0.07518451662794234,-0.009422235588054662,0
2021-04-21,4500.839795918368,32.88010038856847,0.16691704350913028,0.11810368985603503,0.12345410382950917,0.04826958720156682,0
2021-04-22,4618.3214285714275,34.09894364522404,1.2188432566555676,1.0519262131464373,0.3603963786398907,0.23694227481038155,0
2021-04-23,4585.785714285715,34.532699113312226,0.43375546808818655,-0.785087788567381,0.40588866308119265,0.04549228444130193,0
2021-04-26,4611.578571428571,34.47898976311957,-0.05370935019265488,-0.4874648182808414,0.3629239543426621,-0.04296470873853053,0
2021-04-27,4551.571428571429,34.447068419978024,-0.03192134314154771,0.021788007051107172,0.34677701498373636,-0.01614693935892575,0
2021-04-28,4566.15306122449,34.04973603126609,-0.39733238871193066,-0.36541104557038295,0.23392712853952702,-0.11284988644420935,0
2021-04-30,4546.079591836735,33.63896978666165,-0.4107662446044458,-0.013433855892515112,-0.0919947717124785,-0.3259219002520055,0
2021-05-06,4614.647959183672,33.273736945776,-0.3652328408856462,0.04553340371879955,-0.2517924335072408,-0.1597976617947623,0
2021-05-07,4624.254081632652,33.838094972557535,0.5643580267815338,0.92959086766718,-0.12817895811240732,0.12361347539483347,0
2021-05-10,4648.010204081632,33.857212068084365,0.019117095526830497,-0.5452409312547033,-0.11797127037873167,0.010207687733675641,0
2021-05-11,4528.345918367346,33.375709151282884,-0.4815029168014817,-0.5006200123283122,-0.13480537599664189,-0.01683410561791021,0
2021-05-12,4447.994897959183,33.99727728430306,0.6215681330201761,1.1030710498216578,0.07166149952828249,0.20646687552492438,0
2021-05-13,4368.8112244897975,34.43568046993735,0.4384031856342929,-0.18316494738588318,0.23238870483226748,0.160727205303985,0
2021-05-14,4464.0112244897955,34.33881571958527,-0.09686475035208275,-0.5352679359863757,0.10014414940554417,-0.1322445554267233,0
2021-05-17,4425.771428571427,34.72118168297292,0.38236596338764883,0.4792307137397316,0.17279392297771068,0.07264977357216651,0
2021-05-18,4507.982653061224,34.37778930824034,-0.34339237473258066,-0.7257583381202295,0.2004160313914909,0.02762210841378021,0
2021-05-19,4486.176530612245,34.72459542814184,0.3468061199015011,0.6901984946340818,0.1454636287677573,-0.054952402623733576,0
2021-05-20,4498.015306122448,34.706816168381906,-0.017779259759933552,-0.36458537966143467,0.05422713968891202,-0.0912364890788453,0
2021-05-21,4515.397959183673,34.671883222179304,-0.03493294620260201,-0.01715368644266846,0.06661350051880532,0.012386360829893306,0
2021-05-24,4520.373469387754,34.67228675234585,0.0004035301665439306,0.03533647636914594,-0.009778986125418498,-0.07639248664422382,0
2021-05-25,4553.177551020409,34.772754965985534,0.10046821363968661,0.10006468347314268,0.07899313154904775,0.08877211767446624,0
2021-05-26,4567.980612244898,34.929509757495566,0.15675479151003202,0.05628657787034541,0.0409828658707454,-0.038010265678302346,0
2021-05-27,4572.174489795919,34.752242237271666,-0.17726752022390002,-0.33402231173393204,0.009085213777950685,-0.031897652092794715,0
2021-05-28,4675.267346938775,34.5883920379086,-0.16385019936306833,0.013417320860831694,-0.016698236854146842,-0.025783450632097527,0
2021-05-31,4635.352040816326,35.016514463091944,0.4281224251833464,0.5919726245464147,0.06884554214922645,0.08554377900337329,0
2021-06-01,4647.386734693877,35.0362346882509,0.019720225158955884,-0.40840220002439054,0.052695944453070354,-0.016149597696156093,0
2021-06-02,4660.364285714285,35.06078866742165,0.024553979170747198,0.004833754011791314,0.02625578198521339,-0.026440162467856965,0
2021-06-03,4707.126530612245,35.08960774007527,0.02881907265362571,0.0042650934828785125,0.06747310056072564,0.04121731857551225,0
2021-06-04,4695.355102040816,34.826167473067,-0.2634402670082707,-0.29225933966189643,0.04755508703168232,-0.01991801352904332,0
2021-06-07,4688.670408163264,35.084512651401795,0.25834517833479254,0.5217854453430633,0.0135996376619687,-0.03395544936971362,0
2021-06-08,4648.943877551021,35.06279801842195,-0.021714632979843884,-0.2800598113146364,0.005312666034207325,-0.008286971627761375,0
2021-06-09,4602.834693877551,34.40680852234893,-0.655989496073019,-0.6342748630931752,-0.13079602901454024,-0.13610869504874756,0
2021-06-10,4609.1693877551015,34.43680550923541,0.02999698688648067,0.6859864829594997,-0.13056044616797635,0.0002355828465638865,0
2021-06-11,4603.510204081633,34.73436802080699,0.2975625115715772,0.26756552468509653,-0.018359890452003924,0.11220055571597243,0
2021-06-14,4648.8877551020405,34.90024033197063,0.1658723111636391,-0.1316902004079381,-0.03685446388622893,-0.018494573434225003,0
2021-06-15,4706.202040816326,34.943926920984616,0.04368658901398703,-0.12218572214965207,-0.023774219487464165,0.013080244398764762,0
2021-06-16,4705.419387755103,35.15742832108938,0.21350140010476082,0.1698148110907738,0.15012395974808612,0.1738981792355503,0
2021-06-17,4695.034693877552,35.48393286563745,0.3265045445480723,0.1130031444433115,0.20942547128041156,0.059301511532325435,0
2021-06-18,4672.771428571427,35.29592012198629,-0.18801274365115717,-0.5145172881992295,0.11231042023585758,-0.09711505104455398,0
2021-06-21,4559.024489795919,35.39659518709863,0.10067506511234114,0.2886878087634983,0.09927097102559657,-0.013039449210261012,0
2021-06-22,4696.489795918367,37.01224540509364,1.6156502179950039,1.5149751528826627,0.41366369682180704,0.31439272579621047,0
2021-06-23,4702.398979591837,39.59281877897934,2.5805733738857057,0.9649231558907019,0.8870780915779903,0.4734143947561833,0
2021-06-24,4682.619387755102,39.605098363435495,0.012279584456152293,-2.5682937894295534,0.8242330995596063,-0.062844992018384,0
2021-06-25,4719.044897959184,37.18683805930072,-2.418260304134776,-2.4305398885909284,0.3781835874628925,-0.44604951209671384,0
2021-06-28,4716.834693877551,36.76030846937278,-0.426529589927938,1.9917307142068381,0.272742656454831,-0.10544093100806151,0
2021-06-29,4705.438775510203,36.7428665257299,-0.01744194364287921,0.4090876462850588,-0.053875775872747056,-0.32661843232757803,0
2021-06-30,4678.209183673469,37.06110272445372,0.3182361987238167,0.3356781423666959,-0.5063432109051291,-0.45246743503238207,0
2021-07-01,4677.271428571427,36.98115105737055,-0.07995166708316503,-0.39818786580698173,-0.5247894612129897,-0.018446250307860623,0
2021-07-02,4690.970408163264,37.144186210985886,0.16303515361533272,0.24298682069849775,-0.008530369662963722,0.516259091550026,0
2021-07-05,4684.101020408163,37.53937195427629,0.3951857432904049,0.23215058967507218,0.15581269698070344,0.16434306664366716,0
2021-07-06,4710.970408163265,37.34069408663112,-0.19867786764517348,-0.5938636109355784,0.11956551218023748,-0.03624718480046596,0
2021-07-07,4699.607142857143,37.51850768509191,0.17781359846079425,0.37649146610596773,0.09148099212764293,-0.02808452005259454,0
2021-07-08,4667.24693877551,37.998083692848375,0.4795760077564637,0.30176240929566944,0.20338652709556015,0.11190553496791722,0
2021-07-09,4632.84693877551,37.89029656320089,-0.10778712964748394,-0.5873631374039476,0.1492220704430025,-0.054164456652557647,0
2021-07-12,4746.732653061224,37.818225649487445,-0.07207091371344632,0.03571621593403762,0.05577073904223795,-0.09345133140076456,0
2021-07-13,4750.740816326531,38.71646535150431,0.8982397020168662,0.9703106157303125,0.27515425297463736,0.2193835139323994,0
2021-07-14,4749.695918367346,38.95325907085185,0.23679371934753846,-0.6614459826693277,0.2869502771519876,0.011796024177350262,0
2021-07-15,4690.07551020408,38.66082743547867,-0.29243163537317685,-0.5292253547207153,0.13254874852605525,-0.15440152862593237,0
2021-07-16,4662.233673469387,39.29096274882927,0.6301353133505998,0.9225669487237766,0.28013323712568194,0.1475844885996267,0
2021-07-19,4585.326530612244,39.47608123358651,0.1851184847572398,-0.44501682859336,0.3315711168198092,0.051437879694127275,0
2021-07-20,4554.322448979593,39.74656480670444,0.2704835731179287,0.0853650883606889,0.20601989104002882,-0.1255512257797804,0
2021-07-21,4575.512244897958,38.64684519908269,-1.0997196076217506,-1.3702031807396793,-0.06128277435383467,-0.2673026653938635,0
2021-07-26,4652.116326530612,38.19968317588282,-0.44716202319987275,0.6525575844218778,-0.09222885191916674,-0.030946077565332075,0
2021-07-27,4679.357142857143,37.96112251551085,-0.23856066037196655,0.2086013628279062,-0.2659680466636942,-0.17373919474452748,0
2021-07-28,4631.914285714285,38.42630983784256,0.46518732233170823,0.7037479827036748,-0.20995427914878206,0.05601376751491216,0
2021-07-29,4653.752040816327,38.699346148819615,0.27303631097705505,-0.19215101135465318,-0.20944373157696816,0.0005105475718139019,0
2021-07-30,4621.303061224489,38.22678367148547,-0.4725624773341437,-0.7455987883111987,-0.08401230551944394,0.12543142605752422,0
2021-08-02,4734.883673469389,38.791154978415655,0.5643713069301839,1.0369337842643276,0.11829436050656739,0.20230666602601133,0
2021-08-03,4735.522448979591,39.95715434396641,1.1659993655507535,0.6016280586205696,0.39920636569111423,0.28091200518454684,0
2021-08-04,4733.41836734694,39.891468679142015,-0.06568566482439309,-1.2316850303751465,0.29303176825988686,-0.10617459743122737,0
2021-08-05,4779.280612244897,39.07044002836823,-0.8210286507737834,-0.7553429859493903,0.07421877590972059,-0.21881299235016627,0
2021-08-06,4781.302040816327,39.00737076114353,-0.06306926722470507,0.7579593835490783,0.15611741793161826,0.08189864202189767,0
2021-08-10,4831.7204081632635,38.87287102093805,-0.13449974020547728,-0.07143047298077221,0.016343208504480344,-0.13977420942713792,0
2021-08-11,4873.393877551019,38.640789115180986,-0.2320819057570631,-0.09758216555158583,-0.26327304575708865,-0.279616254261569,0
2021-08-12,4897.204081632653,38.87018187200798,0.22939275682699645,0.46147466258405956,-0.20425736142679796,0.059015684330290696,0
2021-08-13,4890.03469387755,38.84167062318524,-0.028511248822745472,-0.2579040056497419,-0.04575388103660316,0.1585034803901948,0
2021-08-16,4799.391836734693,38.7445778304574,-0.09709279272783533,-0.06858154390508986,-0.052558586137230634,-0.006804705100627473,0
2021-08-17,4776.226530612244,39.23403729359601,0.48945946313860844,0.5865522558664438,0.07223325453159646,0.12479184066882709,0
2021-08-18,4785.113265306122,39.25846622238121,0.024428928785198423,-0.46503053435341,0.12353542144004592,0.051302166908449465,0
2021-08-19,4732.614285714285,39.32535444616711,0.06688822378590231,0.04245929500070389,0.09103451483182567,-0.03250090660822025,0
2021-08-20,4690.3877551020405,38.92178093727164,-0.4035735088954695,-0.4704617326813718,0.016022062817278027,-0.07501245201454765,0
2021-08-23,4798.94693877551,37.60095634510865,-1.3208245921629924,-0.9172510832675229,-0.22872429706974629,-0.2447463598870243,0
2021-08-24,4865.33469387755,37.586972152399824,-0.01398419270882556,1.3068403994541669,-0.32941302823924445,-0.10068873116949817,0
2021-08-25,4856.470408163265,37.68972384770104,0.1027516953012153,0.11673588801004087,-0.31374847493603397,0.015664553303210482,0
2021-08-26,4876.624489795919,37.71342398679922,0.023700139098181694,-0.07905155620303361,-0.32238609187356815,-0.008637616937534176,0
2021-08-27,4854.699999999998,37.695038096435006,-0.018385890364214674,-0.04208602946239637,-0.24534856816733708,0.07703752370623107,0
2021-08-30,4912.047959183672,37.87957109888522,0.1845330024502161,0.20291889281443076,0.05572295075531741,0.3010715189226545,0
2021-08-31,4968.920408163266,38.50285618406087,0.6232850851756453,0.4387520827254292,0.183176806332213,0.1274538555768956,0
2021-09-01,5015.7387755102045,38.073264609528536,-0.4295915745323313,-1.0528766597079766,0.076708152365498,-0.10646865396671501,0
2021-09-02,5036.510204081632,38.55181406707086,0.4785494575423215,0.9081410320746528,0.16767801605431742,0.09096986368881943,0
2021-09-03,5137.210204081633,38.26450717418646,-0.2873068928843949,-0.7658563504267164,0.11389381555029843,-0.053784200504019,0
2021-09-06,5241.664285714285,37.93511086503807,-0.32939630914839313,-0.0420894162639982,0.011107953230563794,-0.10278586231973463,0
2021-09-07,5311.872448979592,38.00226713064948,0.06715626561140908,0.3965525747598022,-0.10011781068227066,-0.11122576391283445,0
2021-09-08,5368.805102040816,38.310920285213726,0.30865315456424725,0.24149688895283816,0.04753113513703511,0.14764894581930577,0
2021-09-09,5305.29081632653,37.87958578130132,-0.431334503912403,-0.7399876584766503,-0.1344456571539041,-0.18197679229093922,0
2021-09-10,5373.790816326529,38.518632491340064,0.6390467100387411,1.0703812139511442,0.05082506343071458,0.1852707205846187,0
2021-09-13,5395.257142857143,38.23668391913813,-0.2819485722019337,-0.9209952822406748,0.06031461082001499,0.009489547389300412,0
2021-09-14,5449.78775510204,38.22372082859003,-0.012963090548097966,0.26898548165383573,0.044290739588106476,-0.016023871231908515,1
2021-09-15,5433.212244897958,38.491152626589056,0.2674317979990235,0.28039488854712147,0.03604646827507452,-0.008244271313031959,1
2021-09-16,5373.805102040816,38.78261906234898,0.29146643575992215,0.024034637760898647,0.18060665620952676,0.14456018793445224,1
2021-09-17,5410.222448979593,38.6946216152375,-0.08799744711147639,-0.37946388287139854,0.03519782477948752,-0.14540883143003924,1
2021-09-21,5294.158163265306,38.60606163965314,-0.08855997558436002,-0.0005625284728836277,0.07387554410300368,0.03867771932351616,1
2021-09-22,5239.221428571427,39.51732797656873,0.9112663369155882,0.9998263124999482,0.2587214295957381,0.1848458854927344,1
2021-09-24,5326.304081632653,39.97396750543586,0.4566395288671288,-0.45462680804845945,0.29656297576936197,0.0378415461736239,1
2021-09-27,5269.888775510202,40.61422571926584,0.6402582138299806,0.18361868496285183,0.366321331383368,0.069758355614006,1
2021-09-28,5205.5428571428565,39.716308584420624,-0.8979171348452155,-1.5381753486751961,0.20433739383662441,-0.16198393754674356,1
2021-09-29,5067.470408163265,39.62904868705367,-0.08725989736695539,0.8106572374782601,0.20459740948010818,0.0002600156434837686,0
2021-09-30,5077.864285714287,40.69531689719284,1.066268210139171,1.1535281075061263,0.23559778412482046,0.03100037464471228,1
2021-10-01,4945.980612244898,40.39722296523514,-0.29809393195770184,-1.3643621420968728,0.08465109195985576,-0.1509466921649647,0
2021-10-04,4866.222448979592,41.62305002869396,1.2258270634588229,1.5239209954165247,0.20176486188562137,0.11711376992576561,0
2021-10-05,4749.010204081633,41.32155136134033,-0.30149866735362707,-1.52732573081245,0.32104855538395327,0.1192836934983319,0
2021-10-06,4720.084693877549,41.34765581372263,0.02610445238229886,0.32760311973592593,0.3437214253337828,0.022672869949829533,0
2021-10-07,4731.386734693877,41.10597502192347,-0.2416807917991619,-0.26778524418146077,0.08213162494612902,-0.2615898003876538,0
2021-10-08,4797.2581632653055,40.90360277105184,-0.20237225087163324,0.03930854092752867,0.10127596116333848,0.019144336217209457,0
2021-10-11,4865.7959183673465,41.18801625456138,0.284413483509546,0.4867857343811792,-0.08700675482651832,-0.1882827159898568,0
2021-10-12,4812.907142857142,41.91696071602252,0.7289444614611398,0.4445309779515938,0.11908187093644784,0.20608862576296616,0
2021-10-13,4793.310204081632,41.83761337673861,-0.07934733928391324,-0.808291800745053,0.09799151260319405,-0.02109035833325379,0
2021-10-14,4848.351020408161,41.820668047973705,-0.016945328764904843,0.0624020105190084,0.1429386052100412,0.04494709260684715,0
2021-10-15,4986.914285714286,41.68032557801343,-0.14034246996027377,-0.12339714119536893,0.15534456139232589,0.012405956182284683,0
2021-10-18,4973.09693877551,42.36654094616019,0.6862153681467618,0.8265578381070355,0.23570493831975625,0.08036037692743037,0
2021-10-19,5044.988775510204,40.729070185283,-1.6374707608771928,-2.3236861290239545,-0.23757810614790742,-0.47328304446766367,0
2021-10-20,5025.525510204081,37.96516207322961,-2.763908112053393,-1.1264373511762003,-0.7744902607017963,-0.5369121545538889,0
2021-10-21,4929.560204081632,37.7567641347566,-0.2083979384730057,2.5555101735803873,-0.8127807826434221,-0.038290521941625855,0
2021-10-22,4969.714285714285,38.25404411687667,0.4972799821200695,0.7056779205930752,-0.6852562922273506,0.1275244904160715,0
2021-10-25,4944.167346938774,38.054364944437104,-0.19967917243956634,-0.6969591545596359,-0.8624352003446205,-0.17717890811726988,0
2021-10-26,4995.157142857142,37.8256702525654,-0.2286946918717021,-0.02901551943213576,-0.5806799865435224,0.28175521380109814,0
2021-10-27,5002.030612244897,37.8647183827003,0.03904813013490127,0.2677428220066034,-0.020088738105854986,0.5605912484376674,0
2021-10-28,4963.253061224489,37.69729281633473,-0.16742556636557282,-0.2064736965004741,-0.011894263684375517,0.00819447442147947,0
2021-10-29,5001.371428571429,37.59460799828187,-0.10268481805285745,0.06474074831271537,-0.13188722371896233,-0.11999296003458682,0
2021-11-01,5147.544897959182,37.27073438139112,-0.3238736168907508,-0.22118879883789333,-0.15672611260919211,-0.024838888890229782,0
2021-11-02,5120.650000000001,37.87169749153716,0.60096311014604,0.9248367270367908,0.009205447794357724,0.16593156040354984,0
2021-11-04,5236.836734693878,37.53681971721174,-0.3348777743254203,-0.9358408844714603,-0.0655797330977208,-0.07478518089207853,0
2021-11-05,5220.538775510205,37.24466006556608,-0.2921596516456617,0.04271812267975861,-0.0905265501537329,-0.024946817056012094,0
2021-11-08,5181.576530612245,37.12133245993765,-0.12332760562843248,0.16883204601722923,-0.09465510766884222,-0.004128557515109321,0
2021-11-09,5145.196938775509,36.63703479884233,-0.4842976610953187,-0.3609700554668862,-0.1267399165097558,-0.03208480884091358,0
2021-11-10,5091.991836734692,35.98180440802046,-0.6552303908218704,-0.1709327297265517,-0.377978616703345,-0.2512387001935892,0
2021-11-11,5123.966326530611,35.70734538851018,-0.2744590195102816,0.3807713713115888,-0.3658948657403087,0.012083750963036266,0
2021-11-12,5170.733673469386,35.71014900910053,0.002803620590356104,0.2772626401006377,-0.3069022112931066,0.05899265444720214,0
2021-11-15,5222.990816326531,35.38266046935903,-0.32748853974150194,-0.33029216033185804,-0.34773439811572615,-0.040832186822619576,0
2021-11-16,5223.785714285715,35.10099501861015,-0.28166545074888205,0.04582308899261989,-0.30720795604644024,0.040526442069285906,0
2021-11-17,5259.30918367347,34.5951195493172,-0.5058754692929526,-0.22421001854407052,-0.2773369717406524,0.02987098430578783,0
2021-11-18,5270.586734693877,34.39862542852345,-0.1964941207937443,0.3093813484992083,-0.261743991997335,0.015592979743317414,0
2021-11-19,5336.427551020409,34.18401220721774,-0.21461322130571148,-0.01811910051196719,-0.30522736037656273,-0.04348336837922773,0
2021-11-22,5326.854081632652,33.7113087970816,-0.47270341013614114,-0.25809018883042967,-0.33427033445548915,-0.02904297407892642,0
2021-11-24,5235.474489795918,33.532920243202234,-0.17838855387936547,0.29431485625677567,-0.313614955081583,0.020655379373906158,0
2021-11-25,5244.541836734694,33.435239208497926,-0.09768103470430844,0.08070751917505703,-0.23197606816385274,0.08163888691773025,0
2021-11-26,5133.74081632653,33.60949416401714,0.174254955519217,0.27193599022352544,-0.15782625290126617,0.07414981526258657,0
2021-11-29,5081.698979591835,34.55285061741493,0.9433564533977901,0.7691014978785731,0.0737676820394384,0.23159393494070457,0
2021-11-30,5024.071428571429,34.38402342333906,-0.16882719407587388,-1.112183647473664,0.1345429252514947,0.060775243212056296,0
2021-12-01,5058.623469387755,34.58370214007479,0.19967871673573256,0.36850591081160644,0.21015637937451004,0.07561345412301534,0
2021-12-02,5062.142857142857,34.79866738398097,0.21496524390617822,0.015286527170445652,0.27268563509660737,0.06252925572209733,0
2021-12-03,5108.894897959184,34.68720798512051,-0.11145939886046108,-0.3264246427666393,0.21554276422067886,-0.05714287087592851,0
2021-12-06,5074.932653061223,35.43181418431229,0.7446061991917787,0.8560655980522398,0.17579271337946523,-0.039750050841213636,0
2021-12-07,5173.207142857143,35.635128671407216,0.2033144870949286,-0.5412917120968501,0.25022104961363567,0.07442833623417044,0
2021-12-08,5238.29693877551,36.376985252209664,0.7418565808024482,0.5385420937075196,0.3586566224269703,0.1084355728133346,0
2021-12-09,5214.05306122449,36.234624620621815,-0.14236063158784873,-0.8842172123902969,0.28719144732817625,-0.07146517509879402,0
2021-12-10,5174.439795918368,36.44435907349802,0.20973445287620507,0.3520950844640538,0.35143021767549953,0.06423877034732328,0
2021-12-13,5221.728571428572,35.91238661626925,-0.5319724572287683,-0.7417069101049734,0.09611448639139297,-0.25531573128410656,0
2021-12-14,5179.639795918366,35.867668324184024,-0.044718292085228484,0.4872541651435398,0.046507930555364396,-0.049606555836028576,0
2021-12-15,5188.401020408163,35.79953172119352,-0.06813660299050639,-0.023418310905277906,-0.11549070620323221,-0.1619986367585966,0
2021-12-16,5297.605102040816,35.44021386898842,-0.3593178522050948,-0.29118124921458843,-0.15888215032667574,-0.043391444123443534,0
2021-12-17,5204.894897959182,36.13729749021739,0.6970836212289697,1.0564014734340645,-0.06141231665613134,0.0974698336705444,0
2021-12-20,5097.737755102041,35.7257867813948,-0.4115107088225898,-1.1085943300515595,-0.03731996697489137,0.024092349681239966,0
2021-12-21,5197.464285714286,36.83983690310041,1.1140501217056098,1.5255608305281996,0.19443371578327628,0.23175368275816766,0
2021-12-22,5197.5806122448985,37.46145805957087,0.6216211564704608,-0.492428965235149,0.3323852676754768,0.13795155189220054,0
2021-12-23,5255.604081632652,37.49527827554864,0.03382021597776941,-0.5878009404926914,0.41101288131204683,0.07862761363657,0
2021-12-24,5271.448979591836,37.6555189445965,0.16024066904785883,0.12642045307008942,0.3036442908758161,-0.1073685904362307,0
2021-12-27,5236.506122448979,37.49607238694669,-0.15944655764980808,-0.3196872266976669,0.35405712111037957,0.050412830234563444,0
2021-12-28,5313.132653061223,37.57419574677057,0.07812335982387708,0.23756991747368517,0.14687176873403018,-0.20718535237634939,0
2021-12-29,5262.195918367347,37.77383885439858,0.19964310762801318,0.1215197478041361,0.062476158965544926,-0.08439560976848526,0
2021-12-30,5261.464285714286,37.93729907445677,0.16346022005818384,-0.03618288756982935,0.08840415978162497,0.025928000816080043,0
2022-01-04,5342.8214285714275,37.344258393301146,-0.593040681155621,-0.7565009012138049,-0.062252110259073845,-0.15065627004069881,1
2022-01-05,5330.620408163265,37.77713559463435,0.4328772013332056,1.0259178824888266,0.05621264153753458,0.11846475179660843,1
2022-01-06,5191.988775510204,37.401898800577655,-0.37523679405669697,-0.8081139953899026,-0.03445938923857739,-0.09067203077611197,1
2022-01-07,5143.974489795918,37.55870403961261,0.15680523903495214,0.5320420330916491,-0.04302696295720665,-0.008567573718629262,0
2022-01-11,5015.425510204081,37.37849407465026,-0.18020996496234432,-0.33701520399729645,-0.11176099996129807,-0.06873403700409142,0
2022-01-12,5136.754081632651,36.66517284148314,-0.7133212331671217,-0.5331112682047774,-0.13581711036359678,-0.024056110402298714,1
2022-01-13,5048.289795918367,37.07356788663687,0.40839504515373193,1.1217162783208536,-0.1407135415995029,-0.004896431235906107,1
2022-01-14,4943.903061224489,36.60178380494716,-0.4717840816897123,-0.8801791268434442,-0.16002299912609175,-0.019309457526588858,1
2022-01-17,4955.424489795919,36.55182079664774,-0.049963008299421574,0.42182107339029074,-0.20137664859297644,-0.04135364946688469,1
2022-01-18,4974.71836734694,36.7183170805364,0.16649628388866233,0.2164592921880839,-0.13203539882277227,0.06934124977020417,1
2022-01-19,4829.544897959183,36.76939324368927,0.05107616315287089,-0.11542012073579144,0.02084408044122199,0.15287947926399426,0
2022-01-20,4862.235714285714,37.41234961988906,0.6429563761997912,0.5918802130469203,0.06775634665044095,0.046912266209218956,0
2022-01-21,4784.9132653061215,37.24212862824961,-0.1702209916394537,-0.8131773678392449,0.12806896466049267,0.06031261801005172,0
2022-01-24,4793.429591836734,35.698451485292814,-1.5436771429567955,-1.3734561513173418,-0.1706738622709878,-0.29874282693148047,0
2022-01-25,4699.131632653062,35.9002979511939,0.20184646590108457,1.74552360885788,-0.1636038258684991,0.007070036402488711,0
2022-01-26,4680.567346938774,36.28878248029145,0.3884845290975534,0.1866380631964688,-0.09612215267956259,0.0674816731889365,0
2022-01-27,4527.822448979591,35.29968585781164,-0.9890966224798134,-1.3775811515773668,-0.42253275241548494,-0.32641059973592235,0
2022-01-28,4605.864285714286,36.27890731084727,0.9792214530356347,1.9683180755154481,-0.19264426348046726,0.22988848893501768,0
2022-01-31,4658.585714285715,35.52299305111592,-0.7559142597313553,-1.73513571276699,-0.03509168683537922,0.15755257664508804,0
2022-02-01,4670.2928571428565,35.61386055433462,0.0908675032187034,0.8467817629500587,-0.057287479371858296,-0.022195792536479075,0
2022-02-02,4794.567346938776,35.00869129172019,-0.6051692626144316,-0.696036765833135,-0.2560182377142439,-0.19873075834238563,0
2022-02-03,4685.1193877551,36.10970059044715,1.1010092987269573,1.706178561341389,0.1620029465270889,0.41802118424133283,0
2022-02-04,4714.898979591838,35.84450363348945,-0.26519695695769485,-1.3662062556846521,-0.08688073547155994,-0.24888368199864885,0
2022-02-07,4671.451020408163,35.49767379534778,-0.346829838141673,-0.08163288118397816,-0.005063851153622068,0.08181688431793788,0
2022-02-08,4679.4510204081635,34.259045508574815,-1.2386282867729648,-0.8917984486312918,-0.2709630091519699,-0.26589915799834785,0
2022-02-09,4779.205102040817,34.112022660316605,-0.1470228482582101,1.0916054385147547,-0.1793337262807171,0.09162928287125283,0
2022-02-10,4810.6693877551015,34.02056143172627,-0.09146122859033312,0.05556161966787698,-0.4178278317441766,-0.2384941054634595,1
2022-02-14,4671.855102040816,34.02003842893935,-0.0005230027869203013,0.09093822580341282,-0.36489304091001173,0.05293479083416486,0
2022-02-15,4661.481632653061,33.32155711079022,-0.6984813181491276,-0.6979583153622073,-0.4352233369115126,-0.07033029600150087,0
2022-02-16,4762.418367346939,33.127599971201974,-0.19395713958824956,0.5045241785608781,-0.22628910747457098,0.20893422943694162,0
2022-02-17,4697.718367346938,33.94284310863171,0.8152431374297393,1.0092002770179889,-0.03383591033698252,0.19245319713758846,0
2022-02-18,4662.120408163265,33.96064473808416,0.017801629452449674,-0.7974415079772896,-0.011983338728420279,0.021852571608562243,1
2022-02-21,4616.5173469387755,33.50952441257537,-0.4511203255087963,-0.468921954961246,-0.10210280327279264,-0.09011946454437236,1
2022-02-22,4543.798979591837,33.63221224970206,0.12268783712669062,0.573808162635487,0.0621310277823639,0.16423383105515654,0
2022-02-24,4467.113265306121,34.458053350027726,0.8258411003256683,0.7031532631989776,0.266090675765156,0.2039596479827921,0
2022-02-25,4574.617346938776,34.58155232782739,0.12349897779966312,-0.7023421225260051,0.12774184383913223,-0.13834883192602376,0
2022-02-28,4576.758163265305,34.44264364377964,-0.13890868404774892,-0.26240766184741204,0.0963997811390982,-0.031342062700034035,0
2022-03-01,4631.171428571429,34.42632884116763,-0.01631480261200835,0.12259388143574057,0.1833608857184501,0.08696110457935191,1
2022-03-02,4533.180612244898,34.54033262227574,0.11400378110811005,0.1303185837201184,0.18162407451473683,-0.0017368112037132732,0
2022-03-03,4582.305102040816,34.617193455043726,0.07686083276798428,-0.03714294834012577,0.031828021003200035,-0.1497960535115368,1
2022-03-04,4467.278571428572,35.173694868922695,0.5565014138789692,0.47964058111098495,0.11842850821906126,0.08660048721586122,0
2022-03-07,4290.064285714286,35.51437677427682,0.3406819053541241,-0.2158195085248451,0.21434662609944155,0.0959181178803803,0
2022-03-08,4268.338775510204,36.415294223876245,0.9009174495994259,0.5602355442453018,0.39779307654171703,0.18344645044227548,0
2022-03-09,4261.2,36.95299961897294,0.5377053950966939,-0.363212054502732,0.48253339933943806,0.08474032279772103,0
2022-03-10,4440.099999999999,36.686160010778266,-0.26683960819467245,-0.8045450032913664,0.413793311146911,-0.06874008819252708,0
2022-03-11,4308.035714285715,39.73839217921251,3.0522321684342444,3.319071776628917,0.9129394620579632,0.4991461509110522,0
2022-03-14,4316.4102040816315,39.750865497489,0.01247331827649134,-3.039758850157753,0.8472977446424323,-0.06564171741553082,0
2022-03-15,4307.424489795918,39.77400398054712,0.023138483058119164,0.010665164781627823,0.6717419513341767,-0.17555579330825566,0
2022-03-16,4401.385714285714,39.7617025673007,-0.012301413246419202,-0.035439896304538365,0.5617405896655541,-0.11000136166862262,0
2022-03-17,4582.614285714285,40.11967448466383,0.3579719173631304,0.3702733306095496,0.6867028947771132,0.12496230511155915,0
2022-03-18,4608.018367346937,40.81730991417037,0.6976354295065406,0.3396635121434102,0.21578354699157387,-0.47091934778553934,0
2022-03-22,4647.252040816326,40.90933398404714,0.09202406987676426,-0.6056113596297763,0.23169369731162703,0.015910150320053162,0
2022-03-23,4808.101020408163,41.30090465444465,0.39157067039751325,0.299546600520749,0.30538013477950443,0.0736864374678774,0
2022-03-24,4814.044897959184,41.97080417860612,0.6698995241614725,0.2783288537639592,0.4418203222610799,0.1364401874815755,0
2022-03-25,4793.7520408163255,41.89993674008517,-0.07086743852095623,-0.7407669626824287,0.35605245108427397,-0.08576787117680595,0
2022-03-28,4760.618367346939,41.90676839114244,0.006831651057275678,0.0776990895782319,0.2178916953944139,-0.13816075568986008,0
2022-03-29,4812.807142857141,41.102502305172685,-0.8042660859697577,-0.8110977370270334,0.0386336642251095,-0.1792580311693044,1
2022-03-30,4776.892857142856,40.61101029252767,-0.4914920126450113,0.3127740733247464,-0.13797887238339257,-0.17661253660850207,1
2022-03-31,4749.945918367346,40.515294002037294,-0.09571629049037966,0.39577572215463164,-0.2911020353137701,-0.15312316293037753,1
2022-04-01,4731.883673469388,40.72429381349766,0.20899981146036595,0.3047161019507456,-0.23512858531750425,0.055973449996265856,0
2022-04-04,4747.337755102041,40.79702694941944,0.07273313592177999,-0.13626667553858596,-0.22194828834460623,0.01318029697289802,0
2022-04-05,4742.159183673469,40.39586361761411,-0.4011633318053285,-0.4738964677271085,-0.14132773751170902,0.08062055083289721,0
2022-04-06,4658.5,40.443669674209495,0.04780605659538395,0.44896938840071243,-0.033468123663638494,0.10785961384807052,0
2022-04-07,4559.4224489795915,39.99330976785921,-0.4503599063502861,-0.49816596294567006,-0.10439684683561268,-0.07092872317197418,0
2022-04-08,4582.813265306123,40.33678600222715,0.34347623436794095,0.7938361407182271,-0.0775015622540991,0.02689528458151358,0
2022-04-11,4535.2295918367345,40.14467258960256,-0.19211341262459314,-0.5355896469925341,-0.13047087196337515,-0.05296930970927605,0
2022-04-12,4415.78775510204,39.96987856680153,-0.17479402280102363,0.01731938982356951,-0.08519701016251702,0.04527386180085813,0
2022-04-13,4503.697959183673,40.11074823990364,0.14086967310210952,0.31566369590313315,-0.0665842868611719,0.018612723301345113,0
2022-04-14,4554.932653061226,40.285881269342525,0.1751330294388822,0.03426335633677269,0.0585143002966646,0.1250985871578365,0
2022-04-15,4512.380612244899,40.514692496194144,0.2288112268516187,0.053678197412736495,0.03558129879339589,-0.022933001503268713,0
2022-04-18,4474.133673469386,40.15794927480611,-0.3567432213880366,-0.5855544482396553,0.0026553370407071952,-0.03292596175268869,0
2022-04-19,4518.34693877551,40.1619102491479,0.003960974341794099,0.3607041957298307,0.03840633646927927,0.03575099942857207,0
2022-04-20,4525.432653061224,39.58176900980256,-0.5801412393453447,-0.5841022136871388,-0.10579584602022152,-0.14420218248950079,0
2022-04-21,4601.401020408162,39.22363149800952,-0.3581375117930392,0.22200372755230546,-0.21244995426660296,-0.10665410824638144,0
2022-04-22,4532.071428571428,39.19964904583811,-0.023982452171409818,0.3341550596216294,-0.263008690071203,-0.05055873580460002,0
2022-04-25,4432.066326530611,39.23146951438813,0.031820468550023406,0.055802920721433225,-0.1852959520835924,0.07771273798761058,0
2022-04-26,4440.2642857142855,39.54602642377541,0.314556909387278,0.2827364408372546,-0.12317676507450415,0.06211918700908825,0
2022-04-27,4362.006122448979,39.30031329350421,-0.24571313027119857,-0.5602700396584765,-0.05629114325967066,0.06688562181483348,0
2022-04-28,4437.398979591837,38.9213461969532,-0.37896709655100835,-0.1332539662798098,-0.06045706021126307,-0.004165916951592408,0
2022-05-02,4428.269387755102,39.21496626881863,0.29362007186542627,0.6725871684164346,0.003063444596108411,0.06352050480737148,0
2022-05-06,4452.920408163265,38.87022647472909,-0.34473979408954136,-0.6383598659549676,-0.07224860793181165,-0.07531205252792006,0
2022-05-09,4339.148979591837,38.35364751410748,-0.516578960621608,-0.17183916653206666,-0.23847578193358032,-0.16622717400176867,0
2022-05-10,4315.929591836734,39.02751437960016,0.673866865492684,1.190445826114292,-0.05455978278081375,0.18391599915276657,0
2022-05-11,4328.037755102041,38.58237985468524,-0.4451345249149199,-1.119001390407604,-0.06779326845359179,-0.013233485672778045,0
2022-05-12,4247.074489795918,38.28787560630807,-0.29450424837717293,0.15063027653774697,-0.18541813250211447,-0.11762486404852268,0
2022-05-13,4345.3846938775505,38.20776777950884,-0.08010782679922812,0.2143964215779448,-0.13249173904404898,0.05292639345806549,0
2022-05-16,4391.743877551021,37.72683525087746,-0.480932528631385,-0.4008247018321569,-0.12536245264600154,0.007129286398047441,0
2022-05-17,4410.745918367348,37.70497449816909,-0.021860752708363407,0.4590717759230216,-0.26450797628621814,-0.1391455236402166,0
2022-05-18,4475.838775510206,37.44112682478249,-0.2638476733866,-0.24198692067823657,-0.22825060598054847,0.03625737030566967,0
2022-05-19,4391.790816326531,37.56150385878144,0.12037703399894895,0.3842247073855489,-0.14527434950532125,0.08297625647522722,0
2022-05-20,4419.0459183673465,37.82133893767087,0.2598350788894308,0.13945804489048186,-0.07728576836759515,0.0679885811377261,0
2022-05-23,4464.202040816327,37.12805364507437,-0.6932852925965065,-0.9531203714859373,-0.11975632116062229,-0.04247055279302714,0
2022-05-24,4426.081632653061,37.16652316714695,0.0384695220725817,0.7317548146690882,-0.10769026620442901,0.012066054956193284,0
2022-05-25,4435.184693877551,37.37866262339563,0.21213945624867847,0.17366993417609677,-0.012492840277360528,0.09519742592706848,0
2022-05-26,4408.067346938776,37.2750338263789,-0.10362879701672512,-0.3157682532654036,-0.05729400648051808,-0.04480116620315755,0
2022-05-27,4430.116326530612,36.96996600338613,-0.30506782299276836,-0.20143902597604324,-0.17027458685694796,-0.11298058037642988,0
2022-05-30,4555.321428571428,37.040043337018574,0.07007733363244029,0.37514515662520864,-0.017602061611157183,0.15267252524579078,0
2022-05-31,4539.861224489797,36.814641730160766,-0.2254016068578082,-0.2954789404902485,-0.070376287397238,-0.05277422578608082,0
2022-06-01,4578.584693877551,36.718825147687376,-0.09581658247338964,0.12958502438441855,-0.13196749514165163,-0.06159120774441362,0
2022-06-02,4558.624489795919,37.08881681540861,0.36999166772123715,0.4658082501946268,-0.03724340219405775,0.09472409294759387,0
2022-06-03,4593.922448979592,37.52560599267212,0.4367891772635062,0.06679750954226904,0.11112799785720284,0.1483714000512606,1
2022-06-06,4612.710204081632,37.08340572808841,-0.4422002645837111,-0.8789894418472173,0.008672478213959778,-0.10245551964324306,1
2022-06-07,4621.25306122449,37.52242140263552,0.43901567454711454,0.8812159391308256,0.14155593449495285,0.13288345628099307,1
2022-06-08,4674.001020408163,37.62221545727407,0.09979405463855073,-0.3392216199085638,0.18067806191734803,0.03912212742239518,1
2022-06-09,4677.104081632652,37.94994963105205,0.3277341737779764,0.2279401191394257,0.17222656312868168,-0.008451498788666356,1
2022-06-10,4580.973469387755,38.041004876622246,0.09105524557019606,-0.23667892820778036,0.10307977679002533,-0.06914678633865634,1
2022-06-13,4415.040816326532,38.399564174121245,0.3585592974989993,0.2675040519288032,0.26323168920657025,0.16015191241654492,0
2022-06-14,4366.046938775509,38.95774767212452,0.5581834980032738,0.19962420050427454,0.2870652538977936,0.02383356469122333,0
2022-06-15,4293.00306122449,39.04776037043805,0.09001269831352943,-0.4681707996897444,0.28510898263279927,-0.0019562712649943137,0
2022-06-16,4321.0714285714275,39.42921780950537,0.38145743906731866,0.29144474075378923,0.29585363569066203,0.010744653057862763,0
2022-06-17,4231.836734693877,39.07470721805112,-0.35451059145425035,-0.735968030521569,0.20674046828577275,-0.08911316740488928,0
2022-06-20,4190.742857142857,39.487784336703285,0.41307711865216845,0.7675877101064188,0.21764403251641085,0.010903564230638096,0
2022-06-21,4282.641836734693,39.318123277558,-0.16966105914528384,-0.5827381777974523,0.07207512108669789,-0.14556891142971295,0
2022-06-22,4260.213265306123,40.000168968488126,0.6820456909301242,0.8517067500754081,0.1904817196100126,0.1184065985233147,0
2022-06-23,4253.166326530613,39.45347907434137,-0.5466898941467591,-1.2287355850768833,0.0048522529672041514,-0.18562946664280844,0
2022-06-24,4317.617346938777,39.11201729852138,-0.3414617758199867,0.20522811832677235,0.007462016094052615,0.0026097631268484633,0
2022-06-27,4409.037755102041,39.09080918518785,-0.0212081133335289,0.3202536624864578,-0.0793950303030897,-0.08685704639714231,0
2022-06-28,4445.889795918367,39.18348151815146,0.092672332963609,0.1138804462971379,-0.02692835188130971,0.05246667842177999,0
2022-06-29,4382.021428571429,39.39144041055352,0.20795889240206122,0.11528655943845223,-0.12174571158691805,-0.09481735970560834,0
2022-06-30,4325.972448979593,38.79921408105756,-0.5922263294959578,-0.800185221898019,-0.13085299865676348,-0.009107287069845427,0
2022-07-01,4243.650000000001,38.87273378470404,0.07351970364647542,0.6657460331424332,-0.047856702763468206,0.08299629589329527,0
2022-07-04,4290.202040816326,38.54361634129749,-0.32911744340654536,-0.4026371470530208,-0.10943856877806724,-0.06158186601459903,0
2022-07-05,4327.436734693877,37.85601747876815,-0.6875988625293417,-0.3584814191227963,-0.26549280787666873,-0.1560542390986015,0
2022-07-06,4311.281632653061,37.48107414739997,-0.37494333136817914,0.3126555311611625,-0.382073252630704,-0.11658044475403528,0
2022-07-07,4373.8938775510205,37.80103736790029,0.3199632205003198,0.6949065518684989,-0.19963534263145988,0.18243790999924414,0
2022-07-08,4400.168367346938,35.281306030803925,-2.519731337096367,-2.8396945575966868,-0.718285550780017,-0.5186502081485571,0
2022-07-11,4438.514285714285,35.03480771116305,-0.2464983196408781,2.273233017455489,-0.7017617260268949,0.016523824753122085,0
2022-07-12,4328.409183673467,35.39958955182681,0.36478184066375974,0.6112801603046378,-0.49128558538826184,0.21047614063863307,0
2022-07-13,4343.8,35.98830843553012,0.588718883703315,0.2239370430395553,-0.2985531423739758,0.19273244301428605,0
2022-07-14,4391.614285714287,35.7387606703709,-0.24954776515922106,-0.8382666488625361,-0.41245533950587543,-0.11390219713189964,0
2022-07-15,4420.323469387753,34.884912991827264,-0.8538476785436373,-0.6042999133844162,-0.07927860779533802,0.3331767317105374,0
2022-07-19,4462.594897959184,34.78234290889781,-0.10257008292945358,0.7512775956141837,-0.050492960453041746,0.028785647342296272,0
2022-07-20,4605.923469387755,34.46222905784313,-0.3201138510546784,-0.2175437681252248,-0.1874720987967322,-0.13697913834369047,0
2022-07-21,4622.373469387755,34.46253510876284,0.00030605091971125375,0.32041990197438963,-0.3051546653534558,-0.1176825665567236,0
2022-07-22,4655.357142857142,34.546891669230575,0.08435656046773232,0.08405050954802107,-0.23837380022806798,0.06678086512538783,0
2022-07-25,4598.092857142857,34.61155777054584,0.06466610131526807,-0.019690459152464257,-0.05467104425628122,0.18370275597178676,0
2022-07-26,4593.296938775508,34.656590286792,0.04503251624615956,-0.019633585069108506,-0.025150524421171383,0.029520519835109837,0
2022-07-27,4603.947959183673,34.59421683504995,-0.06237345174205444,-0.107405967988214,0.026397555441370457,0.05154807986254184,0
2022-07-28,4611.55612244898,34.50160149134149,-0.09261534370845936,-0.03024189196640492,0.007813276515726386,-0.01858427892564407,0
2022-07-29,4605.787755102039,34.19134546236017,-0.3102560289813212,-0.21764068527286184,-0.07110924137407437,-0.07892251788980076,0
2022-08-01,4681.506122448979,34.01397531408138,-0.17737014827878994,0.13288588070253127,-0.11951649129289876,-0.04840724991882439,0
2022-08-02,4593.765306122449,33.922915444214844,-0.09105986986653392,0.08631027841225603,-0.14673496851543177,-0.02721847722253301,0
2022-08-03,4635.023469387755,34.35203692960697,0.42912148539212325,0.5201813552586572,-0.04843598108860192,0.09829898742682985,0
2022-08-04,4671.76224489796,33.90618283523301,-0.4458540943739564,-0.8749755797660796,-0.1190837312216928,-0.07064775013309088,0
2022-08-05,4732.9857142857145,33.19557407575364,-0.7106087594793706,-0.26475466510541423,-0.19915427732130553,-0.08007054609961273,0
2022-08-08,4750.544897959183,33.365392664641774,0.16981858888813406,0.8804273483675047,-0.12971652988791504,0.06943774743339048,0
2022-08-09,4723.507142857142,33.20354307342981,-0.1618495912119613,-0.33166818010009536,-0.14387447415700905,-0.014157944269094003,0
2022-08-10,4676.018367346938,32.97333099510376,-0.23021207832605484,-0.06836248711409354,-0.275741186900639,-0.13186671274362993,0
2022-08-12,4809.636734693878,32.74981505705823,-0.22351593804553005,0.006696140280524787,-0.23127355563495655,0.04446763126568243,0
2022-08-15,4855.832653061226,33.25466917444923,0.5048541173910053,0.7283700554365353,0.011819019739114367,0.24309257537407092,0
2022-08-16,4838.380612244897,33.24532877136899,-0.009340403080244641,-0.5141945204712499,-0.02401277865455853,-0.0358317983936729,0
2022-08-17,4887.716326530613,33.090666328505144,-0.15466244286384523,-0.1453220397836006,-0.02257534898493674,0.0014374296696217925,0
2022-08-18,4826.760204081633,33.25170526631546,0.16103893781031786,0.3157013806741631,0.05567485424234064,0.07825020322727738,0
2022-08-19,4835.025510204082,33.39198330609258,0.14027803977711528,-0.02076089803320258,0.12843364980687966,0.07275879556453901,0
2022-08-22,4818.225510204081,33.36922049511447,-0.02276281097810795,-0.16304085075522323,0.022910264133045644,-0.10552338567383401,0
2022-08-23,4768.025510204082,33.09283363016865,-0.2763868649458203,-0.25362405396771237,-0.030499028240072334,-0.05340929237311798,0
2022-08-24,4743.845918367348,32.7785890983002,-0.3142445318684466,-0.037857666922626265,-0.06241544604098692,-0.03191641780091459,0
2022-08-25,4751.993877551021,32.88011708931757,0.10152799101737031,0.4157725228858169,-0.0743176353995807,-0.011902189358593773,0
2022-08-26,4773.95306122449,32.90722080034061,0.027103711023038102,-0.07442427999433221,-0.09695250115039755,-0.022634865750816857,0
2022-08-29,4630.158163265305,32.35126423317806,-0.5559565671625535,-0.5830602781855916,-0.2035912523872696,-0.10663875123687205,0
2022-08-30,4704.164285714285,33.48164237592618,1.1303781427481212,1.6863347099106747,0.0777617491514988,0.2813530015387684,0
2022-08-31,4696.895918367346,33.911511647988874,0.429869272062696,-0.7005088706854252,0.22658450993773727,0.14882276078623846,0
2022-09-01,4617.090816326531,32.820842376937705,-1.0906692710511692,-1.5205385431138652,-0.011854942475970631,-0.2384394524137079,0
2022-09-02,4598.055102040816,33.3587910090592,0.5379486321214983,1.6286179031726675,0.09031404174371715,0.10216898421968779,0
2022-09-05,4608.414285714287,33.79804553655955,0.43925452750034566,-0.09869410462115269,0.2893562606762927,0.19904221893257557,0
2022-09-06,4599.69081632653,34.16398058929795,0.36593505273840066,-0.073319474761945,0.1364676426743614,-0.15288861800193132,0
2022-09-07,4584.053061224488,34.325953715911204,0.1619731266132547,-0.20396192612514596,0.0828884135844632,-0.053579229089898206,0
2022-09-08,4711.808163265306,34.667331035268745,0.3413773193575409,0.1794041927442862,0.36929773166620095,0.28640931808173775,0
2022-09-09,4728.1693877551015,36.23898785816069,1.5716568228919456,1.2302795035344047,0.5760393698203075,0.2067416381541065,0
2022-09-12,4780.158163265305,36.08515992800616,-0.15382793015452734,-1.725484753046473,0.4574228782893215,-0.11861649153098597,1
2022-09-13,4793.913265306122,35.76775027363691,-0.31740965436924995,-0.1635817242147226,0.3207539368677885,-0.13666894142153296,1
2022-09-14,4654.62857142857,35.72258335747989,-0.045166916157022285,0.27224273821222766,0.2793259283137388,-0.04142800855404971,1
2022-09-15,4649.53163265306,36.56711585481413,0.8445324973342423,0.8896994134912646,0.3799569639090805,0.1006310355953417,1
2022-09-16,4574.594897959183,36.52805577162085,-0.039060083193284356,-0.8835925805275266,0.05781358269202741,-0.3221433812170531,0
2022-09-20,4592.843877551019,36.681342933040064,0.1532871614192146,0.19234724461249897,0.1192366010067829,0.061423018314755495,1
2022-09-21,4524.84081632653,36.82234537717861,0.14100244413854313,-0.012284717280671487,0.21091902070833157,0.09168241970154867,0
2022-09-22,4508.547959183672,37.42350761903438,0.6011622418557749,0.4601597977172318,0.3401848523108981,0.12926583160256655,0
2022-09-26,4400.75306122449,36.896325785062565,-0.5271818339718166,-1.1283440758275916,0.0658419860496906,-0.2743428662612075,0
2022-09-27,4410.547959183673,39.03524739472216,2.1389216096595973,2.666103443631414,0.5014383246202669,0.43559633857057634,0
2022-09-28,4349.6183673469395,38.80660476348786,-0.22864263123430106,-2.3675642408938984,0.42505236608955954,-0.0763859585307074,0
2022-09-29,4371.538775510204,39.148260431267005,0.34165566777914336,0.5702982990134444,0.46518301081768243,0.04013064472812289,0
2022-09-30,4268.25918367347,39.11356385087648,-0.03469658039052348,-0.37635224816966684,0.33801124636841706,-0.12717176444926537,0
2022-10-03,4328.578571428571,39.73621577640935,0.6226519255328711,0.6573485059233946,0.5679779982693489,0.22996675190093185,0
2022-10-04,4470.089795918368,39.55008740144968,-0.18612837495967227,-0.8087803004925433,0.10296800134551631,-0.4650099969238326,0
2022-10-05,4514.685714285714,41.89309318139194,2.34300577994226,2.529134154901932,0.6172976835808086,0.5143296822352923,0
2022-10-06,4553.769387755101,41.98269065006106,0.089597468669119,-2.253408311273141,0.5668860437588066,-0.05041163982200203,0
2022-10-07,4518.523469387755,41.74635717444279,-0.23633347561826668,-0.32593094428738567,0.5265586647132636,-0.040327379045542955,0
2022-10-11,4372.993877551019,41.35271174541777,-0.3936454290250211,-0.1573119534067544,0.32329919380168803,-0.2032594709115756,0
2022-10-12,4366.397959183673,41.511975307399865,0.1592635619820939,0.552908991007115,0.39237758119003274,0.06907838738834471,0
2022-10-13,4330.46224489796,41.45484028332855,-0.05713502407131443,-0.21639858605340834,-0.08765057961267786,-0.4800281608027106,0
2022-10-14,4445.864285714285,41.433785020537535,-0.021055262791016105,0.03607976128029833,-0.10978112590469635,-0.022130546292018494,0
2022-10-17,4384.418367346938,42.30066113205443,0.8668761115168948,0.8879313743079109,0.11086079152232742,0.22064191742702377,0
2022-10-18,4446.133673469388,42.81320742205971,0.5125462900052824,-0.3543298215116124,0.2920991353283853,0.18123834380605786,0
2022-10-19,4446.141836734693,42.09899621218439,-0.714211209875323,-1.2267574998806055,0.1174041809568962,-0.17469495437148908,0
2022-10-20,4406.478571428572,42.37097422517255,0.27197801298816415,0.9861892228634872,0.18322678836881323,0.06582260741191703,0
2022-10-21,4386.8,42.71617723701674,0.345203011844184,0.07322499885601985,0.25647844329583336,0.07325165492702013,0
2022-10-24,4434.636734693877,43.28103886023829,0.5648616232215531,0.21965861137736908,0.19607554563677354,-0.06040289765905982,0
2022-10-25,4476.965306122449,43.23843758303324,-0.04260127720505125,-0.6074629004266043,0.08504603219469686,-0.11102951344207668,0
2022-10-26,4503.084693877551,43.33202420977141,0.09358662673817264,0.1361879039432239,0.2466055995174088,0.16155956732271193,0
2022-10-27,4511.724489795918,43.2796811098835,-0.052343099887913525,-0.14592972662608616,0.18174137694219183,-0.06486422257521696,0
2022-10-28,4469.59387755102,43.02781432938481,-0.2518667804986876,-0.19952368061077408,0.06232741847361467,-0.11941395846857716,0
2022-10-31,4598.783673469387,42.71376078076239,-0.3140535486224181,-0.062186768123730474,-0.11345561589517672,-0.1757830343687914,0
2022-11-01,4648.353061224489,42.79085739994613,0.07709661918373456,0.39115016780615264,-0.08951603661743235,0.02393957927774437,0
2022-11-02,4624.234693877551,41.9596558720717,-0.8312015278744269,-0.9082981470581615,-0.2744736675399366,-0.18495763092250428,0
2022-11-04,4550.071428571429,41.702611596247145,-0.2570442758245548,0.5741572520498721,-0.315413902727272,-0.04094023518733536,0
2022-11-07,4625.648979591837,41.401008784442055,-0.30160281180508974,-0.04455853598053494,-0.3253611089885453,-0.009947206261273323,0
2022-11-08,4701.360204081632,41.6755222447107,0.2745134602686434,0.5761162720737332,-0.20764770721034154,0.11771340177820377,0
2022-11-09,4684.986734693876,41.25438964912076,-0.4211325955899383,-0.6956460558585817,-0.30729355016507043,-0.09964584295472889,0
2022-11-10,4652.030612244898,40.495994377481296,-0.7583952716394649,-0.33726267604952653,-0.2927322989180823,0.01456125124698815,0
2022-11-11,4871.492857142857,40.28318093155664,-0.21281344592465246,0.5455818257148124,-0.2838861329381004,0.00884616597998189,0
2022-11-14,4868.57551020408,39.81870338882963,-0.4644775427270105,-0.251664096802358,-0.3164610791224902,-0.03257494618438983,0
2022-11-15,4856.322448979591,39.7180372905455,-0.10066609828412965,0.3638114444428808,-0.39149699083303346,-0.07503591171054325,0
2022-11-16,4846.973469387755,39.49731971117162,-0.2207175793738827,-0.12005148108975305,-0.35141398758982945,0.04008300324320402,0
2022-11-17,4791.914285714287,38.170302882545485,-1.3270168286261352,-1.1062992492522525,-0.4651382989871635,-0.11372431139733408,0
2022-11-18,4762.065306122448,38.0244861547096,-0.14581672783588573,1.1812001007902495,-0.45173895536940734,0.013399343617756188,0
2022-11-21,4773.138775510204,38.01246782044432,-0.012018334265277986,0.13379839357060774,-0.3612471136770594,0.09049184169234792,0
2022-11-22,4813.855102040816,37.843851098665695,-0.1686167217786263,-0.1565983875133483,-0.3748372383759673,-0.013590124698907857,0
2022-11-24,4895.072448979591,38.16737954835535,0.323528449689654,0.4921451714682803,-0.2659880325632571,0.10884920581271018,0
2022-11-25,4868.970408163265,38.4249832199758,0.2576036716204513,-0.06592477806920272,0.05093606748607016,0.31692410004932725,0
2022-11-28,4832.338775510204,38.59020164229028,0.16521842231448147,-0.09238524930596981,0.11314309751613649,0.062207030030066335,0
2022-11-29,4786.568367346939,39.02872215390641,0.43852051161612593,0.27330208930164446,0.20325086669241443,0.09010776917627794,0
2022-11-30,4746.291836734694,39.35435795141488,0.3256357975084754,-0.11288471410765055,0.3021013705498419,0.09885050385742744,0
2022-12-01,4803.715306122449,38.790607764503214,-0.563750186911669,-0.8893859844201444,0.12464564322957017,-0.1774557273202717,0
2022-12-02,4727.472448979593,38.6570330242066,-0.1335747402966163,0.4301754466150527,0.04640996084615523,-0.07823568238341494,0
2022-12-05,4731.885714285713,40.1103038708849,1.4532708466783006,1.586845586974917,0.30402044571892617,0.25761048487277094,0
2022-12-06,4740.93469387755,40.178693862885375,0.06838999200047624,-1.3848808546778244,0.2299943417957948,-0.07402610392313136,0
2022-12-07,4690.095918367346,40.71272864109474,0.5340347782093673,0.46564478620889105,0.2716741379359746,0.0416797961401798,0
2022-12-08,4677.834693877551,40.73846517213728,0.025736531042539923,-0.5082982471668274,0.3895714815268079,0.11789734359083326,0
2022-12-09,4753.157142857143,41.08157606720039,0.34311089506310566,0.31737436402056574,0.48490860859875795,0.09533712707195008,1
2022-12-12,4724.973469387754,40.469828966409615,-0.6117471007907724,-0.9548579958538781,0.07190501910494618,-0.4130035894938118,0
2022-12-13,4747.123469387756,40.61414752337944,0.14431855696982154,0.756065657760594,0.08709073209880813,0.015185712993861955,1
2022-12-14,4792.174489795917,40.71381147194727,0.09966394856783012,-0.044654608401991425,0.0002165661705078037,-0.08687416592830033,1
2022-12-15,4750.4795918367345,40.43925173603537,-0.2745597359119003,-0.3742236844797304,-0.05984268722037456,-0.06005925339088236,1
2022-12-16,4658.152040816327,40.22823736428082,-0.21101437175454407,0.06354536415735623,-0.17066774058392298,-0.11082505336354842,0
2022-12-19,4607.416326530612,40.57955074838123,0.3513133841004077,0.5623277558549518,0.02194435639432868,0.19261209697825166,0
2022-12-20,4498.433673469388,40.72435466320591,0.1448039148246778,-0.20650946927572988,0.022041427965291405,9.707157096272567e-05,0
2022-12-21,4454.647959183673,39.90540714326888,-0.8189475199370264,-0.9637514347617042,-0.16168086573567564,-0.18372229370096704,0
2022-12-22,4468.676530612244,39.93462736839499,0.029220225126110222,0.8481677450631366,-0.10092487352807922,0.06075599220759642,0
2022-12-23,4411.123469387755,39.98829025214143,0.05366288374644057,0.02444265862033035,-0.04798942242786808,0.05293545110021114,0
2022-12-26,4442.524489795917,39.98304880525756,-0.0052414468838719586,-0.05890433063031253,-0.1193003886247439,-0.07131096619687582,0
2022-12-27,4445.297959183673,39.35418987536273,-0.6288589298948324,-0.6236174830109604,-0.2740329575686289,-0.15473256894388498,0
2022-12-28,4435.436734693877,38.939283983200674,-0.41490589216205365,0.21395303773277874,-0.1932246320136528,0.08080832555497608,0
2022-12-29,4403.664285714285,39.03170171643987,0.09241773323919489,0.5073236254012485,-0.18058513039102309,0.012639501622629723,0
2022-12-30,4384.493877551021,38.896744970980286,-0.1349567454595828,-0.2273744786987777,-0.21830905623222208,-0.03772392584119899,0
2023-01-04,4320.103061224489,38.955736442421866,0.05899147144157979,0.1939482169011626,-0.20546247256714167,0.012846583665080402,0
2023-01-05,4343.676530612245,39.17072195460445,0.21498551218258655,0.15599404074100676,-0.036693584151656466,0.1687688884154852,0
2023-01-06,4379.0612244897975,39.1186165513404,-0.052105403264050665,-0.2670909154466372,0.035866513627951235,0.0725600977796077,0
2023-01-10,4453.995918367347,39.11217391901709,-0.006442632323313546,0.04566277094073712,0.016094440515445285,-0.01977207311250595,0
2023-01-11,4541.583673469388,37.72135387387869,-1.3908200451383976,-1.384377412815084,-0.23507821942032336,-0.25117265993576865,0
2023-01-12,4550.161224489796,37.86190857081653,0.14055469693784062,1.5313747420762382,-0.21876557432106836,0.016312645099255008,0
2023-01-13,4532.004081632653,37.646064380620345,-0.2158441901961865,-0.3563988871340271,-0.3049315147968201,-0.08616594047575177,0
2023-01-16,4498.531632653062,37.43944797192769,-0.2066164086926534,0.009227781503533095,-0.3358337158825435,-0.03090220108572339,0
2023-01-17,4559.6,36.70045106272394,-0.7389969092037489,-0.5323805005110955,-0.4823445712586363,-0.14651085537609276,0
2023-01-18,4647.412244897959,36.92654169358504,0.22609063086109416,0.9650875400648431,-0.1589624360587223,0.323382135199914,0
2023-01-19,4588.113265306121,37.73839457063934,0.8118528770543065,0.5857622461932124,-0.02470280003543479,0.1342596360232875,0
2023-01-20,4596.754081632654,38.08118263833388,0.34278806769453496,-0.4690648093597716,0.08702365154270097,0.11172645157813577,0
2023-01-23,4673.627551020408,37.76402035853459,-0.317162279799291,-0.659950347493826,0.06491447732138766,-0.02210917422131331,0
2023-01-24,4746.395918367346,37.985264174767366,0.22124381623277856,0.5384060960320696,0.25696262240867895,0.1920481450872913,0
2023-01-25,4781.808163265307,36.60085283355297,-1.3844113412143955,-1.605655157447174,-0.06513777200640902,-0.322100394415088,0
2023-01-26,4761.860204081632,36.58027069396523,-0.020582139587737913,1.3638292016266576,-0.23162477533482928,-0.16648700332842026,0
2023-01-27,4764.5459183673465,36.25100409124539,-0.32926660271984076,-0.30868446313210285,-0.3660357094176945,-0.1344109340828652,0
2023-01-30,4791.954081632652,36.55028804068206,0.2992839494366706,0.6285505521565113,-0.242746463570505,0.12328924584718948,0
2023-01-31,4744.20612244898,35.82229389043917,-0.7279941502428926,-1.0272780996795632,-0.43259405686563923,-0.18984759329513423,0
2023-02-01,4715.821428571428,35.92762894053623,0.1053350500970609,0.8333292003399535,-0.13464477860335222,0.297949278262287,0
2023-02-02,4759.932653061224,33.090929492145904,-2.836699448390327,-2.942034498487388,-0.6978682403638601,-0.5632234617605079,0
2023-02-03,4788.3,32.79885724645667,-0.2920722456892335,2.5446272027010934,-0.6904293689577443,0.007438871406115766,0
2023-02-06,4789.894897959182,32.43259965122005,-0.36625759523661827,-0.07418534954738476,-0.8235376778923964,-0.1331083089346521,0
2023-02-07,4806.144897959184,31.993428757154188,-0.43917089406586385,-0.07291329882924558,-0.7657730266570013,0.05776465123539509,0
2023-02-08,4800.570408163265,31.09612052706192,-0.8973082300922677,-0.45813733602640383,-0.966301682694862,-0.20052865603786074,0
2023-02-09,4791.969387755103,31.01341277070572,-0.08270775635619998,0.8146004737360677,-0.41550334428803737,0.5507983384068247,0
2023-02-10,4814.132653061224,30.86621310383866,-0.14719966686705988,-0.0644919105108599,-0.3865288285236055,0.028974515764431885,0
2023-02-13,4759.420408163265,28.56882989862394,-2.2973832052147216,-2.1501835383476617,-0.7727539505192205,-0.386225121995615,0
2023-02-14,4815.474489795918,28.05430870523234,-0.5145211933915981,1.7828620118231235,-0.7878240103843659,-0.015070059865145424,0
2023-02-15,4763.017346938775,27.896509464177072,-0.15779924105526888,0.3567219523363292,-0.6399222125769732,0.14790179780739265,0
2023-02-16,4808.175510204082,27.80543872771264,-0.09107073646443098,0.0667285045908379,-0.6415948085986187,-0.0016725960216454894,0
2023-02-17,4757.016326530613,27.68423570968438,-0.12120301802826106,-0.030132281563830077,-0.6363954788308561,0.005199329767762606,0
2023-02-20,4756.163265306122,27.339429566049443,-0.344806143634937,-0.22360312560667595,-0.2458800665148928,0.3905154123159633,0
2023-02-21,4728.572448979592,27.319465820060387,-0.019963745989056036,0.32484239764588096,-0.14696857703439292,0.09891148948049988,0
2023-02-22,4679.9040816326515,27.002943936004865,-0.31652188405552195,-0.2965581380664659,-0.17871310563444354,-0.031744528600050614,0
2023-02-24,4765.787755102041,27.455411293839767,0.45246735783490166,0.7689892418904236,-0.07000548677457274,0.10870761885987079,0
2023-02-27,4766.875510204081,27.488687008389338,0.033275714549571234,-0.41919164328533043,-0.03910974025901126,0.030895746515561484,0
2023-02-28,4779.342857142858,27.65772589696361,0.16903888857427063,0.1357631740246994,0.06365926618283524,0.1027690064418465,0
2023-03-01,4803.698979591836,27.176455686598143,-0.4812702103654658,-0.6503090989397364,-0.028602026692450266,-0.0922612928752855,0
2023-03-02,4784.073469387755,27.730923145197053,0.5544674585989107,1.0357376689643765,0.1455958418384391,0.17419786853088937,0
2023-03-03,4850.445918367346,28.18067920927013,0.4497560640730782,-0.10471139452583245,0.14505358308607086,-0.000542258752368241,0
2023-03-06,4924.904081632652,28.163155020247395,-0.01752418902273689,-0.4672802530958151,0.13489360237161563,-0.01015998071445523,0
2023-03-07,4913.07857142857,28.011327549602655,-0.15182747064474,-0.1343032816220031,0.07072033052780569,-0.06417327184380994,0
2023-03-08,4932.3530612244895,27.734941869010488,-0.27638568059216695,-0.12455820994742695,0.11169723648247043,0.040976905954664744,0
2023-03-09,4974.438775510203,27.9989581947654,0.26401632575491263,0.5404020063470796,0.05360700991366585,-0.05809022656880458,0
2023-03-10,4884.591836734694,28.500309924529045,0.5013517297636447,0.2373354040087321,0.06392614305178412,0.010319133138118275,0
2023-03-13,4838.263265306123,29.480349260957716,0.9800393364286712,0.4786876066650265,0.26343884814206575,0.19951270509028163,0
2023-03-14,4740.418367346938,30.27532635705598,0.7949770960982647,-0.18506224033040652,0.4527997614906667,0.18936091334860095,0
2023-03-15,4736.878571428571,32.529021519043496,2.2536951619875154,1.4587180658892507,0.9588159300065975,0.5060161685159308,0
2023-03-16,4702.744897959183,32.77212277623219,0.24310125718869102,-2.0105939047988244,0.9546329162933596,-0.004183013713237926,0
2023-03-17,4786.2704081632655,33.3173025141731,0.5451797379409129,0.3020784807522219,0.9633985179288125,0.008765601635452924,0
2023-03-20,4705.104081632652,33.62318656238557,0.3058840482124694,-0.2392956897284435,0.8285674602855657,-0.13483105764324677,0
2023-03-22,4802.697959183673,34.33100317154626,0.7078166091606874,0.40193256094821805,0.8111353628980567,-0.01743209738750906,0
2023-03-23,4781.956122448979,34.89950644582616,0.5685032742799052,-0.13931333488078224,0.4740969853565318,-0.3370383775415249,0
2023-03-24,4785.992857142856,34.55441369625127,-0.34509274957489566,-0.9135960238548009,0.3564581840038201,-0.11763880135271165,0
2023-03-27,4793.368367346938,34.5979828507037,0.04356915445243459,0.38866190402733025,0.25613606730611593,-0.10032211669770419,0
2023-03-28,4806.154081632652,34.560616875153656,-0.037365975550045505,-0.0809351300024801,0.18748606255362432,-0.06865000475249161,0
2023-03-29,4875.1316326530605,34.55801257395461,-0.0026043011990424247,0.03476167435100308,0.04540188048166982,-0.1420841820719545,0
2023-03-30,4874.924489795918,35.28818471599739,0.7301721420427754,0.7327764432418178,0.07773565403424243,0.03233377355257261,0
2023-03-31,4923.473469387755,35.40639273428693,0.1182080182895433,-0.6119641237532321,0.1703958076071359,0.09266015357289348,0
2023-04-03,4915.888775510204,34.43060190250009,-0.9757908317868456,-1.0939988500763889,-0.033476189640722964,-0.20387199724785887,0
2023-04-04,4928.883673469388,34.44749295200031,0.016891049500223687,0.9926818812870692,-0.022624784630671968,0.010851405010050996,0
2023-04-05,4841.604081632652,34.43697965037121,-0.010513301629103466,-0.027404351129327154,-0.02420658471668702,-0.0015818000860150505,0
2023-04-06,4728.311224489796,35.55053621951608,1.113556569144876,1.1240698707739796,0.05247030070374592,0.07667688542043294,0
2023-04-07,4756.83469387755,35.543539094900595,-0.006997124615487849,-1.120553693760364,0.02742927212273827,-0.02504102858100765,0
2023-04-10,4782.339795918368,35.39532758340364,-0.1482115114969531,-0.14121438688146526,0.19294513618070397,0.1655158640579657,0
2023-04-11,4829.299999999999,35.50424591473309,0.10891833132944839,0.2571298428264015,0.21135059254655886,0.01840545636585489,0
2023-04-12,4867.910204081632,35.68195746356374,0.17771154883065066,0.06879321750120226,0.24899556263850542,0.03764497009194656,0
2023-04-13,4892.6724489795915,35.71440588896003,0.03244842539628934,-0.14526312343436132,0.03277393388879091,-0.2162216287497145,0
2023-04-14,4926.630612244897,35.73200936947838,0.01760348051834626,-0.014844944877943078,0.03769405491554778,0.004920121026756874,0
2023-04-17,4936.857142857142,35.22251217009673,-0.5094971993816486,-0.5271006798999949,-0.03456308266137853,-0.07225713757692631,0
2023-04-18,4946.098979591835,34.94803730518199,-0.2744748649147368,0.2350223344669118,-0.11124172191021842,-0.07667863924883989,0
2023-04-19,4928.976530612245,34.799060949105574,-0.14897635607641746,0.12549850883831937,-0.17657930289163204,-0.06533758098141362,0
2023-04-20,4941.423469387756,34.78099260455982,-0.018068344545753234,0.13090801153066423,-0.18668265688004482,-0.010103353988412778,0
2023-04-21,4949.586734693877,34.707830039898724,-0.0731625646610965,-0.05509422011534326,-0.20483586591592484,-0.018153209035880025,0
2023-04-24,4940.532653061225,34.71419767555208,0.006367635653354853,0.07953020031445135,-0.1016628989089341,0.10317296700699075,0
2023-04-25,4951.774489795917,34.71511243821411,0.0009147626620347182,-0.005452872991320135,-0.046584973393578366,0.05507792551535573,0
2023-04-26,4864.6438775510205,34.706944340113075,-0.008168098101037913,-0.009082860763072631,-0.01842332179849393,0.028161651595084436,0
2023-04-27,4880.6693877551015,34.773091656407914,0.06614731629483828,0.07431541439587619,-0.0015801896303884178,0.016843132168105512,0
2023-04-28,4913.428571428572,34.29561779256409,-0.4774738638438265,-0.5436211801386648,-0.08244244946692447,-0.08086225983653605,0
2023-05-01,4977.094897959184,34.27320105600844,-0.022416736555648242,0.45505712728817826,-0.08819932390872509,-0.005756874441800619,0
2023-05-02,4998.007142857143,33.822135728113295,-0.45106532789514375,-0.4286485913394955,-0.17859534202016647,-0.09039601811144138,0
2023-05-08,4980.9795918367345,33.937345919757966,0.11521019164467106,0.5662755195398148,-0.1539196840710204,0.024675657949146057,0
2023-05-09,5035.889795918366,34.0098766338585,0.07253071410053025,-0.04267947754414081,-0.15264300450988344,0.001276679561136973,0
2023-05-10,5004.276530612244,34.532007495131545,0.5221308612730482,0.44960014717251795,0.047277940513495764,0.1999209450233792,0
2023-05-11,5005.611224489794,34.21385576997394,-0.31815172515760537,-0.8402825864306536,-0.011869057206901346,-0.05914699772039711,0
2023-05-12,5068.869387755101,33.886219129457906,-0.32763664051603314,-0.00948491535842777,0.012816680268926461,0.024685737475827807,0
2023-05-15,5116.776530612245,33.798810300314685,-0.08740882914322157,0.24022781137281157,-0.02770712388866059,-0.04052380415758705,0
2023-05-16,5180.205102040817,33.236630990553735,-0.5621793097609498,-0.4747704806177282,-0.1546491286609495,-0.1269420047722889,0
2023-05-17,5187.958163265305,32.83702799895152,-0.39960299160221524,0.16257631815873452,-0.3389958992360107,-0.18434677057506121,0
2023-05-18,5298.836734693878,31.845709911432493,-0.9913180875190264,-0.5917150959168112,-0.4736291717082892,-0.13463327247227852,0
2023-05-19,5344.440816326532,31.296801988605413,-0.5489079228270803,0.44241016469194605,-0.5178834281704994,-0.04425425646221015,0
2023-05-22,5387.533673469388,31.09207729174715,-0.2047246968582641,0.34418322596881623,-0.5413466017135065,-0.023463173543007088,0
2023-05-23,5357.232653061225,31.017032348900106,-0.07504494284704322,0.1296797540112209,-0.443919728330723,0.09742687338278344,0
2023-05-24,5329.248979591835,30.316384341509,-0.7006480073911057,-0.6256030645440624,-0.5041287314885103,-0.06020900315778732,0
2023-05-25,5345.829591836733,30.21499321763845,-0.10139112387054894,0.5992568835205567,-0.3261433387588042,0.17798539272970615,0
2023-05-26,5365.109183673469,30.22073433302941,0.005741115390957674,0.10713223926150661,-0.21521353111520014,0.11092980764360405,0
2023-05-29,5394.3,30.164425761585125,-0.05630857144428347,-0.06204968683524115,-0.18553030603240472,0.029683225082795417,0
2023-05-30,5411.459183673469,30.307092703291037,0.14266694170591165,0.19897551315019513,-0.14198792912181446,0.043542376910590264,0
2023-05-31,5352.129591836734,30.29191537189479,-0.015177331396245108,-0.15784427310215676,-0.004893793922843059,0.1370941351989714,0
2023-06-01,5405.2897959183665,30.399810216835384,0.1078948449405921,0.1230721763368372,0.03696339983938657,0.04185719376222963,0
2023-06-02,5470.633673469388,30.43793698415796,0.03812676732257714,-0.06976807761801496,0.04344053022571259,0.006477130386326024,0
2023-06-05,5615.306122448979,31.316174571411267,0.8782375872533059,0.8401108199307288,0.23034976196522905,0.18690923173951646,0
2023-06-06,5661.592857142856,32.41389541183825,1.0977208404269803,0.21948325317367434,0.4213605417094435,0.19101077974421443,0
2023-06-07,5530.945918367346,32.65450903053706,0.24061361869881637,-0.8571072217281639,0.4725187317284494,0.0511581900190059,0
2023-06-08,5464.778571428572,33.66740804822302,1.0128990176859531,0.7722853989871368,0.6535195662775273,0.1810008345490779,0
2023-06-09,5562.232653061224,33.76323459623386,0.0958265480108409,-0.9170724696751122,0.6650595224151772,0.01153995613764991,0
2023-06-12,5614.738775510203,34.58853408554439,0.825299489310531,0.7294729412996901,0.6544719028266286,-0.010587619588548591,0
2023-06-13,5710.092857142857,34.71359564824813,0.1250615627037419,-0.7002379266067891,0.45994004728197524,-0.19453185554465335,0
2023-06-14,5763.548979591837,34.85305174779764,0.13945609954951266,0.014394536845770745,0.4397085434521202,-0.020231503829855058,0
2023-06-15,5766.935714285713,35.37582762967286,0.5227758818752193,0.3833197823257066,0.3416839162899663,-0.09802462716215388,0
2023-06-16,5792.243877551019,35.329970999829875,-0.04585662984298722,-0.5686325117182065,0.31334728071919926,-0.028336635570767044,0
2023-06-19,5741.817346938774,35.35502710257711,0.025056102747235798,0.07091273259022302,0.15329860340654733,-0.16004867731265193,0
2023-06-20,5747.738775510205,35.453394436897625,0.09836733432051403,0.07331123157327823,0.14795975772990744,-0.005338845676639892,0
2023-06-21,5790.630612244897,35.315149585915314,-0.13824485098231065,-0.23661218530282468,0.09241956762352999,-0.05554019010637745,0
2023-06-22,5726.931632653062,34.753601769435114,-0.5615478164801999,-0.42330296549788926,-0.12444517204755101,-0.216864739671081,0
2023-06-23,5637.214285714285,34.498310437749126,-0.2552913316859886,0.3062564847942113,-0.16633211241614987,-0.04188694036859886,0
2023-06-26,5623.895918367348,35.23609623245556,0.7377857947064328,0.9930771263924214,-0.023786174024309048,0.14254593839184082,0
2023-06-27,5594.2040816326535,35.26147931024317,0.025383077787608954,-0.7124027169188238,-0.03838302533089433,-0.014596851306585279,0
2023-06-28,5716.908163265305,35.501707962102365,0.24022865185919784,0.21484557407158889,0.03731167523741874,0.07569470056831307,0
2023-06-29,5731.446938775511,36.26397540871341,0.7622674466110411,0.5220387947518432,0.30207472785565415,0.2647630526182354,0
2023-06-30,5709.6663265306115,35.947826661014496,-0.3161487476989109,-1.078416194309952,0.28990324465306827,-0.012171483202585875,0
2023-07-03,5835.591836734694,35.92359005433859,-0.024236606675906103,0.2919121410230048,0.13749876437660902,-0.15240448027645925,0
2023-07-04,5776.147959183673,36.25659004236494,0.33299998802635145,0.35723659470225755,0.19902214642435467,0.061523382047745656,0
2023-07-05,5766.142857142856,36.22721582136716,-0.029374220997780753,-0.3623742090241322,0.1451015718529547,-0.05392057457139998,0
2023-07-06,5662.9071428571415,36.01752304561209,-0.20969277575507306,-0.1803185547572923,-0.049290472620256764,-0.19439204447321146,0
2023-07-07,5587.85,35.426417248493976,-0.5911057971181108,-0.3814130213630378,-0.10428188250410386,-0.0549914098838471,0
2023-07-10,5540.141836734695,35.04744797696382,-0.3789692715301598,0.21213652558795104,-0.1752284154749546,-0.07094653297085074,0
2023-07-11,5563.794897959183,33.07940182424368,-1.9680461527201345,-1.5890768811899747,-0.6354376436242575,-0.4602092281493029,0
2023-07-12,5497.392857142857,33.24940596961297,0.17000414536929043,2.138050298089425,-0.5955619703508361,0.03987567327342134,0
2023-07-13,5573.823469387755,32.770570944083744,-0.47883502552922863,-0.6488391708985191,-0.6493904203056644,-0.05382844995482827,0
2023-07-14,5571.893877551021,32.60553558199036,-0.1650353620933842,0.3137996634358444,-0.5641763333007361,0.08521408700492827,0
2023-07-18,5598.624489795918,31.74129618776304,-0.8642393942273188,-0.6992040321339346,-0.6612303578401466,-0.09705402453941048,0
2023-07-19,5662.686734693875,30.910026177861035,-0.8312700099020063,0.03296938432531249,-0.4338751292765295,0.22735522856361712,0
2023-07-20,5559.408163265306,31.278334571452945,0.36830839359191003,1.1995784034939163,-0.3942142796320063,0.03966084964452321,0
2023-07-21,5525.731632653061,31.45621363606465,0.17787906461170522,-0.19042932898020482,-0.26287146160381525,0.13134281802819103,0
2023-07-24,5589.259183673468,31.431038430241813,-0.025175205822836944,-0.20305427043454216,-0.2348994303497136,0.027972031254101637,0
2023-07-25,5592.95306122449,31.60309854061304,0.17206011037122693,0.19723531619406387,-0.027639529429997367,0.20725990091971624,0
2023-07-26,5605.652040816326,31.02708699497972,-0.576011545633321,-0.748071656004548,0.02341216342373542,0.05105169285373279,0
2023-07-27,5643.839795918366,30.99030990122954,-0.036777093750178125,0.5392344518831429,-0.05760493404467937,-0.08101709746841479,0
2023-07-28,5621.344897959183,30.921568712258583,-0.06874118897095727,-0.03196409522077914,-0.10692898476121471,-0.04932405071653534,0
2023-07-31,5637.2612244897955,30.69973397685644,-0.22183473540214393,-0.15309354643118667,-0.14626089067707326,-0.039331905915858556,0
2023-08-01,5674.633673469386,30.63894711440344,-0.06078686245299991,0.16104787294914402,-0.19283028524192503,-0.04656939456485176,0
2023-08-02,5562.044897959183,28.79005241443908,-1.848894699964358,-1.7881078375113582,-0.44740691610812533,-0.2545766308662003,0
2023-08-03,5501.1346938775505,29.80689906833245,1.0168466538933671,2.865741353857725,-0.23668216657942054,0.2107247495287048,0
2023-08-04,5501.83775510204,30.48476661881853,0.6778675504860807,-0.33897910340728643,-0.08736041868800726,0.14932174789141328,0
2023-08-07,5501.560204081633,30.155807113334625,-0.32895950548390474,-1.0068270559699855,-0.10878537270436439,-0.021424954016357134,0
2023-08-08,5510.768367346936,29.696499886251424,-0.45930722708320104,-0.1303477215992963,-0.18848944563040249,-0.0797040729260381,0
2023-08-09,5473.178571428572,29.52881939932539,-0.16768048692603443,0.2916267401571666,0.14775339697725798,0.33624284260766046,0
2023-08-10,5516.616326530611,28.942255378213314,-0.5865640211120748,-0.4188835341860404,-0.17292873802382402,-0.320682135001082,0
2023-08-14,5434.88775510204,28.864140580807423,-0.07811479740589178,0.5084492237061831,-0.3241252076022185,-0.1511964695783945,0
2023-08-15,5468.494897959184,29.21021229815977,0.34607171735234843,0.4241865147582402,-0.189118963034975,0.13500624456724353,0
2023-08-16,5391.99693877551,29.140882635789165,-0.06932966237060612,-0.41540137972295454,-0.11112345009244606,0.07799551294252893,0
2023-08-17,5372.79693877551,29.7903064557658,0.6494238199766365,0.7187534823472426,0.05229741128808385,0.1634208613805299,0
2023-08-18,5351.117346938776,29.68944694113543,-0.1008595146303719,-0.7502833346070084,0.14943831258441875,0.0971409012963349,0
2023-08-21,5341.834693877551,29.8667649280648,0.17731798692937062,0.2781775015597425,0.20052486945147763,0.051086556867058874,0
2023-08-22,5398.754081632652,29.89250483288508,0.025739904820280657,-0.15157808210908996,0.13645850694505768,-0.06406636250641995,0
2023-08-23,5429.734693877551,30.127890040998512,0.23538520811343133,0.20964530329315068,0.19740148104187227,0.060942974096814595,0
2023-08-24,5485.513265306122,29.93403348276169,-0.19385655823682058,-0.4292417663502519,0.028745405399178026,-0.16865607564269425,0
2023-08-25,5371.3653061224495,30.166533555204012,0.23250007244232052,0.4263566306791411,0.09541732281371651,0.06667191741453848,0
2023-08-28,5500.2102040816335,30.47342833180506,0.30689477660104814,0.07439470415872762,0.12133268074805059,0.025915357934334082,0
2023-08-29,5498.547959183673,31.14344580449209,0.6700174726870287,0.3631226960859806,0.2501881943214066,0.128855513573356,0
2023-08-30,5535.366326530612,31.150101783913787,0.006655979421697822,-0.6633614932653309,0.20444234858305066,-0.04574584573835594,0
2023-08-31,5563.647959183673,31.20608188024921,0.05598009633542489,0.04932411691372707,0.2544096794975026,0.049967330914451935,0
2023-09-01,5589.012244897959,31.09577478582858,-0.11030709442063014,-0.16628719075605503,0.18584824612491246,-0.06856143337259013,0
2023-09-04,5618.747959183674,31.26853433728086,0.1727595514522804,0.2830666458729105,0.1590212010951646,-0.026827045029747865,0
2023-09-05,5644.531632653061,31.80192014499945,0.533385807718588,0.3606262562663076,0.13169486810146935,-0.027326332993695246,0
2023-09-06,5674.932653061223,32.23711058405804,0.43519043905858723,-0.09819536866000078,0.21740176002884937,0.08570689192738001,0
2023-09-07,5619.367346938776,32.39396620254349,0.1568556184854515,-0.27833482057313574,0.23757686445885895,0.020175104430009583,0
2023-09-08,5547.216326530612,32.45744948537447,0.0634832828309797,-0.09337233565447178,0.2723349399091788,0.034758075450319836,0
2023-09-11,5492.553061224489,33.020791326364055,0.5633418409895867,0.499858558158607,0.35045139781663437,0.07811645790745558,0
2023-09-12,5536.897959183673,32.65374201121002,-0.36704931515403416,-0.9303911561436209,0.17036437324211562,-0.18008702457451875,0
2023-09-13,5507.891836734694,32.766526543064515,0.11278453185449422,0.4798338470085284,0.10588319180129702,-0.0644811814408186,0
2023-09-14,5598.69081632653,32.37363430286489,-0.39289224019962177,-0.505676772054116,-0.004066379935721898,-0.10994957173701891,0
2023-09-15,5664.308163265306,32.67757483368619,0.30394053082129346,0.6968327710209152,0.04402506966234654,0.048091449598068436,0
2023-09-19,5598.274489795917,32.87396303225911,0.1963881985729259,-0.10755233224836758,-0.02936565882098563,-0.07339072848333217,0
2023-09-20,5575.174489795918,32.624559335561074,-0.24940369669803886,-0.44579189527096474,-0.005836535129795095,0.023529123691190534,0
2023-09-21,5485.469387755102,32.99656237014636,0.3720030345852834,0.6214067312833222,0.046007165416369844,0.05184370054616494,0
2023-09-22,5472.202040816326,33.450588705749766,0.4540263356034089,0.0820233010181255,0.21539088057697597,0.16938371516060613,0
2023-09-25,5512.44693877551,33.57564630345373,0.12505759770396452,-0.32896873789944436,0.17961429395351303,-0.03577658662346295,0
2023-09-26,5452.63775510204,33.569842831139674,-0.005803472314056535,-0.13086107001802105,0.13917595977611086,-0.04043833417740217,0
2023-09-27,5466.42448979592,33.80399877202758,0.23415594088790925,0.2399594132019658,0.2358878872933019,0.09671192751719104,0
2023-09-28,5414.876530612244,33.17674871510714,-0.6272500569204453,-0.8614059978083546,0.03603726899214621,-0.1998506183011557,0
2023-09-29,5408.453061224489,32.982142555115146,-0.1946061599919915,0.43264389692845384,-0.09368923012691965,-0.12972649911906586,0
2023-10-02,5413.751020408165,32.788861687311325,-0.19328086780382137,0.001325292188170124,-0.15735692322847683,-0.06366769310155718,0
2023-10-03,5328.282653061224,32.02447587863978,-0.7643858086715483,-0.5711049408677269,-0.3090733904999894,-0.15171646727151256,0
2023-10-04,5232.0051020408155,32.993777977929355,0.9693020992895782,1.7336879079611265,-0.16204415881963996,0.14702923168034943,0
2023-10-05,5328.152040816327,34.51460648984204,1.5208285119126828,0.5515264126231045,0.2675715549469828,0.4296157137666228,0
2023-10-06,5310.979591836734,35.69444694194652,1.1798404521044787,-0.340988059808204,0.542460877366274,0.2748893224192912,0
2023-10-10,5435.34387755102,35.400399376689904,-0.29404756525661213,-1.4738880173610909,0.5223075378757116,-0.020153339490562416,0
2023-10-11,5449.873469387756,36.41259102655612,1.0121916498662173,1.3062392151228295,0.8776230295832761,0.3553154917075645,0
2023-10-12,5606.549999999999,36.42665687719076,0.014065850634636945,-0.9981257992315804,0.6865757798522765,-0.19104724973099962,0
2023-10-13,5573.117346938776,36.91065959616363,0.4840027189728744,0.46993686833823745,0.4792106212643219,-0.20736515858795457,0
2023-10-16,5459.806122448979,37.39075075428693,0.48009115812329384,-0.003911560849580553,0.33926076246807924,-0.13994985879624267,0
2023-10-17,5526.393877551021,38.25302218567913,0.8622714313922017,0.3821802732689079,0.5705245617978463,0.23126379932976704,0
2023-10-18,5543.548979591835,38.415355935847984,0.16233375016885532,-0.6999376812233464,0.4005529818583682,-0.1699715799394781,0
2023-10-19,5424.955102040816,38.61228480476532,0.19692886891733963,0.03459511874848431,0.4371255855149201,0.036572603656551905,0
2023-10-20,5385.148979591838,38.61789633396183,0.005611529196507092,-0.19131733972083254,0.3414473475596367,-0.09567823795528341,0
2023-10-23,5331.447959183673,38.63174225155183,0.013845917589996759,0.008234388393489667,0.2481982994529801,-0.09324904810665657,0
2023-10-24,5325.075510204082,38.86354527887245,0.2318030273206233,0.21795710973062654,0.12210461863865874,-0.12609368081432137,0
2023-10-25,5375.639795918367,37.88955800146533,-0.9739872774071188,-1.205790304727742,-0.10515958687652471,-0.22726420551518345,0
2023-10-26,5259.274489795918,38.22216732541122,0.3326093239458885,1.3065966013530073,-0.07802349587082347,0.027136091005701246,0
2023-10-27,5329.805102040816,38.63197061616908,0.40980329075785704,0.07719396681196855,0.0028148564414465227,0.08083835231226999,0
2023-10-30,5336.780612244898,38.16444528512652,-0.4675253310425589,-0.8773286218004159,-0.09345939328505892,-0.09627424972650545,0
2023-10-31,5350.4540816326535,38.09697111326636,-0.06747417186015525,0.40005115918240364,-0.15331483312121463,-0.05985543983615571,0
2023-11-01,5523.128571428571,37.84146744108275,-0.2555036721836146,-0.18802950032345933,-0.009618112076516638,0.143696721044698,0
2023-11-02,5599.449999999999,39.176338660234656,1.334871219151907,1.5903748913355216,0.19083426696468564,0.20045237904120228,0
2023-11-06,5727.81224489796,38.33883207302636,-0.8375065872082956,-2.1723778063602026,-0.05862770862854205,-0.2494619755932277,0
2023-11-07,5658.032653061224,38.28724849295067,-0.05158358007569319,0.7859230071326024,0.024560641564825403,0.08318835019336746,0
2023-11-08,5636.611224489795,38.37473825169703,0.087489758746365,0.1390733388220582,0.05555342768613514,0.030992786121309734,0
2023-11-09,5711.9540816326535,38.07469070321883,-0.30004754847820436,-0.38753730722456936,0.0466446524272186,-0.008908775258916535,0
2023-11-10,5703.852040816327,38.31284997403919,0.23815927082036126,0.5382068192985656,-0.17269773723909765,-0.21934238966631625,0
2023-11-13,5707.558163265306,38.0109193397504,-0.3019306342887873,-0.5400899051091486,-0.06558254665518604,0.10711519058391161,0
2023-11-14,5743.541836734694,37.94902217738341,-0.06189716236698928,0.24003347192179803,-0.0676452631134552,-0.002062716458269165,0
2023-11-15,5851.078571428571,37.528715102246366,-0.4203070751370461,-0.35840991277005685,-0.16920462989013174,-0.10155936677667654,0
2023-11-16,5858.965306122447,37.14063587272199,-0.38807922952437934,0.03222784561266678,-0.18681096609937242,-0.01760633620924068,0
2023-11-17,5894.745918367346,37.030664251789474,-0.10997162093251234,0.278107608591867,-0.25643714444993293,-0.06962617835056051,0
2023-11-20,5866.480612244898,36.8731402170893,-0.15752403470017384,-0.047552413767661506,-0.22755582453222445,0.02888131991770848,0
2023-11-21,5885.679591836734,36.79064114670613,-0.08249907038317161,0.07502496431700223,-0.23167620613546092,-0.004120381603236467,0
2023-11-22,5911.744897959184,36.668408874387474,-0.12223227231865508,-0.039733201935483464,-0.1720612455717756,0.059614960563685315,0
2023-11-24,5906.955102040816,36.66652590626689,-0.001882968120582973,0.1203493041980721,-0.09482199329102059,0.07723925228075501,0
2023-11-27,5859.7357142857145,36.9273204952425,0.2607945889756067,0.2626775570961897,-0.020668751309386835,0.07415324198163376,0
2023-11-28,5843.994897959184,37.03604164289044,0.10872114764794105,-0.15207344132766565,0.03258028516022193,0.05324903646960877,0
2023-11-29,5859.063265306122,37.253420632818894,0.21737898992845572,0.10865784228051467,0.09255589722255309,0.05997561206233115,0
2023-11-30,5896.039795918366,36.63583828302274,-0.6175823497961517,-0.8349613397246074,-0.006514118272946234,-0.09907001549549932,0
2023-12-01,5891.477551020407,36.46224589404408,-0.17359238897866192,0.44398996081748976,-0.040856002444563444,-0.03434188417161721,0
2023-12-04,5841.997959183673,36.67220261686287,0.20995672281878797,0.3835491117974499,-0.05102357567592719,-0.010167573231363747,0
2023-12-05,5743.171428571429,36.99317901481657,0.32097639795370014,0.11101967513491218,-0.008572525614773951,0.04245105006115324,0
2023-12-06,5884.185714285715,37.0901593831024,0.09698036828583412,-0.22399602966786603,-0.03265224994329685,-0.0240797243285229,0
2023-12-07,5785.989795918367,38.355095158680285,1.2649357755778823,1.1679554072920482,0.3438513751315071,0.37650362507480395,0
2023-12-08,5687.5806122448985,38.7732166105268,0.41812145184651683,-0.8468143237313654,0.46219414329654285,0.11834276816503575,0
2023-12-11,5777.269387755101,39.025463793525006,0.2522471829982038,-0.16587426884831302,0.4706522353324303,0.008458092035887432,0
2023-12-12,5778.071428571428,39.42795440697933,0.4024906134543258,0.15024343045612198,0.48695507843255115,0.016302843100120867,0
2023-12-13,5814.6346938775505,39.01591340963999,-0.4120409973393393,-0.8145316107936651,0.3851508053075179,-0.10180427312503326,0
2023-12-14,5743.481632653061,38.95937487507178,-0.056538534568211674,0.3555024627711276,0.12085594327830051,-0.26429486202921737,0
2023-12-15,5810.974489795918,39.16740567926558,0.20803080419379683,0.2645693387620085,0.07883781374775367,-0.042018129530546844,0
2023-12-18,5783.304081632654,38.64400258840829,-0.5234030908572862,-0.731433895051083,-0.07629224102333865,-0.15513005477109232,0
2023-12-19,5863.411224489796,38.43910181747706,-0.20490077093123205,0.31850231992605416,-0.19777051790045874,-0.1214782768771201,0
2023-12-20,5952.2795918367365,38.40664076270174,-0.03246105477531813,0.1724397161559139,-0.1218545293876474,0.07591598851281134,0
2023-12-21,5883.889795918367,38.37974490215628,-0.02689586054545856,0.005565194229859571,-0.11592599458310104,0.005928534804546359,0
2023-12-22,5883.15,38.27479057507273,-0.10495432708355423,-0.07805846653809567,-0.1785230208385684,-0.06259702625546737,0
2023-12-25,5903.639795918367,37.649572687448696,-0.6252178876240322,-0.520263560540478,-0.1988859801919176,-0.020362959353349197,0
2023-12-26,5919.205102040817,37.57101002588213,-0.07856266156656488,0.5466552260574673,-0.17361835831898986,0.025267621872927748,0
2023-12-27,5986.113265306122,37.593478776868025,0.02246875098589385,0.10103141255245873,-0.16263239716674605,0.010985961152243817,0
2023-12-28,5961.478571428572,37.77647914489399,0.1830003680259651,0.16053161704007124,-0.12065315145245137,0.04197924571429468,0
2023-12-29,5952.376530612245,37.61389548931032,-0.16258365558366705,-0.34558402360963214,-0.13217901715248104,-0.01152586570002967,0
2024-01-04,5899.106122448979,37.45910193237107,-0.15479355693925356,0.00779009864441349,-0.03809415101553526,0.09408486613694578,0
2024-01-05,5887.375510204082,37.1706234110377,-0.28847852133336715,-0.1336849643941136,-0.08007732296887582,-0.04198317195334056,0
2024-01-09,5972.95306122449,37.09337995959066,-0.07724345144703904,0.21123506988632812,-0.10001976345547803,-0.01994244048660221,0
2024-01-10,6102.363265306122,37.11495700565985,0.021577046069189976,0.09882049751622901,-0.13230442784682594,-0.03228466439134792,0
2024-01-11,6231.273469387755,37.13387175814301,0.01891475248315544,-0.0026622935860345365,-0.09600474623346145,0.0362996816133645,0
2024-01-12,6319.156122448979,37.97741549216943,0.8435437340264187,0.8246289815432633,0.10366271195967158,0.19966745819313303,0
2024-01-15,6382.070408163265,37.809647754197066,-0.16776773797236189,-1.0113114719987806,0.1278048686318769,0.024142156672205317,0
2024-01-16,6327.482653061225,38.20067055547928,0.3910228012822117,0.5587905392545736,0.22145811917771852,0.09365325054584162,0
2024-01-17,6321.9948979591845,38.01300728329495,-0.18766327218433076,-0.5786860734665424,0.17961005552701437,-0.04184806365070415,0
2024-01-18,6306.513265306123,37.73283658162646,-0.2801707016684887,-0.09250742948415791,0.11979296469669265,-0.05981709083032172,0
2024-01-19,6394.927551020409,37.89149542074213,0.1586588391156738,0.4388295407841625,-0.017184014285454907,-0.13697697898214756,0
2024-01-22,6513.780612244896,37.78976279417779,-0.1017326265643419,-0.2603914656800157,-0.003976992003856594,0.013207022281598313,0
2024-01-23,6510.592857142856,38.00017348073841,0.21041068656062123,0.31214331312496313,-0.04009941494817326,-0.03612242294431667,0
2024-01-24,6440.22244897959,37.97364583872664,-0.02652764201177149,-0.23693832857239272,-0.007872288913667091,0.03222712603450617,0
2024-01-25,6471.844897959184,37.95378635110957,-0.019859487617068794,0.006668154394702697,0.04418995389662683,0.052062242810293924,0
2024-01-26,6379.364285714287,37.86332534522698,-0.0904610058825881,-0.0706015182655193,-0.0056340151030340735,-0.049823968999660906,0
2024-01-29,6427.642857142857,38.21130561325904,0.3479802680320603,0.4384412739146484,0.08430856381625063,0.0899425789192847,0
2024-01-30,6452.995918367346,38.03260063536656,-0.17870497789247963,-0.5266852459245399,0.0064854309256361375,-0.07782313289061449,0
2024-01-31,6469.339795918367,37.86695724593558,-0.16564338943098278,0.013061588461496854,-0.021337718558221752,-0.02782314948385789,0
2024-02-01,6397.757142857144,37.926203488769495,0.059246242833914664,0.22488963226489744,-0.005516572468003744,0.015821146090218008,0
2024-02-02,6414.909183673469,36.99257418451608,-0.9336293042534152,-0.9928755470873298,-0.17415023214218195,-0.1686336596741782,0
2024-02-05,6468.716326530612,35.10951671997935,-1.8830574645367335,-0.9494281602833183,-0.6203577786559435,-0.4462075465137616,0
2024-02-06,6411.401020408165,33.9540116206198,-1.1555050993595444,0.7275523651771891,-0.8157178029493508,-0.19536002429340726,0
2024-02-07,6387.486734693878,33.844223870805514,-0.10978774981428785,1.0457173495452565,-0.8045466750260104,0.011171127923340407,0
2024-02-08,6484.091836734693,32.21190249817607,-1.6323213726294412,-1.5225336228151534,-1.14286019811869,-0.3383135230926797,0
2024-02-09,6485.62551020408,31.93814640547196,-0.2737560927041116,1.3585652799253296,-1.0108855558088194,0.13197464230987066,0
2024-02-13,6633.742857142855,31.347829084322036,-0.5903173211499251,-0.31656122844581347,-0.7523375271314592,0.25854802867736026,0
2024-02-14,6567.322448979591,31.0092234570939,-0.33860562722813725,0.2517116939217878,-0.5889576327051884,0.16337989442627077,0
2024-02-15,6669.709183673468,30.61815830757697,-0.3910651495169297,-0.05245952228879247,-0.6452131126457026,-0.056255479940514164,0
2024-02-16,6722.0938775510185,29.74335488229114,-0.8748034252858297,-0.48373827576889994,-0.49370952317698524,0.15150358946871734,0
2024-02-19,6694.56530612245,30.06920927397632,0.32585439168517993,1.2006578169710096,-0.3737874262991312,0.11992209687785405,0
2024-02-20,6723.777551020407,29.409904735395923,-0.6593045385803968,-0.9851589302655768,-0.38758486978521844,-0.013797443486087246,0
2024-02-21,6685.382653061227,29.36082898543913,-0.04907574995679198,0.6102287886236049,-0.32967889433096076,0.057905975454257685,0
2024-02-22,6847.275510204084,29.13507650682928,-0.22575247860985215,-0.17667672865306017,-0.29661636014953174,0.033062534181429015,0
2024-02-26,6884.125510204083,29.222282911852155,0.0872064050228758,0.31295888363272795,-0.10421439408779776,0.192401966061734,0
2024-02-27,6917.399999999999,29.0504808072512,-0.17180210460095324,-0.25900850962382904,-0.2037456933450308,-0.09953129925723303,0
2024-02-28,6893.772448979591,28.34461194088512,-0.7058688663660817,-0.5340667617651285,-0.21305855890215497,-0.009312865557124184,0
2024-02-29,6902.3336734693885,28.234414096559725,-0.11019784432539481,0.5956710220406869,-0.2252829777758798,-0.01222441887372483,0
2024-03-01,7022.688775510204,27.906978398191963,-0.3274356983677613,-0.2172378540423665,-0.24561962172746377,-0.020336643951583966,0
2024-03-04,7068.458163265307,28.201393243905745,0.2944148457137814,0.6218505440815427,-0.20417793358928193,0.04144168813818183,0
2024-03-05,7119.347959183674,26.460136958814022,-1.7412562850917226,-2.035671130805504,-0.5180687696874386,-0.3138908360981567,0
2024-03-06,7086.00306122449,26.719589423433284,0.25945246461926175,2.0007087497109843,-0.3250045034903657,0.19306426619707295,0
2024-03-07,6997.374489795917,26.43560182217495,-0.28398760125833533,-0.5434400658775971,-0.35976245487695735,-0.03475795138659166,0
2024-03-08,7010.122448979593,25.854378963358972,-0.5812228588159769,-0.2972352575576416,-0.4105198869665969,-0.050757432089639565,0
2024-03-11,6834.079591836735,25.37449349610908,-0.47988546724989334,0.10133739156608357,-0.5653799495593361,-0.1548600625927392,0
2024-03-12,6823.648979591837,26.78263461337201,1.4081411172629323,1.8880265845128257,0.06449953091159699,0.6298794804709331,0
2024-03-13,6810.5785714285685,26.982751799336643,0.20011718596463268,-1.2080239312982997,0.0526324751806726,-0.011867055730924392,0
2024-03-14,6820.123469387756,27.060798942659805,0.0780471433231611,-0.12207004264147159,0.12503942409697544,0.07240694891630284,0
2024-03-15,6793.184693877549,27.136185680152607,0.07538673749280278,-0.0026604058303583145,0.2563613433587264,0.13132191926175096,0
2024-03-18,6998.4959183673445,27.17225310878457,0.03606742863196288,-0.0393193088608399,0.35955192253509694,0.10319057917637053,0
2024-03-19,7067.808163265308,28.162276028938106,0.9900229201535353,0.9539554915215724,0.2759282831132239,-0.08362363942187301,0
2024-03-21,7186.998979591834,28.231180485890476,0.06890445695237091,-0.9211184632011644,0.2496857373107595,-0.026242545802464434,0
2024-03-22,7201.458163265305,28.517510086595863,0.28632960070538616,0.21742514375301525,0.29134222878721516,0.04165649147645567,0
2024-03-25,7103.1571428571415,28.484295225252488,-0.03321486134337448,-0.31954446204876064,0.26962190901997474,-0.021720319767240426,0
2024-03-26,7114.426530612245,28.97054250385572,0.48624727860323347,0.519462139946608,0.3596578790142324,0.09003596999425767,0
2024-03-27,7155.052040816328,29.03191340715596,0.06137090330024009,-0.4248763753029934,0.17392747564357336,-0.18573040337065905,0
2024-03-28,7088.529591836734,29.040992697363183,0.009079290207221646,-0.05229161309301844,0.16196244229453782,-0.011965033349035537,0
2024-03-29,7110.61224489796,29.87177809386422,0.8307853965010352,0.8217061062938136,0.2708536014536733,0.1088911591591355,0
2024-04-01,7037.972448979593,29.79966012615681,-0.07211796770740975,-0.902903364208445,0.263072980180862,-0.007780621272811317,0
2024-04-02,7064.980612244899,30.437389411479334,0.6377292853225249,0.7098472530299347,0.29336938152472314,0.030296401343861135,0
2024-04-03,6986.016326530613,30.41682397031268,-0.02056544116665293,-0.6582947264891779,0.27698211263134453,-0.016387268893378604,0
2024-04-04,7022.272448979593,30.034203468527547,-0.3826205017851336,-0.3620550606184807,0.1986421542328749,-0.07833995839846963,0
2024-04-05,6849.831632653061,29.988756112306557,-0.04544735622098983,0.3371731455641438,0.023395603688463495,-0.1752465505444114,0
2024-04-08,6932.184693877551,29.427981702074188,-0.5607744102323693,-0.5153270540113795,-0.07433568481652486,-0.09773128850498836,0
2024-04-09,7019.25,29.378208186253023,-0.049773515821165404,0.5110008944112039,-0.21183624504525866,-0.1375005602287338,1
2024-04-10,6983.784693877551,28.70738793756924,-0.670820248683782,-0.6210467328626166,-0.34188720654869087,-0.1300509615034322,0
2024-04-11,6981.521428571429,28.493995768451303,-0.21339216911793812,0.45742807956584386,-0.30804154001524964,0.03384566653344123,0
2024-04-12,7010.65612244898,28.32116069515319,-0.17283507329811343,0.040557095819824696,-0.33351908343067294,-0.025477543415423298,1
2024-04-15,6946.540816326529,28.275926552455783,-0.045234142697406554,0.12760093060070687,-0.23041102992367968,0.10310805350699326,0
2024-04-16,6817.607142857145,27.58436636095514,-0.691560191500642,-0.6463260488032354,-0.358768365059575,-0.1283573351358953,0
2024-04-17,6718.041836734695,29.104390464967302,1.5200241040121618,2.2115842955128038,0.07940050547961164,0.43816887053918663,0
2024-04-18,6748.246938775512,29.57207096787966,0.4676805029123585,-1.0523436010998033,0.21561503988566955,0.1362145344060579,0
2024-04-19,6506.859183673471,29.59598015877241,0.023909190892748455,-0.44377131201961006,0.2549638927238469,0.03934885283817735,0
2024-04-22,6565.591836734695,30.389221292162688,0.7932411333902785,0.76933194249753,0.4226589479413789,0.16769505521753203,0
2024-04-23,6572.555102040817,30.64675594950862,0.25753465734593206,-0.5357064760443464,0.6124779177106987,0.18981896976931978,0
2024-04-24,6742.76530612245,30.753677948164132,0.10692199865551189,-0.15061265869042018,0.32985749663936303,-0.28262042107133567,0
2024-04-25,6603.673469387755,31.097707283210266,0.34402933504613387,0.23710733639062198,0.30512726306612237,-0.024730233573240668,0
2024-04-26,6710.478571428572,31.954670191830484,0.8569629086202184,0.5129335735740845,0.47173800661161636,0.166610743545494,0
2024-04-30,6844.658163265306,31.59583143454748,-0.35883875728300296,-1.2158016659032214,0.24132202847695794,-0.23041597813465842,0
2024-05-01,6865.951020408165,31.833588717863744,0.2377572833162631,0.5965960405992661,0.23736655367102344,-0.0039554748059345,0
2024-05-02,6873.558163265306,31.66314354873292,-0.17044516913082575,-0.40820245244708886,0.1818931201137559,-0.055473433557267526,0
2024-05-07,7029.707142857144,31.74285162313,0.07970807439708238,0.25015324352790813,0.12902886798394775,-0.052864252129808165,0
2024-05-08,6921.665306122447,31.621954053958817,-0.12089756917118422,-0.2006056435682666,-0.06654322757433562,-0.19557209555828337,0
2024-05-09,6922.723469387755,32.48498367868178,0.8630296247229623,0.9839271938941465,0.17783044882686383,0.24437367640119945,0
2024-05-10,6979.900000000001,32.133139535621105,-0.35184414306067424,-1.2148737677836365,0.05991016355146783,-0.117920285275396,0
2024-05-13,6996.004081632654,31.26129855274215,-0.871840982878954,-0.5199968398182797,-0.08036899919814999,-0.14027916274961783,0
2024-05-14,6998.016326530613,30.96458920359247,-0.2967093491496797,0.5751316337292742,-0.15565248390751307,-0.07528348470936308,0
2024-05-15,7013.652040816326,30.34056178784409,-0.6240274157483796,-0.3273180665986999,-0.2562784532229436,-0.10062596931543055,0
2024-05-16,7131.2642857142855,29.65018083662722,-0.6903809512168699,-0.06635353546849032,-0.5669605684109058,-0.3106821151879622,0
2024-05-17,7118.385714285715,29.35795845430673,-0.29222238232049236,0.3981585688963776,-0.5550362162628737,0.011924352148032114,0
2024-05-20,7157.908163265306,29.30657292874384,-0.051385525562889,0.24083685675760336,-0.39094512479966426,0.16409109146320944,0
2024-05-21,7138.070408163265,29.378028422353385,0.07145549360954462,0.12284101917243362,-0.31731215624781584,0.07363296855184842,0
2024-05-22,7090.995918367348,28.77387419459967,-0.604154227753714,-0.6756097213632586,-0.31333751864888626,0.003974637598929576,0
2024-05-23,7213.706122448981,28.924440446088003,0.15056625148833191,0.7547204792420459,-0.14514807810784447,0.1681894405410418,0
2024-05-24,7130.480612244899,29.10248915604636,0.17804870995835742,0.027482458470025506,-0.05109385965207025,0.09405421845577422,0
2024-05-27,7161.155102040817,29.19950851393861,0.09701935789225047,-0.08102935206610695,-0.021412882961051594,0.029680976691018657,0
2024-05-28,7130.490816326533,28.928401360846674,-0.2711071530919362,-0.3681265109841867,-0.08992541230134066,-0.06851252934028906,0
2024-05-29,7068.8693877551,28.513242999997583,-0.41515836084909097,-0.14405120775715474,-0.0521262389204189,0.03779917338092176,0
2024-05-30,6990.330612244899,28.835931319448108,0.3226883194505241,0.7378466802996151,-0.017701825327975484,0.034424413592443415,0
2024-05-31,7061.494897959184,28.734399893549227,-0.1015314258988802,-0.4242197453494043,-0.07361785249942798,-0.0559160271714525,0
2024-06-03,7124.4765306122445,29.33569033087741,0.6012904373281813,0.7028218632270615,0.02723636338776103,0.10085421588718901,0
2024-06-04,7083.422448979592,29.82441246446228,0.48872213358487215,-0.11256830374330917,0.17920222072311986,0.15196585733535883,0
2024-06-05,6943.222448979593,30.003695872985784,0.17928340852350289,-0.30943872506136927,0.29809057459764077,0.1188883538745209,0
2024-06-06,6974.481632653062,30.36913189697849,0.36543602399270725,0.18615261546920436,0.3066401155060774,0.008549540908436626,0
2024-06-07,6987.808163265306,30.743439575779576,0.3743076788010846,0.008871654808377372,0.40180793644606894,0.09516782093999154,0
2024-06-10,7050.437755102041,30.962880581818972,0.2194410060393963,-0.1548666727616883,0.3254380501883105,-0.07636988625775842,0
2024-06-11,7063.859183673469,31.295729704446845,0.3328491226278736,0.11340811658847727,0.2942634479969115,-0.031174602191399003,0
2024-06-12,7025.419387755101,30.800082656914032,-0.4956470475328132,-0.8284961701606868,0.15927735678565114,-0.13498609121126037,0
2024-06-13,7018.813265306123,30.76819918104138,-0.03188347587265383,0.46376357166015936,0.07981345681257679,-0.07946389997307435,0
2024-06-14,7028.0867346938785,31.36236293895798,0.5941637579166006,0.6260472337892544,0.12378467263567927,0.04397121582310248,0
2024-06-17,6893.128571428571,30.923761785708503,-0.4386011532494756,-1.0327649111660762,-0.007823759222088,-0.13160843185776727,0
2024-06-18,6931.492857142857,31.872214501112207,0.9484527154037039,1.3870538686531795,0.11529695933307238,0.12312071855516038,0
2024-06-19,6930.599999999999,31.92620446748263,0.053989966370423303,-0.8944627490332806,0.22522436211371755,0.10992740278064517,0
2024-06-20,6937.075510204083,31.896188912684565,-0.030015554798065835,-0.08400552116848914,0.22559794632863728,0.00037358421491973104,0
2024-06-21,6953.711224489796,31.72547039270442,-0.1707185199801451,-0.14070296518207925,0.07262149074928814,-0.15297645557934914,0
2024-06-24,6970.832653061226,31.75429373084107,0.02882333813665028,0.19954185811679537,0.16610638902650976,0.09348489827722162,0
2024-06-25,6992.046938775511,31.997867448252496,0.24357371741142586,0.21475037927477558,0.025130589428062677,-0.14097579959844708,0
2024-06-26,7089.167346938774,32.64095163486131,0.6430841866088137,0.39951046919738786,0.14294943347573508,0.1178188440476724,0
2024-06-27,6991.352040816329,32.73174836736737,0.0907967325060639,-0.5522874541027498,0.16711189093656031,0.024162457460825237,0
2024-06-28,7034.502040816328,32.434445157542,-0.2973032098253725,-0.3880999423314364,0.14179495296751554,-0.025316937969044773,0
2024-07-01,7039.474489795916,32.527833228534114,0.09338807099211266,0.39069128081748516,0.1547078995386073,0.012912946571091766,0
2024-07-02,7114.921428571428,32.45185486203073,-0.07597836650338508,-0.16936643749549773,0.09079748275564725,-0.06391041678296006,0
2024-07-03,7210.7357142857145,32.70267012515067,0.2508152631199394,0.3267936296233245,0.01234369805787594,-0.07845378469777131,0
2024-07-04,7261.984693877552,32.91339604839477,0.21072592324410522,-0.040089339875834185,0.03632953620547852,0.02398583814760258,0
2024-07-05,7246.626530612245,33.21789879273463,0.3045027443398567,0.09377682109575147,0.15669072703852294,0.12036119083304442,0
2024-07-08,7239.86530612245,31.914367848468927,-1.3035309442657024,-1.608033688605559,-0.1226930760130358,-0.27938380305155874,0
2024-07-09,7359.656122448979,32.07559599704718,0.16122814857825318,1.4647590928439556,-0.07525177299670816,0.04744130301632765,1
2024-07-10,7392.643877551021,32.054718537465774,-0.0208774595814063,-0.18210560815965948,-0.12959031753698014,-0.05433854454027198,1
2024-07-11,7477.457142857144,31.947974600935808,-0.10674393652996628,-0.08586647694855998,-0.19308428949179302,-0.06349397195481288,1
2024-07-12,7276.920408163263,32.04922167852333,0.10124707758752294,0.20799101411748921,-0.23373542284225834,-0.04065113335046533,1
2024-07-16,7286.979591836734,31.440538863595076,-0.6086828149282546,-0.7099298925157775,-0.09476579697477305,0.1389696258674853,1
2024-07-17,7238.768367346939,31.11007882838033,-0.3304600352147453,0.2782227797135093,-0.1931034337333699,-0.09833763675859686,1
2024-07-18,6995.75918367347,30.771638161030857,-0.33844066734947376,-0.007980632134728438,-0.2566160752869777,-0.06351264155360781,1
2024-07-19,6979.383673469386,31.03344429145337,0.26180613042251366,0.6002467977719874,-0.18290606189648884,0.07371001339048888,1
2024-07-22,6858.4,30.62608628641741,-0.40735800503595954,-0.6691641354584732,-0.2846270784211882,-0.10172101652469934,1
2024-07-23,6833.243877551021,30.75542062978686,0.12933434336945027,0.5366923484054098,-0.13702364676163725,0.14760343165955092,1
2024-07-24,6755.401020408164,30.51451334196845,-0.24090728781841264,-0.3702416311878629,-0.11911309728237995,0.0179105494792573,1
2024-07-25,6518.178571428572,30.659760953279577,0.1452476113111274,0.38615489912954004,-0.02237544155025617,0.09673765573212378,1
2024-07-26,6500.804081632654,32.04934738388515,1.389586430605572,1.2443388192944447,0.20318061848635693,0.2255560600366131,1
2024-07-29,6636.57244897959,31.348191160034496,-0.7011562238506528,-2.090742654456225,0.1444209747234133,-0.058759643762943625,1
2024-07-30,6635.301020408163,32.603165850238874,1.254974690204378,1.9561309140550307,0.36954904409040523,0.22512806936699192,1
2024-07-31,6749.5112244897955,32.68786079470904,0.08469494447016501,-1.170279745734213,0.4346694905481172,0.06512044645771198,1
2024-08-01,6551.783673469387,32.55736883019547,-0.13049196451356693,-0.21518690898373194,0.37952157538317977,-0.055147915164937444,1
2024-08-02,6152.327551020408,34.327914105394,1.7705452751985291,1.901037239712096,0.45571334430176336,0.07619176891858359,1
2024-08-05,5412.480612244899,39.30871505893861,4.980800953544609,3.21025567834608,1.5921047797808328,1.1363914354790694,0
2024-08-06,5984.455102040816,56.647145253833926,17.338430194895317,12.357629241350708,4.8087958807190105,3.216691100938178,0
2024-08-07,6103.558163265307,60.81175175881539,4.164606504981464,-13.173823689913853,5.6247781928212675,0.8159823121022569,0
2024-08-08,6059.822448979591,60.417651749936255,-0.39410000887913554,-4.558706513860599,5.572056583948161,-0.05272160887310662,0
2024-08-09,6076.165306122449,60.112461294116514,-0.3051904558197407,0.08890955305939485,5.156909437744503,-0.4151471462036582,0
2024-08-13,6280.062244897959,59.80117913811258,-0.3112821560039336,-0.006091700184192916,4.098492815834788,-1.0584166219097142,0
2024-08-14,6336.875510204082,59.9794819328127,0.178302794700123,0.4895849507040566,0.6664673357957582,-3.43202548003903,0
2024-08-15,6362.2959183673465,59.92479562738712,-0.054686305425583726,-0.23298910012570673,-0.17739122628565696,-0.8438585620814152,0
2024-08-16,6589.4948979591845,59.77955612362686,-0.14523950376025851,-0.09055319833467479,-0.12761912526188013,0.04977210102377683,0
2024-08-19,6469.255102040817,60.072025227073496,0.2924691034466349,0.4377086072068934,-0.008087213408600746,0.11953191185327938,0
2024-08-20,6579.169387755103,59.7073536480428,-0.36467157903069847,-0.6571406824773334,-0.01876509801395798,-0.010677884605357235,0
2024-08-21,6560.944897959184,59.65388705694847,-0.0534665910943275,0.31120498793637097,-0.06511897517284382,-0.04635387715888584,0
2024-08-22,6578.491836734694,59.63282488465397,-0.02106217229449925,0.03240441879982825,-0.05839414854663261,0.006724826626211211,0
2024-08-23,6605.919387755103,59.49149155914903,-0.14133332550493805,-0.1202711532104388,-0.05761291289556425,0.0007812356510683571,1
2024-08-26,6552.711224489795,59.60154503606843,0.11005347691939704,0.2513868024243351,-0.09409603820100898,-0.03648312530544473,1
2024-08-27,6556.490816326532,59.80535657891789,0.2038115428494578,0.09375806593006075,0.019600586175009482,0.11369662437601846,1
2024-08-28,6575.496938775511,60.07985294728607,0.27449636836818314,0.07068482551872535,0.08519317806752724,0.06559259189251776,1
2024-08-29,6571.424489795921,60.1743997812691,0.09454683398303132,-0.17994953438515182,0.10831497932301914,0.023121801255491903,1
2024-08-30,6604.145918367348,60.33747632341378,0.1630765421446796,0.06852970816164827,0.16919695285294978,0.06088197352993063,1
2024-09-02,6575.9571428571435,60.22710797080053,-0.11036835261324995,-0.27344489475792955,0.1251125869464218,-0.04408436590652798,1
2024-09-03,6552.450000000001,60.21413312957999,-0.012974841220540156,0.0973935113927098,0.0817553101324151,-0.043357276814006696,1
2024-09-04,6272.340816326532,60.47678878388879,0.26265565430880145,0.2756304955293416,0.0793871673205544,-0.0023681428118607073,0
2024-09-05,6202.400000000001,61.39128854792724,0.914499764038446,0.6518441097296446,0.2433777533316217,0.1639905860110673,0
2024-09-06,6114.764285714285,61.4652312785098,0.07394273058255862,-0.8405570334558874,0.22555099101921172,-0.017826762312409983,0
2024-09-09,6069.111224489795,61.92225902611164,0.45702774760184184,0.3830850170192832,0.33903021106221587,0.11347922004300415,0
2024-09-10,6039.28775510204,62.14171148477113,0.21945245865948948,-0.23757528894235236,0.3855156710382346,0.04648545997601872,0
2024-09-11,5951.998979591835,62.04888562680738,-0.09282585796374576,-0.31227831662323524,0.3144193685837138,-0.07109630245452081,0
2024-09-12,6138.027551020407,62.22620974642408,0.17732411961669925,0.270149977580445,0.16698423969936727,-0.1474351288843465,0
2024-09-13,6107.107142857143,62.70427554717124,0.4780658007471601,0.30074168113046085,0.24780885373228756,0.0808246140329203,0
2024-09-17,6047.720408163265,62.71053647838456,0.006260931213319054,-0.47180486953384104,0.15765549045458727,-0.0901533632777003,0
2024-09-18,6075.281632653062,62.5823919538506,-0.1281445245339583,-0.13440545574727736,0.08813609381589771,-0.06951939663868956,0
2024-09-19,6208.55918367347,62.48027749535618,-0.10211445849442669,0.02603006603953162,0.086278373709753,-0.0018577201061447113,0
2024-09-20,6322.817346938776,62.64011433202683,0.15983683667065662,0.2619512951650833,0.08278091712054447,-0.003497456589208525,0
2024-09-24,6352.138775510205,62.68841812903575,0.04830379700891996,-0.11153303966173667,-0.0031714836270921865,-0.08595240074763666,0
2024-09-25,6355.364285714285,62.63927019270117,-0.049147936334584585,-0.09745173334350454,-0.01425325713668002,-0.011081773509587833,0
2024-09-26,6546.483673469388,62.49298147189714,-0.14628872080403,-0.09714078446944541,-0.017882096390692936,-0.0036288392540129166,0
2024-09-27,6696.554081632654,62.67527334404264,0.18229187214549825,0.32858059294952824,0.03899916973729489,0.05688126612798783,0
2024-09-30,6389.90612244898,62.37559724778103,-0.2996760962616065,-0.48196796840710476,-0.052903416849162,-0.09190258658645689,0
2024-10-01,6503.791836734695,62.79197675184432,0.4163795040632863,0.7160556003248928,0.020711724561714107,0.0736151414108761,0
2024-10-02,6365.3051020408175,62.95900987494979,0.16703312310547602,-0.24934638095781025,0.06394793644972196,0.04323621188800786,0
2024-10-03,6486.7928571428565,63.01303296273375,0.05402308778396048,-0.11301003532151555,0.10401029816732432,0.04006236171760236,0
2024-10-04,6501.7734693877555,63.2395744304353,0.22654146770154426,0.1725183799175838,0.11286021727853779,0.008849919111213467,0
2024-10-07,6568.407142857143,63.17284582935845,-0.06672860107684642,-0.2932700687783907,0.15944971631547133,0.046589499036933546,0
2024-10-08,6468.001020408165,63.181717654988766,0.0088718256303153,0.07560042670716172,0.0779481806289084,-0.08150153568656293,0
2024-10-09,6539.318367346938,63.25228530800388,0.07056765301511092,0.06169582738479562,0.058655086610812646,-0.019293094018095758,0
2024-10-10,6538.331632653061,63.31191828051792,0.05963297251404498,-0.010934680501065941,0.059777063556829546,0.0011219769460169005,0
2024-10-11,6549.727551020409,63.29368624928967,-0.018232031228251344,-0.07786500374229632,0.01082236377087753,-0.048954699785952016,0
2024-10-15,6590.359183673469,63.172830613182654,-0.12085563610701655,-0.1026236048787652,-3.0432351536546776e-06,-0.010825407006031185,0
2024-10-16,6421.724489795918,63.156956964181006,-0.015873649001648005,0.10498198710536855,-0.004952138161563369,-0.004949094926409714,0
2024-10-17,6362.321428571428,63.20376596367281,0.04680899949180173,0.06268264849344973,-0.009703868866210996,-0.004751730704647628,0
2024-10-18,6421.756122448979,63.14832774170876,-0.05543822196404591,-0.10224722145584764,-0.032718107761830595,-0.0230142388956196,0
2024-10-21,6454.557142857141,63.13081268268771,-0.01751505902105066,0.03792316294299525,-0.032574713320400406,0.0001433944414301891,0
2024-10-22,6359.095918367348,63.07967114728081,-0.0511415354068987,-0.033626476385848036,-0.018631893180362624,0.013942820140037782,0
2024-10-23,6297.686734693878,63.1089683688664,0.029297221585586897,0.0804387569924856,-0.00959771906292417,0.009034174117438454,0
2024-10-24,6294.195918367348,63.00688058400451,-0.10208778486188663,-0.13138500644747353,-0.03937707593365758,-0.02977935687073341,0
2024-10-25,6267.867346938776,63.05263490439901,0.045754320394493675,0.1478421052563803,-0.01913856746194398,0.0202385084717136,0
2024-10-28,6396.35306122449,63.10398345041628,0.05134854601727312,0.005594225622779447,-0.005365846454289169,0.013772721007654809,0
2024-10-29,6450.998979591837,63.205510240350215,0.10152678993393494,0.05017824391666181,0.025167818613873294,0.030533665068162463,0
2024-10-30,6571.308163265306,63.22482047141615,0.01931023106593699,-0.08221655886799795,0.023170420509963208,-0.0019973981039100863,0
2024-10-31,6542.030612244898,63.239460474089256,0.01464000267310439,-0.004670228392832598,0.04651597801694152,0.02334555750697831,0
2024-11-01,6358.8877551020405,62.91276975280252,-0.32669072128673804,-0.34133072395984243,-0.027973030319301984,-0.0744890083362435,0
2024-11-05,6470.044897959183,62.47048306413961,-0.4422866886629109,-0.11559596737617284,-0.12670007725533594,-0.09872704693603396,0
2024-11-06,6606.864285714287,62.14443363451164,-0.32604942962796457,0.1162372590349463,-0.21221532116771158,-0.08551524391237564,0
2024-11-07,6549.6693877551015,61.897790401481416,-0.24664323303022684,0.07940619659773773,-0.2654060139869401,-0.0531906928192285,0
2024-11-08,6559.677551020409,61.62643532248874,-0.2713550789926771,-0.02471184596245024,-0.322605030320112,-0.057199016333171926,0
2024-11-11,6533.209183673469,61.47369265651661,-0.15274266597212716,0.11861241302054992,-0.28781541925718557,0.03478961106292644,0
2024-11-12,6506.706122448981,61.19744823951552,-0.27624441700108804,-0.12350175102896088,-0.25460696492481105,0.033208454332374515,0
2024-11-13,6394.996938775511,61.25440035799317,0.05695211847764625,0.3331965354787343,-0.1780066553036903,0.07660030962112074,0
2024-11-14,6350.967346938774,61.264145097872806,0.0097447398796362,-0.04720737859801005,-0.12672906072172196,0.051277594581968344,0
2024-11-15,6415.505102040817,61.21686937549989,-0.04727572237291611,-0.057020462252552306,-0.08191318939778114,0.044815871323940826,0
2024-11-18,6360.36020408163,61.14250805871284,-0.07436131678704783,-0.02708559441413172,-0.06623691956075106,0.015676269837030077,0
2024-11-19,6381.74081632653,61.05276210558812,-0.08974595312471934,-0.015384636337671509,-0.028937226785465953,0.03729969277528511,0
2024-11-20,6356.422448979592,61.03788258987773,-0.014879515710390478,0.07486643741432886,-0.04330355362309746,-0.014366326837631505,0
2024-11-21,6330.978571428572,60.75564766040619,-0.2822349294715423,-0.2673554137611518,-0.10169948749332747,-0.05839593387023001,0
2024-11-22,6355.24693877551,60.73244590124189,-0.02320175916430145,0.2590331703072408,-0.09688469485159601,0.004814792641731458,0
2024-11-25,6443.604081632655,61.04947848819875,0.31703258695686287,0.3402343461211643,-0.018605914102820975,0.07827878074877503,0
2024-11-26,6368.684693877552,60.79156999564712,-0.2579084925516284,-0.5749410795084913,-0.05223842198819284,-0.033632507885371865,0
2024-11-27,6297.219387755102,60.86022701124317,0.06865701559604531,0.3265655081476737,-0.03553111572691847,0.01670730626127437,0
2024-11-28,6342.914285714285,60.97089431124644,0.11066730000327141,0.042010284407226095,0.04304933016805279,0.07858044589497126,0
2024-11-29,6292.72448979592,61.12968011537033,0.15878580412388743,0.048118504120616024,0.07944684282568915,0.036397512657636355,0
2024-12-02,6361.351020408162,60.03357380569762,-1.096106309672706,-1.2548921137965934,-0.20318093650022462,-0.28262777932591376,0
2024-12-03,6495.19693877551,47.621840176134334,-12.411733629563287,-11.31562731989058,-2.633945963902569,-2.4307650274023445,0
2024-12-04,6463.006122448981,38.1966524585584,-9.425187717575938,2.986545911987349,-4.532714910536946,-1.8987689466343767,0
2024-12-05,6452.884693877551,38.36757637877277,0.17092392021437064,9.596111637790308,-4.520663586494734,0.01205132404221132,0
2024-12-06,6406.681632653062,38.65953789780114,0.2919615190283693,0.12103759881399867,-4.494028443513834,0.02663514298090064,0
2024-12-09,6392.4571428571435,39.051288347038735,0.3917504492375983,0.09978893020922897,-4.19645709173178,0.29757135178205374,0
2024-12-10,6427.594897959184,38.01372843759611,-1.0375599094426278,-1.429310358680226,-1.9216223477076468,2.274834744024133,0
2024-12-11,6407.320408163266,37.75571400929435,-0.258014428301756,0.7795454811408717,-0.08818768985280911,1.8334346578548377,0
2024-12-12,6458.006122448979,37.916493978265976,0.1607799689716245,0.4187943972733805,-0.09021648010136119,-0.0020287902485520704,0
2024-12-13,6379.438775510204,36.68861711321654,-1.2278768650494385,-1.388656834021063,-0.3941841569169213,-0.30396767681556014,0
2024-12-16,6384.467346938776,36.42449631386762,-0.2641207993489161,0.9637560657005224,-0.5253584066342185,-0.1311742497172972,0
2024-12-17,6382.826530612245,36.275735196632965,-0.14876111723465613,0.11535968211425995,-0.34759864819262276,0.17775975844159575,0
2024-12-18,6374.686734693877,36.31485479703237,0.03911960039940254,0.18788071763405867,-0.2881718424523996,0.05942680574022319,0
2024-12-19,6342.5081632653055,36.38118703748729,0.06633224045491914,0.0272126400555166,-0.3070613881557449,-0.018889545703345334,0
2024-12-20,6308.568367346938,36.343854597198366,-0.03733244028892102,-0.10366468074384017,-0.06895250320363289,0.23810888495211202,0
2024-12-23,6369.690816326532,36.28338759850665,-0.0604669986917159,-0.02313455840279488,-0.028221743072187166,0.04073076013144572,0
2024-12-24,6359.243877551021,36.358799595382685,0.07541199687603495,0.13587899556775085,0.016612879749935416,0.04483462282212258,0
2024-12-25,6373.447959183673,36.23880018023055,-0.11999941515213663,-0.19541141202817158,-0.015210923360356787,-0.031823803110292204,0
2024-12-26,6436.079591836735,36.2544835052482,0.01568332501765468,0.13568274016979132,-0.02534070644782105,-0.010129783087464261,0
2024-12-27,6524.816326530612,36.57318031936308,0.3186968141148796,0.3030134890972249,0.04586514443294476,0.07120585088076581,0
2024-12-30,6471.796938775511,37.03905815834155,0.46587783897846435,0.14718102486358475,0.15113411196698223,0.10526896753403747,0
2025-01-06,6395.477551020409,37.26713027910861,0.22807212076706662,-0.23780571821139773,0.18166613674518572,0.030532024778203493,0
2025-01-07,6531.845918367348,34.7189842509867,-2.548146028121913,-2.7762181488889794,-0.30396318584877235,-0.4856293225939581,0
2025-01-08,6516.54693877551,34.844546574042305,0.125562323055604,2.673708351177517,-0.2819873862411768,0.021975799607595548,0
2025-01-09,6426.410204081632,34.717100005065454,-0.12744656897685047,-0.25300889203245447,-0.37121606285952424,-0.08922867661834744,0
2025-01-10,6375.245918367346,34.97971184414848,0.26261183908302854,0.390058408059879,-0.41186926283862135,-0.04065319997909711,0
2025-01-14,6251.807142857143,35.17076685901763,0.1910550148691499,-0.07155682421387866,-0.4192726840181962,-0.007403421179574821,0
2025-01-15,6265.15306122449,34.390036367750554,-0.7807304912670787,-0.9717855061362286,-0.06578957664722651,0.35348310737096966,0
2025-01-16,6281.85306122449,33.027154673622285,-1.3628816941282693,-0.5821512028611906,-0.363478380084004,-0.2976888034367775,0
2025-01-17,6275.275510204082,32.77123627812581,-0.25591839549647233,1.106963298631797,-0.38917274538793123,-0.025694365303927214,0
2025-01-20,6358.131632653061,33.00580264868939,0.2345663705635772,0.49048476606004954,-0.39478183909181297,-0.00560909370388174,0
2025-01-21,6398.1693877551015,33.36822469784715,0.36242204915775744,0.12785567859418023,-0.36050843223410567,0.0342734068577073,0
2025-01-22,6515.233673469388,32.41913477254784,-0.9490899252993046,-1.311511974457062,-0.3941803190405295,-0.033671886806423856,0
2025-01-23,6534.77448979592,32.19251722428185,-0.2266175482659918,0.7224723770333128,-0.16692748986809391,0.2272528291724356,0
2025-01-24,6519.872448979592,32.39459003664524,0.20207281236339014,0.42869036062938193,-0.07532924829611432,0.0915982415719796,0
2025-01-27,6505.236734693877,32.60695545614344,0.2123654194981981,0.010292607134807952,-0.07976943850918872,-0.004440190213074402,0
2025-01-28,6471.197959183673,31.038769320699156,-1.5681861354442823,-1.7805515549424804,-0.46589107542959596,-0.38612163692040724,0
2025-01-29,6502.339795918368,30.890947034578662,-0.14782228612049408,1.4203638493237882,-0.305637547593836,0.16025352783575997,0
2025-01-30,6483.783673469387,26.935411552371782,-3.95553548220688,-3.807713196086386,-1.0514211343820143,-0.7457835867881784,0
2025-01-31,6494.543877551021,26.1077899767421,-0.8276215756296814,3.1279139065771986,-1.2573600119806265,-0.20593887759861218,0
2025-02-03,6290.113265306123,25.32407318486716,-0.7837167918749408,0.043904783754740606,-1.4565764542552593,-0.19921644227463275,0
2025-02-04,6311.941836734693,26.81702404612018,1.4929508612530213,2.276667653127962,-0.8443490549157957,0.6122273993394636,0
2025-02-05,6309.369387755103,26.6062595258676,-0.21076452025258163,-1.703715381505603,-0.856937501742209,-0.012588446826413247,0
2025-02-06,6348.5520408163275,25.72640052297216,-0.8798590028954401,-0.6690944826428584,-0.24180220587992807,0.6151352958622809,0
2025-02-07,6323.164285714285,24.56000218687021,-1.166398336101949,-0.28653933320650893,-0.3095575579743759,-0.06775535209444783,0
2025-02-10,6321.013265306122,24.471933706050987,-0.08806848081922425,1.0783298552827247,-0.17042789576323614,0.13912966221113976,0
2025-02-12,6345.041836734694,24.301804447518904,-0.17012925853208216,-0.08206077771285791,-0.5030439197202554,-0.3326160239570193,0
2025-02-13,6411.838775510205,24.14660995950411,-0.15519448801479285,0.014934770517289309,-0.49192991327269553,0.011114006447559888,0
2025-02-14,6335.5112244897955,24.970556175012483,0.8239462155083714,0.9791407035231643,-0.1511688695919382,0.3407610436807573,0
2025-02-17,6351.663265306122,24.66404215835669,-0.30651401665579314,-1.1304602321641646,0.020807994297296517,0.17197686388923472,0
2025-02-18,6371.233673469388,24.263711396907333,-0.4003307614493572,-0.09381674479356406,-0.041644461828731494,-0.06245245612602801,0
2025-02-19,6342.071428571428,24.22343259816993,-0.04027879873740403,0.36005196271195317,-0.015674369869795868,0.025970091958935626,0
2025-02-20,6260.010204081633,24.27486447383001,0.05143187566008223,0.09171067439748626,0.02565090286518057,0.04132527273497644,0
2025-02-21,6273.613265306123,24.222646692322023,-0.05221778150798784,-0.10364965716807006,-0.14958189653809129,-0.17523279940327185,0
2025-02-25,6204.018367346939,24.234715186831373,0.012068494509350103,0.06428627601733794,-0.08586539430506335,0.06371650223302794,0
2025-02-26,6167.309183673468,23.425449275130177,-0.8092659117011962,-0.8213344062105463,-0.16765242435543115,-0.0817870300503678,0
2025-02-27,6202.691836734694,23.070911992383877,-0.3545372827462998,0.4547286289548964,-0.2305041211572103,-0.06285169680177916,0
2025-02-28,6007.4887755102045,22.65648705731581,-0.414424935068066,-0.05988765232176618,-0.32367548330283924,-0.09317136214562893,0
2025-03-03,6114.15,23.334310391607143,0.6778233342913325,1.0922482693593984,-0.17766726014297873,0.1460082231598605,0
2025-03-04,6069.495918367346,24.22695445622453,0.8926440646173859,0.21482073032605342,-0.0015521461213694465,0.1761151140216093,0
2025-03-05,6084.268367346939,24.391543900092103,0.16458944386757324,-0.7280546207498126,0.19321892499239013,0.19477107111375958,0
2025-03-06,6098.355102040817,23.83806296473406,-0.5534809353580421,-0.7180703792256153,0.1534301944700367,-0.03978873052235343,0
2025-03-07,6003.090816326531,23.85480769663637,0.016744731902310406,0.5702256672603525,0.23966412786410984,0.08623393339407315,0
2025-03-10,6062.655102040817,23.704602378592448,-0.15020531804392334,-0.16695004994623375,0.07405839739706366,-0.16560573046704619,0
2025-03-11,6022.222448979591,23.757036680005044,0.052434301412596085,0.20263961945651943,-0.09398355524389856,-0.16804195264096222,0
2025-03-12,6023.523469387755,24.3051674196071,0.5481307396020547,0.49569643818945863,-0.017275296097000847,0.07670825914689772,0
2025-03-13,6024.444897959183,24.507152217768198,0.20198479816109938,-0.34614594144095534,0.1338178506068246,0.15109314670382545,0
2025-03-14,6067.911224489795,24.489678189717736,-0.0174740280504615,-0.21945882621156088,0.12697409861627307,-0.006843751990551539,0
2025-03-17,6104.815306122449,23.870907002483875,-0.618771187233861,-0.6012971591833995,0.03326092477828624,-0.09371317383798683,0
2025-03-18,6171.602040816327,24.440119995479712,0.5692129929958369,1.187984180229698,0.13661666309493725,0.10335573831665101,0
2025-03-19,6154.245918367348,25.07462915000448,0.6345091545247676,0.0652961615289307,0.153892346079477,0.017275682984539742,1
2025-03-21,6145.00918367347,25.03551632969304,-0.039112820311441254,-0.6736219748362089,0.10567282238496745,-0.04821952369450955,1
2025-03-24,6127.129591836734,24.804396094900863,-0.2311202347921757,-0.19200741448073444,0.0629435810366239,-0.04272924134834355,1
2025-03-25,6173.032653061224,24.84528345312829,0.04088735822742606,0.27200759301960176,0.19487529012888416,0.13193170909226026,1
2025-03-26,6222.323469387755,24.76205429155431,-0.08322916157397842,-0.12411651980140448,0.06438685921491683,-0.13048843091396733,1
2025-03-27,6200.913265306122,24.86913107315633,0.10707678160201795,0.19030594317599636,-0.04109961536963169,-0.10548647458454852,1
2025-03-28,6061.368367346939,24.741832050374487,-0.12729902278184113,-0.23437580438385908,-0.05873685586371025,-0.017637240494078554,1
2025-03-31,5801.938775510204,26.05001659736906,1.3081845469945712,1.4354835697764123,0.24912410049364198,0.3078609563573522,1
2025-04-01,5807.031632653061,30.25955718908997,4.209540591720913,2.9013560447263416,1.0828547471923393,0.8337306466986973,1
2025-04-02,5821.731632653061,30.11356989191551,-0.1459872971744609,-4.355527888895374,1.0703031200722357,-0.012551627120103603,1
2025-04-03,5636.167346938774,30.019686210270304,-0.093883681645206,0.05210361552925491,1.0301110274227945,-0.040192092649441236,1
2025-04-04,5500.631632653061,31.251756702721483,1.2320704924511787,1.3259541740963847,1.3019849304693984,0.27187390304660397,1
2025-04-07,5065.341836734693,31.113428347060108,-0.13832835566137547,-1.3703988481125542,1.0126823499382098,-0.2893025805311886,0
2025-04-08,5362.937755102041,43.06050169148809,11.947073344427984,12.08540170008936,2.5601889004796234,1.5475065505414136,0
2025-04-09,5148.435714285713,47.096851500196834,4.036349808708742,-7.910723535719242,3.396656321656266,0.8364674211766427,0
2025-04-10,5614.738775510203,48.43508634014534,1.3382348399485053,-2.698114968760237,3.683080025975009,0.286423704318743,0
2025-04-11,5423.924489795918,55.06680494757495,6.631718607429612,5.293483767481106,4.763009648970694,1.0799296229956852,0
2025-04-14,5473.860204081633,55.731648720793146,0.6648437732181947,-5.966874834211417,4.923644074746612,0.16063442577591758,0
2025-04-15,5521.30918367347,55.64997773411455,-0.08167098667859563,-0.7465147598967903,2.5178952085252817,-2.40574886622133,0
2025-04-16,5468.810204081632,55.45207349271524,-0.19790424139930707,-0.11623325472071144,1.6710443985036818,-0.8468508100215999,0
2025-04-17,5523.9571428571435,55.29176725171687,-0.16030624099837354,0.03759800040093353,1.371336182314316,-0.29970821618936583,0
2025-04-18,5566.8,55.44995360224684,0.15818635052997365,0.3184925915283472,0.07662973093437131,-1.2947064513799447,0
2025-04-21,5503.680612244898,55.44863820997725,-0.001315392269596316,-0.15950174279956997,-0.056602102163175516,-0.13323183309754683,0
2025-04-22,5492.860204081633,55.53653768811007,0.08789947813282595,0.08921487040242226,-0.022688009200898307,0.03391409296227721,0
2025-04-23,5591.359183673469,55.53318058997147,-0.0033570981386006338,-0.09125657627142658,0.01622141945124156,0.038909428652139866,0
2025-04-24,5634.170408163265,55.87212577982805,0.33894518985658095,0.3423022879951816,0.11607170562223246,0.0998502861709909,0
2025-04-25,5765.407142857143,55.217302792273095,-0.654822987554958,-0.993768177411539,-0.046530161994745356,-0.1626018676169778,0
2025-04-28,5797.2387755102045,55.30599804196689,0.08869524969379228,0.7435182372487503,-0.0285280336020719,0.018002128392673455,0
2025-04-30,5815.910204081632,54.94772388877189,-0.3582741531949978,-0.44696940288879006,-0.11776275986763807,-0.08923472626556617,0
2025-05-01,5904.012244897959,54.483267733137815,-0.4644561556340747,-0.10618200243907694,-0.20998257136673004,-0.09221981149909197,0
2025-05-02,5947.121428571428,53.891668476045695,-0.5915992570921205,-0.12714310145804575,-0.39609146075646606,-0.18610888938973602,0
2025-05-07,5944.061224489796,53.64550528254479,-0.2461631935009052,0.34543606359121526,-0.31435950194566686,0.0817319588107992,0
2025-05-08,5974.558163265306,53.36517878657443,-0.28032649597035686,-0.03416330246945165,-0.38816385107848106,-0.0738043491328142,0
2025-05-09,6038.495918367348,53.39162565800363,0.02644687142920077,0.30677336739955763,-0.3112196461536527,0.07694420492482834,0
2025-05-12,6079.775510204082,53.32840723305646,-0.06321842494717345,-0.08966529637637422,-0.230972100016281,0.08024754613737173,0
2025-05-13,6177.014285714285,52.91760914699134,-0.410798086065121,-0.3475796611179476,-0.19481186581086973,0.03616023420541126,0
2025-05-14,6212.522448979591,52.51492576555436,-0.40268338143697946,0.008114704628141567,-0.22611590339808885,-0.03130403758721911,0
2025-05-15,6156.879591836734,52.23694313380715,-0.27798263174720717,0.1247007496897723,-0.22564713055345464,0.0004687728446342021,0
2025-05-16,6157.594897959183,52.24736521445369,0.010422080646534937,0.2884047123937421,-0.22885208870999207,-0.0032049581565374297,0
2025-05-19,6109.456122448981,52.179063542459616,-0.068301671994071,-0.07872375264060594,-0.22986873811936448,-0.0010166494093724054,0
2025-05-20,6147.243877551021,52.11600225581703,-0.06306128664258637,0.005240385351484633,-0.1603213782348547,0.06954735988450977,0
2025-05-21,6098.5306122448965,51.89897009757275,-0.21703215824427957,-0.1539708716016932,-0.12319113359632183,0.03713024463853287,0
2025-05-22,6057.424489795918,51.79871521293816,-0.10025488463458743,0.11677727360969214,-0.0876455841737993,0.03554554942252253,0
2025-05-23,6083.697959183673,51.937442821883785,0.1387276089456222,0.23898249358020962,-0.06198447851397759,0.025661105659821715,0
2025-05-26,6130.50918367347,51.92820150264577,-0.009241319238014967,-0.14796892818363716,-0.05017240796277633,0.01181207055120126,0
2025-05-27,6156.206122448981,51.93979406021425,0.011592557568476991,0.020833876806491958,-0.035241639120556556,0.014930768842219777,0
2025-05-28,6154.159183673471,52.17644479387196,0.2366507336577115,0.2250581760892345,0.055494939259837395,0.09073657838039395,0
2025-05-29,6274.308163265307,52.40767745411518,0.2312326602432222,-0.0054180734144892995,0.12179244823541069,0.0662975089755733,0
2025-05-30,6186.541836734694,52.52815427162386,0.12047681750868122,-0.11075584273454098,0.11814228994801113,-0.003650158287399563,0
2025-06-02,6098.553061224489,52.43382818424529,-0.09432608737856896,-0.21480290488725018,0.10112533631990317,-0.017016953628107956,0
2025-06-03,6121.00306122449,52.74557540213058,0.3117472178852836,0.40607330526385255,0.16115626838327302,0.060030932063369846,0
2025-06-04,6121.4795918367345,52.47420709160818,-0.27136831052239785,-0.5831155284076814,0.0595524595472412,-0.10160380883603182,0
2025-06-05,6078.813265306122,52.61205073238033,0.13784364077215372,0.40921195129455157,0.0408746556530275,-0.018677803894213696,0
2025-06-06,6083.617346938776,52.98440663703021,0.3723559046498792,0.2345122638777255,0.09125047308128131,0.05037581742825381,0
2025-06-09,6144.798979591836,53.44185948916597,0.45745285213575926,0.08509694748588004,0.2016062609841356,0.11035578790285427,0
2025-06-10,6173.791836734694,53.715621272324206,0.2737617831582355,-0.18369106897752374,0.19400917403871887,-0.00759708694541672,0
2025-06-11,6203.843877551021,53.80742638044357,0.09180510811936671,-0.1819566750388688,0.2666438577670718,0.07263468372835291,0
2025-06-12,6159.493877551021,53.90685905790963,0.099432677466055,0.00762756934668829,0.2589616651058577,-0.00768219266121406,0
2025-06-13,6070.395918367346,53.82596262759834,-0.08089643031129157,-0.18032910777734656,0.16831119811363493,-0.09065046699222279,0
2025-06-16,6114.282653061224,53.99011625984279,0.16415363224445656,0.24505006255574813,0.10965135413535876,-0.05865984397827617,0
2025-06-17,6151.695918367346,54.55944402150794,0.56932776166515,0.4051741294206934,0.1687645498367516,0.05911319570139284,0
2025-06-18,6217.097959183674,54.60043014011909,0.04098611861114421,-0.5283416430540058,0.15860075193510426,-0.010163797901647342,0
2025-06-19,6122.510204081633,54.69672262280463,0.09629248268554136,0.05530636407439715,0.15797271297898874,-0.0006280389561155175,0
2025-06-20,6104.647959183673,54.70118251020556,0.004459887400933837,-0.09183259528460752,0.17504397652145798,0.01707126354246924,0
2025-06-23,6092.001020408165,54.81491758321035,0.11373507300478991,0.10927518560385607,0.16496026467350333,-0.010083711847954646,0
2025-06-24,6177.712244897958,55.41959168715628,0.6046741039459249,0.490939030941135,0.17202953312967395,0.007069268456170619,0
2025-06-25,6193.939795918367,55.50242179840057,0.08283011124429152,-0.5218439927016334,0.18039833165629204,0.008368798526618093,0
2025-06-26,6277.058163265306,55.53347592330809,0.03105412490752002,-0.051775986336771496,0.16735066010069488,-0.013047671555597162,0
2025-06-27,6380.633673469389,55.292960805719936,-0.2405151175881528,-0.2715692424956728,0.1183556591028676,-0.048995000997827276,0
2025-06-30,6426.182653061223,55.082505966468254,-0.21045483925168185,0.030060278336470958,0.053517676651587465,-0.06483798245128014,0
2025-07-01,6338.554081632654,55.20244265698294,0.11993669051468459,0.33039152976636643,-0.043429806034666285,-0.09694748268625375,0
2025-07-02,6304.453061224489,55.16236286165653,-0.04007979532640604,-0.16001648584109063,-0.06801178734881574,-0.02458198131414946,0
2025-07-03,6327.313265306122,55.11734040834802,-0.045022453308511956,-0.0049426579821059136,-0.08322710299199798,-0.015215315643182237,0
2025-07-04,6323.957142857143,55.15526610231573,0.03792569396770773,0.08294814727621969,-0.02753894068084861,0.05568816231114937,0
2025-07-07,6275.262244897959,55.37024160911204,0.21497550679631416,0.17704981282860643,0.05754712852875343,0.08508606920960204,0
2025-07-08,6298.170408163265,55.41582605641012,0.04558444729807576,-0.1693910594982384,0.04267667988543877,-0.01487044864331466,0
2025-07-09,6304.611224489796,55.47011395762262,0.05428790121250415,0.008703453914428394,0.06155021919321513,0.018873539307776355,0
2025-07-10,6285.58469387755,55.51899194132629,0.048877983703668804,-0.005409917508835349,0.08033030659565554,0.018780087402440415,0
2025-07-11,6292.130612244899,55.57935856298865,0.06036662166236084,0.011488637958692038,0.08481849213458759,0.0044881855389320435,0
2025-07-14,6272.636734693878,55.41140414305175,-0.16795441993690474,-0.22832104159926558,0.008232506787940963,-0.07658598534664662,0
2025-07-15,6324.53469387755,55.34930301309003,-0.062101129961718016,0.10585328997518673,-0.013304608664022055,-0.021537115451963018,0
2025-07-16,6307.301020408163,55.35885774436975,0.00955473127972084,0.07165586124143886,-0.022251242650575875,-0.00894663398655382,0
2025-07-17,6348.191836734694,55.55091141644126,0.19205367207150914,0.1824989407917883,0.0063838950229992975,0.028635137673575173,0
2025-07-18,6292.452040816327,55.6513848619547,0.10047344551344395,-0.09158022655806519,0.014405259793214498,0.0080213647702152,0
2025-07-22,6281.516326530613,55.64707896288164,-0.004305899073060004,-0.10477934458650395,0.04713496396596639,0.032729704172751894,0
2025-07-23,6510.610204081633,55.47229169068584,-0.17478727219580037,-0.17048137312274037,0.02459773551917266,-0.022537228446793733,0
2025-07-24,6632.731632653061,55.79808170164805,0.3257900109622085,0.5005772831580089,0.08784479145565882,0.06324705593648616,0
2025-07-25,6558.655102040817,55.67078081662933,-0.1273008850187196,-0.4530908959809281,0.023973880037608808,-0.06387091141805001,0
2025-07-28,6524.778571428571,54.37373579155796,-1.2970450250713697,-1.16974414005265,-0.2555298140793383,-0.2795036941169471,0
2025-07-29,6453.8877551020405,54.30643077891162,-0.0673050126463437,1.229740012425026,-0.2681296367940078,-0.012599822714669529,0
2025-07-30,6384.288775510204,54.34057144719759,0.03414066828597129,0.10144568093231499,-0.2263440486976478,0.041785588096360016,0
2025-07-31,6458.912244897958,53.58949190745595,-0.7510795397416388,-0.7852202080276101,-0.44171795883843146,-0.21537391014078366,0
2025-08-01,6402.55,53.97454960119052,0.38505769373456644,1.1361372334762052,-0.3392462430877572,0.10247171575067426,0
2025-08-04,6336.8846938775505,46.15446076279412,-7.820088838396394,-8.20514653213096,-1.6438550057527692,-1.304608762665012,0
2025-08-05,6347.508163265306,42.910126965368846,-3.244333797425277,4.575755040971117,-2.279260762708553,-0.6354057569557838,0
2025-08-06,6371.7265306122445,40.59926286749901,-2.310864097869839,0.9334696995554381,-2.7482617159397122,-0.4690009532311592,0
2025-08-07,6396.679591836734,28.66615283311675,-11.933110034382256,-9.622245936512417,-4.984667814867848,-2.2364060989281356,0
2025-08-08,6451.659183673469,25.17309162507023,-3.4930612080465195,8.440048826335737,-5.760291595224061,-0.7756237803562129,0
2025-08-12,6574.767346938775,25.31907447183613,0.14598284676590012,3.6390440548124197,-4.16707725819159,1.593214337032471,0
2025-08-13,6634.934693877551,25.371770654418,0.05269618258186881,-0.09328666418403131,-3.507671262190172,0.6594059960014178,0
2025-08-14,6521.848979591836,25.24848600355033,-0.12328465086767082,-0.17598083344953963,-3.070155372789735,0.4375158894004372,0
2025-08-15,6628.007142857143,25.290194051220947,0.04170804767061753,0.16499269853828835,-0.6751917563791601,2.3949636164105748,0
2025-08-18,6631.645918367346,25.51245160754108,0.2222575563201339,0.18054950864951635,0.0678719964941692,0.7430637528733293,0
2025-08-19,6615.974489795918,24.470866141758123,-1.0415854657829584,-1.2638430221030923,-0.16964166601560038,-0.23751366250976957,0
2025-08-20,6540.995918367348,24.489535462799346,0.018669321041222986,1.0602547868241814,-0.17644703832372954,-0.006805372308129165,0
2025-08-21,6490.785714285715,23.585133558002084,-0.9044019047972611,-0.9230712258384841,-0.332670489109649,-0.15622345078591948,0
2025-08-22,6493.184693877551,23.91632312354292,0.3311895655408357,1.2355914703380968,-0.27477418553560895,0.057896303574040076,0
2025-08-25,6543.66530612245,23.613696307367807,-0.30262681617511333,-0.633816381715949,-0.3797510600346534,-0.10497687449904447,0
2025-08-26,6466.713265306123,23.50104492547795,-0.11265138188985802,0.18997543428525532,-0.19396424325603334,0.18578681677862008,0
2025-08-27,6477.506122448981,24.34018562403417,0.8391406985562213,0.9517920804460793,-0.029869967753032967,0.16409427550300038,0
2025-08-28,6520.360204081633,24.871764424664512,0.5315788006303421,-0.3075618979258792,0.25732617333247987,0.28719614108551283,0
2025-08-29,6497.169387755103,25.281650695053568,0.40988627038905534,-0.12169253024128679,0.27306551430213233,0.01573934096965246,0
