Date,Market_Price,RMT_Raw,RMT_Vel,RMT_Accel,RMT_Zscore,Return,Vol_20,Momentum_10,RSI_14,Target
2017-06-21,1.0455883407388968,37.53806625820762,-0.2523635754223576,0.0369050270009978,-1.4635398281860363,-0.0035475318869074846,0.005750107665615637,0.00625583526072826,60.606267047006135,0
2017-06-22,1.0445849334806243,37.36639919204377,-0.0030143483195672,0.2493492271027904,-1.4758259424014355,-0.0009596580405281108,0.005764582358566804,0.010207592014824574,44.65630302462357,0
2017-06-23,1.0467187066451829,37.30640004661997,-0.0068493147978188,-0.0038349664782515,-1.4740952429946426,0.002042699541384918,0.005561432626808421,0.009696340854972396,49.750440145611876,0
2017-06-26,1.0467854503911802,37.07523560769346,-0.087535957686299,-0.0806866428884802,-1.4946563840578249,6.376473982316888e-05,0.005564723669742856,0.010668481749587011,58.87032379306672,0
2017-06-27,1.0512079035896422,36.51025676896263,-0.1902139873166248,-0.1026780296303258,-1.55841431489956,0.004224794294580114,0.005606615072860519,0.013382894625258768,63.512928463038484,0
2017-06-28,1.026185513428541,36.565365311744536,-0.194540189292617,-0.0043262019759922,-1.5415163688193416,-0.023803464638779248,0.007932506350840737,-0.008568426837734067,43.948112250639284,0
2017-06-29,1.0316810641352252,36.15236591860927,-0.2428066546868947,-0.0482664653942777,-1.585299225770026,0.0053553189309050175,0.007778023385049775,3.362700897957538e-06,46.31604895822,0
2017-06-30,1.0236318903862516,36.2841057404972,-0.204458861224559,0.0383477934623357,-1.5575659168253673,-0.007801998145347988,0.006750004955119234,-0.014309398867838552,41.9077769993966,0
2017-07-03,1.0253848559808993,35.80153854094785,-0.254739413349121,-0.0502805521245619,-1.613151802698218,0.0017124960751138119,0.0067715754608329935,-0.017249276362953148,42.034271837721185,0
2017-07-04,1.0243901439689462,35.851874556972575,-0.1316764423980032,0.1230629709511177,-1.5980397646160327,-0.0009700865057165053,0.006619261812860062,-0.023749550853604307,42.76256079166099,0
2017-07-05,1.0314542236898807,35.48364678106516,-0.2163437061358877,-0.0846672637378844,-1.638326951782662,0.006895888019348817,0.006834903825096862,-0.01351786023075563,49.85563045541662,0
2017-07-06,1.0280528256700734,34.65924775178955,-0.2986236333639382,-0.0822799272280505,-1.7391776214328645,-0.0032976722976995054,0.00678910132139549,-0.015826485028330728,42.94146791674227,0
2017-07-07,1.0237532381998524,34.77852569456506,-0.3011160091864227,-0.0024923758224844,-1.7136778594858506,-0.004182263170590006,0.006808909061468247,-0.021940439489169572,36.620775511257676,0
2017-07-10,1.0286651728481997,34.83885698849427,-0.1925363104907163,0.1085796986957063,-1.6960869042723032,0.004797967386148905,0.006914286363924855,-0.01731040256263494,35.730266258702855,0
2017-07-11,1.036323609322691,34.33320109204983,-0.3037346929845483,-0.111198382493832,-1.7523754178667557,0.007445023586524657,0.0071209199849593865,-0.01415922979281703,43.926885377292486,0
2017-07-12,1.0315935399295246,34.70723395181767,-0.1552825658494967,0.1484521271350516,-1.6908326146402075,-0.004564278330258076,0.007178496262687863,0.005270028109162439,41.88071070955329,0
2017-07-13,1.031232245779476,34.75282872523145,0.0187161946883804,0.1739987605378772,-1.6739936945914735,-0.0003502291707577765,0.007141327264893672,-0.00043503595379579263,40.10206783365616,0
2017-07-14,1.0340893392473294,35.136905311966245,0.0716759234802282,0.0529597287918477,-1.6115526495164247,0.0027705625765162,0.007004907254085257,0.010216024880908892,42.16493909051903,0
2017-07-18,1.0297169882614987,35.24405962976225,0.0810405282535953,0.009364604773367,-1.5873398569303931,-0.004228213965548733,0.006960935933411893,0.004224884203556156,36.72925761930006,0
2017-07-19,1.0302108125479503,35.398141476441374,0.2129880768783181,0.1319475486247228,-1.5586565012240534,0.00047957282639887744,0.006807953797154595,0.005682081786195559,53.565842415255716,0
2017-07-20,1.0368810852213017,35.36204102740734,0.1309614151179232,-0.0820266617603948,-1.558003771597572,0.006474667701122483,0.006969435762721242,0.0052613692462348816,54.51256026826786,0
2017-07-21,1.0336273256371624,35.45928872121733,0.141291999197179,0.0103305840792558,-1.5398685688323253,-0.0031380257876387763,0.006995700992525592,0.005422386698325177,59.4614717057095,0
2017-07-24,1.0258679817629548,33.73252229079215,-0.2808766042348196,-0.4221686034319987,-1.7737199648544826,-0.007506906678792058,0.007137220155646249,0.002065677044226888,50.41062461298919,0
2017-07-25,1.0241290191193444,33.89206894055541,-0.2703981378413616,0.010478466393458,-1.7454309916154784,-0.0016951134790482714,0.007134502967747705,-0.004409747553030696,49.78083406309103,0
2017-07-26,1.0272586070109135,33.51119960344849,-0.3773883745985813,-0.1069902367572197,-1.793725381336061,0.0030558531524282895,0.0070935223395878644,-0.008747269897384835,46.22953462894455,0
2017-07-27,1.0319346536995315,33.13155228544636,-0.4460977483921908,-0.0687093737936095,-1.842345748956344,0.004551966424719778,0.004778797056921994,0.0003306668341778174,53.410343640149954,0
2017-07-28,1.028637203419317,33.14237324344795,-0.4633830955538869,-0.017285347161696,-1.8326399396662716,-0.003195406093198905,0.004683340308753321,-0.002516448036589014,54.367669393585984,0
2017-07-31,1.0269614953263495,32.83887033498184,-0.1787303911620483,0.2846527043918385,-1.8681075020765183,-0.001629056471413981,0.004342643220574164,-0.006892870519454308,48.38281596482306,0
2017-08-01,1.0245381731831518,32.53293349589182,-0.2718270889327243,-0.0930966977706759,-1.9013171550563537,-0.00235970107372685,0.004362002787220058,-0.00502935771419144,37.57834826225787,0
2017-08-02,1.0280585372135673,32.33662068831897,-0.2349157830259045,0.0369113059068197,-1.912744577056332,0.0034360496490610792,0.004422986370408525,-0.0020891601099195523,46.1766709229505,0
2017-08-03,1.021573693635802,32.15866496418467,-0.1945774642523332,0.0403383187735713,-1.9214912701151283,-0.006307854410062874,0.004353931596240585,-0.014762919107770833,40.77553815703249,0
2017-08-04,1.0188315054623134,32.07316420722087,-0.2138418072454229,-0.0192643429930896,-1.9168589332170447,-0.0026842783742101473,0.004335100394446974,-0.014314463064072358,35.39585502449552,0
2017-08-07,1.024231996066029,31.82818507745763,-0.2021370515048346,0.0117047557405882,-1.933831291209102,0.005300670989031753,0.004422141722210198,-0.0015947331684085242,44.85133551246365,0
2017-08-08,1.02185492306356,31.306405608897247,-0.2453055773989128,-0.0431685258940781,-1.988773375262204,-0.0023208345488122673,0.004303293573589444,-0.0022205171548989044,42.42431696867052,0
2017-08-09,1.0111081875890036,31.32673173176653,-0.2019777913104903,0.0433277860884224,-1.9665120786074064,-0.010516889660165618,0.004467897892780753,-0.01572186332797343,28.241860360341875,0
2017-08-10,1.0095758792285658,31.01568915733252,-0.2285951613704355,-0.0266173700599452,-1.991552658327582,-0.0015154741888615542,0.004399323120760658,-0.02166685108481281,29.087308083965425,0
2017-08-14,0.9977884958697836,30.748847121753567,-0.2648634170934549,-0.0362682557230193,-2.0095152585462213,-0.011675579420329707,0.004991034549779481,-0.029989881220500725,27.183194105213644,0
2017-08-15,1.0096957809567142,31.160435027954684,-0.1335500099005919,0.131313407192863,-1.932211391728039,0.011933676461714393,0.005775645851392687,-0.016812426218714815,39.93509080318082,0
2017-08-16,1.0096330703533563,31.57380614149824,0.0534801065201975,0.1870301164207894,-1.8567096002837016,-6.210841378229137e-05,0.005734793325193678,-0.014548118576672153,37.159745968219184,0
2017-08-17,1.0082029147469564,31.54777581001392,0.0442088156494797,-0.0092712908707177,-1.8439361470841211,-0.0014165102633764137,0.005725255095241368,-0.019313708069996882,31.853144096427414,0
2017-08-18,0.9974860175340372,31.485596410286306,0.0939814505907499,0.0497726349412701,-1.8365425884682864,-0.01062970266814689,0.005816723610120531,-0.023578990191139515,28.607148494184045,0
2017-08-21,0.9938781027386856,31.958437508827046,0.2419180774146987,0.1479366268239488,-1.7538293492442103,-0.003617007889765711,0.0058229905593220775,-0.02449217813725213,27.867582443713147,0
2017-08-22,0.9941678464612521,31.463561387146857,0.0606252718384325,-0.1812928055762661,-1.8070551063881468,0.00029152842966162495,0.005690379344599981,-0.02935287095135708,29.085552456943105,0
2017-08-23,0.9973771172420152,31.442108219339502,-0.0263395844317422,-0.0869648562701748,-1.7939545475058185,0.003228097541261743,0.005789521569797441,-0.02395428672806066,28.78039987621443,0
2017-08-24,0.9920151927609423,31.47698213211721,-0.0141587355793433,0.0121808488523988,-1.7733084627248905,-0.005376025164784082,0.005762065429757648,-0.01888323629698685,29.234483276025514,0
2017-08-25,0.9948832823415935,31.630554535620515,0.0289916250668405,0.0431503606461838,-1.736839694653592,0.002891175056169093,0.005678151633907997,-0.014553236848526163,33.2055394669636,0
2017-08-28,0.9958200382036837,31.705941227685987,-0.0504992562282105,-0.079490881295051,-1.7117068713764216,0.0009415736285018905,0.005700384237819621,-0.001972820566931821,28.744462051248632,0
2017-08-29,0.9932994619837766,31.64685699991629,0.0366591225538854,0.0871583787820959,-1.7055825869703367,-0.0025311563567789186,0.005704157238762506,-0.016238870442146114,28.68287558832155,0
2017-08-30,1.000114370120914,31.68982724733284,0.0495438055986703,0.0128846830447848,-1.685429008531496,0.006860879722543123,0.006008250168142319,-0.009427880793475563,41.281103674913275,0
2017-08-31,1.0077360306716323,29.846590314697583,-0.3260783634839299,-0.3756221690826002,-1.925382059456997,0.007620788960163383,0.006245940768758057,-0.0004630854250617933,48.66938510741643,0
2017-09-01,1.0074982167712105,29.981055592625776,-0.3298997885989472,-0.0038214251150172,-1.88869834219638,-0.00023598828778925718,0.006119592346739217,0.010037433168161414,58.430669244835904,0
2017-09-04,0.998925236320069,29.707948208439657,-0.3995986038492596,-0.0696988152503124,-1.908749286778243,-0.008509176798958351,0.006354326274310044,0.005078221934335492,40.07348726618613,0
2017-09-05,0.9928919181658605,29.25230128535378,-0.4789111429125086,-0.0793125390632489,-1.9536261053122432,-0.006039809522116579,0.006271041860525307,-0.0012834133591558272,36.10047029408055,0
2017-09-06,0.9918646709319247,28.621002888706556,-0.6137648717252517,-0.1348537288127431,-2.0214054166824247,-0.0010346012643888125,0.006269142212979792,-0.0055269428331519155,36.34362309089735,0
2017-09-07,0.9943623231635929,28.644731031308496,-0.2403718566778216,0.37339301504743,-1.9985088367491652,0.0025181381138632553,0.0059484369883200895,0.0023660226373329873,46.97315592867959,0
2017-09-08,0.9914440573003589,28.485903835177822,-0.2990303514895913,-0.0586584948117696,-2.0009373015968244,-0.0029348113813779664,0.005965639461391285,-0.003456913089483149,47.609472074802184,0
2017-09-11,1.0032139164068838,28.13054130428525,-0.315481380830878,-0.0164510293412867,-2.0300666215644894,0.011871430384658765,0.00604777242127325,0.0074249140603130925,57.24957779940818,0
2017-09-12,1.0141145527073683,28.692704454398942,-0.1119193661909676,0.2035620146399104,-1.934764418220426,0.010865714801411741,0.005943354655399326,0.020955503873948178,61.9413757898296,0
2017-09-13,1.019961638443937,28.91234410998447,0.0582682442555828,0.1701876104465505,-1.887666866005573,0.0057657053840305394,0.006069538564057356,0.019844998648127943,69.8013982123698,0
2017-09-14,1.0164038707421514,29.035702130077865,0.0781942197538754,0.0199259754982925,-1.8545700785927928,-0.0034881387374658956,0.006121894153620224,0.008601300148752378,65.10078386552807,0
2017-09-15,1.021240300768764,28.021947295583505,-0.092791307918862,-0.1709855276727374,-1.9749751608932584,0.004758374270142474,0.005604837636019227,0.013639809747349796,66.91162007861979,0
2017-09-19,1.042660701741623,28.012713968332324,-0.0235654671905862,0.0692258407282757,-1.958132155032268,0.02097488804225045,0.007014464283719266,0.04378252128524718,76.24033869190077,0
2017-09-20,1.0447282175715962,29.103980527153432,0.0822552145508943,0.1058206817414806,-1.7931714721228516,0.001982922945613863,0.006997603169978807,0.052207393833450855,74.97734285166716,0
2017-09-21,1.0449246050698524,29.05008957947904,0.0275490938989158,-0.0547061206519785,-1.7851120487408343,0.00018797950984095202,0.007014103330400409,0.053495134661943666,72.70826083624894,0
2017-09-22,1.0421662066047825,28.386646107007675,-0.1298112046140396,-0.1573602985129554,-1.8583047168835405,-0.0026398062134688205,0.006880801028134674,0.048074914271792,70.5369485978984,0
2017-09-25,1.0464602548570268,27.92109776075317,-0.0201699069660641,0.1096412976479754,-1.9037167958423764,0.004120310392939697,0.006890043384602082,0.055490975160488176,79.66303313761665,0
2017-09-26,1.0457029490316316,27.806086631116745,-0.0413254674431158,-0.0211555604770516,-1.901488843131516,-0.0007236833141824883,0.00692053301550485,0.042352913899885714,85.27838055867605,0
2017-09-27,1.053979932560087,27.79313481930301,-0.2621691415700837,-0.2208436741269679,-1.885814682653994,0.007915233992712878,0.00691746420459356,0.0393105293147511,87.82960837240302,0
2017-09-28,1.0596462020442075,27.839015353462077,-0.2422148452033994,0.0199542963666843,-1.8631127232879496,0.005376069609178691,0.006881629596434531,0.03890789820371454,88.2818718801079,0
2017-09-29,1.058516280512939,27.91570696766715,-0.0941878278681045,0.1480270173352948,-1.8367408620473271,-0.0010663196160084487,0.006843197273868936,0.041432752258251604,90.17310639164663,0
2017-10-02,1.0571819250492278,28.00525231227139,0.0168309103036463,0.1110187381717509,-1.8086683710507008,-0.0012605904021282255,0.006868414224026204,0.035194091198132105,86.94237252701132,0
2017-10-03,1.064745774007524,27.67405738132469,-0.0264058499584116,-0.043236760262058,-1.836236310015175,0.007154727846812037,0.006434505437230434,0.021181456469022697,86.31731763238588,0
2017-10-04,1.0649249153760112,27.579754778238105,-0.0426760082129824,-0.0162701582545707,-1.8320822777673025,0.0001682480201945502,0.0061058911372325565,0.019332011392743764,85.10629067912274,0
2017-10-05,1.0646392372762918,27.05655540508527,-0.1564919896753593,-0.1138159814623769,-1.8838043735862835,-0.0002682612601081491,0.006078109231472317,0.018867037976507017,89.68898936354645,0
2017-10-06,1.0699240621940949,26.45386223132645,-0.2923689472681374,-0.135876957592778,-1.944033415574149,0.0049639584309548734,0.006080565400567265,0.026634768440384482,89.76451657804357,0
2017-10-10,1.0735725811749648,26.529531922645862,-0.2951440779251086,-0.0027751306569712,-1.914140324996881,0.0034100728358121835,0.005879123829012646,0.02590860588550714,85.57735239521406,0
2017-10-11,1.0748589479907549,26.347980875110583,-0.2652153012428186,0.0299287766822899,-1.918158066127437,0.0011982113164461516,0.005605382926772974,0.027881722037910395,85.3132713870949,0
2017-10-12,1.0766917969313303,26.511268887608527,-0.2136971781259191,0.0515181231168995,-1.8773127411202863,0.0017051994998986686,0.005337080783194931,0.021548668688669448,85.85582382838554,0
2017-10-13,1.0826104313985903,26.29999052747182,-0.1513129755226891,0.0623842026032299,-1.8860743815658243,0.0054970554100333135,0.005330118302623143,0.02167160068151186,92.6098745355787,0
2017-10-16,1.0897303181043796,24.499208785940837,-0.3909306890771233,-0.2396177135544341,-2.0992499273416976,0.006576591633789652,0.005157814456670886,0.029488481345147477,93.02517677338236,0
2017-10-17,1.0930006860053167,24.60077062481027,-0.3857522595671163,0.005178429510007,-2.062563958177915,0.0030010800347612943,0.005150239853167022,0.0338813595913694,94.79151961790107,0
2017-10-18,1.0953052242994277,24.81899535238488,-0.3057971045451388,0.0799551550219774,-2.011410990648951,0.0021084509128108664,0.0030735326634254755,0.02870117077514478,94.12719009971589,0
2017-10-19,1.1001137556059957,24.9118379680842,-0.3198861839048668,-0.0140890793597279,-1.976982240726,0.004390129070774407,0.00310045483424332,0.033043494167436016,94.01760534454539,0
2017-10-20,1.1001769325432724,24.955605229780087,-0.2688770595383474,0.0510091243665193,-1.9497897123806285,5.742764050964411e-05,0.0031059123830714254,0.03338003524827626,96.39196522051505,0
2017-10-23,1.1080607706605026,25.259619793576466,0.1520822015271292,0.4209592610654766,-1.8905963481239516,0.007165972930376796,0.00301034860846473,0.0356443132872446,99.44474833982115,0
2017-10-24,1.1157850429673026,25.62735050835058,0.2053159767080572,0.0532337751809279,-1.8247917150041215,0.006970982559192818,0.0031276723251628885,0.039319616141964664,99.44647425052875,0
2017-10-25,1.1133457850011033,25.50499973173378,0.1372008758697802,-0.0681151008382769,-1.8220891759068347,-0.0021861361035208082,0.003239739976095169,0.03580640704744775,94.94171422733712,0
2017-10-26,1.114801946879431,24.38781642941153,-0.1048043077345326,-0.2420051836043129,-1.9439086234078309,0.0013079152029360497,0.003059453297590801,0.03539559793872127,95.5683073142613,0
2017-10-27,1.126381637543561,24.41679197703133,-0.1077626505497484,-0.0029583428152157,-1.9199144916181583,0.010387217834112894,0.003459413549043228,0.040431169768449404,96.0231277943846,0
2017-10-30,1.1257945509293372,24.701251921198804,-0.1116735744755352,-0.0039109239257868,-1.8650892740591585,-0.0005212146528809081,0.0034271559603624552,0.033094640229605066,94.8067571106234,0
2017-10-31,1.11958591224905,24.697462686942004,-0.185977564281714,-0.0743039898061788,-1.847168644853416,-0.005514894947006188,0.0038208960750649684,0.024323156045671368,85.38697505279083,0
2017-11-01,1.1325944069112959,24.30405595999149,-0.2401887543484591,-0.054211190066745,-1.8778551122634728,0.01161902317626895,0.004195853799541292,0.034044558342829934,87.5828111716175,0
2017-11-02,1.1380617170500684,24.48409535160993,0.0192557844396823,0.2594445387881414,-1.8371827304020043,0.004827244515256401,0.00415352882632102,0.034494579538430825,87.50699834046357,0
2017-11-06,1.138033898750055,24.101671444531693,-0.0630241064999275,-0.0822798909396098,-1.8664396574783668,-2.4443577704813535e-05,0.004142740807044919,0.03440988907054132,86.1395859733951,0
2017-11-07,1.1528769142972168,23.72717104099285,-0.1948161760411899,-0.1317920695412624,-1.893891200598501,0.01304268314279966,0.004669116225032782,0.04044556474100225,88.1854780765403,0
2017-11-08,1.1554372460660354,24.285448292287867,-0.0824028789308286,0.1124132971103613,-1.8066935020485504,0.0022208197050934686,0.004681242604594036,0.0355374929505079,88.22389873339476,0
2017-11-09,1.1511072684265031,24.046955613797717,-0.0514200692387554,0.0309828096920732,-1.8184755846843088,-0.0037474797132208693,0.004943178251174867,0.03391712074911424,82.61327617742087,0
2017-11-10,1.1433776534319378,23.62739324736289,-0.1713404208494076,-0.1199203516106521,-1.852036986266,-0.006714938917144808,0.005433347040167323,0.025632989458348465,75.16189912078568,0
2017-11-13,1.1321053660695828,22.0714999775199,-0.4060342934023602,-0.2346938725529526,-2.022079978566657,-0.009858761301237862,0.006108398285381299,0.005081517964465654,63.4727831236838,0
2017-11-14,1.130511745234028,23.00402184299088,-0.1446298396003946,0.2614044538019655,-1.88824749192757,-0.0014076612330594651,0.006071918556813854,0.004190102271144358,58.8604790766493,0
2017-11-15,1.1098051643343818,22.62994524387585,-0.3311006096824016,-0.1864707700820069,-1.9164551208532985,-0.01831611302309799,0.007551175531825999,-0.008736040537541512,48.253625992448114,0
2017-11-16,1.12041979985545,24.4261279420351,0.0758344656474783,0.4069350753298799,-1.6861385113018328,0.009564413522471282,0.007799637634153629,-0.010749308827197379,52.541345578494635,0
2017-11-17,1.1207177217639988,24.720613873630484,0.2186441252535189,0.1428096596060406,-1.639421249204985,0.00026590203831400316,0.007764268559534568,-0.01523994263775641,47.1465653023219,0
2017-11-20,1.1159841668662145,24.834986017064637,0.5526972079089454,0.3340530826554264,-1.615393336551835,-0.004223681669219714,0.007848923568329233,-0.019375285664212982,45.25581622706767,0
2017-11-21,1.1227713174620286,24.997057837416587,0.3986071988851414,-0.154090009023804,-1.5859077643983457,0.006081762445495187,0.007805851747019746,-0.026113452756177602,51.531852594979966,0
2017-11-22,1.1269366089304098,25.17262208406169,0.5085353680371654,0.1099281691520239,-1.5551230125455109,0.0037098306695229066,0.007701069868864341,-0.02466653834525656,47.02625312630848,0
2017-11-24,1.1301192203367958,25.166752345831043,0.148124880759191,-0.3604104872779743,-1.5470522571958565,0.0028241263804595906,0.007689698839716969,-0.01823292117544939,45.722684626798966,0
2017-11-27,1.1282997625081583,25.183417849848887,0.0925607952436777,-0.0555640855155132,-1.5362349917384743,-0.001609969811941836,0.007706738755586605,-0.013187148514335556,44.85706769945153,0
2017-11-28,1.1253848407589884,25.134715490139783,0.0599458946150335,-0.0326149006286442,-1.5338137670428988,-0.002583463939308306,0.007381337621831647,-0.005936307266104168,33.380031431220004,0
2017-11-29,1.1323334867867316,24.98791146725916,-0.0018292740314862,-0.0617751686465197,-1.5426186574362373,0.006174462082727983,0.0075080836385429915,0.0016114308943568911,36.73665448150509,0
2017-11-30,1.1357865892901524,25.01654624398814,-0.031215168014711,-0.0293858939832247,-1.52941470637057,0.0030495455126209325,0.007401468360741314,0.023410798391223286,41.11529453237714,0
2017-12-01,1.1386618094105496,24.779727518857197,-0.0774049653947699,-0.0461897973800589,-1.549621414339635,0.0025314791946910997,0.006964816884472291,0.01628140591361671,47.10204397451529,0
2017-12-04,1.1324389783972695,24.68383784336763,-0.0999160012962505,-0.0225110359014806,-1.5513778838657335,-0.005465038839320924,0.006992131156676662,0.010458705529186707,50.21857428910694,0
2017-12-05,1.132929628139813,24.81583324700945,-0.063776448626065,0.0361395526701855,-1.524677017838478,0.0004332681512233538,0.0069935687243818725,0.015184320509835647,51.607366111208094,0
2017-12-06,1.1172340247333168,24.68062665172243,-0.0614569631073464,0.0023194855187185,-1.531754656704402,-0.013853996767890342,0.006898146065024165,-0.004931808145249628,55.29109065214132,0
2017-12-07,1.1288110303171432,25.685227308745308,0.1337362129514332,0.1951931760587797,-1.3948943074630835,0.010362202839812262,0.007357097167388128,0.0016632891077275058,55.895701622433684,0
2017-12-08,1.1401237489878142,26.289468546024363,0.3019482054334332,0.168211992482,-1.3094352788657553,0.010021800254284008,0.007734733692848827,0.00885263118349311,61.80720300455918,0
2017-12-11,1.146184958007687,26.47550469863368,0.3583333710532095,0.0563851656197762,-1.277747383366418,0.0053162729267361986,0.007689626596855803,0.01585145729337989,68.08291593251987,0
2017-12-12,1.1467571226620807,26.39121093199077,0.315075536996261,-0.0432578340569484,-1.2778483433739711,0.0004991905105684591,0.007319915494137735,0.018991087429859332,65.51647071899274,0
2017-12-13,1.1459961068747038,26.21626240627186,0.3071271509098885,-0.0079483860863724,-1.2896346799106757,-0.0006636242080715338,0.007310692247479242,0.012065897765457079,62.89770684481066,0
2017-12-14,1.1414450345698306,26.166741165475777,0.0963027713460924,-0.210824379563796,-1.285379079096492,-0.003971280772745889,0.005917093895735066,0.004981961693362402,57.5248961286345,0
2017-12-15,1.1297211255850976,26.15333408391344,-0.0272268924221847,-0.1235296637682772,-1.2765103797701711,-0.010271111292845858,0.006138882009474873,-0.007851922099749942,50.8345243751774,0
2017-12-18,1.1468918671142438,26.354670943564976,-0.0241667510137411,0.0030601414084436,-1.2404294448947142,0.015199097494307034,0.006969631651734853,0.01276262032010722,60.81669464314894,0
2017-12-19,1.1462174707543018,27.01729016909241,0.1252158474203284,0.1493825984340695,-1.1461150322514717,-0.0005880208756200433,0.006867999741513,0.011728744914462741,57.45315629783056,0
2017-12-20,1.1501728087939287,26.95522296173855,0.1477921110933415,0.0225762636730131,-1.1448486948903565,0.003450774517530286,0.006797632206639501,0.029482439069535404,57.68134566751522,0
2017-12-21,1.1501713100970188,26.621740921881923,0.0909999512812262,-0.0567921598121152,-1.1781007942495028,-1.303018901555042e-06,0.006776947779665609,0.018922812770419517,56.33991472165438,0
2017-12-22,1.155431381732472,26.496146341902623,0.0685624515978347,-0.0224374996833915,-1.1845141746005166,0.0045732940730449645,0.006812341611337738,0.013426290574376276,62.80095224048766,0
2017-12-25,1.1565834287027499,26.53208931399112,0.0354836740852313,-0.0330787775126033,-1.170361255681432,0.0009970708676361184,0.00678202514423286,0.009072244948265196,63.07290621064158,0
2017-12-26,1.152464438006565,26.529753361229268,-0.097507361572628,-0.1329910356578594,-1.1611948855141645,-0.0035613433445133014,0.006814642897742602,0.004976917284137183,72.32820398016848,0
2017-12-27,1.1525213159262633,26.59249933715039,-0.072544724917634,0.0249626366549939,-1.1437891362285937,4.9353297006504704e-05,0.006716802266071011,0.005693919039005069,67.5965293934679,0
2017-12-28,1.1449309020103768,26.497906117000547,-0.0247669609762724,0.0477777639413616,-1.1465141387207394,-0.006585920634175957,0.00689802900685267,0.003053907402435607,53.77625464814452,0
2017-12-29,1.143784511500889,26.60056032528685,0.0208827966768474,0.0456497576531198,-1.1242638654617392,-0.0010012748432897123,0.006886433778555113,0.012448546457434428,47.95654256472821,0
2018-01-04,1.176438816786361,26.637940323384196,0.0211702018786112,0.0002874052017638,-1.1104903960313888,0.028549350823629194,0.009209792210031187,0.025762628996979453,66.34147334327125,0
2018-01-05,1.188036731174576,29.185444726352028,0.5311382730245491,0.5099680711459378,-0.7795773220366806,0.009858493465811247,0.009368004822733257,0.03648457774138958,70.67829984554815,0
2018-01-09,1.1933748422389174,29.35126985947862,0.5517541044656475,0.0206158314410984,-0.7521936702770705,0.0044932205581418305,0.008553526539672078,0.037561341317302155,75.34620153546285,0
2018-01-10,1.1968763289896576,29.42203016236345,0.5848248090725789,0.0330707046069314,-0.7369790368142083,0.0029341047144675336,0.008392143279068872,0.04060701087101459,85.6379817672896,0
2018-01-11,1.193923199069092,29.32836121878561,0.5455601786997555,-0.0392646303728234,-0.7425938441006914,-0.0024673642957401265,0.008303595228379722,0.033313806380180555,79.3942252757993,0
2018-01-12,1.187045477972943,29.5223288904874,0.5768777134206395,0.031317534720884,-0.7116659604415718,-0.0057606059598402926,0.008462551816536224,0.0263379610274721,73.6809583118627,0
2018-01-15,1.192386859031579,29.969234495013566,0.1567579537323062,-0.4201197596883332,-0.6486685588003577,0.004499727396929387,0.008477786030429599,0.03464091360082944,74.09743487808177,0
2018-01-16,1.2011677717988896,30.001823205436057,0.1301106691914881,-0.0266472845408181,-0.6387108818528542,0.0073641475506047716,0.008535547417991212,0.04220872551370558,76.45874851630889,0
2018-01-17,1.1995583043810523,30.074030446644397,0.1304000568561889,0.0002893876647007,-0.6236717638799214,-0.00133991891526275,0.008452238698117433,0.047712401049491815,73.79601342463724,0
2018-01-18,1.191947191035047,30.06602018515473,0.1475317932738278,0.0171317364176388,-0.6188605352926768,-0.0063449298947853006,0.008180764926053087,0.04210817601556638,67.82839201484266,0
2018-01-19,1.1993665199290529,30.344320690055493,0.1643983599136227,0.0168665666397949,-0.5772784100305582,0.006224544971294543,0.0076915078897160215,0.01948907398798916,72.88385224944872,0
2018-01-22,1.2004247686797114,30.38854828023713,0.0838627570447094,-0.0805356028689132,-0.5656526340361097,0.0008823397460862026,0.007669777052084646,0.010427318600568558,73.1462540569687,0
2018-01-23,1.2123773887969378,30.22671030071162,0.0449774190551117,-0.0388853379895977,-0.5805586192262866,0.009956992248979057,0.00785508006834902,0.01592336781825332,81.2709355480236,1
2018-01-24,1.2048860147826979,30.09662995232707,0.0045199011365362,-0.0404575179185755,-0.5914433811608857,-0.006179077639903663,0.008083628711390475,0.006692158244788526,76.75499041665998,1
2018-01-25,1.1938550107886265,30.04488500852611,-0.0042270353257265,-0.0087469364622627,-0.5921520232279546,-0.009155226186321697,0.008459671558484866,-5.7112786248314507e-05,59.40766879014375,0
2018-01-26,1.1883603014725326,29.748841169979467,-0.1190959040152073,-0.1148688686894807,-0.6245839639223917,-0.004602492988209916,0.00857501283096986,0.0011076437457433475,50.18712006747384,0
2018-01-29,1.188485718768578,29.56219643903944,-0.1652703682395362,-0.0461744642243289,-0.6428058656445915,0.00010553810649005513,0.00850245357397339,-0.003271706857092771,46.991231414363085,1
2018-01-30,1.1743511334985006,29.528045522562564,-0.1397329556298139,0.0255374126097223,-0.6411207695143801,-0.011892936572029278,0.009018830398906877,-0.02232547270247509,37.74219248775563,1
2018-01-31,1.1598245595579195,30.20170704750065,0.0210154190347218,0.1607483746645357,-0.5466673567677514,-0.012369872626856626,0.009360371460557886,-0.033123646160437836,33.51997564530532,1
2018-02-01,1.1818437805352797,29.8693022905296,-0.0351165435993046,-0.0561319626340264,-0.5843807624213428,0.018984958367973315,0.010199787297324748,-0.008476391047990806,47.8069667962463,1
2018-02-02,1.1763274179263274,30.310759035439727,0.1123835730920532,0.1475001166913578,-0.5199788997118475,-0.004667590336223437,0.008079563311826991,-0.01920939230827312,43.239322144114546,0
2018-02-05,1.1527566843701993,30.09077234492287,0.1057151811766843,-0.0066683919153689,-0.5431845750038741,-0.020037561989058705,0.008889673255648418,-0.03970934751866195,31.87675496523734,0
2018-02-06,1.1073026283705478,31.652970210966732,0.4249849376808363,0.319269756504152,-0.3290858232099689,-0.039430745981303916,0.012162528706343899,-0.08666836036150216,23.998620388734963,0
2018-02-07,1.1120034875041185,36.99679302902749,1.35901719630537,0.9340322586245337,0.3918002878618044,0.004245324641275472,0.012203436844957862,-0.07708822754933442,27.0928506473942,0
2018-02-08,1.1220111779828272,36.56215414099589,1.338570370093258,-0.0204468262121118,0.3393353610673335,0.008999693428274114,0.012524567014470632,-0.060178021750179944,28.15850674808044,0
2018-02-09,1.1004844324197156,36.54099881840133,1.2460479565923208,-0.0925224135009372,0.342228944347288,-0.019185856598873507,0.013028480794829113,-0.07394715974938526,24.705302804216345,0
2018-02-13,1.0888960261060836,37.33883818256806,1.4496131675290371,0.2035652109367163,0.4560464079655353,-0.010530277368987151,0.012964105888516219,-0.0837954475091901,18.68939122335189,0
2018-02-14,1.0795658853199221,37.41868405614551,1.1531427690357532,-0.2964703984932839,0.4726028798457454,-0.008568440477761952,0.012686567680280305,-0.08071286813187162,18.516723610420087,0
2018-02-15,1.0922652907993982,37.37639663570435,0.0759207213353718,-1.077222047700381,0.4726056856999892,0.011763437185413395,0.013225753634641502,-0.058249558695560255,24.690508680624106,0
2018-02-16,1.1015133738339433,37.27458245984162,0.1424856637691434,0.0665649424337715,0.4642766722849679,0.008466883560656502,0.013533441605873577,-0.0679704103235651,28.76066077627752,0
2018-02-19,1.1238106377817758,37.24400735400039,0.1406017071198135,-0.0018839566493298,0.4659242087974466,0.02024239058507682,0.014416794147170764,-0.04464469614856903,35.73050818183121,0
2018-02-20,1.113386883982813,37.98165398410913,0.128563160308218,-0.0120385468115955,0.573584580145538,-0.009275364948971965,0.014446205861958779,-0.034152740921988944,36.3253236374723,0
2018-02-21,1.1113828456343284,38.2564685922365,0.1675569072181986,0.0389937469099805,0.6175562265448222,-0.001799947868359686,0.01409810080462289,0.0036848257732258194,38.48746139788655,0
2018-02-22,1.1027229211804896,38.2164635525671,0.1680133833725463,0.0004564761543477,0.6180408538029428,-0.007792026382138495,0.014114354785877022,-0.008345806850353465,29.92136275114693,0
2018-02-23,1.1111134693748295,38.42625076380756,0.2303336607931854,0.062320277420639,0.6535138067051977,0.007608936055629956,0.014308851307865399,-0.009712656007215381,33.688491603527254,0
2018-02-26,1.1217816998612626,38.20547750065212,0.1922940293303412,-0.0380396314628441,0.6289947546265025,0.009601387059447353,0.014600089366375654,0.01935262945493843,41.71788075817441,0
2018-02-27,1.1326590415693405,38.16499911580369,0.0366690263389202,-0.155625002991421,0.6297978919015668,0.009696487034351886,0.01485502132872452,0.04019026097446088,58.317808904984126,0
2018-02-28,1.1153126756794327,38.31868292681028,0.0124428669147462,-0.0242261594241739,0.6581714236515857,-0.0153147286635118,0.014990444251554127,0.03311218967327534,51.00237157067445,0
2018-03-01,1.0970327056850182,38.7634939492531,0.1094060793372051,0.0969632124224588,0.7280742127762106,-0.016389995732164153,0.015156239987270117,0.004364704184759871,42.794957631263124,0
2018-03-02,1.0760586676867927,39.3333606504853,0.1814219773355461,0.0720158979983409,0.8159761302993637,-0.019118881223444184,0.01467833808996632,-0.023108848927137937,42.93184887277893,0
2018-03-05,1.0696755581152708,39.55763418464473,0.2704313367985307,0.0890093594629846,0.8541403037860249,-0.005931934534056271,0.014681483149120782,-0.04817099771662514,44.265361589591855,0
2018-03-06,1.0808764479551551,39.49655253768421,0.2663106843761014,-0.0041206524224293,0.8519922733651706,0.010471296417784659,0.01458180378058168,-0.02919958596185479,50.386703960201004,0
2018-03-07,1.0718315333102544,39.88462729449509,0.3131888735369657,0.0468781891608642,0.914590440706018,-0.008368130013390762,0.011921430633316167,-0.03558747777999027,43.83777267257716,0
2018-03-08,1.0756193462903711,39.994298816517855,0.2461609734529517,-0.0670279000840139,0.9370513446808196,0.003533962999221041,0.011904250594889624,-0.024578771665599852,41.925184627343,0
2018-03-09,1.0793190744920964,39.96746180019888,0.1268202299427088,-0.1193407435102429,0.9401699420961936,0.003439625936893842,0.011707108990601124,-0.028614894661138646,34.305293424087154,0
2018-03-12,1.0963068516077423,39.9180670727655,0.0720865776241623,-0.0547336523185464,0.940331362706702,0.01573934670212318,0.0115929017854024,-0.022709274234613552,44.24157373546223,0
2018-03-13,1.1018153942443016,40.347016234536056,0.1700927393703608,0.0980061617461984,1.0095049740358293,0.005024635783750675,0.011377964972889579,-0.027231184489821314,46.84885639800214,0
2018-03-14,1.0959008471793856,40.34219683727154,0.0915139085552922,-0.0785788308150685,1.015432208379046,-0.005368001841154713,0.011263398922837637,-0.01740483088136846,47.71169349838942,0
2018-03-15,1.0960999800162607,40.46451938844636,0.0940441143856958,0.0025302058304035,1.0398015721243603,0.00018170698324371237,0.010964447613126663,-0.0008502259448819327,44.67124530593796,0
2018-03-16,1.09101072166121,40.45675201630404,0.0978580432210307,0.0038139288353349,1.044957919066066,-0.0046430603483591515,0.01083739267246092,0.013895203322472849,38.62805885534237,0
2018-03-19,1.080875007914126,40.43895629320687,0.1041778440882836,0.0063198008672529,1.0483584692655905,-0.009290205445140698,0.00983946401804384,0.0104699501768446,30.756841113327468,0
2018-03-20,1.0799137470385056,40.59880780024729,0.0503583131422402,-0.0538195309460434,1.0781214911998491,-0.0008893358330815948,0.009686102000278989,-0.0008906669383635935,35.021613584717,0
2018-03-22,1.0861971516452367,40.49054966612963,0.0296705657716174,-0.0206877473706228,1.0671523419501938,0.005818431910846966,0.009821727727568797,0.013402869656778504,44.89707981363572,0
2018-03-23,1.0474592272852872,40.37326551348706,-0.0182507749918556,-0.0479213407634731,1.054934083225049,-0.03566380587656126,0.012447613501350166,-0.026180376080258694,38.461827861507686,0
2018-03-26,1.0523675035444526,43.26643617946424,0.5619368326320426,0.5801876076238983,1.492572224007935,0.004685887652053244,0.012339448933302868,-0.024970902103556902,42.933133280529205,0
2018-03-27,1.0798032685045806,43.20140652328117,0.5524900460148601,-0.0094467866171825,1.4847959320556714,0.026070517065304832,0.013676400012970658,-0.01505379910648108,49.613112680866344,0
2018-03-28,1.0672145642636968,44.56928348911976,0.7940951377744909,0.2416050917596308,1.6906209789986393,-0.01165833129799465,0.013563447975494546,-0.0314034729967958,48.37702513653304,0
2018-03-29,1.0678687493673902,44.60602828544702,0.8230957238634815,0.0290005860889905,1.6979263359075862,0.0006129836731985083,0.013259320934865461,-0.025579045662884603,47.21410432311181,0
2018-03-30,1.074843944322916,44.29494886476554,0.7843366702556906,-0.0387590536077908,1.6538445049964654,0.006531884147427336,0.012944880361836813,-0.01939242412268749,48.42845202859701,0
2018-04-02,1.0702464942853005,44.40027906277937,0.2267685766630336,-0.557568093592657,1.672078533961652,-0.004277318639508865,0.012254994190929853,-0.019032102034976406,39.97596521959065,0
2018-04-03,1.0658053623306911,44.45752897993691,0.2512244913311363,0.0244559146681027,1.683795370474907,-0.004149634666708368,0.012217534612892711,-0.013942079771569804,36.034173353345146,0
2018-04-04,1.0651987121057327,44.34052290729869,-0.0457521163642127,-0.296976607695349,1.6702392550766787,-0.0005691941947372214,0.011961011229229301,-0.013626120579654288,37.58145435398238,0
2018-04-05,1.0780769030740764,44.12171796410211,-0.0968620642689828,-0.05110994790477,1.6414271905684867,0.012089942300892886,0.01214072515830009,-0.007475851468456418,43.38811886517428,0
2018-04-06,1.0734934945471881,44.27910290947025,-0.003169191059051,0.0936928732099318,1.6696104498177775,-0.004251467139142817,0.01215843541186794,0.024854683202681027,43.54975311819262,0
2018-04-09,1.077767347286035,44.11633749169964,-0.0567883142159502,-0.0536191231568992,1.6499782959225606,0.003981256300625846,0.012167166369952978,0.024135906568792498,48.80405962476741,0
2018-04-10,1.0838113663789295,44.16608177844949,-0.0582894402974858,-0.0015011260815356,1.662464643866434,0.005607907038670534,0.011678419188649066,0.0037118778867002433,51.443475489663015,0
2018-04-11,1.0825475335590118,44.110267332214654,-0.0460511150168017,0.0122383252806841,1.6592611287277628,-0.001166100355766031,0.011605882734487294,0.014367278904119596,48.596177483078975,0
2018-04-12,1.07842592398388,43.78905910619855,-0.0665317715807134,-0.0204806565639117,1.6157346655690787,-0.0038073243412983793,0.01157889034293463,0.009886209913665844,66.23464358402862,0
2018-04-13,1.0861783544142025,43.773011691677816,-0.1012182435584918,-0.0346864719777784,1.6203169395920904,0.007188653627393959,0.011713447382174702,0.010545168115941195,67.2124217782087,0
2018-04-16,1.088844304119961,44.118632316918685,0.0004589650438191,0.101677208602311,1.6804934534200158,0.0024544308905845025,0.011685259036551016,0.017377127543949378,56.15483517154227,0
2018-04-17,1.0856721080319516,44.28478616275853,0.023740876861801,0.0232819118179818,1.7138446273317332,-0.002913360593435055,0.011505012618938788,0.01864012548953231,64.4131768711782,0
2018-04-18,1.0960724865243663,44.40023741414538,0.0579940163861394,0.0342531395243383,1.739761609839556,0.00957966812951283,0.01168552173369364,0.028984051583765824,69.11436249496397,0
2018-04-19,1.0962030494763582,44.851921298684175,0.2125724384971263,0.1545784221109869,1.8186699696985904,0.000119118902807136,0.011626253934959752,0.01681340760626271,65.9559048753301,0
2018-04-20,1.0960396137580604,44.51870885927278,0.1491394335189966,-0.0634330049781297,1.7769842932154256,-0.0001490925594267445,0.007934294609929015,0.02100256715610782,70.63527169937359,0
2018-04-23,1.0968259203706705,44.66577277536583,0.1094280916894305,-0.039711341829566,1.8097277851618137,0.0007174071107831637,0.007921072889626821,0.017683383276203113,76.3588284514042,0
2018-04-24,1.1095669071868484,44.61740630952214,0.0665240293527205,-0.04290406233671,1.8112368076891785,0.0116162342442383,0.006059653004527199,0.023763859290357292,81.25526207660018,0
2018-04-25,1.1083392313478895,45.01484058406584,0.1229206339840942,0.0563966046313737,1.882456360763516,-0.0011064459754585032,0.005273221259054289,0.023825002588185873,75.50483687859057,0
2018-04-26,1.1103336514686184,44.71505435034717,-0.0273733896674031,-0.1502940236514973,1.8435126580410768,0.001799467224762541,0.00526458224196681,0.02958731497001299,82.46534917725974,0
2018-04-27,1.1131189517045441,44.65888577004895,0.0280353821552381,0.0554087718226412,1.830640562207641,0.0025085254619110486,0.005156644763558654,0.02480310639671246,81.99292073508572,0
2018-05-01,1.1106144877137167,43.306625733564985,-0.2718294083601762,-0.2998647905154143,1.6016188032524348,-0.0022499518016401154,0.005050476642327562,0.01999384440124441,75.91699371519223,0
2018-05-02,1.1072921982301616,42.67378578344664,-0.388724105215104,-0.1168946968549278,1.490677130636253,-0.002991397573422927,0.0049840833974977745,0.019914014588992,73.0105842526596,0
2018-05-07,1.1080391152691735,42.57498728397096,-0.4879706600189735,-0.0992465548038694,1.4647056765908202,0.0006745437565673917,0.004959048827343608,0.010917734814011482,79.38206402208799,0
2018-05-08,1.112192255835339,42.56305709076195,-0.4303994519170402,0.0575712081019332,1.4531869660561594,0.0037481894898236945,0.0043816156417750786,0.014585989672824429,77.79617928339464,0
2018-05-09,1.1088661893113072,42.34226034320992,-0.4633250853678063,-0.0329256334507661,1.409598639731624,-0.0029905499760324306,0.004301818516890082,0.01170265690422223,71.09603607753705,0
2018-05-10,1.1133631959537986,42.14357871418925,-0.2326094038751378,0.2307156814926685,1.3701635626657638,0.004055499830222464,0.0043039848053110594,0.015077393117715054,78.38425933247939,0
2018-05-11,1.1243702574435115,42.08907493710816,-0.1169421692677019,0.1156672346074358,1.353464637403972,0.009886316998545475,0.004607478929300044,0.01334155710735363,78.64980016423009,0
2018-05-14,1.1298715924058391,41.93087591640853,-0.1288222735124833,-0.0118801042447813,1.3210501261306618,0.004892814378455679,0.004598000537210495,0.019427590803371197,80.74393058629504,0
2018-05-15,1.12899175410409,41.76618491157085,-0.1593744358382238,-0.0305521623257405,1.289342887661128,-0.0007787064544880762,0.004438525323231538,0.016804050395836212,79.7011645554305,0
2018-05-16,1.1242436402231752,41.74368907870897,-0.119714252900188,0.0396601829380358,1.2798823071862728,-0.00420562317098816,0.004509126863359853,0.009994159655260182,73.0654471647121,0
2018-05-17,1.1284670808642159,41.909578407467485,-0.0468000613443564,0.0729141915558315,1.2991717648127434,0.0037566951592469255,0.004529444244974255,0.016074518519247905,68.55976176776454,0
2018-05-18,1.132769158268239,41.96873405976737,-0.0240681754681588,0.0227318858761975,1.3018587313252772,0.003812319807086073,0.004409284312089252,0.023008344210135867,72.6238759011789,0
2018-05-21,1.130725248783239,41.87465690295517,-0.0112438026906716,0.0128243727774872,1.281327081219697,-0.0018043477526565876,0.004123130559281827,0.02047412695223705,68.8667975833224,0
2018-05-22,1.1289220380137255,41.86365220857035,0.0194934593998965,0.0307372620905681,1.2733440092021089,-0.0015947382190801829,0.004172291449782035,0.015042167476540413,64.8920302652702,0
2018-05-23,1.1196636798243607,41.471460670400965,-0.0544456816615905,-0.0739391410614871,1.208050849840583,-0.008201060726615306,0.00469365361434269,0.009737415223886936,57.56459934039081,0
2018-05-24,1.1048586066209198,41.37496012585744,-0.1069236563220101,-0.0524779746604195,1.1886422661269878,-0.013222785976020335,0.005681098212083833,-0.007638647804944831,48.29330747851474,0
2018-05-25,1.1019062065640568,41.36273226798494,-0.1212003583564893,-0.0142767020344791,1.1824001251069474,-0.0026721971835768077,0.005058004533864775,-0.019979229022414113,45.82801184656537,0
2018-05-28,1.1007283234963745,41.22385926539412,-0.1301595275122125,-0.0089591691557231,1.15727603523097,-0.001068950388577239,0.005057710160532782,-0.025793434497640377,41.87252291730716,0
2018-05-29,1.0960933368859558,41.29877938117804,-0.1129745654784599,0.0171849620337525,1.1643977152714895,-0.004210836145013608,0.0051027375051552765,-0.02913964349034648,41.1095519526558,0
2018-05-30,1.080832457298714,41.434373637488456,-0.0074174065825047,0.1055571588959551,1.1800746769845991,-0.013922974507443397,0.005839887250837373,-0.03861367889601186,30.307928102816845,0
2018-05-31,1.0880786672710492,41.92339328500946,0.1096866318304137,0.1171040384129185,1.2480225823639155,0.006704286055995601,0.0061125560303353435,-0.03579051110842857,26.983357742291005,0
2018-06-01,1.08967633671781,41.98916205748255,0.1252859578995142,0.0155993260691005,1.2525588360776414,0.0014683400151276338,0.006117686168539858,-0.038042015211915525,23.179579004861935,0
2018-06-04,1.1056085068950217,41.518986481167424,0.0590254431546597,-0.0662605147448545,1.1780649255509723,0.01462101143280825,0.0070208289013986855,-0.022212948649767306,37.00734124343973,0
2018-06-05,1.1058614503665145,41.85856826130919,0.1119577760262302,0.0529323328715705,1.2243471999552016,0.00022878213211585674,0.006963532565036409,-0.020427086079198853,39.24907636182214,0
2018-06-06,1.1094041138331927,42.07167157681811,0.1274595878659283,0.0155018118396981,1.251401171489661,0.0032035328345192404,0.006973542792906298,-0.009163078320784113,38.76142596621743,0
2018-06-07,1.1166173694106887,42.018734413691774,0.0190682257364684,-0.1083913621294598,1.2389732904085635,0.006501918901826276,0.007068359954326901,0.010642776115698416,40.79372329682067,0
2018-06-08,1.1101365600684447,42.00513084019739,0.00319375654297,-0.0158744691934984,1.232923495401057,-0.005803966085234924,0.0067987421811184804,0.007469196067106054,38.82974124784362,0
2018-06-11,1.1138525405283288,41.99137976313526,0.0944786563935622,0.0912848998505921,1.2277944485378975,0.003347318333210225,0.006741388550587582,0.011923211887803875,41.9903837471794,0
2018-06-12,1.1165834929688139,41.78845796050129,-0.0140220601615794,-0.1085007165551417,1.1948295184559146,0.002451807884003898,0.006777807871573938,0.018693805895282134,48.24077538868842,0
2018-06-13,1.1211987907460401,41.766141610294376,-0.0611059933047499,-0.0470839331431705,1.1888437825904905,0.004133410359627332,0.006796301976968764,0.03734744749265961,60.56193777574489,0
2018-06-14,1.110641437599336,41.65180209988994,-0.0733864627603608,-0.0122804694556108,1.1694215872012683,-0.009416129622900504,0.007035570623691279,0.020736341044968132,55.14084760134051,0
2018-06-15,1.116352957731744,41.6593967279066,-0.0691468224581584,0.0042396403022024,1.1677977795637224,0.005142541903310649,0.007087289842249742,0.024481233660892388,58.729558779898355,0
2018-06-18,1.1064983636679726,39.97147594874462,-0.4039807628781275,-0.3348339404199691,0.9185437752918998,-0.008827489545774392,0.007314921135793728,0.0008048570243457398,55.49296495020793,0
2018-06-19,1.0903978583580172,39.92594083985766,-0.3725034241287233,0.0314773387494042,0.9107787940479248,-0.01455086228648661,0.007914203795451595,-0.013983299628875123,55.0053419022489,0
2018-06-20,1.0972515948709067,40.23015994742629,-0.3071963325736178,0.0653070915551055,0.9540335852698698,0.0062855373938557335,0.007951187814785444,-0.01095409581662432,54.81976696592601,0
2018-06-21,1.097574547502154,40.3651797412096,-0.2573244717360694,0.0498718608375483,0.970850487158734,0.0002943286961323288,0.007412007561083906,-0.01705402623155028,54.20633387610457,0
2018-06-22,1.090803350766973,40.3311041319746,-0.2656585191864025,-0.008334047450333,0.9628222019485716,-0.006169236295239244,0.007511383421162782,-0.017415163140181433,41.262689509130254,0
2018-06-25,1.0817302053961864,40.43247420103028,0.0921996504571325,0.357858169643535,0.9747030215053114,-0.008317856160239168,0.007713499784717184,-0.028838947673366144,37.1016556253597,0
2018-06-26,1.0823683143827763,40.48540964548727,0.1118937611259198,0.0196941106687873,0.9793630721870892,0.0005898966150770235,0.00767775582358508,-0.030642740826362203,35.08606802396923,0
2018-06-27,1.0792574744934658,40.474341509315465,0.0488363123778441,-0.0630574487480757,0.9747441641518848,-0.0028741047275432363,0.0070397979141303465,-0.037407564651997904,28.41391657546049,0
2018-06-28,1.07755592625619,40.418768565888016,0.0107177649356771,-0.038118547442167,0.9635581044849524,-0.001576591571046837,0.006862977008874797,-0.029789552436167654,30.07489130550364,0
2018-06-29,1.0804254343177628,40.34554635152128,0.0028884439093417,-0.0078293210263353,0.949863712672551,0.0026629783119864747,0.006885835408439485,-0.0321829428274909,29.343353136721646,0
2018-07-02,1.0616303957010316,40.30263806387421,-0.0259672274312166,-0.0288556713405583,0.94047243473011,-0.017395960905529195,0.006930569810044012,-0.04054951135960705,21.66645965502255,0
2018-07-03,1.0625030735240506,40.77282158281356,0.0574823874652565,0.0834496148964731,1.0046819366805628,0.0008220166138355189,0.006941891215117064,-0.025582208017147168,18.52193427992816,0
2018-07-04,1.0609828021578838,40.5216901979544,0.0094697377277839,-0.0480126497374726,0.9643815898080396,-0.0014308394997150087,0.006836487592763618,-0.033054217357770255,20.509973415830345,0
2018-07-05,1.0531667123845632,40.41063787052231,-0.0016261390731386,-0.0110958768009226,0.9443062179523252,-0.007366839271497949,0.006606166700166912,-0.04045997168816795,13.391605377292365,0
2018-07-06,1.0613061714697636,40.38427734250543,0.0077461981968269,0.0093723372699656,0.9366786433808308,0.007728557112075096,0.006975763051770619,-0.0270417021330831,23.285954772720757,0
2018-07-09,1.0726620557162376,40.45499476990877,0.030471341206919,0.022725143010092,0.94266340048703,0.010699913513880555,0.007461620658556773,-0.00838300496252442,38.892972789977684,0
2018-07-10,1.0776061902726886,40.63850023594959,-0.0268642693728011,-0.0573356105797202,0.9647294119173904,0.004609219213174809,0.007542329348673578,-0.004399726088437195,37.39561852452762,0
2018-07-11,1.0686660120301104,40.34764428435225,-0.0348091827204299,-0.0079449133476288,0.9185276055925936,-0.008296331557185899,0.007544310289174398,-0.009813656809119053,33.29914705147297,0
2018-07-12,1.0748707892495124,40.52846988875755,0.0235664036470524,0.0583755863674824,0.9395131503355112,0.005806095776935027,0.0075638027335377745,-0.002491877165027301,40.73490716266541,0
2018-07-13,1.0882409095725805,40.36127762525821,-0.004599943449449,-0.0281663470965014,0.9107848235414222,0.012438816327312363,0.008065835172482131,0.007233701657303859,53.60589417056999,0
2018-07-17,1.096868063020294,40.852645330577765,0.0795301121337956,0.0841300555832447,0.9759518922983909,0.007927613611862894,0.008106689590763149,0.033192029412452806,57.377679266697,0
2018-07-18,1.1004141810002799,40.27176057166017,-0.0733479328578781,-0.1528780449916738,0.8879911229221912,0.0032329485190967233,0.007419711417427504,0.03568093911529857,60.717361832751195,0
2018-07-19,1.100944675493395,36.592610340655135,-0.7510067887394243,-0.6776588558815462,0.3610212289245822,0.0004820862019725425,0.007293265417255902,0.03766495861594987,61.990306751877114,0
2018-07-20,1.0992455293344388,36.72715477868829,-0.7602630220138522,-0.0092562332744279,0.3790140302196108,-0.0015433529011752434,0.007303494916369531,0.04375263328019985,59.765355745599884,0
2018-07-23,1.0945022710212924,36.6941954733202,-0.7334164303875994,0.0268465916262528,0.3733287395079749,-0.004315012603251844,0.00723111494842362,0.031278532476219034,69.96839385191768,0
2018-07-24,1.09930154043477,35.55559367290389,-1.059410331534778,-0.3259939011471786,0.210543181308625,0.004384887579081287,0.006998237264188611,0.02483492781027352,71.33582006873696,0
2018-07-25,1.1023051412304639,35.3918972446947,-0.975972665393094,0.083437666141684,0.1871706351279463,0.0027322810759511373,0.007010765047701765,0.022920201443465293,73.55362967888375,0
2018-07-26,1.10781114254573,35.28649219294427,-0.2612236295421724,0.7147490358509216,0.1721630118528738,0.0049949883288396,0.007006468689809538,0.03662990127407251,81.98963171722754,0
2018-07-27,1.1092812633298652,35.45005365410354,-0.2554202249169535,0.0058034046252188,0.1955256506604686,0.0013270500066977498,0.006973077465438125,0.032013591237676664,80.4641447155403,0
2018-07-30,1.1048637113212632,35.16969194190267,-0.3049007062834974,-0.0494804813665439,0.1546613356917059,-0.003982355201187948,0.007071129326704957,0.015274928191416182,72.42395004165138,0
2018-07-31,1.0976932173194638,34.089593857210005,-0.2931999631387825,0.0117007431447149,0.0003131590957279,-0.006489935300005856,0.005887733410201372,0.0007522821814116565,63.56712990397992,0
2018-08-01,1.1089771076194654,33.598562935054574,-0.3586668619280218,-0.0654668987892392,-0.0698551266319304,0.010279639267113838,0.00618672171811908,0.0077815487723011945,76.39128044836494,0
2018-08-02,1.098542512666431,33.37668234436209,-0.3819619697164356,-0.0232951077884138,-0.1016810191346015,-0.009409206809898318,0.00666893895730673,-0.00218191057228867,64.68436140428429,0
2018-08-03,1.094090709454825,33.21970213546881,-0.4460703037269482,-0.0641083340105126,-0.1241427871652077,-0.004052463295936115,0.006468314918436605,-0.004689416278758851,54.08029749709215,0
2018-08-06,1.0899452922332786,32.839666658906864,-0.4660050565991653,-0.0199347528722171,-0.1784129008977549,-0.0037889154763154353,0.006437315792089724,-0.004163516978143433,44.84926385178474,0
2018-08-07,1.0998521753070003,32.55649364307244,-0.306620042827511,0.1593850137716543,-0.2188645516288952,0.009089339753395098,0.006323284339782987,0.0005008952066170025,49.618008160199224,0
2018-08-08,1.0985254018083472,32.47879696705547,-0.2239531935998258,0.0826668492276851,-0.2300455060623775,-0.0012063198386480511,0.006295366936693091,-0.0034289411168829664,48.37324330088909,0
2018-08-09,1.0945024026115586,31.834017856552663,-0.3085328975618822,-0.0845797039620563,-0.3219196725125092,-0.0036621813115710333,0.006014987912472689,-0.012013545831998207,46.90730157171286,0
2018-08-10,1.0815918573407028,31.10633667684672,-0.4226730917244126,-0.1141401941625304,-0.4251939410306093,-0.01179581263599816,0.0065696198496492525,-0.02496157368244345,42.392208578500046,0
2018-08-13,1.061223763017152,30.24611288336274,-0.5187107551088275,-0.0960376633844148,-0.546887831757093,-0.01883158992489986,0.007225056045813836,-0.03949803750176928,31.040507947575563,0
2018-08-14,1.0783476758960089,31.23461798366003,-0.2643751318824812,0.2543356232263463,-0.4057682891005582,0.01613600587888464,0.007967685549975697,-0.01762381430277593,39.541794421567275,0
2018-08-15,1.0717507193127724,31.643833226353514,-0.166992748140391,0.0973823837420901,-0.3475735807650343,-0.006117652711362331,0.00799159603904815,-0.03356822070619958,34.406982790549876,0
2018-08-16,1.0681655638525733,31.60102646025115,-0.046598279260305,0.1203944688800859,-0.3540640989743369,-0.0033451393086052494,0.00799279119689985,-0.027652046656005513,32.5403735438629,0
2018-08-17,1.0737178066919602,31.61704007513288,0.1021406796572321,0.1487389589175372,-0.3523466415735855,0.005197923456136788,0.008130919061320786,-0.01862085345100528,36.900249507464984,0
2018-08-20,1.0720391927558646,31.690829015459848,0.2889432264194234,0.1868025467621912,-0.3421543628620194,-0.0015633660219041001,0.00809762796531691,-0.01642843875285227,38.687492904017,0
2018-08-21,1.0671378692120441,31.093163042474288,-0.0282909882371491,-0.3172342146565725,-0.4271709808028596,-0.004571963018647374,0.008031249968245412,-0.029744275484862026,30.449925305205113,0
2018-08-22,1.0745087963944466,30.98638637731128,-0.1314893698084454,-0.1031983815712962,-0.4420375598524367,0.006907192964527686,0.008198276978054453,-0.021862585402545487,38.438842040993656,0
2018-08-23,1.072950924454958,30.98508092606876,-0.1231891068364738,0.0083002629719715,-0.4418865968111198,-0.0014498456827121142,0.008065719196767443,-0.01969066317732815,39.539701817004186,0
2018-08-24,1.0800044603696155,30.93020916529212,-0.1373661819681579,-0.014177075131684,-0.4490320888112256,0.006573959492360393,0.008248056966786526,-0.001467648781112496,45.2187235077767,0
2018-08-27,1.0909638978384637,30.92424443602865,-0.1533169158862399,-0.0159507339180819,-0.4495182874131163,0.01014758537672833,0.00860405255114248,0.02802437700486271,45.767825092157736,0
2018-08-28,1.093817365210604,30.923824831202182,-0.033867642254421,0.1194492736318189,-0.4492273302283186,0.0026155470202029463,0.008516314289019443,0.014345734367852359,47.790382085911695,0
2018-08-29,1.097105810381074,30.97846370234907,-0.001584534992439,0.032283107261982,-0.4410965842274088,0.003006393274654906,0.008197162858734256,0.023657638489442467,51.230337774475025,0
2018-08-30,1.0947010740551246,31.03854330922458,0.0106924766311635,0.0122770116236026,-0.4321312466226407,-0.0021918909764173655,0.007939399160096073,0.024842132250402438,56.87824917541817,0
2018-08-31,1.0917201500277383,27.12713920759948,-0.760613991538527,-0.7713064681696906,-0.9856968357834308,-0.0027230484175411185,0.007910476873514777,0.016766363772285686,69.57216390382732,0
2018-09-03,1.083422921724225,27.15683282291713,-0.753482322622304,0.007131668916223,-0.977255749520038,-0.007600142127359599,0.008049247914835701,0.010618761930798915,53.6734092355256,0
2018-09-04,1.081210394126621,25.17183823923499,-1.1503973183934375,-0.3969149957711337,-1.252008584505467,-0.002042164286207848,0.007747264190744746,0.013187166645081794,57.310815896912715,0
2018-09-05,1.0723590609408042,24.935275905035493,-1.2086375594627228,-0.058240241069285,-1.2794075516251628,-0.00818650397175158,0.00792059477537294,-0.002000668082807633,52.99695565965081,0
2018-09-06,1.0651325650599939,25.170452875792,-1.1736180866865134,0.0350194727762094,-1.2403827800912568,-0.006738877064619064,0.00800091765157278,-0.007286781917761775,44.00780499640053,0
2018-09-07,1.059879864200754,25.19343053754894,-0.3867417340101049,0.7868763526764084,-1.231710417159361,-0.004931499638210712,0.007668604282203253,-0.01863380838443396,41.91651761904412,0
2018-09-10,1.0627862961464105,25.052118603092904,-0.4209428439648484,-0.0342011099547434,-1.2464050773662272,0.0027422277220523483,0.006446059159125122,-0.025828170618552693,47.02826615022106,0
2018-09-11,1.0723496100059307,25.01379760583332,-0.0316081266803323,0.3893347172845161,-1.2472311158449243,0.00899834133559696,0.00566087697104545,-0.019626453087568163,48.568339229370565,0
2018-09-12,1.0696105449792965,25.24056158426544,0.0610571358459886,0.0926652625263209,-1.2112973487596574,-0.0025542649534036066,0.005521287456947788,-0.025061635023359452,47.81930079086884,0
2018-09-13,1.0819146018949133,24.733121596783874,-0.0874662558016261,-0.1485233916476147,-1.277406879417772,0.011503305547398979,0.006034368006901036,-0.0116803321593959,51.16699517288156,0
2018-09-14,1.0942894990219174,24.961440697126097,-0.046397968084566,0.04106828771706,-1.2415296086002898,0.011437961097234606,0.006429869690968257,0.00235348682912373,51.99722315428017,0
2018-09-18,1.1113472143010883,25.44411192038924,0.0783986634592679,0.124796631543834,-1.1704889712234248,0.015587936550992332,0.007174938601274534,0.02577413862762179,58.99336763936438,0
2018-09-19,1.1273879341910376,26.388168107126525,0.2748741002586392,0.1964754367993713,-1.0365785782649122,0.01443358086791724,0.007532568874711318,0.042709115927171526,63.73810639185453,0
2018-09-20,1.1282637523288725,27.11804932908417,0.3754975489637502,0.1006234487051109,-0.9333658316876028,0.0007768560504095579,0.0074801939716434805,0.05213243718854943,65.4405968981275,0
2018-09-21,1.1378363706424997,26.96110992630545,0.4455976659043124,0.0701001169405621,-0.9540535239576572,0.008484379910165485,0.007535810812775825,0.06825798775423864,70.00271164180216,0
2018-09-25,1.1457992094471003,26.942333426351198,0.3961785458450144,-0.0494191200592979,-0.9555611292537106,0.0069982284008942575,0.007547087644654094,0.08106517365639099,77.13415632885739,0
2018-09-26,1.1581139422555857,26.98879103570165,0.3089358230624839,-0.0872427227825305,-0.9470561738128874,0.010747723254607378,0.0075781802537073445,0.08969596846969763,80.75090538567488,0
2018-09-27,1.1471571835673748,26.805808966376865,0.0835281718500731,-0.2254076512124108,-0.9701610949675452,-0.009460864158902238,0.008076673816771728,0.06976043341035987,79.41376444071894,0
2018-09-28,1.1595586002523848,26.67830841402042,-0.0879481830127559,-0.171476354862829,-0.9860387882312348,0.010810564465494332,0.008292420944110321,0.08409421138871553,85.68010663557622,0
2018-10-01,1.1613440739645744,26.898191369981667,-0.0125837112647531,0.0753644717480028,-0.9546048025786714,0.0015397873913409743,0.008215707904210978,0.07341565769659164,89.37120592486751,0
2018-10-02,1.1660620727744027,26.76931942205817,-0.0346028008586039,-0.0220190895938507,-0.971330910720598,0.004062533159291837,0.008106698027163375,0.06558828702700348,89.51856301322731,1
2018-10-03,1.1503936565513917,26.873818179931163,-0.0229945711540935,0.0116082297045103,-0.9559604325911228,-0.013437034433108064,0.008610335874260378,0.035134332230147614,78.53060062118567,1
2018-10-04,1.150779866719427,26.76792545952036,-0.0075767013713061,0.0154178697827873,-0.969466893369052,0.00033572000839510174,0.008552710926509137,0.020748787368541688,80.19250114085608,1
2018-10-05,1.147345376281382,26.66993603630802,-0.0016744755424795,0.0059022258288266,-0.9816878717852442,-0.0029844895078290357,0.008263785700949022,0.016912378788312976,76.05763425772102,1
2018-10-09,1.1283635988797778,26.70868866167188,-0.0379005416619584,-0.0362260661194788,-0.9750108882882472,-0.016544083232483353,0.009142211841001283,-0.008325249576415672,62.89152433567697,1
2018-10-10,1.1279302733988643,27.772184629511464,0.2005730414906565,0.238473583152615,-0.8285995795269655,-0.00038403000712150526,0.008991781324846699,-0.015595172261341106,57.17678808184087,0
2018-10-11,1.0883962545538577,28.15700916551224,0.2566381971162172,0.0560651556255606,-0.776105544470106,-0.035050055643844225,0.012405882129709193,-0.060199333725266535,35.97682835531778,0
2018-10-12,1.087536064060698,31.819113431362474,1.0102375943684263,0.7535993972522093,-0.2745346136291733,-0.0007903284208859995,0.012277157378514281,-0.05197292956948585,35.3508344438485,0
2018-10-15,1.068845793429727,31.626845506968166,0.9913818941320258,-0.0188557002364007,-0.3045030133294767,-0.017185885828175818,0.012905869973515038,-0.07823046355993868,26.712500388021766,0
2018-10-16,1.0817943188544958,32.29970683011644,1.118203633688914,0.1268217395568882,-0.2150744321212032,0.012114493507262125,0.01293512243892186,-0.06849800751857549,29.09888861465815,0
2018-10-17,1.096997127468416,32.76225994135971,0.9980150623696497,-0.1201885713192645,-0.1548726359527416,0.014053326356916251,0.013068578238283802,-0.05922921851120744,30.411488467756058,0
2018-10-18,1.0918499724773911,33.0400216788431,0.9766025026661644,-0.0214125597034851,-0.1201825367992954,-0.004692040536973141,0.012590235049003811,-0.05089013116562269,31.587840098873826,0
2018-10-19,1.0836808297154767,32.92567597556704,0.2213125088409171,-0.7552899938252473,-0.1400906595700212,-0.007481927891044182,0.012139457069321725,-0.05830744779645125,24.007305963557158,0
2018-10-22,1.0834911714883375,33.196627545511475,0.313956407708666,0.0926438988677489,-0.1075319283908472,-0.00017501299454469876,0.012130254404796034,-0.055653865098580724,23.03589929866787,0
2018-10-23,1.0582864540108954,33.2722358013388,0.1945057942444776,-0.1194506134641884,-0.1021577078742504,-0.02326250378470518,0.01275383919089856,-0.062105109504111855,17.311144547345563,0
2018-10-24,1.057809220188765,34.89001815601635,0.4255516429313175,0.2310458486868398,0.119746078306973,-0.0004509495707156752,0.01253683383276847,-0.06216789713321469,19.068311388415054,0
2018-10-25,1.0273278662995489,34.66434030532897,0.3248637252971775,-0.1006879176341399,0.0827308758370406,-0.028815549446408517,0.013205477457920469,-0.05610859831499626,15.660975191372415,0
2018-10-26,1.0283080191199157,36.44436316601915,0.7037374380904211,0.3788737127932435,0.32888234420702,0.0009540798536862294,0.01326247799641066,-0.0544607640133179,16.43058798285145,0
2018-10-29,1.0248615551774622,36.30731225804845,0.6221369425073959,-0.0816004955830251,0.3040961822565305,-0.003351587149347579,0.012720128381526672,-0.04115115437852601,18.008520830769655,0
2018-10-30,1.0373653885276972,36.06324940037082,0.5582027198064026,-0.0639342227009933,0.2641969295736129,0.012200509705010631,0.013267703009339831,-0.04106966504856868,23.950984782824506,0
2018-10-31,1.0613944988907886,36.05007902065373,0.2320121729274831,-0.3261905468789194,0.2570683730035828,0.023163593685340933,0.014614725898603291,-0.032454623340526845,41.47298349256062,0
2018-11-01,1.0463746184691585,36.623877508647126,0.3919074406636227,0.1598952677361396,0.333420595123111,-0.01415108184310987,0.014638331051056335,-0.04164981925589073,38.0684757392004,0
2018-11-02,1.0638350565603911,35.98078215153137,-0.0927162028975558,-0.4846236435611786,0.2353585361886494,0.016686603232766828,0.01536835181172692,-0.018313300937782717,48.53710060863639,0
2018-11-05,1.0496479183285468,36.12150248587034,-0.0371619544356178,0.055554248461938,0.2500064817564632,-0.013335843883274912,0.015512806532034901,-0.03123537510075136,40.6821534292322,0
2018-11-06,1.0645982697877607,36.0722072229932,0.0017915645244812,0.0389535189600991,0.2372044203470188,0.014243205934253433,0.015761996712862603,0.0059641846051639025,40.59521289064698,0
2018-11-07,1.059907640307981,35.9541301473304,-0.0191897746646745,-0.0209813391891557,0.2141980597652859,-0.004406008926460925,0.015755400154312867,0.0019837415662169455,40.70309308776578,0
2018-11-08,1.0774363390063935,35.778213728205145,-0.1691327560883877,-0.1499429814237132,0.1827123354798797,0.01653794918708118,0.014393898083432452,0.048775541237225495,48.27642770634192,0
2018-11-09,1.0705601374437865,36.34596804113064,0.0730371779198435,0.2421699340082312,0.2599208487733062,-0.006382002642446705,0.014455902711259664,0.04108897094863906,46.55789624256272,0
2018-11-12,1.0714276148277546,35.8925950646969,-0.0457814842346877,-0.1188186621545313,0.1869699169009905,0.0008103023395205078,0.013925211559941262,0.04543643911223616,54.01872908985097,0
2018-11-13,1.0501360076228954,35.781636810868164,-0.058114082425007,-0.0123325981903192,0.1645185727562369,-0.019872184466966702,0.014317690766446713,0.012310627707873723,47.91843262810707,0
2018-11-14,1.0533952103471806,36.71945034813544,0.1530640401610128,0.2111781225860198,0.2978430136044758,0.0031036005818549928,0.013899470265888433,-0.0075365837602962005,58.29688308921884,0
2018-11-15,1.0494073079813435,36.51790650691212,0.1479385557413906,-0.0051254844196222,0.2614506592766094,-0.003785760867967891,0.01389147992899768,0.0028982827551971013,56.58945321047871,0
2018-11-16,1.0440010998588796,36.3425988760596,-0.0006738330142042,-0.1486123887555948,0.2282043395216315,-0.005151677600629068,0.013851812724763162,-0.018643826953436804,55.90512792812345,0
2018-11-19,1.050062767665318,36.243955161731726,0.0702720194069641,0.0709458524211683,0.2065885203042722,0.0058061891000478205,0.013952309059392293,0.00039522713238149265,54.07970170328522,0
2018-11-20,1.0437244477420091,36.16198261893463,0.0760691616132973,0.0057971422063332,0.1871707106016854,-0.006036134332618404,0.013038147352599658,-0.019607228978413604,43.59435981067396,0
2018-11-21,1.0379518432476522,35.99372526965044,-0.145145015697004,-0.2212141773103013,0.1550829306013482,-0.005530774436533825,0.013084249871703296,-0.020714821013979146,46.727200482301214,0
2018-11-22,1.0450851516358977,35.77138743891579,-0.1493038135992677,-0.0041587979022637,0.1145750788095362,0.0068724849179186975,0.011396566507342835,-0.0300260778287188,42.0787088535207,0
2018-11-26,1.044774021970751,35.91742293577824,-0.0850351880562669,0.0642686255430007,0.1309875975944914,-0.0002977074783423461,0.01139979931696044,-0.024086564193026905,47.66744104830378,0
2018-11-27,1.0525541037437434,35.68103180639445,-0.1125846710674594,-0.0275494830111924,0.0879637463257476,0.007446664646501011,0.011445642828111509,-0.017615292739160404,43.811129364711356,0
2018-11-28,1.0581607458440945,35.274559326518364,-0.1774846584832516,-0.0648999874157922,0.0181258301806114,0.005326702048292997,0.011204801383307404,0.007641618002761419,49.11073317556534,0
2018-11-29,1.0619919215181768,35.17393487058317,-0.1639580798134545,0.0135265786697971,-0.0040114881040251,0.003620598939366504,0.00995780166796128,0.008160955248849966,40.86383540984636,0
2018-11-30,1.066991085516138,35.2371598325514,-0.1068455212728807,0.0571125585405738,-0.0003769972213869,0.004707346540654189,0.009418023082912678,0.016755912981603727,47.84077227145156,0
2018-12-03,1.0808162029314374,35.15019289717338,-0.1534460077209729,-0.0466004864480922,-0.0206618435329778,0.012957106767777615,0.009123789113588448,0.03526347153995735,54.9101372195404,1
2018-12-04,1.055557290352375,35.26315715179892,-0.0835749309190987,0.0698710768018742,-0.0092377633008591,-0.023370220126746832,0.01016082851823973,0.005232565953436685,52.72230816948816,0
2018-12-05,1.0510565466686708,36.35573635684481,0.2162354060652802,0.299810336984379,0.1597673118574069,-0.004263855429582519,0.00965730249383629,0.0070249374176525325,48.840097909438185,0
2018-12-06,1.0322679118566471,36.45218692294537,0.2556504104724411,0.0394150044071608,0.1687874881668056,-0.017875950510535588,0.010379716785512581,-0.005476103181454528,42.58764550495606,0
2018-12-07,1.0384338549556276,37.06254472693343,0.3650769788764094,0.1094265684039683,0.2614274082034783,0.005973200395128275,0.009670399899561945,-0.006364358607390708,47.60802609068402,0
2018-12-10,1.0208247532139256,36.99100306915477,0.3681620343962777,0.0030850555198682,0.2432434171172374,-0.01695736484097432,0.010208449436159785,-0.02292291754311626,38.57183651308737,0
2018-12-11,1.0140997294112601,37.05956971290047,0.3592825122203109,-0.0088795221759667,0.2479326142901308,-0.006587833789779007,0.010222854865444454,-0.03653434459635663,38.45558556019412,0
2018-12-12,1.0332692586782746,37.07266332035327,0.1433853927016954,-0.2158971195186154,0.2438506328569775,0.018903002053006546,0.010467823166683946,-0.023523351497946487,48.34776443054195,0
2018-12-13,1.0376701797683803,37.846204650109264,0.2788035454327726,0.1354181527310771,0.3664557382872537,0.004259219998217434,0.010493413003668402,-0.022902002601891014,47.332208852354675,1
2018-12-14,1.0233336696086643,37.78971652061214,0.1454343587357414,-0.1333691866970312,0.3510411976859836,-0.013816056815775468,0.010881216503725488,-0.04091638299522915,42.993234466402235,1
2018-12-17,1.0264408284157722,38.06207741924017,0.2142148700170878,0.0687805112813464,0.3907120694562792,0.003036310540134979,0.010878775386127512,-0.05030954788444686,41.197252795312885,1
2018-12-18,1.0077741297667293,37.94596266107686,0.1772785896352786,-0.0369362803818091,0.3650361957509389,-0.018185849717078595,0.011422202188211012,-0.04526818299904345,34.38927716181573,0
2018-12-19,1.0026012658505692,38.41538150564955,0.2685436370592526,0.091265047423974,0.4384437634952035,-0.005132959621971578,0.01140714292769133,-0.046101497556607085,31.75136801311828,0
2018-12-20,0.9810031957787645,38.18208587386889,0.0671762447519199,-0.2013673923073327,0.3925704848668949,-0.021542033515668524,0.012205860744368649,-0.049662219942182895,26.024597829423925,0
2018-12-21,0.9647987095651919,39.13584844785864,0.2692263854493077,0.2020501406973878,0.5496718469549288,-0.01651828075922701,0.01235540566396031,-0.07090980811058223,18.075245560164632,0
2018-12-25,0.9184973891159766,39.08726598783327,0.2050377137186174,-0.0641886717306903,0.5352535970453217,-0.04799065337689146,0.015755077434759724,-0.10023989306272751,16.199278573628177,0
2018-12-26,0.9263677235982507,42.3957495142858,0.8899573706417812,0.6849196569231637,1.0986369425594045,0.008568706428059736,0.015808513281650047,-0.08651220710209895,19.7528425292804,0
2018-12-27,0.9668815289627781,42.50416879509378,0.8177574578888525,-0.0721999127529287,1.1096327921293734,0.04373404246767287,0.019246974050300906,-0.06425017405474498,35.65092262886441,0
2018-12-28,0.9629021983910658,45.419357197988695,1.4474542648239606,0.6296968069351081,1.6033277176785676,-0.004115634079783437,0.019156429883101855,-0.072053705344027,33.26391951849524,0
2019-01-04,0.9472282507216898,45.39320654664342,1.2514716197569555,-0.195982645067005,1.5866376099536932,-0.016277818968080005,0.019188098296537247,-0.07437009173760323,33.551648863970655,0
2019-01-07,0.9741700830672927,45.65146301744927,1.3128394059231994,0.0613677861662438,1.6190241924759667,0.02844280913821562,0.020265339158701306,-0.050924265580077455,41.815575825090185,0
2019-01-08,0.9796455833948075,46.77723936472834,0.8762979700885083,-0.436541435834691,1.7993998142597447,0.005620682078713024,0.019914932151942587,-0.027911558295739103,38.35497137933118,0
2019-01-09,0.990308456118257,46.60762671962972,0.8206915849071876,-0.0556063851813206,1.755561481353949,0.010884418716510691,0.020172206899645044,-0.012260915830665131,39.9871509336287,0
2019-01-10,0.9830047421716613,46.65533056454896,0.2471946733120518,-0.5734969115951358,1.7495468909344545,-0.007375190933160636,0.019893310695163233,0.002040305680460097,41.21266673799152,0
2019-01-11,0.9913932386658514,46.61002974688991,0.2433646400492932,-0.0038300332627585,1.7277952411765842,0.008533525968204447,0.019957174978678976,0.02756484729612141,42.53522873857362,0
2019-01-15,1.0007434601055658,46.5509310931169,0.1798936151335297,-0.0634710249157635,1.7012788699625616,0.009431395207311732,0.019796684295484434,0.08954415327053722,48.440656142781236,0
2019-01-16,0.9975503658855889,46.686182731073366,-0.0182113267309915,-0.1981049418645213,1.708232151768096,-0.0031907220454282514,0.019759006656450237,0.07684058983709674,48.86982744553355,0
2019-01-17,0.9997171678792945,46.98740272833559,0.0759552017411735,0.0941665284721651,1.7431226713025454,0.002172122900062412,0.019235448121350168,0.03396035391403207,54.58617878983335,0
2019-01-18,1.007471225773508,47.00934618669833,0.0708031244298723,-0.0051520773113011,1.730118526765522,0.0077562516113052205,0.01930606230054555,0.04628614147616794,60.90948337536229,0
2019-01-21,1.0122839330753444,47.34276866807225,0.1465477842364677,0.0757446598065954,1.7697318478065658,0.004777017128346772,0.019118308848763758,0.06868004866207156,80.4330398889949,0
2019-01-22,1.0065998783676204,47.400754412587936,0.1699646638942056,0.0234168796577378,1.761803478799567,-0.005615079447577109,0.019135080563509824,0.0332896645709122,76.40945488830164,0
2019-01-23,1.002272233089566,47.38429158113135,0.1396217700116011,-0.0303428938826044,1.7415442760730768,-0.00429927061492652,0.01871847161607964,0.02309677099380103,65.29228072400804,0
2019-01-24,1.004084177387575,47.5658318267891,0.1156858196906966,-0.0239359503209044,1.7547134783897411,0.0018078364721565432,0.018684693565614707,0.013910535837808657,68.13434906248989,0
2019-01-25,1.0127412372255309,47.56978934975496,0.112088632611325,-0.0035971870793716,1.738028377270331,0.00862184668667898,0.018040204580497637,0.03025061200434842,80.7486082684057,0
2019-01-28,1.0059589772821254,47.44698608839556,0.0208434840646631,-0.0912451485466618,1.7004591009301384,-0.006696932734748695,0.017646171070461396,0.014692190795930316,68.40264895362677,0
2019-01-29,1.0062854380778774,47.17994996379458,-0.0441608897586647,-0.0650043738233279,1.6397533743086408,0.00032452694704709906,0.013139422050224428,0.0055378607937413005,66.39953120490482,0
2019-01-30,1.004280834725385,46.73423598440828,-0.1300111193446156,-0.0858502295859509,1.5507470357457938,-0.0019920822429084772,0.013185994769299403,0.006746996512623449,59.62774086725989,0
2019-01-31,1.0161048072401508,46.69662632877296,-0.1738410996032371,-0.0438299802586215,1.5307944388867194,0.011773571799763571,0.00957581749394133,0.016392275622933994,71.47029945862512,0
2019-02-01,1.0391751142357506,46.86865085162937,-0.1402276996251146,0.0336133999781225,1.54581343432498,0.02270465293660129,0.01043566751349961,0.0314687781161207,76.03485879091662,0
2019-02-04,1.0585125837494664,46.31282455038743,-0.2268323076016258,-0.0866046079765112,1.440762757538007,0.01860848017702721,0.009786088531874378,0.04566767204699018,78.3870953914903,0
2019-02-05,1.0580063538772082,46.214555620496,-0.1930788686597182,0.0337534389419076,1.4127759294464584,-0.0004782464375293616,0.008251797663671043,0.051069423526011626,80.51311639745451,0
2019-02-06,1.058719428164987,46.04345184580252,-0.13815682772114,0.0549220409385782,1.3731629187656844,0.0006739792111509768,0.008280064475696949,0.05631922466954831,80.22289934303132,0
2019-02-07,1.0529932982458874,45.89374880077331,-0.1605755055999367,-0.0224186778787967,1.3372097067632105,-0.005408543346582695,0.008360028514673195,0.04871017984325188,73.81262095671903,0
2019-02-08,1.0436656534604054,45.8229869363497,-0.209132783055935,-0.0485572774559983,1.3149041376495323,-0.00885821856703195,0.008463823970678455,0.03053535799489504,65.67536413855423,0
2019-02-12,1.0828783737789918,45.9893911132127,-0.0646866874349498,0.1444460956209852,1.331840290003382,0.03757210960097379,0.011428640562380975,0.07646375074328104,78.5414615318634,0
2019-02-13,1.0945974744619151,46.32139195338018,0.0213672665768456,0.0860539540117955,1.3760547505503309,0.01082217630963167,0.011464501435124516,0.0877604236753382,82.73504150267996,0
2019-02-14,1.0944877058835472,46.349490984037615,0.06120782764701,0.0398405610701644,1.3689242421256078,-0.00010028214108748212,0.01137510335342278,0.08982235649536086,82.44530723813723,0
2019-02-15,1.0854678502821768,46.36164532722427,0.0935793052901985,0.0323714776431884,1.3597081897340677,-0.008241166669011424,0.011730080820949323,0.06826366979841714,76.03337013225605,0
2019-02-18,1.0987189926069054,46.24202125191284,0.0838068631126276,-0.0097724421775708,1.3288405748866587,0.012207770429390363,0.01184304793781613,0.057299176582905176,81.73485472270627,0
2019-02-19,1.1017614032335168,46.47414242070104,0.0969502614976676,0.0131433983850399,1.3558495557035026,0.002769052548543538,0.011848284681470604,0.04085810612742491,82.06809227606382,0
2019-02-20,1.108280190158922,46.45051807888914,0.0258252251017907,-0.0711250363958768,1.341112141429745,0.00591669567138009,0.011618235958862341,0.047517518299846184,83.90282172837291,0
2019-02-21,1.108740599445821,46.40390311756454,0.010882426705379,-0.0149427983964116,1.3229045582116177,0.00041542679458417275,0.01146891998774846,0.047246862530455846,82.61478004939565,0
2019-02-22,1.1067772754004035,46.31300919582383,-0.0097272262800842,-0.0206096529854633,1.297794909941761,-0.0017707695076728536,0.011550970813938228,0.05107722645919144,77.95601772957326,0
2019-02-25,1.1142930715394423,46.28592478843528,0.0087807073044885,0.0185079335845728,1.283288740996911,0.006790703338501292,0.011527511233837225,0.06767245606374295,75.56711522605931,0
2019-02-26,1.1114568106576275,46.44838244383397,-0.0051519953734171,-0.0139327026779056,1.2993801329729655,-0.0025453455237736122,0.0113445345646071,0.026391178890112776,73.98679416727394,0
2019-02-27,1.1130672069579453,46.4565431041168,0.0012050050455343,0.0063570004189514,1.2908614841480823,0.0014489058727931159,0.01132260118288776,0.01687353838004202,74.19462466848384,0
2019-02-28,1.103917733222128,46.449776399969046,0.0091746564809014,0.007969651435367,1.2802222645596115,-0.008220055068213883,0.011610348993230676,0.008615928061949552,72.0000497998597,0
2019-03-01,1.1099202809901574,46.59585632788984,0.0565694264132048,0.0473947699323034,1.2939712004635002,0.005437495555496774,0.011496048593925171,0.022527088850788024,79.46955464210993,0
2019-03-04,1.117948005745615,46.57873590951558,0.058562224216061,0.0019927978028562,1.2817212333551948,0.007232703909415994,0.010698543783401319,0.01750130221475965,71.58742350467371,0
2019-03-05,1.1147084910852196,46.50401618017156,0.011126747267518,-0.047435476948543,1.2604049383067688,-0.0028977328496013754,0.010191446942686207,0.011751262853921807,63.82249634233162,0
2019-03-06,1.1111327448723032,46.23663681746925,-0.0439812573295128,-0.0551080045970309,1.209038265975029,-0.003207785929247975,0.010253466023847514,0.002573856989153578,60.92002281321612,0
2019-03-07,1.1030759538753692,46.055375462945904,-0.0788801874046285,-0.0348989300751156,1.1720351402630416,-0.007250970718048588,0.010478484216728106,-0.005109081035981955,61.69968612946245,0
2019-03-08,1.085154265603103,46.1313383697708,-0.0929035916238092,-0.0140234042191806,1.1761155896116788,-0.016247012011550988,0.011146527850524305,-0.01953691160624693,41.51365162771399,0
2019-03-11,1.088762370558582,46.45261780866632,-0.0252236201698465,0.0676799714539626,1.218783105388028,0.003324969610172257,0.010876631453822908,-0.022912016266590007,41.924718935861776,0
2019-03-12,1.1042137625093744,46.49315096958626,-0.0021730421170644,0.0230505780527821,1.21719060973609,0.014191702770610215,0.0076493341138071345,-0.006516715790303662,47.7261991744639,0
2019-03-13,1.0947816624896058,47.01940913957799,0.1565544644217453,0.1587275065388098,1.2908750840105114,-0.008541914926267324,0.007566222126362551,-0.016428068632364567,42.90638538087144,0
2019-03-14,1.0919574346855785,47.11204409074711,0.2113337255602445,0.0547792611384991,1.2965225565163108,-0.0025797178568052193,0.007588844889881266,-0.010834411094782892,42.53421800786495,0
2019-03-15,1.1008281471646337,47.03878671922125,0.1814896698900909,-0.0298440556701535,1.276554637114732,0.008123679730803302,0.007545648603798407,-0.008191699873627445,43.308136065783074,0
2019-03-18,1.106334859019917,47.332287547281766,0.1759339477230881,-0.0055557221670028,1.3131508373315426,0.005002335622927623,0.007129315252519148,-0.0103879130925707,47.520287623164805,0
2019-03-19,1.1066426851796494,47.41037037278903,0.18344388064056,0.0075099329174719,1.3160658932791038,0.0002782395919487257,0.007106914504013409,-0.0072357983904095535,46.84993900642535,0
2019-03-20,1.109694508058795,47.35827795283888,0.0677737626521732,-0.1156701179883867,1.2993628237172803,0.0027577310364186314,0.0070086550444196875,-0.0012943879299259775,53.01259958748996,0
2019-03-22,1.1121347909331714,47.603112186712906,0.0982136191931601,0.0304398565409869,1.3279951639598566,0.0021990582603181874,0.007024382580531864,0.008212342065817335,51.19943586524584,0
2019-03-25,1.0850089776944385,47.57563981770035,0.1073706196958141,0.009157000502654,1.3149437240055808,-0.024390760418502966,0.008919711289605725,-0.00013388687053061954,35.21756590899801,0
2019-03-26,1.1096433603093168,48.14593216849075,0.1627289242417973,0.0553583045459831,1.3921839830041105,0.02270431224193592,0.010256599452550311,0.01917864753171239,48.09305691554064,0
2019-03-27,1.0527089874933133,48.94511089413084,0.3069481042683719,0.1442191800265746,1.50209830093425,-0.051308713098713765,0.015373359104490336,-0.046643844484435926,34.308712240929,0
2019-03-28,1.0359349658063608,47.3110427759289,-0.0094470353820028,-0.3163951396503748,1.246234649147733,-0.01593414883527733,0.015621946024434983,-0.05375199338781744,32.774067074604815,0
2019-03-29,1.040943516138043,47.88609189127091,0.056595940911599,0.0660429762936019,1.324188202336399,0.004834811544162543,0.015685474850321353,-0.04671786365209796,37.85220879418201,0
2019-04-01,1.0566161465927844,47.59646672989191,0.0041653824383161,-0.0524305584732829,1.272081868078739,0.015056177604033438,0.016093919174359032,-0.040162491017080915,41.716378672323415,0
2019-04-02,1.0553861415495003,47.728047551430535,-0.0835769234120462,-0.0877423058503623,1.2858734988304144,-0.0011640982841786274,0.01594004329984331,-0.04605180525139674,36.42270136787684,0
2019-04-03,1.0621019631283475,47.4598898907022,-0.2970442006857254,-0.2134672772736792,1.240177606456504,0.006363378591448088,0.016069592431275766,-0.0402485125938109,40.773512309451974,0
2019-04-04,1.0622262777188085,47.54238880896722,0.0462692066076613,0.3433134072933868,1.2484454968593572,0.00011704581553995119,0.016076788239551686,-0.04277594418577724,41.47602562674867,0
2019-04-05,1.065576129435489,47.45623690924001,-0.085970996406175,-0.1322402030138363,1.2317318665135215,0.003153614052812337,0.01607046512299112,-0.04186422534144063,39.562776062131626,0
2019-04-08,1.061478993263776,47.426368145236665,-0.0340197169310485,0.0519512794751264,1.223139197908947,-0.0038449962030245866,0.015710916818802358,-0.021686442153374563,36.607537391635056,0
2019-04-09,1.062873568577225,46.70499205115139,-0.2046111000558355,-0.1705913831247869,1.113010547367668,0.0013138039681417357,0.015688313199381007,-0.04214848969046636,37.01626027106506,0
2019-04-10,1.055468482404556,46.7901413925422,-0.1339496996319908,0.0706614004238446,1.1227885544111529,-0.006967043298086395,0.015312951425949631,0.0026213273981952057,34.319294653059416,0
2019-04-11,1.0538018496815182,45.79751281637503,-0.3489751985184384,-0.2150254988864475,0.9739140474505916,-0.0015790454673177967,0.015238745918485404,0.01724710958206721,33.05587093849705,0
2019-04-12,1.05531904443044,45.97992411417396,-0.2952625590132172,0.0537126395052212,0.9989032576935912,0.0014397343764200876,0.015254324245479687,0.013810094466730538,39.868616555003456,0
2019-04-15,1.0672774304481571,46.15669901376189,-0.2539338262949542,0.0413287327182629,1.022963165460005,0.01133153625989114,0.015378221376934799,0.010090025492939692,34.17393368619096,0
2019-04-16,1.0686014992148072,46.33682860321825,-0.0736326895866241,0.18030113670833,1.0470813221025037,0.0012406041099304321,0.01531827234789595,0.012521822245935788,60.156481375094884,0
2019-04-17,1.0720206579214535,46.06192153636562,-0.1456439712353159,-0.0720112816486917,1.0043514258056991,0.0031996574112600484,0.015351219005044629,0.009338740664682765,77.80810288455845,0
2019-04-18,1.0650196853403215,46.61080793924782,0.1626590245745589,0.3083029958098748,1.082476871343422,-0.006530632156572569,0.015356961975005577,0.0026297670092592096,68.00064952560359,0
2019-04-19,1.0655460943309623,46.6897645126727,0.141968079699744,-0.0206909448748149,1.0907622668270949,0.0004942716063247587,0.015337507770932702,-2.8186728002976835e-05,58.63136915130538,0
2019-04-22,1.0663758897669624,46.668680669813575,0.1023963312103362,-0.0395717484894078,1.084331759342092,0.0007787513279950975,0.014410208441828243,0.004613276884669837,60.70511974130341,0
2019-04-23,1.0694292616435845,46.45055567211982,0.0227454137803135,-0.0796509174300226,1.0496212146783088,0.0028633166840348334,0.01335368844710886,0.006167895467694251,57.685931163216125,0
2019-04-24,1.0625126372035572,46.64796241389717,0.1172081755063132,0.0944627617259996,1.075865019805608,-0.006467584802567816,0.006705805646982927,0.006673960346928798,50.26291163843714,0
2019-04-25,1.0671740072212714,46.36574795739025,-0.0490119963715187,-0.166220171877832,1.032261385182001,0.004387119601685585,0.005522112811011179,0.012689442084196978,51.432540238403085,0
2019-04-26,1.0777359375147875,46.47981166690373,-0.0419905691537891,0.0070214272177295,1.047086605165303,0.009897102273899394,0.005792370429503086,0.021241816114903944,63.06081286118006,0
2019-05-07,1.0683047614423105,46.44393457981685,-0.0449492179993455,-0.0029586488455564,1.0396491189657364,-0.008750915455436048,0.005343724525902009,0.0009625716471133305,53.86439776667228,0
2019-05-08,1.052223170147446,45.267863053888334,-0.2365385236463026,-0.1915893056469571,0.8670744506895443,-0.015053374163710331,0.006381786642684358,-0.015326881984908058,47.94466976756567,0
2019-05-09,1.0420269138940697,45.82669217056362,-0.1642540486667059,0.0722844749795967,0.947479569453626,-0.009690203126726082,0.006529860707708195,-0.02797869966940647,43.26979659662826,0
2019-05-10,1.0769381370546427,45.81343824636585,-0.1104619422048855,0.0537921064618203,0.944684072605497,0.0335031875809324,0.010102587980952862,0.011190827623540844,58.942944975591146,0
2019-05-13,1.0711701503531519,45.725314556873535,-0.1508994220060344,-0.0404374798011488,0.9307521953714772,-0.005355912752115777,0.010174344419959177,0.005278097355066347,51.697180954809006,0
2019-05-14,1.0657673060234873,45.62558253250312,-0.1636704094627461,-0.0127709874567116,0.9151928616499586,-0.005043871254145071,0.010203605158318928,-0.0005707028350088184,48.806763117353,0
2019-05-15,1.0740215600805127,45.69381729948906,0.0851908491201456,0.2488612585828917,0.922786537940056,0.007744893289908683,0.010339308367804077,0.004294158203479892,50.809453909411296,0
2019-05-16,1.0662651334534066,45.674927810582,-0.0303528719963139,-0.1155437211164596,0.9171564305933336,-0.00722185374614337,0.010349239558845147,0.003531719170630998,50.50077824606724,0
2019-05-17,1.0782733428568378,45.48826868913402,-0.0650339114463776,-0.0346810394500636,0.8872683710647304,0.011261935729380168,0.010604757562296244,0.01040068026438079,54.68488618649212,0
2019-05-20,1.0806846254647817,45.59804295860819,-0.0254543196530647,0.0395795917933128,0.9003762009469024,0.0022362442917815972,0.010607195107867924,0.0027360022500444448,55.20641227441345,0
2019-05-21,1.0796783929582958,45.40808596026026,-0.0434993144485744,-0.0180449947955096,0.8700017658492234,-0.0009311065252298745,0.01034439822187867,0.010646429676705704,53.7856717077907,0
2019-05-22,1.0758172118156206,45.40475239346104,-0.0578129812056076,-0.0143136667570331,0.8665862912496705,-0.0035762326706341163,0.010385379132313953,0.02242303946307178,55.02772922521553,0
2019-05-23,1.0697095744414813,45.41143444426047,-0.0526986732643024,0.0051143079413051,0.8645836256270774,-0.005677207342529522,0.010448353640425324,0.026566166553185333,50.94781726164398,0
2019-05-24,1.0708117240437856,45.39144413043526,-0.0193649117397498,0.0333337615245525,0.8586349960478061,0.0010303260143107451,0.010337982465364447,-0.00568873252795421,47.21468231991004,0
2019-05-27,1.0767333071157816,45.19991588845605,-0.0796254140304242,-0.0602605022906743,0.8280110557806704,0.005529994619067002,0.010403529130925638,0.005193532288773728,53.488958254819,0
2019-05-28,1.0795353104195053,44.48554132163495,-0.1845089277250693,-0.1048835136946451,0.7227027206643226,0.0026023187777384216,0.010413411493625862,0.012918396274875565,62.70222569458487,0
2019-05-29,1.0715228341656562,44.51751429107183,-0.1774476204778423,0.0070613072472269,0.7252199355664898,-0.00742215301020166,0.010552154637835102,-0.0023265137383919887,64.00227059551568,0
2019-05-30,1.069154997305294,44.14624274606629,-0.2530383396388345,-0.0755907191609921,0.6700253754599073,-0.0022097866558353774,0.01045411012593341,0.0027102676072017218,44.65312258201301,0
2019-05-31,1.0536409909475921,44.02381862670748,-0.2735251007455588,-0.0204867611067243,0.6507537998095718,-0.014510530649722075,0.010915110779814692,-0.022844255654121404,39.37988732659256,0
2019-06-03,1.0432006503777236,43.79540308501237,-0.2809025606887374,-0.0073774599431786,0.61643632849429,-0.009908821562151893,0.010812330104411232,-0.03468539683437899,37.11443160390678,0
2019-06-04,1.0392627552452076,43.83772029571181,-0.1295642051846215,0.1513383555041159,0.6207790991445639,-0.003774820434678694,0.010695060849921558,-0.037433033741047894,29.123655576400907,0
2019-06-05,1.0602729180065216,43.12475099107159,-0.2785526600000523,-0.1489884548154307,0.5170674761434441,0.020216410773189697,0.011207497387433788,-0.014448824241123148,46.895321577373124,0
2019-06-06,1.059342433204436,43.712659915225615,-0.0867165661681284,0.1918360938319239,0.5998530649656844,-0.0008775898981131514,0.010958729754285355,-0.009691547579592452,38.919608253918426,0
2019-06-07,1.0636414132264955,43.39464600265188,-0.1258345248111183,-0.0391179586429899,0.5526561397015611,0.004058158993079708,0.007895050606964103,-0.0066961452291652845,40.24016003296966,0
2019-06-10,1.0778774374471056,43.44450467571335,-0.0701796818598055,0.0556548429513128,0.5583016461407139,0.013384232734438228,0.008396007006803919,0.001062593981037585,49.1043833067812,0
2019-06-11,1.0830502363692822,43.27502043001115,-0.1125399731401373,-0.0423602912803318,0.5327006545108967,0.004799060396354582,0.008351835345265788,0.0032559620012901913,53.550669400072636,0
2019-06-12,1.07730179451727,43.35082486808608,0.045214775402897,0.1577547485430344,0.5425570709918126,-0.005307641011448094,0.00829345555485235,0.005393221840310769,53.74018736484718,0
2019-06-13,1.070212448714832,42.47412988131493,-0.2477060067821384,-0.2929207821850355,0.4165441042475539,-0.006580649766405378,0.008264504356093733,0.0009890534227525727,49.72122159495872,0
2019-06-14,1.07363100466204,42.306769880676704,-0.2175752243950341,0.0301307823871042,0.3920410758919241,0.003194277875681051,0.007885227909953458,0.018972319685920613,48.522422566550944,0
2019-06-17,1.071919621172287,38.2193555830213,-1.04502981853841,-0.8274545941433757,-0.1917544414925254,-0.0015940145937679562,0.007869792834060337,0.027529671098426522,46.33468951456869,0
2019-06-18,1.0652741972879363,38.24215568054941,-1.0065729498923446,0.0384568686460653,-0.1863259165214011,-0.006199554288485842,0.007976736282408133,0.025028744570559924,46.952529045729804,0
2019-06-19,1.0835399753953545,34.585058581053424,-1.753153257406538,-0.7465803075141935,-0.7058842205820678,0.017146550769671087,0.008871173141068658,0.021944404118685368,56.07373079846025,0
2019-06-20,1.0873082372551375,35.1404321748669,-1.4667395412895985,0.2864137161169395,-0.622055166752891,0.00347773219756653,0.008777059667372739,0.02639921065571471,65.78045494195163,0
2019-06-21,1.076692888593923,34.84593984873441,-1.4921660063884588,-0.0254264650988602,-0.6597245926154549,-0.009762961686018645,0.009091737667468396,0.012270559612601595,65.67271294897569,0
2019-06-24,1.0788057769430037,33.035279563306965,-1.036815203942865,0.4553508024455936,-0.912503894383651,0.0019623872057332736,0.009018697866188983,0.0008612662846871899,68.82572906001428,0
2019-06-25,1.038826172098143,33.15016929022226,-1.0183972780654358,0.0184179258774292,-0.8899387460506405,-0.03705913121651072,0.012234627716859703,-0.040832883633719286,41.351652743853464,0
2019-06-26,1.0242493735446812,32.96369630127993,-0.3242724559546985,0.6941248221107372,-0.9102575926274812,-0.014031990091297741,0.01247992974393744,-0.04924564429632383,37.251833462415,0
2019-06-27,1.0365050851321433,32.937991873889786,-0.4404880601954204,-0.1162156042407218,-0.907636311391336,0.011965554389404387,0.012874378612232324,-0.031495955427509936,40.6809734251538,0
2019-06-28,1.0348797980051756,33.29159009608118,-0.3108699505306447,0.1296181096647757,-0.8522851638737459,-0.001568045492763348,0.01250436969554571,-0.03609359872115714,33.8337270842441,0
2019-07-01,1.056738089867919,33.31465329051282,0.0558747454411729,0.3667446959718177,-0.8440498289994458,0.02112157557319927,0.013222183486121761,-0.014162938157401106,41.2100122714761,0
2019-07-02,1.0591069322858557,34.50485887501231,0.2709379169580046,0.2150631715168316,-0.6713470800072097,0.0022416551846189403,0.013182717367628672,-0.00578936861305912,43.78129985895933,0
2019-07-03,1.0527073966356733,34.57379717871378,0.3220201754867702,0.0510822585287655,-0.6577498987517237,-0.006042388596560699,0.012458951731396398,-0.028455414160821646,43.988720394307386,0
2019-07-04,1.0590206278581076,34.528296753518866,0.3180609759258175,-0.0039591995609526,-0.660358788946664,0.005997137706651001,0.012536297556246058,-0.026016182373860053,45.080561541486276,0
2019-07-05,1.0611204945990913,34.63031204223231,0.2677443892302236,-0.0503165866955939,-0.6421418910748586,0.0019828383751416823,0.01251002431772604,-0.014463171587552837,46.37332977146272,0
2019-07-08,1.0528891417113908,34.5243927868596,0.2419478992693626,-0.0257964899608609,-0.6532313891772953,-0.007757227317346738,0.012205166814483945,-0.024023448692546356,45.88456511593544,0
2019-07-09,1.0531900635676432,34.55479578659462,0.00998738231646,-0.2319605169529026,-0.6450934118359013,0.0002858058311470124,0.012131846343156444,0.013827040418599612,38.54771680487596,0
2019-07-10,1.0514431739474566,34.610968624695545,0.0074342891963539,-0.002553093120106,-0.633411761437419,-0.0016586651171670574,0.01209620779963378,0.026549980019674457,36.256971637347654,0
2019-07-11,1.0554400765825565,34.58633744391205,0.0116081380786283,0.0041738488822744,-0.6331637642874165,0.003801349168585322,0.01207336285361349,0.018268112450214424,41.42105561532843,0
2019-07-12,1.0555490873815396,34.48286695885832,-0.0294890166747947,-0.0410971547534231,-0.6439692041945776,0.00010328468797227153,0.012041643567830447,0.019972647467083604,40.457795592844356,0
2019-07-16,1.0504697963725476,34.62971085111877,0.0210636128518331,0.0505526295266278,-0.6194145094103597,-0.0048119893898938,0.01207455522578105,-0.005931738011028753,56.69466727735339,0
2019-07-17,1.0499516882735989,34.67770424393765,0.0245816914686116,0.0035180786167785,-0.6089653672531934,-0.0004932156076622451,0.012010992453596879,-0.008644305625020499,67.62768944818885,0
2019-07-18,1.0304367649692394,34.44631078587016,-0.0329315677650754,-0.0575132592336871,-0.6376903929020536,-0.01858649642865684,0.011880582549883842,-0.02115557631456577,46.21498608958597,0
2019-07-19,1.0493579789637182,35.91677532273745,0.2660875757650771,0.2990191435301526,-0.4283271139911643,0.018362324247081396,0.012708275351886542,-0.009124136622279289,57.42787877588274,0
2019-07-22,1.0456146343869852,36.71920302315088,0.447267212858506,0.1811796370934288,-0.3134157498877899,-0.0035672712761279923,0.012576144738717038,-0.01461272333446395,42.99031135524194,0
2019-07-23,1.0529540037906835,36.83407115296186,0.4408720603686262,-0.0063951524898797,-0.2951165934384477,0.007019191547563919,0.0126972900892503,6.160390180043329e-05,46.35118053766821,0
2019-07-24,1.0579984312273294,37.0626189479892,0.4769829408103092,0.0361108804416829,-0.2611393686382631,0.004790738644314674,0.009515043356943366,0.004565526988925539,53.18895112635763,0
2019-07-25,1.0582502353252305,37.0367451087621,0.518086864578386,0.0411039237680768,-0.2628028714042918,0.00023800044543453858,0.008843166382161219,0.006474017375773133,49.499077818119105,0
2019-07-26,1.054947471422452,36.0666697441598,0.0299788842844677,-0.4881079802939183,-0.3965992824016123,-0.0031209668493610287,0.008557672619134276,-0.00046672963348093344,46.04801690294121,0
2019-07-29,1.0531873541210732,34.88682019182983,-0.366476566264204,-0.3964554505486717,-0.5587195042639008,-0.0016684407035030269,0.008559236246361518,-0.0022374452204065864,50.208164321127974,0
2019-07-30,1.0562913590987835,34.66110579077673,-0.4345930724370248,-0.0681165061728208,-0.5868985206071832,0.0029472486215909033,0.007149328071146957,0.005541865883568198,52.08330314895787,0
2019-07-31,1.0483648286160392,34.4901048275361,-0.5145028240906271,-0.0799097516536022,-0.60937939048524,-0.007504113722474393,0.0073188436081399605,-0.0015113644516052682,48.090636313548956,0
2019-08-01,1.0536053429253944,34.41013608501979,-0.525321804748458,-0.0108189806578309,-0.61892535138641,0.004998750593601331,0.007293893080238602,0.022484230710505315,48.87928400199543,1
2019-08-02,1.0333751210144047,33.60818461153736,-0.4916970265244913,0.0336247782239667,-0.7289462833276088,-0.01920094848306242,0.00831992803615844,-0.015231082499698734,39.12791817009682,0
2019-08-05,1.0142291566785904,34.352127808977855,-0.1069384765703986,0.3847585499540926,-0.6238657232146452,-0.01852760333248571,0.009132397177241444,-0.03001629536946493,34.384864462734285,0
2019-08-06,1.0080040818245652,34.66622101962446,0.0010230457695499,0.1079615223399486,-0.5793662843315561,-0.006137739990054181,0.009087763581381468,-0.04268934996618701,32.77309579489214,0
2019-08-07,1.0098204451778805,34.59456962387577,0.0208929592679325,0.0198699134983826,-0.5888830026434482,0.0018019404743159217,0.009115315107630218,-0.045536916338864586,40.09323402130913,0
2019-08-08,1.00894620194291,34.445964808135166,0.007165744623073,-0.0137272146448594,-0.6089292771141582,-0.000865741270287379,0.009118879571009536,-0.046590146391196297,26.50607684086505,0
2019-08-09,1.0119509240841285,34.1489054147482,0.1081441606421762,0.1009784160191031,-0.6496958007946061,0.0029780796393625852,0.009093034774810469,-0.04075705047223688,30.259621515036372,0
2019-08-13,1.0005309339859572,34.01972055274697,-0.066481451246176,-0.1746256118883522,-0.667704005159921,-0.011285122456414554,0.009304411597024177,-0.049997201285292614,20.663133106570825,0
2019-08-14,1.0080959221535275,34.242364081868686,-0.0847713875511573,-0.0182899363049813,-0.6370884520274851,0.007560973789618508,0.009559649524220528,-0.04562702944609509,22.839896593799622,0
2019-08-15,0.9984750868328759,34.20527899932202,-0.0778581249107475,0.0069132626404098,-0.6429486305993227,-0.009543571310257182,0.009697137454056483,-0.047588149107428035,20.477423519865383,0
2019-08-16,0.9987081546753498,34.38767344710147,-0.0116582722067448,0.0661998527040026,-0.6183670058024686,0.0002334237934900063,0.008933510715034464,-0.05210412857020974,21.355178447782038,0
2019-08-19,1.0033581466570851,34.29427583408316,0.0290740838669876,0.0407323560737324,-0.6326345572281804,0.004656006822380432,0.007778726818948285,-0.0290475101895753,25.345870355387348,0
2019-08-20,1.0095424877256187,34.31149749934179,0.0583553893189616,0.029281305451974,-0.6316758211016452,0.006163642652564416,0.007990789568134047,-0.004620917198160268,27.5541166376329,0
2019-08-21,1.0051518001515016,34.39276578664573,0.0300803409554148,-0.0282750483635467,-0.6218639740580174,-0.004349185524631816,0.007736460062027273,-0.002829633058529679,28.522566473311542,0
2019-08-22,1.004879948612851,34.4118550228821,0.0413152047120135,0.0112348637565986,-0.6213555923138163,-0.00027045819209559063,0.00757366229019706,-0.0048924505228840065,24.5246259953024,0
2019-08-23,1.0071236998002717,33.79361959898713,-0.1188107696228613,-0.1601259743348748,-0.7106592065859595,0.0022328549699075495,0.0076252000863731816,-0.0018063422401797258,33.09541750144868,0
2019-08-26,0.9916613037629003,33.79930674485357,-0.0989938178459155,0.0198169517769457,-0.7132346235441479,-0.015353025691320576,0.008154455342048603,-0.02005000424263792,34.74367916285381,0
2019-08-27,0.998814178302047,33.73056696624608,-0.1161861066191534,-0.0171922887732378,-0.7252491943293061,0.007213021736357739,0.00846976895351373,-0.001715844683653045,43.86440729736121,0
2019-08-28,1.0010600528575844,33.73811471546341,-0.1309302142364572,-0.0147441076173038,-0.7261183844469985,0.002248540924153941,0.00844703975373306,-0.006979364901023355,44.184521331628474,0
2019-08-29,1.0005470429631413,33.77408551860041,-0.1275539008563413,0.0033763133801159,-0.7230460978298112,-0.000512466652703436,0.008379878272900276,0.0020751205088527236,44.397451784843234,0
2019-08-30,1.0133507612934616,33.57245715296718,-0.044232489203992,0.0833214116523493,-0.7534041167411485,0.012796717975800176,0.008902368975130042,0.014661547069145131,50.8257907689668,0
2019-09-02,1.0116107482039913,33.905314297459064,0.0212015105211023,0.0654339997250943,-0.7083208326067748,-0.00171708864880038,0.007918993025906266,0.008224980854943498,57.37892764776609,0
2019-09-03,1.0143409293729346,33.91909895492237,0.0377063977352634,0.0165048872141611,-0.7090045050630717,0.0026988455527883204,0.006793462957910756,0.004753085388338851,54.445313628334006,0
2019-09-04,1.0148074949663786,33.93075979760376,0.0385290164280647,0.0008226186928013,-0.7101144951026803,0.0004599692075251127,0.006636709034028098,0.009606205563599035,63.367863903198575,0
2019-09-05,1.032602863561425,34.03563510528962,0.052309917337844,0.0137809009097793,-0.6980554985178243,0.017535708677078876,0.00766915647049707,0.027588285532857082,71.54764111514112,0
2019-09-06,1.0359477556811412,33.52668490677538,-0.0091544492383661,-0.0614643665762102,-0.7730704734364028,0.003239282242719854,0.007667468473286553,0.02862017435056452,71.06754650702403,0
2019-09-09,1.0443588550307166,31.92001515406293,-0.3970598286792182,-0.387905379440852,-1.0032552286544207,0.00811923120972935,0.007809807530552879,0.0531406752162793,71.87719501167041,0
2019-09-10,1.0483415292934823,32.30637234825485,-0.3225453213335072,0.0745145073457109,-0.9497295208548622,0.003813511269216585,0.007204353167903144,0.049586151325595296,77.27854940058324,0
2019-09-11,1.0641497123524843,31.31361176157108,-0.5234296072065376,-0.2008842858730304,-1.0918599889961664,0.015079230019300782,0.007670978677102477,0.0630228519406073,81.29323500812853,0
2019-09-12,1.0722273194938143,31.890899990762254,-0.4289470229054686,0.094482584301069,-1.010456655690473,0.0075906679742205885,0.007167520806478915,0.07164108577882589,82.37875906409617,0
2019-09-13,1.0820671384043077,31.406836727849026,-0.4239696357852764,0.0049773871201921,-1.0857496223540684,0.009176989553986159,0.007225583462381938,0.06781104799599214,97.62619498270264,0
2019-09-17,1.0833225334514953,31.821721782647284,-0.0196586742831286,0.4043109615021478,-1.032741444010901,0.0011601822129436723,0.007252159776684569,0.07088871423600507,97.46892305555708,0
2019-09-18,1.0787165295728676,31.60486174890893,-0.1403021198691831,-0.1206434455860545,-1.0737580986104769,-0.004251738274060335,0.007449774068843253,0.06346544671102827,92.4935024787706,0
2019-09-19,1.0822168283538192,31.68978211175018,0.0752340700358225,0.2155361899050056,-1.0719302166822042,0.003244873592822106,0.007227146897103328,0.06642573465588564,93.27480435056567,0
2019-09-20,1.0832600471943787,31.676231063968608,-0.0429337853587306,-0.1181678553945531,-1.0840985373750889,0.0009639647187398293,0.007196432720760614,0.04905776017145458,92.31729350013762,0
2019-09-24,1.0875468105716568,31.5612344138053,0.0308795371912538,0.0738133225499844,-1.111217335179145,0.003957280053280554,0.007187157062034173,0.04980854932842527,94.59059509878466,0
2019-09-25,1.085092655043752,31.477117607950703,-0.0689208349393197,-0.0998003721305735,-1.1343080934803984,-0.00225659760485597,0.005807438718574044,0.03900364306466031,91.68140764197894,0
2019-09-26,1.0866298435366493,31.25988645924896,-0.0689950579319855,-7.422299266579557e-05,-1.1773689903229585,0.0014166426118100706,0.005811023645389466,0.036522748716223186,91.78503574360614,0
2019-09-27,1.075561904188488,31.29798409398804,-0.0783596035524283,-0.0093645456204427,-1.182291650795692,-0.010185565410331887,0.006640971396267507,0.010724235230750612,77.11538943622496,0
2019-09-30,1.064067620580474,31.497452837493555,-0.035755645295012,0.0426039582574162,-1.1643405209469864,-0.010686770852753935,0.00732805180836779,-0.007610045710449209,66.09339215430447,0
2019-10-01,1.0719479815330295,31.36886168948837,-0.0384745448633871,-0.0027188995683751,-1.1954144722546127,0.0074058836112844695,0.007046654679757445,-0.009351690400838386,65.88615119755394,0
2019-10-02,1.0664506132435605,31.56937285862377,0.0184510501346117,0.0569255949979989,-1.1758573812659134,-0.005128390914647785,0.007202286696305941,-0.01557423545338843,60.248655311189474,0
2019-10-03,1.0496414425785257,31.625587542540373,0.073140216658281,0.0546891665236692,-1.1764184149479833,-0.01576179005037137,0.008297715734252786,-0.026953408237708754,41.88117563996866,0
2019-10-04,1.0526941567041588,32.24819246260471,0.1900416737233392,0.1169014570650581,-1.088962028669339,0.002908339935715487,0.008295825811740078,-0.027279812026733907,38.417884997835785,0
2019-10-07,1.0511873308560045,32.375833377704765,0.1756761080422393,-0.0143655656810999,-1.0779974514778443,-0.001431399460667615,0.007451524084781584,-0.029607587228424048,29.682114678731224,0
2019-10-08,1.0598215605891497,32.43063693353208,0.2123550488087424,0.0366789407665031,-1.0784367469088614,0.008213787856550914,0.0076143044692503214,-0.025493385400057966,35.90570596871153,0
2019-10-09,1.0561102078058262,32.47778372415568,0.181682173106374,-0.0306728757023684,-1.0800972292019986,-0.003501865711488583,0.007498410339505675,-0.026709652031288722,36.295190541923944,0
2019-10-10,1.05738520604094,32.467427942171696,0.1683680799262674,-0.0133140931801065,-1.0912346677867688,0.001207258698656899,0.00746193281785329,-0.02691315508188763,34.52869408507989,0
2019-10-11,1.0680530222845568,32.3654021520725,0.0234419378935584,-0.144926142032709,-1.1171989335832206,0.01008886466603709,0.007017410358594287,-0.006981357255858467,41.539918434391005,0
2019-10-15,1.0852431656429813,32.859039136444274,0.0966411517479031,0.0731992138543446,-1.04873141937608,0.016094840798872356,0.007711692348539265,0.019900563322240217,48.87931626240241,0
2019-10-16,1.0937839414771473,33.872734861794044,0.2884195856523988,0.1917784339044956,-0.8975214017273985,0.007869919023268723,0.007640674747529914,0.020370354084616515,53.99176643529319,0
2019-10-17,1.0887960819534708,33.12050985506826,0.1285452261825099,-0.1598743594698888,-1.0286618753702106,-0.004560187194685317,0.0077238909220462455,0.020953120971957118,50.96435126372952,0
2019-10-18,1.086964756605871,33.23887951773258,0.1542903151121777,0.0257450889296677,-1.0203131655332385,-0.001681972756839789,0.007665685468403722,0.03555815587431255,55.531110884561066,0
2019-10-21,1.0912490352662998,33.58154535460644,0.2432286405067927,0.0889383253946149,-0.9758379427278498,0.003941506506436099,0.007680817868862899,0.036624957321745866,64.176299128719,0
2019-10-23,1.0945461397757321,33.817459109237255,0.1916839945585948,-0.0515446459481978,-0.9486321225989892,0.003021404283420681,0.007701901960640282,0.04124746146285796,62.37767421250882,0
2019-10-24,1.0976178733655684,33.93511462862915,0.0124759533670157,-0.179208041191579,-0.9388251086372824,0.002806399363361356,0.00767934419277952,0.035662902305372945,67.53721861206293,0
2019-10-25,1.0994082900206559,34.07770682406908,0.1914393938001737,0.1789634404331579,-0.9242446745776752,0.0016311839471032652,0.007655354622656266,0.04099769313354695,83.69839268352845,0
2019-10-28,1.097874618678065,34.218676564341514,0.1959594093217802,0.0045200155216065,-0.9039272074150908,-0.0013949970693435398,0.007666988300324212,0.03829201733276122,81.23539852243825,0
2019-10-29,1.1096132811706116,34.153213844744336,0.114333698027579,-0.0816257112942011,-0.9183153273924816,0.010692170392536227,0.007549794165023627,0.0389121682340805,85.38634690772989,0
2019-10-30,1.1102559097256415,34.53065518088572,0.1426392143296908,0.0283055163021117,-0.8579417438626469,0.0005791464160846971,0.0069850188226579435,0.02304805491941586,83.82006266476756,0
2019-10-31,1.1115727090214949,34.465058521980474,0.105988778670266,-0.0366504356594248,-0.8710992699901852,0.0011860322330361495,0.006876312998148403,0.01626351134788462,88.4258515041814,0
2019-11-01,1.143105342066765,34.23677968646012,0.0318145724782112,-0.0741742061920547,-0.9109814624161906,0.028367584764678044,0.00887785933781961,0.04988010244843544,91.84497239712461,0
2019-11-05,1.1624004945187458,33.80715001342881,-0.0823053101825408,-0.1141198826607521,-0.9844007763205522,0.016879592581637848,0.008115396830998496,0.0694003530973979,92.47850816768967,0
2019-11-06,1.1959794240816954,34.19430348854655,0.0082179287604446,0.0905232389429855,-0.9205854151421932,0.02888757336330272,0.009668856717960325,0.09597294973996284,93.44575718887747,0
2019-11-07,1.1999631654209233,33.914108086176704,-0.1233094189418082,-0.1315273477022529,-0.9686005266527304,0.0033309447127709557,0.00952220726788058,0.0963111757598365,93.20270127445531,0
2019-11-08,1.2030036011105696,33.81950982928775,-0.1291097385385384,-0.0058003195967302,-0.9831703611367888,0.0025337741834599026,0.00955878038793252,0.09601313016328938,97.21757408467644,0
2019-11-11,1.203712274699089,33.45478300038367,-0.1563993372152978,-0.0272895986767593,-1.0429200124216478,0.000589086838863162,0.00937782058704506,0.09487283807590119,98.71996567652202,0
2019-11-12,1.2061556351126796,33.41937821218794,-0.0775543602481718,0.078844976967126,-1.0451454867789678,0.002029854197674874,0.009354683129247745,0.09862785293733656,98.69999144753464,0
2019-11-13,1.2014600961640816,32.916447316361655,-0.2555712344369851,-0.1780168741888133,-1.1251189299220656,-0.003892979323650403,0.009602893921850002,0.08277371634969444,94.78169870679841,0
2019-11-14,1.1924177489222911,32.90210924258539,-0.2023997687182586,0.0531714657187265,-1.123345839635794,-0.007526131971140826,0.009740518103517382,0.0740026137009735,87.81618544673857,0
2019-11-15,1.1994027699052514,33.26379011197577,-0.1111439434624017,0.0912558252558568,-1.0593585906364966,0.005857863982042577,0.009717118767168778,0.0790142292725704,88.30102734866227,0
2019-11-18,1.2035952256126072,32.48099148688468,-0.194758302699789,-0.0836143592373872,-1.184521358764063,0.0034954527474428954,0.009478681022251032,0.05291715585588541,89.68599127017825,0
2019-11-19,1.1668976886679514,32.50628113881025,-0.1826194146755426,0.0121388880242463,-1.1755649428658357,-0.030489932299272327,0.012320918462414673,0.0038688852683836927,68.1101816514986,0
2019-11-20,1.1625825300165964,32.434952214988215,-0.096299020274678,0.0863203944008645,-1.1824133106468226,-0.0036979751466308386,0.012428580838466277,-0.027924304877353645,66.16737838262985,0
2019-11-21,1.1617986968806322,32.175647914553984,-0.1452922656062867,-0.0489932453316086,-1.2199897409334388,-0.0006742171981141132,0.012459502910892352,-0.03180470004419156,65.56962231463373,0
2019-11-22,1.1633674689532272,32.15222100273301,-0.2223138218485587,-0.077021556242272,-1.2185573006175132,0.001350295947832425,0.01246531273866182,-0.032947642152319156,57.714147292757154,0
2019-11-25,1.1698659886263416,32.11715870230752,-0.0727665569154254,0.1495472649331333,-1.2192059056182258,0.005585956154474214,0.012474042483131966,-0.02811825282849123,53.149085369820206,0
2019-11-26,1.1739916754110455,32.07621091085893,-0.0860140455902609,-0.0132474886748354,-1.22013326615095,0.0035266319602540452,0.012427405127719811,-0.026666508670441513,37.65857554665133,0
2019-11-27,1.1761253666326728,31.98616728916761,-0.0897569851641222,-0.0037429395738612,-1.2294732040034282,0.001817467079466395,0.012312381892213724,-0.021086617535027052,36.33639973095292,0
2019-11-28,1.175242802553266,31.934752421096587,-0.0481790986914845,0.0415778864726377,-1.2325071060107076,-0.0007503996635440657,0.012329642699955073,-0.014403464209206795,33.68416152755712,0
2019-11-29,1.1686513280321529,31.839238848953624,-0.0625964307558675,-0.014417332064383,-1.2415688175048285,-0.005608606584777909,0.012472724395165231,-0.025638961860599774,30.726416102415115,0
2019-12-02,1.1799866467119438,31.316270132702417,-0.1601777139210263,-0.0975812831651588,-1.319440069247216,0.009699487270405927,0.011059868174913187,-0.019615048646148603,36.895576414682616,0
2019-12-03,1.1760956466742756,31.532087173575032,-0.1088247474567758,0.0513529664642504,-1.2776388432457544,-0.003297494974634274,0.010503535623882235,0.007882403140950567,37.195282734746534,0
2019-12-04,1.1731963470241191,31.53102912754128,-0.0910276323252716,0.0177971151315041,-1.271268889537973,-0.0024651903596063507,0.008139001007418406,0.009129517030822099,39.65482606203438,0
2019-12-05,1.1785406216321055,31.517634661416256,-0.0834235519360682,0.0076040803892034,-1.2670093021343425,0.004555311326652545,0.008177246181214284,0.014410349053088467,38.56988660550274,0
2019-12-06,1.178544994557327,31.52832903465233,-0.062181962860258,0.0212415890758101,-1.2591162407200562,3.710457782357679e-06,0.00814134042937589,0.013046200799955443,35.61513802082152,0
2019-12-09,1.183743135191241,31.548398677072075,0.0464257088739366,0.1086076717341946,-1.2500537030867542,0.0044106424938545885,0.008224883141089873,0.011862167718196481,65.15638647813215,0
2019-12-10,1.1831934856444837,31.280944992027692,-0.0502284363094673,-0.0966541451834039,-1.2864675519821973,-0.0004643317713252104,0.00819852804046111,0.007838054073267875,69.8922112188804,0
2019-12-11,1.1807075458273721,31.31532258787469,-0.0431413079333218,0.0070871283761455,-1.274847998076014,-0.0021010425152547807,0.008174178048645063,0.003895995550047937,67.66894677357806,0
2019-12-12,1.1809493274941631,30.184657789924103,-0.2665953742984293,-0.2234540663651074,-1.4471374267506594,0.00020477693027842747,0.008022678846127188,0.004855613604694664,66.8467622518481,0
2019-12-13,1.2023501885911139,30.16779146625978,-0.2721075136785096,-0.0055121393800803,-1.4418011134447315,0.018121743752004038,0.008945906246047611,0.028835684134895123,74.21156550123393,0
2019-12-16,1.1996709330277933,30.878065359035933,-0.1340666636072285,0.138040850071281,-1.3228242435418176,-0.002228348769554467,0.008925154158073004,0.016681787349628108,69.56138570619257,0
2019-12-17,1.2062185613793288,30.852860054072675,-0.0856169875910026,0.0484496760162258,-1.3205444207542067,0.005457853625752351,0.005419465806571587,0.02561264025611676,71.47931769165587,0
2019-12-18,1.2012768138335657,30.852493431070783,-0.0925658313607833,-0.0069488437697806,-1.3142586914806504,-0.004096892307901667,0.0054409623844195515,0.02393501043595503,67.56426237877447,0
2019-12-19,1.200733539099724,30.708016441639234,0.1046717303430249,0.1972375617038082,-1.329208824806351,-0.00045224774805063817,0.0054361911351720514,0.018830846438610216,73.56818359867836,0
2019-12-20,1.1965262235459653,30.68799865531449,0.1040414378109453,-0.0006302925320795,-1.32451532424877,-0.003503954388509256,0.005557911757109126,0.015257142554317316,63.57159368416787,0
2019-12-23,1.195203707002016,30.687314511263704,-0.038150169554445,-0.1421916073653903,-1.3163020388995563,-0.0011052967481396392,0.005495024800700979,0.00968163740094119,66.36915435520051,0
2019-12-24,1.1928524321226162,30.73089831257604,-0.0243923482993295,0.0137578212551154,-1.3014408471161598,-0.0019672586904015965,0.005503918768237212,0.00816345474795388,66.99823041365923,0
2019-12-25,1.190271276316501,30.813537725727368,-0.0077911410686795,0.01660120723065,-1.280738158450403,-0.002163851736062594,0.00553751554139213,0.008099999464666219,60.65359446644873,0
2019-12-26,1.196169511695327,30.854637464255514,0.029324204523256,0.0371153455919355,-1.2666593750707695,0.0049553706757328175,0.005610110805913626,0.012888092525916717,64.45846657749021,0
2019-12-27,1.157051339472892,30.989050857727133,0.0602104404825247,0.0308862359592687,-1.2379319560925497,-0.032702866809398046,0.009313136361681592,-0.037675254304490036,35.93225946321776,0
2019-12-30,1.1503526593033198,29.61947200006508,-0.213568502239724,-0.2737789427222488,-1.437677836132691,-0.005789440745666452,0.009064799473601705,-0.04110983467774898,33.74503624350653,0
2020-01-06,1.134032160762174,29.082057535811938,-0.3297681553528235,-0.1161996531130995,-1.507618075301631,-0.01418738715397927,0.009511488032647992,-0.05984520793197601,29.680274049003813,0
2020-01-07,1.1518123186046516,29.62326289269218,-0.2380549666070344,0.0917131887457891,-1.4143319847737623,0.01567870688122963,0.01027677270680677,-0.04117660031334569,38.99583106935671,0
2020-01-08,1.1383244572425695,30.054061993636783,-0.1601150941237499,0.0779398724832844,-1.3389629873796098,-0.011710120775945354,0.010466779711542284,-0.051975796315265055,24.282263798218864,0
2020-01-09,1.158092655776004,30.590836233574475,-0.0796429248305301,0.0804721692932197,-1.249205233586587,0.017366049202984124,0.011300746365750017,-0.03212095732934417,35.314953261431825,0
2020-01-10,1.1612792478927958,31.227558568497702,0.3216173136865237,0.4012602385170538,-1.1453259467829728,0.002751586499490033,0.011266414326055156,-0.02838383022950497,33.741871865644214,0
2020-01-14,1.1690627124297903,31.17074950722859,0.417738394283333,0.0961210805968093,-1.1460657715070577,0.006702491714303926,0.011394145459086085,-0.01994355634627276,38.58039857164155,0
2020-01-15,1.1623416557522455,31.1768692453898,0.3107212705395241,-0.1070171237438089,-1.1361106145249835,-0.005749098492394578,0.011449541013394814,-0.023464920241281995,36.96150913024024,0
2020-01-16,1.1620180666794342,31.428085294870403,0.2748046602467227,-0.0359166102928014,-1.0899201258471374,-0.0002783941117570077,0.011447994655367517,-0.02855067336358552,37.962952802646214,0
2020-01-17,1.1672566788123182,31.5110323090898,0.1840392151030627,-0.0907654451436599,-1.0689003087560642,0.004508201966131109,0.01064362643454407,0.008820126636796655,40.510833458874465,0
2020-01-20,1.1723148848321538,32.027021479006656,0.1598925821017935,-0.0241466330012691,-0.983870342611218,0.004333413645559503,0.010718453805687731,0.019091732740579737,43.15252944100197,0
2020-01-21,1.1667587105473678,30.89158115281327,-0.0558336708830644,-0.215726252984858,-1.1443116397127666,-0.004739489668410646,0.010632395203259992,0.028858572902552115,42.31311533660929,0
2020-01-22,1.1725328318902777,30.048200856357397,-0.2257336778064846,-0.1699000069234202,-1.2601397972822237,0.00494885642653653,0.010713018684933885,0.017989487480675415,42.266263037792925,0
2020-01-23,1.164197435919259,30.14213499762044,-0.2571900594499858,-0.0314563816435011,-1.236129171410289,-0.007108880659299599,0.010793133209294092,0.02272900183429538,52.927945459864496,0
2020-01-24,1.1671015514817729,30.616236310859826,-0.1789591996460018,0.078230859803984,-1.1561382007625078,0.0024945215243672436,0.010817483174794971,0.007779080249612935,57.082700124354815,0
2020-01-27,1.1496889773687569,30.720722468529832,-0.2612598020953598,-0.082300602449358,-1.1315813906156935,-0.014919502155496867,0.011244513544817132,-0.009980605909448714,56.56029536512636,0
2020-01-28,1.142435910130422,31.35311064248206,0.0923058979337554,0.3535657000291152,-1.0289154966390992,-0.006308721211657264,0.011288130935222606,-0.022776196705501683,45.69110871111435,0
2020-01-29,1.148781404300023,31.050222337419964,0.2004042962125147,0.1080983982787593,-1.0658907641954591,0.005554354614847989,0.011416884475293062,-0.011666321502903032,55.14306462063808,0
2020-01-30,1.1318635394385967,31.08783563705805,0.1891401278875264,-0.0112641683249883,-1.0520926481305255,-0.014726792058176397,0.0116578399594514,-0.0259501363236172,36.72754314167543,0
2020-01-31,1.13884390434856,31.25106947096004,0.1269666320200428,-0.0621734958674835,-1.019694054633372,0.006167143535187547,0.009416259934496653,-0.02434149658725282,39.0670337009764,0
2020-02-03,1.1317605515395825,31.205623658168037,0.0969802379276352,-0.0299863940924076,-1.0187142076481182,-0.0062197749682203485,0.009428863161258733,-0.034593379148621595,31.697399093189063,0
2020-02-04,1.1375798885378823,31.30529000444236,-0.0095641276079376,-0.1065443655355729,-0.9960847005472449,0.005141844704150023,0.00896041357290852,-0.025008445830069448,37.74197483864324,0
2020-02-05,1.148688904393206,31.10495160184366,0.0109458528847419,0.0205099804926796,-1.0185495051280296,0.009765481938681209,0.008508768872722918,-0.020335402854888107,44.03818008103208,0
2020-02-06,1.1746235628554602,31.204189791438736,0.0232708308761324,0.0123249779913905,-0.9960161394321922,0.02257761728442409,0.009448956409469498,0.008955634684050473,52.78029737787568,0
2020-02-07,1.1727092862165052,32.241427830473285,0.1980716719026496,0.1748008410265171,-0.8321530199990284,-0.0016296937159182567,0.008707797734537467,0.00480483872856885,50.15246712305378,0
2020-02-10,1.165570023767883,32.112532856834314,0.1813818397332554,-0.0166898321693942,-0.8449342242473632,-0.006087836544430791,0.008819829584184346,0.013813341444285587,49.546035580122215,0
2020-02-12,1.1688716998427804,31.443983695750426,0.0277387382616112,-0.1536431014716441,-0.9395514296687892,0.002832670716963248,0.008711948903015364,0.023139844850763147,48.574885540199745,0
2020-02-13,1.1644537077813368,31.25008210778059,0.0290261011873873,0.0012873629257761,-0.9617083307477892,-0.003779706585451459,0.00865415525470532,0.013642546286569912,50.10289311052087,0
2020-02-14,1.1573507450990819,31.185956609202837,-0.0036466364471756,-0.032672737634563,-0.9640561742286934,-0.006099824007420929,0.008765661628293895,0.022517913840679693,46.212746633141286,0
2020-02-17,1.1496273841423084,31.29484257333234,-0.1893170514281905,-0.1856704149810149,-0.9400711747966022,-0.006673310566808643,0.008808405000246471,0.009468795286669884,49.974129772927824,1
2020-02-18,1.1351034835404785,30.936328472777152,-0.2352408768114351,-0.0459238253832445,-0.9875467457115694,-0.012633572235812296,0.009107667524136585,0.0029537449386696224,47.09752898296612,0
2020-02-19,1.1406600429525622,31.28230224849758,-0.0323362894505692,0.2029045873608659,-0.926933923259546,0.00489520073954175,0.009185793733027343,0.0027076378948986957,46.76503158240242,1
2020-02-20,1.1456284291377796,31.18732318955492,-0.0125517836451294,0.0197845058054397,-0.9342292100252708,0.004355711603921009,0.009166205470759938,-0.002664320377537832,56.059818111655304,1
2020-02-21,1.146802197763093,30.98623372228177,-0.0399445773842117,-0.0273927937390823,-0.9578162354216296,0.0010245631091720941,0.009066405430840769,-0.023685345647872724,53.692309297213875,1
2020-02-25,1.1118551821447384,30.07070711020146,-0.2448270926261777,-0.204882515241966,-1.0912619827998218,-0.030473446673297877,0.011198717871896767,-0.0518918923786299,42.66200304467042,1
2020-02-26,1.1029386930409073,33.16722975387835,0.4461802562202415,0.6910073488464192,-0.6047709856362814,-0.00801946984375379,0.010893620244667362,-0.05373450710795591,37.514825879421856,1
2020-02-27,1.0786274982421962,33.045241682717695,0.3525878868440202,-0.0935923693762212,-0.6176136618484684,-0.022042199581993827,0.01175397972387205,-0.07720625079101717,26.94309459908473,0
2020-02-28,1.0392955810454132,34.73591844902303,0.7097190518936216,0.3571311650496014,-0.3477485105823607,-0.036464782569404997,0.01376476852764203,-0.10748226906708946,9.073067552976312,0
2020-03-02,1.0464344498351326,37.284647642666016,1.259682784076844,0.5499637321832225,0.0578442402338087,0.006868949430669735,0.013800698813250356,-0.09583637089588914,12.980840596707992,1
2020-03-03,1.0335384722909895,36.94728839930532,1.3753162578207778,0.1156334737439337,0.0106140810722691,-0.012323731836403895,0.013715198341414,-0.10097959865311334,12.557002065174373,1
2020-03-04,1.0305929900815267,37.17663072643526,0.8018801945113836,-0.5734360633093942,0.0530213412760807,-0.0028499008875148,0.013716881705012644,-0.09207133532263967,10.705977875277355,1
2020-03-05,1.0410254040253142,37.097668352489045,0.8104853339542686,0.0086051394428849,0.0466375139479905,0.010122729384140383,0.0139459996999963,-0.0873482327559637,16.085217772098673,1
2020-03-06,1.0121129032515257,37.17608635143903,0.4880335804831972,-0.3224517534710713,0.0653621708365368,-0.027773098199134316,0.014465269728807269,-0.11654348171748852,14.363680351686028,1
2020-03-09,0.9557047044988873,39.18701215286037,0.3804729020388748,-0.1075606784443223,0.394299390328585,-0.05573310899546946,0.016690731551267372,-0.16663509508174368,11.593791883720868,0
2020-03-10,0.9687396690359407,45.1949175338398,1.6495258269068955,1.269052924868021,1.3645529846923208,0.013639113081365561,0.017432442902162025,-0.12871776415407976,16.856330035213603,0
2020-03-11,0.9519974178778909,45.23599784449195,1.6118734236113357,-0.03765240329556,1.3735480976816872,-0.01728250808053633,0.01750140963311378,-0.13685373096020126,14.01757784874097,0
2020-03-12,0.914331011122421,45.29310272274858,1.6390868740519051,0.0272134504405698,1.3850666634571474,-0.03956566062903044,0.01841909747317347,-0.15231995048107316,10.7780949461049,0
2020-03-13,0.8703459384848894,47.47737584027468,2.06025789776713,0.4211710237152246,1.7356366455044137,-0.048106289847411055,0.019974018257883776,-0.1625616866287256,9.063985614415671,0
2020-03-16,0.8523281075703214,50.69255831803248,2.301109233034424,0.240851335267294,2.240823678358436,-0.02070191876339844,0.0199269863736393,-0.18549307345089117,9.54239832489614,0
2020-03-17,0.8685170071658549,50.62444842603251,1.0859061784385418,-1.2152030545958823,2.2162924780110367,0.01899374132067777,0.02127172080513192,-0.15966649481304773,14.266292018396996,0
2020-03-18,0.8669323638945654,49.59562847814664,0.8719261267309406,-0.2139800517076011,2.042518068460892,-0.0018245391376509046,0.02143700547833236,-0.158802386356242,15.328326399469972,0
2020-03-19,0.8724054741278358,48.092739807133,0.5599274168768815,-0.3119987098540591,1.7983655969966317,0.006313191733531731,0.02150211967630315,-0.16197484638269033,19.256864667289662,0
2020-03-23,0.8783298519793222,45.29921502764406,-0.4356321625261259,-0.9955595794030074,1.3555822675191078,0.006790853596384316,0.02161272923975199,-0.13218194417086326,18.893957916502927,0
2020-03-24,0.9110108032841114,43.98319860868597,-1.341871941869293,-0.9062397793431672,1.1496318030128323,0.037208061676535786,0.02420487795907971,-0.046765387890614796,28.874328856613303,0
2020-03-25,0.9785886562747518,44.85894735526055,-1.1531002141543991,0.1887717277148937,1.2921152607647195,0.07417898091551534,0.03034366616947695,0.010166804925633377,42.66779307503268,0
2020-03-26,0.9519715968783393,49.89620208947896,0.0601147222664621,1.2132149364208615,2.0857848326346264,-0.02719943586689133,0.030714052513393816,-2.712297225471172e-05,37.99212296641473,0
2020-03-27,0.9896123431062908,49.63340806436794,0.3081336514469868,0.2480189291805246,2.036108650061354,0.03953977865661251,0.03216726618394106,0.08233487770633019,47.03583022832208,0
2020-03-30,0.9726268139860174,50.704649199909966,1.0810868344531883,0.7729531830062015,2.194029186783853,-0.01716382100384639,0.03141675038721573,0.11751749617994434,52.4876697360409,0
2020-03-31,0.9517142629120658,50.13133966154225,1.2296282105712493,0.1485413761180609,2.093978057816444,-0.021501104815574323,0.031595109024573034,0.11660551196071478,47.55380185729647,0
2020-04-01,0.917722067233325,49.953767610988784,1.0189640511456446,-0.2106641594256046,2.0580799559618,-0.03571680808347999,0.03233364071710507,0.056654112310403626,45.307924591075015,0
2020-04-02,0.9063607619636179,50.61359833482023,0.1434792490682639,-0.8754848020773807,2.1512470878200567,-0.012379897656768946,0.032363799619614456,0.04548036238020492,48.82424630082642,0
2020-04-03,0.9061382817254046,50.5329379063201,0.1799059683904289,0.036426719322165,2.128672081470611,-0.00024546543446046787,0.03217599483242987,0.03866643275168835,56.06280910748075,0
2020-04-06,0.9449871509506761,50.265432737530205,-0.0878432924759522,-0.2677492608663812,2.0789056232148373,0.042873002949724404,0.03355734912549619,0.07589096376622195,64.66075057981769,0
2020-04-07,0.9610083054476537,51.25928163501896,0.2255883946953361,0.3134316871712883,2.220875422160899,0.016953833161498455,0.031400336288016056,0.054881349357555065,64.64198179553077,0
2020-04-08,0.976771051728286,51.31444355066768,0.2721351879357883,0.0465467932404521,2.2188041147803417,0.016402299742133586,0.03146608797551513,-0.0018573734069071701,66.64117000659665,0
2020-04-09,0.9698683049611301,51.23013001369521,0.1233063357749912,-0.148828852160797,2.198141366804175,-0.007066903503069932,0.031237858471745778,0.018799624002939552,64.70246861128763,0
2020-04-10,0.9784323846782428,51.03522672306914,0.1004577633498158,-0.0228485724251754,2.156673553165817,0.008830147014089684,0.02973677660784534,-0.011297311018732104,64.98136018174773,0
2020-04-13,0.9604997792822574,51.0435719477715,0.1556278420482471,0.0551700786984312,2.148063923657876,-0.01832789437144655,0.02767457101584009,-0.012468332693873596,57.7485874242489,0
2020-04-14,0.9820175053916338,51.17015400394474,-0.0178255262148425,-0.1734533682630896,2.156247611930547,0.022402635142150462,0.027217878391129484,0.031840693851582946,50.627346786292534,0
2020-04-15,0.9837153737023167,51.578339392463256,0.052779168359109,0.0706046945739515,2.2058390710462668,0.001728959312192524,0.027106144775753512,0.07190990477971515,56.39061121198839,0
2020-04-16,0.9696579355360877,51.57507696145803,0.0689893895525628,0.0162102211934538,2.192536468322588,-0.01429014788426275,0.027450932302162473,0.06983662160676207,45.561333285897575,0
2020-04-17,0.9877338034078644,51.96172771111088,0.1853001976083561,0.1163108080557933,2.2365373942992037,0.018641489136870915,0.027597154203470916,0.09004753835925738,53.34418334905426,0
2020-04-20,0.9771676403924373,52.06811689361851,0.2049089891694038,0.0196087915610476,2.2379001309469877,-0.010697379171363708,0.027865966183805352,0.034053891007287174,55.90501903822682,0
2020-04-21,0.9649317838197954,52.20892345226938,0.2077538896649358,0.0028449004955319,2.2438330135208706,-0.012521757850810444,0.027115928669357334,0.004082668536682377,62.18208960727043,0
2020-04-22,0.9601881235295479,52.29730033141854,0.1437921877910426,-0.0639617018738931,2.23993483899822,-0.004916057663132634,0.021384617918457534,-0.016977292856290682,64.38086393156036,0
2020-04-23,0.9708583830885277,52.426216254202615,0.1702278585489196,0.026435670757877,2.241862784972932,0.011112676044936931,0.020590201732987926,0.0010208376975853195,66.37678904010954,0
2020-04-24,1.0193796422895929,52.56791437808266,0.1212373333943617,-0.0489905251545579,2.242924773203971,0.049977689894078914,0.021715148794507096,0.041849859277517165,67.94584244991466,0
2020-04-27,1.0372511358846506,52.51350406953426,0.0890774351831495,-0.0321598982112121,2.2164573731915764,0.017531734845044777,0.021513381070577334,0.07990772955694614,68.22946489617688,0
2020-04-28,1.0359874067309143,52.70095617380955,0.0984065443080339,0.0093291091248843,2.2248272212251714,-0.0012183444394673337,0.02073996375316851,0.054958186634114004,65.21326833574923,0
2020-04-30,1.044410007903487,52.59677331655272,0.0598945970268331,-0.0385119472812007,2.192497890708453,0.008130022737583786,0.018462615230160073,0.06169938563909971,69.00210865376044,0
2020-05-01,1.0212167104506211,52.33616780455291,-0.01800968992994,-0.0779042869567732,2.138828786954652,-0.02220708081821554,0.019114864024909244,0.053172127020265636,60.149537676101765,0
2020-05-07,1.0189394495460953,52.62701767478772,0.0118206593410121,0.0298303492709521,2.1636190405101896,-0.002229948728043274,0.019154943992472244,0.0315931742242348,64.97573882060153,0
2020-05-08,1.0391975197499446,52.39400885883249,-0.0238990421403499,-0.0357197014813621,2.115939722363984,0.01988152506301888,0.017442421661900107,0.06347926066462417,64.74815347510153,0
2020-05-11,1.0506569006342614,52.63538315093894,-0.0131146045741274,0.0107844375662224,2.1339956539708456,0.011027144182440107,0.01727651852148987,0.08884059811473222,66.43815215793538,0
2020-05-12,1.0481943719385987,52.44919109255164,-0.0295164448002083,-0.0164018402260808,2.092996176848582,-0.0023437990976656886,0.017110773306389854,0.09165521448604186,70.44991462313963,0
2020-05-13,1.0460524995252627,52.3222947597135,-0.0027746089678899,0.0267418358323183,2.061446921434173,-0.0020433923999941817,0.016981212857871252,0.07745116872506674,66.55958494197256,0
2020-05-14,1.0283450078493408,52.04512133140702,-0.1163792686761411,-0.1136046597082511,2.009988343119811,-0.016927918707673073,0.017556522568975504,0.008794923096179463,63.965429597731344,0
2020-05-15,1.0321962671722489,52.13158990181316,-0.0524837914038585,0.0638954772722826,2.0085607987792384,0.0037451043117937566,0.016848870525264723,-0.004873331575665607,69.23555285221373,0
2020-05-18,1.032742096452796,52.03540054834535,-0.1199965205187183,-0.0675127291148598,1.9826864923265468,0.0005288037729902495,0.01627374714804611,-0.003132576957049049,71.25857949263343,0
2020-05-19,1.05055435650759,51.615399980003005,-0.1667582225097348,-0.0467617019910164,1.912563339966247,0.017247539454404492,0.016594547809077684,0.0058830809333558776,72.4131616571816,0
2020-05-20,1.057860721692489,51.78912181136809,-0.1066345896690776,0.0601236328406571,1.9232623014209749,0.006954771202118293,0.016072893139764993,0.035882698419318126,64.08805379885968,0
2020-05-21,1.0534269350555148,51.65581970443611,-0.0778603253941838,0.0287742642748938,1.893286588672379,-0.004191276361864005,0.015823305190953672,0.03384645233314165,56.56827988591075,0
2020-05-22,1.0451841850808214,51.586152780309234,-0.1090874243007888,-0.031227098906605,1.872123028787511,-0.00782470022399695,0.015701728285948104,0.005760854137062843,53.53410281202754,0
2020-05-25,1.0624526354343173,51.6131835216849,-0.084443405332081,0.0246440189687078,1.8637670509199693,0.01652192082504622,0.015484920353185043,0.01122700930525955,56.49199382280812,0
2020-05-26,1.088048911907401,51.719874227984405,0.0208948495962815,0.1053382549283625,1.8658804136689904,0.02409168712035825,0.01586716508032053,0.03802208925725559,73.63840830974519,0
2020-05-27,1.0983802020762619,51.90136868412176,0.0224493745507246,0.001554524954443,1.877366092370236,0.009495244244810186,0.015845925754723947,0.05002397353359167,76.58346356449749,0
2020-05-28,1.1214334105116934,51.709841332740616,0.0108043256608993,-0.0116450488898252,1.8403766445765368,0.02098836850104746,0.012643258627503368,0.09052254054019837,77.01346996299891,0
2020-05-29,1.1157559196375115,51.79076860080647,0.0409231640994462,0.0301188384385469,1.8390965873439284,-0.005062708869705723,0.012459309326062526,0.08095325968788702,72.22858597075219,0
2020-06-01,1.1186030551375232,51.58497062666999,-0.0056425790029805,-0.0465657431024268,1.8010594579830377,0.0025517547788915795,0.01240895012152601,0.08313881943966228,73.97863282043019,0
2020-06-02,1.1301492824997845,51.471035471048005,-0.0497677513872787,-0.0441251723842981,1.7754605325709247,0.0103220059244713,0.012457706642586917,0.07576469080266901,76.91616924015898,0
2020-06-03,1.1413715086985972,51.34694254331827,-0.11088522816069,-0.0611174767734112,1.7491024012286085,0.009929861809043539,0.010866947306789873,0.0789430832373641,87.74229009114225,0
2020-06-04,1.1468063976781346,51.29751762448758,-0.082464741650611,0.028420486510079,1.7325992866256106,0.0047617177563283875,0.010712039322610532,0.0886435114910924,87.87057389835789,0
2020-06-05,1.1549327043301363,51.26198891216584,-0.1057559377281336,-0.0232911960775226,1.717852593638081,0.0070860318432601765,0.010208513654332575,0.10500399911890002,88.44922470915535,0
2020-06-08,1.1658267013411174,51.22375657002632,-0.0722428113287207,0.0335131263994128,1.702091848760154,0.009432581630199666,0.010167929529785194,0.09729757587221011,87.9234246591196,0
2020-06-09,1.1626254097127067,51.19535862216914,-0.055135369775769,0.0171074415529517,1.6878517493615612,-0.0027459412490108415,0.010184148760914885,0.06854149385119968,85.42331593710071,0
2020-06-10,1.1608138081534067,51.1488927406807,-0.0396099605275281,0.0155254092482408,1.6711666650079198,-0.0015581988352960652,0.010166440622904891,0.05684152532895892,86.96542196337876,0
2020-06-11,1.1366167054558032,51.0997391708555,-0.0395556907264094,5.4269801118778105e-05,1.6542944568752174,-0.020844947335779573,0.010643081790060498,0.013539185476186155,78.35864455380616,0
2020-06-12,1.1285595875012526,51.2852503129557,0.0046522801579627,0.0442079708843721,1.666158968930861,-0.007088685144144069,0.010984367902106855,0.011475330435979814,71.74625708199132,0
2020-06-15,1.0993015849980943,51.26005463607568,0.0072596132098752,0.0026073330519125,1.652020573424778,-0.025925084352824146,0.012914641993874492,-0.01725497713490154,53.61455280860036,0
2020-06-16,1.146191787456779,51.51423642372908,0.0637755603119956,0.0565159471021203,1.6712192142714644,0.04265453911700323,0.015382256448551542,0.014195031758556631,62.43689038277398,0
2020-06-17,1.1417558103747347,52.54796115508126,0.2798136828801034,0.2160381225681078,1.7843132888973403,-0.0038701874595412633,0.015480631935751178,0.0003367016551654167,55.85324031711047,0
2020-06-18,1.1392217191245373,52.48194671836677,0.2764415095022556,-0.0033721733778477,1.762229234294964,-0.0022194686702454725,0.015432350375566619,-0.0066137393102737585,56.88323562797795,0
2020-06-19,1.138990685026287,52.43967605808657,0.2308851490261716,-0.045556360476084,1.7434750111738626,-0.00020279994172500704,0.01521667423838166,-0.013803418367216214,56.073528865973216,0
2020-06-22,1.1403387192178964,52.29200840622728,0.2063907540303304,-0.0244943949958411,1.7124151667395453,0.0011835339913937037,0.014958759085237418,-0.021862582229331906,53.23183061785157,1
2020-06-23,1.1450269478371575,52.21642971861918,0.1404386589780131,-0.0659520950523173,1.6906006012680477,0.004111259698764469,0.014167927008121455,-0.015136828877581388,51.20954619267341,1
2020-06-24,1.1415269432076924,52.07397882820675,-0.0947964653749053,-0.2352351243529185,1.6605405919747362,-0.0030567006620030313,0.014126688156286125,-0.01661495134727542,48.23042549868286,1
2020-06-25,1.128917446270994,52.05629906542489,-0.0851295305883681,0.0096669347865372,1.645545667925315,-0.011046166725829143,0.013671846851273073,-0.0067738395431391485,41.53458793017042,1
2020-06-26,1.1392790662469345,52.04538465163753,-0.0788582812898113,0.0062712492985568,1.6289053131752074,0.009178368188184738,0.013741905518014996,0.009498371964050234,41.33131684105909,1
2020-06-29,1.0513496777876767,52.06179109967405,-0.0460434613106457,0.0328148199791655,1.6157463422181395,-0.07717985089370494,0.022243793517470117,-0.04362033846289837,26.608189635078062,0
2020-06-30,1.0584221708887331,52.231230572805856,0.0029601708373334,0.0490036321479792,1.6193437352897748,0.006727060701572585,0.022146028197042818,-0.07657498293788423,28.94153664276999,0
2020-07-01,1.0468349942109991,52.22456119566382,0.030116473491411,0.0271563026540775,1.602679742813607,-0.010947594444289166,0.021994340232096822,-0.08313582930887975,30.52481688232423,0
2020-07-02,1.0522982978463404,52.2095973248227,0.0306596518795672,0.0005431783881562,1.585332609240888,0.0052188775361479145,0.0220042453822629,-0.07630070584064641,33.26935932468476,0
2020-07-03,1.059200696690565,52.181662540303286,0.0272555777331504,-0.0034040741464167,1.5667020710655857,0.00655935570584032,0.0219905217838237,-0.07005324045637873,40.24562995284715,0
2020-07-06,1.074459976006627,52.17392505740709,0.0224267915466143,-0.0048287861865361,1.550702085578523,0.01440640981802499,0.022178710070669037,-0.05777120613465847,29.37822869674349,0
2020-07-07,1.0702078909107235,52.2843398945003,0.01062186433888,-0.0118049272077342,1.5483050029174947,-0.003957415995807345,0.022177241174268985,-0.065342616667459,29.409323800199346,0
2020-07-08,1.060812585683689,52.237162018235054,0.0025201645142516,-0.0081016998246283,1.5282047979032896,-0.008778953422815206,0.022196000634701958,-0.0707073608768235,28.292026832127362,0
2020-07-09,1.0618022557812032,52.27842680993835,0.0137658970231342,0.0112457325088826,1.5183650174399186,0.0009329358558434198,0.021871050349792795,-0.05945092859666912,28.719377445399573,0
2020-07-10,1.0489237226934873,52.22913265768853,0.009494023477039,-0.0042718735460951,1.4985775297060024,-0.012128937396389983,0.02194754560096843,-0.07930922829215137,26.303727986595163,0
2020-07-13,1.0738868743475396,52.27569300171703,0.020353588862001,0.0108595653849619,1.489860665099051,0.023798824560808285,0.02207960283273358,0.0214364421619333,33.313292907261214,0
2020-07-14,1.0681364299969234,52.52388935975648,0.0479098930512194,0.0275563041892183,1.5035765013671103,-0.00535479526566518,0.019557350390435484,0.00917805708853714,32.96526800161706,0
2020-07-15,1.0846548468403074,52.56680479311882,0.0659285549767574,0.018018661925538,1.4943237117749724,0.015464706922721172,0.02000212774794485,0.03612780699771423,39.909278626906946,0
2020-07-16,1.0758425765005954,52.72035546051045,0.0883857301144175,0.0224571751376601,1.497353480408426,-0.008124492658086457,0.020043412611181314,0.022374148758428358,35.43524158012394,0
2020-07-17,1.0725824956912862,52.661783238934085,0.086530116249115,-0.0018556138653025,1.477062662409984,-0.0030302582185521842,0.02003514011754226,0.012633865368982589,57.975988979803866,0
2020-07-20,1.0728166494565838,52.62354066688786,0.0695695330341692,-0.0169605832149457,1.4593416024047063,0.00021830839701220128,0.020026196935336034,-0.0015294441735751452,55.70004903013537,0
2020-07-21,1.0784085276684485,52.42957960017965,-0.0188619519153689,-0.0884314849495382,1.425012833462725,0.005212333547113701,0.020047841428433286,0.007662657720404642,63.12599920077989,0
2020-07-22,1.070995627535677,52.4323429303656,-0.0268923725506411,-0.0080304206352721,1.4125753997896353,-0.006873925736472608,0.020068629810598673,0.009599284538488906,57.64901114012425,0
2020-07-27,1.071867019548033,52.43055265230257,-0.0579605616415861,-0.0310681890909449,1.3998206513279832,0.0008136279831143511,0.019992983972616413,0.009478943665856887,55.4507146574111,0
2020-07-28,1.0673101291159819,52.46339878131495,-0.0396768915238183,0.0182836701177677,1.3909930438119562,-0.004251358003320882,0.01980859382533279,0.01752883076691303,46.611034900714515,0
2020-07-29,1.0541831461337194,52.47135137782932,-0.0304378578117052,0.009239033712113,1.379616345887238,-0.012299127146048083,0.009832407950267392,-0.018348048276306095,42.99385504976483,0
2020-07-30,1.049160729871792,52.37781351190379,-0.0103532176551794,0.0200846401565257,1.3575277266380497,-0.004764272963713623,0.00976522936120566,-0.01776524008752889,44.70318093652901,0
2020-07-31,1.018400296978559,52.348568744594,-0.0167548371543162,-0.0064016194991367,1.342833887588719,-0.029319085262552558,0.011517104985659847,-0.06108353275215017,34.47267592206728,0
2020-08-03,1.070869123013193,52.25528990261459,-0.0350525499375962,-0.0182977127832799,1.321713593046725,0.05152082750790732,0.016482481997121917,-0.00462284501100485,56.11802937108521,0
2020-08-04,1.0910356089810243,52.11417130647522,-0.069845494967943,-0.0347929450303468,1.2958706896186143,0.018831886674523846,0.016922821978029058,0.017204376692577794,54.91216952239407,0
2020-08-05,1.0905236496210489,52.13766454535975,-0.0667373664939177,0.0031081284740253,1.2878609837253057,-0.0004692416597231741,0.01665586898703132,0.01650515041263967,56.61111190587075,0
2020-08-06,1.0883792576730869,52.068171628850784,-0.0619283766105951,0.0048089898833225,1.2701419947266672,-0.001966387385277879,0.016631416246262208,0.009245781861717317,51.201879864868495,0
2020-08-07,1.0885586417590398,51.52498991425623,-0.1647157660675589,-0.1027873894569637,1.2026819983244634,0.00016481762647369003,0.016474946886358578,0.016398773040535053,54.34564414030833,0
2020-08-11,1.1141917491692914,51.39051312434841,-0.1729553556532295,-0.0082395895856706,1.1788382233715442,0.023547750600583228,0.017199962738065313,0.03948692221084027,62.333696081245606,0
2020-08-12,1.1271983450373972,51.31912173738514,-0.1590099138180249,0.0139454418352045,1.16186923135654,0.011673570440458914,0.01695256067027035,0.056111353474194825,64.98501063454532,0
2020-08-13,1.1415624893898535,50.75729409529524,-0.2760740900128979,-0.1170641761948729,1.0937896434046932,0.012743226971274169,0.016436449129142647,0.08288819981291029,66.59972655857857,0
2020-08-14,1.1415705621068764,50.83821441676643,-0.2459914424168729,0.0300826475960249,1.093630021579408,7.071638300937266e-06,0.016333197625556697,0.08807976662105621,69.30164007161497,0
2020-08-17,1.1318056291900802,50.73869151295899,-0.1572596802594432,0.0887317621574297,1.0745447169479638,-0.008553945976649935,0.016286627446115764,0.11135634244017578,65.63224772113347,0
2020-08-18,1.1305924919200592,50.84800004980063,-0.1085026149095611,0.0487570653498821,1.077493499765694,-0.001071860078032283,0.016125642796567943,0.055770931875239294,66.79727942571158,0
2020-08-19,1.1328971970835437,50.85708181747511,-0.0924079839820066,0.0160946309275544,1.0700032831071058,0.002038493250181128,0.016072129728412977,0.03836867262436683,72.16690370575935,0
2020-08-20,1.1224333493818055,50.4414205780316,-0.0631747034527236,0.0292332805292829,1.0184378919012695,-0.009236361188531217,0.016291473665013486,0.029260896608565234,70.02093284450237,0
2020-08-21,1.1246022512869476,48.799330112928246,-0.4077768607676404,-0.3446021573149167,0.8398885193696712,0.0019323213323416688,0.01627804318030219,0.033281591282164014,84.39216032820873,0
2020-08-24,1.1268016829090857,48.882428956368166,-0.3712525113181613,0.0365243494494791,0.8420332908242846,0.001955741791927812,0.016137454365329658,0.035131815304178415,76.85731501329376,0
2020-08-25,1.1384163266586407,48.83258305640893,-0.4030833986783406,-0.0318308873601793,0.8303109225366252,0.010307620165750153,0.016219560465220592,0.021741838877742836,74.78660699498252,0
2020-08-26,1.138376293090951,47.93144363999546,-0.5851276354959296,-0.1820442368175889,0.7302117691242859,-3.516601681852194e-05,0.016145673835963333,0.009916575998151211,75.15770847431261,0
2020-08-27,1.133641169559795,46.42973382723219,-0.8023373501598812,-0.2172097146639515,0.5681682792108943,-0.004159541585584958,0.01582993810243365,-0.006939015519240033,73.16465527078739,0
2020-08-28,1.1253229643894982,46.35741742129509,-0.4883825383266327,0.3139548118332484,0.5557785546581614,-0.007337599757008539,0.015913087526232533,-0.014232670547663417,67.36871700858177,0
2020-08-31,1.1333713724428447,46.6941760704634,-0.4376505771809533,0.0507319611456793,0.5860315156627954,0.0071520872745300945,0.013901250631592936,0.0013834029557575622,60.86661947520015,0
2020-09-01,1.131674052228195,47.074629158911655,-0.3515907794994604,0.0860597976814929,0.6206833699456064,-0.0014975852186838168,0.008757225699483657,0.0009566314263231845,52.90853546630234,0
2020-09-02,1.1353731318818259,48.5690875637366,0.1275287847482289,0.4791195642476893,0.7711636453662067,0.0032686793925755797,0.007908092122633624,0.0021854893847879087,45.33060825350366,0
2020-09-03,1.1412791508388591,49.55854467604902,0.6257621697633695,0.4982333850151406,0.8680249559083372,0.005201830826526921,0.007915687454315559,0.016790129647727525,49.79811835423204,0
2020-09-04,1.130959323422197,49.31581341878727,0.5916791994984365,-0.034082970264933,0.835966112976685,-0.009042334129276575,0.008267063499017601,0.0056527293342820695,49.41817607468596,0
2020-09-07,1.1245551944598342,45.55655568340366,-0.2275240774119495,-0.8192032769103861,0.4379246611719335,-0.005662563480165139,0.008434400244678201,-0.0019936857419768916,46.12594803019969,0
2020-09-08,1.1312619559222357,45.382546645579744,-0.3384165026663837,-0.1108924252544341,0.4152049226577874,0.0059639237766564435,0.0067888798566730305,-0.006284494142317687,49.006798616708124,0
2020-09-09,1.118949901326223,44.400950619612495,-0.8336273888248158,-0.4952108861584321,0.3081423922438308,-0.010883469148377345,0.006757926850903114,-0.017065000283852383,47.93070536662109,0
2020-09-10,1.1331996653847882,44.729554724679815,-0.9657979902738418,-0.132170601449026,0.3384065288245231,0.012734943755458472,0.006757082690635256,-0.0003894567230460222,54.46615197335144,0
2020-09-11,1.141399511461022,44.63415230777174,-0.936332222203113,0.0294657680707288,0.3241163746721659,0.007236011734480519,0.00696703846279898,0.014286162799712843,57.13821761672699,0
2020-09-14,1.1503830773975807,43.45060215478213,-0.4211907057242996,0.5151415164788133,0.1958046156059102,0.00787065864874914,0.006871108813661335,0.015009824112699688,56.00619062593077,0
2020-09-15,1.1440407633633325,43.293006222584985,-0.4179080845989489,0.0032826211253507,0.1754719413827888,-0.005513219169214434,0.007006478175218325,0.010927803028432326,52.67387696237987,0
2020-09-16,1.1470745449248616,43.64469454920125,-0.1512512140822508,0.266656870516698,0.2087300521249928,0.0026518124691730094,0.0070143754457379,0.010306226838080246,56.444653932222636,0
2020-09-17,1.1411608402455566,42.525121890947055,-0.4408865667465562,-0.2896353526643054,0.0870128229891927,-0.005155466752766569,0.006766776601840456,-0.00010366490373148185,57.77765101261677,0
2020-09-18,1.1422049286548968,42.5217933001636,-0.422471801521624,0.0184147652249322,0.0829798190055091,0.0009149353645148128,0.006762029975299879,0.009943421482809356,54.658446377610375,0
2020-09-23,1.1409460324422147,42.63819757674946,-0.1624809156065367,0.2599908859150872,0.0909645625510147,-0.0011021631767642592,0.006769055398094293,0.014575396621820502,54.91236819354344,0
2020-09-24,1.129161295561356,42.67368565165936,-0.1238641141851246,0.0386168014214121,0.0905129694925801,-0.010328917009013394,0.006791546773589355,-0.0018569177102462087,46.96863786540579,0
2020-09-25,1.1323121733037664,42.84371620469095,-0.1601956689020554,-0.0363315547169307,0.1039513568222926,0.002790458506500615,0.0068285219496093475,0.011941796466227839,45.50321640312557,0
2020-09-28,1.1486578264293228,42.50451968930108,-0.0041204403291956,0.1560752285728597,0.0634033255039061,0.014435641964233525,0.007500349053210456,0.01364116273303484,58.369655691180384,0
2020-09-29,1.1087239747356628,42.31423240520338,-0.0415121789920505,-0.0373917386628548,0.0385035887420596,-0.03476566369446765,0.01081815140198294,-0.028627607071194272,44.3159444586926,0
2020-09-30,1.0853211749739142,42.36403839379804,-0.0548318365902815,-0.013319657598231,0.0394154138724889,-0.02110786841001444,0.011560531887576787,-0.0565567276692307,35.27123029448863,0
2020-10-30,1.065841509858149,42.0776438345814,-0.0247621728824825,-0.0685853454256815,-0.0872081828498465,-0.018682730675782855,0.00780547471276696,-0.019629024938860762,31.314480685194354,0
2020-11-02,1.0857759193109684,42.24694373225709,0.100980868003603,0.1257430408860855,-0.0720933621958638,0.018702977195429682,0.00817979372502627,-0.013058023127945573,40.99245274514346,0
2020-11-04,1.0999093776581002,42.547695759349885,0.1374441399129935,0.0364632719093904,-0.0419573086134551,0.013016920062199233,0.00858337282804849,0.0065148719235954555,49.054492177784375,0
2020-11-05,1.1152151566722162,42.18253133356588,-0.0541384933846629,-0.1915826332976564,-0.0875093849459175,0.013915490971360578,0.00912336065581003,0.014580277444407264,57.77466121868413,0
2020-11-06,1.1190622980715468,41.38786091116807,-0.1283968912944502,-0.0742583979097872,-0.1819536649688646,0.0034496853600971544,0.009082304523720221,0.02804997065685222,63.033240599192894,0
2020-11-09,1.1404180958396322,41.442808319840765,-0.1269671029481287,0.0014297883463214,-0.1793249394717743,0.019083654060088717,0.009865389713183726,0.043895643287973574,65.4079381362406,0
2020-11-10,1.1551984279983663,41.0306952607148,-0.2432496943084601,-0.1162825913603313,-0.230177763589166,0.012960450393284972,0.010123747721181771,0.05965916682651251,72.59059893776788,0
2020-11-11,1.1769179575492055,40.9432709595516,-0.3208849599596561,-0.077635265651196,-0.2436063631132858,0.018801557398647972,0.010758602255237332,0.08046936282876094,75.32722239291746,0
2020-11-12,1.176837211762533,41.44108566030101,-0.1482891346529697,0.1725958253066863,-0.1898923743940967,-6.860782958961753e-05,0.010701070122439203,0.08408822083855116,80.90479848044491,0
2020-11-13,1.1623599916437923,41.136287716918936,-0.0503146388498265,0.0979744958031432,-0.2286724036293519,-0.012301803489930707,0.011075602933496036,0.07018156303877898,72.78031075925784,0
2020-11-16,1.1842795938263504,41.38891058969463,-0.0107795460292265,0.0395350928205999,-0.20344957434307,0.01885784295755033,0.011317533629956395,0.11112166571929061,77.19735649010703,0
2020-11-17,1.188512275696919,41.74538352401426,0.1429376526598886,0.1537171986891152,-0.1660230509746775,0.0035740562386059604,0.011176581452611606,0.09462022002767112,78.13630822778201,0
2020-11-18,1.1761497848635982,41.658115203948576,0.1429688488793985,3.119621950986584e-05,-0.1801512777634322,-0.010401651784430865,0.011391325092333737,0.06931517155333955,74.48250887482973,0
2020-11-19,1.1786084274864257,41.6669062425966,0.0451641164591123,-0.0978047324202862,-0.183207769056406,0.0020904162500974266,0.01138570240275348,0.056843982468256726,74.73919016283313,0
2020-11-20,1.1761937846541513,41.5789797235514,0.0885384013264953,0.043374284867383,-0.1977488500243212,-0.0020487235420707517,0.011040316730099529,0.051052999177130465,82.64426091540602,0
2020-11-24,1.1994490842592052,41.50322065635254,0.0228620133315828,-0.0656763879949124,-0.2109268480978208,0.019771656599844922,0.01159271256377267,0.05176258482299123,82.97868924291969,0
2020-11-25,1.204820024926691,41.02423188222365,-0.1442303283581196,-0.1670923416897025,-0.2716208261193337,0.004477839649861259,0.011480762441797798,0.04295504194401034,82.06691051263189,0
2020-11-26,1.2117610888499022,40.82193708136408,-0.1672356245168984,-0.0230052961587787,-0.2999693079003467,0.0057610794804257015,0.011396883640724099,0.02960540373880738,81.1004827129816,0
2020-11-27,1.2155090999023621,39.94662687802532,-0.3440558729142609,-0.1768202483973624,-0.4072939562254375,0.003093028062171266,0.011223773431248727,0.03286086448771508,81.0884046319679,0
2020-11-30,1.1939181337614362,37.806138460250736,-0.7545682526601354,-0.4105123797458745,-0.6643208784389305,-0.0177628996300071,0.012357895364940608,0.027150058798061982,67.21895424670947,0
2020-12-01,1.201892083554414,38.30629082032024,-0.6393859672064579,0.1151822854536774,-0.6094348741544191,0.006678807840748702,0.011052098606978224,0.014871901719726965,65.7169235511071,0
2020-12-02,1.207004607008659,38.29749565866844,-0.5453472447110386,0.0940387224954193,-0.6149161544972266,0.00425372920264655,0.010648598313738258,0.015559226177025876,61.40174604389447,0
2020-12-03,1.2097645312810685,38.28192475163569,-0.5080024659456797,0.0373447787653589,-0.6214620348808567,0.00228658967528661,0.010511956637116326,0.028580327820549423,62.2299133313499,0
2020-12-04,1.2105521728216966,38.192983596822906,-0.3507286562404772,0.1572738097052024,-0.6368036099716067,0.0006510701217152803,0.010324916102765964,0.027102933077948643,69.92591849105126,0
2020-12-07,1.2039543317004957,38.02071057360885,0.0429144226716147,0.3936430789120919,-0.662166747740168,-0.005450274072716588,0.01054657149712541,0.023602018144065484,59.31510634680068,0
2020-12-08,1.2007615248339094,37.96589321804709,-0.0680795204546242,-0.110993943126239,-0.6735410035118962,-0.0026519335347851003,0.009984489959097047,0.00109420282355277,55.85714376455607,0
2020-12-09,1.2169460360702746,37.66212289030409,-0.1270745536728696,-0.0589950332182453,-0.7149338060892669,0.013478539161724035,0.01001333681613201,0.010064583002197036,68.81940953855019,0
2020-12-10,1.2184742170443883,37.692567489279966,-0.1178714524711495,0.0092031012017201,-0.7161627088517734,0.001255750812951817,0.009264840723973749,0.005539976696939286,68.54942255132731,0
2020-12-11,1.219932002812864,36.996867935975686,-0.2392231321694353,-0.1213516796982858,-0.805203765408589,0.0011964026387130122,0.009255889848427524,0.003638724638801216,70.534095841202,0
2020-12-14,1.2266220401531998,36.818244222360406,-0.2404932702496935,-0.0012701380802582,-0.8321805260059154,0.005483942813952147,0.008660899973958606,0.02739208448801267,65.1067983094796,0
2020-12-15,1.2202768136973174,36.51269407594325,-0.2906398284207725,-0.0501465581710789,-0.8743539702457013,-0.005172927151292472,0.007942809569261211,0.015296489921568845,58.501104867711554,0
2020-12-16,1.224514740776233,36.51189091479786,-0.2300463951012474,0.060593433319525,-0.8794282883551133,0.003472922726504235,0.007941470649951746,0.01450709770774572,57.22936034837349,0
2020-12-17,1.2321544207037398,36.50512912802103,-0.2374876722517811,-0.0074412771505336,-0.8852868552405202,0.006238944843296901,0.007484945973436886,0.018507642473995833,59.03664559073992,0
2020-12-18,1.2324099804657191,36.129921411930205,-0.1733893048090991,0.064098367442682,-0.9362662972885692,0.00020740887480097392,0.0075002789827396405,0.018056064112522918,77.19749214442137,0
2020-12-21,1.230158553405077,35.89193310321081,-0.1852622238299162,-0.0118729190208171,-0.9703265883009508,-0.0018268490975635876,0.0074937300886947006,0.021765129303176867,71.72970755865013,0
2020-12-22,1.2137278083324672,35.71134105573412,-0.1602706040418269,0.0249916197880892,-0.9976248868501096,-0.013356607591053615,0.007071493901410361,0.010798383551097857,54.40234641362217,0
2020-12-23,1.2156312846527286,35.93469930094226,-0.1154383227711264,0.0448322812707004,-0.9750523844525972,0.0015682892879225196,0.007017582008994742,-0.0010803695304284489,53.88512065546989,0
2020-12-24,1.221404191602977,35.60419905230012,-0.1801860151441801,-0.0647476923730536,-1.022587422162362,0.004748896333231167,0.006980971887503962,0.0024046258161258827,56.741379888515446,0
2020-12-25,1.222730035004941,34.89279285771211,-0.2474257108436219,-0.0672396956994418,-1.1174391456572423,0.0010855074929978503,0.006954893303964154,0.0022935968444350863,62.481170757209696,0
2020-12-28,1.2339820976264975,34.93606270693302,-0.1911740792555605,0.0562516315880614,-1.1171745596694955,0.009202409607539375,0.005779407330904428,0.006000265144737282,69.94621747355434,0
2020-12-29,1.2566113378181225,34.69621974401846,-0.2030242623431206,-0.0118501830875601,-1.1523214953396683,0.018338386136355744,0.0068080318662687754,0.029775640832439443,72.10502564231001,0
2020-12-30,1.247714414235628,35.05608017648609,-0.1757238248912358,0.0273004374518848,-1.112388330783709,-0.007080091763251417,0.0070980394817671665,0.018946014030577274,65.0584746553239,0
2021-01-04,1.2414673934128335,35.15742908309141,-0.0893539938417404,0.0863698310494953,-1.1052904085844986,-0.005006771382553565,0.007251141959634316,0.007558283728572368,60.56919767286501,0
2021-01-05,1.2371353059906816,35.2700565197108,0.0754527323997393,0.1648067262414798,-1.0968872812480306,-0.0034894894905317386,0.007329901315913383,0.0038342155612669515,55.28197973073129,0
2021-01-06,1.2399847631632568,35.305470621709844,0.0738815829553587,-0.0015711494443806,-1.0983303080493598,0.00230327043353884,0.00716779904399861,0.007987758757585173,60.261953322137366,0
2021-01-07,1.2610395848941742,35.16465944724136,0.0936879406445783,0.0198063576892195,-1.1221119182776975,0.016979903589464884,0.007878337326787088,0.0389805492112012,66.1841717713358,0
2021-01-08,1.2833760496580482,35.49454536039643,0.0876930367820705,-0.0059949038625077,-1.0859306428850624,0.017712738784285254,0.008238088815254178,0.05572805328440711,70.0809226051644,0
2021-01-12,1.2881818487844918,35.56745814002912,0.0820058113875461,-0.0056872253945243,-1.0826288418326389,0.0037446538976040333,0.008234031086659264,0.05467285738873673,71.1115891229325,0
2021-01-13,1.2927182703392819,35.32209998403328,0.0104086928644875,-0.0715971185230586,-1.119950564523554,0.0035215692249277453,0.00822634826200142,0.05723931966229823,73.27833377588279,0
2021-01-14,1.2998277110002208,35.32018311528308,0.0029424987146597,-0.0074661941498277,-1.1281229223099476,0.0054996056171410235,0.008226604551491164,0.053360266328315475,84.42564927192542,0
2021-01-15,1.2909204526498883,33.91778502315585,-0.2493748848171151,-0.2523173835317749,-1.3179487660359352,-0.006852645373653599,0.008321754909635206,0.027302884988557707,78.50658488416215,0
2021-01-18,1.2809865948760848,34.0659752371679,-0.2857140246457064,-0.0363391398285912,-1.3057931086193135,-0.007695174209543354,0.008646174382597925,0.026666503376768347,71.87044746841553,0
2021-01-19,1.2919847453913873,33.660923701561885,-0.3813068876934409,-0.0955928630477345,-1.3647620989932032,0.008585687437553835,0.008718178640572718,0.04069164622977328,73.73541096337675,0
2021-01-20,1.2846129881009356,33.7569727096372,-0.3130254548792166,0.0682814328142242,-1.3573645270045092,-0.005705761865027692,0.008895257578592695,0.038377113546391506,67.82668601737154,0
2021-01-21,1.2925249086090491,33.799371839166376,-0.3041622552233463,0.0088631996558703,-1.3559471532260785,0.006158991526163726,0.008888287673459507,0.0423716056895409,64.10683521193928,0
2021-01-22,1.2893035875196113,33.83985866789259,-0.0155852710526431,0.2885769841707031,-1.3549450861214831,-0.002492270027433685,0.008170339264361188,0.02241325566937613,67.09859267462244,0
2021-01-25,1.2913588783032657,32.55883936831638,-0.3014271737703069,-0.2858419027176637,-1.526614976514611,0.0015941092567719473,0.00817009379046306,0.006220178915871566,71.24415118734218,0
2021-01-26,1.2793131369223,32.231513180691834,-0.2858821041740071,0.0155450695962997,-1.571395835280574,-0.0093279580009491,0.008611174006709986,-0.006884673829677168,66.85256722036618,0
2021-01-27,1.285963060677743,32.36858949749185,-0.2776766424290713,0.0082054617449358,-1.5548585032274225,0.00519804226464915,0.008628378096236896,-0.005225585354932671,67.8295914117747,0
2021-01-28,1.2650230244053637,32.34835503639674,-0.2902033605539316,-0.0125267181248602,-1.5581274840443795,-0.016283544148883444,0.009439509942722617,-0.02677638451643316,51.54608557580355,0
2021-01-29,1.2446259168481637,32.277877731413085,-0.3123961872959029,-0.0221928267419713,-1.5701157385980462,-0.01612390222445781,0.009307222011972344,-0.03586164872258024,34.73009808942979,0
2021-02-01,1.2578469892882078,32.519532222921626,-0.0078614290789431,0.3045347582169597,-1.542849724579436,0.010622527026855177,0.009482422197255945,-0.01806389362732974,38.78972045260475,0
2021-02-02,1.2691713507793307,32.467438356699844,0.0471850352015934,0.0550464642805366,-1.5542988072928898,0.009002972211692661,0.009575331951007538,-0.017657634653531096,41.71392181957042,0
2021-02-03,1.2889759423394271,32.35165318785743,-0.0033872619268748,-0.0505722971284683,-1.5731029889530712,0.015604348103142707,0.010029735686368972,0.003396318018659805,46.49450799702572,0
2021-02-04,1.2921235898767287,32.67531845822804,0.0653926843662588,0.0687799462931337,-1.5336500681048737,0.002441975396056506,0.010029929875909525,-0.00031049206839062204,50.40367560825303,0
2021-02-05,1.3110077079416482,32.36715607694675,0.0178556691067299,-0.0475370152595289,-1.576770363373134,0.014614792433842227,0.009857839904979999,0.016833987458137578,59.501973570531895,0
2021-02-08,1.334260584159498,32.10381907760076,-0.0831426290641701,-0.1009982981709001,-1.6140828838637349,0.017736643405673158,0.00985984768145268,0.0332221403182682,62.41743335243606,0
2021-02-09,1.3359433553257152,32.442089784902834,-0.0050697143594078,0.0780729147047623,-1.5714333437586887,0.0012612012872110778,0.00985225163078992,0.04426611184471452,65.59825813691246,0
2021-02-10,1.3420563228408509,32.274963244692984,-0.0153379886328863,-0.0102682742734785,-1.5958402990049043,0.004575768494050614,0.009864376114595192,0.043619652755457095,65.2179755859655,0
2021-02-12,1.346972581325624,32.26170508508688,-0.0827226746282363,-0.0673846859953499,-1.5997044342803168,0.003663228138120367,0.009837821458484428,0.06478107934737509,67.53552360934012,0
2021-02-15,1.3637342959855114,32.47222466731112,0.0210137180728793,0.1037363927011156,-1.573702866717417,0.01244399098561555,0.009887692557211315,0.0956981350982733,70.20066363534912,0
2021-02-16,1.3757243198888909,32.444268192500786,0.0680898229799993,0.04707610490712,-1.5800861069773795,0.008792052776464665,0.009651649408930242,0.09371356898297112,76.91764514165129,0
2021-02-17,1.3722582052559467,32.34860747518708,-0.0186964619431435,-0.0867862849231428,-1.5952222690640905,-0.0025194834334426597,0.009670247772709611,0.08122374840348834,74.52937165025268,0
2021-02-18,1.3613724172139694,32.0748720160837,-0.0400182457218534,-0.0213217837787098,-1.6317648116659311,-0.007932754929271368,0.009788626879912034,0.0561658852555047,79.04760192131958,0
2021-02-19,1.3525552019290474,32.27357158242557,0.0023732994677345,0.0423915451895879,-1.6053177655671294,-0.006476710688002818,0.009976678429280775,0.046769219698313824,84.98120809255906,0
2021-02-22,1.358456347252783,32.44384592280052,-0.0056757489021208,-0.0080490483698554,-1.5843361581860704,0.004362960798435012,0.009920254617550413,0.036192494539663445,84.23307429035432,0
2021-02-24,1.3338837241074482,32.38028266158205,-0.012797106183747,-0.0071213572816262,-1.5951451404411447,-0.018088636557978766,0.010954248821146572,-0.0002824486135047932,70.19789248310968,0
2021-02-25,1.352736368929205,32.121232015816446,-0.0454750918741311,-0.032677985690384,-1.6320108651280467,0.014133649343665011,0.010969785988580163,0.012570153918985083,70.01973798250671,0
2021-02-26,1.3064023340012159,31.894609711665996,-0.036052460883539,0.009422630990592,-1.6638665265759844,-0.034252080443927135,0.013726152968978625,-0.026566685937713164,53.52682982566681,0
2021-03-01,1.3324183658871878,33.412744925339034,0.2278346685826875,0.2638871294662266,-1.463243197514229,0.019914257046901307,0.013730519035974007,-0.010805131181001904,55.10842530824769,0
2021-03-02,1.3254991540836594,33.757185815305064,0.2626679785009145,0.0348333099182269,-1.4209681012242934,-0.005192972403169516,0.013147433896654653,-0.028037090520057095,47.73288412207826,0
2021-03-03,1.332092423946881,33.67135406643584,0.2582142809707619,-0.0044536975301525,-1.437086983251311,0.004974178853987876,0.013040632258918286,-0.031715580884354666,49.02822500417704,0
2021-03-04,1.3126064244789482,33.64999646173708,0.3057528891841272,0.0475386082133653,-1.4448555362075144,-0.014628113723669012,0.013525169959474557,-0.043469793475108154,43.038246589886846,0
2021-03-05,1.3181705985092682,33.6734607672229,0.3557702111113769,0.0500173219272497,-1.4484533572254348,0.004239026966921022,0.01314685226437102,-0.03173401940456022,43.212202127988725,0
2021-03-08,1.3165613969464143,33.58575492533612,0.0346019999994169,-0.32116821111196,-1.4611812210459074,-0.0012207839900797435,0.013154196313559127,-0.026611708661722577,38.02763749087902,0
2021-03-09,1.332662809091789,33.59740233413239,-0.0319566962345376,-0.0665586962339546,-1.4605534226779833,0.01222989841774158,0.013034738684364578,-0.018987388305230946,39.294512381474874,0
2021-03-10,1.3354538772754903,33.606180077548395,-0.013034797777486,0.0189218984570516,-1.4574825366331687,0.002094354374309715,0.012426473574051017,0.0011771289653397243,40.81929093879303,0
2021-03-11,1.3349126879360202,33.56260738438955,-0.0174778154695047,-0.0044430176920187,-1.4578103534555795,-0.00040524749576087427,0.012423996013717119,-0.013176019661017557,43.040547712573,0
2021-03-12,1.3551150452441527,33.29472655856439,-0.0757468417316999,-0.0582690262621952,-1.4886683388717767,0.015133841704185524,0.012844277261304379,0.03728767928157395,50.63524614682453,0
2021-03-15,1.365264020125936,33.369161331003816,-0.0433187188664589,0.0324281228652409,-1.4727332411088552,0.007489382482617879,0.012921144063969634,0.024651156933639395,51.654498686308344,0
2021-03-16,1.3733701432878438,32.43816035521628,-0.2318483957832242,-0.1885296769167652,-1.591436317457643,0.00593740334646764,0.012691201562842655,0.03611544304400449,60.431478223656086,0
2021-03-17,1.3739954342845506,32.37520973951759,-0.2461940676061615,-0.0143456718229373,-1.5920739277962983,0.00045529677469891006,0.012538055397705288,0.03145653378428093,56.214707594265874,0
2021-03-18,1.3923300407114358,32.011419579684514,-0.3102375609410117,-0.0640434933348501,-1.6299699495103244,0.013344008261884976,0.012866916988637256,0.060736877974778114,80.03647961060877,0
2021-03-19,1.3900811706765526,32.0553564283859,-0.2478740260356957,0.0623635349053159,-1.6086179065100468,-0.0016151845964151867,0.012717786814466949,0.054553312180235736,74.17286791419205,0
2021-03-22,1.3697540008947624,31.944690882537813,-0.2848940896932035,-0.0370200636575077,-1.6079274006620057,-0.014623009224631778,0.013098688936059338,0.040402676298819884,66.67732306245188,0
2021-03-23,1.360394132971388,31.95620573703292,-0.0963909236366689,0.1885031660565346,-1.5912109419137663,-0.006833247369425699,0.013173574337709644,0.020808957592579613,60.4475751380924,0
2021-03-24,1.3297223626182764,32.011537259491554,-0.0727344960052072,0.0236564276314616,-1.5685517996287053,-0.022546238336178415,0.013531317206097838,-0.0042918102637187205,55.83635538383813,0
2021-03-25,1.3466831842965015,32.89221782321981,0.1761596487070527,0.2488941447122599,-1.439521857032104,0.012755160140970112,0.013458482641683327,0.008817427886373741,59.02133014351614,0
2021-03-26,1.3682922165422104,33.26937817102614,0.242804348528054,0.0666446998210013,-1.377792787537829,0.016046114258861488,0.011269647277758123,0.00972402405559869,64.52879841450171,0
2021-03-29,1.3757096019737978,33.411266048841185,0.2933150332606686,0.0505106847326146,-1.3473477975824857,0.005420907421611831,0.010523940003099226,0.007650961055062577,62.70982695887655,0
2021-03-30,1.367199319577643,33.044343884989274,0.2176276295912771,-0.0756874036693915,-1.3829737239675164,-0.006186103799773246,0.010560221604788688,-0.004493197802762583,59.06682387420258,0
2021-03-31,1.3520372798063935,32.85370044483269,0.1684326370682285,-0.0491949925230486,-1.395931304057791,-0.011089853216086576,0.010895897315199316,-0.015981242681196273,54.51396490734178,0
2021-04-01,1.3541225372489198,33.04109254839615,0.029774945035264,-0.1386576920329645,-1.3608375320449155,0.0015423076520677537,0.01027297181884025,-0.02744141284417967,49.71075289945061,0
2021-04-02,1.367245233216823,32.67579191339635,-0.1187172515259575,-0.1484921965612216,-1.396312918348447,0.00969092205980382,0.010417762761170898,-0.016427772666408602,50.56754878973483,0
2021-04-05,1.3769354428611178,32.5303036430366,-0.1761924811609176,-0.0574752296349601,-1.4024212123805553,0.007087396912327071,0.010453153914649401,0.00524286985959832,51.012148615605774,0
2021-04-06,1.3563032509619466,32.291024100076314,-0.1506639569825836,0.025528524178334,-1.4202425307726554,-0.014984138876039,0.010855541512275088,-0.00300713000026398,45.489730081883195,0
2021-04-07,1.3598622455704865,32.70162071543034,-0.0304159458804775,0.120248011102106,-1.355803700896366,0.002624040461464361,0.010859162588432105,0.022666297717114148,41.04863096289563,0
2021-04-08,1.3509561714708394,32.68102460996749,-0.0720135876857313,-0.0415976418052537,-1.3466372027236986,-0.006549247270197456,0.01098604658732072,0.0031729713596817533,39.59517848908919,0
2021-04-09,1.3557278492549607,32.750285209212365,0.014898659163208,0.0869122468489393,-1.3262682033704978,0.003532074455773193,0.010475740252887614,-0.009182517546581503,45.9334657889777,0
2021-04-12,1.3521902831345136,32.494887412158114,-0.0070832461757035,-0.0219819053389116,-1.3470414143333402,-0.0026093482717723937,0.01034207796153447,-0.017096136281624985,47.53839210485368,0
2021-04-13,1.3567256817955076,32.559133209547454,0.0536218218942252,0.0607050680699288,-1.3274037734046449,0.003354112744014426,0.010274277482836347,-0.007660651692959486,59.60974758779087,0
2021-04-14,1.3522447802562931,32.206568895973504,-0.0990103638913666,-0.1526321857855919,-1.3601714171641557,-0.0033027321582682623,0.010289101011344193,0.00015347243230556806,52.17216398301219,0
2021-04-15,1.357988654056283,31.68547497801021,-0.1991099263914506,-0.100099562500084,-1.4136419857811588,0.004247658326254511,0.009823970252591166,0.0028550716061619408,45.40653385771644,0
2021-04-16,1.3581030211822875,31.75372944748808,-0.1993111523448618,-0.0002012259534112,-1.392862859694887,8.42180276416915e-05,0.009827556331061976,-0.006686592728523122,41.604042093111836,0
2021-04-19,1.3554149455189801,32.05716227780636,-0.0875450268703446,0.1117661254745172,-1.3430886745702877,-0.0019792870064947454,0.009305836359892548,-0.015629271113408505,44.050058322370646,0
2021-04-20,1.3347736103576424,32.13103627464093,-0.0856193869813104,0.0019256398890341,-1.3225098759372689,-0.015228794126535328,0.00978433801265237,-0.015873766127917577,41.7405523446511,0
2021-04-21,1.3095580373947695,32.60239326892118,0.0791648745895408,0.1647842615708512,-1.2527931106632662,-0.018891273222068405,0.00938482446456621,-0.03699213529868495,32.542748479945885,0
2021-04-22,1.3346453930226052,33.27800205599968,0.3185054155978903,0.2393405410083495,-1.158491601333541,0.019157116302950916,0.009960229322217686,-0.012073506744838314,38.324140125190965,0
2021-04-23,1.329205474859125,33.095526215721115,0.2683593536466091,-0.0501460619512812,-1.171952956261952,-0.004075927727259621,0.00919851791306628,-0.0195631995097032,32.36837710362917,0
2021-04-26,1.3324583320117027,33.22806895087039,0.2341813346127992,-0.0341780190338099,-1.1461041030359704,0.0024472191953033295,0.0091058966016664,-0.01459258461543611,39.89399133579509,0
2021-04-27,1.319954460471699,32.76592831236077,0.1269784075439801,-0.107202927068819,-1.1945763221826506,-0.00938406195496233,0.009218847880856081,-0.02710291536248144,34.278227172475155,0
2021-04-28,1.3258801354243386,32.32944351602506,-0.0545899505792348,-0.181568358123215,-1.2394257537020643,0.004489302570727993,0.009041625833204772,-0.019496947014990607,39.88367338616512,0
2021-04-30,1.3164906643609138,32.23172058817153,-0.2092562935656303,-0.1546663429863954,-1.2417621067222464,-0.007081689221039356,0.009122422488847454,-0.030558421509204625,34.73929190981424,0
2021-05-06,1.339292307134365,31.896634515164667,-0.239778340111286,-0.0305220465456557,-1.2736359637560517,0.017320018584803476,0.009747320454229595,-0.01385072689960365,45.63727898409431,0
2021-05-07,1.341292367526331,32.47255590274499,-0.1511026096250773,0.0886757304862086,-1.1919494470723375,0.0014933710746427575,0.009582288194928703,-0.010419376028970695,44.688606320374035,0
2021-05-10,1.353834967726629,32.46392246384385,-0.0604011697033826,0.0907014399216947,-1.183833752065918,0.00935113067364246,0.009289362399502723,0.014280592020304628,50.51849427252332,0
2021-05-11,1.3213843779634833,32.015005322473975,-0.0628876387102153,-0.0024864690068326,-1.230675344264738,-0.023969383666930244,0.01068489625969672,0.009030787663478534,39.8351606776331,0
2021-05-12,1.305019921282335,32.80933766445689,0.1155234152570727,0.178411053967288,-1.1221146271440836,-0.012384327341881551,0.010910756307959459,-0.022197260706963262,36.479327994398425,0
2021-05-13,1.2748635491145153,33.122686675172865,0.2452104320016346,0.1296870167445618,-1.0743942876467731,-0.023107978411691654,0.011829505159500917,-0.04088301377961845,32.001439835777276,0
2021-05-14,1.2991779274135784,33.063043768382016,0.1180975731274074,-0.1271128588742271,-1.0736516464707049,0.019072141733090797,0.012819562204967747,-0.0249766944290698,42.17487505941167,0
2021-05-17,1.2928267582568758,32.49017930003431,0.0052513672380882,-0.1128462058893191,-1.1373946152538368,-0.004888606112133265,0.012773513909251584,-0.0205519985932916,45.989249781054816,0
2021-05-18,1.3156839777895797,32.10623295789444,0.0182455270840975,0.0129941598460092,-1.1769583853106336,0.017680032832490644,0.013528914029225509,-0.007690105132690306,45.40552717832665,0
2021-05-19,1.308409212979278,32.50783571069085,-0.0603003907532126,-0.0785459178373102,-1.1176486390064202,-0.005529264575011239,0.013495169875595677,-0.0061386317430203174,45.00534403413907,0
2021-05-20,1.3070496483315297,32.58051617565308,-0.1084340999039525,-0.0481337091507398,-1.1000942480039524,-0.0010390974278241538,0.013489377236352981,-0.02407440006268957,43.84156829100473,0
2021-05-21,1.3147296070424708,32.63174340900359,-0.0862600718756851,0.0221740280282674,-1.085349678867641,0.005875797235969316,0.013598635367725452,-0.019803855689456085,48.70330389386526,0
2021-05-24,1.3204417711696153,32.61593992337328,0.025152124667791,0.1114121965434762,-1.079122021243937,0.004344744422386748,0.013253607460088766,-0.02466563307423497,48.648883224006575,0
2021-05-25,1.3269186478137498,32.6772855856273,0.114210525546575,0.089058400878784,-1.0632222831078402,0.004905083121081066,0.01256158395398991,0.0041882361730323225,52.62879093347532,0
2021-05-26,1.328959867123412,32.57139169251742,0.0127111963653163,-0.1014993291812587,-1.0686286831669838,0.0015383153390942095,0.011796032615788977,0.018344506049802867,47.090787567195754,0
2021-05-27,1.324443750002328,32.60104872973772,0.0041065108169249,-0.0086046855483914,-1.0567191553009474,-0.0033982343882658084,0.01178512136912215,0.03889059415201723,45.322360917834004,0
2021-05-28,1.3506458814697229,32.56026222440385,-0.0142962369199537,-0.0184027477368786,-1.0539141261208025,0.019783498897064433,0.012593211946758423,0.03961578546720501,49.17703965638754,0
2021-05-31,1.3348473100137168,33.12252668406773,0.1013173521388921,0.1156135890588458,-0.9742173824945553,-0.011697049295270934,0.012701366397555439,0.0325028481105214,53.80083418785776,0
2021-06-01,1.3379939144961357,33.416909871037575,0.1479248570820601,0.046607504943168,-0.9290786614130762,0.002357276715331924,0.01267626272210625,0.016956911449235612,60.05997141106978,0
2021-06-02,1.3502977673280125,33.37838757980785,0.1613991774580796,0.0134743203760194,-0.9267951201207536,0.00919574648178445,0.012684289361451216,0.032014872666138894,75.82751691634215,0
2021-06-03,1.3637784588663924,33.5319257417801,0.1861754024084732,0.0247762249503935,-0.8998790353658045,0.009983495392320574,0.012298194668694477,0.0434021849187427,73.89056902138532,0
2021-06-04,1.3641753165138502,33.71061126588768,0.2300698082967756,0.0438944058883024,-0.869833803134943,0.0002909986184909119,0.01229848328980416,0.037609033223652055,77.60171694594861,0
2021-06-07,1.3643000671732641,33.75076899429263,0.1256484620449782,-0.1044213462517973,-0.8577524541491609,9.144767384650088e-05,0.0121375527384562,0.03321486563152298,72.82142822676437,0
2021-06-08,1.3608464541654537,33.37613070351133,-0.0081558335052491,-0.1338042955502274,-0.8995447138580387,-0.002531417457866225,0.01073229865443952,0.025568866944182256,75.5310754580645,0
2021-06-09,1.3550554355564592,33.45210368957124,0.0147432219526777,0.0228990554579269,-0.882662856003813,-0.0042554533549825635,0.010323881731755653,0.019636084639284235,72.4065548328912,0
2021-06-10,1.3544068286946123,33.28877792381041,-0.0486295635939413,-0.063372785546619,-0.8970407523090697,-0.00047865706806349273,0.008516866715437992,0.022623141747040165,69.82016305795281,0
2021-06-11,1.3527568129862713,33.2448210446538,-0.0931580442467776,-0.0445284806528363,-0.89579710283747,-0.0012182570800616244,0.007676819741878534,0.0015629052333476778,66.82533050036122,0
2021-06-14,1.3568844784416103,33.19911664782438,-0.1103304692936504,-0.0171724250468727,-0.8948140396590196,0.003051298959069415,0.007502405397982919,0.016509130491986435,65.9934253221582,0
2021-06-15,1.3697755327637913,32.78338045481178,-0.118550049739909,-0.0082195804462585,-0.9425316150258304,0.009500480348177076,0.006820268243007791,0.023753185962451795,69.5231320994026,0
2021-06-16,1.3688017377886479,32.693425463347886,-0.1517356452446705,-0.0331855955047615,-0.9472289924174232,-0.0007109157317027881,0.006621067486443853,0.013703622199754628,71.96174196774548,0
2021-06-17,1.3616022913372785,32.609470958408544,-0.1358613930803685,0.015874252164302,-0.9511612147243996,-0.005259670741652012,0.006797318062098624,-0.0015956899120717072,56.681834196277656,0
2021-06-18,1.3463892793932801,32.68019063923005,-0.1129260810847583,0.0229353119956101,-0.9346115273610084,-0.011172874811379074,0.007341913733798309,-0.013037940875533671,57.08957603598336,0
2021-06-21,1.3129996471612837,32.93946001411397,-0.0519313267420784,0.0609947543426798,-0.8930369773139005,-0.024799389554737594,0.009315273969516268,-0.037602006513326236,38.80626608071321,0
2021-06-22,1.3558688361776208,33.63308712961545,0.1699413349607397,0.2218726617028181,-0.7935362365377214,0.032649810004915514,0.01184451647551153,-0.003657736677489809,51.95875619682098,0
2021-06-23,1.3478516761171007,35.149400464834635,0.4911950002973455,0.3212536653366058,-0.5834235053019663,-0.005912931875565186,0.011948260671485,-0.00531621013453254,44.17650093273861,0
2021-06-24,1.3468933266844885,35.31996434068442,0.5420986764551685,0.0509036761578229,-0.5542528498656206,-0.0007110199509289261,0.01191393990805039,-0.00554744841132071,43.706820857365365,0
2021-06-25,1.3574585133798898,35.35892923545291,0.5357477192445828,-0.0063509572105857,-0.5428048344190076,0.007844115406977714,0.011195842353458073,0.0034756434774401157,47.68471802938952,0
2021-06-28,1.3587577784549072,35.520969527513195,0.5163019026798423,-0.0194458165647404,-0.5144949197997055,0.0009571305953082199,0.010833215036226498,0.0013805891680980231,49.28270245907691,0
2021-06-29,1.3475427617644646,35.54720659902396,0.3828238938816994,-0.1334780087981428,-0.5046939821457908,-0.008253874876208989,0.011018589106798647,-0.016230959356141827,47.51264621007825,0
2021-06-30,1.3438569858044702,35.62973167772096,0.0960662425772653,-0.2867576513044341,-0.4870703736647042,-0.0027351829304238517,0.010839581345345904,-0.018223787489104804,46.575939519434854,0
2021-07-01,1.34143886372535,35.64930501754131,0.0658681353713745,-0.0301981072058907,-0.4781155249584473,-0.0017993894474362948,0.010574881889299947,-0.014808602879277766,46.34486692664268,0
2021-07-02,1.3521810028485342,35.66009078222175,0.0602323093537719,-0.0056358260176025,-0.4703625225770118,0.008007922994978545,0.010754985530395134,0.004301670804942814,48.543248636941264,0
2021-07-05,1.3459477615346744,35.76816924959281,0.0494399444159299,-0.010792364937842,-0.4488549864658113,-0.004609768441302342,0.010795281234504987,0.02509377245045341,42.30266371238743,0
2021-07-06,1.3512346659867653,35.82390686982822,0.055340054160851,0.0059001097449211,-0.434629559729467,0.003928016081443442,0.010831710600504798,-0.0034178602437089367,44.47897343713897,0
2021-07-07,1.3393491602398409,35.92896686613469,0.0598470376827435,0.0045069835218924,-0.4132523084766215,-0.008796033765345213,0.010965757666328915,-0.006308198467174009,43.20633321171854,0
2021-07-08,1.3286628442877566,36.076874883991536,0.0855139732900411,0.0256669356072976,-0.3855071311597186,-0.00797873793430437,0.01109157596306448,-0.013535208791633169,44.43446332184327,0
2021-07-09,1.3227841570904897,36.19048987719736,0.1060798189951199,0.0205658457050788,-0.3624819745132431,-0.004424513880658898,0.011119539030103511,-0.025543584535092423,53.71354415733779,0
2021-07-12,1.3501714991383704,36.13326595590976,0.0730193412633966,-0.0330604777317233,-0.3642228753118998,0.02070431664990613,0.012118895929358777,-0.006319212631334836,47.549722404419825,0
2021-07-13,1.3592129192768565,36.4066978281945,0.1165581916732563,0.0435388504098597,-0.3172687943742407,0.006696497551796909,0.012016817695137964,0.008660324439063505,54.8435053760352,0
2021-07-14,1.3552297959005846,36.58916973012076,0.1320405727972087,0.0154823811239523,-0.2833063460260977,-0.0029304631524478264,0.012030870037207307,0.008462812796486974,53.46463495327106,0
2021-07-15,1.3407893030905789,36.58974947944482,0.1025749190906637,-0.0294656537065449,-0.2761782465270248,-0.010655383207841651,0.012204127937098387,-0.00048422678985704515,43.28846821016428,0
2021-07-16,1.3340394865112812,36.60112370832704,0.082126766225933,-0.0204481528647306,-0.2673525799982534,-0.005034211239408726,0.012002388127540224,-0.01341648514439675,40.46611600724668,0
2021-07-19,1.3172141739230911,36.91948735921955,0.1572442806619562,0.0751175144360232,-0.2115695169172883,-0.012612304776818073,0.010962361397523457,-0.02134821902658446,38.787471853192415,0
2021-07-20,1.304639253564217,37.17614330309426,0.1538890949799451,-0.003355185682011,-0.1645228415412996,-0.00954660267693741,0.008071009025369242,-0.03448358275246077,36.39532976332207,0
2021-07-21,1.3133282598569567,36.76762189904443,0.0356904337847368,-0.1181986611952083,-0.2201898809285523,0.006660083443757792,0.008229526227715412,-0.019428018589435325,40.65498216158429,0
2021-07-26,1.3275461747958965,37.034006951965935,0.088851494504226,0.0531610607194892,-0.1706500601307534,0.010825865378460975,0.008663267456015016,-0.000840446089586111,41.995442082978315,0
2021-07-27,1.3360822625354902,37.515909470969056,0.1829571525284024,0.0941056580241763,-0.086050949003998,0.0064299742650428815,0.008595474604526872,0.010053118170276765,46.841683006369415,0
2021-07-28,1.3237649334781507,37.8483349612258,0.1857695204012515,0.0028123678728491,-0.0238434893094598,-0.00921899002982407,0.008787622039244108,-0.01955793443801135,41.584712536938504,0
2021-07-29,1.3417738490249582,38.01159058314731,0.1670894560106077,-0.0186800643906437,0.0120533878905658,0.013604315306562587,0.009221486271513356,-0.012830271111001768,50.715937243753295,0
2021-07-30,1.3246105023749624,37.98264605051697,0.2430048302945167,0.0759153742839089,0.0170808543995635,-0.012791534625949175,0.009633444396711311,-0.022593432950073877,48.847546704368426,0
2021-08-02,1.3522263844847953,38.34994113349073,0.2631868363049534,0.0201820060104367,0.087982988171661,0.02084830375443869,0.010759810562609228,0.008530110859218176,57.45180757694133,0
2021-08-03,1.3467391768557353,38.88442114423368,0.273702334652917,0.0105154983479636,0.1884911519745116,-0.004057906051840976,0.01065177413870386,0.009519725969780568,49.02296979142248,0
2021-08-04,1.3412436924587445,38.78223344046531,0.1867796958479104,-0.0869226388050066,0.1827130061010388,-0.004080585529427583,0.010640759159964508,0.018242681419138984,44.77956958956178,0
2021-08-05,1.791651556590489,38.76765201195128,0.1512122857607991,-0.0355674100871112,0.1920552926635085,0.3358135935059381,0.07590848801243048,0.37329269504637064,85.27897243852821,0
2021-08-06,1.7853786755809913,38.90651206535893,0.1847732029683939,0.0335609172075948,0.2285478893076383,-0.003501172416267684,0.0758249078985255,0.3594306390509321,86.42014042894594,0
2021-08-10,1.792003021793189,38.74177633838395,0.0783670409786339,-0.10640616198976,0.2120767355077343,0.0037103312046908865,0.07566925915999635,0.3498611617548446,87.5234467527084,0
2021-08-11,1.8121826859174242,36.60558119528128,-0.4557679897904734,-0.5341350307691073,-0.1592142416171731,0.011260954294620706,0.07551312997520912,0.3563406511201157,90.33375920083664,0
2021-08-12,1.8081366796745575,36.296196305117086,-0.4972074270696467,-0.0414394372791733,-0.2065106809753927,-0.0022326701796173687,0.07564565588014022,0.3659046511556514,91.6070980576637,0
2021-08-13,1.81186826521061,36.22224880086562,-0.5090806422171354,-0.0118732151474887,-0.2115037745325118,0.0020637740376596714,0.07568581848005225,0.35035294250760707,91.53776489113149,0
2021-08-16,1.784019629136572,36.22016259244372,-0.5372698945830479,-0.0281892523659124,-0.2031538575079595,-0.015370121883999555,0.07590666377461971,0.34682582233638604,87.18814133708602,0
2021-08-17,1.7767039129548359,36.5372367441084,-0.4409079188551033,0.0963619757279445,-0.1336801609506995,-0.00410069265060542,0.07579911258715706,0.31391010657713836,85.96824139848096,0
2021-08-18,1.780350712199449,36.705830673614194,0.0200498956665811,0.4609578145216844,-0.0913689370581314,0.002052564424506853,0.07570998723940361,0.321971427575217,87.80657962564949,0
2021-08-19,1.741495448612161,36.91330055077612,0.1234208491318114,0.1033709534652302,-0.0403106420371726,-0.021824499701683098,0.07592598285399195,0.29841836975925085,81.99356180440458,0
2021-08-20,1.7099702272892447,36.87765154898666,0.1310805496242082,0.0076597004923968,-0.0365208529675331,-0.018102385135740362,0.07610333211230022,-0.045589963629247054,80.15086319653187,0
2021-08-23,1.750458232314863,36.79860857961756,0.1156891974347686,-0.0153913521894395,-0.0418319318401148,0.02367760817087583,0.07608972532938842,-0.019559124203589295,80.54278044750134,0
2021-08-24,1.7637017552749645,37.4016033722744,0.1728733256331907,0.057184128198422,0.0938060211851349,0.007565746337510726,0.07610657542366753,-0.0157930908452959,81.60334926395936,0
2021-08-25,1.7752910943675932,37.31226625940418,0.1212871171579976,-0.051586208475193,0.0878719059390874,0.006571031104304792,0.0761055911234479,-0.02035754553694702,82.5971611441017,0
2021-08-26,1.7755657926203154,37.21350585420473,0.0600410606857266,-0.0612460564722709,0.0799463366194658,0.000154734203080098,0.07596699334896047,-0.018013509388075888,46.27025637920354,0
2021-08-27,1.7688778277010988,37.28255412297033,0.0809805147967352,0.0209394541110086,0.1084504874449077,-0.0037666669109156503,0.07610779228214351,-0.023727132007863694,46.181362895188364,0
2021-08-30,1.7844854906239753,37.33513652937764,0.1073055899520127,0.0263250751552774,0.1338673998453936,0.008823482706638242,0.07582747219201974,0.0002611302475572508,48.32973508854027,0
2021-08-31,1.797437251325953,37.37679005891847,-0.0049626626711827,-0.1122682526231955,0.1556214209608694,0.007257980392683772,0.0758546567108356,0.011669551814424306,46.61510333083793,0
2021-09-01,1.8142413569388056,37.66865955686333,0.0712786594918313,0.076241322163014,0.235430379148212,0.009348924754094545,0.07572165289571207,0.019035937417907878,51.32382135856018,0
2021-09-02,1.8153559455941708,37.92702322914256,0.142703474987563,0.0714248154957317,0.3097080869426951,0.0006143552240733818,0.07565924410699466,0.042412110258956526,50.76499893177353,0
2021-09-03,1.8441059188479023,37.70705356540167,0.0848998884862695,-0.0578035865012935,0.2717191242689569,0.015837099783933217,0.011056354699277595,0.0784432906596848,63.12761115684667,0
2021-09-06,1.8747703850450135,37.32467286879555,-0.0020927321164165,-0.086992620602686,0.1919014131331959,0.01662836493484532,0.011484843818776652,0.07101692027564477,69.44194310529849,0
2021-09-07,1.8929542106766246,37.18165125413528,-0.0390277609566425,-0.0369350288402259,0.168326243878773,0.009699228117033831,0.011595371110078738,0.07328475747959406,71.10731993804633,0
2021-09-08,1.9013541697316771,36.85501123615206,-0.1627296641422546,-0.1237019031856121,0.0999952316773792,0.004437486658512402,0.01143281055547617,0.071009805526564,83.82750868482157,0
2021-09-09,1.8865301144846292,37.15921494826049,-0.1535616561764143,0.0091680079658402,0.1868720546516585,-0.007796577556689499,0.011619352431477723,0.06249519016727434,90.20328108325232,0
2021-09-10,1.906433988845398,37.39724498351004,-0.0619617163783274,0.0915999397980869,0.2619948215933019,0.010550520348415526,0.01176856435516446,0.07776464772757796,89.1899285801445,0
2021-09-13,1.9010715017317794,37.29926311270877,-0.0050819512173561,0.0568797651609713,0.2553828864127171,-0.002812836502598448,0.011073078001592714,0.06533312359241306,85.9383206876526,0
2021-09-14,1.9227612250473134,37.6133139511093,0.0863325393948102,0.0914144906121663,0.3570799570972802,0.01140920964612624,0.01107497521570395,0.06972369891016239,86.64415990441773,0
2021-09-15,1.9059194265433632,37.85177698498918,0.1993531497674254,0.1130206103726152,0.433678861765451,-0.008759173153981115,0.011433923528613952,0.05053245493160152,79.92696660648512,0
2021-09-16,1.9031868198980568,38.06071319274069,0.1802996488960389,-0.0190535008713865,0.5035281471154793,-0.0014337472021376252,0.00985999816616678,0.048382177895772704,81.40542368436729,0
2021-09-17,1.9139905838284161,37.51898121612947,0.024347246523888,-0.1559524023721508,0.3674512352162306,0.005676670213036639,0.008302325734557513,0.03789623159182409,80.9780795065279,0
2021-09-21,1.8858801344145737,37.53346070390599,0.0468395182394374,0.0224922717155493,0.3834821588600353,-0.014686827433400995,0.008357996552428007,0.0059259253603440865,69.7253643268676,1
2021-09-22,1.8683978769741179,38.01255637310666,0.07984848439947,0.0330089661600325,0.5293267485613623,-0.009270078793148118,0.00879172270608181,-0.012972492183912498,62.04207015709266,1
2021-09-24,1.9150625619479338,38.21696164587615,0.0730369321773949,-0.006811552222075,0.597161133749931,0.024975774993594824,0.010064609009038883,0.007209804693142141,68.43592491094017,1
2021-09-27,1.9265400258523333,39.141847057660016,0.216226772983866,0.1431898408064711,0.8690806068527565,0.005993257939691077,0.010036591784953868,0.021208201798906368,66.28222445658973,1
2021-09-28,1.927774701599811,38.95605068266829,0.2874138933077645,0.0711871203238985,0.828182503451832,0.0006408772882522396,0.009901408439460156,0.011194047566964294,61.84657178358276,1
2021-09-29,1.4228773586306438,38.81710441796877,0.2567287428125624,-0.0306851504952021,0.7971065600487736,-0.26190682062077364,0.06029501380029728,-0.2515392728077429,16.915806898961804,0
2021-09-30,1.4161717845210609,39.46633214278271,0.2907551539352084,0.034026411122646,0.9928766036399002,-0.004712685931018146,0.06018256189269286,-0.263469761053553,15.771036465099996,0
2021-10-01,1.3853618627677213,39.27097826633946,0.2108033240926587,-0.0799518298425496,0.9454587909405272,-0.02175577997676259,0.0600640471718273,-0.27312674215181376,15.423157480149655,0
2021-10-04,1.3743854974393568,40.13794876759342,0.1992203419866811,-0.0115829821059776,1.206749346875985,-0.007923103431211498,0.060004973129337,-0.27785045426440325,12.83482941095508,0
2021-10-05,1.3543518664268697,39.4758471861236,0.1039593006910593,-0.0952610412956218,1.0229312432504656,-0.014576427828882133,0.05965311772013249,-0.29239366281632473,12.577044504968626,0
2021-10-06,1.3478108674856397,38.71477194053748,-0.0204664954862536,-0.1244257961773129,0.8081191825277763,-0.004829615628977435,0.05927865615520835,-0.28531466932068017,9.811192068650016,0
2021-10-07,1.3475463274349884,37.89824919506955,-0.313616589542633,-0.2931500940563794,0.5750317445706742,-0.00019627386678133796,0.059108379124659,-0.2787690758794117,10.043959620195821,0
2021-10-08,1.364153595669713,37.76646705666386,-0.3009022419351197,0.0127143476075133,0.5448893026205466,0.01232407962280302,0.0592699017908292,-0.2876715242753509,12.178889736846031,0
2021-10-11,1.3921863419156069,37.89250821181162,-0.4490881111563567,-0.148185869221237,0.592996817244841,0.020549552729897336,0.05977426099632836,-0.2773644340455992,14.252046411679316,0
2021-10-12,1.384894585488512,38.31917729972342,-0.2313339772800375,0.2177541338763191,0.7323574645829594,-0.0052376296243946685,0.05955018831648606,-0.2816097315006658,14.670524454757242,0
2021-10-13,1.3778284205123517,38.44516626535948,-0.0539211350356012,0.1774128422444363,0.7819465115265954,-0.005102312515481322,0.05953009935693378,-0.03166045045628285,14.889260288646227,0
2021-10-14,1.3872888327892507,38.75802987996168,0.171956136978423,0.2258772720140243,0.8890417070214102,0.006866175886676151,0.05943687268741042,-0.020395090516210246,10.101705680236037,0
2021-10-15,1.4119323629361258,38.3495190624329,0.1166104011538067,-0.0553457358246163,0.7739597054598665,0.01776380632815111,0.05985830511283866,0.019179465584046707,11.856328324527496,0
2021-10-18,1.4109270487009076,39.03115004689512,0.2277283670166952,0.1111179658628884,0.9974600932314452,-0.0007120130266917712,0.05986576190272047,0.026587555914721284,11.677265858724397,0
2021-10-19,1.415009345913242,38.903633435452136,0.11689122714575,-0.1108371398709451,0.9689305629107896,0.0028933439302145647,0.05982375546745763,0.04478709040834605,47.73282932926701,0
2021-10-20,1.4159685826393675,38.11238634043818,-0.0665559849842623,-0.1834472121300123,0.7293819653703167,0.0006779013360553865,0.059898819304892006,0.050569198392707015,49.939441850536056,0
2021-10-21,1.3953361625947152,37.7922589318683,-0.1931541896186743,-0.126598204634412,0.6382913240675956,-0.014571241408614766,0.05989700839931029,0.035464335575529526,53.164501850342255,0
2021-10-22,1.3960769980222119,38.40114562161691,0.0103253118368016,0.203479501455476,0.8456619091985642,0.0005309368791237556,0.05934010470705097,0.023401618742812103,57.35997930752486,0
2021-10-25,1.3904698235253832,38.04156535090534,-0.1979169391979596,-0.2082422510347612,0.7386881223127423,-0.004016379114312629,0.05920764872700769,-0.0012329659748434585,63.584849680654536,0
2021-10-26,1.4107828149352484,38.20267339166498,-0.140192008757424,0.0577249304405356,0.8015223347288225,0.014608725098660402,0.05947326554454181,0.018693285191525577,71.46185301650593,0
2021-10-27,1.4096393891231989,37.94696954046712,-0.0330833599942153,0.1071086487632086,0.7269508647727534,-0.0008104903178183243,0.010841497487463774,0.023087757617177074,71.03629106260638,0
2021-10-28,1.3969182257847925,37.870051395368414,0.0155584927000163,0.0486418526942316,0.7112858404966852,-0.00902440967283058,0.010973595096696449,0.006941159452845236,61.400400570087015,0
2021-10-29,1.400953592951,37.88347352835949,-0.1035344186514777,-0.119092911351494,0.7261878667984853,0.002888764060573701,0.009796740647903179,-0.0077757053194073,53.662112774155865,0
2021-11-01,1.432732517489076,37.78728193401455,-0.0508566833781571,0.0526777352733205,0.7059555978745129,0.022683781031701544,0.010739599620100702,0.015454710297208907,66.58859083127098,0
2021-11-02,1.4267020246453965,38.22194601572019,0.0038545248110466,0.0547112081892038,0.8633066105431585,-0.004209084926925621,0.010123011441462377,0.008263322617567681,67.07033879126847,0
2021-11-04,1.4441757224741782,37.97143870262376,0.0048938324313212,0.0010393076202745,0.7895623365730831,0.012247615498495401,0.010178634192270723,0.01992073848293474,68.81592481981552,0
2021-11-05,1.434638364181771,38.039067764919366,0.0338032739101947,0.0289094414788735,0.8266745862162426,-0.0066040151097871425,0.010399803217712358,0.02816683365675199,58.34407045914996,0
2021-11-08,1.430669099670855,38.22626320561818,0.0685579354517358,0.034754661541541,0.9040626984952052,-0.0027667352344782348,0.010248355610071409,0.024778075777803776,57.10019806557958,0
2021-11-09,1.4213835796733905,37.39560737430414,-0.078334911942079,-0.1468928473938149,0.627048616480422,-0.006490333788295888,0.00948793046199413,0.02223259766229857,52.20977875240844,0
2021-11-10,1.4137264242629826,37.16989858091729,-0.2104094869605788,-0.1320745750184997,0.560628889772401,-0.005387114020388051,0.009493227259520922,0.0020865077860119374,49.257198402013586,0
2021-11-11,1.4178954793266751,37.1536840136881,-0.1635509377871358,0.046858549173443,0.5692260854129483,0.0029489829093816144,0.009387685100274714,0.005856881034383976,58.38870656293821,0
2021-11-12,1.4361534666718936,37.12225757750926,-0.1833620374820199,-0.0198110996948841,0.5713832708456715,0.012876821748446954,0.009661544549775887,0.02808699905469303,63.18482034324437,0
2021-11-15,1.4446654718260605,37.07548947554731,-0.230154746014179,-0.0467927085321591,0.565446837463415,0.005926946772542685,0.008968332457909567,0.031201518090963276,67.49551447805271,0
2021-11-16,1.4491755141296683,36.93293604266528,-0.0925342663277675,0.1376204796864115,0.5244811944082866,0.003121859275772021,0.008966633050867206,0.011476668840747273,63.80223478508026,0
2021-11-17,1.441375974410354,36.89472775001111,-0.0550341661812368,0.0375001001465307,0.5205717648444824,-0.005382053204230686,0.009083123041297316,0.010285223902030127,60.88826461230553,0
2021-11-18,1.4408611090804075,36.93237516638945,-0.0442617694597231,0.0107723967215136,0.5448254201875969,-0.0003572040460554371,0.009087777966947866,-0.0022951593370452716,66.45415395374397,0
2021-11-19,1.4481085325949885,37.08068693194824,-0.0083141291122075,0.0359476403475156,0.6129104041204922,0.005029925139145686,0.008357886249068733,0.009389243135778047,67.24213495650945,0
2021-11-22,1.4459852927728145,36.91536287846549,-0.0320253194163697,-0.0237111903041622,0.5614884136523418,-0.001466215946099858,0.00838686941632054,0.010705615369398291,56.187817006971585,0
2021-11-24,1.4305773077710013,36.94478712618657,0.0023702167042571,0.0343955361206269,0.585295168432303,-0.010655699666396234,0.008752269592896047,0.00646815414859625,51.66370947954041,0
2021-11-25,1.4359605892883922,36.984060052594856,0.0178664605167497,0.0154962438124925,0.6148144122503442,0.0037630133570192292,0.008214089445251241,0.015727346284130528,46.064596412334375,0
2021-11-26,1.4058765750365307,36.89096618746645,-0.0082817957845975,-0.0261482563013473,0.5926218282304384,-0.02095044562940962,0.009561057905393237,-0.008476579878688884,38.48804368447362,0
2021-11-29,1.3813072587244377,37.72910034040364,0.1296826816910865,0.137964477475684,0.9405139405502544,-0.017476154556067325,0.01014562674103094,-0.03818965676039843,33.039666152903266,0
2021-11-30,1.3650916722621225,38.40328036940593,0.2975834981880823,0.1679008164969957,1.2268092634485597,-0.011739304459522981,0.01041128909774599,-0.0550811250879808,31.537764980343297,0
2021-12-01,1.3730463202454073,38.42847734491708,0.2967380437461031,-0.0008454544419791,1.253626444651008,0.005827189590940085,0.0089523608431104,-0.05253276303801058,36.6840022720357,0
2021-12-02,1.3671974944575933,37.25268129366359,0.0537242482137472,-0.2430137955323559,0.7881805674413208,-0.004259743973363261,0.008952999973828,-0.05146365783091822,33.5853163934287,0
2021-12-03,1.3862196956795887,35.019092068650245,-0.3743748237632402,-0.4280990719769875,-0.1225578088231834,0.013913279755930263,0.009099929910895952,-0.037922748456783784,33.912360984434756,0
2021-12-06,1.3760114706265563,35.47435532142299,-0.4509490037961328,-0.0765741800328925,0.0747087576485748,-0.00736407445720777,0.009121702188753005,-0.049787056940570174,28.12022634380989,0
2021-12-07,1.4027973912831286,35.42793250923776,-0.595069572033637,-0.1441205682375042,0.0593801247769433,0.01946634982946449,0.010306810633083861,-0.02986745557201964,37.05715289128018,0
2021-12-08,1.413627167837823,36.04710071865058,-0.4762753252532903,0.1187942467803466,0.3240900918872336,0.007720128809755256,0.010392972875988702,-0.011848461345712713,42.38487350379186,0
2021-12-09,1.4051746105122505,35.89850399348939,-0.2708354600348457,0.2054398652184446,0.2663906028713386,-0.005979339898016356,0.010409294010307695,-0.021439292279879396,40.61538546881621,0
2021-12-10,1.394728522288593,35.814119121354736,0.1590054105408924,0.4298408705757381,0.2356606297037335,-0.007434014353454144,0.010499783871477987,-0.007929609857570963,36.19470587444318,0
2021-12-13,1.3962842910844477,35.89845671806096,0.0848202793276016,-0.0741851312132908,0.2761076435890268,0.0011154635264085666,0.010013266150845117,0.010842650876851545,37.108341969259406,0
2021-12-14,1.3957145178296186,35.96160665887606,0.1067348299276602,0.0219145506000586,0.3072500674243193,-0.00040806392972203565,0.00986982925922769,0.022432812528077717,40.203007656611575,0
2021-12-15,1.4055982434543604,35.81398070309437,-0.0466240031112477,-0.1533588330389079,0.2486574342362502,0.007081480846176991,0.010009850966900947,0.023707811403722356,41.678194259259016,0
2021-12-16,1.4289729814595045,35.78159080212455,-0.0233826382729631,0.0232413648382845,0.2385247582770537,0.01662974332388112,0.010741356492323216,0.045184025901407354,56.572040992341336,0
2021-12-17,1.4075502768577268,36.15728213114318,0.0686326019576881,0.0920152402306513,0.4027688925787088,-0.014991679254773072,0.011227392995121478,0.015387590613968882,57.603562636335745,0
2021-12-20,1.3776362621298768,36.04448000025141,0.0292046564380825,-0.0394279455196056,0.3563447334456981,-0.021252537276772343,0.011983705707852592,0.0011807979351949882,53.367332201059604,0
2021-12-21,1.3991531279429876,36.79976791321764,0.1676322508683156,0.1384275944302331,0.6806630467022774,0.01561868426709756,0.012646131421722318,-0.0025978543749697325,56.53221558314325,0
2021-12-22,1.4010007949636256,37.19464571331892,0.276133002044908,0.1085007511765923,0.8483293497571642,0.0013205609763060622,0.01247560345289035,-0.008931897434816372,58.630775638619895,0
2021-12-23,1.4160224647738708,36.58272987238805,0.1602278140527033,-0.1159051879922046,0.5856612064041488,0.010722099419390618,0.01270941405097725,0.007719933295454284,57.76803614627061,0
2021-12-24,1.413752820030537,36.614757058826086,0.0914949855365847,-0.0687328285161186,0.5991463399537768,-0.0016028310283172642,0.011783251837352827,0.01364014389748558,60.26188525179414,0
2021-12-27,1.4085109617851843,36.71039281563808,0.1331825630773337,0.041687577540749,0.6388409250433205,-0.0037077614778794343,0.011067730196792528,0.00875657685100828,51.759680094004224,0
2021-12-28,1.426694759471735,36.527579975056845,-0.0544375876321581,-0.1876201507094919,0.5591212133054057,0.012909944033026255,0.010942218145444674,0.022196689399127,53.85018395463767,0
2021-12-29,1.4192452545338086,36.82557737484815,-0.0738136676941536,-0.0193760800619955,0.6843151266511216,-0.005221512792746741,0.011031517280216448,0.009709041074147606,54.17036921318742,0
2021-12-30,1.4167751610749328,36.53717180887929,-0.0091116127017443,0.0647020549924093,0.5595591338221457,-0.0017404274919962104,0.01097395040978438,-0.008536074889332834,56.85863246934515,0
2022-01-04,1.4497873651872002,36.50169573904149,-0.0226122639569226,-0.0135006512551782,0.5425472229508898,0.023300947828038154,0.011694646047922894,0.030007516622258867,63.920168060131694,0
2022-01-05,1.4601489675067103,36.97787572812675,0.0534965824977291,0.0761088464546517,0.7418514495936636,0.00714698070097497,0.011511629685849328,0.05989440583486516,65.95148304479697,0
2022-01-06,1.4305999174325146,36.59283902535549,0.0130518100597285,-0.0404447724380006,0.5741517817346568,-0.020237010559718716,0.011944148876341978,0.022475588169366123,55.640270512577295,0
2022-01-07,1.4327305342888792,36.70135788918427,-0.0248438971327757,-0.0378957071925043,0.6166581680594917,0.0014893170553151869,0.011841823045867783,0.022647909579578407,50.93755390933408,0
2022-01-11,1.4270985020417135,36.549328273150586,0.0024312928542613,0.0272751899870371,0.5489130092292144,-0.003930978025788456,0.011789410034188081,0.007821936122751838,55.29473437482061,0
2022-01-12,1.449769255319373,36.31941924079043,-0.0364552996502141,-0.0388865925044754,0.4487067834267084,0.01588590643548793,0.012077650171351003,0.025475765479327617,70.33549466009484,1
2022-01-13,1.443300786508439,36.4017420200007,-0.1152267416252073,-0.0787714419749932,0.4816438011064541,-0.00446172298605485,0.012163385129578999,0.02469971882871347,63.59988308285093,0
2022-01-14,1.4254593519714018,35.46613872018505,-0.225340061034089,-0.1101133194088817,0.0827319730749417,-0.012361549791847892,0.012561026987632598,-0.0008659227856072649,56.858716311997874,0
2022-01-17,1.4344044537442588,35.606635934323755,-0.2189443909721049,0.006395670061984,0.1418350758005895,0.006275241563700851,0.012542200925310687,0.010681169559682457,55.33658436141501,0
2022-01-18,1.4308213607628983,35.80844413761264,-0.1481768271075907,0.0707675638645142,0.227261607740212,-0.0024979655995960304,0.01201295193094538,0.009914205213273464,54.91776505741931,0
2022-01-19,1.386462324703892,35.88891464757834,-0.0861009186424226,0.062075908465168,0.2609679394028514,-0.031002497778866323,0.013513660116800781,-0.043678846983972286,44.81591037574723,0
2022-01-20,1.4005549356296403,36.88831249660716,0.0973140953213018,0.1834150139637245,0.6833705959587185,0.010164438423350575,0.012802113160176183,-0.040813665730853654,43.73342882408572,0
2022-01-21,1.3882951930912681,37.00365107570139,0.3075024711032625,0.2101883757819607,0.7288082347068686,-0.008753489225226674,0.012483690925432792,-0.029571317477195436,42.747524404193214,0
2022-01-24,1.3888689215547128,36.70871218050989,0.2204152492372344,-0.0870872218660281,0.5986571462775406,0.0004132611466924896,0.012479081820641287,-0.03061400010989279,43.40213996573492,0
2022-01-25,1.3659363039519705,36.7287741091255,0.1840659943025713,-0.0363492549346631,0.6025509720293961,-0.016511722054426303,0.012690189233173242,-0.042857727061054174,29.18294248479198,0
2022-01-26,1.3618070219882887,37.04578474650789,0.2313740197859033,0.047308025483332,0.7314697017202548,-0.003023041375893487,0.01269345940753601,-0.06067326438903331,24.80576653424629,0
2022-01-27,1.3271858920987691,36.52208194731055,-0.0732461098593191,-0.3046201296452224,0.5043952803782058,-0.02542293388895256,0.013750552989288413,-0.08045093267812131,24.17743528693731,0
2022-01-28,1.3533112516658892,37.02556362644509,0.0043825101487442,0.0776286200080633,0.7128463464016651,0.019684777937027498,0.014234897891913132,-0.05061393031357386,32.29101200812643,0
2022-01-31,1.367199834847392,37.165095924764415,0.0912767488509018,0.0868942387021576,0.7662325061033722,0.010262667338652776,0.014499999988616834,-0.04685193128161391,37.11806430186596,0
2022-02-01,1.3778215789867365,36.7951976334766,0.013284704870216,-0.0779920439806858,0.6031376543112965,0.007768977049745107,0.01465595531645549,-0.03704150862543942,33.68103664791377,0
2022-02-02,1.4060505975515074,36.62435240203259,-0.0842864688950584,-0.0975711737652744,0.5245158441927313,0.020488152454057884,0.014419136029182055,0.014128240269203785,42.3101141200842,0
2022-02-03,1.3944404580985525,36.612877678328566,0.0181591462036081,0.1024456150986665,0.5138255626961072,-0.00825727002511345,0.014348051287975498,-0.004365753442108877,43.427398011227275,0
2022-02-04,1.4009771210759274,36.21661638518432,-0.1617894482521578,-0.1799485944557659,0.3385518411981696,0.004687660157457252,0.013769870789309083,0.009134892959199004,42.844035936672164,0
2022-02-07,1.397993412889953,36.0856576702159,-0.2158876509097069,-0.0540982026575491,0.2767066740174421,-0.0021297336987794457,0.013759832701708956,0.006569728210943149,42.954268135101685,0
2022-02-08,1.4036724493577641,35.66487198874612,-0.2260651289460895,-0.0101774780363825,0.0900843181125083,0.004062276986034785,0.01379043137965532,0.027626577679072062,54.42912977894663,0
2022-02-09,1.4166379902435846,35.53956332459301,-0.2169578154879161,0.0091073134581733,0.0306521342868579,0.009236870675742637,0.013444423909790585,0.040263390752120376,54.16322302805724,0
2022-02-10,1.4203865478610798,35.24291960422042,-0.2739916148216323,-0.0570337993337162,-0.1035365534046599,0.002646094233891505,0.013443961175579538,0.0702242664853272,58.69000943232147,0
2022-02-14,1.3931529535703988,35.123595839955506,-0.2186041090457635,0.0553875057758688,-0.1602744409197021,-0.019173368215639086,0.013835179269424413,0.029440161570714496,51.0137082716601,0
2022-02-15,1.3741570764528788,34.9620179276369,-0.2247279485157989,-0.0061238394700353,-0.2362903738690826,-0.013635169827431404,0.013995441283618964,0.005088679378215,51.98216774343386,0
2022-02-16,1.399392956268007,34.81698485492267,-0.1695774267646896,0.0551505217511092,-0.305984390365795,0.018364625301984905,0.014719039527531159,0.015656147073218385,58.225399254160635,0
2022-02-17,1.3870785997590278,34.79546304150162,-0.1488200566182769,0.0207573701464127,-0.3207309018949922,-0.008799784545021505,0.013084097352632692,-0.013493111716973316,64.52521501557011,1
2022-02-18,1.382704425052119,34.416994654914,-0.1651849898612809,-0.016364933243004,-0.493644768439213,-0.0031535161076443607,0.01288246487432425,-0.008416302738688985,57.96922015938009,0
2022-02-21,1.373111039717338,34.297901433344755,-0.1651388813221572,4.610853912367929e-05,-0.5521086482237542,-0.006938131650529256,0.012827993142990692,-0.019890461406813498,51.64089214553918,0
2022-02-22,1.3503363984406636,34.29051325781613,-0.1343009339641483,0.0308379473580089,-0.5603934421873716,-0.016586161364897878,0.01332003323048677,-0.03408958440710541,42.85262214128736,0
2022-02-24,1.3295142363935657,34.69660191779459,-0.0240765874256183,0.1102243465385299,-0.3843822081710706,-0.015419981325499932,0.01325659124263629,-0.05283156551097712,29.299695336133183,0
2022-02-25,1.3451491915584466,34.7300725714066,-0.0130780940190007,0.0109984934066176,-0.3751059856669473,0.01175990052373721,0.013562122667400315,-0.05046370292021174,36.9525634723145,0
2022-02-28,1.348760551045138,34.513060723385465,0.0192132136942859,0.0322913077132867,-0.4793366145910617,0.0026847278423498544,0.01223828629733501,-0.05042711571987313,35.96081408056618,0
2022-03-01,1.355820722395008,34.25596396215092,-0.0083874942387609,-0.0276007079330469,-0.6014303555028707,0.005234562461364556,0.011472099917613724,-0.02679693645964354,38.90447506162536,0
2022-03-02,1.3282629222466418,34.14205670089687,-0.0296913113838499,-0.021303817145089,-0.6583315665199779,-0.02032554871980896,0.012076704058277146,-0.03339804087368514,32.20822639018424,0
2022-03-03,1.34417892871316,34.764176516531954,0.0135149197474646,0.0432062311313146,-0.380947758979025,0.011982572275372805,0.012279651850274709,-0.03945569920695857,33.139089588072025,0
2022-03-04,1.3172404453050541,35.0297203756426,0.059929560847209,0.0464146410997443,-0.2661950871800281,-0.020040846372956667,0.011855339351322271,-0.05034909663093812,28.336371297979497,0
2022-03-07,1.2772410617046148,35.07215248464944,0.11181835225279,0.051888791405581,-0.254003012926113,-0.030366045730683577,0.013295927750088577,-0.07627325221261871,26.89420683486719,0
2022-03-08,1.2558899033197513,35.687934374380234,0.2863940824458666,0.1745757301930766,0.0263913839325268,-0.016716623842619183,0.013395864108453474,-0.08536901460039048,26.64401945277031,0
2022-03-09,1.2578680829189626,35.05917216903971,0.1834230936285621,-0.1029709888173044,-0.2675422093365402,0.001575121827146031,0.013468386561244975,-0.06847798491433776,19.22385039468817,0
2022-03-10,1.3095752102443996,35.01821296242536,0.0508072891786923,-0.1326158044498697,-0.2894689864459779,0.04110695551273347,0.01691313669337247,-0.014997226508271622,35.61122815663859,0
2022-03-11,1.2855435255193162,37.41344058904203,0.4767440426798757,0.4259367535011833,0.8161870741132625,-0.018350748041877307,0.01695935151822736,-0.0443115651506828,33.18878869071966,0
2022-03-14,1.2965139375857804,37.02575097984481,0.3907196990390744,-0.0860243436408012,0.6304219051745853,0.008533676105624277,0.017143808908683653,-0.03873675977464819,36.80968276199756,0
2022-03-15,1.30540021759246,37.286521644706326,0.3197174540652199,-0.0710022449738545,0.7453744824973402,0.006853979543965938,0.016951181544190456,-0.03718817980114819,41.873084436054064,0
2022-03-16,1.3281035052995795,36.59039020287103,0.3062436067662659,-0.0134738472989539,0.4164998579880951,0.017391821604711533,0.017352435577342295,-0.0001200191200041445,49.74658704866773,0
2022-03-17,1.3616822815459746,37.04873026043317,0.4061034596015602,0.0998598528352943,0.624412530052794,0.025283252481756557,0.017832873345771542,0.013021594416430249,52.7900171825584,0
2022-03-18,1.3691659062322539,37.5079581514277,0.0189035124771308,-0.3871999471244294,0.8318553996621791,0.005495866978442843,0.017799307249965396,0.039419880487479686,53.39905278569857,0
2022-03-22,1.3925398609567685,37.83175005882965,0.1611998157969694,0.1422963033198385,0.9752295745076486,0.0170716745268924,0.01821039514769914,0.09027176052285313,55.80124876810747,0
2022-03-23,1.427979049156766,38.12237214798612,0.1671701006559587,0.0059702848589893,1.1021701846293732,0.025449316887524054,0.01893854551149891,0.13702566234677405,65.37132830531907,0
2022-03-24,1.4323876744480197,38.61563555122525,0.4050490696708451,0.2378789690148863,1.3228829164534626,0.0030873179083803493,0.018419007219267255,0.13874236408326168,64.09760251538404,0
2022-03-25,1.4298063948840252,38.20657109948213,0.2315681678097902,-0.1734809018610548,1.1235146512872682,-0.0018020816640922366,0.017943344804349542,0.09180930098484952,69.5093060067669,0
2022-03-28,1.4259894197725203,38.14066891454041,0.1265421526225409,-0.1050260151872493,1.085504658565121,-0.0026695747935960856,0.017896283361177195,0.10925020543078756,79.47723666780303,0
2022-03-29,1.4411930659779741,38.11096541744743,0.055843071723558,-0.0706990808989829,1.0645077195341384,0.010661822587631375,0.01797586762220147,0.11159087781316002,87.63829890133887,0
2022-03-30,1.4137962421213128,38.23349380687614,0.0222243317780055,-0.0336187399455525,1.1155124250510335,-0.019009822142094568,0.01865543612608036,0.08303662207806806,78.70741427036558,0
2022-03-31,1.4022109482991763,37.835449100955486,-0.1560372900539519,-0.1782616218319574,0.9201623951176686,-0.008194457926096632,0.018070470958568546,0.0557994483892883,70.0111892340866,0
2022-04-01,1.4003869702390483,37.98068383398319,-0.0451774530997894,0.1108598369541624,0.9831113553287212,-0.0013007872049068947,0.017961589315502263,0.028424170026748685,77.4414019551997,0
2022-04-04,1.405244155962645,38.012617516138334,-0.0256102796804142,0.0195671734193751,0.9909158587476335,0.003468459666378765,0.01718159030766548,0.026350531784473885,76.76252753583753,0
2022-04-05,1.3998607458935575,38.07236058111281,-0.0077209672669269,0.0178893124134873,1.0117392392938185,-0.003830942862309672,0.015367450741968866,0.005257217507410594,73.658184142442,0
2022-04-06,1.3827011223829753,37.8164925235623,-0.0834002566627631,-0.0756792893958362,0.8812995193262959,-0.012258093214571053,0.015069797361338108,-0.03170769683247654,64.06485294702802,0
2022-04-07,1.3625197894230354,38.00902862416113,0.0347159046411249,0.1181161613038881,0.9667505652776286,-0.01459558586685672,0.015680587295903298,-0.04877721741909602,50.231746353491374,0
2022-04-08,1.3636488675301612,38.24768410545424,0.0534000542942152,0.0186841496530902,1.0742931390058694,0.0008286691436636406,0.013045234022074836,-0.0462702695907512,48.41773941845938,0
2022-04-11,1.359715786002932,38.00350572965872,-0.0018223572959286,-0.0552224115901438,0.9486117272039843,-0.0028842333395933117,0.01219977860661944,-0.046475543822871,39.40472038642099,0
2022-04-12,1.3410293891897611,38.05601665245186,-0.0032687857321889,-0.0014464284362603,0.9671130965754496,-0.013742869653740053,0.01266440712258178,-0.06950052644073978,18.529961014783794,0
2022-04-13,1.3602813856550298,38.275495172972434,0.091800529882029,0.0950693156142179,1.0669389495404349,0.014356133147015226,0.0129313551065786,-0.037851887614291146,26.43432877468291,0
2022-04-14,1.3737684441033822,38.51622825678106,0.1014399265239873,0.0096393966419583,1.1775742317832312,0.00991490333586964,0.012570263989080704,-0.0202840408786521,32.90440536148266,0
2022-04-15,1.368348069694028,38.32463096221641,0.015389371352434,-0.0860505551715533,1.0759695519975545,-0.0039456244846939326,0.01133018915232121,-0.022878605146941067,32.585619077580205,0
2022-04-18,1.3575541310493284,38.481104598860185,0.0955197738402873,0.0801304024878533,1.1454397630429478,-0.007888298952409944,0.011402490293577991,-0.033937180746108186,24.039618557071023,0
2022-04-19,1.367767315046473,38.55264573666889,0.099325816843411,0.0038060430031237,1.1728883551465044,0.007523224130481232,0.01081899386103261,-0.022926159577821847,34.00728647641158,0
2022-04-20,1.3846120942320987,38.67883138643827,0.0806672426931669,-0.018658574150244,1.2278760989468227,0.012315529842189088,0.009451355185510508,0.0013820570607696592,44.100893386575,0
2022-04-21,1.3933827919977466,38.97461880261827,0.0916781091674394,0.0110108664742725,1.3664959153366627,0.006334407883756166,0.009561519712276352,0.02265141601193199,47.75668364171506,0
2022-04-22,1.383351762964552,38.931425939009245,0.1213589953585696,0.0296808861911301,1.3376594354248017,-0.007199047591805563,0.009651104865920844,0.014448657497935447,43.213175481530946,0
2022-04-25,1.3624740490281364,39.15458206789864,0.1346954938076834,0.0133364984491137,1.444136538294156,-0.015092122260844332,0.010111915146444182,0.00202855850729855,39.425659963461115,0
2022-04-26,1.3616186346276475,39.46027389240268,0.1815256311467621,0.0468301373390787,1.591939305341294,-0.0006278390411171841,0.009659546417982794,0.015353314106207883,43.431267662734555,0
2022-04-27,1.348180392189108,39.29259012080985,0.1227517468743144,-0.0587738842724476,1.4995442802340129,-0.009869314429744369,0.009048734945289374,-0.008895948730559655,45.33626527258931,0
2022-04-28,1.3750810159284714,39.29392042176441,0.0638603238292319,-0.0588914230450825,1.492985941139796,0.01995328213881198,0.01020448276171752,0.0009554534686855298,53.18436207350147,0
2022-05-02,1.3726766696439332,39.579468428163615,0.1296084978308727,0.0657481740016407,1.6289440861530171,-0.001748512456129614,0.010205836917374886,0.0031633763702192397,53.6411927813241,0
2022-05-06,1.3869016226050925,39.40690336449427,0.0504642593191277,-0.0791442385117449,1.5283787653678065,0.01036293052525572,0.010475780593156412,0.02161791628380949,63.2185703843259,0
2022-05-09,1.3565065245491208,39.463692252116175,0.0006836719426956,-0.049780587376432,1.546290115794649,-0.0219158284629295,0.011499430371538855,-0.008232972358291568,48.97787469759856,0
2022-05-10,1.3409177918767865,40.0628974836938,0.1540614725767852,0.1533778006340895,1.838740181929015,-0.011491822848043953,0.01146295024032547,-0.03155707113734618,41.205074509065135,0
2022-05-11,1.3310191048862814,39.87154307349676,0.1155245303464767,-0.0385369422303085,1.7280499423962028,-0.0073820237530375366,0.011137096032664858,-0.04475703838860534,40.24015255926656,0
2022-05-12,1.3142678054173267,39.59421418755392,0.002949151878056,-0.1125753784684207,1.5771297027894704,-0.012585318578418048,0.011414656016395987,-0.04993954494927377,39.02447594260027,0
2022-05-13,1.3402804247834377,39.32815192337301,-0.0157502882242468,-0.0186994401023028,1.433273932104857,0.019792480085785158,0.012384332605315388,-0.016289208782016562,43.5475037398503,0
2022-05-16,1.3441066674553832,38.56108809632787,-0.1805208311576649,-0.164770542933418,1.0300853649236117,0.0028548075471324097,0.012011051517015472,-0.012861139475410566,39.87241279309692,0
2022-05-17,1.3454360590766417,38.007895835958806,-0.4110003295470008,-0.2304794983893359,0.7336389356470108,0.0009890521737945246,0.011543698411952673,-0.0020355830186865598,37.54852782029137,0
2022-05-18,1.3620045934557823,37.75812886475904,-0.4226828417475374,-0.0116825122005366,0.5953376846770434,0.012314620429090706,0.011669276082325236,-0.009509565124684483,44.638326750931064,0
2022-05-19,1.3402736271284175,37.918618750455096,-0.3351190874197627,0.0875637543277747,0.6764585255215042,-0.015955134389251446,0.012161807294529524,-0.023605735590975674,44.44781665870032,0
2022-05-20,1.3553390987027283,38.23125853258667,-0.2193786781572697,0.1157404092624929,0.8403425750081143,0.011240593912594576,0.01233962137865863,-0.022757579476386125,48.53374511193261,0
2022-05-23,1.3678238299001442,37.98388843959384,-0.1154399313468061,0.1039387468104635,0.6993934882800598,0.009211518511762717,0.012399492610357938,0.008342978928748579,54.60720548688498,0
2022-05-24,1.358733590691952,38.00406867458452,-0.0007654322748535,0.1146744990719526,0.7046538983048156,-0.006645767539271374,0.012136432347280183,0.013286272225704554,45.81631893547382,0
2022-05-25,1.3589093867239113,37.51802548747811,-0.0480206754561933,-0.0472552431813397,0.4291513579099884,0.0001293822668133604,0.01202125383988859,0.020954080775581918,46.435982705247845,0
2022-05-26,1.3611765701430383,37.57967857933749,-0.0677880342235184,-0.019767358767325,0.4574784911196051,0.0016683845451923585,0.011951018311273225,0.03569193777124924,42.90088764022471,0
2022-05-27,1.366632013798693,37.471894589912814,-0.1518727885347743,-0.0840847543112559,0.3896046551955523,0.004007888304367047,0.01149833400066895,0.01966125038311528,53.24025322653409,0
2022-05-30,1.3929047870560243,37.35956314728335,-0.1248650584620989,0.0270077300726754,0.3178969965000119,0.019224467883130814,0.012253805187921284,0.03630524331303553,65.57155350302997,0
2022-05-31,1.3864652208480386,37.61663250906222,-0.0774872331044562,0.0473778253576426,0.4608423151109119,-0.004623120164297889,0.012058803931800536,0.030495066260937564,66.95908372230562,0
2022-06-01,1.4038386429670766,37.58332434529657,0.0130597715636895,0.0905470046681458,0.4348591830444986,0.01253073056416909,0.011564089189748708,0.030715057579321137,77.2928081681145,0
2022-06-02,1.3957325557738989,37.76586694832675,0.0372376737978541,0.0241779022341646,0.5376626597404437,-0.005774229989883417,0.011650971023232887,0.04137881065697324,68.96631288917942,0
2022-06-03,1.4002474057976348,37.49441581125746,0.0045042442689293,-0.0327334295289247,0.3674247606332981,0.0032347529654292995,0.011453539546063969,0.03313436994320518,69.11181147108594,0
2022-06-06,1.4046989482045633,37.32948169835506,-0.0060162897856557,-0.010520534054585,0.2589048323498938,0.003179111340251062,0.010166086153507257,0.026958967593883054,69.75474322808626,0
2022-06-07,1.4104169803725142,36.73150934575984,-0.1770246326604834,-0.1710083428748277,-0.1228461161696601,0.004070646009423973,0.009679426150928322,0.038037912681794905,67.39624224110909,0
2022-06-08,1.4262438667777837,36.393199356136805,-0.2380249978319426,-0.0610003651714592,-0.3472187022082679,0.011221423611256665,0.009565509169412078,0.04955038261690414,82.26093259033144,1
2022-06-09,1.4264204531891664,36.36986752326732,-0.2791998850118915,-0.0411748871799488,-0.3731944487504991,0.00012381221437385292,0.008834608236662982,0.04793197626026724,80.02934888906267,1
2022-06-10,1.4068372356419558,36.2239267890391,-0.254097804443667,0.0251020805682244,-0.4788846600400612,-0.013728923686860184,0.00888835570223427,0.029419200953377578,65.54918296743517,0
2022-06-13,1.3719096582857955,36.3652880869468,-0.1928387222816567,0.0612590821620102,-0.3985615530000292,-0.02482702083174715,0.01077856258770145,-0.015072910198408507,54.35460301525082,0
2022-06-14,1.3545914150348868,36.69558181444516,-0.0071855062629353,0.1856532160187214,-0.1921950508378817,-0.012623457489575385,0.011205899852222034,-0.022989257381916928,48.71818099350558,0
2022-06-15,1.3396980959630358,36.545604461715,0.0304810211156336,0.037666527378569,-0.3012519884679376,-0.010994694714987152,0.011113147617538796,-0.04568940121813203,44.0686056651495,0
2022-06-16,1.35086113601284,36.5883499439665,0.0436964841398364,0.0132154630242027,-0.2846576278116897,0.008332504228708126,0.01068481672589,-0.03214900990553937,45.777885130773065,0
2022-06-17,1.3237264949691905,36.61046898618422,0.0773084394290251,0.0336119552891887,-0.2815042437174339,-0.020086921090749055,0.011298036258001928,-0.05464813611624231,31.564943228564417,0
2022-06-20,1.3156963610979606,36.446982345872016,0.0163388517850506,-0.0609695876439744,-0.4067415112077033,-0.006066308940516296,0.01107716597963085,-0.06336061347548005,31.299607532597335,0
2022-06-21,1.3425922391181013,36.38346622816236,-0.0624231172565643,-0.078761969041615,-0.4655298732373943,0.02044231390721163,0.012075163076481179,-0.048088432143307824,34.59132708097003,0
2022-06-22,1.3412620014795777,36.76970388844431,0.0448198853458663,0.1072430026024306,-0.2082988433103645,-0.0009907979502379316,0.012074551482262772,-0.05958438614723005,35.81231331792479,0
2022-06-23,1.3385492682774291,36.71464357791132,0.0252587267889552,-0.019561158556911,-0.2634862623314334,-0.0020225229665464806,0.012066517955169026,-0.06160258338645974,33.77748569277688,0
2022-06-24,1.346203086795696,36.82255708543283,0.0424176198497221,0.0171588930607669,-0.2014608693054129,0.00571799536980544,0.012108133040128498,-0.04309961899650161,34.87418620438034,0
2022-06-27,1.3604831136179776,36.40514710343817,-0.0083670484867681,-0.0507846683364903,-0.532681388474269,0.010607631911074833,0.01150054740203765,-0.008328933759454205,37.635623230187896,0
2022-06-28,1.374427360205086,36.558148749484026,0.0349365042643299,0.043303552751098,-0.4386896205547905,0.010249481561021456,0.01174003484696378,0.014643489505422824,37.0487031757234,0
2022-06-29,1.361257172968515,36.64162130292586,-0.0256165171036855,-0.0605530213680154,-0.393916488351306,-0.009582308689348173,0.011499927939526583,0.016092489099181373,34.70613358444125,0
2022-06-30,1.3433588320753997,36.63238790095043,-0.0164511353921739,0.0091653817115116,-0.4170211502899471,-0.013148390508814778,0.011760261701417874,-0.005553719577412464,34.982806798047676,0
2022-07-01,1.323118389579626,36.81238039770939,-0.0020353375446902,0.0144157978474837,-0.2795180442597864,-0.015067040921972974,0.012052641732565914,-0.00045938899906872166,37.59535324501092,0
2022-07-04,1.3406296970728397,36.30550812363629,-0.0199277959603776,-0.0178924584156874,-0.6933709868976491,0.013234875753467046,0.012514324003673256,0.018950676396240818,46.453867018271374,0
2022-07-05,1.3489246223270728,36.48611614344567,-0.0144065212076682,0.0055212747527093,-0.5530709231483141,0.0061873351547740985,0.01257943389968041,0.004716534942233119,52.42471574324363,0
2022-07-06,1.3291777611938254,36.62839858188048,-0.0026445442090761,0.0117619769985921,-0.4426573490276318,-0.014638965592592923,0.012461071910378443,-0.009009604590618392,44.547635637340825,0
2022-07-07,1.3505758187094556,36.63297655528923,0.000117730867764,0.0027622750768401,-0.4438585612649436,0.01609871767370774,0.013192339965506408,0.00898476486226274,56.95192209344509,0
2022-07-08,1.3536076329500075,36.662197325133626,-0.0300366145151542,-0.0301543453829182,-0.4245869936397499,0.0022448308333025135,0.012967628238725326,0.00550031880549029,60.0769491707208,0
2022-07-11,1.3751581348871225,36.727323921241634,0.0843631595210681,0.1143997740362223,-0.3758798665514254,0.015920789313331962,0.012353547262235347,0.01078662507623429,58.90929961304533,0
2022-07-12,1.3546749036298256,36.566802107769526,0.0161371928647682,-0.0682259666562998,-0.5120226603575322,-0.01489518240676968,0.012487290150432288,-0.014371408156712673,53.321398327985094,0
2022-07-13,1.35934027125254,36.819669796743575,0.03825424297262,0.0221170501078518,-0.3080845704207436,0.003443902009414801,0.01222818361724067,-0.0014081848412190734,55.09910526335371,0
2022-07-14,1.3623949787634098,36.98915790867655,0.0712362706774669,0.0329820277048469,-0.1724623386403029,0.002247198567916442,0.012105966868422949,0.014170559818779349,54.06280185304552,0
2022-07-15,1.3645246886488662,37.351183386516375,0.1377972122765527,0.0665609415990857,0.1226873404137861,0.0015632103161371536,0.011094405228694015,0.031294477799825415,51.079943749357035,0
2022-07-19,1.3731805847274332,36.98412715034688,0.0513606458210418,-0.0864365664555109,-0.1850547708376493,0.006343524709060411,0.010990957319952917,0.02428029733017678,49.65716157476371,0
2022-07-20,1.4049740478862198,37.38177974181806,0.162995526809702,0.1116348809886602,0.1415378288899676,0.023153155173030182,0.011241648926039712,0.04155119169109267,60.90443151303726,0
2022-07-21,1.4064240310871052,38.10389864039321,0.2568457687299315,0.0938502419202294,0.73611799023556,0.0010320355760784494,0.011219244554139743,0.05811583081551097,67.13669850172846,0
2022-07-22,1.4103088929215035,38.37418847877055,0.2770061140188034,0.0201603452888718,0.9536755664214368,0.002762226575007798,0.011170108249901738,0.044227857025550765,76.00362226903783,0
2022-07-25,1.3991303441820033,38.4887926184596,0.2275218463886403,-0.049484267630163,1.040972930565666,-0.007926312310449601,0.0113889156940071,0.03363065494303186,68.13209707622056,0
2022-07-26,1.3985253980484478,38.61018315264324,0.3252112004592788,0.0976893540706385,1.1327638882522169,-0.00043237296372788947,0.011215554865074763,0.01699241895787007,66.14314831419651,0
2022-07-27,1.402632361488599,38.71512539532772,0.2666691307019277,-0.0585420697573511,1.2098175125478174,0.0029366384378017862,0.011030906417520534,0.03540145147021789,76.61628993758019,0
2022-07-28,1.4020052936465517,38.66237073271731,0.1116944184648218,-0.1549747122371059,1.1574843637628025,-0.00044706500382019065,0.01075204526510731,0.03138656545112051,71.93770841575972,0
2022-07-29,1.3952173889751278,38.84493837141974,0.0941499785298276,-0.0175444399349942,1.298087149650468,-0.004841568503474614,0.010306369395940082,0.024091699340751838,67.197929823959,0
2022-08-01,1.409013384655464,38.36594826745067,-0.0245688702017758,-0.1187188487316035,0.8980865275052452,0.009888061738156928,0.00962644069028472,0.03260380436989374,64.9512693574228,0
2022-08-02,1.3828613602588427,38.33976803283934,-0.0540830239607856,-0.0295141537590097,0.8710471226501899,-0.018560522335290708,0.010469443633263962,0.0070498925189297346,61.85426172130173,0
2022-08-03,1.3879698512813023,38.57874327281488,-0.0272764245025669,0.0268065994582187,1.0610565120227131,0.003694145464808951,0.010426753560662413,-0.012102854590446133,61.995912516559954,0
2022-08-04,1.6263360153322226,38.42633585230505,-0.0472069760824496,-0.0199305515798826,0.9333127748778072,0.1717372778889057,0.03910632847748647,0.15636250475266333,87.21231856115898,0
2022-08-05,1.646498568607991,37.73785591287906,-0.2214164917081404,-0.1742095156256908,0.3721798852400776,0.01239753229694629,0.039088678240867224,0.16747371931918575,87.83108381548928,0
2022-08-08,1.6802439193878138,37.51710168894573,-0.1697693157009894,0.051647176007151,0.1934758813143632,0.02049522023475081,0.039096066570404715,0.20092021903088852,88.5986525927386,0
2022-08-09,1.6649438617855676,37.427470306284064,-0.1824595453110546,-0.0126902296100652,0.1234140582927459,-0.00910585506407946,0.03934768657912929,0.190499553393088,84.09253174845065,0
2022-08-10,1.6598684834304624,37.48950204432498,-0.2178482456979722,-0.0353887003869175,0.1793790400436549,-0.0030483780694335882,0.03903678615921218,0.1833952566650192,82.92373129999133,0
2022-08-12,1.6917148461729554,37.442865733451534,-0.1966940237707106,0.0211542219272615,0.1459180686472839,0.019186075921313828,0.039037949919994715,0.20663941415861742,84.08025079087393,0
2022-08-15,1.7055465336808575,37.34256200744657,-0.0790587810864877,0.1176352426842228,0.0681766296351343,0.00817613413938667,0.038985235120675046,0.22242350701612557,86.87221616443995,0
2022-08-16,1.7036063364786889,37.19138213199447,-0.0651439113902512,0.0139148696962365,-0.0512995321570057,-0.001137580924269077,0.03902776212033546,0.20907746869648047,86.5939451381851,0
2022-08-17,1.7318958274974603,36.78849120528732,-0.1277958201993598,-0.0626519088091086,-0.3801283710846557,0.01660565026850347,0.039019498093707215,0.25240018795035657,87.32902716843698,0
2022-08-18,1.7199136286831989,36.23650640861588,-0.2505991271418182,-0.1228033069424583,-0.8374171870279983,-0.0069185447669651845,0.03915955692330995,0.23915777211980727,85.13701141551866,0
2022-08-19,1.7197108866490398,36.03446567607604,-0.2816800114750961,-0.0310808843332779,-1.003707476231251,-0.00011787919508154943,0.03917553249545086,0.05741425537928757,86.39462179787296,0
2022-08-22,1.720574120029437,36.24941519618527,-0.2186293622522654,0.0630506492228306,-0.8253234788709698,0.0005019642470713848,0.039203090878207746,0.04498974541111944,85.98813306959288,0
2022-08-23,1.7000112014701982,34.01131571309186,-0.636013283780521,-0.4173839215282555,-2.642966544184188,-0.011951196010600795,0.039313665968319075,0.011764531241146514,87.11292324507511,0
2022-08-24,1.6886863508906835,34.04947090570533,-0.5478040599163947,0.0882092238641263,-2.570298199991307,-0.006661632917313032,0.039428950109276606,0.014260234023538265,84.68526258182413,0
2022-08-25,1.6965024163216182,33.97677159575404,-0.4519469625723715,0.0958570973440231,-2.5856760752805927,0.004628488544845544,0.03941449134554785,0.022070382838671687,67.2872113874036,0
2022-08-26,1.698833769085919,34.08892841792565,-0.3891074516300676,0.0628395109423038,-2.4568790078179763,0.001374211284270066,0.03939063097751851,0.00420811044430347,64.13609935881156,0
2022-08-29,1.6699472543298413,33.878431071444844,-0.4741968249480948,-0.0850893733180271,-2.5786058553079023,-0.01700373237319186,0.03972938765492649,-0.020872652049068963,47.14383057172438,0
2022-08-30,1.6890536653939874,33.667104564499944,-0.0688422297183777,0.405354595229717,-2.6936286179584648,0.011441326074585367,0.03973127428587928,-0.008542273395614086,56.54946258029318,0
2022-08-31,1.6821751682381676,33.94603107937622,-0.0206879652658216,0.0481542644525561,-2.439338072103293,-0.004072397045013498,0.03931714847232668,-0.02870880480792981,56.00085602154521,0
2022-09-01,1.6606824341242181,33.67949234744087,-0.0594558496626334,-0.0387678843968117,-2.594513134061038,-0.012776751505885087,0.03963863866235032,-0.03443847038082337,41.159305014691256,0
2022-09-02,1.657273539238642,33.023179163083206,-0.2131498509684917,-0.1536940013058583,-3.0158978862678967,-0.002052707257889419,0.010811214126613206,-0.03630688617204769,35.379449291075346,0
2022-09-05,1.6544942861028877,33.12189309225266,-0.151307595838432,0.0618422551300597,-2.8818069372273185,-0.0016770032646699073,0.010483235418357799,-0.038405688634569723,35.200541298656205,0
2022-09-06,1.655640010421536,33.17801121882114,-0.097818669135762,0.0534889267026699,-2.7848661320239967,0.0006924921580400145,0.009348625243237383,-0.02610052863786383,22.526641889656474,0
2022-09-07,1.650672078257011,33.24878830654788,-0.1394485545656678,-0.0416298854299057,-2.683265597399344,-0.0030006113244751553,0.009157278718786688,-0.02251115052456143,23.725786772911377,0
2022-09-08,1.6870645856759505,33.20283000603828,-0.0953324682805174,0.0441160862851504,-2.664854045425814,0.022047084880340018,0.01040788239586419,-0.005563110641558011,40.281345104093894,0
2022-09-09,1.6901305933245658,33.9623416784267,0.187832503068698,0.2831649713492155,-2.1120827991101905,0.0018173623432364838,0.00948208564691809,-0.005123029645234811,41.05442324287276,0
2022-09-12,1.7035982213910155,33.8581045816591,0.1472422978812844,-0.0405902051874136,-2.1533485725786607,0.007968394939208867,0.009472762155591452,0.020150916128592655,51.09987848472178,0
2022-09-13,1.720264339372208,33.99337650181524,0.1630730565988187,0.0158307587175343,-2.0355198924613283,0.00978289233454599,0.009716235265445818,0.018478201502816205,59.375573262225586,1
2022-09-14,1.6875196593197554,34.01668762488533,0.1535798636674883,-0.0094931929313304,-1.9951693261788528,-0.019034679323994053,0.009879898553016764,0.0031771311231429955,47.6768842703527,0
2022-09-15,1.6945513412213224,34.57130221237733,0.2736944412678141,0.1201145776003258,-1.6106314234416537,0.004166874064389647,0.009856111202282993,0.020394571774323245,48.91876768094102,1
2022-09-16,1.679622151216699,34.331796091910775,0.0738908826968156,-0.1998035585709985,-1.7511799851772183,-0.008810113710608136,0.010019549271811116,0.013485167927271835,52.627944617241,1
2022-09-20,1.6892305306670183,34.13333288429658,0.0550456605274973,-0.0188452221693182,-1.8606132878225743,0.0057205600934466805,0.010131637426918508,0.0209950828213199,50.050654729876754,1
2022-09-21,1.6664025090463548,34.323126820447136,0.0659500637263761,0.0109044031988787,-1.7183377068376382,-0.013513858059177708,0.010227165657126896,0.006500506485149771,45.86081917740529,1
2022-09-22,1.664413562240778,34.80430800838516,0.1575240766999641,0.091574012973588,-1.3927293647703287,-0.001193557255692701,0.010139098923870027,0.00832478126017433,51.09081387814804,1
2022-09-26,1.6176524913757342,34.65698690177926,0.0171369378803945,-0.1403871388195696,-1.4745387575639337,-0.028094622590127183,0.01175049341847725,-0.04114370895433461,40.759031583822726,0
2022-09-27,1.629210259093637,36.08305211986095,0.350251205590034,0.3331142677096395,-0.547827837927109,0.007144777867633012,0.0119154325516232,-0.03604474972025429,44.33488994619544,0
2022-09-28,1.6078166747369596,35.96205689174245,0.3657448014891713,0.0154935958991373,-0.621747506984663,-0.013131260521634047,0.01168847810904431,-0.05622308444056057,40.176120612436236,0
2022-09-29,1.3322875485393573,36.223012638843,0.3799771636791789,0.0142323621900075,-0.4496326770036477,-0.1713684965001866,0.03939839328850492,-0.2255332404172481,19.02661569279995,0
2022-09-30,1.304569561743375,35.99910198667586,0.2389587956581351,-0.1410183680210437,-0.5893326677767665,-0.02080480811095975,0.03942187903569492,-0.22693074742059527,12.150954846579225,0
2022-10-03,1.3175369919993818,36.30572523120919,0.329747665885975,0.0907888702278398,-0.3865838011008329,0.009940006754931119,0.03971857964406012,-0.2224862357668156,13.839317974661682,0
2022-10-04,1.3603644226532583,36.07846978967324,-0.0009164660375375,-0.3306641319235126,-0.5276947156330966,0.03250567605611221,0.040848833896402904,-0.19007711248162218,18.48472068038015,0
2022-10-05,1.365867847829784,37.64322720813933,0.3362340632793774,0.337150529316915,0.4938562286850332,0.004045552121829221,0.040922377089925424,-0.19142602324950253,16.77877905722903,0
2022-10-06,1.372722272579292,37.49394176984568,0.2541858262005405,-0.0820482370788369,0.4011663487647175,0.005018365986430462,0.04098577189052725,-0.1762360743414444,18.985385425959166,0
2022-10-07,1.360462769647026,37.17827046926784,0.235833696518398,-0.0183521296821425,0.201973717013793,-0.00893079625584492,0.040965797874420055,-0.18261734913079364,17.42037811738963,0
2022-10-11,1.3346346789580534,37.45080243870011,0.2290154414981771,-0.0068182550202209,0.3877422986586862,-0.018984783167328878,0.04036607146662192,-0.17495587830300185,17.057784844110245,0
2022-10-12,1.335080766503422,37.77732349517557,0.339770741100466,0.1107552996022889,0.6149984338942275,0.000334239438253503,0.040343051558598436,-0.18053501133355576,15.580631113733546,0
2022-10-13,1.326518109679977,37.38118852041866,-0.0524077375441365,-0.3921784786446025,0.3587644273907809,-0.006413587131414156,0.04011728688216967,-0.17495686509346797,16.02498234016403,0
2022-10-14,1.3597743005696519,37.78206303662847,0.0576242533565647,0.1100319909007012,0.6314428734708623,0.025070287881481024,0.040687354615706335,0.02063124590515719,21.33965639592958,0
2022-10-17,1.3461237382340006,38.84440497318951,0.3332269007843322,0.2756026474277675,1.339114546657966,-0.010038844189019236,0.04064142267887625,0.031852787087178536,22.757456787598272,0
2022-10-18,1.3609450455607999,38.310458582220335,0.1719312287040466,-0.1612956720802856,0.9787259376876676,0.011010360270626851,0.04079873242216162,0.03294636418180996,23.259998953933447,0
2022-10-19,1.3635118305764735,38.704106294194965,0.1853565598038784,0.0134253310998317,1.237406891792905,0.0018860313456785516,0.04088550487383182,0.0023136505709819843,24.698695665174697,0
2022-10-20,1.3574999626588269,39.06630052472645,0.3370224008615565,0.1516658410576781,1.4736915871600784,-0.004409105797860913,0.04074967921612443,-0.006126423712405904,55.91081045487074,0
2022-10-21,1.3483211623147122,39.51799832924527,0.3471870585233603,0.0101646576618037,1.764618662004253,-0.0067615474008093646,0.040746974784802534,-0.017775707986970368,61.233650558665964,0
2022-10-24,1.3538312565784605,39.90995900118969,0.2131108056000314,-0.1340762529233288,2.011542190910071,0.00408663337619708,0.04082174715193382,-0.004874453911212884,59.68998346081253,0
2022-10-25,1.3697132635079474,40.16330826642034,0.3705699368400061,0.1574591312399746,2.157713429814658,0.01173115693134874,0.04083290952771859,0.02628328568329996,52.915466764336486,0
2022-10-26,1.3774862521861642,40.70863378565894,0.4009054982927935,0.0303355614527873,2.489180514501955,0.0056749021019986134,0.040806660753153215,0.031762487144356255,53.57266504295533,0
2022-10-27,1.3672087488071494,40.53696921085236,0.2941337372251809,-0.1067717610676126,2.354964998042729,-0.007461056952622003,0.04078500092969939,0.030674770913597937,48.339544586396485,0
2022-10-28,1.363463276741241,40.2856797419544,0.1535362825418289,-0.1405974546833519,2.169265552992466,-0.0027395027051840826,0.013077759958741258,0.0027129327051140795,50.952478954926164,0
2022-10-31,1.3876261805536878,40.17633546819952,0.0532752934019669,-0.100260989139862,2.0763767069668018,0.01772171221963359,0.012483977526910009,0.030831075287428567,67.0013232052269,0
2022-11-01,1.3966904987970994,40.432982878278224,0.0539349223715746,0.0006596289696076,2.215790235196114,0.0065322479284692925,0.012409665866050192,0.026265170186625664,68.7305231914261,0
2022-11-02,1.4003173587000133,39.802257663979326,-0.1812752243359199,-0.2352101467074945,1.8045396602551589,0.0025967527566326254,0.010286633568386713,0.026993185756209348,73.13054943230102,0
2022-11-04,1.3817034172890212,39.60572019752811,-0.1862498026648467,-0.0049745783289267,1.6708083809699867,-0.013292659192822076,0.010779464660846194,0.017829432998870187,57.5677449072555,0
2022-11-07,1.3961412724826867,39.70280103661637,-0.1165757410676135,0.0696740615972331,1.717995062108034,0.010449315687438343,0.010962639956622968,0.035466409268456456,67.16777842006988,0
2022-11-08,1.414350418575742,39.91657552297426,-0.051951989045051,0.0646237520225625,1.8340642313774715,0.013042481052562005,0.011026113420731107,0.04470214563536645,67.91398711235959,0
2022-11-09,1.406849635617092,39.68776722490455,-0.1490431306747339,-0.0970911416296829,1.6802401523525532,-0.005303341279598417,0.010035460838672823,0.027112515515864466,64.07121470176895,0
2022-11-10,1.396992343794113,39.54823146747388,-0.0508052393010913,0.0982378913736425,1.58322930984532,-0.007006642055712886,0.010257778894690565,0.014160643401697426,62.510260348389835,0
2022-11-11,1.4284237092759935,39.23146342714934,-0.0748513540757542,-0.0240461147746628,1.3838824467090676,0.022499311196305882,0.010974660678738167,0.04477367521400977,72.23927523705379,0
2022-11-14,1.4105492508334043,38.97690406240238,-0.145179394842799,-0.0703280407670448,1.2238305997342958,-0.01251341484078905,0.010333445644440858,0.03453409776074179,64.73524615142628,0
2022-11-15,1.4152961166323608,38.80692739174865,-0.2219296262451209,-0.0767502314023218,1.116958620808031,0.003365260586364993,0.009946819294816752,0.019940482866669607,62.56960411496985,0
2022-11-16,1.413985761555998,38.68874515700126,-0.1998044135806509,0.0221252126644699,1.0431722868045898,-0.0009258522375378275,0.009769326975863937,0.012383031726638238,60.436833216374325,0
2022-11-17,1.4126154140700284,38.6089266357705,-0.1878609663406791,0.0119434472399717,0.9900967668342824,-0.0009691381081954331,0.009791280280738592,0.008782334442695161,63.68066524370803,0
2022-11-18,1.4109832930596218,38.47838480557123,-0.1506157243156209,0.0372452420250581,0.9065888757375776,-0.0011553894953646449,0.009709092076762859,0.021191143775304067,64.50208089696503,0
2022-11-21,1.4153381813492651,38.49044447050535,-0.0972919183794118,0.0533238059362091,0.9091401639884554,0.0030864208747647393,0.009489749692804725,0.01374997591213778,59.62017839684737,0
2022-11-22,1.4327655774415755,38.20188896111869,-0.1210076861259921,-0.0237157677465802,0.7319985401132459,0.012313238151815176,0.009738496113865897,0.013020223718233526,61.836146949728736,0
2022-11-24,1.448284798892136,37.91965466473327,-0.1538180984535913,-0.0328104123275991,0.5598444545616543,0.010831654315894612,0.009697469329897658,0.02945244625014176,64.59875750322308,0
2022-11-25,1.4459098057601851,37.915880751272326,-0.1386091768996351,0.0152089215539561,0.5548686649414971,-0.0016398660910944551,0.009722722368814482,0.03501627062122359,71.6844482373368,0
2022-11-28,1.435825899993355,37.89309350093141,-0.1170582609279691,0.021550915971666,0.5384680183714795,-0.0069740904492506806,0.009697115238062262,0.005182069346296059,63.80881084993687,0
2022-11-29,1.4274469953272206,37.93260504871491,-0.1115678843580809,0.0054903765698881,0.559438123823575,-0.005835599334273911,0.009809158282744014,0.011979549444184556,54.89178741775801,0
2022-11-30,1.4230422720405955,37.523256101417765,-0.1357265719401894,-0.0241586875821084,0.3126832477730812,-0.0030857350928223948,0.009174945253236777,0.0054731694075911275,56.19141545958043,0
2022-12-01,1.4245576447663515,37.69530789320538,-0.0448693543055753,0.090857217634614,0.4138917006230323,0.0010648824392145428,0.009091943285166158,0.0074766546437636805,61.25804340472601,0
2022-12-02,1.4008450492360633,36.785218217916096,-0.2261325066712487,-0.1812631523656733,-0.1315356048621658,-0.016645585117180284,0.009899395480648802,-0.008332320826128004,37.97856072258886,0
2022-12-05,1.3960489410629864,37.53683907996268,-0.0712508841937449,0.1548816224775038,0.3178339159493734,-0.0034237249692194993,0.009433511804201966,-0.010584357780914044,42.86597270304121,0
2022-12-06,1.400088774366329,37.76967495518858,-0.0325860187052668,0.038664865488478,0.45514800895959,0.0028937619481066434,0.009164019487573376,-0.010774391014025109,42.46570211939807,0
2022-12-07,1.3969138738233022,38.06895978695211,0.1091407371068697,0.1417267558121366,0.6334341169881859,-0.0022676423103697996,0.008658618692054738,-0.02502272819974638,41.69536605431362,0
2022-12-08,1.3906421322124511,38.03955080693583,0.0688485827460851,-0.0402921543607845,0.6170788660622218,-0.004489712449977756,0.008637166075440768,-0.03980064330149602,39.79758841211387,0
2022-12-09,1.4054662129219262,37.96224310908776,0.2354049782343352,0.16655639548825,0.5723100953462399,0.010659881766914792,0.008842374842711845,-0.027971034346084833,47.7179264327076,0
2022-12-12,1.4021304899739386,38.03542276779651,0.0997167375667658,-0.1356882406675694,0.6138954414836019,-0.0023733924852257227,0.007148540216408005,-0.023467615411849274,44.49034436897586,0
2022-12-13,1.410469604311319,37.87479748609193,0.021024506180673,-0.0786922313860927,0.5119539711982478,0.005947459524637599,0.006751460549140782,-0.011893535151552115,39.93602602917801,0
2022-12-14,1.4200520321910766,37.746606578839696,-0.0644706416224849,-0.085495147803158,0.4300491041625218,0.006793785453062862,0.006883144081969664,-0.0021013007893511126,36.534591664226255,0
2022-12-15,1.416785308902083,37.64473214301643,-0.0789637327838832,-0.0144930911613982,0.3639963624962647,-0.0023004250653781977,0.006901712720859959,-0.005455964448208284,36.226446558284835,0
2022-12-16,1.3975330932772778,37.65732653086842,-0.0609833156438668,0.0179804171400164,0.3678710989837667,-0.013588661248699951,0.0075528193817701915,-0.0023642557473374515,33.33566075605714,0
2022-12-19,1.3858432845740807,37.98304385156287,-0.0104757832467328,0.050507532397134,0.55944094941629,-0.008364602426540024,0.007754605638689999,-0.00731038589602373,32.401936890362094,0
2022-12-20,1.3650491492232684,37.836961827992575,-0.0075671316198651,0.0029086516268677,0.4667653360381518,-0.015004680242184154,0.00830446769447824,-0.025026716722958753,28.45639983091135,0
2022-12-21,1.3553876316046571,37.40192197878847,-0.0689369200102376,-0.0613697883903725,0.2007176147067905,-0.007077780037523795,0.007681766376814496,-0.02972713135491256,25.770784426234457,0
2022-12-22,1.366480006644749,36.91848996183001,-0.1452484362372885,-0.0763115162270509,-0.0937581798655783,0.008183913429222756,0.007454957781246364,-0.017374797590276825,36.79493684090894,0
2022-12-23,1.3585797815186107,36.640520084804464,-0.2033612892127934,-0.0581128529755048,-0.264122416554992,-0.005781442163604322,0.007476293106518105,-0.03336005588198376,35.9376207233294,0
2022-12-26,1.361989476031691,36.62722249728808,-0.2711642708549533,-0.0678029816421599,-0.2745183411734445,0.002509749195052091,0.0075171880795675185,-0.028628586447038695,35.633172692866864,0
2022-12-27,1.364362986577678,36.628032679834455,-0.2417858296316239,0.0293784412233293,-0.2753000992109396,0.0017426790645274082,0.007536972285511175,-0.032688841781991496,37.65078008475432,0
2022-12-28,1.3638177882837548,36.773722384397466,-0.1256399188782069,0.116145910753417,-0.1888757111266698,-0.00039959915307496985,0.007544856543047601,-0.0396001291731225,39.361055181917216,0
2022-12-29,1.3520124965369784,36.84313095115756,-0.0150718021344857,0.1105681167437211,-0.146871173831577,-0.008656062304065015,0.0076429866130297165,-0.04571815641940791,28.279316478341585,0
2022-12-30,1.3488896131857637,35.93112315620756,-0.1418793857193776,-0.1268075835848918,-0.6964805346974938,-0.002309803614399697,0.006889758063082618,-0.03480667493708001,28.328316782543226,0
2023-01-04,1.335020181021717,36.081476941741705,-0.109149111109275,0.0327302746101025,-0.6037944238497273,-0.010282110580783765,0.0071376263637295545,-0.036673052514724525,20.611473099014333,0
2023-01-05,1.336756238277527,36.27115829523912,-0.0713748769190658,0.0377742341902092,-0.4878927903064399,0.0013003977621381946,0.007086390533909925,-0.020726660986412293,15.442898428889762,0
2023-01-06,1.3436837379521993,36.19037932449033,-0.1166686119814315,-0.0452937350623656,-0.5352982978564287,0.005182320812355812,0.007280653570802112,-0.008635089607982871,20.566249722534437,0
2023-01-10,1.3480294509487758,36.16304033738355,-0.1360181227547983,-0.0193495107733667,-0.550749575690832,0.0032341784557126108,0.007341513634833058,-0.013502250751020184,27.348710467770175,0
2023-01-11,1.3635284219772699,36.09889398958043,0.0335541666745697,0.169572289429368,-0.5874229682954999,0.011497501792401943,0.007416712307877304,0.0036425100137496003,40.13337091587232,0
2023-01-12,1.3709712200702304,36.39419308477808,0.0625432286072751,0.0289890619327053,-0.4084571577274248,0.005458484013239451,0.007572585939144384,0.0065945766810979745,52.96901710793023,0
2023-01-13,1.419328028797384,36.63025860859719,0.0718200626716125,0.0092768340643374,-0.2660620645276458,0.03527193570458498,0.01104903360550133,0.04028623083478555,73.09543921707444,0
2023-01-16,1.4058031396209665,36.63322899664367,0.0885699344306658,0.0167498717590532,-0.2633971189423365,-0.009529079185364386,0.011151970900256996,0.03078516184339164,63.95833443349459,0
2023-01-17,1.4221752891675903,36.34045714881925,0.0354833622871382,-0.0530865721435276,-0.4396993801408037,0.011646118211855905,0.01146162505326505,0.051895077013212276,71.29348610306099,0
2023-01-18,1.4484191482518372,36.61066069923049,0.1023533419300193,0.0668699796428811,-0.2761355768497648,0.018453322374633263,0.011662848998660384,0.07378627138436311,75.10081644158728,0
2023-01-19,1.4297569779787191,37.777512093927854,0.2766638018299545,0.1743104598999352,0.4261088433244136,-0.012884509498263808,0.011912397736128465,0.07096282011594623,67.35014594327485,0
2023-01-20,1.4388431013769651,38.09998868463749,0.2939460152080571,0.0172822133781025,0.6164726237068981,0.006355012451900288,0.01128365256021649,0.07636909421195726,69.04247511796746,0
2023-01-23,1.4539110225714185,38.54167792049606,0.3816897847704794,0.0877437695624223,0.8770693152042844,0.010472247585600725,0.011165376324312967,0.08203365234382298,75.44190355728723,0
2023-01-24,1.4758391971660012,38.80412783450256,0.4927341371366651,0.1110443523661857,1.027169868973352,0.015082198466175756,0.011418971117038882,0.09481228034541078,78.97564508591864,0
2023-01-25,1.4807709128358577,39.44109607988375,0.5660870761306498,0.0733529389939846,1.3989327712492758,0.003341634833474272,0.01119105232076437,0.0859846329338505,84.68193583943771,0
2023-01-26,1.4779451364425769,38.85648023946654,0.2157936291077291,-0.3502934470229206,1.0387656808260213,-0.0019083143575998607,0.011273098836993721,0.07802783516262757,83.42309630080511,0
2023-01-27,1.5831129283189789,38.9548788642467,0.1709780359218484,-0.0448155931858806,1.0891699579498362,0.07115811628132662,0.018718782904608874,0.11539608617492902,88.68564041598862,0
2023-01-30,1.6511435863974875,38.95143594060706,0.0819516040221941,-0.0890264318996543,1.079650433971441,0.042972713355797554,0.020194504264530736,0.17451977439933009,90.61669777027826,0
2023-01-31,1.7477246551194934,38.54407875885141,-0.0520098151302192,-0.1339614191524134,0.8307399990623137,0.058493440254175244,0.022424703332889435,0.2289094519019872,92.29168926670638,0
2023-02-01,1.7479382558320709,38.32463158371993,-0.2232928992327743,-0.171283084102555,0.6949916372993327,0.00012221645552212834,0.02234290131019164,0.2067903534289346,92.16702302756678,0
2023-02-02,1.7447900114868908,38.22817000094975,-0.1256620477033507,0.0976308515294235,0.6333104328563354,-0.0018011187378477178,0.021949352953824,0.2203402664651033,90.50209401076954,0
2023-02-03,1.755082649170089,38.01635710477896,-0.1877043518935508,-0.0620423041902,0.5041927956296557,0.00589906958168962,0.021836464108809326,0.21978737465571085,93.8185738086979,0
2023-02-06,1.7622277479555153,37.59881534825296,-0.2705241184708242,-0.0828197665772734,0.2523351587003756,0.004071089637177394,0.021861282095679866,0.21206024343828211,93.67207318180516,0
2023-02-07,1.7644189590471437,37.54274945004876,-0.2002658617605348,0.0702582567102894,0.217597448671327,0.001243432407741052,0.02191672041827518,0.19553604649835266,93.25538831152615,0
2023-02-08,1.7722671922159505,37.46243120556681,-0.1724400756306181,0.0278257861299167,0.1689117919960288,0.004448055337744172,0.022011684275474182,0.1968544066157012,98.31460527660032,0
2023-02-09,1.7695749111966321,37.297510942369385,-0.1861318117160735,-0.0136917360854553,0.0692346476306031,-0.001519116886631533,0.02219898539725295,0.19732110994052854,97.51014426475348,0
2023-02-10,1.8237478943679477,36.75371869047971,-0.2525276828598422,-0.0663958711437686,-0.2558607504435518,0.030613557430401395,0.021977098320009422,0.15200113759697853,97.7616257710416,0
2023-02-13,1.8108780919691017,36.12758294789364,-0.2942464800718767,-0.0417187972120345,-0.6283214235287108,-0.007056788078324994,0.021851270355245762,0.09674174123168022,94.30429205090063,0
2023-02-14,1.8253295471221114,36.02770670525641,-0.3030085489584593,-0.0087620688865825,-0.6872936938107339,0.007980357825907225,0.021878229793301417,0.04440338572514557,94.44417167318232,0
2023-02-15,1.8223787522761559,35.92001594535295,-0.3084830520427744,-0.005474503084315,-0.7509552871411819,-0.0016165819759000888,0.02206365141565165,0.04258760067508738,94.413721419833,0
2023-02-16,1.8339091144847346,35.77865810390767,-0.3037705676923465,0.0047124843504278,-0.8357590443744924,0.006327094295945468,0.021339964354974584,0.05107726569451043,92.63523795249911,0
2023-02-17,1.8221990419282619,35.788533744670765,-0.1930369891617829,0.1107335785305636,-0.8309086503490787,-0.006385306918419875,0.021727045936633035,0.038241157924904234,85.96656961094006,0
2023-02-20,1.8238318233454913,35.691905949747685,-0.0871353996291972,0.1059015895325856,-0.890655553580732,0.0008960499811818678,0.021869782496087113,0.03495806683412361,76.6389231421181,0
2023-02-21,1.8170750127083302,35.64444365752135,-0.0766526095470112,0.010482790082186,-0.9215098888494736,-0.0037047333809359095,0.022115250476419778,0.02984328262354574,73.13925820463346,0
2023-02-22,1.795371239467442,34.71109078967533,-0.2417850311355209,-0.1651324215885097,-1.4782948550284372,-0.011944346319824772,0.02264007826541597,0.013036435675708224,65.0585712300369,0
2023-02-24,1.8100701788812494,34.90135987935542,-0.1754596449104468,0.0663253862250741,-1.365096218584796,0.008187130934640408,0.022474546797880145,0.022884178244386044,65.95186029139917,0
2023-02-27,1.7558542846026326,34.777903094304115,-0.2021261300733314,-0.0266664851628846,-1.4388177879784698,-0.029952371411436696,0.01923057388144085,-0.037227519206455284,48.54769240259232,0
2023-02-28,1.7596045327592702,34.77527532860612,-0.1833261242283157,0.0188000058450157,-1.4431708329985995,0.0021358538630023016,0.017074268847548767,-0.0283141970943378,48.9106865466577,0
2023-03-01,1.7643468496387684,33.98809871621443,-0.3312689882613853,-0.1479428640330695,-1.9113171445898285,0.0026951038095257562,0.011097411057433932,-0.0334091438882862,48.18239477089672,0
2023-03-02,1.761502701204575,33.831332395288605,-0.1759516788773396,0.1553173093840456,-1.999872186915087,-0.0016120120795838355,0.011107551638638623,-0.033404719515932935,48.148833688066716,0
2023-03-03,1.7861814333835033,33.81652460856133,-0.2169670541588217,-0.0410153752814821,-1.99926300587164,0.014010045038280294,0.01149515946124772,-0.02602510709187522,40.03733114023729,0
2023-03-06,1.8053931788429223,33.97448906395464,-0.1606828060699001,0.0562842480889216,-1.8977755670330865,0.010755763720501132,0.01164912371762102,-0.009222847064805584,48.59273211465462,0
2023-03-07,1.8121327536756326,33.68104395681413,-0.2188462743583912,-0.058163468288491,-2.0623554331095746,0.0037330233168542115,0.011645408630563998,-0.006414555070323735,46.47457878841161,0
2023-03-08,1.8150466009074446,33.69073215723949,-0.0594733117949886,0.1593729625634026,-2.0501087446944832,0.0016079656558833921,0.01164533428656457,-0.0011163060339827169,48.04088578104187,0
2023-03-09,1.8344674598719506,31.869521846796157,-0.3923621096984888,-0.3328887979035002,-3.0777005237998525,0.010699923051450178,0.011811917540075798,0.021776120473059324,50.14315098991381,0
2023-03-10,1.8012622904428377,32.02360962368476,-0.3585829969753149,0.0337791127231739,-2.9407855854778147,-0.018100713234472265,0.012611467625258634,-0.004866048035693127,45.16505394461585,0
2023-03-13,1.7765898222933365,32.34019753282402,-0.3268583062261214,0.0317246907491934,-2.7197393061902453,-0.013697321195479839,0.010905261669606472,0.011809372721037992,40.13961422745372,0
2023-03-14,1.7345173176883624,33.10022736374515,-0.1161633186138004,0.2106949876123209,-2.2669817974393767,-0.023681608482178595,0.011954165430275351,-0.014257303049548309,34.98242286066038,0
2023-03-15,1.741556806252246,33.90400666082127,0.0426549007163572,0.1588182193301577,-1.801399566638595,0.00405847119085867,0.011811711779940878,-0.012916985903983935,39.65926106010519,0
2023-03-16,1.7245964138105436,34.01617110004231,0.429329850649232,0.3866749499328747,-1.7304574661831826,-0.009738638659855359,0.01192678592743242,-0.02095159284671755,33.717260037679736,0
2023-03-17,1.7447160959119974,32.09785290674157,0.0148486566113561,-0.4144811940378758,-2.7580722504279724,0.01166631331268908,0.01219585539980441,-0.023214516004099073,47.56138475615414,0
2023-03-20,1.719440651449899,32.197120654954404,-0.0286153755739206,-0.0434640321852768,-2.6535977600226186,-0.014486852343095102,0.01246609204881279,-0.04760875824739208,41.96389273096126,0
2023-03-22,1.7533981396209046,32.58248653211707,-0.1035481663256163,-0.0749327907516956,-2.406241422602632,0.019749148156042118,0.013437160890901894,-0.03241187155609537,48.03864974183148,0
2023-03-23,1.7457087806644112,33.01307406519437,-0.1781865191253757,-0.0746383527997593,-2.146002348766757,-0.004385403852519176,0.013442883937950114,-0.038201674936812924,47.21895671935929,1
2023-03-24,1.7465384615022077,32.4629222690096,-0.310649766206545,-0.1324632470811693,-2.401411045212723,0.00047526875443715255,0.013240538529926706,-0.04793162064367196,42.379508326706905,1
2023-03-27,1.7495234397878265,32.62015966333593,0.104461351318875,0.41511111752542,-2.285090794773097,0.0017090824802401539,0.013074589992332946,-0.028723662805538064,38.54569370306879,1
2023-03-28,1.753437524298935,32.57053387574006,0.0746826441571286,-0.0297787071617463,-2.2767424971508614,0.002237228963095861,0.011258137368417248,-0.013031875846567065,37.82536752902112,1
2023-03-29,1.7752723228527627,31.17914281318462,-0.2806687437864923,-0.355351387943621,-2.927690240155796,0.012452567172336337,0.011592931226996435,0.023496453306511622,42.35040596846401,1
2023-03-30,1.4026045765466095,31.37958391621736,-0.3266980297954021,-0.0460292860089097,-2.7707612518612312,-0.20992145346314928,0.04843266493218079,-0.19462599697511263,14.787468641097263,0
2023-03-31,1.4195495152937991,31.163528393927983,-0.2598787750163218,0.0668192547790802,-2.821111135004153,0.012081051944740073,0.04865558778129811,-0.17688016516440208,18.028777313072965,0
2023-04-03,1.4270080004975292,31.26121419367738,-0.2717890939317051,-0.0119103189153833,-2.7202878301121367,0.005254121200686912,0.04847254154507973,-0.18209730291299686,19.85059236555864,0
2023-04-04,1.4310732225333995,31.204476021970248,-0.2732115707539648,-0.0014224768222597,-2.6959411290275352,0.0028487731214212886,0.04832743200896882,-0.1677100216709061,21.993659967101195,0
2023-04-05,1.4045519118558323,31.040791980602123,-0.0276701665165042,0.2455414042374606,-2.7209339069448126,-0.018532462392537252,0.04824421540668704,-0.1989543731582235,19.975880592334562,0
2023-04-06,1.3873698260409488,31.909555016179745,0.1059942199924819,0.1336643865089861,-2.27858125277872,-0.012233144015432518,0.048147197097118066,-0.20526846092111628,19.96799287769167,0
2023-04-07,1.3901960691905442,31.770640975146925,0.1214225162437898,0.0154282962513079,-2.307832699089027,0.002037123120704143,0.047970145500534966,-0.20402779564623585,17.424532647979873,0
2023-04-10,1.3984485200104595,31.82826145319636,0.1134094519037951,-0.0080130643399947,-2.248094689525656,0.005936177639115581,0.04812357963633859,-0.20066888604815925,19.552784105861548,0
2023-04-11,1.4091607406944295,31.86641204020516,0.1323872036469815,0.0189777517431863,-2.1991860280078317,0.007660075098002039,0.048304405489996316,-0.19634391236274895,15.841575733460829,0
2023-04-12,1.4197332394543052,32.15692346184909,0.2232262962493969,0.0908390926024154,-2.041344298328852,0.007502691818298546,0.04835098845692078,-0.20027298281039285,17.837713817986398,0
2023-04-13,1.4204680636477214,32.0185259553857,0.0217941878411878,-0.2014321084082091,-2.0757840339960096,0.000517579058512796,0.0483083478421343,0.012735939551184128,17.82233179472759,0
2023-04-14,1.429549331605111,32.60691427842044,0.1672546606546987,0.1454604728135109,-1.793968723560734,0.006393151799604313,0.04842740669965443,0.007044358934702233,18.79934029875777,0
2023-04-17,1.4367046881471668,32.96272727573945,0.226893164508624,0.0596385038539253,-1.620245024125429,0.005005323274868356,0.04830741728834756,0.006795117929441874,19.309395739538843,0
2023-04-18,1.4463223107342185,32.83917554597617,0.1945527011542012,-0.0323404633544228,-1.657498459533467,0.00669422370957462,0.04839869676485115,0.010655700882882702,17.3526144171328,0
2023-04-19,1.4473515473019904,32.749892792756185,0.1185938661814205,-0.0759588349727806,-1.679038884550608,0.0007116232392554434,0.04802393242909672,0.0304720922629389,66.9298888994644,0
2023-04-20,1.4460399795127723,32.55195393017539,0.1066855949579377,-0.0119082712234828,-1.7464129496855638,-0.0009061846734216283,0.048045071212908144,0.04228876278738669,61.3673081537169,0
2023-04-21,1.4398670235566522,32.78193126017914,0.0350033963517404,-0.0716821986061972,-1.6302320489331186,-0.004268869494327587,0.04801218532682508,0.03572945965458629,55.57948465624327,0
2023-04-24,1.4408130525125613,33.01041442754484,0.0095374303610782,-0.0254659659906621,-1.5170336263749882,0.0006570252255464482,0.048001169764942446,0.030293952116152933,54.343652381356314,0
2023-04-25,1.4456476159303033,33.2469774614822,0.0815603831012055,0.0720229527401272,-1.4025612297612575,0.0033554411582483734,0.0480148533789693,0.02589262827311889,72.7226547782127,0
2023-04-26,1.433538242573356,33.31666370961833,0.1133541833724223,0.0317938002712168,-1.3606454354934685,-0.008376435047869335,0.04776541815128454,0.009723659864691925,77.04455606322153,0
2023-04-27,1.4408563325273736,33.45756676394789,0.1811225667545031,0.0677683833820808,-1.289264041871118,0.005104914355741785,0.0073625977231283075,0.014353204694582011,78.1921861880464,0
2023-04-28,1.4550026931589637,33.32559627211678,0.108733002387531,-0.072389564366972,-1.3343465814109443,0.009818023013284272,0.007205060369031717,0.01780516488037054,79.53468301938317,0
2023-05-01,1.47005835231349,33.605747620137734,0.119066638518575,0.0103336361310439,-1.2047381518836289,0.010347512912047607,0.007439893771277666,0.023215393143414476,80.42282294702036,0
2023-05-02,1.4693184739753011,33.6898475726355,0.0885740222306594,-0.0304926162879155,-1.159519655894699,-0.0005032986187415434,0.007445987720177399,0.015899750055994533,77.47019623835757,0
2023-05-08,1.4641541768294009,33.74661540317187,0.0859903387107152,-0.0025836835199442,-1.126507195983791,-0.0035147568327567047,0.0059409741700415,0.011609224834651988,73.06985170238917,0
2023-05-09,1.4835423591604968,33.38933676586497,-0.0136459996165854,-0.0996363383273006,-1.2689573354315682,0.013241899410539437,0.005414501799481526,0.025934538587488065,75.7136170103932,0
2023-05-10,1.4754365679234775,33.47737585259177,0.0303559160949973,0.0440019157115827,-1.2215916594550806,-0.005463808422434324,0.005760464656520438,0.024703353702041353,68.28016957889245,0
2023-05-11,1.4754356355674358,33.300556654501804,-0.0610381931271817,-0.091394109222179,-1.2871288030345311,-6.319187567660478e-07,0.0057539204704181324,0.024029892701553424,65.11235627091688,0
2023-05-12,1.4869601037809401,32.74491212199807,-0.1889870901274903,-0.1279488970003086,-1.511723903187587,0.00781089187199413,0.005760859392201753,0.028577149365719645,68.54018109744919,0
2023-05-15,2.7449187508441857,32.42357285922692,-0.2646085087889886,-0.0756214186614983,-1.6342227023471845,0.8459935433806156,0.18870578047393846,0.9147858559509092,97.63153267685911,0
2023-05-16,2.741524938540704,32.30351249451762,-0.2171648542694697,0.0474436545195189,-1.6716515272983037,-0.0012363980909956274,0.18872776691408136,0.9027052709216725,97.83094094408195,0
2023-05-17,2.750843342359445,32.289788448182,-0.2375174808819551,-0.0203526266124853,-1.6633894831877536,0.003398985611161809,0.18876080684142824,0.8906104815428726,97.8442056629054,0
2023-05-18,2.7703190342066373,31.26992653473867,-0.4061260239526305,-0.1686085430706754,-2.0743432652625744,0.0070798985704827455,0.1887385915944891,0.8844959656512101,97.86701643920127,0
2023-05-19,2.762651533046728,31.35781821971027,-0.2774187804575589,0.1287072434950715,-2.014265759995195,-0.002767732187244243,0.18885016271233765,0.8802265009111752,98.18219523024656,0
2023-05-22,2.7982474728659406,31.285832315353268,-0.2275481087747302,0.0498706716828287,-2.0198824057124907,0.012884701307209756,0.1887227955889668,0.9111699554247041,98.2187155226116,0
2023-05-23,2.7760651824294302,31.480639804786573,-0.1645745379462084,0.0629735708285217,-1.915358590979816,-0.007927208244305595,0.18881846860337126,0.8712409290425269,96.6618073946484,0
2023-05-24,2.7617250911703413,31.375833024761857,-0.1827910846840339,-0.0182165467378254,-1.9355717146753744,-0.005165617633855257,0.1888307104283646,0.8718019813330098,95.64658188537864,0
2023-05-25,2.7536524454302533,31.22450787947057,-0.009083731053618,0.1737073536304159,-1.9738867273132497,-0.0029230446454997505,0.18887588802805771,0.8663317999441091,95.1534306317155,0
2023-05-26,2.744765572601919,31.150261677749715,-0.0415113083921099,-0.0324275773384918,-1.9802695699806092,-0.003227303737289855,0.1889562680486029,0.8458905290214023,94.90501696508734,0
2023-05-29,2.755620192751445,30.996372815540777,-0.0578918999624988,-0.0163805915703889,-2.0177189546730143,0.003954662014809651,0.18879735439399603,0.0038986370376055124,94.87434175812595,0
2023-05-30,2.740304267808626,30.920425981665197,-0.1120427646242774,-0.0541508646617785,-2.022974214579466,-0.005558068192092258,0.18892900811096128,-0.0004452524632978516,94.39416309227732,0
2023-05-31,2.7016809447983783,30.902650567733158,-0.0946364914057369,0.0174062732185404,-2.004686390685648,-0.014094538137231827,0.1892308842529567,-0.017871754746636825,91.9025674478368,0
2023-06-01,2.7287988450988756,30.48203613941183,-0.1484943480117522,-0.0538578566060152,-2.1435149077850157,0.010037417761230572,0.18923368007254776,-0.014987511761313188,91.98795184848244,0
2023-06-02,2.767745441897016,30.188484739431647,-0.1923553876636106,-0.0438610396518583,-2.227657003999008,0.014272432307750105,0.18908532458293253,0.0018438477634095118,54.39326941024212,0
2023-06-05,2.8039991608217067,30.449471443780308,-0.109380274352091,0.0829751133115195,-2.096807672542797,0.013098646420258264,0.18890506084138053,0.0020554607880607367,60.673824974504676,0
2023-06-06,2.8400748778494824,31.16322380343496,0.0485595643539511,0.1579398387060422,-1.798280530111286,0.01286580878191268,0.18890832035059782,0.02305770621856773,63.96823223459489,0
2023-06-07,2.8069495735560817,31.224134218118284,0.0642967300770216,0.0157371657230704,-1.755484370052886,-0.011663532025776524,0.1889990859393518,0.01637544682862524,55.49911580286573,0
2023-06-08,2.7820137279790274,31.81678344312025,0.2669494607416887,0.202652730664667,-1.512423049584355,-0.008883610098297412,0.18911793830121348,0.010299514230940776,52.763447647137575,0
2023-06-09,2.8310460805166104,31.93022254390747,0.34834756089516,0.0813981001534713,-1.4553180295496018,0.01762477015999564,0.1890334568740737,0.03143456358384045,54.50823603180883,0
2023-06-12,2.836067744834106,32.351261063154986,0.3803579238749428,0.0320103629797827,-1.2830370632783905,0.0017737840270615202,0.00947179976974901,0.02919399135420586,58.65581594944793,0
2023-06-13,2.8593835832955232,32.30311594205827,0.2279784277246577,-0.1523794961502851,-1.2907116253828927,0.008221185302744294,0.009554407005390462,0.04345477868489511,63.73234605204852,0
2023-06-14,2.884038342083083,32.317960713890784,0.218765299154505,-0.0092131285701526,-1.274830479774539,0.008622403419951352,0.009661137974539689,0.06749775455010809,67.51743110696457,0
2023-06-15,2.8787548364456224,32.49008112931293,0.1346595372385337,-0.0841057619159713,-1.2002208169507915,-0.0018319817598695387,0.009639971219681305,0.054953113021166455,68.17754622986122,0
2023-06-16,2.8831912891724154,32.04701462039841,0.0233584152981833,-0.1113011219403503,-1.356794802643052,0.0015411012673349767,0.0095765580408402,0.041711150717774315,67.61355867090649,0
2023-06-19,2.874493621600992,31.976923119624068,-0.0748675887061836,-0.0982260040043669,-1.3715999094832108,-0.0030166807190652456,0.009297158517289029,0.025140685405421914,68.87223081315908,0
2023-06-20,2.862686257453595,32.01557647871803,-0.0575078926680419,0.0173596960381416,-1.3455275964204825,-0.004107632752658907,0.00913357147353248,0.007961543472133403,74.49087569627184,0
2023-06-21,2.8850765377419485,32.06124520629203,-0.0513431015197554,0.0061647911482864,-1.3173844201304272,0.007821423053279375,0.009090529869257864,0.027833404960990737,74.11863500765966,0
2023-06-22,2.8930802146641033,31.956938412881257,-0.1066285432863338,-0.0552854417665784,-1.344881006019697,0.002774164503940302,0.009009578880737853,0.039923054860609763,71.38569411720314,1
2023-06-23,2.862499159741738,31.889906335740523,-0.0314216569315775,0.0752068863547563,-1.3581431019087895,-0.01057041376431922,0.009397032517215118,0.011110055552111753,60.178816984251874,1
2023-06-26,2.8647211254128835,32.655385768687545,0.1356925298126938,0.1671141867442713,-1.0662644302509394,0.0007762327767271149,0.0093916754250361,0.010103207383169721,54.86104454929525,1
2023-06-27,2.877579746171766,32.39562644823565,0.0760099939035257,-0.0596825359091681,-1.1536659816678498,0.004488611699342782,0.009234341675780808,0.006363666274977753,65.14102537316592,1
2023-06-28,2.9771432499786914,32.31844405888247,0.0514397705180869,-0.0245702233854387,-1.1728380715955704,0.03459973748403722,0.01090114775869943,0.032282825972542506,81.6903793473996,1
2023-06-29,1.6701453365140515,32.407062270753954,0.0900247715745408,0.0385850010564539,-1.1313593010743808,-0.43901075753543084,0.09979609517697352,-0.41983759250017694,12.930280422720045,0
2023-06-30,1.6649831798277983,31.81819517753972,-0.014342231640164,-0.1043670032147048,-1.3363412121587648,-0.0030908427987637044,0.0995801619837758,-0.42252073732308226,12.608446986833627,0
2023-07-03,1.6905385205719967,31.822855552976616,-0.1665060431421849,-0.1521638115020209,-1.3235339733758529,0.015348708055321847,0.09961888287756018,-0.41188301554469064,12.733247269036298,0
2023-07-04,1.678430334415061,31.97672537141085,-0.0837802153649605,0.0827258277772244,-1.2570204497370083,-0.007162324909839257,0.09938965431307685,-0.4136869417509792,11.251107296196025,0
2023-07-05,1.6794606200161848,31.50915291515176,-0.1618582287461407,-0.0780780133811802,-1.4146938698313094,0.0006138387635152842,0.09947709619363262,-0.41788004649240895,11.34836176820518,0
2023-07-06,1.6569758101945669,31.469723316627707,-0.1874677908252451,-0.0256095620791043,-1.4163146990422537,-0.01338811375130744,0.09945886224018546,-0.4272624029586586,10.935185650021452,0
2023-07-07,1.6385665701960888,31.825876456211425,0.0015362557343365,0.1890040465595817,-1.276772593563292,-0.011110144086120655,0.09911042664734654,-0.4275748292817231,10.867936682769084,0
2023-07-10,1.626341788600377,32.22791930205613,0.0810127498159047,0.0794764940815682,-1.1232886698458218,-0.007460656050274905,0.09902347841716354,-0.4322861746739912,10.86506475955997,0
2023-07-11,1.619466893126121,32.45635308208257,0.0959255421343421,0.0149127923184373,-1.033413561971573,-0.004227214428384474,0.09887048630870754,-0.4372121588357005,9.54131080086755,0
2023-07-12,1.6079699529862488,32.49024662247312,0.1962187414642748,0.1002931993299327,-1.0136323182046532,-0.007099212826561119,0.09868138083508841,-0.45989500068639366,9.00946969356113,0
2023-07-13,1.626759431507455,32.620632717109224,0.2301818800963033,0.0339631386320284,-0.9597699529692406,0.011685217429785455,0.09887436238727577,-0.025977323085637716,10.28547665034695,0
2023-07-14,1.6235007760229687,32.70460849302352,0.1757464073624177,-0.0544354727338856,-0.922887436650406,-0.002003157579032133,0.09883400404927498,-0.024914608332031296,10.135902394790918,0
2023-07-18,1.6326243140809473,32.95056844363752,0.1445298283162728,-0.0312165790461449,-0.8288208980305057,0.005619669662448867,0.09893877309480524,-0.0342578449330182,9.919783524088444,0
2023-07-19,1.6530508259386256,33.05828074504005,0.1203855325915057,-0.024144295724767,-0.7846837714077047,0.012511458809908227,0.09916008772736504,-0.015120978187802003,5.083315184095397,0
2023-07-20,1.6388599703181403,33.40546339328488,0.1830433541623506,0.0626578215708448,-0.6556996474160526,-0.008584645673207048,0.09898165246248865,-0.024174814946035017,41.364107025135446,0
2023-07-21,1.6375654473571515,33.73303286948979,0.2224800304761132,0.0394366763137625,-0.5342407235150124,-0.0007898923547065007,0.0989392955986132,-0.011714330841761766,42.2665890151732,0
2023-07-24,1.6523072349058796,33.711960223784764,0.2014703461522486,-0.0210096843238645,-0.5368764272441386,0.009002258549433595,0.09914907284696363,0.008385783623149567,38.51599439202569,0
2023-07-25,1.653371503018711,34.10311749249176,0.2305098097708438,0.0290394636185951,-0.3932262502761128,0.0006441103024596995,0.0991475875505848,0.01661994705405423,41.937861347496955,0
2023-07-26,1.6503151696362652,34.17806750394389,0.2239573517807684,-0.0065524579900753,-0.3622068700404753,-0.001848546062917844,0.09907372269237161,0.01904841441407723,40.74375115414828,0
2023-07-27,1.6989269259876723,34.119773778723875,0.1428620770878055,-0.0810952746929629,-0.3780796559473233,0.029456044061039188,0.0989289464682818,0.056566338713296416,61.42686343249921,0
2023-07-28,1.695834473319757,34.28573164664504,0.1105397554310414,-0.032322321656764,-0.3135061126370888,-0.0018202387757892957,0.010435210032104819,0.0424617435586605,67.01901928841588,0
2023-07-31,1.8509995405849666,34.05069021402719,0.0677459980484869,-0.0427937573825545,-0.3925917465788279,0.09149776685542865,0.02274547004743499,0.14012852221684402,86.09689771437803,0
2023-08-01,1.9059282421584747,34.07012135026538,-0.0065992284452676,-0.0743452264937545,-0.3801388630919215,0.02967515678374988,0.023289576118392826,0.16740160349221456,89.87037296109722,0
2023-08-02,1.8723484392229117,33.87421231672594,-0.0607710374435939,-0.0541718089983263,-0.4452560878934244,-0.017618608189327034,0.023720141434205994,0.13266235365737522,84.66588410508838,0
2023-08-03,1.8447186141919751,34.60132077645978,0.0963093995471808,0.1570804369907747,-0.1764808431237546,-0.014756775209214701,0.024140177835391182,0.12561088049143865,77.9317336602154,0
2023-08-04,1.8504263924853166,34.52570752984212,0.0479951766394108,-0.0483142229077699,-0.1984216781305148,0.003094118663643286,0.023758828285141583,0.12998622160213436,78.89938691611187,0
2023-08-07,1.8562571388150508,34.30668291772172,0.0511985407389019,0.003203364099491,-0.2731759155088152,0.0031510285161373552,0.023436635312016594,0.12343340245725476,78.72092228273735,0
2023-08-08,1.8595244476635142,34.14475289677303,0.0149263093015292,-0.0362722314373726,-0.3271732363215413,0.0017601596137424291,0.023237264423195566,0.12468640246212725,77.73980977662832,0
2023-08-09,1.8511339181308026,34.16229609814656,0.0576167562841263,0.042690446982597,-0.3152673491016877,-0.004512191029945489,0.0232445763644857,0.12168508912076392,78.97060779654714,0
2023-08-10,1.9237962903866803,33.89190390048049,-0.141883375195853,-0.1995001314799793,-0.4092816861949833,0.03925289874719007,0.024065996855309645,0.13235964476122497,82.69500301538231,0
2023-08-14,1.900757226949852,33.66299256030611,-0.1725429939072,-0.030659618711347,-0.4885363928854018,-0.011975833175246087,0.024518381114749042,0.12083888896829609,77.8515141149224,0
2023-08-15,1.9121908817874311,33.664496105903616,-0.1284373623636199,0.0441056315435801,-0.4829106037052122,0.006015315725473647,0.02441001000884851,0.0330585393787437,78.35473176164402,0
2023-08-16,1.885756668469764,33.59155496151065,-0.1106395870524821,0.0177977753111377,-0.5048179765784893,-0.013824045271546126,0.024912315809656548,-0.010583595563842585,74.53674602588092,0
2023-08-17,1.8811348543985373,33.9866407051124,-0.035131078606831,0.075508508445651,-0.3537351458297257,-0.0024509069216109847,0.024978992628409535,0.004692724383754232,70.90579373986796,0
2023-08-18,1.8702604728549435,33.928957440973825,0.0074107080986678,0.0425417867054989,-0.3704728008931213,-0.005780755971942719,0.024896019368398553,0.013845937513974782,69.66181930268479,0
2023-08-21,1.8715861947324868,33.87683792018667,0.0427690719761102,0.0353583638774424,-0.385206888043663,0.0007088434454904924,0.024873873266145385,0.01143509535591436,53.552780949328856,0
2023-08-22,1.8960067849420386,33.16723052967081,-0.099453115246554,-0.1422221872226643,-0.6437566876540501,0.013048071351606794,0.0249075840744943,0.021413868421463533,48.086270094113814,0
2023-08-23,1.9045163761396071,32.767752065350585,-0.1647605792320163,-0.0653074639854622,-0.7863671859942626,0.004488164950226636,0.024869249650794012,0.024195394974572793,56.86915821110439,0
2023-08-24,1.9128048085322291,31.210496587092475,-0.5552288236039828,-0.3904682443719665,-1.354432001287813,0.0043519879883744395,0.024786687276573148,0.033315196592421215,65.84828439040501,0
2023-08-25,1.8889340882433647,31.32608852860571,-0.5205737824736332,0.0346550411303496,-1.3005772171217034,-0.012479433438470577,0.024621521095577383,-0.018121566362053976,58.264548629688726,0
2023-08-28,1.9201656247407173,31.1619439465184,-0.5429787947336457,-0.0224050122600125,-1.3495500875455697,0.01653394720955914,0.024672737857906378,0.010210876757790865,62.36763230334463,0
2023-08-29,1.9184838860606521,31.60698119098137,-0.3120498677378904,0.2309289269957553,-1.1787224139886732,-0.0008758300109097394,0.014456699347938933,0.0032909916751295842,61.480340618332555,0
2023-08-30,1.9285850488349616,30.99785867040961,-0.3539786789881951,-0.0419288112503046,-1.3930875920277643,0.005265179889027305,0.012938161605356867,0.022711509433479327,64.98116649982992,0
2023-08-31,1.9486347108413256,30.462075161412216,-0.1496842851360469,0.2042943938521482,-1.5766547204848929,0.010396047619717796,0.01235743824192639,0.03588251862164893,56.03218987007845,0
2023-09-01,1.9603682337009796,30.55708088415205,-0.1538015288907352,-0.0041172437546883,-1.5297758184947117,0.006021407087933861,0.011725557255786391,0.048179257463794256,65.31812229166998,0
2023-09-04,1.9838716164474857,30.5491595772256,-0.12255687385856,0.0312446550321752,-1.5209955845589804,0.011989269333412045,0.011892458183209277,0.05999479053170109,67.34380812299611,0
2023-09-05,1.9873036287386514,30.695970908766927,-0.1822020564428896,-0.0596451825843296,-1.457802234561818,0.0017299568493809314,0.011899236859458729,0.04815217145934625,77.6477345523875,0
2023-09-06,2.003920417840682,30.731415331177416,-0.0532886678464343,0.1289133885964553,-1.4346610857077535,0.008361474744841724,0.011940413242756855,0.05219384981218367,81.3806066304697,0
2023-09-07,1.9932997283814757,30.38176893822135,-0.0160612446381769,0.0372274232082574,-1.5482246333198242,-0.005299955709144655,0.011970583040637995,0.042082140054328754,81.48627266090558,0
2023-09-08,1.9746953547882484,30.288237454773853,-0.0537686858756387,-0.0377074412374618,-1.5709980934336276,-0.009333455138898605,0.008937217741884081,0.04540193703880813,74.2422462428163,0
2023-09-11,1.974452212162144,30.59180525337141,0.0085291352291605,0.0622978211047993,-1.4541946630267568,-0.00012312918320023236,0.008383261328425982,0.028271825472741208,70.80926762985752,0
2023-09-12,1.991533449070661,30.319529984995288,-0.0752881847543278,-0.0838173199834884,-1.5400600842685437,0.008651127033260542,0.00847100702151951,0.038076714399726486,72.07900600738193,0
2023-09-13,1.9918783234374602,30.3244196108274,-0.0813991440700014,-0.0061109593156736,-1.5277657738648862,0.00017317026081586917,0.007624797725397333,0.03281850320302615,70.9062158075589,0
2023-09-14,2.016813135058615,29.07857659148469,-0.2606384693473274,-0.1792393252773259,-1.9455296191411853,0.012518240360246402,0.007817715949164545,0.03498779111240058,83.62071789318274,0
2023-09-15,2.0415024922435143,29.052175995498576,-0.2472122918550603,0.013426177492267,-1.933381014965098,0.012241767348555976,0.007727741894755932,0.04138725426567502,83.03719527626352,0
2023-09-19,2.0430478576784132,29.18145298931613,-0.2820704528110553,-0.034858160955995,-1.8691369408006289,0.000756974552208689,0.007726533290930546,0.02982866468793688,83.94106584367243,0
2023-09-20,2.028543356288114,28.93832005488946,-0.2762419860211622,0.0058284667898931,-1.9312437266406608,-0.007099442793660815,0.007854851116404054,0.020751598775893942,76.59827772619069,0
2023-09-21,2.005894411585209,29.013196283924643,-0.2622446653805532,0.0139973206406089,-1.885367230532898,-0.011165127248918494,0.008495823317834307,0.0009850659372263593,65.02855583776228,1
2023-09-22,1.999268997980363,29.28454411986984,0.0411935056770289,0.3034381710575822,-1.774917496436091,-0.0033029722634354552,0.008586148918559633,0.00299466734174203,60.49132563023149,1
2023-09-25,2.0052148684764135,29.376868232220428,0.064938447344371,0.023744941667342,-1.726722676221194,0.002974022256163167,0.007855295466797845,0.015455302314942632,56.35831293217817,1
2023-09-26,1.992310792708145,29.411782703063587,0.046065942749486,-0.0188725045948849,-1.6988172611178791,-0.006435258371125685,0.007443940308467463,0.009044827945693834,51.41198454880221,1
2023-09-27,1.9993843142582595,29.509417391213464,0.1142194672648031,0.068153524515317,-1.6508114341069682,0.0035504106969672655,0.007423710509879231,0.003942120676537986,48.64808758911508,1
2023-09-28,1.7052081028274841,29.390387120019348,0.0754381672189445,-0.0387813000458585,-1.6735218782071677,-0.1471333996835471,0.03413938557372283,-0.14391954429990395,18.08356155701624,0
2023-09-29,1.6894896217214104,30.009533465088296,0.1449978690436921,0.0695597018247475,-1.4575096505665388,-0.00921792541333244,0.03393904847285779,-0.16229739267723065,18.199937665893046,0
2023-10-02,1.6849814917071104,30.147106380504777,0.1540476296568655,0.0090497606131734,-1.3999190965666246,-0.0026683383883155942,0.03382565010549302,-0.17463657374456798,18.028472306501428,0
2023-10-03,1.6577114507833366,30.173619120336834,0.1523672834546516,-0.0016803462022139,-1.379083333337692,-0.016184178317677378,0.033581539504512564,-0.18860860524968215,13.941510180906661,0
2023-10-04,1.612542849564031,31.03395342686141,0.3049072071295882,0.1525399236749365,-1.090629662300103,-0.02724756543001594,0.03374843951618997,-0.20507351022819276,12.642749942419442,0
2023-10-05,1.6466328684700604,32.652343012032674,0.652391178402663,0.3474839712730748,-0.5607172515051603,0.021140535220658396,0.03422793377021466,-0.1791029183989964,14.190094537646104,0
2023-10-06,1.6442718232110254,33.32028756694087,0.6621508203705133,0.0097596419678502,-0.3401550080703635,-0.0014338625836060048,0.03426178261935033,-0.17756348701848101,9.83838608907189,0
2023-10-10,1.682487190036446,33.459017810133126,0.6623822859256734,0.00023146555516,-0.2918136837011978,0.02324151413772424,0.035009560867350416,-0.16094418783418452,16.0623372916414,0
2023-10-11,1.6837486717093144,34.40006581688587,0.845289339309808,0.1829070533841346,0.0183004142458772,0.0007497719330873398,0.03501957166062323,-0.1548764992531123,16.716552489961998,0
2023-10-12,1.7137511388168944,34.43791579568345,0.6807924737644058,-0.1644968655454022,0.0346864800476323,0.01781885124050131,0.035298168365549665,-0.14286056632755495,22.193818140674352,1
2023-10-13,1.6926073269430697,34.63961844713254,0.3974550870199778,-0.283337386744428,0.1040281987518824,-0.012337737606652466,0.035278265337157486,-0.007389582458305566,21.596939040107316,0
2023-10-16,1.6669081169405655,35.040877069533465,0.3441179005185191,-0.0533371865014586,0.238878333684258,-0.015183208528890324,0.03499520270662159,-0.013365873628650493,19.77204184244748,0
2023-10-17,1.6825853525353927,35.387829698579736,0.3857623776893248,0.0416444771708057,0.3565354603270069,0.009404978856063728,0.034910877254494904,-0.0014220566715484884,22.462271230895695,0
2023-10-18,1.683015287610724,35.6237480018771,0.2447364369982452,-0.1410259406910796,0.43706514035411,0.0002555205147147799,0.03490368901701959,0.01526431926100913,21.535317516938463,0
2023-10-19,1.6567069204637435,35.83662379770909,0.2797416004051172,0.0350051634068719,0.51075025940057,-0.015631686378992482,0.034931192921046,0.02738784331321975,41.57539066842861,0
2023-10-20,1.650446585457837,36.47067967330831,0.366212245235161,0.0864706448300438,0.7254724458586392,-0.0037787824319307495,0.0349510380328814,0.0023160700000601775,42.98786086646776,0
2023-10-23,1.6382038575586426,36.56234922415039,0.3042944309233775,-0.0619178143117835,0.7599649394538525,-0.007417827397181775,0.0349274003806776,-0.0036903664994593077,41.82582588660633,0
2023-10-24,1.6374627746952075,36.87268135711374,0.2969703317068024,-0.007324099216575,0.867797971139279,-0.0004523752401239811,0.0348725077167221,-0.02676062891169062,46.10004920136487,0
2023-10-25,1.6512338155927409,36.92789145139971,0.2608286899045282,-0.0361416418022741,0.892180968315383,0.008409987152286025,0.03509727606608639,-0.019310991398475807,58.477271354547966,0
2023-10-26,1.6253198487135339,37.001881538704446,0.2330515481990716,-0.0277771417054566,0.9244219519593804,-0.015693699241439485,0.03500726053853287,-0.05160101026360808,45.15674991853843,0
2023-10-27,1.6467737232938744,37.47875950133782,0.201615965605896,-0.0314355825931755,1.0929486942294904,0.013199786243502487,0.013813630477104237,-0.027078698596899597,50.523145414519185,0
2023-10-30,1.6308787242581084,37.39299342264701,0.1661288396993256,-0.0354871259065703,1.0739708408945816,-0.00965220589260607,0.013826485999297807,-0.021614504312682414,38.097707962965316,0
2023-10-31,1.6435278317653774,37.349653750177815,0.0953944786128175,-0.0707343610865081,1.0718575260158978,0.007756007432755618,0.01398259305887572,-0.023212802079348727,41.186913535547774,0
2023-11-01,1.7142321240724527,37.13438703540447,0.0412991168009497,-0.0540953618118678,1.010480742307181,0.04301983266759102,0.016645927741330183,0.018548159776994977,50.08943904187663,0
2023-11-02,1.7555762104544892,38.29515817729813,0.2586553277187349,0.2173562109177851,1.419424732923991,0.024118137678937224,0.015871533010066986,0.05967820184095718,60.8908690412053,0
2023-11-06,1.8558046957253314,38.05270758400744,0.1147896165339261,-0.1438657111848087,1.3453219037496054,0.05709150344711866,0.019492789528956656,0.12442578395260684,75.97448154617386,0
2023-11-07,1.8353232983934258,38.11362267467801,0.1441258504061977,0.0293362338722715,1.377629642906972,-0.011036396975976248,0.019805794092865075,0.12032656370895345,70.72857237623187,0
2023-11-08,1.8130988506763983,38.212933525160594,0.1726559549965642,0.0285301045903665,1.4199230863367711,-0.012109282182862224,0.019734667262372396,0.10726111072288846,66.66805385515089,0
2023-11-09,1.840442189101965,38.12600364677896,0.198323322274895,0.0256673672783307,1.3963164390515186,0.015080997053947831,0.01987294519729917,0.11458605784505727,73.48035454313603,0
2023-11-10,1.8389731279168622,38.26949960568685,-0.0051317143222604,-0.2034550365971554,1.4538620944527123,-0.0007982109917942237,0.01965816223297224,0.131453067143946,74.39134859331475,0
2023-11-13,1.8413794774654852,37.72202247484539,-0.0661370218324108,-0.0610053075101504,1.2701223163965585,0.0013085289350307505,0.019305422999973294,0.11817394910963275,76.97316084011503,0
2023-11-14,1.8497062631521735,37.113145021999166,-0.2000955305357621,-0.1339585087033512,1.0635211659238704,0.004522036760260528,0.018748472758288445,0.1341776893886517,77.6206771643655,0
2023-11-15,1.8732770764737876,36.91451254523116,-0.2596841959858906,-0.0595886654501285,1.0019206732220969,0.0127430034655589,0.018800975171936154,0.13979029759515993,78.1772917459673,0
2023-11-16,1.875188326797599,36.29982079193917,-0.3652365709679657,-0.105552374982075,0.7898239105905352,0.0010202710254743064,0.01879042218337738,0.09389405347437263,83.76525415329323,0
2023-11-17,1.8975083964836517,36.14170365909059,-0.4255591893192445,-0.0603226183512788,0.7406381483387213,0.011902841633069539,0.018151961200846067,0.08084649654281795,83.8031711791654,0
2023-11-20,1.8804476158385253,35.84151831706506,-0.376100831556073,0.0494583577631715,0.6392524825167419,-0.008991148959731854,0.018350616341214925,0.01327883271874275,83.5405754204031,0
2023-11-21,1.8720901422514484,35.76091923722285,-0.2704451569552546,0.1056556746008183,0.6171665066506447,-0.004444406489542141,0.018241931868871367,0.020032897686313333,81.07588865856786,0
2023-11-22,1.8795728631238477,35.53694753299646,-0.2755130024469494,-0.0050678454916948,0.5422780296969466,0.003996987486617698,0.018175201113822682,0.03666320367620912,77.14713415946531,0
2023-11-24,1.8928731088413517,35.349863647532764,-0.1899914288812709,0.0855215735656784,0.4803122132115996,0.007076206503321636,0.018172480994096244,0.028488218782340535,74.82915576664405,0
2023-11-27,1.8840932785849314,35.36993215091136,-0.1543543016358484,0.0356371272454225,0.4948194825152872,-0.0046383617662542065,0.01760495776090383,0.024535513859944347,57.64413475013867,0
2023-11-28,1.8772875306112655,35.503963176878464,-0.0675110280373232,0.0868432735985251,0.5510344017992364,-0.003612213923281593,0.017722388870003224,0.01950062634303107,62.244543048985065,0
2023-11-29,1.8687927843584,35.55905429926303,-0.040372987591958,0.0271380404453651,0.5772237411563176,-0.004525010747873814,0.017508927846567185,0.010318676855048503,67.66612052789907,0
2023-11-30,1.8775596212868038,35.688109541621145,0.0302324017249375,0.0706053893168956,0.6311748456197095,0.004691176572267031,0.017515134846819973,0.0022861246031353755,63.3465329999274,0
2023-12-01,1.8858785185130633,35.72400500849781,0.0748282721930095,0.044595870468072,0.6501985174081983,0.004430696704351922,0.015303435248654669,0.00570086298143746,66.07421913826968,0
2023-12-04,1.8665041197076646,35.901477197170884,0.1063090092519019,0.0314807370588923,0.7227392468774352,-0.010273407653359712,0.01495760727098734,-0.016339467500350646,57.713068737164136,0
2023-12-05,1.8497606583818984,35.68579561495012,0.0363664876143303,-0.0699425216375715,0.6455935317214389,-0.008970492563599941,0.008184582802455938,-0.016318964271143988,50.01587836293873,0
2023-12-06,1.8863788636583139,35.72920311606384,0.0340297633601665,-0.0023367242541638,0.6671533054535937,0.019796185582435122,0.008895333564986783,0.007632496472462114,53.55380448741338,0
2023-12-07,1.8634893693297216,36.37420067051272,0.1372182257783052,0.1031884624181387,0.9141834567463022,-0.012134091814515968,0.008897319652122508,-0.008556994043527166,47.15094449453146,0
2023-12-08,1.831535939524459,35.89723976958013,0.0346469522164696,-0.1025712735618356,0.736721361264845,-0.01714709529937164,0.009204007792152174,-0.03240426895516402,34.6537329385239,0
2023-12-11,1.8599243184553937,36.35866202473954,0.0914369655137363,0.0567900132972667,0.9176764417426272,0.015499766244448043,0.009847470486284576,-0.012827899979394819,45.46494307336351,0
2023-12-12,1.8561802021564198,36.669190108518535,0.1966788987136709,0.1052419331999345,1.0418056976177608,-0.0020130476610378256,0.009863112336028787,-0.011243524559060525,46.411192030752275,0
2023-12-13,1.8581318571192367,36.354943480363474,0.125148072859929,-0.0715308258537419,0.926592150079938,0.0010514361485751689,0.009818061691360368,-0.005704713400219719,45.039776719234496,0
2023-12-14,1.8297577400888012,36.24264229579085,-0.0263116749443668,-0.1514597478042958,0.8888144372451562,-0.01527023871945521,0.009942848771950832,-0.02545958096672374,36.35067826714502,0
2023-12-15,1.8399692248603203,36.51773204043644,0.1240984541712606,0.1504101291156274,1.000661181084883,0.005580785121326315,0.010046456948488986,-0.024343717372071527,40.51646153192384,0
2023-12-18,1.8287976390960834,35.96644065313108,-0.0784442743216828,-0.2025427284929435,0.7923807591876222,-0.006071615553833509,0.009636512930900077,-0.02020165946244301,39.77009994519743,0
2023-12-19,1.8424490075580255,35.75053976640967,-0.1837300684217808,-0.1052857941000979,0.7138529580694369,0.007464668681817388,0.009692412049091211,-0.003952755071712222,44.56060943300223,0
2023-12-20,1.8575211697353968,35.655517037607375,-0.1398852885512198,0.043844779870561,0.682101306204888,0.008180504380605802,0.009864200231267167,-0.015297931120237696,45.967514016733595,0
2023-12-21,1.8355512844087383,35.70579986929406,-0.1073684852993608,0.032516803251859,0.7072445864649566,-0.011827528904980511,0.010128754383054208,-0.014992350040093028,40.39973381838484,0
2023-12-22,1.8412234808836947,35.73172444365294,-0.1572015193566969,-0.049833034057336,0.723987039351047,0.0030901868681829647,0.009997028139340853,0.005289299079629828,44.91154099992175,0
2023-12-25,1.843812775258599,35.68100871018093,-0.0570863885900223,0.1001151307666745,0.7101110709197502,0.0014062901118672144,0.009983262443140035,-0.008662472465640336,48.73048113232934,0
2023-12-26,1.8452279573905515,35.636938022581695,-0.0227203487656026,0.0343660398244196,0.6974818968878956,0.0007675302779881488,0.009971729677686664,-0.0059004210653386124,39.663399444927386,0
2023-12-27,1.8654662230482548,35.70682905585408,0.0102624036493423,0.032982752414945,0.7285777074825576,0.01096789455017988,0.010265686375451825,0.003947171940956284,50.50326433121196,0
2023-12-28,1.7560335497671564,35.65808816771712,-0.0095423403153915,-0.0198047439647339,0.7117328680921887,-0.058662371866632146,0.01656874206287324,-0.04029177672344031,36.21627398694443,0
2023-12-29,1.759063232985202,35.53746540065918,-0.0388518085987499,-0.0293094682833583,0.6663578756022199,0.001725299165524108,0.01651406083616775,-0.04397138320683602,29.707951862786487,0
2024-01-04,1.7632576723238573,35.59230195377545,-0.0177413512810957,0.0211104573176541,0.6909639404657617,0.0023844733151161535,0.016476947302869,-0.03583773588236938,31.338908388937213,0
2024-01-05,1.7784286444011372,35.2968550087907,-0.068016602758206,-0.0502752514771103,0.5762447752541734,0.008603945024827642,0.016593660835361783,-0.034747427415503185,34.80067765807492,0
2024-01-09,1.7893246032401642,35.338164276979,-0.0737329557750143,-0.0057163530168082,0.596528242794808,0.006126733773283322,0.015924009397297278,-0.03671374927314941,41.738734496928956,0
2024-01-10,1.8177103969250041,35.26462634766655,-0.0786923640101093,-0.0049594082350949,0.5684649523673238,0.01586397103881443,0.016260877559580198,-0.009719634441857083,45.76650431956343,0
2024-01-11,1.854832026198712,35.409049178667,-0.0256832443984365,0.0530091196116728,0.6281736870198894,0.0204221912008129,0.016479773092123645,0.007391033981646755,54.50672202268304,0
2024-01-12,1.9023777606235857,36.04841957435142,0.0912235241151933,0.1169067685136298,0.8862825409545794,0.02563344483668084,0.0171007485081242,0.03176297840585929,59.28454658529754,0
2024-01-15,1.9267526765575709,35.98181525655234,0.136992049552326,0.0457685254371327,0.8600519346366362,0.012812868421041346,0.017271377312286593,0.04418138086435053,60.4252817024058,0
2024-01-16,1.9141331742493717,36.31301456567997,0.1949700577401927,0.0579780081878666,0.99302628303535,-0.006549622305830005,0.017376946095947976,0.02608835828803846,62.176207078496226,0
2024-01-17,1.9109450385568574,35.8920541202402,0.1254855545147322,-0.0694845032254605,0.8240227609413632,-0.001665576740116026,0.01694127325865323,0.08821670224366818,60.887114763179355,0
2024-01-18,1.9094107445035493,35.548469756874354,0.0278841156414699,-0.0976014388732622,0.6877465517265269,-0.0008028980542876818,0.016936595536187177,0.08547021431583302,60.277071735739945,0
2024-01-19,1.9260498495007137,35.66828828526232,-0.0760262578178156,-0.1039103734592856,0.7387085605721672,0.008714261740205398,0.016888656993529583,0.09232466685501906,62.08565743841236,0
2024-01-22,1.9528812697936289,35.81754264355485,-0.0328545225995,0.0431717352183156,0.8013499369542335,0.013930802621682226,0.017045175164309725,0.09809368846014976,62.81879916210992,0
2024-01-23,1.9506682190530642,36.19359749555213,-0.023883414025569,0.008971108573931,0.9539342359004104,-0.0011332233939641556,0.01702502173627147,0.09017012090524767,91.63403994062283,0
2024-01-24,1.9407319131356502,36.53333448115957,0.1282560721838734,0.1521394862094425,1.0916749464252746,-0.00509379597225279,0.016789844237496687,0.06767938194046752,87.74521728693783,0
2024-01-25,1.940721552481862,36.71703263811023,0.2337125762471714,0.1054565040632979,1.1705196796448516,-5.33852909723187e-06,0.016802525077536684,0.0463058245005461,87.52399825450436,0
2024-01-26,1.9121603739434874,36.50770065382187,0.1678824737119129,-0.0658301025352585,1.0921911691667447,-0.014716783302503922,0.017252273572734633,0.005142308495393211,76.76161230028418,0
2024-01-29,1.9381039589346087,36.7634448934272,0.1891804499744651,0.0212979762625522,1.2046846893522332,0.013567682577595441,0.0174418485978095,0.005891406050785308,78.08164233104523,0
2024-01-30,1.9370018478020135,36.64883148313535,0.0910467975166469,-0.0981336524578182,1.167970584774502,-0.0005686542909706382,0.017341235743911793,0.011947274024760368,75.10116650804659,0
2024-01-31,1.9570517630147715,36.69970640795762,0.0332743853596113,-0.0577724121570355,1.2030064827141196,0.010351004690836607,0.009897555220237431,0.024127708294914507,73.17386427249906,0
2024-02-01,2.078352429296578,36.63798718060952,-0.015809091500138,-0.0490834768597494,1.1883127217361915,0.06198132751223051,0.015990175334073375,0.08847844041903818,79.89669555199961,0
2024-02-02,2.0886080544694368,36.52629819981229,0.0037195091980777,0.0195286006982158,1.153543834749877,0.004934497647412828,0.01594901904094209,0.08439979111177354,78.88363581849396,0
2024-02-05,2.108771678272628,36.220354907117816,-0.1086179972618666,-0.1123375064599443,1.0373138109327038,0.009654096545324897,0.015950690791582168,0.07982585059841996,83.82318929816823,0
2024-02-06,2.100149484995821,35.94707008492636,-0.140352279641803,-0.0317342823799364,0.9321541811410096,-0.00408872774878577,0.016198153832002828,0.07663079988831778,82.26944833642506,0
2024-02-07,2.2154020135075414,35.76202318477361,-0.1875366446368005,-0.0471843649949974,0.8630235206211413,0.05487825001749802,0.01923839302845701,0.14152913058873007,87.6019973279523,0
2024-02-08,2.2826542220523938,35.08984871589535,-0.3096276929428327,-0.1220910483060322,0.5843004912346191,0.0303566612898285,0.019642589923949072,0.1761884228746038,88.97360074281318,0
2024-02-09,2.3052005845828267,34.42946012980268,-0.4193676140019207,-0.1097399210590879,0.3076146313548586,0.0098772570600556,0.019321654426038316,0.20554772287680279,88.86934711334916,0
2024-02-13,2.384354018128255,34.056194299665535,-0.4328321214904562,-0.0134645074885355,0.1524945433904792,0.03433689635288406,0.02008152285972452,0.23025083723525008,90.9021709718358,0
2024-02-14,2.3609048543406743,34.10588113135336,-0.3682377907146019,0.0645943307758543,0.1812244087153513,-0.00983459822211663,0.020244511381185756,0.21884491593009003,88.64277826737921,0
2024-02-15,2.3773749437607767,34.19773305797869,-0.3128580253589916,0.0553797653556102,0.228559142069356,0.0069761766933644775,0.020057297194776145,0.2147736655153729,88.9783705577016,0
2024-02-16,2.454047740593172,33.469418949658795,-0.3240859532473124,-0.0112279278883207,-0.086852216190266,0.0322510326078842,0.020378421353710072,0.18076593074435832,94.54593928178988,0
2024-02-19,2.465675104303322,33.51228696033436,-0.1834346338936541,0.1406513193536582,-0.0622966136477728,0.004738034846599737,0.0204398723346182,0.18053509322967276,94.41447074678584,0
2024-02-20,2.4572378475444445,33.34800249868932,-0.1416383601952517,0.0417962736984023,-0.1308828282017191,-0.003421885042417805,0.02074726929537198,0.16524604008209098,93.26263677632464,0
2024-02-21,2.4470845979400275,33.25495677704324,-0.1701848708620161,-0.0285465106667643,-0.1678761682263704,-0.004131976729303322,0.020855841745354636,0.16519543747853604,91.43294135857133,0
2024-02-22,2.4830205944055983,33.28745463728509,-0.1820556841387244,-0.0118708132767082,-0.1489174601565555,0.014685228494275115,0.02048818719624302,0.12079910520364168,89.98761358981459,0
2024-02-26,2.5014669206302416,33.15736657298794,-0.0624104753341754,0.1196452088045489,-0.2029553989505872,0.007428986399147908,0.020314326707810876,0.09585888938584297,90.14710647233268,0
2024-02-27,2.5092446612905466,33.29592925836158,-0.0432715403945493,0.019138934939626,-0.1364414258255128,0.0031092718421179555,0.019406743885103328,0.08851467333140817,89.90390681507745,0
2024-02-28,2.4634302821620606,33.141374392842586,-0.0413256211693422,0.0019459192252071,-0.2018042987101673,-0.01825823517142522,0.020693608808129857,0.03316464897099536,83.70021164143023,0
2024-02-29,2.4664874636634955,33.23692574880059,-0.0036062056485377,0.0377194155208044,-0.1546095762153956,0.001241026191636907,0.020638432775709575,0.04472124707977998,79.4153286655947,0
2024-03-01,2.502375799160756,32.98867427556795,-0.0597560723434185,-0.0561498666948807,-0.2637933938564687,0.014550382284917562,0.02063835237972499,0.05257936099984306,77.78263628516183,0
2024-03-04,2.5057224774771782,33.06286259014027,-0.0189007965695395,0.0408552757738789,-0.2270685083198711,0.0013374003686994484,0.01715697087685488,0.021056940347670583,76.64884478240248,0
2024-03-05,2.528374963840813,33.15435098883962,-0.0283156539043929,-0.0094148573348533,-0.1828399333800518,0.009040301377047033,0.017123608673170077,0.02542908407845834,72.52234326112091,0
2024-03-06,2.5355334681215176,32.99516466474016,-0.0292419456204839,-0.000926291716091,-0.2517936139330806,0.002831266874210092,0.017193154074775657,0.031863264948208014,78.7749708917724,0
2024-03-07,2.5214484846140053,32.776095686243536,-0.0921660125114129,-0.062924066890929,-0.3487484855780586,-0.005555037503783167,0.017256687492543152,0.030388768225086293,73.92824642247878,0
2024-03-08,2.5262458951553186,32.563234470979936,-0.0850879609176047,0.0070780515938082,-0.4426727126490891,0.0019026407125060096,0.013567390005095492,0.017408353699163603,65.75155303058168,0
2024-03-11,2.4660357144527105,32.543281553798884,-0.1039162072682771,-0.0188282463506723,-0.4492298685646002,-0.02383385592751497,0.013993106761397436,-0.014164171384926538,50.06491381555882,0
2024-03-12,2.450468101082685,33.395363981770245,0.0482025985861298,0.1521188058544069,-0.0626576581396654,-0.00631280937205736,0.014100874005471279,-0.023424005285172744,48.81187105076608,0
2024-03-13,2.447470691152765,33.36903519519797,0.0747741060915601,0.0265715075054302,-0.0740062132725456,-0.0012231989180336855,0.012055616755778249,-0.0064786047020939375,50.069507425762474,0
2024-03-14,2.4514220723382762,32.98074628347004,0.0409301194452993,-0.0338439866462607,-0.2483881008914429,0.001614475384647207,0.011763559101079022,-0.006108034825704101,43.5710186209164,0
2024-03-15,2.462311184221809,32.79425440657795,0.0462039871196111,0.0052738676743118,-0.3347423746149593,0.0044419571833038685,0.011720121289643726,-0.016010630758331312,41.78068390577151,0
2024-03-18,2.5177137065234434,32.66892011119763,0.0251277114797403,-0.0210762756398708,-0.392916860517125,0.022500211450383167,0.01053007528801206,0.00478553756613076,51.48154418956953,0
2024-03-19,2.547427241707816,32.595217109140584,-0.1600293745259335,-0.1851570860056739,-0.4268723714398867,0.011801792676976897,0.010766069180549905,0.007535384640125153,65.57129423678852,0
2024-03-21,2.599293672114214,31.291041768162923,-0.415598685407005,-0.2555693108810715,-1.0126711784614235,0.02036031866080945,0.011462869669170282,0.025146662347128812,70.84695836114915,1
2024-03-22,2.618136058698914,30.8391658374586,-0.4283160892022906,-0.0127174037952855,-1.208024472745575,0.007249041070982232,0.011378821658907266,0.03834604382159723,69.1986227751846,1
2024-03-25,2.5813662395779566,30.82019183312813,-0.3948125146899635,0.0335035745123271,-1.2073756770154036,-0.014044273596395929,0.011694283079686426,0.02181907332470856,61.29335762471296,1
2024-03-26,2.585292436708322,30.384313587678157,-0.45692130470389,-0.0621087900139265,-1.3959420908907156,0.0015209764000814197,0.011624580457563361,0.04835968982796257,59.00087377571639,1
2024-03-27,2.599590403889353,30.416715202161505,-0.4357003813958222,0.0212209233080677,-1.373909759613639,0.00553050284680201,0.011652453717114316,0.060854619058612336,59.90621369526704,1
2024-03-28,2.081505010491077,30.29568433954088,-0.1990714857244064,0.2366288956714157,-1.4185968355055183,-0.19929500917650245,0.04644779075416328,-0.14952811569290636,23.4114442674757,0
2024-03-29,2.0893308352430946,30.48768973960589,-0.0702952195705393,0.1287762661538671,-1.324017979804175,0.0037596953706930947,0.04647533640130354,-0.1477066071897618,23.69077593635747,0
2024-04-01,2.0490525161786337,29.962956934578912,-0.1714469797098452,-0.1011517601393059,-1.5455488723732551,-0.019278095352368907,0.04626134435588819,-0.16783364779045262,24.27344272103022,0
2024-04-02,2.0493494673070702,30.308463355097643,-0.0151700465161006,0.1562769331937445,-1.3838448571998774,0.00014492118971665136,0.04624838137327259,-0.18602760035933896,24.77695785299403,0
2024-04-03,2.0402766702948387,30.31089393321176,-0.0211642537899479,-0.0059942072738472,-1.373956182534415,-0.004427159524018842,0.04607201609520507,-0.19908343724587763,24.58908203127349,0
2024-04-04,2.0584260818776876,29.82346313318509,-0.0944442412711588,-0.0732799874812109,-1.5805215625351037,0.008895563943406737,0.04617738652942265,-0.20808252489477086,25.902136509180025,0
2024-04-05,2.030871717564464,29.910673417717256,-0.1154032643777327,-0.0209590231065739,-1.5349931595134765,-0.01338613251931231,0.04617794384781843,-0.22430627284752025,24.074700055230423,0
2024-04-08,2.0530031365070105,29.89690605893064,-0.0132101751296538,0.1021930892480789,-1.5344917031155347,0.01089749724275424,0.04633942807570831,-0.2046835102164083,20.912351158519,0
2024-04-09,2.076318838849191,30.041641146020357,-0.0533644418154537,-0.0401542666857999,-1.4656976141605018,0.011356876142844197,0.04642073061392626,-0.196872736960919,20.273808418747265,0
2024-04-10,2.0619857678213687,30.059380089233684,-0.0503027687956141,0.0030616730198396,-1.4525234347352554,-0.0069031165925202975,0.04642019421920128,-0.20680359308283813,14.411020809921169,0
2024-04-11,2.064772423497728,29.782813430957614,-0.0081299404454995,0.0421728283501146,-1.5655376879500655,0.001351442730520791,0.04644186067166657,-0.008038696476354468,12.551046285242208,0
2024-04-12,2.0719726784380224,29.602207881621272,-0.0616931072191953,-0.0535631667736957,-1.6320125066157078,0.003487190577689425,0.04646265345398375,-0.008307998193619048,14.089499303943143,0
2024-04-15,2.0649837007073972,29.34387955710142,-0.1106053003658402,-0.0489121931466449,-1.7299540284502728,-0.003373103228317631,0.04639238446450538,0.007774902987100818,13.47773138118852,0
2024-04-16,2.020590163585354,29.444787944038254,-0.1193706403964256,-0.0087653400305853,-1.6747415746805518,-0.021498250619041426,0.045931192813347475,-0.014033381900212083,11.005498918885195,0
2024-04-17,1.9951876004015259,28.98518177371505,-0.2148396631037279,-0.0954690227073022,-1.8538324274399909,-0.01257185333355959,0.04565057458723678,-0.022099488049724725,32.717842801374445,0
2024-04-18,2.0031894040903766,29.6142579342556,-0.0337110993403975,0.1811285637633304,-1.5765995057895268,0.004010552033924197,0.04520342385616203,-0.026834423773393068,32.76522161841913,0
2024-04-19,1.9635045226840526,29.49044228592805,-0.0223531191386427,0.0113579802017547,-1.616886361000404,-0.01981084830285651,0.045006892495137035,-0.033171565834400396,32.84321259342828,0
2024-04-22,1.986873919204792,29.855729061346704,0.1023699008490552,0.124723019987698,-1.4533903596619124,0.011901880668343967,0.045353329442216664,-0.03221096749746377,38.531749943070736,0
2024-04-23,1.9911058396653292,30.157351751652307,0.1425127615228127,0.0401428606737575,-1.3183583014947182,0.0021299391066700313,0.045363006193650815,-0.041040420955334445,40.810700636888,0
2024-04-24,2.03232340229199,29.912123860927487,0.1853884174424855,0.0428756559196727,-1.4098327594979885,0.02070083960659197,0.04579377698013085,-0.014385339604317093,45.509017227927735,0
2024-04-25,1.9923932344915987,30.346241112783225,0.1463966357055213,-0.0389917817369642,-1.2225998857243363,-0.01964754613136821,0.012321784393685888,-0.03505431793956204,43.65016204239173,0
2024-04-26,2.008852461117474,31.05759885433368,0.3134313136811251,0.1670346779756037,-0.9251268778685452,0.008261033184082,0.012474858551742121,-0.03046382704627748,42.57511926742585,0
2024-04-30,2.265740373875291,31.058312477977896,0.2405166833262413,-0.0729146303548837,-0.9205007777064628,0.12787793913691226,0.031128624872561204,0.097219495291474,67.84006790911363,0
2024-05-01,2.2556947910326084,31.418134941085256,0.2521566378865891,0.0116399545603478,-0.7689465804111807,-0.004433686647645652,0.031186629841131085,0.11635443529532119,68.39240980949418,0
2024-05-02,2.295074822212307,31.40966000650328,0.2995072291151572,0.0473505912285681,-0.7684929696681893,0.017458049438360268,0.031213482805953364,0.150305275428952,70.44610496347138,0
2024-05-07,2.3115737696838243,31.254318045930333,0.1816153866294207,-0.1178918424857364,-0.8277214713815586,0.0071888494927643265,0.03120844717327063,0.1539466837053689,70.9261332215952,0
2024-05-08,2.269446183601651,31.230207555444483,0.0345217402221642,-0.1470936464072565,-0.8327947270186784,-0.018224634071676404,0.031386918661040736,0.155814085164105,66.82455656418131,0
2024-05-09,2.2629086668838125,31.84276264443839,0.1568900332920968,0.1223682930699325,-0.5792493276184537,-0.0028806661136433487,0.03142513459507516,0.1389291716051606,71.26439919615166,0
2024-05-10,2.2766732370312486,31.66056106922056,0.0484852256270649,-0.1084048076650319,-0.6500654923309448,0.006082689217144166,0.03139391450452616,0.14342150561615474,75.21653133594285,0
2024-05-13,2.285555415572372,31.40409018683772,-0.0011139639331148,-0.0495991895601797,-0.7503447642098452,0.0039013848788882477,0.03127002067228451,0.12460222275391564,75.25556185519932,0
2024-05-14,2.294273946309326,30.96579145924514,-0.0577053173370352,-0.0565913534039204,-0.9232343699766964,0.003814622335363671,0.03125727326604573,0.15151663165266593,81.31982913329875,0
2024-05-15,2.300497768015034,30.669814992091972,-0.1120785126705072,-0.054373195333472,-1.0371919046681568,0.0027127631012502373,0.03126066266387052,0.14518005306140047,80.69293779578722,0
2024-05-16,2.308005654552619,30.215298324263976,-0.325492864034878,-0.2134143513643707,-1.213155658591566,0.003263592185122288,0.031194660192984627,0.018654070503690612,80.81594742983688,0
2024-05-17,2.3162156571887182,29.944905047806053,-0.3431312042829013,-0.0176383402480233,-1.312780320236539,0.0035571848014777085,0.030527693681356622,0.02683025487167301,79.49996024772614,0
2024-05-20,2.3319777503050245,29.89663644612918,-0.3014907481417097,0.0416404561411916,-1.323075625446865,0.006805106021706697,0.030170405777515317,0.016079183012057685,87.15318832862218,0
2024-05-21,2.332692685466378,29.815774222013463,-0.2300034474463359,0.0714873006953737,-1.3467411591462972,0.0003065788947858028,0.030209035572795858,0.009136163448265178,86.69481182510333,0
2024-05-22,2.313997878291615,29.58803868792716,-0.2163552608329588,0.013648186613377,-1.4282147609547344,-0.008014260640177406,0.029748107066537483,0.01963108665536173,61.88207594495527,0
2024-05-23,2.3352196345650644,29.16289558914819,-0.2104805470231632,0.0058747138097956,-1.5854586525691887,0.009171035320532317,0.02973860364959161,0.03195487680942488,68.55935224709467,0
2024-05-24,2.3307410737391097,29.010252686786917,-0.18693047220383,0.0235500748193331,-1.635546266526349,-0.0019178328066725703,0.029797962847800875,0.02374861522875582,59.943575472444856,0
2024-05-27,2.354770517473786,28.580530926338845,-0.2632211039580596,-0.0762906317542295,-1.7914689834794757,0.01030978687655204,0.02966062009787935,0.030283711972076688,61.557739329339924,0
2024-05-28,2.355174911459393,28.344856542761484,-0.2941835358504043,-0.0309624318923447,-1.8683843713300408,0.00017173392592040315,0.029020216563320298,0.02654476604593592,79.53097972637156,0
2024-05-29,2.3347928678092793,28.24907049748062,-0.2677936380893015,0.0263898977611027,-1.8886729380098848,-0.008654152840599005,0.029281160961910076,0.014907686619420879,72.60580206043983,0
2024-05-30,2.3145987797196823,28.551879651160927,-0.1222031875974529,0.1455904504918486,-1.7570380874467684,-0.008649198979498784,0.008092561125939783,0.002856633021699251,61.46309434836511,0
2024-05-31,2.354145755032052,28.250519010182387,-0.1519467353209052,-0.0297435477234522,-1.8579616859717183,0.017085887912357434,0.008724256916889217,0.01637589216945834,67.48956364233536,0
2024-06-03,2.3815400437458973,28.901047366364253,0.0641032880050822,0.2160500233259874,-1.5977474274593837,0.011636615385979932,0.008272942401282655,0.021253330326324926,70.31663866455051,0
2024-06-04,2.3709463758967164,29.03126527509806,0.1372817464673126,0.0731784584622303,-1.539409360277101,-0.0044482425886562815,0.008289370767039058,0.016398941304473835,66.0742524440987,0
2024-06-05,2.331284667878689,29.00396425932544,0.1509787523689603,0.0136970059016476,-1.54155839427992,-0.016728218074112733,0.008108632653359435,0.00747052957534966,54.63192482333209,0
2024-06-06,2.3480954660033095,29.199036761010245,0.1294314219698655,-0.0215473303990947,-1.460412979022278,0.007210958985938598,0.008143701389830739,0.005513756071446885,56.13333771678396,0
2024-06-07,2.344968231866863,29.00380738570415,0.1506576751043518,0.0212262531344862,-1.5279225530142804,-0.0013318172884040358,0.008111056047041728,0.00610413498438489,52.62694329100166,0
2024-06-10,2.376933666567555,28.943376818809583,0.0084658904890666,-0.1421917846152851,-1.5450613353644558,0.013631500105757866,0.00854237187454369,0.009412020801732313,57.942577195606916,0
2024-06-11,2.3726194300331467,29.013671218345458,-0.0035188113505171,-0.0119847018395837,-1.5122735264624003,-0.0018150428828073162,0.00857201662724014,0.007406888757550467,61.097327756380245,0
2024-06-12,2.3524566989532048,28.984699339194428,-0.0038529840262029,-0.0003341726756858,-1.514364445869388,-0.008498089000164799,0.00886489785792015,0.00756548102723098,53.27619120032093,0
2024-06-13,2.3332915731061346,28.992141965436403,-0.0413789591147697,-0.0375259750885668,-1.50272392309179,-0.008146855946635778,0.00908643427543036,0.008076040456876044,50.45913221291418,0
2024-06-14,2.342427681042425,29.171854558333973,0.0336094345259674,0.0749883936407371,-1.4263268878536493,0.003915544907286517,0.009092956544144444,-0.004977633166756701,47.65219295761161,0
2024-06-17,2.2975027596563593,29.05723138631677,0.0227709135014357,-0.0108385210245316,-1.4588829677662034,-0.019178786926763558,0.00997365182375611,-0.0352869498500461,40.61873387589191,0
2024-06-18,2.309866073465044,29.79576799670815,0.1564193556725399,0.1336484421711041,-1.1781334068813,0.0053811964998613515,0.010064664732480962,-0.025761992364155217,45.83666125097437,0
2024-06-19,2.327772969890192,29.74058280444136,0.1511766930493827,-0.0052426626231572,-1.1914737141247127,0.007752352671376306,0.010057925780069314,-0.00150633598585459,52.21732884908039,0
2024-06-20,2.3266294564018213,29.76212047009912,0.1539957009325476,0.0028190078831649,-1.1766039385229954,-0.0004912478592896674,0.009841390584958129,-0.009141881116965678,44.681195932014916,1
2024-06-21,2.3226688543795007,29.60702899820189,0.0870348879735836,-0.066960812958964,-1.225737628738086,-0.0017022917041743524,0.009839457006086419,-0.009509458245244407,37.48679699320176,1
2024-06-24,2.3353443384506405,29.15218698373945,0.0189911194845358,-0.0680437684890478,-1.3831880135721184,0.005457292823830562,0.009626060516919421,-0.017497050381289014,42.49908955341926,1
2024-06-25,2.3867457127441742,29.29002597431616,-0.1011484044784012,-0.120139523962937,-1.3245324910592031,0.02201019072315291,0.010851376851373143,0.005953876349579668,61.13417260724289,1
2024-06-26,2.402944408381501,29.520728798957563,-0.043970801096755,0.0571776033816462,-1.2333796249638296,0.006786938194057512,0.010697389727319918,0.021461695533338432,61.038417790960885,1
2024-06-27,2.089044530530168,29.460959638408703,-0.0602321663380855,-0.0162613652413305,-1.2476128638869524,-0.13063135241766133,0.03144290962992116,-0.10467917742951383,27.117728941064883,0
2024-06-28,2.1059254954440916,29.523600258371797,-0.0166857479660151,0.0435464183720704,-1.218047321390863,0.008080710902624633,0.03117931974403641,-0.10096456232667361,25.09728778438142,0
2024-07-01,2.1178053096756035,29.56051156402084,0.0816649160562725,0.0983506640222877,-1.1981973665496914,0.0056411369999616046,0.03103889280666222,-0.0782142477198301,26.906435847320708,0
2024-07-02,2.147876183865795,29.46151709852455,0.0342982248416774,-0.0473666912145951,-1.2255280004041171,0.014199073943580665,0.03134612007459839,-0.07012955922429154,31.786168186174166,0
2024-07-03,2.1624085580352648,29.28524582496293,-0.0470965947989263,-0.0813948196406038,-1.280159036771521,0.006765927327949672,0.03130089378647121,-0.07103975086656666,34.6597179401022,0
2024-07-04,2.1876473671832284,29.239604380236877,-0.0442710516343645,0.0028255431645618,-1.2878531301012668,0.011671619155491753,0.03139509231638645,-0.05973537764519299,36.49569127771867,0
2024-07-05,2.179207107438582,29.472382065311745,-0.0102436386120068,0.0340274130223576,-1.1972440615096396,-0.0038581445397728453,0.03139300311751246,-0.06176590634967827,38.97714986913007,0
2024-07-08,2.1658570091650273,29.523216118850748,-0.0074590890340253,0.0027845495779814,-1.1729494747915434,-0.006126126437448254,0.031146983190025623,-0.07257487750095892,36.60579251918451,0
2024-07-09,2.1893744422957058,29.321886268147185,-0.0279261660754741,-0.0204670770414487,-1.2372944356481428,0.010858257507841973,0.0313251627030024,-0.08269472084713192,37.26058258029054,0
2024-07-10,2.2038589464455813,29.06064363401025,-0.0449204381905339,-0.0169942721150597,-1.3211316600175558,0.006615818596424017,0.031380641194742084,-0.082850631600759,38.9700238284319,0
2024-07-11,2.2170278781583828,29.005801198459064,-0.046760636355561,-0.0018401981650271,-1.3327020137830174,0.0059753968075138,0.031411681548799766,0.06126405912263366,40.66346109313079,1
2024-07-12,2.17737234135076,28.8994139453936,-0.1145936239836267,-0.0678329876280656,-1.361951562470438,-0.017886801153156107,0.03157188932995584,0.033926578153517406,36.673967682936215,0
2024-07-16,2.186012634994364,29.155992119358498,-0.0734447998984535,0.0411488240851731,-1.264544872561845,0.003968220537900136,0.031376419393414394,0.03220660794792707,31.75016027808799,1
2024-07-17,2.190196542039038,29.1801673750635,-0.0283437786167368,0.0451010212817166,-1.2480022318434731,0.0019139445846270142,0.03134318722211252,0.019703350915262652,30.225823386078247,0
2024-07-18,2.145396541792646,29.343228805592663,0.0565170343164815,0.0848608129332184,-1.1835760380545814,-0.020454785397790665,0.031508345889658555,-0.007867160985561172,60.480437147439815,0
2024-07-19,2.140172289122792,29.64862832165584,0.1285654246393548,0.0720483903228732,-1.0711497232269838,-0.00243509885845572,0.03150137789721384,-0.02170143084877718,56.65795351356401,1
2024-07-22,2.11479707233348,29.9899087974454,0.2180989704103666,0.0895335457710118,-0.9475934255817964,-0.011856623374799868,0.03154999922226101,-0.029556637772170657,49.44432362008321,0
2024-07-23,2.117266711574995,30.369537763982564,0.2427091289248082,0.0246101585144415,-0.8120443173774016,0.0011677901742079833,0.03149567624347783,-0.02243467476588623,43.70386003896725,0
2024-07-24,2.090433192325379,30.52795343829549,0.2695572126464007,0.0268480837215925,-0.7531536630232778,-0.01267366038625084,0.030915666367754,-0.045191561598106555,35.90831529739346,0
2024-07-25,2.018630703882299,30.737146068072764,0.2787834524960217,0.009226239849621,-0.6772039409682122,-0.03434813832208994,0.031377101078701744,-0.0840472312722288,22.012111788508562,0
2024-07-26,2.0091061961725076,31.725733094769677,0.415420954622764,0.1366375021267423,-0.3342429082458967,-0.004718301218481158,0.012415006065597577,-0.0937839726934735,21.933352056817213,0
2024-07-29,2.0548801021907757,31.80815620818112,0.3636494821471459,-0.0517714724756182,-0.3032169946713068,0.02278321877931133,0.013429382955301106,-0.05625690968591757,33.45870645477655,0
2024-07-30,2.0668258372100263,32.38172677280914,0.4024378017653127,0.0387883196181668,-0.1037950110070166,0.005813348918272565,0.013434014012042283,-0.054522465184491,31.081313707484384,0
2024-07-31,2.155368150893481,32.445661124011565,0.3835415371432127,-0.0188962646221,-0.0795153245490356,0.042839755575620364,0.0163616981575735,-0.015901947828450225,43.90727681331768,0
2024-08-01,2.080779407286298,32.49623627879199,0.3518180421438543,-0.0317234949993583,-0.0597909526653664,-0.03460603404400453,0.018031410924082062,-0.03011897019856069,35.16975215252833,0
2024-08-02,1.9522594678619782,33.90669963194958,0.4361933074359783,0.0843752652921239,0.4271087172616306,-0.061765288033070465,0.02215606476902516,-0.08780266066235021,29.46891385117891,0
2024-08-05,1.77462842825604,38.05459150969409,1.249287060302592,0.8130937528666138,1.8413874392020029,-0.09098741357390949,0.02925682462092206,-0.16085167155168023,21.320727606028683,0
2024-08-06,1.9406143188293277,53.50515351925576,4.224685349289324,2.975398288986732,6.484028696631449,0.09353275757923307,0.03729686636410635,-0.08343417094309236,35.80333664680755,0
2024-08-07,1.994925084792187,57.648884251693005,5.040644625536288,0.8159592762469643,6.955327940419855,0.027986378043228344,0.03786792633971906,-0.04568818935894803,41.53254235581164,0
2024-08-08,2.194383710112751,57.24308617451985,4.9493699791455725,-0.0912746463907154,6.255543771761096,0.09998301532277432,0.04442702224391237,0.0870654577345118,52.50338506685456,0
2024-08-09,2.214770496015479,56.935845466773046,4.605829166964689,-0.3435408121808834,5.733245574649107,0.00929043804361851,0.044453870436915864,0.10236606717692509,54.637959023877336,0
2024-08-13,2.2984019137094487,56.5918931532012,3.707460328701416,-0.8983688382632735,5.302234187901546,0.03776076024329744,0.044956263487369835,0.1185090124037147,57.81472197031449,0
2024-08-14,2.324996497018727,56.82573398942116,0.6641160940330906,-3.043344234668325,5.053334999291684,0.011570902003974037,0.04499113865135006,0.12491166655686925,60.12185916018937,0
2024-08-15,2.3385864962803162,56.87660656123504,-0.1544555380915966,-0.8185716321246872,4.804624489035212,0.005845169779401971,0.04498994950816187,0.08500559188038692,64.53704546425385,0
2024-08-16,2.4197855259972565,56.78622869534013,-0.0913714958359506,0.063084042255646,4.563465471207326,0.03472141391652306,0.04508779465578862,0.16292266134692368,67.51807598718194,0
2024-08-19,2.382759725533705,57.24534156417053,0.0618992194795069,0.1532707153154575,4.446333824651929,-0.015301273631799228,0.045320612883874144,0.22051385318325045,64.09131065779141,0
2024-08-20,2.4031843899918712,57.03655141312305,0.0889316519843603,0.0270324325048534,4.228552176147644,0.008571852310283345,0.04511838951972658,0.3541901796048228,64.35111946865595,0
2024-08-21,2.402171877310913,56.86276133903848,0.0074054699234693,-0.081526182060891,4.0405434019991615,-0.00042132126239458056,0.04513129034668208,0.23784095273501804,61.38015845279799,0
2024-08-22,2.404944769119451,56.84454738804532,-0.0064118346379444,-0.0138173045614138,3.896152929483688,0.0011543269799838551,0.04491469388380871,0.20553136929950244,66.0074712339777,0
2024-08-23,2.4160135061857764,56.830712026519286,0.0088966662358274,0.0153085008737718,3.7658742534154825,0.004602491170879519,0.043813439604955186,0.10099865171786093,75.90536240648072,0
2024-08-26,2.3884131831432556,56.86282094297105,-0.0765041242398965,-0.0854007904757239,3.653613975150898,-0.01142391090606698,0.043956879897478936,0.07840211319419832,91.19017829585181,0
2024-08-27,2.408346139610967,56.81399230127623,-0.0445118223693583,0.0319923018705381,3.538351483428072,0.008345690188110044,0.04384735549871725,0.047835074120729626,89.04213025527994,0
2024-08-28,2.427077020136682,56.638243423803054,-0.0449035830470734,-0.000391760677715,3.413453630723338,0.007777486889297469,0.04384233502670105,0.04390566749190783,88.35015379255626,0
2024-08-29,2.42810387418508,56.66737183379559,-0.0354351108499528,0.0094684721971205,3.3268499124476665,0.0004230825968349894,0.04313815911242174,0.03827841221487738,82.01668569892234,0
2024-08-30,2.4481132333124593,56.69679348211285,-0.0267837088812896,0.0086514019686632,3.2461958002020994,0.008240734401898209,0.0420202923670488,0.011706701693543042,81.99807074596663,1
2024-09-02,2.4510386089100398,56.667550772233234,-0.0390540341475684,-0.0122703252662788,3.162701299281045,0.0011949510985740375,0.03866452974347789,0.02865537915747729,76.88080063557581,1
2024-09-03,2.464021094316875,56.56234813778971,-0.0503288326973034,-0.011274798549735,3.074339433085428,0.005296728235794079,0.030219683605305837,0.02531503807130231,75.71654377876501,1
2024-09-04,2.366780397894926,56.45509560949305,-0.0366295628619894,0.0136992698353139,2.9910665585067417,-0.039464230499580255,0.026937168778935722,-0.014733117038904675,53.982723146622384,0
2024-09-05,2.348415271503826,56.80974403026632,0.0284744392941433,0.0651040021561328,2.972640587224348,-0.007759539671460147,0.026888281132870256,-0.023505528418568677,37.74206819416421,0
2024-09-06,2.3193377406265023,56.64289010907928,-0.0107806746067282,-0.0392551139008716,2.8881934313099067,-0.012381767070822836,0.01650649086766154,-0.04001457993167368,38.80144494819462,0
2024-09-09,2.299013688844061,56.65586356889904,-0.0023374406668352,0.0084432339398929,2.831068514654698,-0.008762868566503546,0.01663191081924887,-0.037430497758993764,31.59981954101066,0
2024-09-10,2.2954184611797026,56.68910255876675,0.0253508841954186,0.0276883248622539,2.779321635376593,-0.0015638130741909562,0.014349582282664598,-0.04689013617017124,31.314111106885477,0
2024-09-11,2.259456440102888,56.66420089858024,0.0418210578174296,0.0164701736220109,2.7228902257093184,-0.015666869324703625,0.014488805579372767,-0.06906273622266601,27.18485960074527,0
2024-09-12,2.3167014010677787,56.92207413136877,0.0224660202204987,-0.0193550375969309,2.70328826710004,0.025335722321906617,0.015608891924681706,-0.04588043958979726,36.396267294517514,0
2024-09-13,2.2944701075850626,57.17382390007262,0.1061867581986604,0.0837207379781617,2.683545471594035,-0.009596097914245427,0.013349625104913035,-0.06275981177533496,36.93961020069015,0
2024-09-17,2.2667752624498663,57.1932144034004,0.1074701669002706,0.0012834087016102,2.6370314246744777,-0.012070257548199348,0.013206227530802285,-0.07517765970325296,30.73397510131889,0
2024-09-18,2.2756130104519885,56.99206077115932,0.0605916424785277,-0.0468785244217428,2.566834783024058,0.003898819679446497,0.01304205316883226,-0.07646366514452296,28.81726384082087,0
2024-09-19,2.3314212435093,56.92335654307379,0.051831128898705,-0.0087605135798227,2.5151794689458824,0.024524483205616177,0.014388923382788923,-0.014939769831233685,38.27517878639912,1
2024-09-20,2.360609116369539,57.06839804998446,0.0292647837231285,-0.0225663451755764,2.4900237465476818,0.012519347561706473,0.014715597086680892,0.005192371644689997,39.61936005636526,1
2024-09-24,2.3814568081323757,57.15021409687912,-0.0047219606386903,-0.0339867443618189,2.459028067200326,0.00883148828760727,0.01482766910247493,0.026783105546798858,42.0821762810267,1
2024-09-25,2.3732051248663106,57.18033319725381,-0.0025762412293275,0.0021457194093628,2.423395747367353,-0.0034649728846168903,0.014627765339466142,0.0322709848933318,39.55343341075642,1
2024-09-26,2.4396441707620773,57.10805284521965,0.0231984148120716,0.0257746560413991,2.377727438308276,0.027995492340557426,0.0158426172089299,0.06283198990577588,59.02075595799956,1
2024-09-27,2.037190064895763,57.34092021778029,0.0835127349413014,0.0603143201292297,2.367257407811247,-0.16496426433392497,0.04019292104904559,-0.09837161330581079,30.251112784488384,0
2024-09-30,1.9537235478835178,57.10944240196412,0.0082088703959257,-0.0753038645453756,2.306618623012499,-0.040971394103336056,0.04080444960378862,-0.1566787385793278,28.297843314068828,0
2024-10-01,1.9924895530432778,57.54299889071753,0.0785569587676917,0.0703480883717659,2.319601979524368,0.0198421138966951,0.04115746238364986,-0.131612328939696,32.19512804289893,0
2024-10-02,1.9608485319471378,57.51930582850311,0.0677945262498482,-0.0107624325178434,2.2830653319379994,-0.01588014403780047,0.041104026469957845,-0.1349612092431658,31.17925907172649,0
2024-10-03,1.9869965647469408,57.50305637170113,0.0790007052963019,0.0112061790464537,2.2485672333155216,0.013335059987442222,0.04130250492534633,-0.12683019668960405,34.50204956399,0
2024-10-04,1.9915266900985564,57.50494334055905,0.0328046245557516,-0.0461960807405503,2.2170922695270976,0.0022798858498240815,0.04077665135284782,-0.14578856324527945,30.32354774402515,0
2024-10-07,2.0295457702303805,57.44428543878205,0.0669686073635844,0.0341639828078328,2.180180561593459,0.019090419586564877,0.041215124136628166,-0.14024488164661164,34.269869858192976,0
2024-10-08,1.9983668478943901,57.37577290784632,-0.0334451965742346,-0.100413803937819,2.143491214799263,-0.015362512535231576,0.041243335681660886,-0.1608637028098857,34.12866568458644,0
2024-10-09,2.0064764059606186,57.53615056974018,0.0033689482474059,0.0368141448216405,2.131339068773816,0.004058092774493982,0.04130643491818403,-0.15452887534378257,34.07188997026505,0
2024-10-10,2.014322805644825,57.75790064048631,0.050968853757034,0.0475999055096281,2.125646651337782,0.003910536730408198,0.04135473118970621,-0.1743374588042459,30.103903602508765,0
2024-10-11,2.0130806600311404,57.87256342874949,0.0735240176380926,0.0225551638810586,2.1090176537103456,-0.0006166566799540307,0.041299141580086435,-0.011834636973774959,27.40211815191377,0
2024-10-15,2.0256950712267305,57.90612597579517,0.0923681074026276,0.018844089764535,2.084570057579138,0.006266222435118429,0.04078208570668182,0.03683813066653152,26.61637714016362,0
2024-10-16,1.9994182816169837,57.94146372151765,0.1131381627342591,0.0207700553316314,2.0609988787605795,-0.012971739914356406,0.04080552024073769,0.003477422786545059,26.000294932198102,0
2024-10-17,1.997324115613525,57.88652215563584,0.0700743171791415,-0.0430638455551175,2.0292134960212755,-0.0010473876440526553,0.04079347775880649,0.01860193843232083,19.041998116624242,0
2024-10-18,2.0002686365845794,57.91367178707016,0.031154229316769,-0.0389200878623725,2.0064513020450487,0.0014742329239587626,0.04076787017353846,0.006679463907039551,44.1371794678077,0
2024-10-21,1.993365130566807,58.1695684129032,0.0594009968307389,0.0282467675139699,2.006428463567801,-0.003451289437582772,0.04015675796937312,0.0009231312225896904,58.3170667480052,0
2024-10-22,1.9735055800938328,58.59544216824271,0.1378632384895013,0.0784622416587623,2.022536556007916,-0.009962826262204794,0.0398967098259318,-0.02761218345432359,45.67382385663528,0
2024-10-23,1.9664391711510922,58.88597363012096,0.1889019817206687,0.0510387432311674,2.025027789671789,-0.003580637933845887,0.039715920481227435,-0.0159768847131041,51.43472140085314,0
2024-10-24,1.965646061031938,59.16410407052462,0.2555163829777598,0.066614401257091,2.026098995957676,-0.0004033229864364163,0.03974305617886753,-0.020349277373701624,43.70112456436759,0
2024-10-25,1.952661693003378,59.394830248248574,0.296231692235672,0.0407153092579122,2.022517920204957,-0.006605649046371731,0.038810730547425086,-0.03061133621118295,39.0787513238694,0
2024-10-28,1.9882124203746716,59.459680016916565,0.2580223208026737,-0.0382093714329982,2.003485445226953,0.01820629118637207,0.014188854503055284,-0.012353325005906135,38.22174001967326,0
2024-10-29,2.005869812784881,59.45332837775775,0.1715772419030159,-0.0864450788996578,1.97849229451632,0.008881039183369355,0.010791628897139171,-0.009786891780234175,52.31654420541437,0
2024-10-30,2.022421944228606,59.68061699049972,0.1589286720757385,-0.0126485698272773,1.975561582240028,0.008251847322406691,0.0100321102678433,0.01150517769249304,54.67924978943274,0
2024-10-31,2.0098634775102613,59.639972931844106,0.0951737722638981,-0.0637548998118404,1.94828138599202,-0.006209617510422483,0.009399264735934176,0.00627808065737212,48.726617121760455,0
2024-11-01,1.9653921718506577,59.39553335723795,0.0001406217978825,-0.0950331504660155,1.9033636265046217,-0.022126530561514923,0.01030594267933763,-0.017435890407936694,39.07864811493385,0
2024-11-05,1.9792959650064443,58.98137418219634,-0.0956611669440476,-0.0958017887419302,1.84452063990005,0.007074309827282299,0.01042893537656561,-0.0070579972252058365,39.436321542051246,0
2024-11-06,2.024082329435265,58.72490834337248,-0.1456840068770546,-0.0500228399330069,1.801497288843108,0.022627421679543902,0.010797744691634144,0.02562787247808407,55.178785037560004,0
2024-11-07,2.0401184400660775,58.52317195437844,-0.2314890072242548,-0.0858050003472001,1.7644199463921857,0.007922657293928825,0.010307341186657661,0.037468369220826636,58.48865500861438,0
2024-11-08,2.0397346019414773,58.26258015832358,-0.275478554704101,-0.0439895474798461,1.7230605205941136,-0.0001881450199469059,0.010286585998455132,0.037691699629099906,57.90878687313824,0
2024-11-11,2.056666846395817,58.11150538316227,-0.2568055948151411,0.0186729598889598,1.692252377186482,0.008301199792474456,0.010401049704468344,0.05326327328748337,62.19517941487989,0
2024-11-12,2.058510214416168,57.72706375152152,-0.2508620861349584,0.0059435086801826,1.642102706450815,0.000896289072574552,0.010393467063452953,0.03535728542941552,67.59787278892776,0
2024-11-13,2.028109818616294,57.58718268843957,-0.2275451309865843,0.023316955148374,1.6142737005248555,-0.014768153972214315,0.010902182355492689,0.011087462251867741,61.64240237899973,0
2024-11-14,2.0295333329684246,57.58808910565366,-0.1870165697449479,0.0405285612416363,1.5992124701070614,0.0007018921456145577,0.010457935695992505,0.003516273525469016,62.03222547866961,0
2024-11-15,2.0414802768156477,57.55173466950709,-0.1421690977633076,0.0448474719816403,1.5812435548453931,0.005886547243719953,0.010508293802932717,0.015730819361199577,66.79329305342526,0
2024-11-18,2.020628080541665,57.517111019261804,-0.1188788727801011,0.0232902249832065,1.5637317153199046,-0.01021425311368096,0.01080980535286597,0.028104268187349124,56.48967192708484,0
2024-11-19,2.03253277600221,57.611957945333735,-0.0230211612375441,0.0958577115425569,1.5576096465440334,0.005891581719162042,0.010829103818197884,0.02689684207767895,55.46382568559283,0
2024-11-20,2.0219241554634753,57.56834214601697,-0.0037681084845146,0.0192530527530294,1.5396540385468362,-0.005219409332035796,0.010625730327204767,-0.0010662481166917592,49.89544530959948,0
2024-11-21,2.0084435942509486,57.428164075521146,-0.0319850060265025,-0.0282168975419878,1.5137229408736177,-0.006667194304049717,0.010721811854201322,-0.01552598378263903,49.702920915089045,0
2024-11-22,2.0158688310099273,57.42032285021506,-0.0262823638584137,0.0057026421680888,1.4993678609681813,0.0036970103518132458,0.010730511512746066,-0.011700429511189214,62.49868477663256,0
2024-11-25,2.036144910400145,57.50191899422547,-0.003038405007274,0.0232439588511397,1.4926165196084606,0.010058233491342383,0.010729917982511796,-0.009978250017320778,63.6459191527824,0
2024-11-26,2.013251185496127,57.542564382835,-0.0138787124997392,-0.0108403074924652,1.4824961005972386,-0.011243661876461863,0.010426992418243965,-0.02198630281408509,47.09476758996837,0
2024-11-27,1.994708860898563,57.43316827906934,-0.0270347733895235,-0.0131560608897842,1.460008139086205,-0.009210139664214023,0.010462538723854596,-0.01646900843886223,37.981398740582726,0
2024-11-28,2.0110543441759225,57.42414156588202,-0.0008045019278313,0.0262302714616922,1.4462081303187546,0.00819442054816788,0.010460096941480562,-0.009105043259119316,43.00056050625601,0
2024-11-29,2.003378891983204,57.475241398171775,0.0109837095913505,0.0117882115191818,1.4375475593167506,-0.003816630920465691,0.010401618402106419,-0.018663606631495577,36.37962971525846,0
2024-12-02,2.0320355065912667,57.482879259981495,-0.0038079468488021,-0.0147916564401526,1.425403777335876,0.014304141229967149,0.009493402444714234,0.005645485262455452,44.04880446918792,0
2024-12-03,2.064106580010965,57.53757881729976,-0.0009971131070471,0.0028108337417549,1.417294486010877,0.015782732789692888,0.009941457008331505,0.015534216412911972,58.0313155917986,0
2024-12-04,2.0558728556337162,57.6378983853637,0.0409460212588683,0.0419431343659155,1.413024629923124,-0.0039890015646405486,0.008767736050890217,0.01679029358173878,55.703350042096446,0
2024-12-05,2.05696140501292,57.562936632984965,0.0277590134205993,-0.0131870078382689,1.3945454472446497,0.0005294828307211841,0.00860671513278448,0.024156919766554763,53.51756944470634,0
2024-12-06,2.043565653639381,57.53863845295327,0.0126794109562879,-0.0150796024643113,1.3804813222802537,-0.006512398016264576,0.008746298785190064,0.013739397228329508,55.39459091924954,0
2024-12-09,2.048442696034803,57.518299438199655,0.0070840356436363,-0.0055953753126516,1.3669501366702734,0.002386535703776449,0.008553340317815185,0.006039739888769047,53.869704134816914,0
2024-12-10,2.0549061767232657,57.50473925162416,-0.0065679131351146,-0.0136519487787509,1.3541858719373718,0.003155314376611207,0.008582965626228723,0.020690409387179365,58.187167709764445,0
2024-12-11,2.0600166105061724,57.56489210779784,-0.0146012555131775,-0.0080333423780629,1.3474838339064978,0.002486942635529843,0.007862954948197791,0.03274049205265461,63.35708061523612,0
2024-12-12,2.08009678437082,57.56747157229033,0.0009069878610716,0.0155082433742492,1.3362560282681393,0.009747578617685937,0.00811259777470725,0.0343314641868564,65.6112930842647,0
2024-12-13,2.0577517439575423,57.68890203875974,0.030052717161304,0.0291457293002324,1.33474579494191,-0.010742308041227333,0.008458488941589999,0.02714057345413745,55.19947808766131,0
2024-12-16,2.0531384835517543,57.639420405877694,0.0242241935355949,-0.0058285236257091,1.3195661699904933,-0.0022418935711436827,0.008111137579649586,0.01038514184030559,60.52444164445561,0
2024-12-17,2.047249624267964,57.67598135414011,0.0342484205031965,0.0100242269676016,1.3114852434943862,-0.0028682231281366155,0.00805975528891345,-0.008166708011226542,64.85503727989155,0
2024-12-18,2.038535894573883,57.619307906822975,0.0108831598050329,-0.0233652606981635,1.2961830589690189,-0.004256310315453926,0.00802727837037615,-0.008432895552039965,58.120392703213035,0
2024-12-19,2.0332582783183097,57.63477505434714,0.0134606964113572,0.0025775366063243,1.2867252298366414,-0.0025889248600532433,0.00788783044374559,-0.011523369683478002,58.95582641092325,0
2024-12-20,2.025146710519549,57.67266393212261,-0.003247621327425,-0.0167083177387823,1.2791255120496587,-0.003989442898257756,0.00791842587650977,-0.009013139894492705,47.64518295094994,0
2024-12-23,2.0462385040427225,57.61122721490353,-0.0056386381948385,-0.0023910168674134,1.2638724875675102,0.010414945946193965,0.007942025353985393,-0.001076033025647738,43.396429585320675,0
2024-12-24,2.0467190946074396,57.72995460873881,0.0107946509197418,0.0164332891145804,1.2628137933646164,0.00023486537066319535,0.0074661489988951,-0.003984163466227542,46.41135623787373,0
2024-12-25,2.0569690684611994,57.79925020631766,0.0359884598989381,0.0251938089791963,1.257856542686095,0.005008002261163158,0.007126925211247044,-0.0014793774134782556,50.00280303099592,0
2024-12-26,2.085758359963466,57.887154172674606,0.0504758236654865,0.0144873637665483,1.2543738723171554,0.013995976868919735,0.00751839908504877,0.002721784695397522,63.870706350443726,0
2024-12-27,2.098119858085071,58.05392951441056,0.0762531164576003,0.0257772927921138,1.257024482328598,0.005926620436425667,0.007447081481782971,0.019617582269614076,65.56523359342863,0
2024-12-30,2.0831445003597038,58.183698871618745,0.1144943313430459,0.0382412148854456,1.2567415040097836,-0.0071375129822349725,0.00717225589558657,0.014614706727449578,58.39980375173245,0
2025-01-06,2.059493725540211,58.25313253222143,0.104635584696517,-0.0098587466465289,1.2517726159818046,-0.011353400983661555,0.006840827381497196,0.005980756389990738,49.85991365566541,0
2025-01-07,2.089050463612344,58.263713944573965,0.0928927476512626,-0.0117428370452543,1.2423176973982948,0.014351458179063137,0.007489163340086146,0.024779828097665213,52.28286616409175,0
2025-01-08,2.0766897621703184,58.021250881072135,0.0268193416795057,-0.0660734059717569,1.2135786569239493,-0.005916899403498155,0.007639862099030517,0.021360534623240612,55.08753488003445,0
2025-01-09,2.049975723605976,57.94066941129597,-0.0226520206229139,-0.0494713623024196,1.197607202437046,-0.012863759937076003,0.008066975663115178,0.012260352772198502,49.240533690751214,0
2025-01-10,2.027872524060869,58.21801852097881,0.0068639298720114,0.0295159504949253,1.2091439050470016,-0.010782176242666308,0.008408243282853136,-0.008975483525291983,45.68317360710179,0
2025-01-14,2.0039571981829107,57.9978051125732,-0.0510654839296549,-0.0579294138016663,1.1825959385616696,-0.011793308304245409,0.008727287106236999,-0.020892899537213072,42.78523670934042,0
2025-01-15,2.0112402315924793,58.029931151323176,-0.0467565586501592,0.0043089252794956,1.175538774763773,0.0036343258309969872,0.008756647993754547,-0.022231173803177073,45.444112574542025,0
2025-01-16,2.0068839171951316,58.15351985933066,0.0264537956517116,0.0732103543018709,1.1754928913514924,-0.0021659841171228766,0.008372305829554432,-0.037815714553682045,46.16148253586342,0
2025-01-17,1.9964371155687615,58.16312303743563,0.0444907252279307,0.018036929576219,1.1667847960047424,-0.00520548375362484,0.00814808567047003,-0.04846374344367255,39.042292101397614,0
2025-01-20,2.0244256454320295,57.02646348548966,-0.2383110070978347,-0.2828017323257654,1.0715293557008116,0.01401923939652594,0.008849188917535885,-0.028187605284959893,45.624472814139374,0
2025-01-21,2.0258090216210474,45.05848410701169,-2.5878642011122963,-2.3495531940144616,0.1557453242331118,0.0006833425530541337,0.00883831575714304,-0.016355817695112407,43.66369456693266,0
2025-01-22,2.0478528922878203,36.10600329396392,-4.384785571471859,-1.7969213703595628,-0.5276982710683247,0.010881514709186968,0.009141707991105573,-0.019720716201984678,42.07461374754068,0
2025-01-23,2.0627848539277522,36.01744294621206,-4.427215382623707,-0.0424298111518481,-0.5343431531560661,0.007291520643970761,0.009245593147440069,-0.006695707994454736,42.69062085300643,0
2025-01-24,2.0597428575357766,36.30574334807361,-4.371475937872411,0.0557394447512962,-0.5124967469461624,-0.001474703668772559,0.009194537412906356,0.004764511997547016,44.90774159377779,0
2025-01-27,2.0615434121962,36.59680429636251,-4.085931837825434,0.2855441000469767,-0.4906812614540934,0.0008741647792762652,0.008917534827812344,0.016604045735530093,50.49288744443965,0
2025-01-28,2.0562035863221753,35.46008022646684,-1.9196807761089616,2.1662510617164727,-0.577387703247035,-0.0025902078231456738,0.008942800243286567,0.02607160880813164,41.06010524775647,0
2025-01-29,2.072308987866511,35.078935916313846,-0.2054134755300154,1.7142673005789462,-0.6061827931649828,0.007832590922157934,0.009043316599082744,0.03036373045584817,48.83150828392757,0
2025-01-30,2.074648647231123,35.14647055138436,-0.1741944789655392,0.0312189965644762,-0.6005993743785987,0.0011290108658077447,0.008465159588889425,0.03376614335058359,57.564675668447386,0
2025-01-31,2.140211406601792,33.81096306797013,-0.4989560560207025,-0.3247615770551633,-0.7013512995551812,0.03160186157698108,0.011012135163456838,0.07201543685590672,77.19550764290159,0
2025-02-03,2.083484502615576,33.173287376670174,-0.6847033839384622,-0.1857473279177597,-0.7484175001625614,-0.026505280651824226,0.012518634734578354,0.02917314217828082,66.61311381458384,0
2025-02-04,2.1098446941771183,33.91615151173961,-0.3087857429454388,0.3759176409930234,-0.6906692009192072,0.012651973906429248,0.012515279631275975,0.0414825245910031,69.07773276193359,0
2025-02-05,2.1168642706491907,33.835830939652574,-0.24862099533226,0.0601647476131788,-0.6955330145374355,0.0033270583808586718,0.01214673763757804,0.03369938271507,71.06165687073239,0
2025-02-06,2.1552892098466643,33.70003057309897,-0.2892879956570766,-0.0406670003248166,-0.7046005004015309,0.01815181999632398,0.012635841941857007,0.04484440330399675,77.47644918776511,0
2025-02-07,2.1408067764603933,33.25102310202407,-0.1119879931892171,0.1773000024678594,-0.737257262156658,-0.006719484939703868,0.01232805158657175,0.039356329664179235,71.11693892992837,0
2025-02-10,2.133675907722233,33.09750648306719,-0.0151561787205878,0.0968318144686293,-0.7473622016493868,-0.003330925899791115,0.01202253849498355,0.03498955932690695,69.17218096933117,0
2025-02-12,2.1343015762074806,32.925741035798765,-0.1980820951881767,-0.1829259164675889,-0.7588056024190563,0.0002932350142694773,0.011554863706648337,0.037981642676246485,66.63160804257434,0
2025-02-13,2.1596419835618765,32.76628565402461,-0.2139090571255906,-0.0158269619374138,-0.7693515891196467,0.011872927254930943,0.011716176859101835,0.0421428446272758,67.91651951821257,0
2025-02-14,2.1538701926680544,33.092231530444,-0.1215598085309963,0.0923492485945942,-0.743328309306732,-0.002672568387609653,0.011729908309706319,0.03818552386817986,67.23748250577711,0
2025-02-17,2.204449411568743,32.92865311081898,-0.06447399824102,0.0570858102899762,-0.7544581529184891,0.023482946684932227,0.012334265015431759,0.030014794224906716,72.20349848666311,0
2025-02-18,2.2096219685088956,32.57188319759475,-0.1051246570944854,-0.0406506588534654,-0.7803392566300927,0.002346416712040389,0.01216198505370924,0.06054159065496689,73.84921788001499,0
2025-02-19,2.1968243928485687,32.57452459856524,-0.0702432874467007,0.0348813696477847,-0.7792645462428324,-0.005791748924800499,0.012352403286429335,0.04122564040448218,69.55731868566528,0
2025-02-20,2.168440638068629,30.497714945866143,-0.4537141416316927,-0.383470854184992,-0.934721353031557,-0.012920356707772696,0.012806217217475834,0.02436451317855215,63.61756775590897,0
2025-02-21,2.1676679181815555,30.762821733088728,-0.4658819594710586,-0.0121678178393658,-0.9129107052555072,-0.00035634818565366544,0.01278368389353064,0.005743409412684697,54.91016281898527,0
2025-02-25,2.157726806368738,30.563089867495677,-0.4731126486646602,-0.0072306891936015,-0.9261107531139716,-0.004586086147899127,0.012854107111791949,0.007903576396707912,65.94531922858187,0
2025-02-26,2.1511268043032064,29.90031568382011,-0.5343135027549302,-0.0612008540902699,-0.974231596087478,-0.003058775580880302,0.012908719552165894,0.008178794407254886,59.688697322575926,0
2025-02-27,2.166551101569993,29.794159490479792,-0.5560730216170882,-0.0217595188621579,-0.9801944404892868,0.007170333815715191,0.012902276858259381,0.015110107082344726,61.21865580237115,0
2025-02-28,2.1171963868267167,29.156981150907004,-0.2681467589918256,0.2879262626252625,-1.0258609359593602,-0.022780314162685222,0.014027608954885714,-0.01965399684680824,41.80366318550678,0
2025-03-03,2.1614790890066526,28.79026844252726,-0.3945106581122957,-0.12636389912047,-1.0508911006444497,0.020915727258682626,0.014706256104834501,0.0035326624438647425,53.942428553673324,0
2025-03-04,2.145010407599559,29.18462735107041,-0.2756925032850539,0.1188181548272417,-1.0188835659357167,-0.007619172209832548,0.013100176676377053,-0.026963197094591274,52.087268001587674,0
2025-03-05,2.1511565526942626,29.270758882157867,-0.1259113603324451,0.1497811429526088,-1.0102139706447286,0.0028653218058656282,0.011497954129529045,-0.026459465305772034,53.042022700549104,0
2025-03-06,2.1755446933858846,29.25730423034417,-0.1073710520271298,0.0185403083053152,-1.008956092737865,0.011337222602918695,0.011435402719560244,-0.009686572823916606,52.88005528658103,0
2025-03-07,2.1333190115073566,28.548434408573776,-0.1217093484666449,-0.0143382964395151,-1.0594561651778238,-0.019409245880768644,0.01234800968683282,-0.01619672032735664,46.712203480489244,0
2025-03-10,2.1268202455368237,28.467622945972977,-0.0645290993108567,0.0571802491557882,-1.0627312601066616,-0.003046316999697596,0.011638864105439241,-0.018844063844889458,35.54159338409116,0
2025-03-11,2.1005625272325448,28.3612691326567,-0.1646716436827446,-0.1001425443718879,-1.0679738653568542,-0.01234599790902935,0.011860446041669461,-0.026492825211916204,31.166905517434685,0
2025-03-12,2.118731255000009,28.649477592829417,-0.1242562578656851,0.0404153858170595,-1.0438956942081503,0.00864945819603924,0.012031539443631376,-0.015059804581669445,36.75997761015683,0
2025-03-13,2.12005146938403,27.637992283668844,-0.3238623893350691,-0.199606131469384,-1.1160774063702568,0.0006231155465825644,0.012032596570151996,-0.021462513463110566,40.96710160337977,0
2025-03-14,2.1352050334820505,27.67160082431854,-0.1753667168510446,0.1484956724840245,-1.1103679356300458,0.007147734060637401,0.011826322367305124,0.008505893344322946,44.248869555415595,0
2025-03-17,2.159809731106998,25.01248613441667,-0.6910273623112637,-0.5156606454602191,-1.3029102301451858,0.011523341898844519,0.012111781317370137,-0.0007723220215938298,50.350785863487076,0
2025-03-18,2.191660530789202,24.80390648723389,-0.7114725290845634,-0.0204451667732996,-1.3129712015360937,0.014747039622735159,0.011362549936478745,0.021748203656432707,56.29122681123372,0
2025-03-19,2.2002469321354,24.818232302888845,-0.7662490579881123,-0.0547765289035488,-1.306547501749667,0.003917760631983347,0.011386705165356519,0.02282045878048855,55.343337660746734,0
2025-03-21,2.2059359626597255,24.569159374654284,-0.6137665818029134,0.1524824761851988,-1.31890474904925,0.002585632749322553,0.011322180988324574,0.013969498933410485,66.33396418765774,1
2025-03-24,2.1984810029858854,24.404051409037287,-0.6535098830562447,-0.0397433012533312,-1.3249230350724088,-0.0033794995865843447,0.010931518641015874,0.03054488856426918,57.87899960956928,1
2025-03-25,2.2040769452271416,23.83810110091102,-0.2348770067011329,0.4186328763551117,-1.360070789085506,0.002545367566813672,0.010935386749136003,0.036324978498978755,63.18798103216863,1
2025-03-26,2.219117398702871,23.392624814779648,-0.282256334490846,-0.0473793277897129,-1.3859649473217726,0.006823923959777822,0.010932285552655035,0.05643958222301526,64.59420136627824,1
2025-03-27,2.2186658950159863,23.55697922840689,-0.2522506148963934,0.0300057195944525,-1.3674871383507892,-0.00020346092872258748,0.010888716987471599,0.04716720904557414,60.32109128382959,1
2025-03-28,2.0208690431991805,23.50185477933161,-0.2134609190645342,0.0387896958318592,-1.365084250320521,-0.08915125628475062,0.02293496890521878,-0.04678302749586849,34.57347898587119,0
2025-03-31,1.9419381309178356,24.54712085050768,0.0286138882940782,0.2420748073586125,-1.2844932499323076,-0.03905790558125011,0.023933001919514113,-0.09051444687212962,28.84168428797591,0
2025-04-01,1.9470730001243644,27.74383759950588,0.7811472997189739,0.7525334114248956,-1.0507678838101098,0.0026441981465710196,0.02327034695547818,-0.09849790373599099,31.541930477717756,0
2025-04-02,1.9426505286493667,27.602841477195632,0.8420433324831933,0.0608960327642194,-1.059120201477816,-0.002271343434331996,0.023268667849363062,-0.11361704910119841,28.101191914802968,0
2025-04-03,1.876181147323845,27.60632674675561,0.8098695036697414,-0.0321738288134518,-1.057244932624113,-0.034215820264767216,0.024098927056111448,-0.14728609779132384,23.8998499101765,0
2025-04-04,1.812001668293475,28.88087080123448,1.075803204380577,0.2659337007108355,-0.9641661816601248,-0.03420750662691319,0.024471023983603138,-0.17857920675597438,18.694448788742335,0
2025-04-07,1.6680488939733764,29.337726481802108,0.958121126258888,-0.1176820781216889,-0.9306061283819604,-0.07944406279475003,0.0290870950416257,-0.24127209118118287,11.312538265363855,0
2025-04-08,1.7789582420988148,38.819946300543975,2.215221740207617,1.2571006139487295,-0.2475352077165868,0.06649046591269081,0.033940294768622765,-0.19287834031788587,21.12412644566993,0
2025-04-09,1.712732508228313,42.32525284134953,2.9444822728307827,0.7292605326231651,0.002748737881798,-0.03722725598795884,0.03454588908099876,-0.2281920238967765,18.435604974825253,0
2025-04-10,1.8609313361606685,43.53482893481985,3.1857004376128515,0.2412181647820688,0.0867816256812673,0.08652771359239031,0.04057156717824071,-0.16123858921657974,31.142414224675434,0
2025-04-11,1.7944919293097004,49.363278319118585,4.096481503576811,0.9107810659639596,0.5051837088298925,-0.03570223444570553,0.04108443423581264,-0.1120196851207681,29.25597320452607,0
2025-04-14,1.8091386900629092,49.91939167070097,4.116333037779775,0.0198515342029637,0.5403761827668785,0.008162065548460218,0.04110408310971144,-0.06838500091254718,29.907471114547207,0
2025-04-15,1.8347931700369726,49.84177717692271,2.2043661752757515,-1.9119668625040236,0.5295195891621359,0.01418049379794728,0.04117285537751134,-0.05766595812289532,30.65636820792001,0
2025-04-16,1.8215769874337295,49.82765868421832,1.5004811685737494,-0.7038850067020022,0.5232931776337225,-0.007203091236151038,0.04084515436789107,-0.06232389172941666,30.26745203272918,0
2025-04-17,1.8468603911701054,49.93998965579149,1.2810321441943344,-0.2194490243794149,0.5262882037750156,0.013879953419918545,0.04106355665454537,-0.01562789189922431,39.56362242718381,0
2025-04-18,1.8697401599700072,50.37909779770395,0.2031638957170685,-1.077868248477266,0.5530453880940982,0.012388466886447125,0.0412535075684474,0.031864480417896024,45.35771769850755,0
2025-04-21,1.8429718979528291,50.595702071893626,0.1352620802385402,-0.0679018154785282,0.5634711282036714,-0.01431656793295144,0.04126960085724552,0.10486683250799511,43.487545411817024,0
2025-04-22,1.842316992911675,50.88793594359247,0.2092317533339525,0.0739696730954122,0.5793517991877315,-0.00035535270064701585,0.04123579216723707,0.03561564814366269,43.693512225789455,0
2025-04-23,1.8862692871835642,51.19017587572483,0.2725034383012925,0.06327168496734,0.5958802999942425,0.023857074781916454,0.041733418205048486,0.10132158881877085,50.65256407970785,0
2025-04-24,1.9000368419727638,51.70822239485964,0.3536465478136321,0.0811431095123396,0.6281419315521202,0.0072988278411489915,0.041833790981312846,0.021013943422960812,56.091980475761275,0
2025-04-25,1.9300452550408165,51.49295550557269,0.2227715415737492,-0.1308750062398829,0.6065824549246424,0.015793595368864377,0.03730909919673977,0.07553855412615884,71.52432315810192,0
2025-04-28,1.9498330017102206,51.6265257667543,0.2061647389721344,-0.0166068026016148,0.6107162486129873,0.010252478079321392,0.03632242846370015,0.07776867103672358,66.51015735168367,0
2025-04-30,1.96140043671324,51.385326399490175,0.0994780911795345,-0.1066866477925998,0.587311983274006,0.005932526012675687,0.036338527843424034,0.0690035633137418,76.8641161637121,0
2025-05-01,1.9708597272647679,51.24449687075159,0.0108641990053541,-0.0886138921741803,0.5713850383664941,0.004822722772193755,0.036339630486921015,0.08195247352205004,66.95976123976683,0
2025-05-02,1.9802216780452178,50.975567518037856,-0.1465309753643566,-0.1573951743697108,0.5461010633249251,0.0047501862516834414,0.0353641623065797,0.0722097282029095,84.77975136852378,0
2025-05-07,1.983458390182684,50.88323664405412,-0.121943772303716,0.0245872030606406,0.5338585989155867,0.0016345201011340738,0.03425447499052479,0.06082033891516825,84.10031136730572,0
2025-05-08,1.9806908937894638,50.6444770586475,-0.196409741621359,-0.074465969317643,0.5108829703450442,-0.0013952883543805195,0.027990682090847735,0.07472658481098526,81.34734993812212,0
2025-05-09,2.005634447163059,50.67632927187152,-0.1417994255237289,0.0546103160976301,0.5080698570143486,0.012593359949200966,0.02454573435900041,0.08864785749670068,87.64898817103418,0
2025-05-12,2.049172827925363,50.544196858786535,-0.1400600023930138,0.001739423130715,0.4931135329462712,0.02170803399587018,0.022498218583913387,0.08636282308611087,88.50727819682238,0
2025-05-13,2.0782393449800876,50.21480545363499,-0.152152412880568,-0.0120924104875541,0.463614178436137,0.014184512237629177,0.013390248116272421,0.0937889724402925,88.77171750502308,0
2025-05-14,2.0714245348804967,49.88711867722371,-0.199223593366085,-0.047071180485517,0.4342941604273619,-0.003279126687718459,0.009529913403312256,0.07325179524699288,95.88746537473816,0
2025-05-15,2.046358235242989,49.62955619091624,-0.2029841735462483,-0.0037605801801632,0.4102077147346936,-0.012100995819745664,0.010459045954819111,0.0495043593210831,87.32391818705378,0
2025-05-16,2.0464321388371123,49.6227095435826,-0.2107239456577829,-0.0077397721115346,0.4048248393674973,3.6114690404875915e-05,0.010371086159424999,0.043352545728174485,84.89994052155555,0
2025-05-19,2.04290955015786,49.50481229156917,-0.2078769134434708,0.0028470322143121,0.3912687505715268,-0.0017213317814945839,0.010085533053777256,0.03655756008221123,82.58733308430322,0
2025-05-20,2.0472624116728055,49.45473391824167,-0.1520143070786659,0.0558626063648048,0.3827586871740921,0.0021307167097091018,0.009931011206281778,0.03385516600028704,80.27935302139723,0
2025-05-21,2.0388616327244344,49.26451277927661,-0.1245211795894221,0.0274931274892438,0.3637128851094641,-0.004103420695106164,0.009988174207879771,0.027932646742666156,74.43524479165917,0
2025-05-22,2.024032844842368,49.019781496318295,-0.1219549389195862,0.0025662406698359,0.3405054389971031,-0.007273072210521425,0.009400936155621554,0.021882238762648276,66.88806564504497,0
2025-05-23,2.039464271476603,49.03531842998736,-0.1174782227190505,0.0044767162005356,0.336802818897811,0.007624098923867395,0.009342526713210423,0.01686739293962347,67.92120414750065,0
2025-05-26,2.0518830994147907,49.0613507086681,-0.0886923165802144,0.028785906138836,0.3337942463669177,0.006089259866855157,0.008249605950640303,0.0013226173275837638,68.42546956663196,0
2025-05-27,2.065161802984425,49.06569947673803,-0.0778068883007279,0.0108854282794865,0.3290879434283427,0.006471471778007887,0.008235569467582027,-0.00629260630025652,69.97590238337261,0
2025-05-28,2.0646890326059357,49.11634262546574,-0.0296340307621747,0.0481728575385531,0.3278644722605136,-0.00022892655568484965,0.007817915584407245,-0.0032516281240965172,70.7700043406881,0
2025-05-29,2.10500985831038,49.12670595981131,0.0213848926986059,0.0510189234607807,0.3235611110151809,0.019528764413279998,0.008491592750962555,0.028661464086431776,72.83573716010126,0
2025-05-30,2.093860553417486,49.21214586107851,0.0353654862182253,0.0139805935196193,0.3249110021997488,-0.005296557091586829,0.008716311309916399,0.02317614822415992,62.06482451166616,0
2025-06-02,2.069378350399633,48.98359854443398,-0.0155504328468225,-0.0509159190650478,0.3022350181321444,-0.011692375109648379,0.009326283917404681,0.01295642298002253,47.5469813960206,0
2025-06-03,2.062729824884233,48.949300044101705,-0.0232798865272627,-0.0077294536804402,0.294344803006378,-0.0032128129271845607,0.009394128911054404,0.007555168855363892,47.590796447711504,0
2025-06-04,2.0724543885881603,48.896984332589774,-0.0438716585751919,-0.0205917720479291,0.2849674633756174,0.004714414649273468,0.009411585929515041,0.01647623130699527,57.90284482974938,0
2025-06-05,2.0471928353984485,48.87022457533329,-0.0512962768955986,-0.0074246183204067,0.2774827505894976,-0.012189196215276366,0.009926352500732462,0.011442497395779183,50.199874319305586,0
2025-06-06,2.0605556100753426,48.811365270602735,-0.0801561180951608,-0.0288598411995621,0.2674742143698189,0.006527364909565625,0.009665198008252674,0.010341607300366595,54.40856327945588,0
2025-06-09,2.074488199832128,48.87032071677216,-0.0226555655323608,0.0575005525628,0.2666204390484228,0.006761569398399114,0.008522234664859057,0.011016758422438544,56.49118214328526,0
2025-06-10,2.0749711992466713,48.98436822296166,0.0070136357719903,0.0296692013043511,0.2699773104471128,0.00023282822943149206,0.007904557414819357,0.004749940778524309,58.94705351952726,0
2025-06-11,2.0742411956359113,48.922752671833095,0.0051536678486669,-0.0018599679233233,0.259762527373211,-0.00035181385217541994,0.007868619905071157,0.0046264415023891114,63.37483591447221,0
2025-06-12,2.066481115572267,48.94531196349277,0.0150174776318934,0.0098638097832264,0.2561282599789853,-0.0037411657236251505,0.007394270116462624,-0.01830335501090663,57.50360650697481,0
2025-06-13,2.0425609984769415,48.93671301774052,0.0250695494275561,0.0100520717956626,0.2500230500424157,-0.011575289469171524,0.007874144233287205,-0.0244999863323353,47.56637439428843,0
2025-06-16,2.059127359115251,48.8504541645297,-0.0039733104484938,-0.0290428598760499,0.237815712165329,0.008110583062470367,0.008069792854107348,-0.004953657354346164,48.45123475101067,0
2025-06-17,2.06404287601177,48.7464512673982,-0.0475833911126883,-0.0436100806641945,0.2241205567391782,0.0023871844909248985,0.0080728469803602,0.0006365599176860748,49.83785883605303,0
2025-06-18,2.0804982086056056,48.66605899492483,-0.0513387353816554,-0.003755344268967,0.2122345280601708,0.007972379249035377,0.008166264897086961,0.003881301350581179,43.012320921988184,0
2025-06-19,2.064500053386783,48.72631207356447,-0.0437999779856639,0.0075387573959915,0.2115165208419026,-0.007689578944432118,0.008189087460885595,0.008454122000171038,41.855200365512886,0
2025-06-20,2.047108451756914,48.89393885015119,-0.0085548335178629,0.035245144467801,0.2193597324484945,-0.008424122635084852,0.008293718938640879,-0.006525986608988954,43.56919541930121,0
2025-06-23,2.038982364703668,48.98898921791728,0.027707010677517,0.0362618441953799,0.2213961154415366,-0.003969543990828495,0.008223742072025007,-0.017115467386767058,43.20054740822454,0
2025-06-24,2.0572972360774036,48.9287279115007,0.0364553288204945,0.0087483181429774,0.2109615600344638,0.008982358891758802,0.008350476536035425,-0.00851769083623155,45.86362995558837,0
2025-06-25,2.0571206312568044,48.87881761032703,0.0425517230804359,0.0060963942599414,0.2012901134561425,-8.584312344472877e-05,0.008350473591413034,-0.008253892756120873,53.139063289762184,0
2025-06-26,2.074970424571908,48.7860873270686,0.0119550507008341,-0.0305966723796018,0.188273573689338,0.008677076610815071,0.0072896522010986444,0.0041080989976964855,54.432051542701906,0
2025-06-27,2.106525769950976,48.77887594075495,-0.023012581879243,-0.0349676325800771,0.1821535784643438,0.015207612120822445,0.00801400892658853,0.03131596633918421,58.88733359555888,0
2025-06-30,2.115873228734931,48.818462732447614,-0.0341052970939372,-0.0110927152146942,0.179830537455277,0.004437381643886962,0.007537694478284853,0.027558212642107893,60.814501431165965,0
2025-07-01,2.0948217071738138,48.802917828331466,-0.0251620166338497,0.0089432804600875,0.1729236606497134,-0.009949330269518941,0.007884888543235167,0.014911914631112744,54.913485388808304,0
2025-07-02,2.0909538606959646,48.64915068036733,-0.0459333859919439,-0.0207713693580942,0.1544726358664521,-0.0018463845703925452,0.00784993885744155,0.005025552075512918,55.95337852119403,0
2025-07-03,2.0963739521474594,48.53402739013388,-0.050411987386937,-0.0044786013949931,0.1391609898076277,0.0025921621482793977,0.00726934323976835,0.015439039930460474,64.38567567928254,0
2025-07-04,2.093824494434366,48.55735578687298,-0.0443040307763951,0.0061079566105419,0.1353347078087473,-0.001216127356706398,0.0071770109345014425,0.022820502078118254,60.026932908196976,0
2025-07-07,2.0796501026468937,48.52655596959077,-0.0583813525713665,-0.0140773217949714,0.1269425718693731,-0.0067696179050105165,0.007225601767830379,0.019945115096243526,54.2811471374116,0
2025-07-08,2.0805406670039326,48.56171193284074,-0.0482411790981487,0.0101401734732178,0.1240415682498053,0.0004282279773435427,0.007225853126279282,0.011298042168591316,50.012733919039334,0
2025-07-09,2.085857470041437,48.655010110028776,0.001171885932294,0.0494130650304427,0.126015587365584,0.0025554910422207477,0.007244260348265973,0.013969447560824744,56.843902725280486,0
2025-07-10,2.0737756999073564,48.88609147170224,0.0704128163136701,0.0692409303813761,0.1396071207971852,-0.005792231879506504,0.007318677957758883,-0.0005757791293810044,58.84646591437724,0
2025-07-11,2.079887432968067,48.91186279922746,0.0709014024708949,0.0004885861572248,0.1357621568220949,0.0029471524143056538,0.006790067042385742,-0.012645625969972762,63.7534626927717,0
2025-07-14,2.0789310807629335,48.85740090502031,0.0661689870859092,-0.0047324153849857,0.1250191431986627,-0.0004598095983342487,0.0065800923889925735,-0.017459528042748085,58.23520688350173,0
2025-07-15,2.08227156617182,49.12679981923212,0.1130175772782777,0.0468485901923685,0.1420443699882796,0.0016068283551087248,0.006570614977643432,-0.00599103062519124,59.34884360079422,0
2025-07-16,2.0765106269884557,48.83103284996115,0.0352045479864671,-0.0778130292918106,0.1104511421499971,-0.0027666608318316355,0.006359825275966494,-0.006907485611710951,50.629040403977314,0
2025-07-17,2.0914701633049066,49.01582305496019,0.0259463166515914,-0.0092582313348756,0.1202271989143266,0.007204170362540729,0.006293127253390827,-0.0023391765755959026,42.88682046085598,0
2025-07-18,2.0879304394037317,49.40169658265965,0.0979667566864392,0.0720204400348478,0.1474836117806544,-0.0016924572787505587,0.0059520260835282945,-0.002814970904343461,36.0315689598939,0
2025-07-22,2.09155005240158,49.71510144712821,0.1715401084215884,0.0735733517351491,0.1685449510414021,0.001733588882818493,0.005836678881149198,0.005722092259433875,48.019323051500905,0
2025-07-23,2.1753399237445015,49.84371934662253,0.1433839054780747,-0.0281562029435136,0.1734438437376279,0.040061136116112284,0.010369549567540255,0.04556472182641058,75.96313178414758,0
2025-07-24,2.2172482923002708,50.25003904265101,0.2838012385379755,0.1404173330599007,0.2030084735796492,0.019265204531175417,0.010967385157087773,0.06299127536083438,80.37049674417219,0
2025-07-25,2.1919289423197688,50.5153337390437,0.2999021368166978,0.0161008982787222,0.2202218463485194,-0.0114192668761669,0.01140979090371165,0.05697493823352762,72.11856158798324,0
2025-07-28,2.175330611024903,50.384664119122725,0.1965935072926186,-0.1033086295240792,0.2021476869655641,-0.007572476905797654,0.011242460680870415,0.045888626732378146,71.33882856250086,0
2025-07-29,2.1553361168779577,50.45003386716037,0.1469864840064332,-0.0496070232861853,0.2016536823024774,-0.009191473721562149,0.011476335345262134,0.03675207746039599,65.37119973646867,0
2025-07-30,2.1609830720613545,50.79764015386641,0.1907841614487679,0.0437976774423347,0.2267655998489451,0.002619988195426526,0.011186482971993584,0.0378007879319231,65.41812699880128,0
2025-07-31,2.1768260978097285,50.47903007711382,0.0457982068925701,-0.1449859545561977,0.191522627647727,0.007331397433512299,0.01122522202609495,0.048309635172327337,70.82762164536831,0
2025-08-01,2.208139312282665,50.39348169767987,-0.0243704082727731,-0.0701686151653433,0.1773929147008221,0.014384802949782394,0.01155867881512454,0.055783319802851006,73.52466279739892,0
2025-08-04,2.1788167470975957,49.831506957853904,-0.1106314322537613,-0.0862610239809882,0.1194095978205648,-0.013279309426703412,0.012074961199462242,0.04352937529845069,66.59470306461796,0
2025-08-05,2.1910746547925672,49.910763401411565,-0.1078540931497613,0.002777339104,0.1205948326527378,0.005625947070261983,0.0119149772747387,0.047584136117952314,67.5560268263344,0
2025-08-06,2.2151185375218754,50.30407644443912,-0.098712741885464,0.0091413512642972,0.1509534064304585,0.010973557051886296,0.01204275209346463,0.018286159943638358,71.11915612108928,0
2025-08-07,2.2299124151566723,50.44011243427328,-0.0077835285680976,0.0909292133173664,0.1576292237190114,0.006678594117742964,0.0120662840567796,0.005711639467884444,71.10456925777981,0
2025-08-08,2.2512004601634144,50.56396743880545,0.0340971482251148,0.0418806767932125,0.1632024037681814,0.009546583472089587,0.011937185643193134,0.02704080260052466,73.61171052588449,0
2025-08-12,2.292226984465961,50.23451087307078,0.0806007830433728,0.0465036348182579,0.1261239697317517,0.018224287453978416,0.0123362708679175,0.05373729071278177,76.18802174694706,0
2025-08-13,2.3132978532963815,50.0205178297114,0.0219508856599688,-0.0586498973834039,0.1002033815529002,0.0091923134023002,0.01230250726725837,0.07328867881972578,71.52717353702761,0
2025-08-14,2.2737883990096326,50.00050697428904,-0.060713894030016,-0.0826647796899848,0.0939696508110672,-0.01707927676950427,0.013278668135490144,0.05220093040371365,58.88915731326361,0
2025-08-15,2.319764358000689,50.06982857994012,-0.0740567708666333,-0.0133428768366172,0.1019068838974269,0.02021998133646985,0.013608043254628685,0.0656636101224537,68.87231141876018,0
2025-08-18,2.329080708331034,50.123295837035336,-0.0881343203540225,-0.0140775494873892,0.1100073857263087,0.004016076158000148,0.01360744569096839,0.054770727270529784,73.19683882248317,0
2025-08-19,2.325267838351992,50.05190987170917,-0.0365202002723279,0.0516141200816946,0.1060765644778856,-0.0016370707830791753,0.013605914288808332,0.0672158828637075,76.9543354865499,0
2025-08-20,2.3098879505560275,50.13486865227263,0.0228701645122484,0.0593903647845763,0.1167209271297787,-0.006614243547472309,0.013852848731055143,0.0542260372112735,72.91165520121152,0
2025-08-21,2.293223640062846,50.02728190410289,0.005354985962775,-0.0175151785494733,0.1090683046865102,-0.0072143371669478595,0.01138015821651804,0.03526001034163584,67.86467436294137,0
2025-08-22,2.306522428291938,50.01747700282074,-0.0104703154238805,-0.0158253013866556,0.1108609214829993,0.005799167598292909,0.010728418076159218,0.03435561532127851,65.98367285456658,0
2025-08-25,2.310964514273384,50.01623775052696,-0.0214116173016734,-0.0109413018777928,0.1135011593366555,0.001925880245931877,0.010252333632945554,0.026547637657124312,73.35749924288632,0
2025-08-26,2.282587968126564,49.93151736814177,-0.0240785007134789,-0.0026668834118055,0.1081335758505726,-0.01227909211567535,0.010550168396297481,-0.0042050880670714275,65.30325776657293,0
2025-08-27,2.2821935558269364,50.08993601210263,-0.0089865280340077,0.0150919726794711,0.1262432394705667,-0.00017279171937079063,0.010213209852361354,-0.01344586795216296,62.179956982396334,0
2025-08-28,2.264969455219064,50.05512553911068,0.0055687270015596,0.0145552550355674,0.1257375543703854,-0.0075471690663114765,0.010478164455845946,-0.0038785244020110854,56.310212111649335,0
2025-08-29,2.254004271572296,50.112302721890615,0.018965143813979,0.0133964168124194,0.1339949322550598,-0.0048412059692467535,0.010530333249532392,-0.02834774411529839,50.52416048644318,0
2025-09-01,2.2400464850515047,50.27827495956509,0.052407441807631,0.0334422979936519,0.1526904712151229,-0.006192440137238409,0.010236781109400073,-0.03822719537414798,39.14663621403498,0
2025-09-02,2.2551029055888763,50.35411477115106,0.0845194806018483,0.0321120387942173,0.1626945099777428,0.006721476825524597,0.009758091305313514,-0.030174989567156474,37.58503310712473,0
2025-09-03,2.2262134437834717,50.338524036014206,0.0497176047823231,-0.0348018758195252,0.163906821326767,-0.01281070665724704,0.010233640657882827,-0.03622448731870909,39.36892290388356,0
2025-09-04,2.257628040641488,50.29185311633495,0.0473455154448529,-0.0023720893374701,0.162112854607747,0.014111224126212685,0.010419441345271367,-0.015522079399278632,35.14855267644546,0
2025-09-05,2.279338165214452,50.43621419359165,0.0647822943402047,0.0174367788953517,0.1786893489791403,0.009616342542766887,0.010523857430858345,-0.011785822129471768,38.77582204380033,0
2025-09-08,2.305189884238982,50.19334327821238,-0.0169863362705413,-0.0817686306107461,0.157855163549403,0.011341765526089675,0.010606579285845703,-0.0024987964976250776,45.87933932745714,0
2025-09-09,2.289636053909295,49.07119297534128,-0.2565843591619554,-0.239598022891414,0.0520324829109391,-0.006747309814272295,0.00995144404367728,0.0030877608579158444,45.84660598354172,0
2025-09-10,2.3046129159399618,49.10377179347451,-0.2469504485079383,0.009633910654017,0.0582077233659389,0.006541153999167326,0.009839446450923524,0.009823601532737536,52.3520684036115,0
2025-09-11,2.3115666994349886,49.10586692890291,-0.2371972374864057,0.0097532110215325,0.0613873145283128,0.0030173325190232525,0.009009938812695682,0.020573012191644757,51.06975806327731,0
2025-09-12,2.322819977313405,48.6945942228695,-0.3483239941444367,-0.1111267566580309,0.0243973932995641,0.004868247098890555,0.007853786490143101,0.030530423836821807,52.443638308406385,0
2025-09-16,2.3291986733198784,48.97676832125701,-0.2433149913910739,0.1050090027533627,0.055031283391986,0.0027461000287465342,0.007825499565795976,0.039799258124022296,60.56547537848556,0
2025-09-17,2.316054160680998,42.36677588803526,-1.3408834174611997,-1.0975684260701255,-0.5849530655475305,-0.005643362581923883,0.0079211534735307,0.027028148002055552,57.25593648451412,0
2025-09-18,2.3259351304322733,39.364353400756734,-1.9478836785435616,-0.6070002610823622,-0.8712635132012851,0.004266294769363244,0.007828267205665665,0.0447943061916487,63.48874370824229,0
2025-09-19,2.317307983864051,37.33646129373062,-2.3538811270344557,-0.4059974484908935,-1.0607564340995703,-0.003709108846306819,0.007687374658372029,0.026434798889902966,64.15245743855284,0
2025-09-22,2.3299216262900355,27.283698967872308,-4.282179050999432,-1.928297923964976,-2.016103700852001,0.0054432309014667,0.007674986326770925,0.022192170449979898,70.2143729293191,0
2025-09-24,2.33951239553369,24.47774503849316,-4.899804656552774,-0.6176256055533429,-2.2552766121781445,0.004116348436546291,0.007711454763383793,0.01488923386718688,69.46359674811373,0
2025-09-25,2.3479800293593978,24.371557514720227,-3.599043674663005,1.30076098188977,-2.233625090403501,0.0036194011375503266,0.007104951145944998,0.025481768314438824,80.99686776821898,0
2025-09-26,2.3437352252784374,24.29227455823509,-3.014415768504332,0.5846279061586728,-2.210130306713537,-0.0018078535711049115,0.007133800373109266,0.016975653077306196,75.43820331704066,0
2025-09-29,2.254547406433713,24.218653548391405,-2.623561549067841,0.3908542194364912,-2.18674236546848,-0.03805370925981144,0.011225502280322317,-0.024666946887240027,44.76381667242407,0
2025-09-30,2.2595892278706096,25.277164929385325,-0.4013068076973987,2.222254741370442,-2.061092202086947,0.0022362898302821232,0.011181962368855655,-0.027221545388949386,39.44016481228778,0
2025-10-01,2.233363378621163,25.14695993436376,0.1338429791741191,0.5351497868715178,-2.0471462768523017,-0.011606467638439422,0.011407708168946432,-0.04114517829521103,37.58257768775419,0
2025-10-02,2.2330418970366646,24.916046854859136,0.1088978680277819,-0.0249451111463372,-2.0425928179218213,-0.00014394504162462685,0.011294796392491405,-0.03584210812234423,33.114643143146836,0
2025-10-03,2.269807198816095,25.02343472506221,0.1462320333654254,0.0373341653376435,-2.007856732619397,0.016464223903823516,0.011500924907446317,-0.02413134007127149,41.36285738863461,0
2025-10-06,2.3498530360969183,24.402838927377932,0.0368370757973046,-0.1093949575681207,-2.0386707830090014,0.03526547863738139,0.01355605799356451,0.014044336126007417,54.352640917332955,0
2025-10-07,2.352773444464282,25.99946287774097,0.1444595896711291,0.1076225138738244,-1.87279987097256,0.0012428046871451048,0.013440236250214524,0.009807977193908357,53.83856404052705,0
2025-10-08,2.3550995710434006,25.782274558262905,0.1270629247798353,-0.0173966648912937,-1.8710020135833088,0.0009886742748612676,0.013246210609136345,0.006662574449046721,56.58972889153226,0
2025-10-09,2.376459077130844,25.660339063020448,0.1488584416322567,0.0217955168524213,-1.860952659409947,0.009069470501402277,0.013221707794320919,0.0121291695054222,58.20891838287544,0
2025-10-10,2.338589711765141,25.79992862245944,0.1552987794794482,0.0064403378471915,-1.8283138567357449,-0.015935206177176697,0.013755040599143573,-0.0021954329387549043,53.157710365164974,0
2025-10-14,2.21451735057279,26.73109101583587,0.4656504176915845,0.3103516382121363,-1.7277331343912912,-0.05305435176087481,0.018260520537526942,-0.017755251340774936,37.132669787434295,0
2025-10-15,2.2509042619703616,27.485663531273403,0.2972401307064842,-0.1684102869851003,-1.6447245692967194,0.01643107984146508,0.018667311342592897,-0.0038436038697318153,40.677444714141906,0
2025-10-16,2.272161334811631,28.0148795402149,0.4465209963904009,0.1492808656839166,-1.5828977351042053,0.009443792523926131,0.018805234085898268,0.01737198548246144,42.23208376375823,0
2025-10-17,2.2459889358643523,28.07597450720276,0.4831270888364649,0.036606092446064,-1.5626304894912937,-0.01151872384513064,0.018925968488115206,0.005797938159991078,40.41613334243872,0
2025-10-20,2.3115032438622225,28.04725693764893,0.4494656630378983,-0.0336614257985665,-1.5504889432424072,0.029169470495480132,0.020098630002128724,0.018369862016419658,55.85629512043961,0
2025-10-21,2.3106030988504163,29.257839499961715,0.5053496968251672,0.0558840337872688,-1.4321461225205052,-0.0003894197484672901,0.020081103034559022,-0.016703145534452624,55.29039082083287,0
2025-10-22,2.317857931731783,29.447167417243072,0.3923007771939311,-0.113048919631236,-1.4033502167422929,0.003139800550330918,0.020055125935560646,-0.014840150807826302,59.12141032102409,1
2025-10-23,2.3004755546562854,29.606473594003173,0.3183188107576598,-0.0739819664362713,-1.3775629819154869,-0.0074993280811263,0.020095778921753595,-0.023193930761455928,57.02101966848765,1
2025-10-24,2.2939885539396574,29.58562648191939,0.3019303949433265,-0.0163884158143332,-1.3675820596898105,-0.0028198520534147287,0.020075401472141218,-0.03470311102127421,52.68712385623763,1
2025-10-27,2.265955137545844,29.670024023944208,0.3245534172590503,0.0226230223157237,-1.3487305364701998,-0.012220381983017892,0.020232704563190995,-0.031059135278788674,39.45837397479547,1
2025-10-28,2.249881630740982,29.97381102523168,0.1431943050539921,-0.1813591122050581,-1.3113891726229114,-0.007093479715697515,0.018388242344587396,0.01596929469035069,37.485467708398,1
2025-10-29,2.1827645629303007,30.301750193755076,0.170916555302405,0.0277222502484129,-1.2724993489793874,-0.029831377301647977,0.019549756600591803,-0.03027214448490756,31.893028689413057,0
2025-10-30,2.061750038553268,30.54423204134868,0.187551689469096,0.016635134166691,-1.241437442407786,-0.05544094238664654,0.022906150646369822,-0.09260402993161865,22.659448977816723,0
2025-10-31,1.794126675531406,30.2510312519882,0.1330809540137636,-0.0544707354553324,-1.2565453512504283,-0.12980398109251579,0.03628007384958285,-0.20118632514948276,16.194568499695762,0
2025-11-04,1.4625981074420285,29.6296275233136,-0.0080793001261199,-0.1411602541398835,-1.2995859904876006,-0.18478548511140191,0.052688147036207694,-0.3672524097356591,12.877186417735942,0
2025-11-05,1.244431468442732,29.2615557455484,-0.1424510559366574,-0.1343717558105375,-1.3205902716106337,-0.1491637640505724,0.05829553529054896,-0.46142569052128934,7.87142975886772,0
2025-11-06,0.9724675187047619,29.079401353061957,-0.2444697681386181,-0.1020187122019606,-1.3255346660974454,-0.21854473840837763,0.0714308348719078,-0.5804455892694922,5.035117956950941,0
2025-11-07,0.8130749386897834,29.01679034039084,-0.3054883401915731,-0.061018572052955,-1.3202526192451578,-0.16390529961070044,0.07577504978250482,-0.6465622349065712,4.61015780143984,0
2025-11-10,0.6822712711802336,28.429617969016185,-0.3642826565944013,-0.0587943164028281,-1.359848154085897,-0.16087529117590482,0.07843349053428152,-0.7025829662451836,0.44136089952864666,0
2025-11-11,0.6652647736782498,28.53252352258597,-0.2194208001455315,0.1448618564488697,-1.3401813324428296,-0.024926298703102256,0.07820976375964478,-0.7064086739163032,0.43707814938406386,0
2025-11-12,0.42698059227950796,28.21395873302248,-0.2095194025051796,0.0099013976403519,-1.3566310815251716,-0.3581794660211276,0.10306853594796848,-0.8102208638687871,0.0,0
2025-11-13,0.3665609026767824,28.4156781396844,-0.1327446426755081,0.0767747598296715,-1.3284699623376386,-0.1415045336842241,0.10190445609394853,-0.8320657624271284,0.0,0
2025-11-14,0.34296472670391204,28.35391756956257,-0.1325745541656537,0.0001700885098543,-1.3230482819251854,-0.06437177505991798,0.09977707305812601,-0.8336535854052557,0.0,0
2025-11-17,0.34492954853597885,27.927702315802836,-0.100383130642669,0.0321914235229847,-1.3487129356319196,0.005728932683398247,0.10051313495136349,-0.807745153538942,0.10207104033985104,0
2025-11-18,0.3338870588217525,27.875183448771804,-0.1314680147628379,-0.0310848841201689,-1.342213403212594,-0.0320137540001868,0.09779244252671791,-0.771716470079607,0.10233850982862691,0
2025-11-19,0.08637065859404142,29.0512777826952,0.1674638099345493,0.2989318246973873,-1.2311251759274306,-0.7413177410983429,0.17400739967279155,-0.930594282783507,0.09354853131733876,0
2025-11-20,0.08550063398290515,29.058891626956576,0.1286426974544312,-0.0388211124801181,-1.2207016996296316,-0.010073150133375064,0.17352461326579996,-0.9120786737465698,0.09922445315331174,1
2025-11-21,0.08727070489612225,29.089164391570662,0.1470493644016208,0.0184066669471896,-1.2084437926050349,0.02070243027169827,0.17463586593031125,-0.8926658531171145,0.21786365467227142,1
2025-11-25,0.08593580069870728,28.901739418763476,0.1948074205921273,0.0477580561905064,-1.2148951046691492,-0.015296131720305195,0.17420564847138395,-0.8740445269664507,0.2698364387503034,1
2025-11-26,0.08745324772713697,28.614495075316068,0.14786232530885,-0.0469450952832772,-1.2298151550824683,0.017657914583816936,0.17533592303949744,-0.8685436969049062,0.44988579897233194,1
2025-11-27,0.08694559370142176,29.04402272674046,-0.0014510111909409,-0.1493133364997909,-1.183445330226856,-0.005804861899459168,0.17538066004146188,-0.7963710874134864,0.5861812302266429,0
2025-11-28,0.016050371279215932,29.0113923669606,-0.0094998519991982,-0.0080488408082572,-1.1769946579987831,-0.8153975308474606,0.23234741387229674,-0.9562136300898176,0.6504209963291743,0
2025-12-01,0.01567213479561181,28.96498968004088,-0.0248349423059544,-0.0153350903067561,-1.171794668206571,-0.02356559091526511,0.23321992246918086,-0.9543039456382876,0.7757067158872246,0
2025-12-02,0.01577581515214257,28.94930325173273,0.009512766593847,0.0343477088998014,-1.164013306365553,0.006615586062965306,0.23611943295935917,-0.9542636598716998,0.8112711341074004,0
2025-12-03,0.015652682394929167,28.71219329056531,0.0195396430498497,0.0100268764560027,-1.1752699928408257,-0.007805159735069678,0.2381710060394108,-0.9531198290518788,1.2690789410820855,0
2025-12-04,0.0077139264879956355,28.69800596849569,-0.0692033516489587,-0.0887429946988085,-1.167390161146014,-0.5071818175717515,0.25164465468285657,-0.9106881131443889,1.4493003530816253,0
2025-12-05,0.00754195276752404,29.089379773060863,0.0155974812200554,0.0848008328690141,-1.124841723456388,-0.02229392783807571,0.25314563274650126,-0.9117906801833544,1.5473797811039987,0
2025-12-08,0.007711663675884167,29.54315270557976,0.1156326051077769,0.1000351238877215,-1.0772353229056422,0.022502250225022502,0.25610589921948435,-0.9116351393624779,1.0341268150866654,0
2025-12-09,0.0077275033606644455,29.56576194040422,0.1232917377342985,0.0076591326265216,-1.0670334793224665,0.0020539906103287375,0.25808667192968815,-0.9100781828081496,1.0730899544766856,0
2025-12-10,0.007759182730225003,29.46163862286452,0.149889066459842,0.0265973287255434,-1.0678475528593951,0.0040995607613469875,0.25881716447698994,-0.9112762197873492,4.204239043895313,0
