Date,RMT_Raw_S,RMT_Vel_S,RMT_Accel_S,RMT_Raw_L,RMT_Vel_L,RMT_Accel_L
2016-02-02,,,,,,
2016-02-03,,,,,,
2016-02-04,,,,,,
2016-02-05,,,,,,
2016-02-08,,,,,,
2016-02-09,,,,,,
2016-02-10,,,,,,
2016-02-12,,,,,,
2016-02-15,,,,,,
2016-02-16,,,,,,
2016-02-17,,,,,,
2016-02-18,,,,,,
2016-02-19,,,,,,
2016-02-22,,,,,,
2016-02-23,,,,,,
2016-02-24,,,,,,
2016-02-25,,,,,,
2016-02-26,,,,,,
2016-02-29,,,,,,
2016-03-01,,,,,,
2016-03-02,,,,,,
2016-03-03,,,,,,
2016-03-04,,,,,,
2016-03-07,,,,,,
2016-03-08,,,,,,
2016-03-09,,,,,,
2016-03-10,,,,,,
2016-03-11,,,,,,
2016-03-14,,,,,,
2016-03-15,,,,,,
2016-03-16,,,,,,
2016-03-17,,,,,,
2016-03-18,,,,,,
2016-03-22,,,,,,
2016-03-23,,,,,,
2016-03-24,,,,,,
2016-03-25,,,,,,
2016-03-28,,,,,,
2016-03-29,,,,,,
2016-03-30,,,,,,
2016-03-31,,,,,,
2016-04-01,,,,,,
2016-04-04,,,,,,
2016-04-05,,,,,,
2016-04-06,,,,,,
2016-04-07,,,,,,
2016-04-08,,,,,,
2016-04-11,,,,,,
2016-04-12,,,,,,
2016-04-13,,,,,,
2016-04-14,,,,,,
2016-04-15,,,,,,
2016-04-18,,,,,,
2016-04-19,,,,,,
2016-04-20,,,,,,
2016-04-21,,,,,,
2016-04-22,,,,,,
2016-04-25,,,,,,
2016-04-26,,,,,,
2016-04-27,,,,,,
2016-04-28,,,,,,
2016-05-02,,,,,,
2016-05-06,,,,,,
2016-05-09,,,,,,
2016-05-10,,,,,,
2016-05-11,,,,,,
2016-05-12,,,,,,
2016-05-13,,,,,,
2016-05-16,63.57416664249425,,,,,
2016-05-17,63.90010056811204,,,,,
2016-05-18,63.82741795971251,,,,,
2016-05-19,64.09224795491178,,,,,
2016-05-20,64.64337424599012,,,,,
2016-05-23,64.81791220251537,0.24874911200423355,,,,
2016-05-24,62.44788568458242,-0.29044297670592556,-0.5391920887101591,,,
2016-05-25,62.56408415133318,-0.25266676167588287,0.03777621503004269,,,
2016-05-26,60.483414888210454,-0.7217666133402503,-0.4690998516643674,,,
2016-05-27,53.86125506627765,-2.1564238359424976,-1.4346572226022474,,,
2016-05-30,54.428213556009425,-2.0779397293011925,0.07848410664130512,,,
2016-05-31,54.66957886253515,-1.5556613644094597,0.5222783648917328,,,
2016-06-01,54.39215419440194,-1.634385991386246,-0.07872462697678628,,,
2016-06-02,54.61021820677209,-1.1746393362876688,0.45974665509857715,,,
2016-06-03,55.652107613382725,0.358170509421015,1.5328098457086838,,,
2016-06-06,55.85231800430887,0.2848208896598905,-0.07334961976112453,,,
2016-06-07,55.928553700843835,0.2517949676617377,-0.033025921998152796,,,
2016-06-08,55.81416616669664,0.28440239445893667,0.03260742679719897,,,
2016-06-09,55.88939922102451,0.2558362028504888,-0.028566191608447866,,,
2016-06-10,56.066473475032964,0.08287317233005354,-0.17296303052043527,,,
2016-06-13,56.61175667987767,0.1518877351137533,0.06901456278369977,,,
2016-06-14,56.25748004267989,0.06578526836721466,-0.08610246674653865,,,
2016-06-15,56.5310050725397,0.1433677811685996,0.07758251280138495,,,
2016-06-16,56.74668684939056,0.17145752567321182,0.028089744504612213,,,
2016-06-17,57.889324925679176,0.3645702901292509,0.1931127644560391,,,
2016-06-20,57.96671999887423,0.2709926637993121,-0.09357762632993882,,,
2016-06-21,58.526669236510614,0.45383783876614103,0.18284517496682895,,,
2016-06-22,58.474469528212666,0.38869289113459615,-0.06514494763154488,,,
2016-06-23,58.588608685149595,0.3683843671518048,-0.02030852398279137,,,
2016-06-24,58.40638808109899,0.10341263108396248,-0.2649717360678423,,,
2016-06-27,64.73947332484188,1.3545506651935355,1.251138034109573,,,
2016-06-28,63.501857349680805,0.9950376226340296,-0.3595130425595059,,,
2016-06-29,63.4064635283699,0.9863988000314521,-0.008638822602577534,,,
2016-06-30,63.77430188639337,1.037138640248756,0.05073984021730382,,,
2016-07-01,63.50162606454036,1.0190475966882673,-0.01809104356048863,,,
2016-07-04,63.5282946180345,-0.2422357413614762,-1.2612833380497435,,,
2016-07-05,63.838699135209225,0.06736835710569267,0.30960409846716885,,,
2016-07-06,63.8311338555861,0.08493406544323534,0.017565708337542674,,,
2016-07-07,63.8748014395113,0.02009991062359262,-0.06483415481964272,,,
2016-07-08,63.64570790998185,0.02881636908828966,0.008716458464697041,,,
2016-07-11,63.36651732156574,-0.032355459293746947,-0.06117182838203661,,,
2016-07-12,64.81896641706406,0.1960534563709615,0.22840891566470845,,,
2016-07-13,64.03845881600988,0.04146499208475518,-0.15458846428620632,,,
2016-07-14,63.98498457519253,0.022036627136252207,-0.019428364948502974,,,
2016-07-15,63.29383282319628,-0.07037501735712937,-0.09241164449338157,,,
2016-07-19,62.67265996274739,-0.13877147176365412,-0.06839645440652475,,,
2016-07-20,62.46244882771249,-0.471303517870318,-0.33253204610666387,,,
2016-07-21,62.47984531428499,-0.31172270034497984,0.15958081752533815,,,
2016-07-22,62.313918198310844,-0.33421327537633516,-0.02249057503135532,,,
2016-07-25,62.49778916604373,-0.1592087314305104,0.17500454394582476,,,
2016-07-26,61.627366116581626,-0.20905876923315247,-0.04985003780264208,,,
2016-07-27,60.84071996064483,-0.3243457734135262,-0.11528700418037374,,,
2016-07-28,60.37546413652777,-0.4208762355514395,-0.09653046213791328,,,
2016-07-29,59.04149739272164,-0.6544841611178427,-0.2336079255664032,,,
2016-08-01,56.907788138722836,-1.1180002054641847,-0.46351604434634197,,,
2016-08-02,56.2030201899089,-1.0848691853345471,0.033131020129637534,,,
2016-08-03,55.57427822293266,-1.0532883475424342,0.03158083779211296,,,
2016-08-04,55.747437196471296,-0.9256053880112987,0.1276829595311355,,,
2016-08-05,55.50576514800389,-0.7071464489435471,0.2184589390677516,,,
2016-08-08,55.245311529501066,-0.33249532184434827,0.3746511270991988,,,
2016-08-09,55.77686740493395,-0.08523055699498627,0.247264764849362,,,
2016-08-10,54.96742084759792,-0.121371475066951,-0.036140918071964734,,,
2016-08-12,53.876711065349,-0.37414522622447066,-0.25277375115751965,,,
2016-08-15,54.025850760210716,-0.29598287755862884,0.07816234866584182,,,
2016-08-16,54.05423584200777,-0.2382151374986634,0.05776774005996543,,,
2016-08-17,54.17928933622878,-0.3195156137410322,-0.0813004762423688,,,
2016-08-18,54.18903748922445,-0.15567667167469068,0.16383894206634153,,,
2016-08-19,54.69589271409471,0.1638363297491452,0.3195130014238359,59.39988312872404,,
2016-08-22,54.35110044385091,0.06504993672803039,-0.0987863930211148,59.556019769543965,,
2016-08-23,54.70749713686851,0.13065225897215527,0.06560232224412488,59.41298736429955,,
2016-08-24,54.300591853890666,0.02426050353236775,-0.10639175543978752,59.53970508597385,,
2016-08-25,54.584018580677395,0.07899621829060521,0.054735714758237464,59.91071785093137,,
2016-08-26,54.5839886884831,-0.022380805122331537,-0.10137702341293675,59.97659597532912,0.11534256932100817,
2016-08-29,54.74108927434679,0.07799776609918041,0.10037857122151195,58.47944420539662,-0.21531511282946525,-0.3306576821504734
2016-08-30,55.1114830560137,0.08079718382903422,0.0027994177298538148,58.57724345442438,-0.1671487819750368,0.04816633085442845
2016-08-31,54.998235346707006,0.1395286985632609,0.058731514734226664,57.35850567220338,-0.4362398827540943,-0.2690911007790575
2016-09-01,55.01493658513361,0.08618360089125332,-0.05334509767200757,53.91265398004556,-1.1996127741771545,-0.7633728914230602
2016-09-02,55.022796593437945,0.08776158099097131,0.0015779800997179905,54.15018173939589,-1.1652828471866457,0.03432992699050885
2016-09-05,54.917906507203625,0.0353634465713597,-0.05239813441961161,54.144026568686066,-0.8670835273421176,0.2981993198445281
2016-09-06,54.593384582033636,-0.1036196947960093,-0.138983141367369,53.83773546326509,-0.9479015982318515,-0.08081807088973392
2016-09-07,54.45264871925205,-0.10911732549099185,-0.005497630694982547,53.8033694523662,-0.7110272439674432,0.23687435426440828
2016-09-08,54.14599839309423,-0.17378763840788025,-0.0646703129168884,53.89331027694718,-0.0038687406196658003,0.7071585033477774
2016-09-09,53.44380425220477,-0.3157984682466264,-0.14201082983874613,53.964865827057274,-0.03706318246772611,-0.03319444184806031
2016-09-12,53.51088850599572,-0.28140360024158184,0.03439486800504454,53.99461156548206,-0.029883000640808177,0.007180181826917931
2016-09-13,53.82473941894945,-0.15372903261684456,0.12767456762473728,54.05588574417787,0.04363005618255755,0.07351305682336573
2016-09-14,53.71976781588195,-0.14657618067401046,0.007152851942834104,54.0355660804365,0.04643932561405961,0.0028092694315020594
2016-09-15,53.67244599892315,-0.0947104788342159,0.051865701839794554,54.002592136105115,0.021856371831589172,-0.02458295378247044
2016-09-16,53.68932697403493,0.04910454436602407,0.14381502320023998,54.26835950003071,0.060698734594687664,0.03884236276309849
2016-09-20,53.55211486780668,0.008245272362195522,-0.04085927200382855,53.17359830552711,-0.1642026519909905,-0.22490138658567815
2016-09-21,51.827689530688325,-0.3994099776522262,-0.4076552500144217,53.19072625637378,-0.1730318975608185,-0.008829245569828004
2016-09-23,52.161060391303366,-0.3117414849157143,0.0876684927365119,53.571975064068425,-0.09271820327361269,0.0803136942872058
2016-09-26,51.9823080448343,-0.33802759081777367,-0.026286105902059376,53.492497714295254,-0.10201888436197493,-0.00930068108836224
2016-09-27,51.02641392094604,-0.5325826106177729,-0.19455501979999923,53.54730864753873,-0.1442101704983969,-0.04219128613642198
2016-09-28,51.028965690792816,-0.5046298354027741,0.027952775214998837,53.586663360108226,0.08261301091622641,0.22682318141462332
2016-09-29,50.9137476217831,-0.1827883817810516,0.32184145362172245,53.61227623046622,0.08430999481849,0.0016969839022635824
2016-09-30,50.957264597171246,-0.24075915882642107,-0.05797077704536946,53.69013556030154,0.023632099246626126,-0.06067789557186387
2016-10-03,51.23580848117349,-0.14929991273216103,0.09145924609426004,53.72233968961254,0.045968395063447076,0.02233629581682095
2016-10-04,51.221821821849616,0.03908158018072072,0.18838149291288175,53.72633584648889,0.03580543979003181,-0.010162955273415264
2016-10-05,41.16370061747418,-1.9730530146637335,-2.0121345948444542,53.76269785690228,0.03520689935881194,-0.0005985404312198739
2016-10-06,42.167814403661595,-1.7491866436242987,0.22386637103943485,53.74892396724573,0.027329547355904538,-0.0078773520029074
2016-10-07,42.30776150591767,-1.7299006182507242,0.01928602537357449,53.746500791765456,0.011273046292785693,-0.016056501063118844
2016-10-11,41.51803412787157,-1.9435548706603782,-0.21365425240965408,53.49719000430845,-0.04502993706082492,-0.056302983353610614
2016-10-12,41.39645873971132,-1.965072616427662,-0.021517745767283714,53.47260818560065,-0.05074553217764333,-0.005715595116818406
2016-10-13,41.81512355158236,0.13028458682163802,2.0953572032493,53.71865310028468,-0.008808951323523218,0.04193658085412011
2016-10-14,41.885284773805864,-0.05650592597114468,-0.1867905127927827,53.727202089558574,-0.004344375537421286,0.004464575786101932
2016-10-17,41.93513781875531,-0.07452473743246912,-0.018018811461324447,53.64742089401197,-0.019815979550706686,-0.0154716040132854
2016-10-18,40.930231491076114,-0.11756052735909606,-0.04303578992662693,53.70740618190308,0.04204323551893907,0.06185921506964576
2016-10-19,40.94290661031842,-0.09071042587857647,0.026850101480519584,53.5945753139124,0.024393425662331936,-0.017649809856607135
2016-10-20,40.69146758641372,-0.22473119303373323,-0.13402076715515676,53.68503378501161,-0.00672386305460293,-0.031117288716934866
2016-10-21,37.68651159153872,-0.8397546364534278,-0.6150234434196946,52.77374355630394,-0.19069170665093793,-0.183967843596335
2016-10-24,36.231177006117534,-1.1407921625275534,-0.3010375260741256,52.8447213307429,-0.1605399126538103,0.03015179399712764
2016-10-25,35.97929313084809,-0.9901876720456073,0.15060449048194613,52.32531467222255,-0.27641830193609707,-0.11587838928228678
2016-10-26,36.07981950043619,-0.9726174219764445,0.017570250069162796,52.402480269328166,-0.23841900891685697,0.0379992930192401
2016-10-27,36.5544784210778,-0.8273978330671881,0.14521958890925646,52.43013909290693,-0.25097893842094265,-0.012559929504085687
2016-10-28,36.218612951891345,-0.29357972792946896,0.5338181051377191,52.360179332891676,-0.08271284468244033,0.16826609373850232
2016-10-31,36.3149315501241,0.016750908801313358,0.3103306367307823,52.30615438200711,-0.10771338974716116,-0.025000545064720825
2016-11-01,36.078469246163635,0.019835223063111584,0.0030843142617982267,52.19217236975163,-0.026628460494180217,0.08108492925298094
2016-11-02,35.6166200695648,-0.09263988617428254,-0.11247510923739412,51.51119917422746,-0.17825621902014177,-0.15162775852596155
2016-11-04,36.34552457433375,-0.041790769348807544,0.050849116825474994,50.91757196661038,-0.30251342525931335,-0.12425720623917158
2016-11-07,36.16744460780234,-0.010233668817804187,0.03155710053100336,50.92183831568349,-0.28766820344163335,0.014845221817679999
2016-11-08,36.67992486255222,0.07299866248562381,0.083232331303428,50.19613860895136,-0.42200315461115423,-0.13433495116952088
2016-11-09,36.85165508931367,0.15463716863001054,0.08163850614438672,49.34407105790315,-0.5696202623696891,-0.14761710775853487
2016-11-10,43.631112227442785,1.6028984315755963,1.4482612629455858,51.14908828806952,-0.07242217723159428,0.4971980851380948
2016-11-11,51.58023090535612,3.0469412662044704,1.444042834628874,53.34735684394417,0.4859569754667561,0.5583791526983504
2016-11-14,50.79121757829612,2.924754594098758,-0.12218667210571255,53.07351354317595,0.4303350454985022,-0.05562192996825388
2016-11-15,50.37193007555955,2.738401042601467,-0.18635355149729094,53.23777842523959,0.6083279632576435,0.17799291775914128
2016-11-16,50.704083381171074,2.7704856583714843,0.03208461577001742,53.19173732304752,0.7695332530288681,0.1612052897712246
2016-11-17,50.852252091145104,1.4442279727404639,-1.3262576856310204,53.216442660792225,0.4134708745445437,-0.3560623784843244
2016-11-18,50.15863958127328,-0.2843182648165694,-1.7285462375570333,52.6263890343252,-0.1441935619237995,-0.5576644364683432
2016-11-21,50.021641179148645,-0.15391527982949782,0.1304029849870716,51.996076937034935,-0.2154873212282027,-0.07129375930440318
2016-11-22,50.424689037297114,0.010551792347513356,0.16446707217701118,52.13943572294477,-0.21966854045896156,-0.00418121923075887
2016-11-24,50.54518411044509,-0.03177985414519924,-0.042331646492712593,52.228772032573076,-0.1925930580948858,0.027075482364075754
2016-11-25,50.4552501829216,-0.07940038164469598,-0.047620527499496745,52.10993495678834,-0.22130154080077347,-0.02870848270588766
2016-11-28,49.881602790412714,-0.05540735817211839,0.02399302347257759,52.1611971700374,-0.09303837285756344,0.12826316794321002
2016-11-29,50.05409121993522,0.00649000815732137,0.06189736632943976,52.30767367457261,0.06231934750753254,0.15535772036509599
2016-11-30,49.558072040809094,-0.1733233992976011,-0.17981340745492247,52.24427381254086,0.020967617919211534,-0.04135172958832101
2016-12-01,49.94417344315741,-0.12020213345753916,0.05312126584006194,52.40497526590815,0.03524064666702742,0.014273028747815886
2016-12-02,49.755003589240516,-0.1400493187362173,-0.019847185278678126,52.25968968616283,0.02995094587489433,-0.00528970079213309
2016-12-05,49.501063538151286,-0.07610785045228852,0.06394146828392877,52.142827847035136,-0.0036738646004579323,-0.03362481047535226
2016-12-06,49.6403847233275,-0.0827412993215404,-0.006633448869251879,52.19993509892646,-0.021547715129223377,-0.017873850528765445
2016-12-07,49.556086806609045,-0.0003970468400140703,0.08234425248152633,52.180659084589394,-0.012722945590290635,0.008824769538932742
2016-12-08,49.063991596343385,-0.1760363693628051,-0.17563932252279102,52.12745106991531,-0.0555048391985693,-0.042781893608278665
2016-12-09,48.56692643251166,-0.23761543134577323,-0.06157906198296814,52.05258534798991,-0.04142086763458508,0.014083971563984221
2016-12-12,48.58570523301829,-0.18307166102659522,0.05454377031917801,52.046669201097814,-0.01923172918746019,0.02218913844712489
2016-12-13,47.99471374088422,-0.3291341964886598,-0.1460625354620646,51.89740257134939,-0.06050650551541992,-0.04127477632795973
2016-12-14,47.79794988160665,-0.3516273850004765,-0.022493188511816697,51.76326351316264,-0.08347911428534616,-0.02297260876992624
2016-12-15,47.867180515209,-0.2393622162268798,0.11226516877359671,51.653086604568344,-0.09487289306939317,-0.011393778784047015
2016-12-16,48.03762116732841,-0.10586105303664084,0.13350116319023897,51.578405248938644,-0.09483601981025913,3.687325913404038e-05
2016-12-19,47.98783564213049,-0.11957391817756502,-0.01371286514092418,51.39064533925641,-0.1312047723682781,-0.03636875255801897
2016-12-20,47.90553979359922,-0.017834789456998124,0.1017391287205669,50.90908016645059,-0.19766448097976763,-0.06645970861148953
2016-12-21,47.89813032252508,0.02003608818368008,0.0378708776406782,50.92654366587415,-0.16734396945769703,0.030320511522070603
2016-12-22,47.88322154474731,0.0032082059076614655,-0.016827882276018613,50.936147890791375,-0.14338774275538668,0.023956226702310346
2016-12-26,47.21614211151282,-0.16429581116311454,-0.167504017070776,50.92569202507278,-0.130542644773179,0.012845097982207676
2016-12-27,47.260521048065414,-0.14546291881301698,0.018832892350097552,50.88623502319332,-0.10088206321261595,0.02966058156056306
2016-12-28,47.36733830728029,-0.1076402972637851,0.03782262154923188,50.82348652738753,-0.01711872781260837,0.08376333540000758
2016-12-29,46.96258141871233,-0.18710978076254747,-0.07946948349876237,50.77171503003932,-0.0309657271669721,-0.013846999354363732
2016-12-30,47.58144994173922,-0.06035432060161128,0.1267554601609362,49.77791978218629,-0.23164562172101455,-0.20067989455404245
2017-01-04,47.83450276502133,0.12367213070169214,0.18402645130330342,49.69504483398818,-0.24612943821691857,-0.014483816495904023
2017-01-05,47.91606342525938,0.13110847543879345,0.007436344737101308,50.030043824287034,-0.1712382397812604,0.07489119843565817
2017-01-06,48.09348094990189,0.14522852852432067,0.014120053085527218,49.24429988679475,-0.3158373281185547,-0.1445990883372943
2017-01-10,47.65796999186121,0.13907771462977792,-0.00615081389454275,49.21391422981583,-0.3115601600446922,0.0042771680738624696
2017-01-11,47.715387489237074,0.026787509499570206,-0.11229020513020771,49.00523953732697,-0.15453604897187034,0.15702411107282188
2017-01-12,47.1752813058858,-0.13184429182710744,-0.15863180132667765,48.99655344300727,-0.1396982781961782,0.01483777077569215
2017-01-13,47.35710767142801,-0.11179115076627255,0.02005314106083489,49.02999353479833,-0.2000100578977424,-0.060311779701564205
2017-01-16,46.58765600560004,-0.30116498886037135,-0.1893738380940988,48.97408300472625,-0.054043376413694943,0.14596668148404746
2017-01-17,46.980642422574995,-0.13546551385724115,0.1656994750031302,42.99229798978031,-1.244323248007106,-1.190279871593411
2017-01-18,47.532258377521174,-0.03662582234318279,0.09883969151405836,43.907020135142886,-1.019643880436817,0.22467936757028895
2017-01-19,47.632955664519514,0.09153487172674346,0.12816069406992625,44.000761263432295,-0.9991584359149925,0.020485444521824547
2017-01-20,47.80102756518933,0.08878397875226085,-0.0027508929744826105,43.70260684420815,-1.0654773381180433,-0.06631890220305081
2017-01-23,47.92819771268564,0.26810834141711837,0.17932436266485752,43.71168549629188,-1.052479501686875,0.012997836431168253
2017-01-24,48.6523772254947,0.3343469605839502,0.06623861916683182,43.999502283997415,0.20144085884342644,1.2539203605303015
2017-01-25,48.273520816404435,0.14825248777665223,-0.18609447280729796,44.029363931291954,0.024468759229812065,-0.17697209961361438
2017-01-26,48.40163967107286,0.15373680131066436,0.005484313534012131,44.11662926371076,0.023173600055692134,-0.0012951591741199309
2017-01-27,48.84391353676348,0.20857719431483446,0.054840393004170096,43.79223061788798,0.01792475473596511,-0.005248845319727025
2017-01-30,48.72937912470691,0.1602362824042487,-0.04834091191058576,43.816543297914855,0.020971560324596794,0.0030468055886316847
2017-01-31,48.60217903499296,-0.010039638100344916,-0.17027592050459361,43.657425293705685,-0.06841539805834174,-0.08938695838293853
2017-02-01,48.913294541194844,0.1279547449580818,0.1379943830584267,42.358629931176985,-0.33414680002299946,-0.2657314019646577
2017-02-02,48.526799445812344,0.025031954947898782,-0.10292279001018301,41.62289475535465,-0.49874690167121827,-0.1646001016482188
2017-02-03,48.48869901322655,-0.07104290470739016,-0.09607485965528895,41.58007346268779,-0.4424314310400419,0.05631547063117637
2017-02-06,47.942515718283104,-0.15737268128476245,-0.08632977657737229,41.41217307951932,-0.48087404367910125,-0.03844261263905935
2017-02-07,47.82484514333318,-0.15546677833194877,0.0019059029528136762,41.7424182828471,-0.38300140217172185,0.0978726415073794
2017-02-08,47.778709173174995,-0.22691707360397118,-0.0714502952720224,41.74043512834834,-0.12363896056572798,0.25936244160599387
2017-02-09,48.089790776842946,-0.08740173379388239,0.1395153398100888,41.81577500719658,0.038576050368384074,0.16221501093411206
2017-02-10,48.27853683597301,-0.042032435450714445,0.04536929834316794,41.895428943431924,0.06307109614882478,0.024495045780440705
2017-02-13,49.427987854373924,0.2970944272181697,0.33912686266888414,42.33133224159795,0.1838318324157271,0.12076073626690231
2017-02-14,49.812845037525435,0.3975999788384499,0.10050555162028019,42.4349310810538,0.1385025596413385,-0.045329272774388585
2017-02-15,49.61636842316483,0.36753184999796673,-0.030068128840483155,42.28528270972127,0.10896951627459117,-0.029533043366747336
2017-02-16,49.26959203039179,0.23596025070976623,-0.1315715992882005,42.54953312794069,0.14675162414881981,0.03778210787422864
2017-02-17,49.185332440486036,0.18135912090261286,-0.05460112980715337,42.69930774916037,0.16077576114568615,0.014024136996866332
2017-02-20,49.19694756203114,-0.04620805846855802,-0.22756717937117088,43.32291629120758,0.19831680992193412,0.037541048776247976
2017-02-21,43.380576602911205,-1.2864536869228473,-1.2402456284542893,43.83950545316698,0.28091487442262775,0.08259806450069362
2017-02-22,32.439710500966285,-3.4353315844397088,-2.1488778975168614,43.69152044577069,0.28124754720988676,0.00033267278725901406
2017-02-23,33.18424952387187,-3.2170685013039844,0.2182630831357244,43.191011902674035,0.128295754946663,-0.15295179226322375
2017-02-24,32.259247649042294,-3.3852169582887512,-0.16814845698476688,43.37731610333141,0.13560167083421248,0.0073059158875494745
2017-02-27,32.60260735557557,-3.318868041291111,0.06634891699764012,43.578038650354415,0.051024471829371976,-0.08457719900484051
2017-02-28,33.34799821777372,-2.006515677027501,1.3123523642636101,43.24524300224364,-0.11885249018467192,-0.1698769620140439
2017-03-01,33.46815428266288,0.20568875633932038,2.2122044333668214,43.302967854321295,-0.07771051828987652,0.041141971894795404
2017-03-02,34.32796478986786,0.22874305319920296,0.023054296859882584,43.67565946420359,0.09692951230591262,0.17464003059578914
2017-03-03,34.38157235005326,0.42446494020219205,0.1957218870029891,43.823939322989034,0.08932464393151918,-0.0076048683743934475
2017-03-06,34.53989312829627,0.387457154544137,-0.03700778565805507,43.93726024551087,0.07184431903129251,-0.017480324900226663
2017-03-07,34.733847176123206,0.2771697916699054,-0.11028736287423158,43.66917508612248,0.08478641677577059,0.012942097744478076
2017-03-08,35.036925188763234,0.3137541812200695,0.036584389550164076,43.757135049944274,0.0908334391245944,0.006047022348823816
2017-03-09,35.207754165579914,0.17595787514240158,-0.1377963060776679,43.43384693355823,-0.04836250612907378,-0.13919594525366819
2017-03-10,35.24918268903748,0.17352206779684565,-0.0024358073455559293,43.66337897608557,-0.03211206938069466,0.016250436748379116
2017-03-13,35.88939557423592,0.26990048918793264,0.09637842139108699,43.84130370174822,-0.019191308752532166,0.012920760628162498
2017-03-14,35.92201003275683,0.23763257132672067,-0.03226791786121197,43.98074721736944,0.06231442624939376,0.08150573500192593
2017-03-15,36.691376100598944,0.33089018236714196,0.0932576110404213,44.000921278936616,0.04875724579846974,-0.013557180450924022
2017-03-16,36.46573740312314,0.25159664750864863,-0.07929353485849333,44.014625816683676,0.11615577662509224,0.0673985308266225
2017-03-17,36.594757370814705,0.26911493635544304,0.017518288846794405,43.78682486780821,0.02468917834453066,-0.09146659828056158
2017-03-21,36.783822881727815,0.17888546149838191,-0.09022947485706112,43.408801432367966,-0.08650045387605587,-0.11118963222058653
2017-03-22,36.197253664265006,0.05504872630163504,-0.12383673519674687,43.45655702231039,-0.10483803901180266,-0.018337585135746792
2017-03-23,38.50692889584411,0.36311055904903355,0.3080618327473985,44.13487273079916,0.026790290372503023,0.1316283293843057
2017-03-24,39.22446376402472,0.5517452721803124,0.18863471313127889,44.223036768574445,0.041682190378153905,0.014891900005650882
2017-03-27,39.79681325716055,0.6404111772691721,0.08866590508885963,44.39325062578723,0.12128515159579933,0.07960296121764543
2017-03-28,40.80318667372728,0.8038727583998906,0.16346158113071851,44.79128441949558,0.27649659742552757,0.15521144582972823
2017-03-29,41.79972098554856,1.120493464256711,0.31662070585682045,45.06031245906631,0.32075108735118363,0.04425448992565606
2017-03-30,41.715740911994445,0.641762403230068,-0.4787310610266431,45.02402881889962,0.17783121762009557,-0.14291986973108806
2017-03-31,41.85931058020063,0.5269693632351888,-0.11479303999487911,45.08572155583263,0.17253695745163355,-0.005294260168462017
2017-04-03,42.39854105851569,0.520345560271025,-0.006623802964163872,45.25839062264219,0.17302799937099422,0.0004910419193606685
2017-04-04,42.24135482023196,0.2876336293009345,-0.23271193097009046,44.830823178909995,0.007907751882882508,-0.16512024748811172
2017-04-05,42.38776725035734,0.11760925296175628,-0.17002437633917822,44.974297886365676,-0.017202914540128234,-0.02511066642301074
2017-04-06,42.31910614614823,0.12067304683075264,0.003063793868996356,44.91732741335903,-0.021340281108123804,-0.004137366567995571
2017-04-07,43.20312912532,0.26876370902387947,0.14809066219312683,45.116498672843676,0.006155423402212534,0.02749570451033634
2017-04-10,43.388225206910306,0.19793682967891613,-0.07082687934496334,45.2547240237313,-0.0007333197821779436,-0.006888743184390478
2017-04-11,43.134705820674846,0.17867020008858248,-0.01926662959033365,45.437231723382055,0.12128170889441492,0.12201502867659286
2017-04-12,43.03772256909329,0.12999106374719105,-0.04867913634139143,44.84824929578184,-0.025209718116762758,-0.14649142701117768
2017-04-13,41.267173686775664,-0.21038649187451597,-0.340377555621707,45.184010161384194,0.05333654960502798,0.07854626772179074
2017-04-14,41.6819632258272,-0.30423317989856,-0.09384668802404406,45.130314896462096,0.002763244723688274,-0.05057330488133971
2017-04-17,41.93444855528707,-0.2907553303246502,0.01347784957390985,45.154915853181336,-0.01996163410999685,-0.022724878833685125
2017-04-18,41.92243601229231,-0.24245396167650313,0.04830136864814705,44.8772489144246,-0.11199656179149287,-0.09203492768149601
2017-04-19,42.06662583566117,-0.19421934668642393,0.048234614990079194,44.856102920977946,0.0015707250392225092,0.11356728683071537
2017-04-20,41.671995514046756,0.08096436545421426,0.2751837121406382,44.39930407637935,-0.15694121700096986,-0.15851194204019237
2017-04-21,41.24771893235291,-0.08684885869485015,-0.1678132241490644,44.31315162616352,-0.16343265405971863,-0.006491437058748772
2017-04-24,41.36799723360566,-0.11329026433628542,-0.026441405641435267,44.355143856230825,-0.15995439939009515,0.0034782546696234817
2017-04-25,40.90407541519782,-0.20367211941889707,-0.09038185508261165,44.500773754144454,-0.07529503205603305,0.0846593673340621
2017-04-26,41.463706871238,-0.12058379288463072,0.08308832653426634,44.67734026396106,-0.03575253140337509,0.039542500652657964
2017-04-27,41.82592784331156,0.030786465852955303,0.15137025873758603,44.970217681878,0.1141827210997306,0.1499352525031057
2017-04-28,41.82461515122861,0.11537924377513775,0.08459277792218245,45.05273675970239,0.1479170267077663,0.0337343056080357
2017-05-01,41.001257555709046,-0.07334793557931363,-0.18872717935445138,44.779051064339185,0.08478144162167212,-0.06313558508609418
2017-05-02,40.69614444045982,-0.04158619494760529,0.031761740631708335,44.53717203606336,0.007279656383786914,-0.0775017852378852
2017-05-08,40.422873627640215,-0.20816664871956192,-0.16658045377195663,44.58331111189197,-0.018805830413818114,-0.02608548679760503
2017-05-09,41.14785544154732,-0.1356144803528494,0.07255216836671252,45.06158189875654,0.018272843375712,0.037078673789530114
2017-05-10,41.260546540327795,-0.11281372218015662,0.02280075817269278,45.09173496390787,0.0077996408410925255,-0.010473202534619475
2017-05-11,41.16395419578994,0.03253932801617765,0.14535305019633427,45.01512190311654,0.04721416775547027,0.039414526914377745
2017-05-12,40.11706511957803,-0.11581586417636203,-0.14835519219253968,44.86791094117117,0.06614778102155583,0.01893361326608556
2017-05-15,40.48943608318058,0.013312491108074198,0.12912835528443622,44.88144594509717,0.05962696664104783,-0.006520814380508
2017-05-16,40.067048902270656,-0.21616130785533727,-0.22947379896341147,44.683478718550006,-0.07562063604130742,-0.13524760268235525
2017-05-17,40.522553481635484,-0.14759861173845223,0.06856269611688504,44.615298973281185,-0.09528719812534092,-0.0196665620840335
2017-05-18,40.70505552754095,-0.09177973364980119,0.05581887808865105,44.698844511462895,-0.0632554783307242,0.03203171979461672
2017-05-19,41.57363791883098,0.2913145598505906,0.3830942935003918,45.11316962213474,0.04905173619270897,0.11230721452343317
2017-05-22,41.28399136758553,0.1589110568809886,-0.13240350296960202,45.16891399569244,0.057493610119053074,0.008441873926344101
2017-05-23,41.160559362405905,0.21870209202705837,0.05979103514606976,45.33095715209305,0.12949568670861566,0.07200207658956259
2017-05-24,38.82298225591414,-0.3399142451442785,-0.5586163371713369,45.54063836509391,0.18506787836254546,0.05557219165392979
2017-05-25,38.89183139637879,-0.3626448262324331,-0.022730581088154622,45.30906898694181,0.12204489509577598,-0.06302298326676947
2017-05-26,38.33577663440305,-0.6475722568855886,-0.2849274306531555,45.07094240037203,-0.008445444352531695,-0.13049033944830768
2017-05-29,38.36864528800659,-0.5830692159157849,0.06450304096980375,45.04936238805648,-0.023910321527196743,-0.015464877174665048
2017-05-30,38.50200138882833,-0.5317115947155173,0.051357621200267545,45.10505855923192,-0.04517971857222136,-0.02126939704502462
2017-05-31,38.653666392730244,-0.033863172636770855,0.49784842207874647,41.30717552405923,-0.8466925682069402,-0.8015128496347188
2017-06-01,38.80340704782009,-0.017684869711743545,0.01617830292502731,34.31693203758505,-2.1984273898713482,-1.351734821664408
2017-06-02,39.18867877753793,0.17058042862696965,0.1882652983387132,35.062064924489746,-2.00177549517646,0.19665189469488809
2017-06-05,40.20670628918173,0.3676122002350368,0.19703177160806717,35.17409662274049,-1.9750531530631932,0.02672234211326696
2017-06-06,40.07682934418541,0.3149655910714202,-0.05264660916361663,35.26038938033675,-1.9689338357790405,0.006119317284152714
2017-06-07,40.20582955831628,0.3104326331172018,-0.004532957954218375,35.49153398327229,-1.1631283081573827,0.8058055276216578
2017-06-08,39.457068187986465,0.1307322280332741,-0.1797004050839277,35.47890578234842,0.23239474895267165,1.3955230571100543
2017-06-09,39.20718641597098,0.0037015276866085856,-0.12703070034666553,35.57735995431709,0.10305900596546991,-0.12933574298720174
2017-06-12,38.24512448531796,-0.392316360772746,-0.3960178884593546,35.34829738312138,0.034840152076171194,-0.06821885388929871
2017-06-13,37.647939096683956,-0.485778049500297,-0.093461688727551,35.26971039189917,0.0018642023124826324,-0.03297594976368856
2017-06-14,37.51187064411528,-0.5387917828401996,-0.05301373333990256,35.286909813086424,-0.0409248340371704,-0.04278903634965303
2017-06-15,37.41650563510977,-0.4081125105753429,0.13067927226485665,35.40431779790167,-0.014917596889347351,0.026007237147823048
2017-06-16,37.219398496355566,-0.3975575839230743,0.010554926652268648,35.39944952123493,-0.03558208661643647,-0.02066448972708912
2017-06-19,37.24899888376267,-0.19922512031106976,0.19833246361200452,35.48694301913214,0.02772912720215004,0.06331121381858651
2017-06-20,37.349806818621005,-0.05962645561258739,0.13959866469848237,35.58262438307328,0.06258279823482837,0.034853671032678335
2017-06-21,36.78128708682986,-0.14611671145708272,-0.08649025584449532,35.63936016535774,0.07049007045426237,0.007907272219433992
2017-06-22,36.77259748120312,-0.12878163078132587,0.017335080675756842,36.12297402764665,0.14373124594899167,0.0732411754947293
2017-06-23,36.74159183726391,-0.09556133181833104,0.03322029896299483,36.03570941447744,0.12725197864850912,-0.016479267300482547
2017-06-26,36.90520458922016,-0.06875885890850242,0.026802472909828623,36.14644044668769,0.13189948551111286,0.004647506862603734
2017-06-27,37.003377872305606,-0.06928578926307694,-0.0005269303545745174,36.20040227803774,0.12355557899288527,-0.008343906518227584
2017-06-28,36.94137217357485,0.03201701734899132,0.10130280661206825,35.9014807191442,0.05242411075729336,-0.07113146823559191
2017-06-29,36.44397327202768,-0.06572484183509175,-0.09774185918408307,35.58841701979728,-0.10691140156987444,-0.1593355123271678
2017-06-30,33.830127062970774,-0.5822929548586231,-0.5165681130235313,35.9724615090646,-0.012649581082570194,0.09426182048730425
2017-07-03,33.85701733613158,-0.6096374506177185,-0.027344495759095366,36.143021251720256,-0.0006838389934813449,0.011965742089088849
2017-07-04,33.51575549031648,-0.6975244763978239,-0.08788702578010543,36.250052217907694,0.009929987973983145,0.01061382696746449
2017-07-05,32.344432164895665,-0.9193880017358325,-0.22186352533800857,36.17509434467108,0.054722725105378345,0.0447927371313952
2017-07-06,31.27724136976854,-1.0333463804518317,-0.11395837871599923,36.18938587684089,0.12019377140872223,0.06547104630334388
2017-07-07,31.489994939379763,-0.46802642471820377,0.5653199557336279,36.28527550750431,0.06256279968794587,-0.05763097172077636
2017-07-10,31.296303458051675,-0.5121427756159775,-0.04411635089777377,36.36127258510196,0.043650266676337424,-0.018912533011608446
2017-07-11,30.812695282512223,-0.5406120415608484,-0.02846926594487087,36.378767147034544,0.02574298582536727,-0.017907280850970153
2017-07-12,31.07481535995609,-0.2539233609879119,0.2866886805729365,36.491814561543706,0.06334404337453492,0.03760105754916765
2017-07-13,30.955721883597867,-0.0643038972341401,0.1896194637537718,36.58521712588153,0.07916624980811804,0.01582220643358312
2017-07-14,31.12512905457863,-0.07297317696022887,-0.008669279726088774,36.513978702222104,0.04574063894356328,-0.033425610864554756
2017-07-18,29.537454949711396,-0.35176970166805077,-0.2787965247078219,36.56551468814524,0.040848420608654123,-0.00489221833490916
2017-07-19,29.60805243807146,-0.24092856888815462,0.11084113277989616,36.23641566617442,-0.02847029617201713,-0.06931871678067125
2017-07-20,29.39120283528179,-0.33672250493485834,-0.09579393604670372,36.21699991288037,-0.05496292973267458,-0.026492633560657453
2017-07-21,29.545740430691417,-0.2819962905812936,0.05472621435356473,35.03100930086681,-0.3108415650029386,-0.255878635270264
2017-07-24,28.752539143437133,-0.47451798222829566,-0.19252169164700206,35.10473264320707,-0.2818492118030065,0.028992353199932097
2017-07-25,28.508153363663602,-0.2058603172095559,0.2686576650187398,35.370005742798256,-0.2391017890694016,0.04274742273360488
2017-07-26,28.46792380065105,-0.22802572748409133,-0.022165410274535446,35.31110277000607,-0.18506257923367286,0.05403920983572874
2017-07-27,28.18912777355824,-0.24041501234470175,-0.012389284860610417,35.146930618589806,-0.21401385885810953,-0.028951279624436665
2017-07-28,28.03750836465357,-0.3016464132075747,-0.06123140086287293,34.93111271900548,-0.019979316372264577,0.19403454248584495
2017-07-31,27.635310961005537,-0.22344563648631421,0.07820077672126047,34.63361756661837,-0.0942230153177448,-0.07424369894548022
2017-08-01,27.401877942774313,-0.22125508417786222,0.0021905523084519984,34.112293510856254,-0.25154244638839174,-0.15731943107064694
2017-08-02,26.925887784662656,-0.30840720319767456,-0.08715211901981235,33.5685453324912,-0.3485114875029751,-0.09696904111458338
2017-08-03,26.35478154341289,-0.36686924602907567,-0.058462042831401106,33.45732201708444,-0.33792172030107537,0.010589767201899747
2017-08-04,25.35552866019568,-0.5363959408915768,-0.16952669486250116,33.23033214783443,-0.34015611423421177,-0.0022343939331364027
2017-08-07,24.259304117835704,-0.6752013686339637,-0.1388054277423869,33.11644585306628,-0.3034343427104176,0.03672177152379419
2017-08-08,24.306430149876824,-0.6190895585794998,0.05611181005446397,32.61932537666762,-0.2985936268377287,0.004840715872688861
2017-08-09,24.45066622069774,-0.49504431279298444,0.12404524578651532,32.69192423650132,-0.17532421919797514,0.12326940763975358
2017-08-10,25.133311906139,-0.24429392745477685,0.2507503853382076,32.62296984647948,-0.16687043412098745,0.008453785076987685
2017-08-14,24.961182953379783,-0.07886914136318168,0.16542478609159517,31.886338423762616,-0.2687987448143687,-0.10192831069338126
2017-08-15,22.99779086684633,-0.2523026501978727,-0.173433508834691,32.3041421594441,-0.1624607387244339,0.10633800608993482
2017-08-16,23.81265639486959,-0.09875475100144371,0.15354789919642897,32.68722595123842,0.013580114914155672,0.17604085363858957
2017-08-17,24.04973205857391,-0.08018683242476854,0.01856791857667517,32.21538139104611,-0.09530856909103846,-0.10888868400519414
2017-08-18,24.161022166706168,-0.19445794788656556,-0.11427111546179702,32.37704427792538,-0.049185113710819905,0.04612345538021856
2017-08-21,25.014186237774062,0.010600656878853698,0.20505860476541926,32.68978288226747,0.16068889170097123,0.20987400541179113
2017-08-22,25.499836542410144,0.5004091351127613,0.4898084782339076,33.03738565885587,0.14664869988235552,-0.01404019181861571
2017-08-23,25.67385895864264,0.3722405127546118,-0.12816862235814952,33.10207549772106,0.08296990929652992,-0.0636787905858256
2017-08-24,25.335570239639615,0.25716763621313987,-0.11507287654147191,33.21276867770062,0.19947745733090017,0.11650754803437025
2017-08-25,24.10759198424104,-0.010686036493023465,-0.26785367270616334,33.22779816495989,0.17015077740690288,-0.02932667992399729
2017-08-28,24.215621170628424,-0.15971301342912625,-0.14902697693610278,33.20369681771059,0.10278278708862842,-0.06736799031827445
2017-08-29,24.23369940016918,-0.253227428448195,-0.09351441501906876,31.669175678311987,-0.27364199610877904,-0.37642478319740746
2017-08-30,24.36191663153216,-0.26238846542209515,-0.009161036973900138,31.65585393383885,-0.2892443127764466,-0.015602316667667537
2017-08-31,24.35446869278897,-0.1962203093701298,0.06616815605196535,31.401231707679997,-0.3623073940041195,-0.07306308122767291
2017-09-01,24.786287885364615,0.13573918022471432,0.3319594895948441,31.324744245452806,-0.38061078390142455,-0.018303389897305067
2017-09-04,24.4961967979658,0.05611512546747832,-0.079624054757236,31.350140851148183,-0.37071119331247715,0.009899590588947405
2017-09-05,24.861260312235935,0.12551218241334894,0.06939705694587062,31.530642162093933,-0.02770670324361646,0.3430044900688607
2017-09-06,25.043104325065507,0.13623753870666988,0.010725356293320942,31.71176286297296,0.011181785826831714,0.03888848907044817
2017-09-07,24.95824411746036,0.12075508493428089,-0.015482453772388993,31.510381223504375,0.02182990316487121,0.010648117338039498
2017-09-08,24.14068605864758,-0.12912036534341098,-0.24987545027769187,31.495662485372364,0.03418364798390883,0.012353744819037615
2017-09-11,20.75672721845953,-0.7478939159012548,-0.6187735505578438,31.542246581214997,0.038421146013366325,0.004237498029457498
2017-09-12,22.035450564637117,-0.5651619495197622,0.18273196638149258,31.888893136008683,0.07165019478294354,0.03322904876957722
2017-09-13,22.44391740428295,-0.51983738415651,0.045324565363252134,31.77207349662134,0.012062126729677658,-0.059588068053265886
2017-09-14,22.679628190724095,-0.45572318534725653,0.06411419880925351,31.756967999411508,0.04931735518142588,0.037255228451748224
2017-09-15,22.942278585042672,-0.23968149472097977,0.21604169062627676,31.32031417332604,-0.035069662409259905,-0.08438701759068579
2017-09-19,23.360636074294625,0.5207817711670195,0.7604632658879993,31.160671951016624,-0.07631492603967516,-0.04124526363041525
2017-09-20,26.469264527924906,0.8867627926575565,0.365981021490537,32.11757879011421,0.04573713082110231,0.12205205686077747
2017-09-21,26.52291959251241,0.8158004376458905,-0.07096235501166603,32.0624608594416,0.058077472564050936,0.012340341742948624
2017-09-22,26.343864010572887,0.7328471639697618,-0.0829532736761287,31.912159145481077,0.03103822921391597,-0.027039243350134967
2017-09-25,26.52423553795446,0.7163913905823556,-0.016455773387406225,31.865480629787257,0.1090332912922456,0.07799506207832962
2017-09-26,26.322585954098656,0.5923899759608062,-0.12400141462154934,31.85950169500316,0.13976594879730442,0.030732657505058825
2017-09-27,26.201422126722598,-0.053568480240461014,-0.6459584562012672,31.413884094916803,-0.1407389390394762,-0.2805048878367806
2017-09-28,26.082015425978675,-0.08818083330675108,-0.03461235306629007,31.444989545437736,-0.12349426280077225,0.01724467623870396
2017-09-29,26.090064126619318,-0.050759976790708095,0.03742085651604299,31.49586372596835,-0.0832590839025471,0.040235178898225143
2017-10-02,26.103255197733155,-0.08419606804426394,-0.033436091253555844,31.52297562316457,-0.06850100132454529,0.014758082578001819
2017-10-03,26.02658777059267,-0.059199636701194436,0.024996431343069503,31.555706933747686,-0.06075895225109207,0.007742049073453217
2017-10-04,26.357849253565902,0.03128542536865808,0.09048506206985252,31.619162432786716,0.041055667573981935,0.101814619825074
2017-10-05,26.211066416289007,0.02581019806206797,-0.005475227306590114,31.594815456047257,0.02996518212190935,-0.011090485452072585
2017-10-06,26.812526202270952,0.14449241513032618,0.11868221706825821,29.87723967631993,-0.3237248099296828,-0.35368999205159213
2017-10-10,26.54609603744946,0.08856816794325795,-0.05592424718706823,29.873317685991964,-0.32993158743452256,-0.006206777504839778
2017-10-11,25.90789187259243,-0.0237391796000459,-0.11230734754330385,29.47315325856532,-0.41651073503647495,-0.0865791476019524
2017-10-12,25.870440249073653,-0.09748180089844638,-0.07374262129840048,28.87310686426254,-0.5492111137048354,-0.13270037866836049
2017-10-13,25.831145191444705,-0.07598424496886835,0.021497555929578027,28.15098578883569,-0.688765933442312,-0.13955481973747652
2017-10-16,26.016939423091976,-0.15911735583578945,-0.0831331108669211,28.26950350356713,-0.32154723455055745,0.3672186988917545
2017-10-17,26.03707884326719,-0.10180343883645548,0.05731391699933397,28.19512750390932,-0.3356380364165332,-0.014090801865975777
2017-10-18,26.051589327941493,0.028739491069813994,0.13054292990626948,27.848941684634305,-0.3248423147862063,0.010795721630326938
2017-10-19,25.948792608667475,0.015670471918767248,-0.013069019151046746,27.89741796193163,-0.19513778046617958,0.1297045343200267
2017-10-20,25.86290559095201,0.006352079901461138,-0.00931839201730611,27.801622535531912,-0.06987265066075565,0.12526512980542392
2017-10-23,25.70600916089758,-0.0621860524388822,-0.06853813234034334,27.907211608277628,-0.07245837905789898,-0.0025857283971433276
2017-10-24,26.082853924885292,0.009155016323621368,0.07134106876250357,27.133452800794352,-0.2123349406229913,-0.13987656156509232
2017-10-25,26.265755007220562,0.04283313585581183,0.033678119532190465,27.19059598146083,-0.13166914063469903,0.08066579998829226
2017-10-26,26.021235329435335,0.014488544153572036,-0.028344591702239796,26.978612491374783,-0.1837610941113681,-0.05209195347666906
2017-10-27,25.936746143364957,0.014768110482592078,0.0002795663290200423,26.94026532940201,-0.17227144122597693,0.011489652885391166
2017-10-30,26.016187494022006,0.06203566662487958,0.0472675561422875,26.615979906277545,-0.2582463404000208,-0.08597489917404388
2017-10-31,26.004004696507046,-0.015769845675645655,-0.07780551230052524,26.189368371326452,-0.18881688589357637,0.06942945450644444
2017-11-01,24.974838136307802,-0.25818337418255055,-0.2424135285069049,25.898222521618976,-0.25847469196837025,-0.06965780607479388
2017-11-02,24.98517967373416,-0.20721113114023737,0.05097224304231318,25.945354062718458,-0.20665168573126635,0.0518230062371039
2017-11-06,24.926351163528423,-0.20207899596730527,0.005132135172932095,25.79300570328104,-0.22945192522419688,-0.02280023949293053
2017-11-07,24.620102697108308,-0.27921695938274027,-0.077137963415435,25.527551625416784,-0.2176856561721543,0.011766269052042588
2017-11-08,25.873198726033763,-0.026161194094655116,0.25305576528808515,26.008120683790317,-0.036249537507227814,0.18143611866492648
2017-11-09,26.05511714133503,0.2160558010054423,0.24221699510009742,25.571800708207995,-0.06528436268219551,-0.029034825174967693
2017-11-10,26.044059412539234,0.21177594776101927,-0.0042798532444230375,25.33886264407314,-0.12129828372906104,-0.056013921046865534
2017-11-13,26.297480327903152,0.2742258328749472,0.062449885113927905,24.913513936491142,-0.17589835335797943,-0.05460006962891839
2017-11-14,27.724881325534916,0.6209557256853202,0.34672989281037303,25.099914744107636,-0.08552737626182605,0.09037097709615338
2017-11-15,27.93547729289414,0.41245571337207565,-0.20850001231324455,25.159704716468624,-0.16968319346434058,-0.08415581720251453
2017-11-16,30.387334711116054,0.8664435139561988,0.45398780058412314,26.45159477658818,0.17595881367603639,0.34564200714037696
2017-11-17,30.60249643558985,0.9116874046101273,0.04524389065392853,26.729793563674733,0.2781861839203188,0.10222737024428241
2017-11-20,30.02005196052111,0.7445143265235927,-0.1671730780865346,26.630755639327084,0.34344834056718554,0.06526215664686674
2017-11-21,30.047535976274,0.46453093014781643,-0.2799833963757763,25.17713685408342,0.015444421995159274,-0.32800391857202627
2017-11-22,29.094644834387957,0.23183350829876304,-0.2326974218490534,25.240278919868686,0.016114840680014453,0.0006704186848551785
2017-11-24,28.41749353925708,-0.3939682343717976,-0.6258017426705607,25.350912077930147,-0.22013653973160885,-0.2362513804116233
2017-11-27,28.324678616853333,-0.455563563747301,-0.06159532937550338,25.397100713023136,-0.2665385701303187,-0.046402030398709826
2017-11-28,28.409748138170656,-0.32206076447009124,0.13350279927720976,25.41247332086226,-0.24365646369296456,0.02288210643735411
2017-11-29,27.19995659407521,-0.5695158764397554,-0.2474551119696642,25.594230568227864,0.08341874282888995,0.3270752065218545
2017-11-30,27.04131381550944,-0.4106662037757083,0.15884967266404715,25.791903113975565,0.11032483882137356,0.026906095992483614
2017-12-01,26.691629239602875,-0.345172859930841,0.06549334384486727,25.495665166597405,0.028950617733453754,-0.0813742210879198
2017-12-04,26.547653298147367,-0.3554050637411912,-0.010232203810350171,24.723255796331863,-0.1347689833382546,-0.16371960107170835
2017-12-05,26.521135747530067,-0.377722478128117,-0.022317414386925805,24.904951901248793,-0.10150428392269362,0.03326469941556098
2017-12-06,26.28165190654601,-0.18366093750584156,0.19406154062227543,24.83167497000168,-0.15251111964524,-0.051006835722546384
2017-12-07,27.932316865579665,0.17820061001404497,0.36186154751988653,25.708423673426473,-0.016695888109818924,0.13581523153542108
2017-12-08,28.110621743047645,0.2837985006889525,0.10559789067490755,25.8085393009398,0.06257482686848093,0.07927071497829985
2017-12-11,28.325536709434765,0.35557668225748174,0.07177818156852922,26.098205297203933,0.2749899001744147,0.2124150733059338
2017-12-12,28.171463266146034,0.3300655037231941,-0.025511178534287637,25.98297050769284,0.215603721288808,-0.05938617888560671
2017-12-13,27.933950363103094,0.3304596913114146,0.00039418758822051814,25.831041853595764,0.19987337671881988,-0.01573034456998812
2017-12-14,27.23394656982458,-0.1396740591510124,-0.470133750462427,25.69724531701433,-0.002235671282431184,-0.20210904800125107
2017-12-15,26.778956934225157,-0.26633296176450116,-0.12665890261348878,25.63323580975245,-0.03506069823747282,-0.032825026955041636
2017-12-18,27.341707922299925,-0.1967657574269701,0.06956720433753105,25.56102454461395,-0.10743615051799793,-0.07237545228052511
2017-12-19,28.24269462461129,0.014246271693053814,0.21101202912002393,24.97560862130498,-0.20147237727756817,-0.09403622675957024
2017-12-20,28.11405755992658,0.03602143936469915,0.021775167671645335,24.972061529177232,-0.1717960648837078,0.02967631239386037
2017-12-21,27.222932161105966,-0.00220288174372385,-0.038224321108423,24.55521579000986,-0.22840590540089067,-0.056609840517182874
2017-12-22,26.743321726391457,-0.007127041566739933,-0.004924159823016083,24.598706257286274,-0.20690591049323714,0.02149999490765353
2017-12-25,26.786110499060058,-0.1111194846479755,-0.10399244308123556,24.681232877636027,-0.17595833339558453,0.030947577097652612
2017-12-26,26.695520998215642,-0.30943472527912874,-0.19831524063115324,24.82238837128027,-0.030644050004941192,0.14531428339064334
2017-12-27,26.90751561818351,-0.2413083883486138,0.06812633693051495,25.029917441407946,0.011571182446139971,0.042215232451081164
2017-12-28,24.96623866900353,-0.45133869842048924,-0.21003031007187545,25.065055835202863,0.10196800903860037,0.0903968265924604
2017-12-29,25.442793382283305,-0.2601056688216268,0.19123302959886246,25.297865961135116,0.13983194076977057,0.0378639317311702
2018-01-04,25.80454245377519,-0.19631360905697548,0.0637920597646513,25.399904789100738,0.14373438229294067,0.003902441523170097
2018-01-05,30.03242124321551,0.6673800489999735,0.863693658056949,27.862347254630684,0.6079917766700866,0.46425739437714597
2018-01-09,30.380906951508287,0.6946782666649582,0.027298217664984747,28.066234104281385,0.6072633325746892,-0.000728444095397407
2018-01-10,30.399538742977946,1.0866600147948802,0.3919817481299219,28.01939498585157,0.590867830129735,-0.016395502444954246
2018-01-11,29.922329291715045,0.8959071818863507,-0.1907528329085295,27.814777014301264,0.5033822106332302,-0.0874856194965048
2018-01-12,29.868871691788904,0.8128658476027404,-0.08304133428361027,27.75918733923767,0.4718565100273935,-0.031525700605836704
2018-01-15,30.027262214411387,-0.0010318057608245113,-0.8138976533635649,27.792105084108442,-0.014048434104452667,-0.48590494413184615
2018-01-16,29.96301478716091,-0.08357843286947286,-0.08254662710864835,27.75799033909427,-0.061648753037427895,-0.04760031893297523
2018-01-17,29.718978004103164,-0.13611214777495562,-0.05253371490548275,27.661262426369746,-0.07162651189636193,-0.009977758858934038
2018-01-18,29.5569095631204,-0.07308394571893118,0.06302820205602444,27.8286720109557,0.002778999330892873,0.0744055112272548
2018-01-19,29.732439033398315,-0.027286531678118564,0.04579741404081261,27.856813411626554,0.019525214477774,0.016746215146881127
2018-01-22,29.76553673753554,-0.05234509537516985,-0.025058563697051284,27.78065357938729,-0.00229030094423166,-0.02181551542200566
2018-01-23,29.970523234702526,0.00150168950831997,0.05384678488348982,27.714177559199697,-0.008762555978915287,-0.006472255034683627
2018-01-24,30.259488235990304,0.10810204637743226,0.10660035686911229,27.97199917807321,0.06214735034069463,0.07090990631960992
2018-01-25,30.413529539516816,0.171323995279284,0.06322194890185173,27.96249076595913,0.026763751000686398,-0.03538359934000823
2018-01-26,30.911743164146635,0.2358608261496613,0.06453683087037732,28.163216363895685,0.06128059045382628,0.03451683945313988
2018-01-29,30.96995713702656,0.24088407989820482,0.00502325374854351,28.22797526121702,0.0894643363659462,0.028183745912119917
2018-01-30,30.900526908178897,0.18600073469527345,-0.054883345202931366,28.168146973769765,0.09079388291401713,0.0013295465480709368
2018-01-31,31.898529151873674,0.32780818317667837,0.14180744848140492,28.618399203709984,0.12928000512734883,0.0384861222133317
2018-02-01,32.136545704130796,0.34460323292279327,0.0167950497461149,28.760423854590975,0.15958661772636873,0.0303066125990199
2018-02-02,32.94397203054122,0.4064457732789215,0.06184254035612824,29.297898809315683,0.22693648908400021,0.06734987135763149
2018-02-05,32.4021866743263,0.28644590745994236,-0.11999986581897915,29.097310740545304,0.17386709586565985,-0.053069393218340366
2018-02-06,34.144077634048756,0.6487101451739719,0.3622642377140295,30.33350127853116,0.43307086095227376,0.2592037650866139
2018-02-07,40.851065433909184,1.7905072564071034,1.1417971112331315,35.04035893830398,1.2843919469188059,0.8513210859665321
2018-02-08,40.35640612509296,1.6439720841924341,-0.14653517221466927,34.63278500551337,1.1744722301844774,-0.10991971673432843
2018-02-09,40.16940048760446,1.4450856914126504,-0.1988863927797837,34.637749568143775,1.0679701517656177,-0.10650207841885972
2018-02-13,41.15393670410951,1.7503500059566406,0.30526431454399017,35.230446603939384,1.2266271726788105,0.15865702091319278
2018-02-14,41.73718008185154,1.5186204895605542,-0.2317295163960864,35.344146972812254,1.0021291388562261,-0.22449803382258438
2018-02-15,41.86863508673349,0.2035139305648599,-1.3151065589956943,35.46937527876325,0.08580326809185124,-0.9163258707643749
2018-02-16,41.84757135531308,0.29823304604402523,0.09471911547916534,35.438196532545845,0.16108230540649515,0.07527903731464392
2018-02-19,42.501448938771404,0.46640969023339096,0.16817664418936573,35.78405931047564,0.22926194846637316,0.068179643059878
2018-02-20,43.39514720155644,0.4482420994893843,-0.018167590744006645,36.92388224045909,0.3386871273039418,0.10942517883756864
2018-02-21,43.90291489436113,0.4331469625019153,-0.015095136987469004,37.10571646476987,0.3523138983915217,0.013626771087579925
2018-02-22,43.897072413895216,0.4056874654323437,-0.027459497069571626,37.160856839369075,0.33829631212116595,-0.014017586270355764
2018-02-23,44.26805089288456,0.48409590751430187,0.07840844208195819,37.38930311488403,0.39022131646763825,0.05192500434647229
2018-02-26,44.08294894576794,0.3163000013993056,-0.16779590611499628,37.599650587737024,0.36311825545227805,-0.027103061015360197
2018-02-27,44.401815820472876,0.20133372378328573,-0.11496627761601985,37.758007519151874,0.1668250557385491,-0.19629319971372894
2018-02-28,43.67160272582281,-0.04626243370766048,-0.2475961574909462,37.85147174570157,0.14915105618634783,-0.01767399955220128
2018-03-01,44.028630037616395,0.02631152474423004,0.07257395845189052,38.15609990805949,0.19904861373807847,0.04989755755173064
2018-03-02,44.78921592327579,0.10423300607824615,0.07792148133401611,38.694260135364345,0.26099140409606036,0.06194279035798189
2018-03-05,45.995019586423176,0.382414128131046,0.2781811220527999,39.30417248349538,0.3409043791516737,0.07991297505561334
2018-03-06,45.703506937118235,0.26033822332907874,-0.12207590480196728,38.967468491636794,0.24189219449698385,-0.09901218465468986
2018-03-07,46.09655405589827,0.4849902660150818,0.22465204268600303,39.14753273107358,0.25921219707439747,0.017320002577413618
2018-03-08,46.24225816960194,0.4427256263971131,-0.04226463961796867,39.256367612000524,0.22005354078821426,-0.0391586562861832
2018-03-09,46.13482809392474,0.2691224341297911,-0.17360319226732202,38.94665864258026,0.05047970144318015,-0.16957383934503412
2018-03-12,46.17630028357938,0.03625613943124506,-0.23286629469854603,38.85196647356127,-0.09044120198682037,-0.14092090343000052
2018-03-13,46.93105519549192,0.24550965167473748,0.20925351224349242,39.23596026004868,0.05369835368237119,0.14413955566919157
2018-03-14,47.49907694602095,0.28050457802453366,0.034994926349796174,39.229702211178164,0.016433896020920713,-0.03726445766145048
2018-03-15,47.774963671592516,0.306541100398114,0.02603652237358034,39.233889056413716,-0.004495711117364465,-0.020929607138285178
2018-03-16,47.7173508945168,0.31650456011841754,0.009963459720303547,39.19072047931183,0.048812367346322105,0.05330807846368657
2018-03-19,48.136738914620736,0.39208772620826693,0.07558316608984939,39.24847881994664,0.07930246927706719,0.030490101930745084
2018-03-20,47.80833388131644,0.17545573716490281,-0.21663198904336411,39.3736402946637,0.027536006923007506,-0.051766462354059684
2018-03-22,47.36181121231351,-0.027453146741486023,-0.20290888390638884,39.22996192731792,5.194322795176731e-05,-0.027484063695055738
2018-03-23,46.93956465158212,-0.16707980400207845,-0.13962665726059242,39.03351274991253,-0.040075261300238196,-0.040127204528189964
2018-03-26,50.09554526366523,0.4756388738296806,0.6427186778317591,41.527598073415724,0.46737551882078066,0.5074507801210189
2018-03-27,50.16480771844083,0.40561376076401956,-0.07002511306566106,41.3577693160001,0.42185809921069506,-0.0455174196100856
2018-03-28,51.94005267849603,0.8263437594359218,0.4207299986719022,42.35010661318189,0.5952932637036383,0.17343516449294327
2018-03-29,52.00658878946116,0.9289555154295286,0.10261175599360683,42.50876893822661,0.6557614021817315,0.06046813847809318
2018-03-30,51.73274423032191,0.958635915747962,0.029680400318433442,42.283785623797556,0.650054574777009,-0.005706827404722503
2018-04-02,51.48620202444356,0.2781313521556612,-0.6805045635923008,42.39232583813033,0.17294555294292024,-0.47710902183408876
2018-04-03,51.5433000780406,0.2756984719199522,-0.0024328802357089785,42.22773696682667,0.17399353016531194,0.0010479772223916939
2018-04-04,51.871150240394485,-0.01378048762030204,-0.28947895954025427,42.04904613912059,-0.06021209481225753,-0.23420562497756947
2018-04-05,51.56092846339487,-0.08913206521325634,-0.0753515775929543,41.88732980760795,-0.12428782612373368,-0.06407573131147615
2018-04-06,51.96565351795126,0.046581857525858084,0.13571392273911442,42.10097531481321,-0.0365620617968645,0.08772576432686918
2018-04-09,51.80293004412601,0.06334560393649724,0.016763746410639158,42.054904058952204,-0.0674843558356315,-0.030922294038767006
2018-04-10,51.671681013419374,0.02567618707575292,-0.03766941686074432,41.49335769710416,-0.14687585394450053,-0.07939149810886903
2018-04-11,51.56398094708278,-0.06143385866234041,-0.08711004573809333,41.47323749533042,-0.11516172875803221,0.03171412518646832
2018-04-12,50.97247162223152,-0.1176913682326699,-0.05625750957032949,41.38498037601986,-0.10046988631761877,0.014691842440413438
2018-04-13,50.80001794806151,-0.23312711397794317,-0.11543574574527327,41.37994930151545,-0.14420520265955616,-0.04373531634193739
2018-04-16,48.88379955633775,-0.5838260975576617,-0.3506989835797185,41.40988230328878,-0.1290043511326786,0.015200851526877557
2018-04-17,48.686241747842885,-0.5970878531152977,-0.013261755557635979,41.416906191583124,-0.015290301104208481,0.11371405002847013
2018-04-18,48.669730664331595,-0.5788500565502304,0.0182377965650673,41.429046004049624,-0.008838298256158339,0.006452002848050142
2018-04-19,49.219109492786075,-0.3506724258890941,0.22817763066113628,41.546649275800505,0.03233377995612585,0.04117207821228419
2018-04-20,49.14926986632982,-0.33014961634633977,0.020522809542754317,41.4516856321458,0.01434726612606596,-0.01798651383005989
2018-04-23,49.14062434029654,0.05136495679175823,0.381514573138098,41.351810579795824,-0.01161434469858591,-0.02596161082465187
2018-04-24,48.95118204349407,0.052988059130235854,0.0016231023384776222,41.17143596002617,-0.049094046311388695,-0.037479701612802785
2018-04-25,49.3958598421643,0.14522583556654212,0.09223777643630626,41.373628087434696,-0.011083583322985646,0.03801046298840305
2018-04-26,49.39271755243326,0.03472161192943446,-0.11050422363710766,41.26911141180025,-0.05550757280005314,-0.044423989477067494
2018-04-27,49.328631695570266,0.03587236584809261,0.001150753918658154,41.20556979249642,-0.04922316792987402,0.006284404870179117
2018-05-01,48.157088991945876,-0.19670706967013274,-0.23257943551822535,40.72939884327562,-0.1244823473040455,-0.07525917937417148
2018-05-02,47.51782559206515,-0.2866712902857813,-0.08996422061564857,40.31674281429676,-0.17093862914587987,-0.04645628184183437
2018-05-07,47.021396941227565,-0.47489258018734404,-0.18822128990156273,40.307762598715755,-0.21317309774379112,-0.042234468597911246
2018-05-08,47.035767619661954,-0.47138998655426434,0.003502593633079698,40.24073498153447,-0.20567528605315033,0.007497811690640788
2018-05-09,46.69958259887076,-0.5258098193398979,-0.05441983278563356,40.06423932619781,-0.22826609325971958,-0.022590807206569252
2018-05-10,46.36659947106837,-0.3580979041755086,0.16771191516438932,39.860949549557546,-0.17368985874361442,0.05457623451610516
2018-05-11,46.31525211110059,-0.24051469619291055,0.11758320798259803,39.792958986592055,-0.10475676554094804,0.06893309320266638
2018-05-14,45.75787103333528,-0.252705181578456,-0.012190485385545458,39.65071339042997,-0.13140984165715253,-0.026653076116204488
2018-05-15,45.55435871593197,-0.29628178074599276,-0.043576599167536756,39.42293860847714,-0.16355927461147246,-0.032149432954319934
2018-05-16,45.40089639639683,-0.2597372404947862,0.03654454025120657,39.22717531177217,-0.16741280288512428,-0.0038535282736518184
2018-05-17,45.57536573762529,-0.1582467466886186,0.10149049380616759,39.06481901688555,-0.15922610653439762,0.008186696350726663
2018-05-18,44.662743921512174,-0.3305016379176777,-0.17225489122905913,39.07931434167459,-0.14272892898349454,0.016497177550903075
2018-05-21,39.494393335167786,-1.2526955396334998,-0.922193901715822,39.06429102191021,-0.117284473703954,0.025444455279540534
2018-05-22,39.577103195696296,-1.1954511040471374,0.057244435586362385,38.88772276347983,-0.10704316899946065,0.01024130470449336
2018-05-23,39.56735963526434,-1.1667073522265028,0.0287437518206346,38.88476113335351,-0.06848283568373148,0.03856033331572917
2018-05-24,38.7052219090301,-1.3740287657190393,-0.20732141349253652,39.17339484559167,0.021715165741220233,0.09019800142495171
2018-05-25,38.877687491929166,-1.157011285916596,0.21701747980244335,39.414440515682074,0.06702523480150546,0.04531006906028523
2018-05-28,38.6125704430585,-0.17636457842186104,0.9806467074947349,39.40160056134444,0.06746190788683748,0.00043667308533201776
2018-05-29,38.71836828938286,-0.17174698126268595,0.004617597159175091,39.58678944619386,0.13981333654280803,0.07235142865597055
2018-05-30,38.56698478528385,-0.20007496999610197,-0.02832798873341602,39.40559114728444,0.1041660027861937,-0.03564733375661433
2018-05-31,37.93151259833981,-0.15474186213805297,0.045333107858049004,39.96485125342251,0.15829128156616434,0.05412527877997064
2018-06-01,37.76072850877709,-0.2233917966304162,-0.06864993449236323,40.05482478605646,0.12807685407486957,-0.03021442749129477
2018-06-04,37.661671706460936,-0.1901797473195117,0.03321204931090449,40.07082749307307,0.13384538634573317,0.005768532270863602
2018-06-05,38.012990050234464,-0.1410756478296804,0.0491040994898313,40.15804191547383,0.11425049385599095,-0.01959489248974222
2018-06-06,37.901290512313864,-0.13313885459399444,0.007936793235685968,40.16040877000075,0.15096352454326478,0.03671303068727383
2018-06-07,37.52553579959458,-0.08119535974904579,0.051943494844948646,39.59059608848841,-0.07485103298682105,-0.22581455753008584
2018-06-08,37.26854491067881,-0.09843671961965583,-0.01724135987061004,39.49143075170642,-0.11267880687000797,-0.03782777388318692
2018-06-11,36.64977064275954,-0.20238021274027318,-0.10394349312061735,39.56158202970427,-0.10184909267375986,0.01082971419624812
2018-06-12,35.54008857102808,-0.49458029584128127,-0.2922000831010081,39.49337752513301,-0.13293287806816068,-0.03108378539440082
2018-06-13,33.761739843102006,-0.8279101338423729,-0.3333298380010916,39.42682025676966,-0.14671770264622097,-0.013784824578060295
2018-06-14,33.77640448312957,-0.7498262632930022,0.07808387054937072,39.47177219984167,-0.023764777729347486,0.12295292491687349
2018-06-15,33.704528683653194,-0.7128032454051194,0.03702301788788276,39.57955346544834,0.017624542748386318,0.041389320477733804
2018-06-18,33.198120528968715,-0.6903300227581752,0.02247322264694418,39.42113401977094,-0.028089601986671653,-0.04571414473505797
2018-06-19,33.6902001245176,-0.36997768930208963,0.3203523334560856,39.6154143269102,0.024407360355439778,0.05249696234211143
2018-06-20,34.45546128983622,0.1387442893468389,0.5087219786489285,39.988201169185274,0.11227618248312154,0.08786882212768177
2018-06-21,33.501449981584244,-0.05499090030906473,-0.19373518965590364,40.15749987532153,0.13714553509597494,0.02486935261285339
2018-06-22,33.26286957696843,-0.0883318213369435,-0.03334092102787878,40.11145223376944,0.10637975366421415,-0.030765781431760786
2018-06-25,33.18502821156053,-0.0026184634816459607,0.08571335785529755,40.08786777051261,0.1333467501483412,0.026966996484127037
2018-06-26,33.34245974090203,-0.06954807672311603,-0.06692961324147007,40.2471464833377,0.12634643128549783,-0.007000318862843358
2018-06-27,33.196415189612395,-0.2518092200447626,-0.18226114332164656,39.89190499607152,-0.019259234622751364,-0.1456056659082492
2018-06-28,32.62642865787811,-0.17500426474123287,0.07680495530352971,39.636740058171185,-0.10415196343006272,-0.08489272880731136
2018-06-29,32.62764295698756,-0.12704532399617108,0.047958940745061795,39.410373755074716,-0.1402156957389522,-0.036063732308889485
2018-07-02,32.717819961148074,-0.0934416500824895,0.033603673913681575,39.37246279428324,-0.14308099524587448,-0.0028652995069222698
2018-07-03,27.84497539906434,-1.0994968683675346,-1.006055218285045,39.882950658448834,-0.07283916497777909,0.07024183026809538
2018-07-04,27.897190381766954,-1.0598449615690875,0.0396519067984471,39.93355310272588,0.008329621330879888,0.08116878630865898
2018-07-05,24.063205149809406,-1.712644701613744,-0.6527997400446566,39.840589654756016,0.04076991931696483,0.03244029798608494
2018-07-06,23.864571655862292,-1.752614260225048,-0.039969558611304024,39.91543673143502,0.10101259527205997,0.06024267595509514
2018-07-09,24.23432781085811,-1.696698430057996,0.05591583016705215,39.63256880727177,0.05202120259770737,-0.048991392674352596
2018-07-10,24.343417845852684,-0.700311510642333,0.9963869194156629,39.769450558464115,-0.022700019996946708,-0.07472122259465408
2018-07-11,24.20321017240677,-0.7387960418720354,-0.03848453122970241,39.912972070952094,-0.004116206354751739,0.01858381364219497
2018-07-12,24.64722522571669,0.11680401518145445,0.8556000570534898,40.05121722723524,0.04212551449583657,0.04624172085058831
2018-07-13,24.81886192744193,0.19085805431592817,0.07405403913447373,39.995016224434224,0.015915898599843104,-0.026209615895993466
2018-07-17,24.61231570181748,0.07559757819187496,-0.11526047612405321,40.188115067142775,0.11110925197420585,0.09519335337436274
2018-07-18,24.846907084864455,0.10069784780235125,0.02510026961047629,40.1672332934761,0.07955654700239734,-0.03155270497180851
2018-07-19,24.88409044309494,0.13617605413763556,0.03547820633528431,40.17827482857551,0.05306055152468048,-0.02649599547771686
2018-07-20,24.667928876922964,0.004140730241253721,-0.13203532389638184,39.98768806750786,-0.0127058319454747,-0.06576638347015518
2018-07-23,24.97124420821583,0.030476456154779896,0.026335725913526176,39.944272426568666,-0.010148759573112898,0.0025570723723618016
2018-07-24,24.371106794027845,-0.04824178155792325,-0.07871823771270314,38.2585064349492,-0.3859217264387098,-0.3757729668655969
2018-07-25,24.110057521568393,-0.14736991265921162,-0.09912813110128837,38.10150550246732,-0.41314555820176224,-0.02722383176305243
2018-07-26,24.08737961124426,-0.15934216637013776,-0.01197225371092614,38.071044810402555,-0.4214460036345926,-0.008300445432830372
2018-07-27,24.244248187760064,-0.0847361378325786,0.07460602853755915,38.26933160666995,-0.34367129216757775,0.07777471146701487
2018-07-30,23.71780014247269,-0.2506888131486278,-0.16595267531604918,38.29251891701435,-0.33035070191086646,0.013320590256711284
2018-07-31,23.817273629660555,-0.11076663287346378,0.139922180275164,38.26746879775651,0.0017924725614690828,0.33214317447233555
2018-08-01,23.583805126664686,-0.10525047898073936,0.005516153892724418,37.97633858696315,-0.025033383100833362,-0.026825855662302445
2018-08-02,23.554526001086003,-0.1065707220316483,-0.0013202430509089425,37.75590913274446,-0.06302713553161965,-0.03799375243078629
2018-08-03,23.043044993174533,-0.24024063891710767,-0.13366991688545937,37.809449305242595,-0.09197646028547268,-0.028949324753853034
2018-08-06,22.9607048739309,-0.15141905370835573,0.08882158520875194,37.59053804035331,-0.1403961753322065,-0.04841971504673381
2018-08-07,23.059667096659112,-0.15152130660029073,-0.0001022528919349952,37.51202440836529,-0.15108887787825154,-0.010692702546045041
2018-08-08,23.9676383836512,0.07676665139730687,0.2282879579975976,37.632197825288884,-0.06882815233485218,0.08226072554339936
2018-08-09,24.408333305873178,0.17076146095743283,0.09399480956012596,37.306543470507805,-0.0898731324473303,-0.02104498011247813
2018-08-10,24.646665997144673,0.3207242007940252,0.14996273983659236,37.269078358703695,-0.10807418930777857,-0.01820105686044826
2018-08-13,25.29228410282579,0.4663158457789791,0.14559164498495392,37.34816074702479,-0.04847545866570613,0.05959873064207244
2018-08-14,27.426372519400047,0.873341084548187,0.40702523876920793,37.8260893641972,0.06281299116638195,0.11128844983208808
2018-08-15,28.920007432835966,0.9904738098369528,0.11713272528876573,38.313089342732724,0.13617830348876936,0.07336531232238741
2018-08-16,29.02624030888356,0.9235814006020782,-0.0668924092348746,38.10866336235361,0.16042397836915967,0.02424567488039031
2018-08-17,28.79879186103573,0.8304251727782059,-0.09315622782387223,38.09579284523116,0.1653428973054929,0.0049189189363332275
2018-08-20,29.262493862830084,0.7940419520008639,-0.03638322077734202,38.038082679965044,0.13798438658805168,-0.02735851071744122
2018-08-21,29.393162997594125,0.3933580956388134,-0.4006838563620505,38.2238654642904,0.07955522001864068,-0.058429166569410995
2018-08-22,29.382828621947823,0.09256423782236922,-0.3007938578164442,37.5976733455288,-0.14308319944078107,-0.22263841945942175
2018-08-23,29.586585593698985,0.11206905696309022,0.019504819140720997,34.45456465829815,-0.7308197408110928,-0.5877365413703117
2018-08-24,29.425522599109442,0.12534614761473506,0.01327709065164484,34.59082780046333,-0.7009930089535672,0.0298267318575256
2018-08-27,29.765853749342128,0.10067197730241517,-0.024674170312319887,34.59290954886249,-0.6890346262205114,0.011958382733055828
2018-08-28,30.368238065066144,0.19501501349440176,0.09434303619198658,34.16798724025787,-0.8111756448065108,-0.12214101858599946
2018-08-29,30.198586444695174,0.163151564549473,-0.03186344894492876,34.032676169103866,-0.7129994352849849,0.09817620952152595
2018-08-30,29.78880272266359,0.04044342579292248,-0.12270813875655051,33.95655439412589,-0.09960205283445589,0.613397382450529
2018-08-31,30.019083372610076,0.11871215470012686,0.07826872890720438,34.012290764384204,-0.1157074072158224,-0.01610535438136651
2018-09-03,30.054964634872256,0.05782217710601856,-0.0608899775941083,33.816265162818496,-0.1553288772087953,-0.03962146999297289
2018-09-04,30.13187344839028,-0.04727292333517141,-0.10509510044118997,33.05199403313331,-0.22319864142491497,-0.06786976421611968
2018-09-05,28.913457327561616,-0.2570258234267051,-0.2097529000915337,32.94971293526987,-0.21659264676679868,0.006605994658116288
2018-09-06,29.01418996602972,-0.15492255132677357,0.10210327209993153,33.07503548427016,-0.17630378197114283,0.040288864795655854
2018-09-07,29.448107358698238,-0.11419520278237272,0.040727348544400854,33.02235896687077,-0.19798635950268562,-0.02168257753154279
2018-09-10,28.155027221157567,-0.3799874827429406,-0.26579227996056787,32.832423159474374,-0.19676840066882306,0.0012179588338625535
2018-09-11,28.234690374263394,-0.37943661482537294,0.0005508679175676434,32.63357507731783,-0.08368379116310365,0.11308460950571941
2018-09-12,28.55127342742565,-0.07243678002719278,0.30699983479818016,32.52268007205663,-0.08540657264264695,-0.0017227814795433005
2018-09-13,28.320920990671432,-0.13865379507166153,-0.06621701504446875,32.06964982515885,-0.2010771318222595,-0.11567055917961255
2018-09-14,28.56112084229001,-0.17739730328164427,-0.038743508209982735,31.681522474841024,-0.2681672984059489,-0.06709016658368938
2018-09-18,29.37936908239562,0.24486837224760905,0.4222656755292533,31.005173112086034,-0.36545000947766937,-0.09728271107172048
2018-09-19,31.020762428265023,0.5572144108003272,0.31234603855271814,31.64603255807581,-0.19750850384840035,0.16794150562926902
2018-09-20,31.917281027719916,0.6732015200588535,0.11598710925852629,31.848680003246685,-0.1348000137619927,0.06270849008640766
2018-09-21,31.47781513966192,0.6313788297980985,-0.041822690260755024,31.64645038715576,-0.08463988760061625,0.05016012616137644
2018-09-25,31.783660593456588,0.6445079502333151,0.013129120435216635,31.721523193206238,0.008000143673040583,0.09264003127365683
2018-09-26,31.39353107083636,0.40283239768815093,-0.24167555254516415,31.74373466278186,0.1477123101391662,0.1397121664661256
2018-09-27,30.1313441087407,-0.17788366390486843,-0.5807160615930194,31.141170992888306,-0.10097231303749865,-0.24868462317666484
2018-09-28,30.348320829125285,-0.31379203971892267,-0.13590837581405424,31.15304301360095,-0.13912739792914763,-0.03815508489164898
2018-10-01,30.62169324492102,-0.17122437894818177,0.1425676607707409,31.128931452426954,-0.10350378694576179,0.035623610983385845
2018-10-02,30.17455076940076,-0.3218219648111642,-0.15059758586298244,30.962364986528335,-0.1518316413355798,-0.048327854389818015
2018-10-03,29.9167277655948,-0.2953606610483135,0.02646130376285072,30.906258786610117,-0.1674951752343503,-0.01566353389877051
2018-10-04,30.450861208430346,0.06390341993792958,0.3592640809862431,30.918709636050657,-0.044492271367527536,0.12300290386682278
2018-10-05,30.363675298217856,0.0030708938185171064,-0.06083252611941248,30.80116716961311,-0.07037516879756822,-0.025882897430040686
2018-10-09,30.386309664760383,-0.04707671603213015,-0.05014760985064726,30.808163478382028,-0.06415359480898886,0.006221573988579365
2018-10-10,31.170597516789798,0.19920934947780822,0.24628606550993837,28.103090907829504,-0.5718548157397656,-0.5077012209307767
2018-10-11,29.790502124039214,-0.02524512831111636,-0.22445447778892458,28.098784948560336,-0.5614947676099504,0.01036004812981517
2018-10-12,35.16219800764499,0.9422673598429228,0.9675124881540391,29.45696192034518,-0.2923495431410963,0.26914522446885414
2018-10-15,34.95229426974879,0.9177237943061911,-0.02454356553673165,29.084911727477476,-0.3432510884271345,-0.050901545286038186
2018-10-16,35.52023001369961,1.026784069787844,0.10906027548165298,29.615537333789206,-0.23852522891855799,0.10472585950857649
2018-10-17,35.744125649665904,0.9147056265752198,-0.11207844321262428,29.70259744634661,0.31990130770341807,0.558426536621976
2018-10-18,35.880447895000984,1.2179891541923524,0.3032835276171326,29.840356383967098,0.3483142870813545,0.02841297937793641
2018-10-19,35.88305345482402,0.14417108943581525,-1.0738180647565372,29.777984545532036,0.06420452503737195,-0.28410976204398253
2018-10-22,35.695600433027835,0.14866123265580455,0.0044901432199893065,29.9909285776613,0.18120337003676212,0.11699884499939017
2018-10-23,35.725684897751975,0.04109097681048013,-0.10757025584532443,29.630071647128446,0.0029068626678494525,-0.17829650736891267
2018-10-24,37.46912108941129,0.34499908794906275,0.3039081111385826,31.00946415845791,0.26137334242226373,0.2584664797544143
2018-10-25,36.984323302231005,0.2207750814460141,-0.12422400650304866,30.83884394921354,0.19969751304928351,-0.06167582937298022
2018-10-26,39.54005185098781,0.7313996792327586,0.5106245977867445,32.464752522440804,0.5373535953817523,0.3376560823324688
2018-10-29,39.30036561632265,0.7209530366589618,-0.010446642573796794,32.4061238079195,0.4830390460516476,-0.05431454933010471
2018-10-30,38.904423409594465,0.6357477023684979,-0.08520533429046395,32.18232885224765,0.5104514410238359,0.02741239497218828
2018-10-31,39.35750427507597,0.37767663713292876,-0.2580710652355691,32.16101848081361,0.2303108644711429,-0.280140576552693
2018-11-01,40.26170630909576,0.6554766013729534,0.2777999642400246,32.81729622974167,0.39569045610562625,0.16537959163448335
2018-11-02,39.16498036495196,-0.07501429720716857,-0.730490898580122,32.18776951782422,-0.05539660092331644,-0.4510870570289427
2018-11-05,39.09072396552935,-0.04192833015866171,0.03308596704850686,32.12861640240844,-0.05550148110221187,-0.00010488017889542789
2018-11-06,39.14000956011683,0.04711723010447599,0.0890455602631377,32.2755678809133,0.0186478057331243,0.07414928683533617
2018-11-07,39.75865579825496,0.08023030463579062,0.033113074531314624,32.684002170302975,0.1045967378978716,0.0859489321647473
2018-11-08,39.993530881860806,-0.053635085446984476,-0.1338653900827751,32.68258378212377,-0.026942489523570146,-0.13153922742144175
2018-11-09,41.067627806921905,0.38052948839398937,0.43416457384097384,32.832451204681135,0.12893633737137833,0.15587882689494847
2018-11-12,40.872489946819066,0.3563531962579418,-0.02417629213604755,32.839825404580964,0.14224180043450474,0.01330546306312641
2018-11-13,41.02298954270721,0.37659599651807696,0.02024280026013514,32.80445094653608,0.10577661312455433,-0.03646518730995041
2018-11-14,42.24328792912493,0.4969264261739994,0.12033042965592244,34.061415733736126,0.2754827126866317,0.16970609956207738
2018-11-15,41.83445209222725,0.3681842420732835,-0.12874218410071592,34.30391061747814,0.32426536707087195,0.04878265438424023
2018-11-16,41.82582690596966,0.151639819809553,-0.2165444222637305,34.35058584294664,0.30362692765309873,-0.020638439417773213
2018-11-19,41.59313717521001,0.14412944567818187,-0.0075103741313711225,34.25512804729473,0.2830605285427623,-0.02056639911033642
2018-11-20,41.175725068526035,0.030547105163776678,-0.11358234051440519,34.30513447516076,0.3001367057249311,0.017076177182168806
2018-11-21,40.12105893976546,-0.42444579787189696,-0.45499290303567363,34.35382403871,0.058481660994772255,-0.24165504473015886
2018-11-22,39.21997482377235,-0.5228954536909782,-0.09844965581908127,34.28381276593758,-0.004019570308109621,-0.06250123130288188
2018-11-26,39.256608603007436,-0.5138436605924497,0.009051793098528549,34.29228316512268,-0.011660535564793406,-0.007640965256683785
2018-11-27,39.17148240705676,-0.4843309536306464,0.029512706961803303,34.345018682947476,0.017978127130554356,0.02963866269534776
2018-11-28,39.00920619417566,-0.4333037748700761,0.05102717876057028,34.412732702691585,0.02151964550616725,0.0035415183756128954
2018-11-29,38.841575951000394,-0.2558965977530221,0.177407177117054,34.393234258356685,0.007882043929335225,-0.013637601576832026
2018-11-30,38.76499123378677,-0.09099671799710762,0.16489987975591447,34.37269940397218,0.01777732760691464,0.009895283677579414
2018-12-03,38.576621272625204,-0.13599746607644647,-0.04500074807933885,34.32272588559198,0.006088544093856285,-0.011688783513058354
2018-12-04,38.87119063748541,-0.060058353914271834,0.07593911216217464,34.6014730638791,0.051290876186321555,0.04520233209246527
2018-12-05,40.218624746372896,0.24188371043944557,0.3019420643537174,35.54678334958548,0.22681012937878364,0.1755192531924621
2018-12-06,39.8376584332274,0.19921649644540906,-0.0426672139940365,35.45918988326308,0.2131911249812788,-0.013619004397504852
2018-12-07,40.48887224551241,0.3447762023451233,0.14555970589971423,35.797408617106825,0.2849418426269281,0.07175071764564933
2018-12-10,40.45129164320862,0.37493407411668045,0.030157871771557154,35.850552532025134,0.3055653292866367,0.02062348665970859
2018-12-11,41.08872587896232,0.44350704829538756,0.06857297417870711,36.36061280894208,0.35182794901259484,0.04626261972595813
2018-12-12,41.08442979799753,0.17316101032492526,-0.2703460379704623,36.3097494645235,0.1525932229875977,-0.19923472602499714
2018-12-13,41.869951150844884,0.40645854352349176,0.2332975331985665,36.507518699796584,0.2096657633067096,0.05707254031911191
2018-12-14,41.856855856443545,0.27359672218622677,-0.13286182133726498,36.49294191243581,0.13910665906579567,-0.07055910424091394
2018-12-17,42.15434900313839,0.34061147198595876,0.06701474979973199,36.842184470368736,0.1983263876687147,0.05921972860291902
2018-12-18,42.05717834019728,0.19369049224699353,-0.14692097973896523,36.53712458733009,0.03530235567760087,-0.16302403199111382
2018-12-19,42.68975072896346,0.32106418619318333,0.1273736939461898,36.9142940047124,0.12090890803779075,0.08560655236018988
2018-12-20,42.498828856822186,0.12577554119545908,-0.19528864499772425,36.87260165009134,0.07301659005894834,-0.047892317978842414
2018-12-21,43.48631223945915,0.325891276603123,0.20011573540766392,37.64779667929959,0.2309709533727542,0.15795436331380586
2018-12-25,43.777811280555525,0.3246924554834294,-0.001198821119693605,37.824391356866926,0.19644137729963518,-0.03452957607311902
2018-12-26,47.56541414985759,1.101647161932057,0.7769547064486275,40.984313221809714,0.8894377268959275,0.6929963495962923
2018-12-27,47.48481690325067,0.9590132348574372,-0.14263392707461975,41.08601694798662,0.8343445886548437,-0.05509313824108375
2018-12-28,50.48017019260425,1.5962682671564181,0.637255032298981,43.65379519951625,1.356238709884984,0.5218941212301402
2019-01-04,50.08893089638893,1.3205237313859541,-0.275744535770464,43.59169459026266,1.188779582192609,-0.16745912769237492
2019-01-07,50.07805402923768,1.2600485497364318,-0.06047518164952237,43.661246206323774,1.1673709698913726,-0.021408612301236474
2019-01-08,51.628125162836454,0.8125422025957789,-0.44750634714065285,44.65873008146525,0.7348833719311116,-0.4324875979602609
2019-01-09,51.393070207211835,0.7816506607922307,-0.03089154180354825,44.31439787149969,0.6456761847026087,-0.08920718722850296
2019-01-10,51.872213324095455,0.27840862629824414,-0.5032420344939865,44.425320696476064,0.15430509939196213,-0.49137108531064655
2019-01-11,51.88116729226776,0.35844727917576336,0.08003865287751921,44.457585025879766,0.17317808712342497,0.018872987731462842
2019-01-15,51.66479547093008,0.3173482883384722,-0.04109899083729118,44.324030761784755,0.1325569110921876,-0.04062117603123738
2019-01-16,51.63445017706442,0.001265002845592278,-0.3160832854928799,44.11219537604211,-0.10930694108462546,-0.24186385217681305
2019-01-17,51.54617380643768,0.03062071984517445,0.02935571699958217,44.073676253778636,-0.048144323544214274,0.06116261754041119
2019-01-18,51.547848942667265,-0.06487287628564076,-0.0954935961308152,44.17674596106043,-0.04971494708312463,-0.001570623538910354
2019-01-21,52.024333059173074,0.028633153381065313,0.09350602966670607,44.32325344979107,-0.02686631521773819,0.022848631865386437
2019-01-22,52.11802091372199,0.09064508855838938,0.06201193517732406,44.28553503147681,-0.007699146061590056,0.019167169156148134
2019-01-23,52.11123051105285,0.09535606679768449,0.004710978239295116,44.06997280036016,-0.008444515136382336,-0.0007453690747922792
2019-01-24,52.26477175000211,0.1437195887128837,0.048363521915199215,44.129091055848136,0.011082960413894227,0.019527475550276563
2019-01-25,50.40946022901555,-0.22767774273035002,-0.3713973314432337,44.17789230333284,0.0002292684544826784,-0.010853691959411549
2019-01-28,50.75343573950589,-0.2541794639334256,-0.02650172120307559,44.095017646583,-0.04564716064160734,-0.04587642909609002
2019-01-29,50.56032773755645,-0.31153863523312,-0.05735917129969437,44.11915035270227,-0.03327693575491253,0.012370224886694814
2019-01-30,50.25720348517574,-0.3708054051754175,-0.059266769942297515,43.967316659657726,-0.020531228140491464,0.012745707614421065
2019-01-31,50.17501422592009,-0.41795150481640064,-0.04714609964098315,43.99266200094299,-0.027285810981027225,-0.006754582840535761
2019-02-01,50.52460233381284,0.02302842095944868,0.4409799257758493,44.03863122264434,-0.027852216137695507,-0.0005664051566682815
2019-02-04,49.776575792260985,-0.19537198944897227,-0.21840041040842095,43.67465421961626,-0.08407268539335178,-0.05622046925565627
2019-02-05,49.59873524421582,-0.19231849866812922,0.003053490780843049,43.42360627272569,-0.13910881599531422,-0.05503613060196244
2019-02-06,48.38206400762647,-0.37502789550985227,-0.18270939684172305,43.248385266504116,-0.1437862786307207,-0.004677462635406471
2019-02-07,48.4587669433553,-0.34324945651295735,0.03177843899689492,43.186866604844695,-0.161159079219658,-0.01737280058893731
2019-02-08,46.90012581743051,-0.7248953032764689,-0.38164584676351154,43.1670617534044,-0.17431389384799445,-0.013154814628336453
2019-02-12,47.4846554522931,-0.45838406799357756,0.26651123528289133,43.40457199481908,-0.05401644495943003,0.12029744888856442
2019-02-13,48.46339135515403,-0.2270687778123559,0.23131529018122166,44.119631563694654,0.13920505819378803,0.19322150315321807
2019-02-14,48.596744396854604,0.042936077845624254,0.27000485565798016,44.162098945225694,0.18274273574431277,0.043537677550524734
2019-02-15,48.280727795148394,-0.035607829641385536,-0.07854390748700979,44.16552468448393,0.1957316159278477,0.012988880183534945
2019-02-18,48.985066027562326,0.4169880420263681,0.4525958716677536,44.0441056592244,0.17540878116400904,-0.02032283476383867
2019-02-19,49.466792658906954,0.3964274413227713,-0.020560600703596776,44.239971419939465,0.1670798850240658,-0.008328896139943254
2019-02-20,49.62797669161469,0.23291706729213502,-0.16351037403063629,44.30778845695123,0.037631378651326486,-0.1294485063727393
2019-02-21,49.388088245177755,0.15826876966463033,-0.07464829762750469,44.54276183320793,0.07613257759643943,0.03850119894511295
2019-02-22,49.538881088638725,0.251630658698069,0.09336188903343867,44.786150312142226,0.12412512553166266,0.04799254793522323
2019-02-25,49.2575627208294,0.0544993386534145,-0.1971313200446545,44.81087211351634,0.15335329085838367,0.029228165326721012
2019-02-26,49.56227374256995,0.019096216732592097,-0.0354031219208224,45.04818744725797,0.16164320546371158,0.008289914605327908
2019-02-27,49.78523017638277,0.03145069695361258,0.01235448022102048,45.126409421998915,0.16372419300952856,0.0020809875458169813
2019-02-28,49.02105463960448,-0.07340672111465096,-0.10485741806826354,45.071953451484994,0.10583832365541923,-0.05788586935410933
2019-03-01,49.37826096196308,-0.03212402533512915,0.041282695779521816,45.249932215788775,0.09275638072930548,-0.013081942926113754
2019-03-04,49.64490362031883,0.07746817989788468,0.10959220523301383,45.32907352913238,0.10364028312321238,0.010883902393906908
2019-03-05,49.969460055672656,0.08143726262053974,0.00396908272265506,45.23215601360188,0.036793713268771455,-0.06684656985444093
2019-03-06,50.19975929216981,0.08290582315741091,0.0014685605368711663,44.94664683222775,-0.035952517954228824,-0.07274623122300028
2019-03-07,50.535398776877585,0.30286882745462407,0.21996300429721316,44.68470937629068,-0.07744881503886347,-0.04149629708463465
2019-03-08,50.62425374331305,0.2491985562699881,-0.053670271184635965,44.65168767356102,-0.11964890844554787,-0.0422000934066844
2019-03-11,51.07302522278391,0.2856243204930138,0.03642576422302568,44.95638534679556,-0.07453763646736888,0.04511127197817899
2019-03-12,51.25551698933512,0.2572113867325072,-0.028412933760506576,44.9280604524574,-0.06081911222889147,0.013718524238477414
2019-03-13,51.81502263441551,0.3230526684491366,0.0658412817166294,45.191488230826835,0.048968279719815655,0.10978739194870712
2019-03-14,52.09250672648143,0.3114215899207622,-0.011631078528374417,45.25018760149629,0.11309564504112046,0.06412736532130481
2019-03-15,52.212210859974675,0.31759142333233115,0.006169833411568959,45.206062315449024,0.11087492837760493,-0.0022207166635155318
2019-03-18,52.53976824640453,0.29334860472412316,-0.024242818608207983,45.34785635714472,0.07829420206983428,-0.03258072630777065
2019-03-19,52.562113177927436,0.26131923771846033,-0.032029367005662834,45.37313884503267,0.08901567851505376,0.01072147644521948
2019-03-20,51.60091706440103,-0.04282111400289779,-0.3041403517213581,45.24943201681867,0.011588757198367716,-0.07742692131668605
2019-03-22,51.73563284511026,-0.07137477627423294,-0.028553662271335156,45.243260928326364,-0.0013853346339871564,-0.012974091832354873
2019-03-25,50.98645014812554,-0.2451521423698253,-0.17377736609559236,45.15893102363075,-0.009426258363660622,-0.008040923729673466
2019-03-26,52.23760333151189,-0.06043298297852573,0.18471915939129957,45.77754048237695,0.08593682504645273,0.09536308341011335
2019-03-27,52.72348280246409,0.03227392490732939,0.09270690788585512,46.47526810616492,0.22042585222644817,0.13448902717999545
2019-03-28,52.46975746014381,0.17376807914855164,0.14149415424122225,46.277730138550396,0.2056596243463389,-0.014766227880109284
2019-03-29,52.47449780675703,0.14777299232935093,-0.025995086819200708,46.49682741734749,0.250713297804225,0.045053673457886134
2019-04-01,52.367151013536095,0.27614017308211913,0.1283671807527682,46.39567670194724,0.24734913566329908,-0.0033641621409259415
2019-04-02,52.36283966340915,0.025047266379452537,-0.2510929067026666,46.54727705784554,0.15394731509372406,-0.09340182056957502
2019-04-03,51.97424498706242,-0.14984756308033553,-0.17489482945978807,46.433352500188604,-0.00838312119526563,-0.1623304362889897
2019-04-04,51.46808590062052,-0.20033431190465478,-0.05048674882431925,46.41917673938515,0.02828932016695518,0.03667244136222081
2019-04-05,51.51335418967381,-0.19222872341664754,0.008105588488007243,46.35674645944923,-0.028016191579659733,-0.05630551174661491
2019-04-08,50.51086705665112,-0.3712567913769931,-0.17902806796034554,46.40313281063496,0.0014912217375453451,0.029507413317205078
2019-04-09,50.31255269110359,-0.4100573944611128,-0.0388006030841197,46.40597377570285,-0.028260656428535924,-0.02975187816608127
2019-04-10,44.593201844793285,-1.4762086284538256,-1.0661512339927128,46.27680986879318,-0.03130852627908354,-0.003047869850547613
2019-04-11,44.83093441102861,-1.327430297918383,0.14877833053544265,46.07837126857379,-0.06816109416227789,-0.036852567883194354
2019-04-12,39.852247096154784,-2.33222141870381,-1.004791120785427,45.87423538265078,-0.09650221535969195,-0.028341121197414054
2019-04-15,39.737296518162935,-2.154714107697629,0.1775073110061811,45.884679848313894,-0.1036905924642042,-0.007188377104512256
2019-04-16,39.68788877009777,-2.124932784201171,0.0297813234964579,46.04926984712459,-0.07134078571565539,0.032349806748548815
2019-04-17,37.096653920070395,-1.4993095849445766,0.6256231992565944,46.072179861810554,-0.04092600139652802,0.030414784319127364
2019-04-18,37.130436570201994,-1.5400995681653171,-0.04078998322074057,46.18003986045794,0.02033371837683262,0.061259719773360644
2019-04-19,36.937588876553974,-0.582931643920169,0.9571679242451481,46.18507683778297,0.06216829102643828,0.04183457264960566
2019-04-22,36.884456787207995,-0.5705679461909838,0.012363697729185219,46.03629135765037,0.03032230186729379,-0.031845989159144494
2019-04-23,36.91814232747423,-0.5539492885247057,0.016618657666278125,46.15716991860437,0.021580014295956573,-0.008742287571337215
2019-04-24,37.09169302196645,-0.0009921796207947864,0.5529571089039109,46.18088858929593,0.021741745497074305,0.00016173120111773187
2019-04-25,37.299222786845164,0.03375724332863683,0.03474942294943162,46.10308541096538,-0.015390889898512228,-0.03713263539558653
2019-04-26,37.38143867894331,0.08876996047786889,0.05501271714923206,46.294988065699506,0.02198224558331674,0.03737313548182897
2019-05-07,36.83426624065302,-0.010038109311004462,-0.09880806978887335,46.24410966854417,0.041563662178752736,0.019581416595435996
2019-05-08,36.27346822711678,-0.12893482007147838,-0.11889671076047392,45.714926534672685,-0.08844867678633506,-0.1300123389650878
2019-05-09,37.199369214403944,0.021535238487494723,0.1504700585589731,46.04527483860488,-0.027122750138211416,0.06132592664812364
2019-05-10,36.88667953196726,-0.08250865097557636,-0.10404388946307108,44.58558433071667,-0.3035002160497413,-0.2763774659115299
2019-05-13,36.58794704615714,-0.1586983265572357,-0.07618967558165934,44.573932404059335,-0.34421113232802725,-0.040710916278285936
2019-05-14,36.29118212363571,-0.108616823403473,0.050081503153762696,44.20508517022108,-0.40780489966461886,-0.06359376733659161
2019-05-15,35.932608725717714,-0.06817190027980047,0.04044492312367254,44.02836410689558,-0.3373124855554295,0.07049241410918938
2019-05-16,36.01941600656747,-0.2359906415672981,-0.16781874128749763,43.89916531287669,-0.4292219051456385,-0.09190941959020904
2019-05-17,35.797745926692045,-0.21778672105505592,0.018203920512242178,43.854294949589594,-0.14625787622541253,0.282964028920226
2019-05-20,35.56502977566261,-0.2045834540988949,0.01320326695616103,43.84006656913578,-0.14677316698470833,-0.0005152907592957945
2019-05-21,35.812005356986504,-0.09583535332984638,0.1087481007690485,43.66829545998438,-0.10735794204734361,0.03941522493736471
2019-05-22,35.488702069012746,-0.08878133134099642,0.007054021988849968,42.862555927006994,-0.23316163597771578,-0.12580369393037216
2019-05-23,35.696793488291945,-0.06452450365509321,0.024256827685903204,42.95265278719111,-0.189302505137114,0.04385913084060178
2019-05-24,35.72383693803822,-0.014781797730776702,0.04974270592431651,41.91887418925687,-0.38708415206654934,-0.19778164692943534
2019-05-27,35.50089404278192,-0.012827146576128712,0.0019546511546479906,42.02492783921029,-0.363027745985093,0.024056406081456316
2019-05-28,34.261185135860416,-0.3101640442252247,-0.297336897649096,42.27657250721806,-0.2783445905532673,0.0846831554318257
2019-05-29,32.37837888606687,-0.6220646365891653,-0.31190059236394063,42.25252932618926,-0.12200532016354515,0.15633927038972217
2019-05-30,32.17029557170241,-0.7052995833179097,-0.08323494672874432,41.96345980158295,-0.1978385971216312,-0.07583327695808606
2019-05-31,31.887324485002118,-0.7673024906072214,-0.06200290728931179,42.33086299738794,0.08239776162621126,0.2802363587478425
2019-06-03,32.62035773508447,-0.5761072615394909,0.19119522906773057,42.55875850650922,0.1067661334597858,0.024368371833574543
2019-06-04,31.904162654679304,-0.47140449623622516,0.10470276530326572,42.61245916672411,0.06717733190121322,-0.039588801558572584
2019-06-05,31.491946340751532,-0.17728650906306598,0.2941179871731592,42.21975666377777,-0.0065545324823048645,-0.07373186438351809
2019-06-06,33.18551744114379,0.20304437388827523,0.3803308829513412,42.85534401010018,0.1783768417034537,0.18493137418575856
2019-06-07,33.215142865711684,0.2655636761419089,0.06251930225363367,42.53636007996138,0.04109941651469029,-0.1372774251887634
2019-06-10,33.27131910663368,0.1301922743098416,-0.1353714018320673,42.67418323441298,0.02308494558074159,-0.0180144709339487
2019-06-11,33.629524305384834,0.3450723301411074,0.2148800558312658,42.96003818368183,0.06951580339154617,0.04643085781080458
2019-06-12,33.647016150011055,0.4310139618519031,0.08594163171079572,42.4153635116144,0.03912136956733292,-0.03039443382421325
2019-06-13,33.608020118918915,0.0845005355550299,-0.3465134262968732,42.553089393742695,-0.06045092327150314,-0.09957229283883606
2019-06-14,33.578897459750706,0.07275091880780593,-0.011749616747223968,42.7646123165794,0.04565044732360235,0.1061013705951055
2019-06-17,33.639331831292324,0.07360254493173102,0.0008516261239250866,42.98291962627661,0.061747278372727976,0.016096831049125626
2019-06-18,33.61067804258283,-0.003769252560402947,-0.07737179749213396,43.113476106923,0.03068758464823418,-0.031059693724493798
2019-06-19,33.66950052936973,0.004496875871737416,0.008266128432140363,43.306822006637674,0.17829169900466013,0.14760411435642595
2019-06-20,34.634006980489886,0.20519737231419555,0.20070049644245813,43.69425610651656,0.22823334255477334,0.04994164355011321
2019-06-21,34.502480060736985,0.1847165201972487,-0.020480852116946835,43.66388129355241,0.17985379539459956,-0.048379547160173786
2019-06-24,33.48497366235276,-0.03087163378791047,-0.21558815398515918,43.74408026043493,0.1522321268316631,-0.027621668562936463
2019-06-25,33.484507386330435,-0.025234131250478242,0.005637502537432226,43.783567564363125,0.1340182914880259,-0.018213835343637186
2019-06-26,32.57190592868935,-0.21951892013608187,-0.19428478888560363,43.91197650964466,0.1210309006013972,-0.012987390886628702
2019-06-27,32.28682257264401,-0.4694368815691732,-0.2499179614330913,43.921310467046894,0.04541087210606065,-0.07562002849533656
2019-06-28,32.94564110814781,-0.3113677905178349,0.15806909105133826,44.15091580868218,0.09740690302595567,0.05199603091989502
2019-07-01,32.61879101751866,-0.17323652896681807,0.13813126155101685,44.02981846862855,0.057147641638721325,-0.040259261387234346
2019-07-02,34.395887336329366,0.18227598999978767,0.35551251896660574,43.980535313977896,0.03939354992295563,-0.017754091715765696
2019-07-03,34.46695693546688,0.37901020135550567,0.196734211355718,44.060604596382575,0.029725617347587274,-0.009667932575368354
2019-07-04,34.60486993907696,0.4636094732865885,0.08459927193108285,43.7321915629615,-0.037823780817078045,-0.06754939816466532
2019-07-05,34.92488731078832,0.39584924052810777,-0.06776023275848075,43.850856877873504,-0.06001178616173064,-0.022188005344652595
2019-07-08,32.654968098872374,0.007235416270738426,-0.38861382425736934,43.43761137683731,-0.11844141835825184,-0.0584296321965212
2019-07-09,30.49032652847069,-0.781112161571734,-0.7883475778424724,43.55313078026737,-0.08548090674210584,0.03296051161614599
2019-07-10,30.70880965126971,-0.7516294568394315,0.029482704732302523,43.137770962061225,-0.18456672686426856,-0.09908582012216272
2019-07-11,29.703438811723586,-0.9802862254706746,-0.22865676863124307,43.12282611182056,-0.12187309022819903,0.06269363663606953
2019-07-12,29.72565190124937,-1.0398470819077943,-0.059560856437119725,42.83179054069858,-0.20381326743498107,-0.08194017720678204
2019-07-16,28.642294344941277,-0.8025347507862186,0.23731233112157568,42.842373074532134,-0.11904766046103532,0.08476560697394575
2019-07-17,28.991599418711296,-0.2997454219518758,0.5027893288343428,42.47827390774016,-0.21497137450543846,-0.09592371404440314
2019-07-18,28.846304303688143,-0.3725010695163178,-0.07275564756444197,42.53068622218849,-0.12141694797454505,0.09355442653089341
2019-07-19,30.788296054393996,0.2169714485340819,0.5894725180503997,42.379237753524485,-0.14871767165921312,-0.02730072368466807
2019-07-22,32.434049075349506,0.5416794348200291,0.3247079862859472,42.65475076562049,-0.03540795501562144,0.11330971664359168
2019-07-23,32.284227303100266,0.7283865916317964,0.1867071568117673,39.05970937257405,-0.75653274039162,-0.7211247853759986
2019-07-24,32.63183386491913,0.7280468892415684,-0.00033970239022806936,39.090503297370134,-0.6775541220739996,0.07897861831762043
2019-07-25,32.45822304730751,0.7223837487238747,-0.005663140517693677,35.97964815865869,-1.310207612705966,-0.6326534906319665
2019-07-26,32.29141916452514,0.300624622026227,-0.4217591266976477,35.866052885479036,-1.3026369736090828,0.007570639096883269
2019-07-29,32.19657270525717,-0.047495274018466205,-0.3481198960446932,35.56674248918149,-1.417601655287804,-0.11496468167872109
2019-07-30,31.55757311340122,-0.1453308379398095,-0.0978355639213433,34.014313692905716,-1.0090791359336677,0.4085225193541362
2019-07-31,31.342509376640187,-0.25786489765578935,-0.11253405971597985,33.97425954164602,-1.0232487511448198,-0.01416961521115212
2019-08-01,31.288362809879843,-0.2339720474855369,0.023892850170252444,33.7447681875601,-0.4469759942197129,0.5762727569251069
2019-08-02,30.727372452327145,-0.31280934243959635,-0.07883729495405944,33.45672862346896,-0.48186485240202614,-0.03488885818231324
2019-08-05,32.303930775491466,0.0214716140468596,0.33428095648645595,34.085422748319516,-0.29626394817239543,0.18560090422963071
2019-08-06,33.03565981766726,0.2956173408532088,0.2741457268063492,34.4297997972308,0.08309722086502802,0.37936116903742345
2019-08-07,32.81136192362213,0.29377050939639204,-0.0018468314568167443,34.35876372121649,0.07690083591408836,-0.00619638495093966
2019-08-08,32.5948496365437,0.2612973653327657,-0.032473144063626336,34.2726659651898,0.10557955552594223,0.028678719611853865
2019-08-09,32.2311565403846,0.300756817611493,0.03945945227872727,33.985551449252895,0.10576456515678245,0.00018500963084022715
2019-08-13,32.45057802089758,0.029329449081224368,-0.2714273685302686,33.91865795420178,-0.03335295882354217,-0.13911752398032462
2019-08-14,33.50563794089632,0.09399562464581379,0.06466617556458942,34.060493687483124,-0.07386122194953515,-0.04050826312599298
2019-08-15,32.551609503965366,-0.05195048393135693,-0.14594610857717072,34.06111173352963,-0.05953039753737954,0.014330824412155607
2019-08-16,33.047300793855996,0.09049023146246071,0.14244071539381764,34.2935422542097,0.004175257803979093,0.06370565534135864
2019-08-19,33.44291648414239,0.24235198875155817,0.15186175728909745,34.19438630732844,0.041766971615111004,0.03759171381113191
2019-08-20,33.86327416608515,0.2825392290375106,0.04018724028595244,34.129979118987976,0.04226423295724402,0.0004972613421330152
2019-08-21,34.24858809659739,0.14859003114021618,-0.13394919789729443,34.33524619359058,0.054950501221483705,0.012686268264239686
2019-08-22,34.44189525721458,0.3780571506498376,0.2294671195096214,34.38658106565882,0.06509386642584047,0.010143365204356769
2019-08-23,34.79714578332417,0.3499689978936473,-0.028088152756190254,34.19244548361338,-0.020219354119255684,-0.08531322054509616
2019-08-26,34.73905484680135,0.2592276725317788,-0.09074132536186852,34.57346253245376,0.07581524502506198,0.09603459914431767
2019-08-27,36.05851769289551,0.43904870536208307,0.17982103283030426,34.951658670004996,0.16433591020339833,0.08852066517833634
2019-08-28,36.59893883059331,0.47007014679917347,0.031021441437090402,35.20845096465598,0.17464095421308912,0.01030504400969079
2019-08-29,36.71629997839463,0.45488094423601666,-0.015189202563156812,35.306542196429746,0.18399222615418154,0.00935127194109242
2019-08-30,36.96744159453765,0.434059162242697,-0.020821781993319632,35.26805630913954,0.2151221651052282,0.031129938951046654
2019-09-02,37.8062383705622,0.6134367047521678,0.1793775425094708,34.963235404004,0.07795457431004849,-0.1371675907951797
2019-09-03,37.745562740300585,0.33740900948101427,-0.27602769527115356,34.07535855867772,-0.175260022265455,-0.2532145965755035
2019-09-04,37.82706439331428,0.2456251125441966,-0.09178389693681765,33.9376630718403,-0.25415757856313803,-0.07889755629768302
2019-09-05,37.731653986001206,0.20307080152130652,-0.04255431102289009,33.93060732087304,-0.27518697511134604,-0.021029396548208013
2019-09-06,39.44139233080709,0.4947901472538945,0.29171934573258795,34.71527472376256,-0.11055631707538538,0.16463065803596066
2019-09-09,38.51172123176222,0.14109657224000216,-0.3536935750138923,34.2582799296482,-0.14099109487116124,-0.030434777795775858
2019-09-10,38.80150697793749,0.21118884752738154,0.07009227528737938,34.42464033966796,0.06985635619804498,0.21084745106920622
2019-09-11,38.20222963422475,0.07503304818209244,-0.1361557993452891,34.04102408876834,0.020672203385608157,-0.04918415281243682
2019-09-12,37.49463096124708,-0.04740460495082033,-0.12243765313291277,34.51493402942205,0.11686534170981133,0.09619313832420318
2019-09-13,37.62771828896008,-0.3627348083694031,-0.31533020341858276,34.55199953076129,-0.03265503860026797,-0.1495203803100793
2019-09-17,37.76605854647288,-0.14913253705786644,0.21360227131153664,34.62558872284953,0.0734617586402706,0.10611679724053857
2019-09-18,37.10060865403034,-0.3401796647814308,-0.19104712772356436,34.459922336679654,0.007056399402337377,-0.06640535923793323
2019-09-19,37.13495793621075,-0.21345433960279792,0.12672532517863289,34.45550636831118,0.08289645590857475,0.07584005650623737
2019-09-20,37.05743581701165,-0.08743902884708632,0.1260153107557116,34.32685502335052,-0.03761580121431507,-0.12051225712288982
2019-09-24,36.71366435654221,-0.18281078648357862,-0.0953717576364923,34.26537480850094,-0.057324944452069815,-0.019709143237754745
2019-09-25,36.29337641015152,-0.2945364272642692,-0.11172564078069058,34.115699340665984,-0.10197787643670608,-0.04465293198463627
2019-09-26,36.10282589138865,-0.19955655252833537,0.09497987473593383,34.03480273658594,-0.0850239200187417,0.016953956417964378
2019-09-27,35.931128671440376,-0.24076585295407682,-0.041209300425741446,33.98356428878897,-0.09438841590444014,-0.009364495885698432
2019-09-30,35.250589464111144,-0.3613692705801057,-0.12060341762602889,34.02087851599599,-0.061195301470910124,0.03319311443353001
2019-10-01,35.568990436263945,-0.22893478405565304,0.13243448652445267,33.576726141801274,-0.1377297333399241,-0.07653443186901399
2019-10-02,35.718441721517365,-0.114986937726826,0.11394784632882704,33.686958228877714,-0.08574822235766533,0.05198151098225878
2019-10-03,35.64157187423629,-0.0922508034304741,0.022736134296351906,33.27373698445467,-0.15221315042624894,-0.06646492806858362
2019-10-04,36.661277717027126,0.1460298091173513,0.2382806125478254,33.65609843277288,-0.06549317120321518,0.08671997922303376
2019-10-07,36.66657232081877,0.2831965713415201,0.1371667622241688,33.666594298771145,-0.07085684344497167,-0.00536367224175649
2019-10-08,36.23266588385806,0.13273508951883173,-0.15046148182268837,33.53262275083233,-0.008820678193785625,0.06203616525118605
2019-10-09,36.25533085537987,0.10737782677249896,-0.025357262746332765,33.493434277605786,-0.03870479025438556,-0.029884112060599932
2019-10-10,34.651679273367904,-0.19797852017367745,-0.3053563469461764,33.550858863088166,0.05542437572670167,0.09412916598108723
2019-10-11,34.52193574559412,-0.4278683942866053,-0.22988987411292783,33.47392538182302,-0.0364346101899784,-0.09185898591668007
2019-10-15,34.80044529920592,-0.373225404322568,0.05464298996403727,33.79222108389828,0.025125357025430617,0.06155996721540902
2019-10-16,35.58810426166081,-0.12891232443944745,0.24431307988312057,33.10361220696783,-0.08580210877290284,-0.11092746579833346
2019-10-17,35.602447528748954,-0.1305766653261884,-0.0016643408867409448,32.03203734166203,-0.29227938718874924,-0.2064772784158464
2019-10-18,35.44679139571268,0.15902242446895087,0.28959908979513926,32.16341352125316,-0.2774890683670037,0.01479031882174553
2019-10-21,35.46486486457438,0.18858582379606048,0.029563399327109607,31.623687317176696,-0.37004761292926247,-0.09255854456225876
2019-10-23,35.44450423491594,0.12881178714199848,-0.059774036654062,31.616327649309973,-0.43517868691766637,-0.0651310739884039
2019-10-24,35.384718610652754,-0.040677130201608236,-0.16948891734360672,31.173196098950918,-0.3860832216033785,0.04909546531428788
2019-10-25,35.376198506954694,-0.045249804358853396,-0.00457267415724516,31.36588750605444,-0.13322996712152246,0.252853254481856
2019-10-28,35.29255518043608,-0.030847243055319495,0.0144025613035339,31.327180878706216,-0.1672465285093807,-0.034016561387858246
2019-10-29,35.20010284531119,-0.05295240385263611,-0.022105160797316614,31.301317998158638,-0.06447386380361309,0.10277266470576762
2019-10-30,33.49660998076102,-0.3895788508309863,-0.3366264469783502,31.39408125030989,-0.04444927980001978,0.020024584003593304
2019-10-31,32.168352564561886,-0.6432732092181723,-0.253694358387186,31.199285387282544,0.005217857666327319,0.0496671374663471
2019-11-01,31.803073196683272,-0.7146250620542816,-0.07135185283610923,31.094459129898432,-0.054285675231202646,-0.059503532897529965
2019-11-05,31.004326795894706,-0.8576456769082768,-0.1430206148539952,30.640148956426835,-0.1374063844558755,-0.08312070922467285
2019-11-06,31.663038054615377,-0.7074129581391588,0.15023271876911792,31.023519050216898,-0.055559789588347286,0.08184659486752821
2019-11-07,31.429386747300143,-0.4134446466921844,0.29396831144697444,30.901834025039037,-0.09844944505417175,-0.04288965546582446
2019-11-08,31.234511416316415,-0.1867682296490898,0.2266764170430946,30.60558049452841,-0.1187409785508251,-0.020291533496653358
2019-11-11,30.939221099940667,-0.17277041934852377,0.013997810300566016,30.457299999404725,-0.12743182609874282,-0.008690847547917713
2019-11-12,30.916741723895797,-0.017517014399782482,0.1552534049487413,30.375610126684542,-0.05290776594846136,0.07452406015028146
2019-11-13,30.99392468957911,-0.13382267300724848,-0.116305658607466,30.362651422269487,-0.13217352558947937,-0.07926575964101801
2019-11-14,31.773711339986676,0.06886491853730803,0.2026875915445565,30.48369483960076,-0.08362783708765775,0.048545688501821616
2019-11-15,30.370716706011926,-0.17275894206090214,-0.24162386059821017,30.659107463371924,0.010705393768706273,0.09433323085636403
2019-11-18,28.98998729217488,-0.38984676155315157,-0.21708781949224942,30.712411229507588,0.05102224602056893,0.040316852251862656
2019-11-19,29.121355259442133,-0.3590772928907384,0.030769468662413146,30.604100258558837,0.0456980263748612,-0.005324219645707728
2019-11-20,29.268091505219438,-0.34516663687193727,0.013910656018801149,30.56098951813793,0.03966761917369155,-0.006030407201169652
2019-11-21,29.463203172255817,-0.46210163354616896,-0.11693499667423168,30.67532777079738,0.038326586239321614,-0.0013410329343699345
2019-11-22,29.546218040317953,-0.16489973313879602,0.29720190040737293,30.930213194494435,0.05422114622449925,0.015894559985177636
2019-11-25,28.763564174649673,-0.045284623505040145,0.11961510963375588,30.256975856876046,-0.09108707452630682,-0.14530822075080607
2019-11-26,28.89711293830188,-0.04484846422804978,0.0004361592769903666,30.32696592059387,-0.05542686759299187,0.03566020693331495
2019-11-27,28.134154753931462,-0.22678735025759877,-0.181938886029549,30.517602376272393,-0.008677428373108143,0.046749439219883726
2019-11-28,28.212439049841258,-0.2501528244829103,-0.023365474225311544,30.683688566115038,0.0016721590635313532,0.010349587436639496
2019-11-29,28.26636041059014,-0.2559715259455615,-0.005818701462651177,30.784016605958485,-0.029239317707190793,-0.030911476770722146
2019-12-02,28.433164389976156,-0.06607995693470414,0.18989156901085735,30.977347522359615,0.14407433309671092,0.1733136508039017
2019-12-03,28.459072172818402,-0.08760815309669923,-0.021528196161995083,31.235928725804712,0.181792561042176,0.03771822794546509
2019-12-04,28.689517557636655,0.11107256074104299,0.19868071383774222,31.316347861696848,0.15974909708488738,-0.022043463957288623
2019-12-05,28.74455608365811,0.1064234067633727,-0.004649153977670295,31.525973211649998,0.16845692910699128,0.0087078320221039
2019-12-06,27.540878425084145,-0.14509639710119515,-0.25151980386456785,31.67695463970881,0.17858760675006025,0.010130677643068964
2019-12-09,27.512874438376457,-0.18405799031994263,-0.03896159321874748,31.700203800197322,0.14457125556754846,-0.034016351182511784
2019-12-10,27.570698137457647,-0.17767480707215455,0.006383183247788082,31.777083878787245,0.10823103059650663,-0.036340224971041835
2019-12-11,27.675709019444426,-0.20276170763844448,-0.025086900566289927,31.883624022548496,0.11345523217032394,0.005224201573817311
2019-12-12,27.156684320514245,-0.3175743526287711,-0.11481264499032662,31.886556759978724,0.07211670966574601,-0.041338522504577924
2019-12-13,27.098141373763063,-0.08854741026421564,0.22902694236455545,31.880911689747386,0.04079141000771713,-0.03132529965802888
2019-12-16,28.40206771520993,0.17783865536669197,0.2663860656309076,32.471405932366324,0.15424042643380176,0.11344901642608463
2019-12-17,28.527910452342056,0.19144246297688383,0.013603807610191865,32.62280785580607,0.16914479540376703,0.014904368969965276
2019-12-18,27.353850058591576,-0.0643717921705722,-0.25581425514745604,32.17406527528583,0.05808825054746336,-0.11105654485630367
2019-12-19,27.533521933146588,0.07536752252647361,0.1397393146970458,32.111405220905,0.04496969218525493,-0.013118558362208432
2019-12-20,27.333026405310434,0.04697700630946855,-0.028390516217005057,32.26001425538817,0.07582051312815707,0.030850820942902146
2019-12-23,27.590409782260707,-0.16233158658983982,-0.20930859289930837,31.54085602946344,-0.18610998058057504,-0.2619304937087321
2019-12-24,26.345821349332383,-0.43641782060193535,-0.27408623401209553,31.616164585094467,-0.2013286541423227,-0.015218673561747664
2019-12-25,26.46372550318383,-0.17802491108155394,0.2583929095203814,31.65476268530567,-0.1038605179960328,0.09746813614628991
2019-12-26,26.383996087312703,-0.22990516916677706,-0.05188025808522312,31.538911389734956,-0.11449876623400712,-0.010638248237974324
2019-12-27,26.887125949800087,-0.08918009110206526,0.1407250780647118,31.62203216798111,-0.12759641748141348,-0.013097651247406361
2019-12-30,26.65711509610989,-0.18665893723016325,-0.09747884612809798,31.534006361540598,-0.0013699335845700489,0.12622648389684343
2020-01-06,27.11644315316088,0.15412436076569946,0.3407832979958627,31.59067838705465,-0.005097239607959381,-0.003727306023389332
2020-01-07,28.19443638811083,0.34614217698539207,0.1920178162196926,32.00724828930803,0.07049712080047499,0.07559436040843437
2020-01-08,29.545343007523755,0.6322693840422176,0.2861272070568255,32.40222572668124,0.17266286738925274,0.10216574658877775
2020-01-09,30.660417908965087,0.7546583918329937,0.1223890077907761,32.753438417718684,0.22628124994751886,0.05361838255826612
2020-01-10,31.681172345144063,1.0048114498068337,0.25015305797384,32.65203554388783,0.22360583646943866,-0.002675413478080202
2020-01-14,31.246834895813116,0.8260783485304515,-0.1787331012763822,32.68273118254592,0.21841055909825968,-0.005195277371178975
2020-01-15,30.72975264959409,0.5070632522966534,-0.3190150962337981,32.6130413245768,0.1211586070537507,-0.09725195204450898
2020-01-16,30.711132772787494,0.23315795305274634,-0.27390529924390705,32.68174649782502,0.05590415422875594,-0.06525445282499476
2020-01-17,30.590739309172506,-0.013935719958517723,-0.24709367301126406,32.65258702717378,-0.020170278108977868,-0.07607443233773381
2020-01-20,28.910135520787428,-0.5542073648713242,-0.5402716449128064,32.711101447286495,0.011813180679730806,0.031983458788708674
2020-01-21,29.14110838330612,-0.4211453025014009,0.13306206236992324,32.51432727996439,-0.033680780516306186,-0.04549396119603699
2020-01-22,29.371063831436636,-0.2717377636314886,0.14940753886991232,32.59903769064253,-0.002800726786851726,0.03088005372945446
2020-01-23,29.32964438113293,-0.2762976783309128,-0.0045599146994241835,31.60652341989738,-0.21504461558552634,-0.21224388879867462
2020-01-24,29.647698051347405,-0.1886082515650216,0.0876894267658912,31.809580745633113,-0.16860125630813627,0.04644335927739007
2020-01-27,29.729277218816158,0.16382833960574672,0.3524365911707683,31.650699905686423,-0.21208030832001867,-0.0434790520118824
2020-01-28,30.140163423445657,0.19981100802790763,0.03598266842216091,31.960236752015476,-0.11081810558977878,0.10126220273023989
2020-01-29,29.092750569874767,-0.05566265231237466,-0.2554736603402823,32.06880722146089,-0.10604609383632635,0.004772011753452432
2020-01-30,29.205065966193047,-0.024915682987977306,0.030746969324397355,32.027973546602624,0.08429002534104768,0.19033611917737403
2020-01-31,30.098238190874632,0.09010802790544403,0.11502371089342134,32.42328314083563,0.12274047904050178,0.0384504536994541
2020-02-03,29.904357689403902,0.03501609411755524,-0.05509193378788879,32.321728250639865,0.1342056689906883,0.011465189950186527
2020-02-04,30.00279261009686,-0.02747416266976188,-0.06249025678731712,32.3535630049102,0.07866525057894336,-0.05554041841174495
2020-02-05,29.91001269107985,0.1634524242410187,0.19092658691078057,32.26852595880828,0.03994374746948637,-0.03872150310945699
2020-02-06,30.346395874176018,0.22826598159659284,0.06481355735557415,32.400513352517024,0.07450796118287428,0.034564213713387915
2020-02-07,32.497564321073774,0.47986522603982706,0.2515992444432342,33.22761470517001,0.16086631286687947,0.08635835168400519
2020-02-10,32.49980741038179,0.5190899441955779,0.03922471815575079,32.08773946983389,-0.04679775616119741,-0.20766406902807688
2020-02-12,32.4758186964412,0.4946052172688695,-0.024484726926708333,31.473593210928357,-0.1759939587963686,-0.12919620263517118
2020-02-13,32.60607298691427,0.5392120591668785,0.04460684189800901,31.362333430879993,-0.1812385055856609,-0.005244546789292315
2020-02-14,32.74857278921401,0.48043538300760247,-0.058776676159276064,31.222224279278585,-0.2356578146476842,-0.0544193090620233
2020-02-17,33.47939582431502,0.19636630064825056,-0.2840690823593519,31.30702264959585,-0.3841184111148337,-0.14846059646714949
2020-02-18,32.64858947997959,0.02975641391955719,-0.16660988672869337,31.417492547606408,-0.1340493844454933,0.2500690266693404
2020-02-19,33.67093848501048,0.23902395771385443,0.20926754379429724,31.64238472843624,0.033758303501574716,0.16780768794706802
2020-02-20,33.72407345322145,0.22360009326143881,-0.015423864452415614,31.586266497549097,0.044786613333823055,0.01102830983224834
2020-02-21,34.11232513158916,0.2727504684750315,0.04915037521359267,31.51992129603157,0.05953940335059471,0.014752790016771655
2020-02-25,34.36540534922939,0.1772019049828728,-0.09554856349215868,31.589125135865608,0.05642049725395282,-0.0031189060966418936
2020-02-26,39.43339044680451,1.3569601933649835,1.1797582883821107,34.25762245192449,0.568025980863613,0.5116054836096602
2020-02-27,39.40061797002633,1.1459358970031701,-0.2110242963618134,33.511335382744434,0.3737901308616429,-0.19423585000197008
2020-02-28,40.990530004920274,1.4532913103397647,0.30735541333659455,33.939153665795125,0.4705774336492041,0.0967873027875612
2020-03-02,45.157423549530236,2.2090196835882097,0.755728373248445,36.61369202246921,1.0187541452875237,0.5481767116383196
2020-03-03,44.60399311331521,2.0477175528171756,-0.16130213077103406,36.540743729152624,0.9903237186574074,-0.0284304266301163
2020-03-04,45.32237940949713,1.1777977925385201,-0.8699197602786555,37.0770670020366,0.5638889100224205,-0.42643480863498695
2020-03-05,45.05264754210932,1.1304059144165919,-0.047391878121928244,36.924195766092595,0.6825720766696364,0.1186831666472159
2020-03-06,45.128206371639365,0.8275352733438197,-0.3028706410727722,36.73423756375256,0.5590167795914809,-0.12355529707815549
2020-03-09,47.50592963045419,0.4697012161847951,-0.3578340571590246,38.439410689759924,0.3651437334581473,-0.19387304613333356
2020-03-10,54.00724682373523,1.8806507420840006,1.4109495258992055,43.61785909187233,1.4154230725439376,1.0502793390857903
2020-03-11,53.82036622422872,1.6995973629463137,-0.18105337913768693,43.55210027877085,1.295006655346853,-0.12041641719708451
2020-03-12,53.451066175681476,1.6796837267144369,-0.019913636231876808,43.58437942106154,1.332036730993785,0.03703007564693195
2020-03-13,55.65314736184783,2.1049881980416956,0.4253044713272587,45.58213701885053,1.7695798910195961,0.43754316002581106
2020-03-16,58.49430465706976,2.197675005323106,0.09268680728141021,48.52853881686057,2.01782562542013,0.248245734400534
2020-03-17,57.656924090284015,0.7299354533097642,-1.4677395520133416,48.43654914765699,0.9637380111569342,-1.0540876142631959
2020-03-18,56.21481468532356,0.4788896922189565,-0.2510457610908077,47.55167384956242,0.7999147141583123,-0.16382329699862197
2020-03-19,54.05095283854101,0.11997733257191356,-0.35891235964704293,46.03531671751594,0.4901874592908797,-0.3097272548674326
2020-03-23,50.28484700876335,-1.0736600706168957,-1.1936374031888093,43.79325857157775,-0.35777568945455585,-0.8479631487454355
2020-03-24,48.441462224228374,-2.0105684865682747,-0.936908415951379,42.66840777280677,-1.172026208810756,-0.8142505193562002
2020-03-25,49.407575207203834,-1.6498697766160362,0.3606987099522385,43.451344744714945,-0.9970408805884148,0.17498532822234125
2020-03-26,55.057404293858255,-0.23148207829306244,1.4183876983229737,47.94879233044057,0.07942369617563116,1.076464576764046
2020-03-27,54.482839718793244,0.08637737605045004,0.3178594543435125,47.799014796525654,0.35273961580193713,0.27331591962630597
2020-03-30,55.64645178757726,1.072320955762784,0.9859435797123339,48.7545238741115,0.992253060506755,0.6395134447048179
2020-03-31,54.63437511630431,1.2385825784151834,0.1662616226523994,48.368293341227556,1.1399771136841608,0.14772405317740578
2020-04-01,54.50447096444762,1.0193791514487671,-0.21920342696641626,48.18631724890379,0.9469945008377678,-0.19298261284639295
2020-04-02,54.9956558695727,-0.01234968485712784,-1.031728836305895,48.93456699918876,0.197154933749637,-0.7498395670881308
2020-04-03,54.88144372721261,0.07972080168388374,0.09207048654101158,48.81068184786098,0.20233341026706597,0.005178476517428976
2020-04-06,54.57826828214765,-0.21363670108592459,-0.2933575027698083,48.82645838378207,0.01438690193410963,-0.18794650833295634
2020-04-07,55.75405278772321,0.22393553428378254,0.43757223536970713,49.68433487838746,0.26320830743198087,0.24882140549787124
2020-04-08,55.75512604511374,0.2501310161332242,0.02619548184944165,49.71276979941344,0.3052905101019263,0.042082202669945445
2020-04-09,55.650643896109514,0.13099760530735693,-0.11913341082586726,49.594608072423796,0.13200821464700851,-0.1732822954549178
2020-04-10,55.321082618891836,0.08792777833584609,-0.04306982697151085,49.50190503053216,0.1382446365342389,0.006236421887230392
2020-04-13,55.184159851272696,0.12117831382500555,0.03325053548915946,49.48215255581246,0.1311388344060802,-0.0071058021281587
2020-04-14,55.33823173689473,-0.08316421016569109,-0.20434252399069663,49.64107628833302,-0.008651718010888487,-0.1397905524169687
2020-04-15,55.63191424730371,-0.024642359562008664,0.058521850603682424,49.92412092782122,0.04227022568155547,0.05092194369244396
2020-04-16,55.43494422154909,-0.04313993491208379,-0.018497575350075124,49.86005562294467,0.05308951010417928,0.01081928442262381
2020-04-17,55.29429478752661,-0.005357566273048064,0.037782368639035724,50.00437943026421,0.10049487994641026,0.04740536984223098
2020-04-20,55.25465324460946,0.014098678667359366,0.01945624494040743,50.027842609052854,0.10913801064807416,0.008643130701663893
2020-04-21,54.92123694868279,-0.08339895764238747,-0.09749763630974684,50.05639039910868,0.08306282215513505,-0.026075188492939105
2020-04-22,54.85413378378544,-0.15555609270366233,-0.07215713506127486,50.161361652308386,0.04744814489743021,-0.03561467725770484
2020-04-23,54.68906533447067,-0.1491757774156781,0.006380315287984217,50.0871768043738,0.04542423628582526,-0.002023908611604952
2020-04-24,54.694232980827806,-0.12001236133976079,0.029163416075917326,50.12654541118583,0.024433196184318717,-0.020991040101506542
2020-04-27,54.61004618756263,-0.1289214114093653,-0.008909050069604518,49.94826013167092,-0.015916495476375303,-0.04034969166069402
2020-04-28,54.80415117971262,-0.023417153794035528,0.10550425761532978,50.11642997044589,0.012007914267435638,0.02792440974381094
2020-04-30,54.578855437751,-0.05505566920688665,-0.03163851541285112,49.97786673728426,-0.036698983004825436,-0.048706897272261074
2020-05-01,54.25122107206009,-0.08756885248211432,-0.032513183275227675,49.73801154542045,-0.069833051790674,-0.03313406878584857
2020-05-07,54.47314864323572,-0.04421686751842202,0.0433519849636923,50.06725872801651,-0.011857336633852356,0.05797571515682165
2020-05-08,54.10334757115524,-0.10133972328148388,-0.057122855763061864,49.84342261430049,-0.02096750347408971,-0.009110166840237355
2020-05-11,54.317924800466656,-0.09724527584918263,0.004094447432301251,50.00021177637693,-0.023243638813795542,-0.0022761353397058315
2020-05-12,54.1281177085269,-0.09014754584482176,0.007097730004360869,49.697616308112,-0.0560500858344497,-0.03280644702065416
2020-05-13,53.96425583773478,-0.05739304686505875,0.032754498979763014,49.58242692618154,-0.031116923847783085,0.02493316198666662
2020-05-14,53.65770722456372,-0.1630882837344032,-0.10569523686934446,49.377703803055816,-0.13791098499213916,-0.10679406114435608
2020-05-15,53.660357051999014,-0.08859810383125222,0.07449017990315099,49.478670314505884,-0.0729504599589248,0.06496052503321437
2020-05-18,53.6839664987441,-0.12679166034450873,-0.03819355651325651,49.38835645076311,-0.1223710651227563,-0.04942060516383151
2020-05-19,53.35915030883724,-0.15379347993792436,-0.027001819593415632,49.02813926657532,-0.13389540830733893,-0.01152434318458262
2020-05-20,53.688259567499365,-0.055199254047082036,0.09859422589084232,49.21844957410222,-0.07279547041586198,0.06109993789147694
2020-05-21,53.589280431418956,-0.013685358628954702,0.04151389541812733,49.17607006824889,-0.040326746961390825,0.03246872345447116
2020-05-22,53.28951636097587,-0.07416813820463375,-0.060482779575679047,49.16981207501782,-0.061771647897607806,-0.021444900936216982
2020-05-25,53.44097654037685,-0.04859799167345358,0.02557014653118017,49.170195243776654,-0.04363224139729738,0.01813940650031043
2020-05-26,53.61866882453192,0.051903703138940216,0.1005016948123938,49.388169918519,0.07200613038873627,0.11563837178603364
2020-05-27,53.92652465805351,0.04765301811082878,-0.004250685028111434,49.702656088746565,0.09684130292887261,0.02483517254013634
2020-05-28,53.7561498408015,0.03337388187651413,-0.014279136234314649,49.74795277591327,0.11437654153287724,0.017535238604004633
2020-05-29,53.890172454670505,0.1201312187389263,0.08675733686241216,49.91418072052788,0.14887372910200725,0.034497187569130006
2020-06-01,53.72589321063947,0.05698333405252498,-0.06314788468640131,49.88254653285317,0.14247025781530454,-0.006403471286702711
2020-06-02,53.58064904759257,-0.007603955387878614,-0.0645872894404036,49.840402114623934,0.09044643922099027,-0.052023818594314264
2020-06-03,53.65631176500288,-0.0540425786101153,-0.046438623222236686,50.08170489889953,0.07580976203058754,-0.014636677190402736
2020-06-04,53.65777077402133,-0.019675813356037963,0.034366765254077336,50.14634266336215,0.07967797748978,0.00386821545919247
2020-06-05,53.64676400713407,-0.04868168950729057,-0.029005876151252608,50.136934751146725,0.04455080612376605,-0.035127171366013954
2020-06-08,52.97942518188725,-0.1492936057504437,-0.10061191624315313,50.082866509748,0.04006399537896499,-0.004486810744801062
2020-06-09,52.8970879246218,-0.13671222459415588,0.012581381156287819,50.06915759615807,0.045751096306830163,0.005687100927865174
2020-06-10,52.57044508094815,-0.2171733368109443,-0.08046111221678842,50.018673960766534,-0.012606187626595045,-0.05835728393342521
2020-06-11,51.742480626183564,-0.3830580295675574,-0.1658846927566131,49.985499932512326,-0.03216854616996301,-0.019562358543367964
2020-06-12,52.19342619646177,-0.2906675621344519,0.09239046743310553,50.26086820681631,0.02478669113391163,0.05695523730387464
2020-06-15,52.096569466076545,-0.17657114316214262,0.11409641897230927,50.30473306077438,0.04437331020528035,0.019586619071368716
2020-06-16,52.579032645340575,-0.06361105585624216,0.11296008730590046,50.62715752049692,0.11159998486777312,0.06722667466249277
2020-06-17,53.68662854584393,0.2232366929791496,0.28684774883539177,51.599031615392086,0.3160715309251074,0.2044715460573343
2020-06-18,53.21798651179316,0.2951011771219214,0.0718644841427718,51.560526047782595,0.315005223054051,-0.0010663078710564378
2020-06-19,51.293332214004124,-0.18001879649153096,-0.4751199736134524,51.60470809774632,0.2687679781859984,-0.046237244868052585
2020-06-22,51.37116819776119,-0.14508025366306754,0.034938542828463426,51.549533054568315,0.24895999875879227,-0.019807979427206135
2020-06-23,51.35038262502893,-0.24573000406233092,-0.10064975039926338,51.53394688443569,0.18135787278774984,-0.06760212597104243
2020-06-24,50.20132462682756,-0.6970607838032734,-0.4513307797409425,51.51134667908022,-0.017536987262374737,-0.19889486005012458
2020-06-25,48.366092672531366,-0.9703787678523597,-0.27331798404908625,51.45901931964576,-0.02030134562736663,-0.0027643583649918924
2020-06-26,48.35447232342703,-0.5877719781154198,0.38260678973693985,51.45114458451383,-0.030712702646496837,-0.010411357019130207
2020-06-29,49.00074467508162,-0.4740847045359118,0.11368727357950803,51.480418123136744,-0.01382298628630707,0.016889716360189766
2020-06-30,50.26597569115671,-0.21688138677444613,0.25720331776146566,51.64148018894301,0.02150666090145137,0.03532964718775844
2020-07-01,52.30503506268882,0.4207420871722505,0.6376234739466966,51.62674578334145,0.023079820852252908,0.0015731599508015393
2020-07-02,53.83954441501253,1.0946903484962363,0.6739482613239858,51.65121908000256,0.0384399520713643,0.015360131219111395
2020-07-03,53.75662920836642,1.0804313769878746,-0.01425897150836164,51.63046207775187,0.03586349864760763,-0.002576453423756675
2020-07-06,49.204234951661334,0.04069805531595705,-1.0397333216719176,51.61543390737813,0.02700315684827359,-0.008860341799334037
2020-07-07,49.45618427244261,-0.16195828374281973,-0.20265633905877678,51.76388589192817,0.02448114059702533,-0.0025220162512482602
2020-07-08,48.253426760475264,-0.8103216604427246,-0.6483633766999048,51.56805780761898,-0.011737595144481361,-0.03621873574150669
2020-07-09,48.8483303654569,-0.9982428099111189,-0.18792114946839433,51.60212850210729,-0.009818115579058428,0.0019194795654229324
2020-07-10,48.63965565664663,-1.0233947103439647,-0.025151900432845764,51.56742648427188,-0.012607118695996178,-0.0027890031169377494
2020-07-13,47.429024138736025,-0.3550421625850646,0.6683525477589001,51.659477534673584,0.008808725459083178,0.021415844155079355
2020-07-14,47.98218004815891,-0.29480084485673075,0.060241317728333854,51.95804840056436,0.038832501727242175,0.030023776268158997
2020-07-15,48.36382096931909,0.02207884176876007,0.3168796866254908,51.919242476341886,0.07023693374458162,0.031404432017339445
2020-07-16,47.10496507585468,-0.34867305792044334,-0.3707518996892034,51.9852461079697,0.07662352117248616,0.006386587427904544
2020-07-17,46.87247781645435,-0.35343556803844933,-0.0047625101180059914,51.813549685321405,0.04922464020989992,-0.027398880962586247
2020-07-20,47.14549166935517,-0.05670649387617743,0.2967290741622719,51.76844891513687,0.021794276092656162,-0.027430364117243755
2020-07-21,47.37995520525591,-0.12044496858059972,-0.06373847470442229,51.69695036604716,-0.052219606903442184,-0.07401388299609835
2020-07-22,47.34358265122768,-0.20404766361828308,-0.08360269503768336,51.61685399995241,-0.060477695277889154,-0.00825808837444697
2020-07-27,46.952616663556526,-0.030469682459631997,0.17357798115865108,51.56133895025128,-0.08478143154368212,-0.024303736265792963
2020-07-28,46.5027069794381,-0.07395416740325089,-0.043484484943618895,51.47667272092154,-0.06737539287996697,0.01740603866371515
2020-07-29,46.731219938833604,-0.08285434610430542,-0.008900178701054529,51.34659760597934,-0.0843702618315092,-0.01699486895154223
2020-07-30,46.324785642524205,-0.2110339125463483,-0.12817956644204287,51.17851041210669,-0.10368799078809587,-0.019317728956586677
2020-07-31,46.1253101613691,-0.24365449797171124,-0.03262058542536295,50.96559328467988,-0.1302521430545056,-0.026564152266409735
2020-08-03,46.666952306321335,-0.05713287144703827,0.18652162652467297,50.912262691717416,-0.12981525170678054,0.00043689134772506577
2020-08-04,46.36611732067783,-0.027317931752058655,0.029814939694979614,50.75956425196013,-0.14342169379227698,-0.01360644208549644
2020-08-05,46.5270245548194,-0.04083907680283971,-0.013521145050781058,50.7533080767174,-0.11865790585238756,0.024763787939889426
2020-08-06,46.26131282471265,-0.012694563562305916,0.028144513240533797,50.68024161152244,-0.09965376011685123,0.019004145735536326
2020-08-07,46.184836029181554,0.011905173562489324,0.02459973712479524,50.59607507482774,-0.07390364197043198,0.025750118146419254
2020-08-11,45.558043333011895,-0.22178179466188652,-0.23368696822437585,50.46085801023621,-0.09028093629623868,-0.0163772943258067
2020-08-12,46.34698087008161,-0.0038272901192470954,0.21795450454263943,50.597880227505456,-0.03233680489093871,0.05794413140529997
2020-08-13,46.761361464531404,0.04686738194239837,0.05069467206164546,50.63712332237027,-0.02323695086942479,0.00909985402151392
2020-08-14,45.68422371036675,-0.11541782286917623,-0.1622852048115746,50.59258847928507,-0.017530626447474162,0.005706324421950626
2020-08-17,45.991184197729396,-0.03873036629043014,0.0766874565787461,50.59270366979845,-0.0006742810058568693,0.016856345441617293
2020-08-18,45.579507704012386,0.004292874200096719,0.04302324049052686,50.61402800575459,0.030633999103677922,0.03130828010953479
2020-08-19,45.75997732228532,-0.11740070955925574,-0.12169358375935246,50.58210873095234,-0.0031542993106228323,-0.033788298414300755
2020-08-20,45.91832109241423,-0.16860807442343884,-0.05120736486418309,50.552171250706664,-0.016990414332724413,-0.01383611502210158
2020-08-21,46.32949235351186,0.12905372862902453,0.29766180305246337,50.49168807216465,-0.020180081424079788,-0.003189667091355375
2020-08-24,45.857330660675075,-0.02677070741086851,-0.15582443603989304,50.55746338311512,-0.007048057336668023,0.013132024087411764
2020-08-25,46.045689516928164,0.0932363625831627,0.12000706999403121,50.58176489818696,-0.006452621513524548,0.0005954358231434753
2020-08-26,47.04414933431558,0.2568344024060423,0.16359803982287957,50.67702937311688,0.018984128432911973,0.02543674994643652
2020-08-27,46.639967759671165,0.14432933345139531,-0.11250506895464696,50.655785234474024,0.020722796753467776,0.001738668320555803
2020-08-28,46.9247842472932,0.11905837875626446,-0.025270954695130854,50.504280011590055,0.002518387885082518,-0.018204408868385258
2020-08-31,46.73525353553083,0.17558457497115398,0.056526196214889524,50.45836024330353,-0.01982062796231787,-0.02233901584740039
2020-09-01,45.79917227903377,-0.04930344757888605,-0.22488802255004003,50.26033162376609,-0.06428665488417806,-0.04446602692186019
2020-09-02,45.504721476265544,-0.30788557161000085,-0.2585821240311148,50.29545404503648,-0.07631506561607893,-0.012028410731900863
2020-09-03,44.88350873951666,-0.3512918040309003,-0.04340623242089947,50.31434825805442,-0.06828739528391736,0.008027670332161563
2020-09-04,45.233700914471555,-0.33821666656433536,0.013075137466564968,50.349078604454434,-0.031040281427124228,0.037247113856793135
2020-09-07,44.778033123756046,-0.3914440823549512,-0.05322741579061585,50.342864624668465,-0.023099123727014614,0.007941157700109613
2020-09-08,44.82416144596206,-0.19500216661434422,0.196441915740607,50.25230403542008,-0.0016055176692049145,0.0214936060578097
2020-09-09,45.0252578330586,-0.0958927286413882,0.09910943797295602,50.247816066930625,-0.009527595621172225,-0.00792207795196731
2020-09-10,44.840120297643935,-0.008677688374547188,0.08721504026684102,50.300163962813926,-0.0028368590481022693,0.006690736573069955
2020-09-11,45.137426988284275,-0.019254785237450278,-0.01057709686290309,50.36718953413059,0.0036221859352352226,0.006459044983337492
2020-09-14,45.14341204917788,0.07307578508436308,0.09233057032181335,49.892480240949055,-0.0900768767438791,-0.09369906267911432
2020-09-15,45.0142794368565,0.03802359817888856,-0.035052186905474514,49.829817249809764,-0.08449735712206774,0.005579519621811357
2020-09-16,45.06317614158782,0.007583661705844236,-0.030439936473044327,49.6279514953188,-0.12397291432236557,-0.03947555720029783
2020-09-17,45.08270089566534,0.048516119604279595,0.04093245789843536,48.98074504611812,-0.2638837833391534,-0.13991086901678784
2020-09-18,45.1341575518894,-0.0006538872789789707,-0.049170006883258566,49.06039302378221,-0.2613593020696854,0.0025244812694680263
2020-09-23,43.978632104066676,-0.23295598902223702,-0.23230210174325805,48.93770867625384,-0.1909543129390343,0.07040498913065107
2020-09-24,43.52004903396886,-0.29884608057752615,-0.06589009155528913,48.91894959289725,-0.18217353138251013,0.008780781556524175
2020-09-25,42.32519480087815,-0.5475962681419375,-0.24875018756441136,48.95534119333476,-0.13452206039680448,0.04765147098570566
2020-09-28,38.32410437582628,-1.351719303967812,-0.8041230358258744,48.543485938939426,-0.08745182143574226,0.047070238961062216
2020-09-29,38.47508306405331,-1.331814897567213,0.019904406400598873,46.96755082549342,-0.41856843965776136,-0.3311166182220191
2020-09-30,38.23785096701846,-1.1481562274096433,0.18365867015756976,46.963075227056585,-0.3949266898394441,0.023641749818317237
2020-10-01,39.56538537158208,-0.7909327324773585,0.3572234949322848,47.21909002103639,-0.3399719143721711,0.05495477546727301
2020-10-02,39.70115388895401,-0.5248081823848239,0.26612455009253466,46.38716160411565,-0.5136359178438212,-0.17366400347165012
2020-10-05,39.504021652653336,0.23598345536540677,0.7607916377502306,44.87788275354316,-0.7331206370792529,-0.21948471923543167
2020-10-06,40.09025349813851,0.3230340868170387,0.08705063145163194,44.8880432277553,-0.41590151954762433,0.31721911753162857
2020-10-07,39.666514780179256,0.28573276263215774,-0.03730132418488097,45.28744394170689,-0.3351262570699376,0.08077526247768674
2020-10-08,39.57384781071946,0.0016924878274835464,-0.2840402748046742,45.87189730869207,-0.2694385424688619,0.0656877146010757
2020-10-09,38.47385117077471,-0.24546054363586478,-0.24715303146334833,47.19259678236722,0.16108703565031135,0.43052557811917325
2020-10-12,38.379583324194826,-0.22488766569170338,0.020572877944161405,48.08683774619621,0.6417909985306096,0.48070396288029826
2020-10-13,38.0884039141899,-0.400369916789721,-0.17548225109801763,47.785026952752744,0.5793967449994852,-0.06239425353112438
2020-10-14,37.980130298951806,-0.3372768962454913,0.06309302054422972,44.25226096531261,-0.20703659527885776,-0.786433340278343
2020-10-15,38.08274105696124,-0.29822135075164624,0.039055545493845045,44.184131787242166,-0.33755310428998087,-0.1305165090111231
2020-10-16,37.54018399568126,-0.186733435018688,0.11148791573295824,43.30004533925937,-0.7785102886215682,-0.44095718433158737
2020-10-19,37.54042659672321,-0.16783134549432077,0.018902089524367227,43.582140747110486,-0.9009393998171475,-0.12242911119557931
2020-10-20,37.66159657933683,-0.08536146697061753,0.08246987852370324,43.51620489873652,-0.8537644108032367,0.04717498901391082
2020-10-21,37.92749272271743,-0.010527515246870678,0.07483395172374685,42.59076931177444,-0.33229833070763704,0.5214660800955997
2020-10-22,37.591824714680456,-0.09818326845616099,-0.08765575320929031,42.55584094982477,-0.325658167483482,0.00664016322415506
2020-10-23,36.42612907888754,-0.22281098335874105,-0.12462771490258007,42.912625146190805,-0.07748403861371145,0.24817412886977053
2020-10-26,36.46492211408102,-0.21510089652844044,0.007710086830300611,41.81598113555833,-0.3532319223104281,-0.27574788369671666
2020-10-27,35.92188804182335,-0.3479417075026916,-0.13284081097425116,41.72183736412504,-0.3588735069223006,-0.005641584611872474
2020-10-28,36.25040985069819,-0.3354165744038511,0.012525133098840513,41.79746439241548,-0.1586609838717905,0.20021252305051007
2020-10-29,36.46244213451952,-0.22587651603218006,0.10954005837167102,41.92836004590605,-0.1254961807837418,0.0331648030880487
2020-10-30,36.34188212673794,-0.016849390429925393,0.20902712560225467,41.913644281612086,-0.1997961729157467,-0.07429999213200489
2020-11-02,36.86470072325267,0.07995572183433097,0.09680511226425637,41.72497436395123,-0.01820135432141967,0.18159481859432702
2020-11-04,37.94197469423041,0.404017330481409,0.324061608647078,41.753756011579256,0.006383729490842427,0.0245850838122621
2020-11-05,37.870113088350436,0.32394064753045626,-0.08007668295095272,41.80014187742174,0.0005354970012518834,-0.0058482324895905435
2020-11-06,37.3348967038565,0.17449091386738758,-0.14944973366306868,41.355497383241655,-0.11457253253287547,-0.11510802953412735
2020-11-09,37.03377577113767,0.13837872887994251,-0.03611218498744506,41.2146050076488,-0.13980785479266444,-0.025235322259788973
2020-11-10,37.11152000705249,0.04936385675996746,-0.08901487211997505,41.09675426643387,-0.12564401950346848,0.014163835289195958
2020-11-11,35.4814560316441,-0.4921037325172577,-0.5414675892772252,40.73531184077899,-0.20368883416005445,-0.07804481465658597
2020-11-12,36.26695596331024,-0.3206314250080382,0.1714723075092195,40.99113191969991,-0.16180199154435826,0.041886842615696196
2020-11-13,35.44281033603585,-0.378417273564132,-0.05778584855609381,40.79344992763025,-0.11240949112228549,0.04939250042207277
2020-11-16,36.317081423331814,-0.1433388695611697,0.23507840400296232,41.01964378509683,-0.038992244510389185,0.0734172466118963
2020-11-17,37.07014080771039,-0.008275839868424839,0.13506302969274486,40.99089176653362,-0.02117249998005377,0.017819744530335413
2020-11-18,37.046677247307926,0.31304424313276513,0.32132008300118997,40.99408677678538,0.05175498720127791,0.07292748718133168
2020-11-19,35.46949275216282,-0.15949264222948756,-0.4725368853622527,41.15449491876036,0.032672599812094916,-0.019082387389182998
2020-11-20,34.97911814605692,-0.0927384379957843,0.06675420423370326,40.37384602788387,-0.08392077994928115,-0.11659337976137607
2020-11-24,34.92842642003808,-0.277731000658747,-0.1849925626629627,40.44252551608447,-0.11542365380247332,-0.03150287385319217
2020-11-25,35.46338756163546,-0.3213506492149776,-0.04361964855623057,40.273111357491615,-0.14355608180839852,-0.028132428005925192
2020-11-26,35.19095441904716,-0.37114456565215903,-0.04979391643718145,40.21143414684133,-0.15653052598881345,-0.012974444180414935
2020-11-27,35.056351911300524,-0.08262816817245522,0.2885163974797038,40.24394736844974,-0.1821095100621264,-0.025578984073312938
2020-11-30,35.02843265896759,0.009862902582135291,0.09249107075459051,40.42573340371905,0.010377475167040018,0.1924869852291664
2020-12-01,36.26599877783643,0.26751447155966446,0.25765156897752917,40.54486014057697,0.020466924898499883,0.010089449731459865
2020-12-02,36.34797324275502,0.17691713622391347,-0.09059733533575098,40.701064484835655,0.0855906254688108,0.06512370057031092
2020-12-03,36.31926668258241,0.22566245270704854,0.04874531648313507,41.117348560053316,0.18118288264239624,0.09559225717358544
2020-12-04,35.83538078106534,0.15580577395297013,-0.06985667875407842,40.736044074366504,0.0984193411833516,-0.08276354145904463
2020-12-07,35.550007609808304,0.10431499016813461,-0.051490783784835514,40.70111154599341,0.05507562845487257,-0.043343712728479034
2020-12-08,35.39252501377763,-0.17469475281176017,-0.2790097429798948,40.75450154972995,0.04192828183059305,-0.013147346624279521
2020-12-09,35.62108351610203,-0.14537794533059412,0.02931680748116605,40.59834195576964,-0.02054450581320566,-0.06247278764379871
2020-12-10,36.31571186927992,-0.0007109626604986374,0.14466698267009548,40.453684505487715,-0.13273281091311162,-0.11218830509990596
2020-12-11,36.2720394440593,0.08733173259879123,0.08804269525928987,40.013030956391816,-0.1446026235949347,-0.011869812681823078
2020-12-14,36.060743179547714,0.10214711394788623,0.014815381349094991,40.02027868541913,-0.13616657211485972,0.00843605148007498
2020-12-15,35.88470617663211,0.09843623257089718,-0.0037108813769890503,39.71986817395019,-0.2069266751559553,-0.07076010304109559
2020-12-16,35.95301390540277,0.06638607786014461,-0.032050154710752565,39.79397492210401,-0.1608734067331241,0.046053268422831195
2020-12-17,36.07322533812332,-0.048497306231325865,-0.11488338409147048,39.90314946623337,-0.11010700785087124,0.05076639888225287
2020-12-18,35.96309425743674,-0.061789037324501805,-0.01329173109317594,39.699909970401265,-0.06262419719811163,0.04748281065275961
2020-12-21,35.62664092192435,-0.08682045152468021,-0.025031414200178403,39.60007005255781,-0.08404172657225928,-0.021417529374147648
2020-12-22,35.20956581784232,-0.13502807175795795,-0.04820762023327774,39.59945971569289,-0.024081691651460346,0.05996003492079893
2020-12-23,35.64273158133243,-0.06205646481407001,0.07297160694388793,39.7590915663005,-0.006976671160700221,0.017105020490760126
2020-12-24,35.648340590612875,-0.08497694950208512,-0.022920484688015108,39.64017082633231,-0.05259572798021139,-0.04561905681951117
2020-12-25,35.59569423329933,-0.07348000482748773,0.011496944674597387,39.723862287728394,0.004790463465418782,0.057386191445630175
2020-12-28,35.57307745836343,-0.010712692712182559,0.06276731211530517,39.743220706919786,0.028630130872393522,0.02383966740697474
2020-12-29,35.515429857404115,0.06117280791236368,0.07188550062454624,38.980944048813555,-0.12370313337586225,-0.15233326424825577
2020-12-30,35.85061166863869,0.04157601746124584,-0.01959679045111784,39.05913602082934,-0.1399911090942325,-0.016287975718370262
2021-01-04,36.277104505509755,0.12575278297938297,0.08417676551813713,38.41956876816975,-0.2441204116325082,-0.10412930253827568
2021-01-05,36.26795741080345,0.13445263550082842,0.00869985252144545,36.583290639720104,-0.628114329601658,-0.38399391796914983
2021-01-06,36.24288759726372,0.13396202778005772,-0.0004906077207706971,36.42090370228577,-0.664463400926806,-0.036349071325147975
2021-01-07,35.8477831466909,0.06647065785735151,-0.06749136992270621,36.25981379526412,-0.5442260507098879,0.12023735021691806
2021-01-08,36.251073346808155,0.08009233563389273,0.013621677776541219,36.49480061998777,-0.5128670801683128,0.031358970541575104
2021-01-12,35.07330510830204,-0.24075987944154065,-0.3208522150754334,36.59607319141266,-0.36469911535142074,0.1481679648168921
2021-01-13,34.752813161302655,-0.30302884990016565,-0.062268970458625006,36.48456065125936,-0.01974599769214791,0.34495311765927283
2021-01-14,34.67185902088927,-0.3142057152748876,-0.011176865374721956,36.4013959298439,-0.003901554488372483,0.015844443203775427
2021-01-15,34.04604473297039,-0.36034768274409856,-0.046141967469210954,36.05086721768453,-0.04178931551592058,-0.037887761027548095
2021-01-18,34.088792733685125,-0.43245612262460753,-0.07210843988050897,36.017044436378995,-0.0955512367217537,-0.05376192120583312
2021-01-19,34.32524190970349,-0.14961263971970595,0.2828434829049016,35.52860841917865,-0.2134929544468065,-0.1179417177250528
2021-01-20,34.310263297809854,-0.08850997269856009,0.06110266702114586,35.47612907171933,-0.201686315908006,0.011806638538800485
2021-01-21,34.135410984853834,-0.10728960720709324,-0.01877963450853315,35.22578457049063,-0.23512227187064383,-0.03343595596263782
2021-01-22,34.03143185789001,-0.00292257501607196,0.10436703219102128,35.20141796444604,-0.16988985064770645,0.06523242122293738
2021-01-25,34.089144852245,7.042371197485409e-05,0.002992998728046814,35.182183307413666,-0.16697222579306015,0.0029176248546463057
2021-01-26,33.781498259920184,-0.10874872995666607,-0.10881915366864092,34.8445647540465,-0.13680873302642738,0.03016349276663277
2021-01-27,33.90075653531065,-0.0819013524998411,0.026847377456824972,34.812064494182124,-0.13281291550744356,0.003995817518983813
2021-01-28,33.665962118848284,-0.0938897732011057,-0.011988420701264602,34.66508023597717,-0.11214086690269198,0.02067204860475158
2021-01-29,33.49422816686159,-0.1074407382056819,-0.013550965004576199,34.68041296887037,-0.10420099911513603,0.007939867787555954
2021-02-01,33.618602541728066,-0.0941084621033923,0.013332276102289597,34.63052357572971,-0.11033194633679244,-0.006130947221656413
2021-02-02,33.37914825575659,-0.08047000083271172,0.01363846127068058,33.942198273642305,-0.18047329608084084,-0.0701413497440484
2021-02-03,32.976899384062364,-0.18477143024966125,-0.10430142941694953,33.912130998075426,-0.17998669922133814,0.00048659685950269704
2021-02-04,33.35263370609027,-0.06266568255159655,0.1221057476980647,33.961449738049325,-0.1407260995855708,0.039260599635767335
2021-02-05,32.97852027620901,-0.1031415781305256,-0.040475895578929055,33.85509579879873,-0.16506343401432844,-0.02433733442875763
2021-02-08,32.80776564988186,-0.162167378369233,-0.059025800238707404,33.84401096262302,-0.15730252262133604,0.007760911392992398
2021-02-09,32.78648656261298,-0.11853233862873225,0.04363503974050076,34.135573906271205,0.03867512652577432,0.19597764914711036
2021-02-10,32.757418923484124,-0.04389609211564505,0.0746362465130872,34.13885766292479,0.0453453329698803,0.006670206444105986
2021-02-12,32.02789459193918,-0.2649478228302229,-0.22105173071457784,33.96085103915996,-0.00011973977787249623,-0.0454650727477528
2021-02-15,30.898724127211572,-0.4159592297994834,-0.15101140696926052,33.82627143804919,-0.0057648721499035105,-0.005645132372031014
2021-02-16,30.836292121963346,-0.3942947055836967,0.021664524215786685,33.72534038703975,-0.023734115116660348,-0.017969242966756838
2021-02-17,31.111868344873045,-0.33492364354798454,0.059371062035712185,33.487693362196964,-0.12957610881484527,-0.10584199369818492
2021-02-18,30.873276999967217,-0.37682838470338353,-0.041904741155398995,33.32215817485269,-0.1633398976144278,-0.03376378879958253
2021-02-19,31.350340803098945,-0.13551075776804922,0.24131762693533432,32.26101196607448,-0.339967814617097,-0.17662791700266922
2021-02-22,30.844211374494307,-0.010902550543455902,0.12460820722459331,32.364665551859574,-0.2923211772379162,0.047646637379180845
2021-02-24,29.71809658753812,-0.22363910688504163,-0.21273655634158573,31.800682480587575,-0.3849315812904379,-0.09261040405252174
2021-02-25,29.708819963869523,-0.280609676200708,-0.05697056931566635,31.776850572932844,-0.34216855785282263,0.04276302343761529
2021-02-26,28.79531962416106,-0.41559147516122863,-0.13498179896052065,31.86039098630374,-0.2923534377097923,0.049815120143030356
2021-03-01,31.228225376751972,-0.02442308526939385,0.3911683898918348,33.195836568736354,0.18696492053237534,0.4793183582421676
2021-03-02,31.983760425514852,0.22790981020411039,0.25233289547350424,32.47393564546215,0.021854018720510737,-0.1651109018118646
2021-03-03,31.803358796480055,0.41705244178838186,0.18914263158427147,32.314735613061984,0.10281062649488604,0.0809566077743753
2021-03-04,32.05181863914749,0.4685997350555944,0.051547293267212524,32.34423754654017,0.11347739472146401,0.010666768226577972
2021-03-05,32.36047361643659,0.7130307984551081,0.2444310633995137,32.40112099983162,0.10814600270557406,-0.005331392015889946
2021-03-08,31.368197689810458,0.02799446261169436,-0.6850363358434137,32.19555062268766,-0.2000571892097298,-0.3082031919153039
2021-03-09,31.304510921364475,-0.13584990083007398,-0.16384436344176834,32.07100851158564,-0.08058542677530056,0.11947176243442925
2021-03-10,31.81038176621837,0.0014045939476616809,0.13725449477773566,32.230288375508565,-0.01688944751068533,0.06369597926461523
2021-03-11,31.720405006741977,-0.06628272648109856,-0.06768732042876024,32.10414570880525,-0.048018367546987406,-0.031128920036302077
2021-03-12,29.94840482211348,-0.4824137588646238,-0.4161310323835252,32.02453353615088,-0.07531749273614707,-0.027299125189159668
2021-03-15,29.939748291138166,-0.2856898797344627,0.1967238791301611,32.06911769314268,-0.025286585908993686,0.05003090682715339
2021-03-16,30.082852640154442,-0.24433165624200015,0.04135822349246254,31.924842193244487,-0.029233263668238862,-0.003946677759245176
2021-03-17,30.061092736168256,-0.3498578060100286,-0.10552614976802843,31.835409135058548,-0.07897584809000335,-0.04974258442176449
2021-03-18,30.225638843542825,-0.29895323263982476,0.05090457337020382,31.739113457556023,-0.0730064502498422,0.00596939784016115
2021-03-19,30.372667742464984,0.08485258407030116,0.3838058167101259,31.925018650813996,-0.01990297706737465,0.05310347318246755
2021-03-22,30.10686608257329,0.033423558287022814,-0.05142902578327835,32.15175469794244,0.01652740095995142,0.03643037802732607
2021-03-23,30.09293296015575,0.002016064000258666,-0.03140749428676415,32.16213900879406,0.04745936310991539,0.030931962149963965
2021-03-24,30.39207015316405,0.06619548339916292,0.06417941939890426,32.27838879236231,0.08859593146075184,0.041136568350836455
2021-03-25,32.27870795842924,0.4106138229772789,0.34441833957811596,33.02256302032242,0.2566899125532842,0.16809398109253237
2021-03-26,32.96487330448667,0.5184411124043429,0.10782728942706399,33.32880875130215,0.28075802009762896,0.02406810754434474
2021-03-29,33.37961167967791,0.654549119420917,0.1361080070165741,33.61143153674304,0.29193536776011797,0.011177347662489012
2021-03-30,33.08013992246414,0.5974413924616826,-0.057107726959234384,33.33199817755545,0.23397183375227115,-0.05796353400784682
2021-03-31,33.183169932013215,0.558219955769836,-0.039221436691846634,33.15725999024849,0.1757742395772368,-0.05819759417503434
2021-04-01,33.95071673410665,0.334401755135481,-0.22381820063435498,33.22441738603291,0.04037087314210197,-0.13540336643513484
2021-04-02,33.618969076733165,0.13081915444929848,-0.2035826006861825,33.099308537180846,-0.045900042824257525,-0.0862709159663595
2021-04-05,32.92084423006966,-0.09175348992165056,-0.22257264437094904,33.071902771013356,-0.10790575314593553,-0.06200571032167801
2021-04-06,33.05565088798089,-0.004897806896650536,0.08685568302500002,32.94626538826175,-0.07714655785873958,0.03075919528719595
2021-04-07,33.70095463554151,0.10355694070565136,0.10845474760230189,33.261890822854795,0.020926166521263667,0.09807272438000325
2021-04-08,33.63329298478851,-0.06348474986362618,-0.16704169056927753,33.20669872092155,-0.0035437330222762853,-0.024469899543539952
2021-04-09,33.80344702818857,0.036895590291088354,0.10038034015471453,33.33602099280397,0.047342491124624075,0.05088622414690036
2021-04-12,33.17157053701119,0.050145261388301776,0.013249671097213422,33.396854401812604,0.0649903261598439,0.017647835035219828
2021-04-13,32.951787083480085,-0.0207727609001509,-0.07091802228845268,33.28613699618299,0.0679743215842521,0.0029839954244081923
2021-04-14,32.76913008259382,-0.18636491058954618,-0.16559214968939528,33.29076159236723,0.0057741539024860344,-0.06220016768176606
2021-04-15,32.84049926514943,-0.15855874392781288,0.0278061666617333,33.150396788565644,-0.011260386471178663,-0.017034540373664697
2021-04-16,33.02118270740178,-0.15645286415736592,0.002105879770446961,33.17814241930975,-0.031575714698846014,-0.02031532822766735
2021-04-19,32.34997960208621,-0.16431818698499256,-0.007865322827626642,32.373069790544776,-0.20475692225356568,-0.17318120755471966
2021-04-20,31.948118452791228,-0.20073372613776996,-0.0364155391527774,32.32527487095237,-0.19217242504612386,0.012584497207441814
2021-04-21,32.84819063877558,0.015812111236357396,0.21654583737412736,32.68484296148276,-0.12118372617689488,0.07098869886922898
2021-04-22,34.03597227834848,0.23909460263980264,0.22328249140344525,32.94307371293209,-0.041464615126706406,0.07971911105018847
2021-04-23,34.775366420952395,0.350836742710122,0.11174214007031935,33.20572990650132,0.005517497438312091,0.0469821125650185
2021-04-26,34.73606657720261,0.4772173950232812,0.1263806523131592,33.20341530980531,0.16606910385210227,0.16055160641379018
2021-04-27,34.53133776010492,0.5166438614627324,0.039426466439451247,33.18534937630331,0.17201490107019168,0.00594579721808941
2021-04-28,34.639612453971594,0.3582843630392105,-0.15835949842352193,33.19614476243942,0.10226036019133034,-0.06975454087886135
2021-04-30,34.50669408558005,0.09414436144631111,-0.2641400015928994,33.07887566958412,0.02716039133040482,-0.07509996886092551
2021-05-06,34.21952803749777,-0.11116767669092553,-0.20531203813723664,32.95053640685984,-0.051038699928291464,-0.07819909125869628
2021-05-07,34.891631660622295,0.031113016683939065,0.1422806933748646,33.181715839366305,-0.004339894087799223,0.04669880584049224
2021-05-10,34.92083030346545,0.07789850867210646,0.046785491988167394,33.06421272118136,-0.02422733102439878,-0.019887436936599556
2021-05-11,34.869909952948234,0.04605949979532653,-0.03183900887677993,32.98032570800288,-0.04316381088730736,-0.018936479862908584
2021-05-12,35.97068944404458,0.29279907169290453,0.246739571897578,33.36348080603929,0.05692102729103965,0.10008483817834701
2021-05-13,36.09246238319378,0.3745868691392076,0.08178779744630305,33.36728403605221,0.08334952583847155,0.0264284985474319
2021-05-14,35.55736122629857,0.1331459131352517,-0.24144095600395588,33.22762582180579,0.009181996487896527,-0.07416752935057502
2021-05-17,35.91291008811743,0.19841595693038983,0.06527004379513812,33.20159377542201,0.02747621084813545,0.018294214360238925
2021-05-18,35.57510516349046,0.14103904210844576,-0.05737691482194407,33.03656296986087,0.011247452371591748,-0.016228758476543703
2021-05-19,35.744064350220796,-0.045325018764749814,-0.18636406087319557,33.281951804583514,-0.016305800291149808,-0.027553252662741556
2021-05-20,35.989945327983676,-0.02050341104202147,0.024821607722728345,33.26540855155568,-0.02037509689930772,-0.004069296608157913
2021-05-21,35.90879518419956,0.07028679158020168,0.09079020262222315,33.112692239378134,-0.02298671648553352,-0.0026116195862257996
2021-05-24,35.196836578731535,-0.14321470187718432,-0.213501493457386,33.13620969714303,-0.013076815655793439,0.009909900829740081
2021-05-25,35.47592194673298,-0.019836643351489158,0.12337805852569517,32.876866751278,-0.03193924371657175,-0.018862428060778313
2021-05-26,35.89337848405526,0.02986282676688745,0.04969947011837661,32.43121978710859,-0.17014640349498222,-0.13820715977841047
2021-05-27,36.109940940742206,0.02399912255170733,-0.005863704215180121,32.38558955296213,-0.17596379971871556,-0.00581739622373334
2021-05-28,35.95463178343485,0.009167319847058764,-0.014831802704648567,32.555400684835675,-0.11145831090848901,0.06450548881022655
2021-05-31,36.81870548154944,0.3243737805635831,0.31520646071652436,32.949904219634604,-0.03726109550169099,0.07419721540679802
2021-06-01,37.5739484204485,0.41960529474309993,0.09523151417951681,33.20407668185992,0.06544198611638308,0.10270308161807407
2021-06-02,37.331705391326295,0.28766538145420384,-0.1319399132888961,33.25169967009961,0.16409597659820463,0.09865399048182155
2021-06-03,37.25056979479807,0.22812577081117524,-0.059539610643028595,32.79264924445597,0.08141193829877125,-0.08268403829943338
2021-06-04,37.53823811398219,0.31672126610946805,0.0885954952982928,32.9691124255793,0.08274234814872727,0.0013304098499560268
2021-06-07,37.796114401027864,0.19548178389567994,-0.12123948221378811,32.6209905460848,-0.06578273470996265,-0.14852508285868993
2021-06-08,37.65148287165003,0.015506890240317261,-0.17997489365536268,32.17801509178233,-0.2052123180155192,-0.13942958330555655
2021-06-09,34.51921189959819,-0.562498698345621,-0.5780055885859383,32.20269433640571,-0.20980106673877685,-0.004588748723257652
2021-06-10,33.606671343037135,-0.7287796903521908,-0.16628099200656976,32.00233182806905,-0.15806348327738817,0.05173758346138868
2021-06-11,33.51652404174757,-0.8043428144469189,-0.0755631240947281,32.10559258175773,-0.17270396876430993,-0.014640485486921762
2021-06-14,33.499226794237856,-0.8593775213580059,-0.05503470691108703,32.14609157302786,-0.09497979461139039,0.07772417415291955
2021-06-15,33.25626309640718,-0.8790439550485729,-0.019666433690566976,31.65557821776705,-0.10448737480305681,-0.00950758019166642
2021-06-16,33.63150082898807,-0.17754221412202043,0.7015017409265525,31.772635797495823,-0.08601170778197442,0.018475667021082387
2021-06-17,33.89072378795987,0.05681048898454577,0.2343527031065662,31.85870757868947,-0.02872484987591406,0.05728685790606036
2021-06-18,33.557088667285456,0.008112925107575109,-0.04869756387697066,31.887368521410643,-0.04364481206942017,-0.014919962193506109
2021-06-21,33.95482470972898,0.09111958309822654,0.08300665799065143,31.26287366994049,-0.17664358061747265,-0.13299876854805248
2021-06-22,35.99220382433215,0.5471881455849896,0.4560685624867631,32.18231214343389,0.1053467851333636,0.28199036575083625
2021-06-23,38.763116990444075,1.0263232322912046,0.47913508670621496,33.75073094230956,0.3956190289627486,0.290272243829385
2021-06-24,38.717646911769606,0.9653846247619455,-0.06093860752925906,33.85990972732985,0.40024042972807905,0.004621400765330463
2021-06-25,38.7665981296355,1.0419018924700083,0.07651726770806278,33.97078316141311,0.41668292800049045,0.0164424982724114
2021-06-28,39.02267643908276,1.013570345870754,-0.02833154659925441,34.06172641237191,0.5597705484862843,0.14308762048579382
2021-06-29,38.84984860697189,0.5715289565279491,-0.4420413893428048,34.09325428407142,0.3821884281275061,-0.17758212035877818
2021-06-30,39.38011454474635,0.12339951086045176,-0.44812944566749735,34.15803738698949,0.0814612889359907,-0.3007271391915154
2021-07-01,39.533054523373096,0.16308152232070228,0.03968201146025052,34.25015367064363,0.07804878866274834,-0.003412500273242358
2021-07-02,39.40594252685382,0.12786887944366754,-0.03521264287703474,34.311133203440534,0.06807000840548483,-0.009978780257263509
2021-07-05,38.23149944612136,-0.1582353985922822,-0.28610427803594973,34.430210944295695,0.07369690638476101,0.00562689797927618
2021-07-06,37.58201012951342,-0.25356769549169655,-0.09533229689941436,34.43565277639436,0.06847969846458568,-0.005217207920175326
2021-07-07,36.979470334600876,-0.4801288420290888,-0.22656114653739223,34.45059065250027,0.058510653102153753,-0.009969045362431928
2021-07-08,37.61299792249963,-0.3840113201746931,0.0961175218543957,34.782234705928246,0.1064162070569239,0.04790555395477014
2021-07-09,37.910807054218054,-0.2990270945271547,0.08498422564753838,34.97109919280828,0.13199319787355535,0.02557699081663145
2021-07-12,37.607654424861195,-0.12476900425203752,0.17425809027511718,35.06156930389062,0.12627167191897826,-0.005721525954577089
2021-07-13,39.115384183826365,0.30667481086258874,0.43144381511462626,35.22666107772079,0.15820166026528426,0.031929988346306004
2021-07-14,39.542830448548315,0.5126720227894879,0.20599721192689913,35.41324205767904,0.19253028103575787,0.034328620770473606
2021-07-15,39.477969953380104,0.37299440617609747,-0.1396776166133904,35.31944087460181,0.10744123373471837,-0.0850890473010395
2021-07-16,39.210126089037274,0.2598638069638426,-0.11313059921225488,35.51749612974686,0.10927938738771559,0.0018381536529972209
2021-07-19,39.35505741460847,0.3494805979494586,0.08961679098561603,35.569188389139555,0.10152381704978097,-0.007755570337934614
2021-07-20,39.731577041147744,0.12323857146427741,-0.2262420264851812,35.47736740647646,0.05014126575113664,-0.05138255129864433
2021-07-21,39.90710679770878,0.07285526983208968,-0.05038330163218774,35.47878841249594,0.013109270963383324,-0.03703199478775332
2021-07-26,40.171037566417525,0.1386135226074856,0.06575825277539593,35.51996616700563,0.04010505848076207,0.026995787517378744
2021-07-27,40.598000818188346,0.27757494583021014,0.13896142322272453,35.72054289272697,0.04060935259602161,0.0005042941152595404
2021-07-28,40.838498438180594,0.29668820471442814,0.019113258884218,35.90387057111714,0.06693643639551539,0.026327083799493778
2021-07-29,40.91320496715613,0.23632558520167635,-0.06036261951275179,35.63503409360615,0.031533337425933894,-0.03540309896958149
2021-07-30,40.67681361785813,0.15394136402986902,-0.08238422117180733,35.33852439775785,-0.02805280294761303,-0.059586140373546925
2021-08-02,40.83185126172822,0.13216273906214582,-0.021778624967723204,35.546685010083074,0.005343768615489353,0.033396571563102384
2021-08-03,41.19616076716129,0.11963198979458411,-0.012530749267561703,36.112699639527946,0.07843134936019425,0.0730875807447049
2021-08-04,39.832116613734925,-0.20127636488913225,-0.32090835468371637,36.09915592582672,0.039057070941922234,-0.03937427841827201
2021-08-05,38.811808276838434,-0.4202793380635441,-0.21900297317441186,35.97644783656075,0.06828274859091721,0.029225677648994974
2021-08-06,38.71882378538447,-0.39159796649472867,0.02868137156881545,35.83391035486777,0.09907719142197635,0.030794442831059143
2021-08-10,38.65273863222056,-0.4358225259015356,-0.04422455940680692,35.748715868674495,0.04040617171828842,-0.05867101970368793
2021-08-11,38.196727494788746,-0.5998866544745027,-0.16406412857296715,35.59874645552595,-0.10279063680040679,-0.1431968085186952
2021-08-12,38.64593127572638,-0.23723706760171126,0.3626495868727915,35.74753345692584,-0.07032449378016992,0.03246614302023687
2021-08-13,39.00581747428359,0.03880183948902527,0.27603890709073653,35.74856571949873,-0.045576423412406086,0.02474807036776383
2021-08-16,38.3400882467885,-0.07574710771919513,-0.1145489472082204,35.76353086458356,-0.014075898056837843,0.03150052535556824
2021-08-17,39.1986942095363,0.10919111546315463,0.18493822318234976,35.98150477594062,0.04655778145322387,0.06063367951006171
2021-08-18,39.1565258064787,0.1919596623379931,0.08276854687483848,36.01895701760479,0.08404211241577286,0.037484330962548995
2021-08-19,38.101573960304506,-0.10887146308437678,-0.3008311254223699,35.94337427778338,0.0391681641714996,-0.044873948244273265
2021-08-20,38.09433200206334,-0.18229709444405273,-0.07342563135967595,35.855032947032726,0.021293445506799458,-0.01787471866470014
2021-08-23,38.13084458041202,-0.04184873327529459,0.14044836116875814,35.79451493456057,0.00619681399540184,-0.015096631511397618
2021-08-24,38.29317021437484,-0.1811047990322976,-0.139256065757003,36.161927529286615,0.036084550669201576,0.029887736673799736
2021-08-25,38.9616437351055,-0.03897641427463583,0.14212838475766176,35.98526047003767,-0.0067393095134207215,-0.0428238601826223
2021-08-26,38.2584256396464,0.0313703358683739,0.07034675014300973,36.18355446271957,0.04803603698724146,0.05477534650066218
2021-08-27,38.34134035914394,0.04940167141612761,0.018031335547753713,36.193669389867836,0.0677272885670206,0.019691251579779134
2021-08-30,38.59252711352916,0.09233650662342541,0.042934835207297795,35.830308568753736,0.00715872683863239,-0.060568561728388204
2021-08-31,38.948866772156066,0.1311393115562467,0.03880280493282129,36.095474063215434,-0.013290693214244698,-0.020449420052877088
2021-09-01,38.989112046621926,0.0054936623032872944,-0.1256456492529594,36.34410920683696,0.07176974735986619,0.08506044057411088
2021-09-02,39.26671308355469,0.201657488781656,0.19616382647836872,36.6794687416715,0.09918285579038155,0.027413108430515365
2021-09-03,39.243281794542824,0.18038828707977927,-0.02126920170187674,36.61457449924383,0.08418102187520304,-0.015001833915178509
2021-09-06,40.336345570187305,0.34876369133162655,0.16837540425184727,37.08344443987967,0.25062717422517977,0.16644615234997673
2021-09-07,40.006093812505725,0.21144540806993462,-0.13731828326169193,37.51564896766682,0.2840349808902829,0.033407806665103124
2021-09-08,39.42577327189397,0.08733224505440518,-0.12411316301552944,37.444629499429084,0.22010405851842307,-0.06393092237185982
2021-09-09,39.60873040020073,0.06840346332921143,-0.018928781725193744,37.44511520309899,0.15312929228549876,-0.06697476623292431
2021-09-10,39.95036822748364,0.14141728658815822,0.07301382325894679,37.655395379761,0.20816417610343052,0.05503488381793176
2021-09-13,40.188071652391145,-0.02965478355923068,-0.1710720701473889,37.95900760958065,0.17511263394020204,-0.033051542163228476
2021-09-14,40.17277096329235,0.03333543015732232,0.062990213716553,37.908203832791884,0.07851097302501131,-0.09660166091519073
2021-09-15,40.25306233757071,0.16545781313534746,0.13212238297802514,36.326193611246296,-0.2236871776365561,-0.3021981506615674
2021-09-16,40.551232389036905,0.18850039776723548,0.02304258463188802,36.06127113201909,-0.2767688142159841,-0.05308163657942799
2021-09-17,40.875742211506335,0.18507479680454253,-0.003425600962692954,35.990736196168186,-0.33293183671855786,-0.05616302250257377
2021-09-21,40.79974687168398,0.12233504385856975,-0.06273975294597278,36.04907876666586,-0.3819857685829646,-0.04905393186440676
2021-09-22,41.75020879912377,0.31548756716628645,0.1931525233077167,36.34728891140808,-0.3121829842767596,0.06980278430620501
2021-09-24,42.10631376176559,0.3706502848389732,0.05516271767268677,36.60802170449072,0.05636561864888279,0.3685486029256424
2021-09-27,43.388111817420636,0.5673758856767463,0.19672560083777313,37.514895955225896,0.2907249646413632,0.23435934599248043
2021-09-28,42.94286663881067,0.41342488546086287,-0.15395100021588348,37.27705959067718,0.25726467890179805,-0.033460285739565165
2021-09-29,42.74311740537581,0.388674106738371,-0.024750778722491873,37.26942060097372,0.24406836686157618,-0.01319631204022187
2021-09-30,43.66673843730918,0.3833059276370818,-0.005368179101289172,37.92715764614529,0.3159737469474422,0.071905380085866
2021-10-01,41.513505618217934,-0.11856162870953568,-0.5018675563466175,37.68398377609638,0.21519241432113034,-0.10078133262631184
2021-10-04,39.943539057664196,-0.6889145519512851,-0.5703529232417495,38.33215582604676,0.16345197416417534,-0.051740440156955
2021-10-05,39.50760560344821,-0.6870522070724903,0.001862344878794886,38.18275272507188,0.18113862687893345,0.01768665271475811
2021-10-06,39.547805161654196,-0.6390624487443262,0.0479897583281641,38.253608813930896,0.19683764259143288,0.01569901571249943
2021-10-07,38.73417450690828,-0.9865127860801834,-0.3474503373358573,37.856048348202634,-0.014221859588523955,-0.21105950217995684
2021-10-08,38.49735866652479,-0.6032293903386261,0.38328339574155734,37.95168185295414,0.053539615371548166,0.06776147496007212
2021-10-11,38.58379135393808,-0.2719495407452186,0.3312798495934075,38.10394140648434,-0.04564288391247828,-0.09918249928402645
2021-10-12,39.33688491630164,-0.034144137429315435,0.23780540331590316,38.461864563917246,0.05582236776906768,0.10146525168154596
2021-10-13,39.45313430410208,-0.018934171510423425,0.01520996591889201,37.79006800001709,-0.09270816278275618,-0.14853053055182386
2021-10-14,39.260192774408424,0.10520365350002692,0.12413782501045034,37.43344185280458,-0.08452129907961847,0.008186863703137703
2021-10-15,38.99962754836744,0.10045377636853203,-0.004749877131494884,37.04278927625262,-0.18177851534029799,-0.09725721626067951
2021-10-18,39.86829549618982,0.25690082845034823,0.1564470520818162,37.75588701045592,-0.06961087920568332,0.11216763613461467
2021-10-19,39.37674497900555,0.007972012540776063,-0.24892881590957217,37.80229152872627,-0.13191460703819757,-0.062303727832514255
2021-10-20,39.0729553463446,-0.07603579155149731,-0.08400780409227337,37.539516010734474,-0.05011039785652116,0.08180420918167641
2021-10-21,38.80402630716267,-0.0912332934491431,-0.015197501897645793,37.72567617938377,0.05844686531583676,0.10855726317235792
2021-10-22,38.37063331418602,-0.1257988468362896,-0.03456555338714651,38.10254168993691,0.21195048273685302,0.15350361742101626
2021-10-25,38.112056373932994,-0.35124782445136304,-0.22544897761507343,38.121876955701865,0.07319798904919139,-0.13875249368766163
2021-10-26,37.99027227367854,-0.27729454106540175,0.0739532833859613,37.62518817284062,-0.03542067117712833,-0.10861866022631972
2021-10-27,37.80296092396286,-0.25399888447634567,0.02329565658905608,37.7651899003514,0.04513477792338705,0.08055544910051537
2021-10-28,37.563508915883034,-0.2481034782559277,0.005895406220417954,37.64523356243313,-0.01608852339012401,-0.06122330131351106
2021-10-29,36.84747088552487,-0.30463248573222756,-0.05652900747629985,37.59332553349945,-0.10184323128748929,-0.08575470789736528
2021-11-01,36.3851964792656,-0.3453719789334855,-0.040739493201257915,37.50522361110194,-0.12333066891999778,-0.021487437632508488
2021-11-02,36.90851132032605,-0.2163521906704986,0.12901978826298688,37.92681715081244,0.06032579559437323,0.183656464514371
2021-11-04,36.32843800921597,-0.2949045829493713,-0.07855239227887267,37.76823927074817,0.0006098740793518687,-0.059715921515021364
2021-11-05,36.229280371126805,-0.2668457089512444,0.0280588739981269,37.780412461772926,0.027035779867958354,0.026425905788606485
2021-11-08,36.12729559033507,-0.14403505903796798,0.12281064991327639,37.784124960269885,0.038159885354083656,0.011124105486125302
2021-11-09,35.92789887962926,-0.09145951992726253,0.05257553911070545,37.54166630627685,0.007288539034981056,-0.0308713463191026
2021-11-10,35.87737923999815,-0.2062264160655829,-0.11476689613832036,37.24786315232872,-0.13579079969674268,-0.14307933873172374
2021-11-11,34.511933632215175,-0.36330087540016365,-0.15707445933458075,36.500261359665515,-0.25359558221653344,-0.11780478251979076
2021-11-12,34.524156374635254,-0.3410247992983102,0.022276076101853448,36.07480731636071,-0.34112102908243713,-0.08752544686590369
2021-11-15,34.821715770388835,-0.26111596398924064,0.07990883530906956,36.114647576069814,-0.33389547684001997,0.007225552242417166
2021-11-16,34.70200756927922,-0.24517826207001292,0.01593770191922772,36.01529369433629,-0.30527452238810326,0.028620954451916703
2021-11-17,34.739289097499764,-0.22761802849967694,0.01756023357033598,35.9076508011225,-0.26804247024124805,0.03723205214685521
2021-11-18,35.08019024126237,0.11365132180944215,0.3412693503091191,36.00125752496034,-0.09980076694103701,0.16824170330021104
2021-11-19,34.76340496183116,0.04784971743918476,-0.0658016043702574,36.195989909704295,0.02423651866872234,0.12403728560975935
2021-11-22,34.56970668332079,-0.05040181741360783,-0.09825153485279259,35.76600327102018,-0.06972886100992781,-0.09396537967865015
2021-11-24,34.690098204609896,-0.002381872933874263,0.04801994447973357,35.85208166171924,-0.032642406523422096,0.037086454486505716
2021-11-25,33.85820086337108,-0.1762176468257337,-0.17383577389185945,35.78633345230837,-0.024263469762814793,0.008378936760607303
2021-11-26,33.769747719279465,-0.26208850439657994,-0.08587085757084623,35.13938747294431,-0.17237401040321743,-0.14811054064040263
2021-11-29,35.1758405388493,0.08248711540362308,0.344575619800203,35.69064310174609,-0.10106936159163382,0.0713046488115836
2021-11-30,35.88717785174873,0.26349423368559144,0.18100711828196836,36.4525746608499,0.13731427796594886,0.23838363955758268
2021-12-01,36.29148199769219,0.3202767586164583,0.056782524930866884,36.22597790292364,0.07477924824087978,-0.06253502972506908
2021-12-02,35.491146579660956,0.3265891432579835,0.0063123846415251705,36.42954846926626,0.12864300339157353,0.05386375515069375
2021-12-03,35.206369904196706,0.28732443698343957,-0.039264706274543926,35.97762970764721,0.16764844694058212,0.03900544354900859
2021-12-06,35.92734784756051,0.15030146174224512,-0.13702297524119444,36.39531319337134,0.14093401832504782,-0.026714428615534302
2021-12-07,35.85639090438319,-0.006157389473109731,-0.15645885121535485,36.4526135104166,7.76991333850674e-06,-0.1409262484117093
2021-12-08,36.86721240973688,0.1151460824089412,0.12130347188205093,37.06516612510467,0.16783764443620441,0.1678298745228659
2021-12-09,36.4025599664984,0.18228267736748904,0.06713659495854785,36.91872981020542,0.09783626818784086,-0.07000137624836356
2021-12-10,36.45025692147112,0.24877740345488064,0.0664947260873916,36.936160388760555,0.1917061362226633,0.09386986803482245
2021-12-13,36.24790999208045,0.06411242890398938,-0.18466497455089126,37.05941065434443,0.13281949219462064,-0.05888664402804267
2021-12-14,36.370970351074305,0.10291588933822737,0.03880346043423799,37.19499404400595,0.14847610671787237,0.015656614523251733
2021-12-15,35.449131753684014,-0.2836161312105787,-0.3865320205488061,36.706336229500195,-0.07176597912089733,-0.2202420858387697
2021-12-16,34.88757215435619,-0.30299756242844467,-0.019381431217865952,36.398996712348776,-0.10394661957133167,-0.03218064045043434
2021-12-17,35.38747296716588,-0.2125567908610435,0.09044077156740116,36.77404468467367,-0.03242314081737874,0.07152347875395293
2021-12-20,35.454710997879104,-0.15863979884026946,0.053916992020774046,36.897886078549604,-0.03230491515896006,0.00011822565841868027
2021-12-21,36.563806575774215,0.03856724493997632,0.19720704378024578,37.50503795616689,0.062008782432187104,0.09431369759114716
2021-12-22,36.980596362449404,0.30629292175308365,0.2677256768131073,37.895064359328074,0.23774562596558013,0.17573684353339303
2021-12-23,37.02285557453101,0.4270566840349659,0.12076376228188224,37.94715182580805,0.3096310226918533,0.07188539672627314
2021-12-24,37.105059374418786,0.34351728145057336,-0.08353940258439252,38.11549016035842,0.268289095136943,-0.041341927554910285
2021-12-27,37.01746389677257,0.31255057977869427,-0.030966701671879093,38.34463331204621,0.28934944669932605,0.02106035156238306
2021-12-28,37.25303537408955,0.13784575966307244,-0.17470482011562183,38.41638685950617,0.18226978066785193,-0.10707966603147412
2021-12-29,37.94052418055456,0.19198556362102437,0.054139803957951926,38.748200557982145,0.17062723973081972,-0.011642540937032209
2021-12-30,37.4149982723696,0.07842853956772444,-0.11355702405329993,38.80320664259372,0.17121096335713304,0.000583723626313315
2022-01-04,37.447076558754404,0.06840343686712202,-0.010025102700602417,38.82526120120758,0.14195420816982818,-0.02925675518730486
2022-01-05,36.94647559216092,-0.01419766092232777,-0.0826010977894498,39.306952537780205,0.19246384514680415,0.05050963697697597
2022-01-06,36.932279400457666,-0.06415119472638509,-0.049953533804057315,39.14623148449846,0.14596892499844927,-0.04649492014835488
2022-01-07,37.383753049661564,-0.11135422617859092,-0.047203031452205835,39.25340180986596,0.10104025037676934,-0.04492867462167993
2022-01-11,36.27788773363115,-0.22742210774769234,-0.11606788156910142,38.24115119028177,-0.11241109046238762,-0.21345134083915696
2022-01-12,36.07511890811578,-0.27439153012772266,-0.04696942238003032,36.25580722648927,-0.5138907949436629,-0.40147970448127523
2022-01-13,35.02053367332749,-0.38518838376668896,-0.1107968536389663,36.45341220848283,-0.5707080658594776,-0.05681727091581479
2022-01-14,35.096770164415915,-0.36710184720835315,0.01808653655833581,36.280593168255976,-0.5731276632484992,-0.0024195973890215328
2022-01-17,35.042676643596195,-0.46821528121306955,-0.1011134340047164,36.22854977476456,-0.604970407020275,-0.03184274377177587
2022-01-18,35.6544800048478,-0.12468154575666546,0.3435337354564041,36.24837536552435,-0.3985551649514818,0.20641524206879325
2022-01-19,35.88526594058756,-0.0379705935056478,0.08671095225101766,36.14062025218601,-0.023037394860658367,0.37551777009082343
2022-01-20,37.16356297286701,0.428605859907897,0.4665764534135448,36.85815844470318,0.08094924724407093,0.1039866421047293
2022-01-21,36.19066005745766,0.21877797860835813,-0.2098278812995389,36.83174054432317,0.11022947521344406,0.02928022796937313
2022-01-24,35.83638927260077,0.15874252580091053,-0.0600354528074476,36.623503812665376,0.07899080758015486,-0.031238667633289197
2022-01-25,35.88807296195115,0.04671859142066381,-0.11202393438024671,36.61344917075222,0.07301476104557736,-0.005976046534577506
2022-01-26,36.464775809599644,0.11590197380242273,0.06918338238175892,36.7954125205226,0.1309584536673185,0.05794369262174115
2022-01-27,35.28574488964361,-0.3755636166446692,-0.4914655904470919,36.51530176307634,-0.06857133632536261,-0.19952978999268112
2022-01-28,36.21869935767623,0.005607860043710389,0.3811714766883796,36.86987221810624,0.007626334756608344,0.07619767108197095
2022-01-31,36.87376413673336,0.2074749728265104,0.2018671127828,36.981275215486505,0.07155428056422863,0.06392794580762029
2022-02-01,36.799000875075706,0.18218558262491769,-0.02528939020159271,36.294392882615355,-0.06381125762737838,-0.13536553819160702
2022-02-02,35.837591977270975,-0.12543676646573942,-0.3076223490906571,35.878949241268174,-0.1832926558508916,-0.11948139822351322
2022-02-03,36.56991794504347,0.25683461107996663,0.38227137754570606,36.29416759092983,-0.04422683442928843,0.13906582142160318
2022-02-04,36.23815246950923,0.003890622366611751,-0.2529439887133549,35.78875580190932,-0.2162232832393869,-0.17199644881009846
2022-02-07,35.78360837819642,-0.21803115170739318,-0.22192177407400493,35.65058337381939,-0.2661383683334293,-0.04991508509404241
2022-02-08,35.41587272529462,-0.2766256299562144,-0.05859447824882125,35.0705480273647,-0.24476897105012796,0.02136939728330134
2022-02-09,35.43524001187859,-0.08047039307848536,0.19615523687772907,34.88007629465281,-0.19977458932307712,0.044994381727050836
2022-02-10,35.43021630178737,-0.22794032865121494,-0.14746993557272958,34.692772771258774,-0.3202789639342072,-0.12050437461113006
2022-02-14,34.44859496420396,-0.3579115010610536,-0.1299711724098387,34.460508831266495,-0.26564939412856603,0.054629569805641154
2022-02-15,34.76165737092438,-0.20439020145440878,0.15352129960664485,34.38003107359816,-0.2541104600442381,0.011538934084327934
2022-02-16,34.32424549670884,-0.21832544571714863,-0.013935244262739843,34.07748902369954,-0.1986118007330333,0.05549865931120479
2022-02-17,35.09715059990157,-0.06761788239541033,0.1507075633217383,34.54446926735139,-0.06712140546028422,0.13149039527274908
2022-02-18,35.29338717397134,-0.027365825563208546,0.04025205683220179,34.34774008986774,-0.0690065362782093,-0.0018851308179250736
2022-02-21,35.08456775063776,0.12719455728676365,0.1545603828499722,33.73439519524645,-0.14522272720400764,-0.07621619092579834
2022-02-22,35.287082265156045,0.10508497884632817,-0.022109578440435484,33.845686712384655,-0.10686887224270691,0.038353854961300726
2022-02-24,36.09455675131646,0.35406225092152255,0.24897727207519438,34.43660170669189,0.07182253659847504,0.17869140884118195
2022-02-25,36.28066255730754,0.2367023914812023,-0.11735985944032024,34.7068371801778,0.03247358256528088,-0.03934895403319416
2022-02-28,35.99414887133506,0.14015233947274197,-0.09655005200846034,34.56138370090001,0.04272872220645496,0.010255139641174082
2022-03-01,35.918524093205804,0.16679126851361303,0.026638929040871062,34.60816404413646,0.1747537697780004,0.13202504757154543
2022-03-02,35.90480705798288,0.12354495856535408,-0.043246309948258954,34.41056662910974,0.11297598334500947,-0.06177778643299092
2022-03-03,36.818348050149226,0.14475825976656154,0.021213301201207457,34.936677284441146,0.10001511554985854,-0.012960867795150932
2022-03-04,37.379354975062924,0.21973848355107606,0.07498022378451452,35.1462419254719,0.08788094905882105,-0.01213416649103749
2022-03-07,37.87374711834434,0.3759196494018582,0.15618116585078212,35.17445686425566,0.12261463267113015,0.03473368361230911
2022-03-08,38.71011317672101,0.5583178167030383,0.18239816730118008,35.767766913121136,0.2319205737969341,0.10930594112580394
2022-03-09,38.95769284767343,0.6105771579381098,0.05225934123507159,35.9897086680771,0.3158284077934681,0.08390783399653401
2022-03-10,37.87445296959561,0.21122098388927668,-0.39935617404883317,35.712831665278344,0.1552308761674439,-0.1605975316260242
2022-03-11,40.522471435960895,0.6286232921795971,0.41740230829032043,37.71723445978476,0.5141985068625772,0.35896763069513327
2022-03-14,40.530709199047834,0.5313924161407044,-0.09723087603889269,37.44021653684647,0.4531519345181607,-0.06104657234441646
2022-03-15,40.7048781924602,0.398953003147831,-0.13243941299287343,37.46765818721386,0.33997825481853994,-0.11317367969962078
2022-03-16,40.74693168649398,0.3578477677641132,-0.0411052353837178,37.416815738522146,0.2854214140890079,-0.05455684072953204
2022-03-17,40.57844221211812,0.5407978485044964,0.18295008074038321,37.58850389049761,0.3751344450438623,0.08971303095485439
2022-03-18,41.281788850136294,0.15186348283508266,-0.38893436566941375,38.0214213510219,0.060837378247420304,-0.314297066796442
2022-03-22,40.529692311449764,-0.0002033775196181864,-0.15206686035470085,37.91200017606584,0.0943567278438735,0.033519349596453196
2022-03-23,41.02107055327522,0.06323847216300749,0.06344184968262567,38.05553489271233,0.1175753410996947,0.023218613255821197
2022-03-24,41.703126597071034,0.191238982115415,0.12800050995240753,38.41983093600406,0.2006030394963858,0.08302769839669111
2022-03-25,41.50162039850043,0.1846356372764575,-0.0066033448389575256,38.52832518421657,0.18796425874378286,-0.01263878075260294
2022-03-28,41.45369997928742,0.03438222583022821,-0.15025341144622928,38.17798365545151,0.03131246088592832,-0.15665179785785455
2022-03-29,41.43923298646206,0.18190813500245895,0.14752590917223074,37.951620196743136,0.007924004135460905,-0.023388456750467412
2022-03-30,41.523856986010784,0.10055728654710805,-0.0813508484553509,37.9541455809746,-0.02027786234754103,-0.028201866483001936
2022-03-31,41.0959624975503,-0.12143281990414323,-0.22199010645125128,37.93201453645658,-0.09756327990950808,-0.07728541756196705
2022-04-01,41.07159130169154,-0.08600581936178031,0.03542700054236292,37.96866750447691,-0.11193153594792449,-0.014368256038416405
2022-04-04,40.23024466920437,-0.24469106201661361,-0.1586852426548333,37.82683158821938,-0.07023041344643133,0.04170112250149316
2022-04-05,39.71933693434106,-0.34397921042419455,-0.09928814840758093,37.801210730454855,-0.030081893257658976,0.04014852018877235
2022-04-06,39.689972983572744,-0.36677680048760664,-0.022797590063412088,37.69849658469455,-0.05112979925600314,-0.021047905998344163
2022-04-07,39.752029250155644,-0.2687866494789404,0.09799015100866626,37.787305094509136,-0.028941888389489634,0.022187910866513505
2022-04-08,39.858299064760374,-0.24265844738622633,0.026128202092714048,37.93312942059853,-0.007107616775677172,0.02183427161381246
2022-04-11,39.62769879072266,-0.12050917569634123,0.1221492716898851,37.85556689171612,0.005747060699349049,0.012854677475026222
2022-04-12,39.18304016741264,-0.10725935338568604,0.01324982231065519,37.58028099783924,-0.0441859465231218,-0.04993300722247085
2022-04-13,39.312542591059625,-0.07548607850262101,0.03177327488306503,37.616213389575705,-0.016456639023772368,0.02772930749934943
2022-04-14,39.408986704492534,-0.0686085091326234,0.006877569369997616,37.107094831443064,-0.136042052613206,-0.11958541358943364
2022-04-15,39.04294048348615,-0.16307171625484784,-0.09446320712222445,37.35824864663084,-0.1149761547935384,0.02106589781966761
2022-04-18,39.19713736323686,-0.08611228549715833,0.07695943075768952,37.40245190732152,-0.09062299687892761,0.02435315791461079
2022-04-19,39.049084013398044,-0.026791230802921007,0.05932105469423732,37.123408020312795,-0.09137459550528604,-0.0007515986263584296
2022-04-20,39.24386985622472,-0.013734546966979622,0.013056683835941385,37.35509534862463,-0.052223608190217874,0.039150987315068164
2022-04-21,39.640562417184825,0.04631514253846092,0.06004968950544054,36.86455354253299,-0.048508257782010844,0.00371535040820703
2022-04-22,39.32224845107896,0.055861593518564234,0.009546450980103316,37.07181735530352,-0.05728625826546363,-0.008778000483452786
2022-04-25,39.70878191491208,0.10232891033504643,0.046467316816482196,37.13029656621951,-0.05443106822040278,0.0028551900450608514
2022-04-26,40.02201885250447,0.19458696782128015,0.09225805748623372,37.63113685427935,0.10154576679330773,0.1559768350137105
2022-04-27,39.77304949465801,0.1058359276866554,-0.08875104013462476,37.636437880125484,0.056268506300170884,-0.04527726049313685
2022-04-28,39.74277977009193,0.02044347058142648,-0.08539245710522891,37.539321719040146,0.13495363530142868,0.07868512900125779
2022-05-02,39.17229815634322,-0.029990058947149123,-0.050433529528575605,37.43095964676465,0.07182845829223083,-0.06312517700919784
2022-05-06,38.937860769023445,-0.15418422917773,-0.12419417023058088,37.237286347279664,0.02139795621203433,-0.050430502080196504
2022-05-09,39.143001821428086,-0.17580340621527313,-0.021619177037543125,37.269439060160735,-0.07233955882372811,-0.09373751503576244
2022-05-10,39.81120037900483,0.007630176869362515,0.18343358308463564,37.76143107034535,0.024998638043975063,0.09733819686770318
2022-05-11,39.37127238315479,-0.07430147738742932,-0.08193165425679183,37.26468409538306,-0.05492752473141849,-0.07992616277539355
2022-05-12,39.132694245167784,-0.007920782235082413,0.0663806951523469,37.07506231938336,-0.07117946547625564,-0.016251940744837157
2022-05-13,38.223680066172676,-0.1428361405701537,-0.1349153583350713,36.875819300990784,-0.0722934092577745,-0.0011139437815188558
2022-05-16,37.93465572793406,-0.24166921869881008,-0.09883307812865638,36.801339177242994,-0.09361997658354682,-0.021326567325772317
2022-05-17,37.94468244814891,-0.37330358617118264,-0.13163436747237256,36.48582420278174,-0.255121373512722,-0.1615013969291752
2022-05-18,38.16164613675066,-0.2419252492808326,0.13137833689035006,36.34451892596421,-0.18403303388377168,0.07108833962895034
2022-05-19,37.93687493504204,-0.23916386202514417,0.002761387255688419,36.56417238181949,-0.10217798751277485,0.08185504637099683
2022-05-20,38.77146990150314,0.10955796706609533,0.3487218290912395,36.64600671427708,-0.045962517342744036,0.05621547017003081
2022-05-23,38.96634352915703,0.2063375602445916,0.09677959317849627,36.78436445467516,-0.003394944513566145,0.04256757282917789
2022-05-24,39.342399200927346,0.27954335055568436,0.07320579031109276,36.8480856665729,0.07245229275822851,0.07584723727179465
2022-05-25,39.529811405295916,0.2736330537090552,-0.005910296846629137,36.97011746955099,0.12511970871736366,0.052667415959135155
2022-05-26,39.55372146510106,0.3233693060118057,0.04973625230275047,36.61424586264977,0.010014696166052772,-0.11510501255131089
2022-05-27,39.55846941682741,0.1573999030648494,-0.16596940294695628,36.70845912616703,0.012490482377991441,0.0024757862119386687
2022-05-30,39.514965020148466,0.10972429819828733,-0.04767560486656208,36.635389493622895,-0.029794992210455007,-0.04228547458844645
2022-05-31,40.26693640393853,0.18490744060223818,0.07518314240395085,36.868632076085106,0.00410928190243709,0.0339042741128921
2022-06-01,39.701521983792446,0.03434211569930312,-0.15056532490293506,36.992699580857064,0.004516422261218622,0.00040714035878153254
2022-06-02,39.99200094064726,0.08765589510923633,0.053313779409933204,37.0788315969568,0.09291714686141006,0.08840072460019144
2022-06-03,40.007500568934574,0.08980623042143776,0.0021503353122014346,37.11353346647029,0.08101486806064884,-0.011902278800761223
2022-06-06,39.86011727570855,0.06903045111201322,-0.020775779309424536,37.08170534503576,0.08926317028257813,0.008248302221929293
2022-06-07,39.26724683655716,-0.1999379134762691,-0.2689683645882823,37.02007206784336,0.030287998351646195,-0.058975171930931936
2022-06-08,38.922768021590585,-0.15575079244037227,0.04418712103589684,37.03854964566588,0.009170012961760676,-0.02111798538988552
2022-06-09,39.19607753781173,-0.15918468056710822,-0.003433888126735951,37.068937374473464,-0.0019788444966692964,-0.011148857458429973
2022-06-10,39.284850436141554,-0.14453002655859848,0.014654654008509738,37.06941831658604,-0.008823029976845476,-0.006844185480176179
2022-06-13,39.61332197575439,-0.04935905999083445,0.09517096656776403,37.240275486511365,0.031714028295120045,0.04053705827196552
2022-06-14,39.447306072300606,0.03601184714868566,0.08537090713952011,37.65085233308244,0.12615605304781496,0.09444202475269492
2022-06-15,39.421988194646545,0.09984403461119484,0.06383218746250918,37.727366969307354,0.1377634647282946,0.011607411680479629
2022-06-16,38.949513617819,-0.049312783998544774,-0.14915681860973962,37.761856759024994,0.13858387691031027,0.0008204121820156729
2022-06-17,38.050961633759584,-0.246777760476391,-0.19746497647784622,37.86035402595952,0.1581871418746914,0.01960326496438114
2022-06-20,38.12475704160123,-0.2977129868306392,-0.050935226354248186,37.61101673131331,0.07414824896039107,-0.08403889291430033
2022-06-21,38.226749555687746,-0.24411130332256903,0.05360168350807015,37.13615267832892,-0.1029399309507042,-0.17708817991109527
2022-06-22,35.936113373384586,-0.6971749642523903,-0.4530636609298213,37.58235131503247,-0.0290031308549743,0.0739368000957299
2022-06-23,35.585607291489254,-0.6727812652659466,0.024393698986443724,37.52855477984481,-0.04666039583604231,-0.01765726498106801
2022-06-24,35.361493903633885,-0.5378935460251455,0.13488771924080112,37.51703989448281,-0.06866282629533771,-0.022002430459295397
2022-06-27,35.099671810908546,-0.6050170461385349,-0.06712350011338941,37.08881472682053,-0.10444040089856088,-0.03577757460322317
2022-06-28,34.80901016129255,-0.6835478788790397,-0.07853083274050476,37.130659896180745,-0.0010985564296319694,0.10334184446892891
2022-06-29,34.010706665138926,-0.38508134164912633,0.29846653722991334,36.78974383745832,-0.15852149551482597,-0.157422939085194
2022-06-30,34.01564291235857,-0.31399287582613766,0.07108846582298867,36.94486249193906,-0.11673845758115675,0.04178303793366922
2022-07-01,33.987103145782825,-0.27487815157021345,0.039114724255924216,37.054975458786856,-0.09241288713918294,0.02432557044197381
2022-07-04,32.85915729914559,-0.44810290235259487,-0.17322475078238142,37.10360761337698,0.002958577311282795,0.09537146445046574
2022-07-05,33.308354962949835,-0.3001310396685426,0.14797186268405227,37.22554628528185,0.01897727782021974,0.016018700508936945
2022-07-06,33.45702233003274,-0.11073686702123098,0.18939417264731162,37.26322431455422,0.094696095419188,0.07571881759896826
2022-07-07,33.54540739749943,-0.09404710297183527,0.016689764049395706,37.27218988512678,0.06546547863754171,-0.02923061678164629
2022-07-08,33.91485878109157,-0.014448872938245927,0.07959823003358935,37.22429574363953,0.03386405697053618,-0.031601421667005525
2022-07-11,33.80675151812969,0.1895188437968116,0.20396771673505754,37.0988335889823,-0.0009548048789369545,-0.03481886184947314
2022-07-12,34.18119030602145,0.1745670686143228,-0.014951775182488802,36.86235002828931,-0.07263925139850613,-0.07168444651956918
2022-07-13,34.77985331189694,0.2645661963728472,0.08999912775852437,36.840735553533065,-0.0844977522042285,-0.011858500805722372
2022-07-14,34.86533822645353,0.26398616579081846,-0.0005800305820287122,36.84225089168926,-0.08598779868751194,-0.001490046483283436
2022-07-15,34.85397596770471,0.18782343732262774,-0.07616272846819072,36.73480923171614,-0.09789730238468053,-0.011909503697168589
2022-07-19,34.43297317623187,0.12524433162043636,-0.06257910570219138,36.67040801243533,-0.0856851153093885,0.012212187075292036
2022-07-20,34.169585661713526,-0.002320928861585969,-0.12756526048202232,36.64854914679661,-0.04276017629854323,0.042924939010845264
2022-07-21,35.57451104121965,0.15893154586454727,0.16125247472613324,36.96719533736906,0.025291956767198087,0.06805213306574132
2022-07-22,35.7702458541938,0.1809815255480558,0.022049979683508525,36.96447354607686,0.024444530877524073,-0.0008474258896740139
2022-07-25,35.48396949040526,0.12599870454010897,-0.054982821007946825,36.913157897136884,0.03566973308415555,0.01122520220663148
2022-07-26,35.38229714032079,0.18986479281777235,0.06386608827766338,36.570883611090466,-0.019904880268988734,-0.055574613353144287
2022-07-27,35.167156166765196,0.19951410101033673,0.009649308192564376,36.66896604519199,0.004083379679087784,0.023988259948076518
2022-07-28,35.102558239950724,-0.09439056025378534,-0.29390466126412207,36.471145044453465,-0.09921005858311815,-0.10329343826220594
2022-07-29,34.746776699263634,-0.20469383098602378,-0.11030327073223845,36.44345808032577,-0.10420309315022536,-0.004993034567107202
2022-08-01,34.309161528902564,-0.23496159230054303,-0.030267761314519248,36.53549754915785,-0.07553206959579484,0.02867102355443052
2022-08-02,33.99395079548859,-0.2776692689664415,-0.042707676665898475,36.283136065773306,-0.05754950906344192,0.01798256053235292
2022-08-03,34.474776015788166,-0.1384760301954131,0.1391932387710284,36.58465686466296,-0.016861836105803718,0.0406876729576382
2022-08-04,34.02908396830499,-0.2146948543291387,-0.0762188241337256,36.46769537097698,-0.0006899346953019858,0.016171901410501732
2022-08-05,32.96687805773609,-0.35597972830550617,-0.14128487397636746,36.19345771993852,-0.05000007207744517,-0.04931013738214318
2022-08-08,33.09355592072524,-0.24312112163546828,0.11285860667003789,36.19613540704046,-0.06787242842347752,-0.017872356346032348
2022-08-09,32.70383261522623,-0.2580236360524779,-0.014902514417009627,35.42455686357158,-0.17171584044034915,-0.10384341201687164
2022-08-10,32.057537614805696,-0.483447680196484,-0.22542404414400607,35.45029588496874,-0.22687219593884578,-0.05515635549849662
2022-08-12,32.37889130850047,-0.33003853196090915,0.15340914823557483,35.48282501908709,-0.1969740703779692,0.029898125560876565
2022-08-15,33.283928074649296,0.0634100033826357,0.39344853534354485,35.854361416434514,-0.06781926070080146,0.12915480967716775
2022-08-16,32.046223404146204,-0.2094665033158023,-0.272876506698438,35.67129626854381,-0.10496782769932622,-0.03714856699852476
2022-08-17,32.25277092315142,-0.09021233841495757,0.11925416490084473,35.767375247047426,0.06856367669516317,0.1735315043944894
2022-08-18,33.02141681682197,0.19277584040325024,0.2829881788182078,35.56031439031749,0.02200370106974958,-0.046559975625413585
2022-08-19,33.70434761848516,0.2650912619969361,0.07231542159368587,35.62640262120861,0.028715520424299257,0.006711819354549675
2022-08-22,33.84717436216128,0.1126492575023974,-0.1524420044945387,35.758930510351504,-0.01908618121660055,-0.04780170164089981
2022-08-23,34.21217562601342,0.43319044437344445,0.32054118687104705,36.043881788966615,0.07451710408456336,0.09360328530116391
2022-08-24,34.979488240009104,0.5453434633715375,0.11215301899809305,35.87668407479828,0.02186176555016317,-0.05265533853440019
2022-08-25,34.622187706366006,0.3201541779088046,-0.22518928546273287,36.17532815009356,0.12300275195522659,0.10114098640506342
2022-08-26,34.18211966770939,0.0955544098448513,-0.22459976806395332,36.30736564508217,0.13619260477469908,0.013189852819472492
2022-08-29,34.16706362769041,0.06397785310582549,-0.03157655673902582,36.55734941915577,0.15968378176086162,0.023491176986162543
2022-08-30,35.042867669740914,0.16613840874549624,0.10216055563967075,36.96290131484834,0.18380390517634027,0.024120123415478645
2022-08-31,35.46579260474431,0.09726087294703945,-0.06887753579845679,37.274802887119066,0.2796237624641549,0.09581985728781461
2022-09-01,35.65692278934256,0.2069470165953149,0.10968614364827545,37.34810932113457,0.23455623420821325,-0.045067528255941625
2022-09-02,36.219812409469355,0.40753854835198666,0.20059153175667177,37.418606340545566,0.22224813909267027,-0.012308095115542983
2022-09-05,36.403015237056934,0.44719032187330754,0.03965177352132088,37.66956035649879,0.22244218746860867,0.00019404837593839375
2022-09-06,35.7727999997866,0.14598646600913412,-0.3012038558641734,37.3740543946207,0.08223061595447234,-0.14021157151413632
2022-09-07,35.80983415379656,0.06880830981045705,-0.07717815619867707,37.46480853219714,0.03800112901561903,-0.04422948693885331
2022-09-08,35.37960572152501,-0.055463413563515473,-0.12427172337397252,37.49579362879868,0.029536861532811542,-0.008464267482807486
2022-09-09,36.81539381601091,0.11911628130831531,0.17457969487183078,37.98206151753497,0.11269103539788006,0.08315417386506851
2022-09-12,37.036924455975594,0.12678184378373203,0.007665562475416721,37.65906113378283,-0.002099844543188567,-0.11479087994106862
2022-09-13,37.28213347428307,0.30186669489929585,0.17508485111556382,37.54075141772233,0.033339404620321034,0.0354392491635096
2022-09-14,37.263719697521736,0.2907771087450328,-0.011089586154263031,37.70166249981456,0.04737079352349127,0.014031388903170239
2022-09-15,38.21999824820389,0.5680785053357766,0.2773013965907438,38.16667882871728,0.13417703998372588,0.0868062464602346
2022-09-16,38.3527147577404,0.3074641883458966,-0.26061431698988,38.22300271864226,0.04818824022144952,-0.08598879976227636
2022-09-20,37.91422010565924,0.1754591299367334,-0.1320050584091632,37.77291191057644,0.02277015535872806,-0.025418084862721457
2022-09-21,37.01678146414643,-0.05307040202733049,-0.2285295319640639,37.66656665911656,0.025163048278841416,0.002392892920113354
2022-09-22,37.32762745923577,0.012781552342808311,0.0658519543701388,37.549516285326334,-0.030429242897639597,-0.05559229117648101
2022-09-26,37.309884752805786,-0.1820226990796172,-0.19480425142242552,36.959188852116455,-0.24149799532016658,-0.21106875242252698
2022-09-27,39.67762260480525,0.26498156941296,0.44700426849257724,37.79859971268593,-0.08488060119126573,0.15661739412890086
2022-09-28,39.10052820150922,0.237261619169999,-0.027719950242961033,38.021878482942896,0.049793314473284056,0.13467391566454978
2022-09-29,39.79577984323156,0.5557996758170276,0.3185380566470286,36.29444986059487,-0.2744233597043362,-0.32421667417762023
2022-09-30,38.252077613648424,0.18489003088252787,-0.37090964493449974,36.143593925212556,-0.2811844720227583,-0.0067611123184221356
2022-10-03,39.29125913811619,0.3962748770620834,0.21138484617955555,36.499579053593635,-0.09192195970456396,0.18926251231819435
2022-10-04,39.35287179935227,-0.06495016109059293,-0.46122503815267635,36.45405482465178,-0.2689089776068272,-0.17698701790226323
2022-10-05,42.61783338465294,0.7034610366287382,0.7684111977193311,37.52808637195679,-0.09875842219722131,0.17015055540960589
2022-10-06,42.69937093971343,0.5807182192963793,-0.12274281733235881,37.02263282759995,0.1456365934010151,0.2443950155982364
2022-10-07,42.54188458326857,0.8579613939240289,0.2772431746276496,37.035153366004465,0.17831188815838317,0.03267529475736808
2022-10-11,42.73663846815374,0.6890758660075065,-0.16888552791652245,36.94803391309034,0.08969097189933706,-0.08862091625904611
2022-10-12,42.822223283861035,0.6938702969017498,0.004794430894243362,36.50023078202776,0.00923519147519869,-0.08045578042413837
2022-10-13,42.56492231320189,-0.010582214290202785,-0.7044525111919526,36.51094280622232,-0.20342871314689148,-0.21266390462209017
2022-10-14,42.388794419687784,-0.06211530400513254,-0.05153308971492976,36.611285544392075,-0.08226945664157626,0.12115925650531523
2022-10-17,43.98266301153728,0.2881556856537415,0.35027098965887404,37.48244650880494,0.08945862856009512,0.17172808520167138
2022-10-18,44.599616237075736,0.3725955537844001,0.08443986813065862,37.54328168749596,0.1190495548811299,0.02959092632103477
2022-10-19,44.53098915345244,0.34175317391827775,-0.03084237986612237,37.71499619751495,0.2429530830974329,0.12390352821630302
2022-10-20,44.741608041485335,0.435337145656689,0.09358397173841126,37.632571321793975,0.22432570311433153,-0.018627379983101378
2022-10-21,44.165749517223844,0.3553910195072092,-0.07994612614947982,37.70358540012617,0.21845997114682092,-0.005865731967510612
2022-10-24,43.73016615947654,-0.05049937041214747,-0.40589038991935666,37.77280512210746,0.05807172266050031,-0.1603882484863206
2022-10-25,43.57794903433059,-0.20433344054902847,-0.153834070136881,37.743019259105424,0.03994751432189503,-0.018124208338605285
2022-10-26,43.92399520352741,-0.12139878998500109,0.08293465056402738,37.73349571385185,0.003699903267381899,-0.03624761105451313
2022-10-27,44.16383984649811,-0.1155536389974472,0.005845150987553893,37.59826983821316,-0.006860296716162395,-0.010560199983544294
2022-10-28,44.1957467788766,0.005999452330549104,0.1215530913279963,37.77750064552232,0.01478304907922734,0.021643345795389735
2022-10-31,42.55898283207961,-0.23423666547938637,-0.24023611780993548,37.847083027174044,0.014855581013314634,7.25319340872943e-05
2022-11-01,43.06699077481261,-0.10219165190358837,0.132045013575798,37.94064254722743,0.039524657624404824,0.02466907661109019
2022-11-02,42.194812658143036,-0.34583650907688224,-0.24364485717329387,37.44636230765383,-0.057426681239604704,-0.09695133886400953
2022-11-04,41.63447163971665,-0.5058736413562883,-0.16003713227940608,37.043667955886065,-0.11092037646542252,-0.05349369522581782
2022-11-07,41.66179302023211,-0.506790751728893,-0.0009171103726046681,37.11306453154036,-0.13288722279639842,-0.021966846330975898
2022-11-08,41.9376551402939,-0.12426553835715026,0.3825252133717427,37.1054500439397,-0.14832659664686076,-0.015439373850462346
2022-11-09,42.22707974566066,-0.16798220583038415,-0.04371666747323388,37.104233814112305,-0.16728174662302564,-0.018955149976164876
2022-11-10,42.29716765199519,0.020470998770427684,0.18845320460081183,36.90356260701856,-0.10855994012705139,0.05872180649597425
2022-11-11,42.4492576603305,0.16295720412276893,0.14248620535234124,36.776660543799935,-0.05340148241722886,0.05515845770982253
2022-11-14,41.207358603760014,-0.09088688329441652,-0.25384408741718545,36.418033649341794,-0.13900617643971458,-0.08560469402248572
2022-11-15,41.04178125357765,-0.17917477734324905,-0.08828789404883253,36.026141709831265,-0.21586166682168084,-0.07685549038196626
2022-11-16,41.54767602084041,-0.135880744964048,0.04329403237920104,36.04800445076718,-0.21124587266903205,0.004615794152648789
2022-11-17,41.416829718663294,-0.17606758666638456,-0.04018684170233655,36.02098505105674,-0.1765155111923633,0.03473036147666875
2022-11-18,41.78329774293343,-0.13319198347941352,0.042875603186971034,35.62357096384474,-0.23061791599103287,-0.05410240479866957
2022-11-21,41.78220659292083,0.11496959783216454,0.24816158131157806,35.860389220406105,-0.11152888578713771,0.11908903020389516
2022-11-22,41.887332374888885,0.16911022426224775,0.054140626430083216,35.86903238241105,-0.031421865484048794,0.08010702030308892
2022-11-24,41.422647924155186,-0.025005619337051144,-0.1941158435992989,35.45890042085172,-0.11782080598308653,-0.08639894049903774
2022-11-25,41.74273296529816,0.06518064932697598,0.09018626866402712,35.690335319800965,-0.06612994625115931,0.05169085973192722
2022-11-28,41.79122452933767,0.0015853572808524063,-0.06359529204612357,35.95703256623756,0.066692320478559,0.1328222667297183
2022-11-29,41.48198994996727,-0.06004332859070871,-0.06162868587156112,36.287188114160784,0.08535977875094147,0.018667458272382476
2022-11-30,41.241799637458506,-0.12910654748608863,-0.06906321889537992,36.56886068590234,0.13996566069825178,0.05460588194731031
2022-12-01,41.244339465234475,-0.03566169178413503,0.0934448557019536,36.80444247154276,0.26910841013821596,0.12914274943996418
2022-12-02,40.843335743549744,-0.1798794443496874,-0.14421775256555236,36.96118897590127,0.2541707312200572,-0.014937678918158781
2022-12-05,41.36221655119596,-0.08580159562833956,0.09407784872134783,37.296672592071786,0.26792800516685134,0.013757273946794157
2022-12-06,41.465235846584505,-0.0033508206765588966,0.08245077495178066,37.07671283771971,0.15790494471178107,-0.11002306045507027
2022-12-07,41.401811655315626,0.03200240357143258,0.03535322424799148,37.078155180029725,0.10185889882547627,-0.056046045886304796
2022-12-08,41.37019615124996,0.025171337203090616,-0.006831066368341965,37.07189458717873,0.05349042312720087,-0.048368475698275404
2022-12-09,40.754147788320054,-0.017837591045939405,-0.04300892824903002,37.1000694579664,0.027776096413020923,-0.025714326714179947
2022-12-12,40.4621319454623,-0.18001692114673062,-0.16217933010079122,37.295720354661555,-0.00019044748204777306,-0.027966543895068696
2022-12-13,40.57390742619711,-0.17826568407747345,0.0017512370692571722,37.40876498321798,0.06641042909965478,0.06660087658170255
2022-12-14,40.38887277061569,-0.20258777693999264,-0.024322092862519185,37.51573319024256,0.08751560204257203,0.02110517294291725
2022-12-15,40.49396752586226,-0.17524572507753078,0.027342051862461858,37.27086867369273,0.03979481730279133,-0.0477207847397807
2022-12-16,40.519867172703286,-0.04685612312334797,0.1283896019541828,37.323680887888884,0.044722285984498455,0.004927468681707126
2022-12-19,40.93719200687934,0.09501201228340506,0.14186813540675303,37.38290474860085,0.017436878787854937,-0.02728540719664352
2022-12-20,41.15705150106267,0.11662881497310451,0.021616802689699455,37.50913329501816,0.0200736623600406,0.0026367835721856636
2022-12-21,39.265545527851316,-0.2246654485528694,-0.3412942635259739,37.216615190092405,-0.05982360003003606,-0.07989726239007666
2022-12-22,39.12234182754683,-0.2743251396630839,-0.04965969111021451,37.18618905367765,-0.016935924003007585,0.042887676027028476
2022-12-23,39.066718446707014,-0.29062974519926144,-0.01630460553617752,37.292498270188105,-0.006236523540160022,0.010699400462847564
2022-12-26,39.08870499197279,-0.36969740298130915,-0.07906765778204772,37.25341360938152,-0.025898227843860866,-0.019661704303700844
2022-12-27,38.22001234721965,-0.5874078307686048,-0.21771042778729566,37.2848123663546,-0.04486418573272033,-0.018965957888859464
2022-12-28,38.240190284132,-0.20507104874386073,0.3823367820247441,37.12028714220838,-0.01926560957679868,0.02559857615592165
2022-12-29,38.2964072156131,-0.16518692238674504,0.03988412635711569,36.678603378843306,-0.1015171349668691,-0.08225152539007041
2022-12-30,38.33649824978846,-0.14604403938371036,0.019142883003034683,36.605886395691584,-0.13732237489930554,-0.03580523993243645
2023-01-04,37.93771670483919,-0.2301976574267286,-0.08415361804301824,36.62790197279237,-0.12510232731783333,0.012220047581472215
2023-01-05,38.15875218848251,-0.01225203174742262,0.21794562567930598,36.686480335694895,-0.11966640613193391,0.005435921185899417
2023-01-06,35.921742689394875,-0.46368951894742594,-0.4514374872000033,36.29708918120373,-0.16463959220093471,-0.0449731860690008
2023-01-10,35.80076750550518,-0.4991279420215875,-0.03543842307416156,36.452066685766496,-0.04530733861535907,0.11933225358557564
2023-01-11,35.24966231256501,-0.6173671874446853,-0.11823924542309783,35.68688730854987,-0.18379981742834417,-0.1384924788129851
2023-01-12,35.86629496900699,-0.41428434716643636,0.20308284027824897,35.9678817571875,-0.13200404312097191,0.051795774307372255
2023-01-13,35.183240141561924,-0.5951024093841184,-0.18081806221768204,36.10885365695809,-0.11552533574736401,0.016478707373607904
2023-01-16,35.0884684597128,-0.16665484593642077,0.42844756344769763,36.15256710912813,-0.028904414415116264,0.08662092133224775
2023-01-17,31.991907096509053,-0.7617720817992222,-0.5951172358628014,36.18246005938907,-0.053921325275489096,-0.025016910860372832
2023-01-18,32.32871036279887,-0.5841903899532355,0.1775816918459867,36.16304742969781,0.09523202422959542,0.14915334950508452
2023-01-19,33.42256390745699,-0.4887462123099908,0.09544417764324464,36.59837846272434,0.12609934110736276,0.030867316877767337
2023-01-20,33.593123677525526,-0.3180232928072897,0.17072291950270113,36.65897709363364,0.1100246873351125,-0.016074653772250258
2023-01-23,32.82312638997654,-0.45306841394724273,-0.13504512113995304,36.59688079404587,0.0888627369835433,-0.021161950351569203
2023-01-24,33.3281819859363,0.26725497788544317,0.7203233918326859,36.57257137052781,0.07802226222775488,-0.01084047475578842
2023-01-25,33.860961144186604,0.306450156277549,0.039195178392105845,36.91219797842875,0.14983010974618338,0.0718078475184285
2023-01-26,31.830780848282025,-0.318356611834993,-0.624806768112542,36.98276139964197,0.07687658738353065,-0.07295352236265273
2023-01-27,31.491078290338365,-0.4204090774374336,-0.10205246560244063,36.77784921343888,0.023774423961043567,-0.05310216342248708
2023-01-30,31.097709944094454,-0.34508328917640796,0.07532578826102565,36.80627802413362,0.041879446017553335,0.018105022056509767
2023-01-31,30.990781658671423,-0.46748006545297827,-0.12239677627657031,36.39609206762634,-0.03529586058029821,-0.07717530659785155
2023-02-01,30.764943509590204,-0.6192035269192822,-0.1517234614663039,36.036747493312376,-0.17509009702327916,-0.13979423644298095
2023-02-02,30.438341645194015,-0.27848784061760057,0.3407156863016816,35.95216362698791,-0.2061195545308081,-0.031029457507528946
2023-02-03,30.246086939576777,-0.2489982701523239,0.02948957046527667,35.785616535505696,-0.1984465355866334,0.007673018944174714
2023-02-06,29.581185804003646,-0.30330482801815606,-0.05430655786583216,35.711686542108396,-0.21891829640505023,-0.02047176081841684
2023-02-07,29.594627536421093,-0.27923082445006386,0.024074003568092195,35.61353622843113,-0.1565111678390423,0.06240712856600794
2023-02-08,29.548731432548898,-0.24324241540826463,0.03598840904179923,34.770241124881935,-0.253301273686084,-0.09679010584704173
2023-02-09,29.528750293011576,-0.181918270436487,0.06132414497177763,34.706889006086016,-0.24905492418038477,0.004246349505699243
2023-02-10,29.091293368771076,-0.23095871416113667,-0.04904044372464966,34.74439095037958,-0.2082451170252142,0.040809807155170574
2023-02-13,29.4938506334289,-0.017467034114954316,0.21349168004618235,34.524473851112205,-0.23744253819923955,-0.02919742117402535
2023-02-14,29.790489465385107,0.0391723857928028,0.056639419907757116,34.43454482491383,-0.2357982807034631,0.0016442574957764577
2023-02-15,29.632330436773337,0.01671980084488922,-0.02245258494791358,34.55733378142541,-0.04258146869130286,0.19321681201216023
2023-02-16,29.101524324800764,-0.08544519364216185,-0.10216499448705108,34.56794051889467,-0.027789697438265648,0.014791771253037211
2023-02-17,28.770925493022567,-0.06407357514970258,0.021371618492459277,34.77911875884041,0.006945561692162983,0.03473525913042863
2023-02-20,28.853279933269526,-0.1281141400318795,-0.06404056488217691,34.84736860414131,0.06457895060582075,0.05763338891365777
2023-02-21,29.010587040332986,-0.15598048501041717,-0.027866344978537683,34.442173420635015,0.0015257191442330509,-0.0630532314615877
2023-02-22,28.837506576980402,-0.1589647719585905,-0.0029842869481733203,34.54590526607471,-0.0022857030701359804,-0.0038114222143690313
2023-02-24,29.38032151176052,0.055759437391952105,0.2147242093505426,35.20278464355334,0.12696882493172978,0.12925452800186576
2023-02-27,29.697913649491767,0.18539763129384212,0.12963819390189002,35.22296348470131,0.08876894517218403,-0.03819987975954575
2023-02-28,29.867237467617663,0.2027915068696231,0.01739387557578098,35.480876781162124,0.12670163540416013,0.037932690231976096
2023-03-01,30.09639320500151,0.21716123293371226,0.01436972606408915,35.48041735729766,0.20764878733253056,0.08094715192837043
2023-03-02,29.959292473187674,0.22435717924145138,0.007195946307739121,35.48492727626836,0.18780440203872928,-0.01984438529380128
2023-03-03,29.942891356821313,0.11251396901215571,-0.11184321022929566,34.92362874662737,-0.05583117938519422,-0.2436355814239235
2023-03-06,29.81006736061913,0.02243074222547392,-0.09008322678668179,35.11017365437394,-0.02255796606547733,0.03327321331971689
2023-03-07,29.835231045445227,-0.006401284434485177,-0.028832026659959098,35.256450780086396,-0.0448852002151412,-0.022327234149663866
2023-03-08,29.855503191572765,-0.04817800268574857,-0.04177671825126339,35.01281852744086,-0.09351976597135803,-0.04863456575621683
2023-03-09,29.68717222818041,-0.05442404900145448,-0.006246046315705911,34.861951949574646,-0.12459506533875242,-0.031075299367394393
2023-03-10,29.93059592959814,-0.0024590854446415733,0.051964963556812904,35.04077849010753,0.023429948696033875,0.1480250140347863
2023-03-13,31.040456688217837,0.24607786551975153,0.2485369509643931,35.54526617077167,0.08701850327954475,0.06358855458351087
2023-03-14,32.05490358507143,0.44393450792523836,0.19785664240548684,35.73056119661001,0.0948220833047273,0.007803580025182555
2023-03-15,32.931673892553164,0.6152341401960761,0.17129963227083778,36.75732166365377,0.3489006272425854,0.2540785439378581
2023-03-16,32.992363507335085,0.6610382558309382,0.045804115634862086,36.723883559477585,0.37238632198058497,0.023485694737999552
2023-03-17,33.30468554134252,0.674817922348879,0.013779666517940825,36.83583518694164,0.3590113393668233,-0.013374982613761688
2023-03-20,33.608415582336605,0.5135917788237521,-0.16122614352512699,36.480859315226425,0.18711862889094988,-0.1718927104758734
2023-03-22,34.34405983993315,0.45783125097234034,-0.05576052785141172,36.46564784706844,0.1470173300916855,-0.040101298799264384
2023-03-23,35.28068516290929,0.4698022540712259,0.011971003098885546,36.964657792673606,0.04146722580397011,-0.10555010428771538
2023-03-24,35.19411459417985,0.44035021736895175,-0.029452036702274142,36.80067550907101,0.015358389918681326,-0.026108835885288784
2023-03-27,35.21953326333923,0.3829695443993444,-0.05738067296960736,36.81851585972731,-0.003463865442860481,-0.018822255361541806
2023-03-28,35.13548570675325,0.30541402488332636,-0.07755551951601802,36.86855946499304,0.07754002995331888,0.08100389539617936
2023-03-29,35.218846199314584,0.17495727187628773,-0.13045675300703863,36.90253390747985,0.08737721208228777,0.009837182128968891
2023-03-30,35.40852904572439,0.025568776563019924,-0.1493884953132678,37.23117023891804,0.05330248924887826,-0.03407472283340951
2023-03-31,34.97852281225646,-0.04311835638467443,-0.06868713294769435,36.439648876661366,-0.0722053264819209,-0.12550781573079917
2023-04-03,34.69246098925734,-0.10541445481637624,-0.06229609843170181,36.496571641947604,-0.0643888435559461,0.00781648292597481
2023-04-04,34.70495650578877,-0.08610584019290002,0.019308614623476217,36.404243997396975,-0.09286309351921318,-0.028474249963267084
2023-04-05,34.532543309643955,-0.1372605779341285,-0.05115473774122847,36.43445953167486,-0.09361487516099487,-0.0007517816417816903
2023-04-06,35.79896784388047,0.07808775963121661,0.2153483375653451,36.400614897229644,-0.16611106833768474,-0.07249619317668987
2023-04-07,35.935371761285836,0.1913697898058757,0.1132820301746591,36.42764854651283,-0.0024000660297076593,0.16371100230797708
2023-04-10,35.971995248915626,0.2559068519316625,0.0645370621257868,36.432253193414965,-0.012863689706527737,-0.010463623676820077
2023-04-11,36.106381339970895,0.2802849668364189,0.024378114904756387,36.506583199065886,0.020467840333779463,0.0333315300403072
2023-04-12,36.131542553938004,0.3197998488588141,0.03951488202239517,36.3038214585253,-0.026127614629899654,-0.04659545496367912
2023-04-13,36.18457750291276,0.07712193180645954,-0.24267791705235453,36.38387809063575,-0.003347361318787989,0.022780253311111665
2023-04-14,35.702770407868925,-0.046520270683380716,-0.12364220248984026,35.00268213960368,-0.2849932813818299,-0.2816459200630419
2023-04-17,35.72823556210298,-0.048751937362531805,-0.0022316666791510897,34.962758713092796,-0.29389889606443376,-0.008905614682603868
2023-04-18,35.832490079866005,-0.054778252020980744,-0.006026314658448939,34.721414239467535,-0.3570337919196689,-0.06313489585523513
2023-04-19,36.24352681517773,0.022396852247943855,0.0771751042689246,35.00959299852438,-0.25884569200018603,0.09818809991948285
2023-04-20,36.05734928430347,-0.025445643721852207,-0.04784249596979606,34.57313711860384,-0.36214819440637314,-0.1033025024061871
2023-04-21,36.31862760975167,0.12317144037655225,0.14861708409840446,34.703831070074756,-0.05977021390578585,0.3023779805005873
2023-04-24,36.782016270680074,0.21075614171540735,0.0875847013388551,32.91563007592508,-0.40942572743355043,-0.3496555135277646
2023-04-25,36.44784208671684,0.12307040137017111,-0.08768574034523624,32.89713693936207,-0.36485546002109004,0.044570267412460396
2023-04-26,36.287497634942255,0.008794163952906331,-0.11427623741726478,32.85893291728482,-0.4301320162479101,-0.06527655622682005
2023-04-27,35.370917838921486,-0.13728628907639973,-0.14608045302930606,32.695137705479794,-0.3755998826248117,0.05453213362309839
2023-04-28,34.30473430949084,-0.4027786600521637,-0.26549237097576395,32.01415698349331,-0.537934817316291,-0.1623349346914793
2023-05-01,34.269220095095946,-0.5025592351168271,-0.09978057506466342,32.15859994764688,-0.1514060256556391,0.3865287916606519
2023-05-02,34.08068046634081,-0.47343232407520475,0.02912691104162235,32.03069140410912,-0.17328910705059286,-0.021883081394953763
2023-05-08,33.2839805418989,-0.6007034186086742,-0.1272710945334694,30.868167116070758,-0.39815316024280634,-0.22486405319221348
2023-05-09,33.23976599183166,-0.426230369417965,0.17447304919070916,30.653851571186443,-0.40825722685867305,-0.010104066615866714
2023-05-10,33.60644501009979,-0.13965785987821278,0.2865725095397522,30.723918776644233,-0.2580476413698136,0.15020958548885943
2023-05-11,33.47830256340272,-0.15818350633863787,-0.018525646460425094,30.61323622980268,-0.30907274356884074,-0.05102510219902712
2023-05-12,33.04503822740247,-0.20712844778766737,-0.0489449414490295,30.31352457776125,-0.343433365269572,-0.034360621700731286
2023-05-15,32.650433687284846,-0.12670937092281065,0.08041907686485672,29.9525942405037,-0.18311457511341445,0.16031879015615758
2023-05-16,32.5131817859352,-0.14531684117929444,-0.018607470256483793,29.889937173216786,-0.15278287959392856,0.03033169551948589
2023-05-17,32.3201459639354,-0.2572598092328775,-0.11194296805358306,29.56799676669482,-0.23118440198988566,-0.0784015223959571
2023-05-18,32.49659950582455,-0.19634061151563742,0.06091919771724008,29.561518177949644,-0.21034361037060734,0.02084079161927832
2023-05-19,32.80145273145082,-0.04871709919032696,0.14762351232531046,29.53270173089171,-0.1561645693739102,0.054179040996697125
2023-05-22,32.786721823720015,0.027257627287028185,0.07597472647735515,29.58575434988012,-0.07336797812471119,0.08279659124919903
2023-05-23,33.15593870589095,0.12855138399115162,0.10129375670412344,29.4741423424773,-0.08315896614789864,-0.009790988023187452
2023-05-24,33.123985126201845,0.1607678324532955,0.03221644846214389,29.961519858317182,0.07870461832446907,0.1618635844723677
2023-05-25,33.428272342126476,0.18633456726038133,0.025566734807085822,30.197895852481523,0.12727553490638144,0.04857091658191237
2023-05-26,33.64863531062619,0.16943651583507346,-0.01689805142530787,30.004151015668924,0.09428985695544156,-0.03298567795093987
2023-05-29,33.3264164782557,0.1079389309071388,-0.06149758492793467,29.771493555191405,0.03714784106225366,-0.0571420158931879
2023-05-30,33.56059632327987,0.08093152347778698,-0.027007407429351815,29.638015076917476,0.03277454688803161,-0.004373294174222053
2023-05-31,33.55301869403486,0.08580671356659764,0.004875190088810655,29.76456500816286,-0.03939097003085834,-0.07216551691888995
2023-06-01,33.71189953090955,0.056725437756618646,-0.02908127580997899,29.896233691338843,-0.06033243222853457,-0.02094146219767623
2023-06-02,33.72811467275595,0.015895872425950586,-0.04082956533066806,29.97904990320322,-0.0050202224931403805,0.05531220973539419
2023-06-05,34.41779881256532,0.2182764668619228,0.20238059443597223,30.380313632160146,0.12176401539374382,0.1267842378868842
2023-06-06,34.83052000818509,0.25398473698104596,0.03570827011912314,31.159698361837634,0.3043366569840309,0.18257264159028708
2023-06-07,35.01337115497641,0.2920704921883086,0.03808575520726265,31.37315888302539,0.32171877497250634,0.017382117988475443
2023-06-08,36.00720751126386,0.4590615960708675,0.1669911038825589,32.01117355630447,0.4229879729931305,0.10126919802062417
2023-06-09,36.21523617347192,0.4974243001431873,0.038362704072319787,32.13390510711818,0.43097104078299253,0.00798306778986202
2023-06-12,37.046905655367496,0.525821368560436,0.02839706841724876,32.56096469208748,0.43613021198546065,0.005159171202468116
2023-06-13,36.94212568949568,0.42232113626212,-0.10350023229831606,32.31041823214039,0.23014397406055664,-0.205986237924904
2023-06-14,37.016517628265746,0.4006292946578611,-0.021691841604258855,32.35160135804608,0.19568849500414132,-0.03445547905641533
2023-06-15,37.21695528719472,0.24194955518617434,-0.1586797394716868,32.588440049958706,0.11545329873084853,-0.08023519627329279
2023-06-16,37.07397241491751,0.17174724828912247,-0.07020230689705187,32.39228704698493,0.05167638797333751,-0.06377691075751102
2023-06-19,36.95874533155651,-0.01763206476220347,-0.18937931305132594,32.24344537437847,-0.06350386354178994,-0.11518025151512745
2023-06-20,36.72097703030225,-0.044229731838683506,-0.026597667076480036,32.25090849451357,-0.011901947525373657,0.05160191601641628
2023-06-21,35.3146158154842,-0.3403803625563029,-0.2961506307176194,32.27078622609275,-0.01616302639066447,-0.004261078865290813
2023-06-22,34.205846333924754,-0.6022217906539922,-0.2618414280976893,31.500628759319802,-0.21756225812777785,-0.20139923173711338
2023-06-23,31.01108336460385,-1.21257781006274,-0.6103560194087478,31.315479055418827,-0.2153615983132191,0.0022006598145587475
2023-06-26,32.15324110153681,-0.9611008460039301,0.2514769640588099,31.74598146602998,-0.09949278166969933,0.11586881664351978
2023-06-27,31.24701897379822,-1.0947916113008134,-0.13369076529688328,31.75218184079764,-0.09974533074318259,-0.00025254907348326583
2023-06-28,31.229582369510766,-0.8170066891946917,0.2777849221061217,31.678641215214263,-0.11842900217570218,-0.01868367143251959
2023-06-29,31.0361829373809,-0.6339326793087707,0.18307400988592093,32.21953433455231,0.14378111504650448,0.26221011722220666
2023-06-30,30.066530965505585,-0.1889104798196506,0.44502219948912014,32.09410065638717,0.15572432019366644,0.011943205147161962
2023-07-03,30.200357859178766,-0.3905766484716082,-0.20166616865195763,32.141614544815184,0.0791266157570405,-0.07659770443662595
2023-07-04,30.47079875860632,-0.1552440430383797,0.23533260543322854,32.36344695710272,0.12225302326101684,0.04312640750397634
2023-07-05,30.581319043944447,-0.1296526651132659,0.02559137792511379,32.419133294584014,0.148098415873946,0.025845392612929174
2023-07-06,30.60253896934921,-0.08672879360633345,0.04292387150693244,32.060542998710915,-0.03179826716827705,-0.17989668304222306
2023-07-07,30.806250958566437,0.14794399861217045,0.2346727922185039,32.135820731672794,0.008344015057126342,0.04014228222540339
2023-07-10,31.438571050251333,0.24764263821451138,0.09969863960234093,32.235088299802484,0.018694750997454435,0.010350735940328093
2023-07-11,31.657340218599273,0.23730829199859116,-0.01033434621592022,32.332000995534486,-0.006289192313644776,-0.02498394331109921
2023-07-12,31.66401615932586,0.21653942307628427,-0.020768868922306893,32.28418113382335,-0.02699043215213237,-0.020701239838487595
2023-07-13,31.887556806044657,0.25700356733908336,0.040464144262799095,32.31843544648501,0.05157848955482791,0.07856892170696028
2023-07-14,30.040394317030767,-0.1531713283071312,-0.41017489564621457,32.314539926797934,0.03574383902502376,-0.01583465052980415
2023-07-18,29.75665961707763,-0.3363822866347377,-0.18321095832760648,32.35467430204198,0.023917200447904463,-0.011826638577119297
2023-07-19,29.711160636129556,-0.38923591649394496,-0.052853629859207274,32.32384147865379,-0.0016319033761433843,-0.025549103824047847
2023-07-20,30.080193977800356,-0.31676443630509965,0.0724714801888453,32.44521577683068,0.032206928601461016,0.0338388319776044
2023-07-21,30.261321666054705,-0.325247027997996,-0.008482591692896335,32.50744056267159,0.037801023237321374,0.005594094635860358
2023-07-24,30.09967480237426,0.01185609706870494,0.3371031250667009,32.19675929226777,-0.023556126906036923,-0.0613571501433583
2023-07-25,30.30689843358659,0.11004776330178956,0.09819166623308462,32.33648270197297,-0.0036383200137990457,0.019917806892237877
2023-07-26,30.356766644153147,0.12912120160471474,0.019073438302925183,32.34481362491228,0.004194429251697329,0.007832749265496375
2023-07-27,30.37517931886434,0.058997068212800485,-0.07012413339191426,32.478606145537725,0.006678073741404944,0.002483644489707615
2023-07-28,30.257016626036823,-0.0008610080035751366,-0.05985807621637562,32.416116180614,-0.018264876411514308,-0.024942950152919252
2023-07-31,30.09710930661499,-0.0005130991518562666,0.00034790885171887,32.315142439935066,0.02367662953345473,0.04194150594496904
2023-08-01,29.935859464704393,-0.07420779377644138,-0.07369469462458511,32.376266128074775,0.007956685220356974,-0.015719944313097756
2023-08-02,29.59428317302328,-0.15249669422597023,-0.07828890044952885,31.956983076355122,-0.07756610971142663,-0.08552279493178361
2023-08-03,31.033865531642235,0.13173724255558028,0.2842339367815505,32.52469569189954,0.009217909272365432,0.08678401898379207
2023-08-04,31.670868776757416,0.2827704301441152,0.1510331875885349,32.313901639680694,-0.02044290818665928,-0.029660817459024713
2023-08-07,31.203951283005033,0.22136839527800944,-0.06140203486610574,31.78995383709016,-0.10503772056898697,-0.08459481238232769
2023-08-08,31.052923749144746,0.22341285688807133,0.0020444616100618873,31.54303199491983,-0.16664682663099484,-0.06160910606200787
2023-08-09,30.908215265962994,0.26278641858794316,0.03937356169987183,31.390610718163764,-0.11327447163826321,0.05337235499273163
2023-08-10,30.238605245069195,-0.15905205731460725,-0.4218384759025504,30.62210862929222,-0.3805174125214634,-0.2672429408832002
2023-08-14,30.02983430599204,-0.32820689415308024,-0.169154836838473,30.50863787875116,-0.36105275218590904,0.019464660335554385
2023-08-15,30.42407512915613,-0.15597523076977993,0.17223166338330032,30.645495370100775,-0.2288916933978733,0.13216105878803575
2023-08-16,30.17148865974268,-0.17628701788041212,-0.020311787110632196,30.69999290055256,-0.1686078188734541,0.06028387452441919
2023-08-17,30.958579978959364,0.010072942599276047,0.18635996047968817,31.137147387794784,-0.0506926660738003,0.11791515279965381
2023-08-18,31.23945711772236,0.20017037453063224,0.1900974319313562,31.098917061279238,0.09536168639740339,0.14605435247120369
2023-08-21,31.866881819655795,0.36740950273275175,0.1672391282021195,31.25972898868784,0.15021822198733759,0.0548565355899342
2023-08-22,31.962596299940877,0.30770423415694736,-0.05970526857580438,31.349135588408693,0.1407280436615821,-0.009490178325755494
2023-08-23,32.4184356899942,0.4493894060503081,0.14168517189336072,31.667532314222264,0.1935078827339396,0.052779839072357504
2023-08-24,32.55697722271972,0.31967944875207266,-0.12970995729823542,31.773625861922234,0.12729569482549508,-0.06621218790844452
2023-08-25,32.556105669559884,0.2633297103675005,-0.056349738384572134,31.85866966150602,0.15195052004535725,0.024654825219862175
2023-08-28,33.0629697615863,0.2392175883861043,-0.02411212198139623,32.19839840787429,0.18773388383729284,0.035783363791935585
2023-08-29,33.66685266680285,0.34085127337239385,0.10163368498628955,32.6040004967669,0.25097298167163373,0.0632390978343409
2023-08-30,33.66791494636523,0.24989585127420355,-0.0909554220981903,32.81828268604562,0.23015007436467982,-0.02082290730695391
2023-08-31,33.7514924562838,0.2389030467128208,-0.01099280456138274,32.912118623860266,0.22769855238760783,-0.002451521977071991
2023-09-01,33.97808089913752,0.2843950459155167,0.045491999202695865,32.94496464622304,0.2172589969433929,-0.010439555444214932
2023-09-04,34.32383651613932,0.2521733509106099,-0.03222169500490679,33.11279906444498,0.1828801313141497,-0.034378865629243194
2023-09-05,34.581964973766574,0.18302246139274558,-0.0691508895178643,33.26448266118757,0.13209643288412565,-0.05078369843002406
2023-09-06,34.661309311273186,0.1986788729815956,0.015656411588850006,33.38841317792533,0.11402609837593758,-0.01807033450818807
2023-09-07,34.775142482560994,0.20473000525543483,0.006051132273839244,33.45818745893647,0.10921376701525531,-0.004812331360682265
2023-09-08,34.75158208611476,0.1547002373954527,-0.050029767859982144,33.393768659993796,0.08976080275414233,-0.01945296426111298
2023-09-11,34.60701040483954,0.05663477774003667,-0.09806545965541602,33.3317184123146,0.04378386957392877,-0.045976933180213564
2023-09-12,33.17289793554042,-0.281813407645231,-0.33844818538526766,33.11104366857137,-0.0306877985232461,-0.07447166809717487
2023-09-13,32.85567474928639,-0.36112691239735284,-0.07931350475212184,33.14187105472534,-0.04930842463999596,-0.01862062611674986
2023-09-14,31.570782509910856,-0.6408719945300305,-0.2797450821326777,33.055872273311095,-0.08046303712507807,-0.03115461248508211
2023-09-15,31.847234462094818,-0.5808695248039868,0.06000246972604373,33.39252614613621,-0.0002485027715124488,0.08021453435356563
2023-09-19,31.510159246105655,-0.6193702317467782,-0.038500706942791396,33.47798732646743,0.029253782830565456,0.029502285602077905
2023-09-20,31.256755733849026,-0.38322844033827863,0.23614179140849956,33.19059498498018,0.015910263281760706,-0.01334351954880475
2023-09-21,31.137040883453373,-0.3437267731666047,0.039501667171673915,33.21755982110787,0.01513775327650535,-0.0007725100052553557
2023-09-22,31.106323476305683,-0.0928918067210347,0.25083496644557,33.417239588882424,0.0722734631142643,0.05713570983775895
2023-09-25,31.300302838566964,-0.10938632470557152,-0.016494517984536827,33.47231673316959,0.015958117406675854,-0.05631534570758845
2023-09-26,31.457413516633963,-0.010549145894337641,0.09883717881123388,33.2798043168507,-0.039636601923341175,-0.05559471933001703
2023-09-27,31.640321252362952,0.07671310370278661,0.08726224959712425,32.68546276760969,-0.1010264434740975,-0.06138984155075633
2023-09-28,31.9159921438195,0.15579025207322772,0.07907714837044111,32.14814511395291,-0.2138829414309953,-0.11285649795689778
2023-09-29,32.76223332615068,0.3311819699689984,0.17539171789577068,31.30084468525748,-0.42327898072498726,-0.20939603929399198
2023-10-02,33.1999507795058,0.379929588187764,0.04874761821876561,31.496864437767158,-0.39509045908048535,0.028188521644501918
2023-10-03,32.591180860738675,0.22675346882093805,-0.15317611936682596,31.19356192384503,-0.4172484786011381,-0.022158019520652772
2023-10-04,33.81594790325212,0.43512533017783994,0.2083718613569019,31.847151487504973,-0.16766225602094664,0.24958622258019147
2023-10-05,36.1274989577375,0.8423013627835942,0.4071760326057543,32.78232242153874,0.12683546151717096,0.2944977175381176
2023-10-06,36.3259692639315,0.7127471875561682,-0.12955417522742607,32.98757165841361,0.3373453946312246,0.21050993311405364
2023-10-10,36.46428922784513,0.6528676896678647,-0.05987949788830349,32.96997854235087,0.29462282091674297,-0.042722573714481626
2023-10-11,37.98235472559102,1.0782347729704753,0.42536708330261064,33.75740610259518,0.5127688357500304,0.21814601483328744
2023-10-12,37.340590580775725,0.7049285355047132,-0.3733062374657621,33.72600135994892,0.3757699744887901,-0.13699886126124028
2023-10-13,37.67940218534514,0.31038064552152633,-0.3945478899831869,33.8971819806131,0.22297191181487364,-0.1527980626739165
2023-10-16,38.1950551103662,0.3738171692869443,0.06343652376541797,33.97298971585357,0.19708361148799014,-0.025888300326883495
2023-10-17,38.51417595393994,0.40997734521896234,0.036160175932018035,34.46210931538762,0.29842615460734834,0.1013425431193582
2023-10-18,38.3784478198218,0.07921861884615566,-0.3307587263728067,34.513245555851185,0.15116789065120884,-0.1472582639561395
2023-10-19,38.08408540070993,0.14869896398684546,0.06948034514068979,34.42730294194375,0.1402603163989582,-0.01090757425225064
2023-10-20,38.577166802745026,0.17955292347997442,0.03085395949312897,34.76574343339932,0.17371229055724768,0.03345197415828949
2023-10-23,38.453101467963805,0.05160927151951711,-0.12794365196045732,34.10100562952111,0.025603182733505037,-0.14810910782374265
2023-10-24,38.74513825576716,0.046192460365446664,-0.0054168111540704444,34.124309931202674,-0.06755987683698805,-0.09316305957049309
2023-10-25,38.698468416358935,0.06400411930741967,0.017811658941973008,34.10757545725964,-0.0811340197183057,-0.013574142881317641
2023-10-26,38.915577643126994,0.1662984484834169,0.10229432917599723,34.122437002803466,-0.06097318782806127,0.020160831890244424
2023-10-27,38.942234336888674,0.07301350682872965,-0.09328494165468726,34.40211258946627,-0.07272616878660898,-0.01175298095854771
2023-10-30,38.830952617260365,0.07557022985931638,0.0025567230305867383,34.34682466187283,0.04916380647034657,0.12188997525695555
2023-10-31,38.82137152684541,0.015246654215651745,-0.06032357564366464,34.35321650463402,0.04578131468626623,-0.0033824917840803437
2023-11-01,38.25676526088877,-0.08834063109403445,-0.1035872853096862,34.22535795483189,0.023556499514448603,-0.022224815171817625
2023-11-02,40.0719164088388,0.2312677531423617,0.31960838423639615,35.24374049275316,0.22426069798994064,0.20070419847549203
2023-11-06,39.46413339718251,0.10437981205876667,-0.12688794108359502,34.856517105313,0.09088090316934938,-0.13337979482059126
2023-11-07,39.41414490998592,0.11663845854511123,0.01225864648634456,34.94216364497359,0.11906779662015055,0.028186893450801165
2023-11-08,39.8899744131327,0.21372057725745464,0.0970821187123434,35.02952730163396,0.13526215939999275,0.01619436277984221
2023-11-09,39.59408930395229,0.2674648086127078,0.05374423135525319,34.91977591119982,0.13888359127358285,0.0036214318735900974
2023-11-10,40.06890493712166,-0.0006022943434302874,-0.2680671029561381,35.03680228028077,-0.04138764249447746,-0.1802712337680603
2023-11-13,39.21497426251338,-0.049831826933825596,-0.04922953259039531,34.85359028863324,-0.0005853633359578225,0.04080227915851964
2023-11-14,38.87295763047108,-0.10823745590296596,-0.058405628969140366,34.72936589070105,-0.0425595508545058,-0.04197418751854798
2023-11-15,39.07720517070992,-0.16255384848455634,-0.05431639258159038,34.791323416593045,-0.04764077700818348,-0.005081226153677676
2023-11-16,38.93229975360306,-0.13235791006984954,0.030195938414706802,34.615172415731976,-0.060920699093571784,-0.013279922085388307
2023-11-17,38.86892863732338,-0.23999525995965598,-0.10763734988980644,34.52527914376421,-0.10230462730331169,-0.041383928209739906
2023-11-20,39.40174479085579,0.037354105668484294,0.2773493656281403,34.50646806345733,-0.06942444503518175,0.03288018226812994
2023-11-21,39.49438050744891,0.12428457539556348,0.08693046972707918,34.46520136415211,-0.052832905309784906,0.016591539725396842
2023-11-22,39.15347001696168,0.015252969250354909,-0.10903160614520857,34.286046055904436,-0.10105547213772326,-0.04822256682793835
2023-11-24,39.19654788991518,0.05284962726241815,0.037596658012063244,34.406928105178125,-0.0416488621107689,0.059406610026954354
2023-11-27,38.62915031908095,-0.04795566364848014,-0.1008052909108983,34.55765207925589,0.006474587098331597,0.0481234492091005
2023-11-28,38.77813247933152,-0.1247224623048595,-0.07676679865637936,34.78055187121375,0.054816761551286675,0.04834217445295508
2023-11-29,38.674432607664045,-0.1639895799569686,-0.03926711765210911,34.86342283079782,0.07964429332914591,0.024827531777859235
2023-11-30,38.64513918538013,-0.10166616631631342,0.06232341364065519,34.96368435843826,0.13552766050676013,0.05588336717761422
2023-12-01,38.50653461094679,-0.13800265579367732,-0.0363364894773639,35.05421749999131,0.12945787896263994,-0.00606978154412019
2023-12-04,38.440920196408996,-0.037646024534389255,0.10035663125928806,35.01437988537819,0.09134556122446469,-0.03811231773817525
2023-12-05,38.48791243412174,-0.05804400904196427,-0.020397984507575018,35.16116160159166,0.07612194607557399,-0.015223615148890701
2023-12-06,38.28465566105958,-0.0779553893208842,-0.01991138027891992,35.10311459716867,0.04793835327416929,-0.0281835928014047
2023-12-07,38.5668504123676,-0.015657754602507623,0.06229763471837657,35.59495814167205,0.126254756646766,0.07831640337259671
2023-12-08,38.69447980301052,0.0375890384127473,0.05324679301525492,35.74706686642559,0.13856987328685477,0.012315116640088775
2023-12-11,39.09045177420725,0.12990631555965138,0.09231727714690408,36.099096071527505,0.21694323722985587,0.0783733639430011
2023-12-12,39.464438561665716,0.1953052255087897,0.06539890994913833,36.48557726682375,0.26488313304642475,0.04793989581656888
2023-12-13,39.34135545586885,0.2113399589618652,0.01603473345307549,36.489997434605286,0.2773765674873232,0.012493434440898454
2023-12-14,38.93007082152597,0.07264408183166893,-0.13869587713019627,36.41802071921286,0.16461251550816058,-0.11276405197916262
2023-12-15,39.1477425212681,0.09065254365151532,0.01800846181984639,36.71028203040305,0.19264303279548756,0.028030517287326973
2023-12-18,38.53226910434027,-0.11163653397339601,-0.20228907762491133,36.46060729494772,0.072302244684046,-0.12034078811144155
2023-12-19,38.60799414714431,-0.17128888290427824,-0.059652348930882226,36.190701644468874,-0.05897512447097597,-0.13127736915502197
2023-12-20,38.405986960183455,-0.1870736991370805,-0.015784816232802257,35.72454824676406,-0.15308983756824546,-0.09411471309726949
2023-12-21,38.87277590943131,-0.011458982418929509,0.175614716718151,35.65881618254262,-0.15184090733404787,0.0012489302341975872
2023-12-22,38.863679693451914,-0.056812565563241435,-0.045353583144311926,35.38383334100119,-0.2652897378803729,-0.11344883054632504
2023-12-25,38.97717103299006,0.08898038572996114,0.14579295129320258,35.296476784636226,-0.23282610206229748,0.03246363581807543
2023-12-26,38.593459267785676,-0.002906975871724171,-0.09188736160168531,35.0161802245467,-0.23490428398443441,-0.0020781819221369346
2023-12-27,38.47156110696976,0.013114829357249391,0.016021805228973562,35.0699114469282,-0.13092735996717408,0.10397692401726033
2023-12-28,39.16435984364675,0.05831678684309338,0.04520195748584399,35.127643947519644,-0.10623444700459572,0.02469291296257836
2023-12-29,39.02032551505553,0.031329164320723635,-0.026987622522369747,34.89663792236941,-0.09743908372635701,0.00879536327823871
2024-01-04,38.902599819376334,-0.014914242722745996,-0.04624340704346963,34.97630756896332,-0.06403384313458105,0.033405240591775964
2024-01-05,38.60398241841462,0.0021046301257925393,0.017018872848538535,34.92007074372556,-0.019221896164225427,0.04481194697035562
2024-01-09,38.64311223560276,0.0343102257265997,0.03220559560080716,34.95866611352268,-0.022249066681098384,-0.003027170516872957
2024-01-10,38.557370489455806,-0.12139787083819442,-0.15570809656479412,35.045766883431156,-0.01637541281770183,0.005873653863396555
2024-01-11,38.86031088586171,-0.03200292583876774,0.08939494499942668,35.19494559816192,0.059661535158504364,0.07603694797620619
2024-01-12,38.936953151370815,0.0068706663989033245,0.03887359223767106,35.71351894671807,0.1474422755509437,0.08778074039243933
2024-01-15,38.60933199023627,0.0010699143643293496,-0.005800752034573975,35.35740887974555,0.08746762720400625,-0.05997464834693744
2024-01-16,38.82183199483205,0.0357439518458591,0.03467403748152975,35.52761510102559,0.11378979750057283,0.026322170296566583
2024-01-17,38.042172708355594,-0.10303955622003969,-0.1387835080658988,35.59127999575372,0.10910262246451907,-0.004687175036053759
2024-01-18,36.015945224639324,-0.5688731322444767,-0.465833576024437,35.03034394673361,-0.03292033028566266,-0.14202295275018173
2024-01-19,35.06131760881419,-0.7751271085113274,-0.2062539762668507,35.06099266922341,-0.13050525549893877,-0.09758492521327611
2024-01-22,35.05815115331049,-0.7102361673851547,0.06489094112617266,35.01888244471452,-0.06770528700619849,0.06279996849274028
2024-01-23,34.3680266127123,-0.8907610764239493,-0.1805249090387946,35.056670165992216,-0.09418898700667455,-0.026483700000476063
2024-01-24,34.379337656414506,-0.732567010388216,0.15819406603573327,35.044101714777355,-0.10943565619527362,-0.015246669188599071
2024-01-25,34.098478851610494,-0.3834932746057689,0.34907373578244716,35.06054388670917,0.006039987995109186,0.11547564419038281
2024-01-26,33.492390088014176,-0.31378550416000195,0.06970777044576693,34.81439155812848,-0.04932022221898791,-0.055360210214097094
2024-01-29,33.18206037368013,-0.37521815592607766,-0.06143265176607571,34.84529042360259,-0.0347184042223887,0.014601817996599209
2024-01-30,33.38808770483993,-0.19598778157447327,0.17923037435160438,34.94426958107229,-0.022480116983985,0.0122382872384037
2024-01-31,33.48264626139422,-0.17933827900405674,0.01664950257041653,34.91889332722437,-0.025041677510593274,-0.0025615605266082753
2024-02-01,33.048232681415186,-0.21004923403906162,-0.030710955035004872,34.91123405793068,-0.029861965755692665,-0.004820288245099391
2024-02-02,32.93009645924995,-0.11245872575284466,0.09759050828621696,34.83888214744026,0.0048981178623535016,0.03476008361804617
2024-02-05,32.44478331353454,-0.14745541202911028,-0.03499668627626562,34.677292187552034,-0.033599647210110106,-0.03849776507246361
2024-02-06,32.05414724131002,-0.2667880927059869,-0.11933268067687663,34.48836153240798,-0.09118160973286393,-0.05758196252275383
2024-02-07,31.849171370852396,-0.3266949781083639,-0.059906885402376986,34.17883033205267,-0.14801259903433817,-0.05683098930147423
2024-02-08,30.63328334733872,-0.482989866815295,-0.1562948887069311,33.70673678669945,-0.2408994542462466,-0.09288685521190843
2024-02-09,30.128082197898514,-0.5604028522702862,-0.0774129854549912,33.4784548449166,-0.2720854605047336,-0.031186006258486998
2024-02-13,29.517116350224228,-0.5855333926620645,-0.02513054039177831,33.12654722301245,-0.3101489929079193,-0.03806353240318572
2024-02-14,29.787010679950143,-0.45342731227197675,0.13210608039008775,33.25258451496494,-0.24715540348860543,0.06299358941931388
2024-02-15,28.32849184446053,-0.7041359052783704,-0.2507085930063937,33.390182274054965,-0.15772961159954235,0.08942579188906308
2024-02-16,27.905305269875342,-0.545595615492676,0.15854028978569445,32.85713820493004,-0.16991971635388836,-0.01219010475434601
2024-02-19,27.99567505827168,-0.4264814279253706,0.11911418756730541,33.18296438906273,-0.059098091170767475,0.11082162518312089
2024-02-20,27.44179262808369,-0.4150647444281077,0.01141668349726288,33.092471856094406,-0.006815073383606318,0.05228301778716116
2024-02-21,27.00843321514089,-0.5557154929618449,-0.14065074853373716,33.15545605217599,-0.01942569255778892,-0.012610619174182602
2024-02-22,26.54855820596353,-0.3559867276993991,0.19972876526244576,32.68964382847784,-0.1401076891154247,-0.12068199655763578
2024-02-26,26.93522288311469,-0.194016477352136,0.1619702503472631,32.536322786898054,-0.06416308360640244,0.07594460550902227
2024-02-27,26.930625315326957,-0.21300994858894384,-0.018993471236807835,32.584317912432624,-0.1197292953260174,-0.055566211719614955
2024-02-28,26.89138288791534,-0.11008194803366678,0.10292800055527707,32.599723446586495,-0.09854968190158786,0.021179613424429533
2024-02-29,27.0747243877532,0.013258234522464107,0.12334018255613088,32.60749426366657,-0.10959235770187803,-0.01104267580029017
2024-03-01,27.05988614679012,0.1022655881653165,0.0890073536428524,32.748819146062814,0.011835063516990374,0.1214274212188684
2024-03-04,27.287340308591396,0.07042348509533625,-0.031842103069980254,33.04163718655222,0.1010628799308364,0.08922781641384603
2024-03-05,27.213857905519816,0.05664651803857623,-0.013776967056760014,32.8029297734946,0.04372237221239317,-0.057340507718443234
2024-03-06,27.126391044436673,0.0470016313042656,-0.009644886734310631,32.723604099973926,0.02477613067748763,-0.01894624153490554
2024-03-07,27.03591907428202,-0.007761062694235932,-0.05476269399850153,32.383848589738946,-0.04472913478552698,-0.06950526546301461
2024-03-08,26.82650515521071,-0.0466761983158861,-0.038915135621650165,32.266637817442515,-0.0964362657240585,-0.05170713093853152
2024-03-11,26.5843626943079,-0.1405955228566924,-0.09391932454080631,32.08630042332686,-0.1910673526450779,-0.0946310869210194
2024-03-12,28.503271615947817,0.2578827420855987,0.3984782649422911,32.89979030861697,0.019372107024480556,0.21043945966955846
2024-03-13,28.37230104808149,0.24918200072896113,-0.008700741356637565,32.75678301234454,0.006635782474120333,-0.012736324550360223
2024-03-14,28.32509151518959,0.25783448818150845,0.00865248745254732,32.74100409854745,0.07143110176170353,0.0647953192875832
2024-03-15,28.311156170477126,0.296930203053293,0.03909571487178454,32.67135514865102,0.08094346624170612,0.009512364480002589
2024-03-18,27.87271525609942,0.25767051235829896,-0.03925969069499402,32.4271407422717,0.0681680637889599,-0.01277540245274622
2024-03-19,28.688898208359277,0.03712531848229261,-0.22054519387600635,32.60597387437177,-0.05876328684903598,-0.12693135063799588
2024-03-21,27.97346747846492,-0.0797667139233127,-0.1168920324056053,32.656605700457426,-0.02003546237742171,0.03872782447161427
2024-03-22,27.867392543832835,-0.09153979427135184,-0.011773080348039144,32.74819585485719,0.0014383512619460248,0.021473813639367734
2024-03-25,26.70843357013775,-0.32054452006787315,-0.2290047257965213,32.6713054542261,-9.93888498612705e-06,-0.0014482901469321519
2024-03-26,26.958311603849396,-0.18288073045000885,0.1376637896178643,32.83868113686438,0.08230807891854397,0.0823180178035301
2024-03-27,26.942033529409557,-0.349372935789944,-0.16649220533993514,32.732079200737445,0.02522106527312218,-0.05708701364542179
2024-03-28,27.079857108735567,-0.1787220739458668,0.17065086184407718,32.75648909661825,0.0199766792321725,-0.005244386040949678
2024-03-29,27.419422197267572,-0.08959406931305836,0.08912800463280846,33.13793985912334,0.0779488008532283,0.057972121621055805
2024-04-01,27.83189657036327,0.2246926000451097,0.31428666935816807,33.18538493554459,0.10281589626369936,0.024867095410471052
2024-04-02,28.650104843929327,0.33835864801598703,0.11366604797087732,33.27922093903871,0.08810796043486846,-0.014707935828830898
2024-04-03,28.661147215504087,0.34382273721890044,0.005464089202913414,33.408180362628784,0.1352202323782663,0.04711227194339784
2024-04-04,28.457603467604287,0.2755492717737482,-0.06827346544515223,33.29112239992642,0.10692666066162815,-0.028293571716638155
2024-04-05,28.23450851027735,0.16301726260195437,-0.11253200917179385,33.43055592521529,0.058523213218393266,-0.04840344744323488
2024-04-08,28.643724377611086,0.16236556144956538,-0.0006517011523889948,33.33718157414752,0.030359327720589135,-0.02816388549780413
2024-04-09,28.90278653501243,0.05053633821662018,-0.1118292232329452,33.38001479618049,0.020158771428356204,-0.010200556292232932
2024-04-10,28.90927901512959,0.04962635992509945,-0.00090997829152073,33.587515802167744,0.03586708790778914,0.015708316479432938
2024-04-11,28.915733442209444,0.0916259949210314,0.041999634995931956,33.58662787465967,0.05910109494664795,0.023234007038858806
2024-04-12,28.738899491139605,0.1008781961724523,0.0092522012514209,33.337895742286534,-0.018532036585746425,-0.07763313153239437
2024-04-15,28.533742526761998,-0.021996370169819812,-0.12287456634227212,33.222747128643704,-0.022886889100760754,-0.004354852515014329
2024-04-16,28.76242341867887,-0.028072623266712782,-0.0060762530968929696,33.24617784339409,-0.026767390557282056,-0.0038805014565213014
2024-04-17,30.07101617599112,0.23234743217230402,0.2604200554390168,33.6830574273452,0.01910832503548221,0.045875715592764266
2024-04-18,30.784932593932126,0.3738398303445365,0.14149239817223247,33.90861829120499,0.06439808330907226,0.04528975827359005
2024-04-19,30.563948656998214,0.365009833171726,-0.008829997172810522,33.6065256567165,0.05372598288598596,-0.010672100423086306
2024-04-22,30.71070506784809,0.4353925082172161,0.07038267504549012,33.87231214847734,0.12991300396672756,0.0761870210807416
2024-04-23,31.449081256540993,0.5373315675724264,0.1019390593552103,34.12202757213535,0.17516994574825162,0.04525694178152406
2024-04-24,31.09562300466626,0.20492136573502506,-0.33241020183740133,33.65897592799679,-0.004816299869673912,-0.17998624561792553
2024-04-25,31.407767812474233,0.12456704370842431,-0.08035432202660076,32.77491287555075,-0.22674108313084673,-0.22192478326117282
2024-04-26,32.45477774496885,0.37816581759412315,0.25359877388569885,32.78026852581171,-0.16525142618096567,0.061489656949881066
2024-04-30,32.36316797034179,0.330492580498742,-0.04767323709538118,32.73836089195243,-0.2267902513049762,-0.06153882512401054
2024-05-01,32.66585116457121,0.24335398160604882,-0.08713859889269315,32.217608479278155,-0.3808838185714407,-0.1540935672664645
2024-05-02,32.04356017752056,0.18958743457085347,-0.053766547035195345,32.12733235482743,-0.3063287146338709,0.07455510393756981
2024-05-07,31.89437164490778,0.0973207664867104,-0.09226666808414308,31.886149500553614,-0.17775267499942515,0.12857603963444575
2024-05-08,31.971670302158714,-0.0966214885620289,-0.1939422550487393,31.51994826235716,-0.2520640526909119,-0.07431137769148677
2024-05-09,32.80948570395785,0.08926354672321679,0.1858850352852457,31.580164989368875,-0.23163918051671217,0.02042487217419975
2024-05-10,32.19133554698483,-0.09490312351728392,-0.1841666702405007,31.39165151244277,-0.1651913933670741,0.06644778714963806
2024-05-13,31.48283244320742,-0.1121455468626209,-0.017242423345336988,31.238231462413083,-0.17782017848287524,-0.012628785115801122
2024-05-14,31.02684701733913,-0.1735049255137291,-0.06135937865110819,30.605839645435786,-0.2560619710235663,-0.07824179254069108
2024-05-15,30.47911868656447,-0.29851032311885106,-0.12500539760512197,30.411694664615936,-0.22165071954824356,0.03441125147532276
2024-05-16,29.921942324622265,-0.5775086758671151,-0.278998352748264,29.97099119504005,-0.32183475886576574,-0.10018403931752218
2024-05-17,29.756698112696647,-0.4869274868576383,0.09058118900947676,29.806073819049992,-0.3171155386785536,0.004719220187212159
2024-05-20,29.943896604787476,-0.3077871676839905,0.1791403191736478,29.710043085044326,-0.30563767547375065,0.01147786320480293
2024-05-21,30.159196248794096,-0.17353015370900948,0.13425701397498102,29.433624958568636,-0.23444293737343358,0.07119473810031707
2024-05-22,30.461965691315363,-0.003430599049817573,0.1700995546591919,29.246511334364108,-0.23303666605036,0.0014062713230735824
2024-05-23,31.000440066149295,0.2156995483054054,0.21913014735522296,29.23020894601379,-0.14815644980525633,0.08488021624510367
2024-05-24,31.34879785068361,0.31841994759739123,0.10272039929198584,29.342587725761447,-0.09269721865770464,0.05545923114755169
2024-05-27,30.852344624935093,0.18168960402952905,-0.13673034356786218,28.420641202172433,-0.25788037657438423,-0.1651831579166796
2024-05-28,30.720438118680626,0.1122483739773017,-0.06944123005222735,28.70106556360254,-0.14651187899321627,0.11136849758116796
2024-05-29,31.115073519087886,0.13062156555450954,0.018373191577207848,28.538927305873095,-0.14151680569820257,0.004995073295013697
2024-05-30,31.070532427172424,0.014018472204622157,-0.11660309334988739,28.581364753855055,-0.12976883843174392,0.011747967266458659
2024-05-31,31.32059881466774,-0.00563980720317403,-0.019658279407796186,28.563707926588215,-0.1557759598346493,-0.026007121402905398
2024-06-03,32.06416434388516,0.2423639437900107,0.24800375099318472,28.701075800261286,0.056086919617769126,0.21186287945241844
2024-06-04,32.380647522509435,0.3320418807657646,0.08967793697575388,28.994524685313543,0.058691824342201215,0.002604904724432089
2024-06-05,32.086455100329864,0.19427631624839847,-0.1377655645173661,28.992890880934183,0.09079271501222053,0.03210089067001931
2024-06-06,32.350779710134674,0.25604945659245004,0.06177314034405157,29.214977107024296,0.12672247063384745,0.035929755621626924
2024-06-07,32.47329514749802,0.23053926656604773,-0.025510190026402313,29.27817098425814,0.14289261153398414,0.016170140900136687
2024-06-10,32.40511152665117,0.06818943655321164,-0.1623498300128361,29.238719784780784,0.10752879690389605,-0.035363814630088086
2024-06-11,32.60615070837689,0.04510063717348345,-0.023088799379728187,29.248139718793368,0.050723006695967854,-0.0568057902079282
2024-06-12,32.270204566827594,0.036749893299543146,-0.008350743873940303,29.30766255798015,0.06295433540919504,0.012231328713227185
2024-06-13,32.56902256244578,0.04364857046223136,0.006898677162688216,29.470610172330908,0.05112661306132438,-0.011827722347870662
2024-06-14,32.73730804080084,0.05280257866056104,0.009154008198329677,29.56237672952866,0.056841149054104534,0.0057145359927801564
2024-06-17,32.660491416632766,0.051075977996319466,-0.0017266006642415732,29.493889535771466,0.05103395019813206,-0.005807198855972473
2024-06-18,33.80070255058783,0.23891036844218405,0.18783439044586459,29.974429593596696,0.14525797496066772,0.09422402476253566
2024-06-19,33.92993866085969,0.3319468188064221,0.09303645036423802,29.931895420476344,0.12484657249923359,-0.020411402461434136
2024-06-20,32.48611685408639,-0.016581141671878186,-0.34852796047830026,29.88961016331902,0.08379999819762318,-0.041046574301610406
2024-06-21,32.55512239829639,-0.03643712850089287,-0.019855986829014682,29.85964961045336,0.059454576184943875,-0.024345422012679307
2024-06-24,32.56778482395612,-0.018541318535326923,0.017895809965565945,29.854939594856695,0.07221001181704167,0.0127554356320978
2024-06-25,32.59805715085157,-0.24052907994725814,-0.22198776141193122,29.774754585045713,-0.039935001710194484,-0.11214501352723616
2024-06-26,33.385280276794006,-0.10893167681312832,0.13159740313412982,30.08153154323451,0.02992722455163843,0.06986222626183292
2024-06-27,32.44528138429038,-0.008167093959201566,0.10076458285392675,29.639934319841892,-0.049935168695430576,-0.07986239324706901
2024-06-28,32.29558280261523,-0.051907919136233716,-0.04374082517703215,29.52451439782069,-0.06702704252652936,-0.01709187383109878
2024-07-01,31.974013037530675,-0.11875435728508421,-0.0668464381488505,29.13580367247915,-0.14382718447551213,-0.07680014194898277
2024-07-02,31.820867086723382,-0.15543801282564118,-0.03668365554055697,28.79336705853138,-0.19627750530286647,-0.052450320827354346
2024-07-03,31.677934705996584,-0.3414691141594801,-0.18603110133383893,28.90007758733595,-0.23629079117971585,-0.04001328587684938
2024-07-04,31.575427572247925,-0.1739707624084943,0.16749835175098582,28.887803313093478,-0.15042620134968132,0.08586458983003453
2024-07-05,31.57774418819104,-0.14356772288484265,0.030403039523651643,28.667497578836887,-0.17140336379675958,-0.020977162447078257
2024-07-08,30.84368762448176,-0.22606508260978586,-0.08249735972494321,28.9225493352085,-0.04265086745412461,0.12875249634263497
2024-07-09,30.932411657337987,-0.1776910858770755,0.04837399673271037,28.97947495020857,0.037221578335437044,0.07987244578956165
2024-07-10,30.299787022326193,-0.2756295367340762,-0.0979384508570007,28.970011449549688,0.013986772442745377,-0.023234805892691668
2024-07-11,30.2814232593863,-0.2588008625723255,0.016828674161750712,28.859584662069842,-0.005643730204731412,-0.01963050264747679
2024-07-12,30.504404594916295,-0.21466791865494983,0.044132943917375655,28.732514521070854,0.013003388446794162,0.018647118651525574
2024-07-16,30.668850667760204,-0.03496739134430982,0.17970052731064,28.97933092607463,0.011356318173227464,-0.0016470702735666976
2024-07-17,30.252222537042954,-0.13603782405900589,-0.10107043271469607,28.877383064198696,-0.020418377201973925,-0.03177469537520139
2024-07-18,29.921487342931634,-0.07565993587891384,0.06037788818009204,28.799475784639327,-0.03410713298206858,-0.013688755780094652
2024-07-19,30.137673495836083,-0.028749952710040105,0.04690998316887374,28.85956225761297,-4.4808913770566505e-06,0.03410265209069152
2024-07-22,29.969235379290545,-0.1070338431251514,-0.0782838904151113,28.873217457215254,0.028140587228875802,0.02814506812025286
2024-07-23,30.31678066583987,-0.0704140003840692,0.03661984274108221,28.973529729274233,-0.0011602393600789185,-0.02930082658895472
2024-07-24,30.417998891121798,0.033155270815768745,0.10356927119983794,29.036741981087395,0.03187178337774199,0.03303202273782091
2024-07-25,31.407195307428047,0.2971415928992833,0.2639863220835146,29.55375927148186,0.15085669736850704,0.11898491399076505
2024-07-26,32.14557886498474,0.40158107382973185,0.10443948093044852,30.571686528902596,0.3424248542579278,0.19156815688942075
2024-07-29,31.367761982410833,0.27970532062405695,-0.1218757532056749,30.258083274137775,0.2769731633845005,-0.06545169087342728
2024-07-30,32.62281145024504,0.4612061568810333,0.18150083625697633,30.547779134364575,0.31484988101806977,0.03787671763356926
2024-07-31,31.80819364160856,0.2780389500973577,-0.1831672067836756,30.57891570705165,0.30843474519284797,-0.006415135825221796
2024-08-01,31.230838084050063,-0.03527144467560106,-0.31331039477295874,30.387661861517522,0.16678051800713334,-0.14165422718571463
2024-08-02,33.54763467956151,0.2804111629153532,0.31568260759095423,31.554992896081153,0.19666127343571205,0.02988075542857871
2024-08-05,39.12667188941697,1.5517819814012341,1.271370818485881,35.32546021113245,1.0134753873989375,0.8168141139632255
2024-08-06,58.18051874744771,5.111541459440524,3.5597594780392896,49.64806700519796,3.820057574166672,2.8065821867677343
2024-08-07,62.60027343972092,6.158415959622474,1.04687450018195,53.55449922492364,4.595116703574405,0.7750591294077331
2024-08-08,62.371192358662014,6.228070854922393,0.06965489529991942,53.1545844339696,4.553384514490411,-0.04173218908399434
2024-08-09,62.16162841642151,5.7227987473720106,-0.5052721075503825,52.85173051994363,4.259347524772494,-0.2940369897179167
2024-08-13,61.81785167023007,4.538235956162609,-1.1845627912094017,52.71109858966382,3.477127675706271,-0.7822198490662231
2024-08-14,62.12817430761763,0.7895311120339912,-3.7487048441286177,52.92857051864002,0.6561007026884127,-2.821026973017858
2024-08-15,62.089080764078076,-0.10223853512857062,-0.8917696471625618,52.86850434289748,-0.13719897640523016,-0.7932996790936429
2024-08-16,62.02964612082674,-0.0683092475670648,0.033929287561505816,52.71816255677598,-0.08728437543871337,0.04991460096651679
2024-08-19,62.72770772236467,0.11321586118863536,0.18152510875570016,53.05165087017351,0.03998407004597482,0.1272684454846882
2024-08-20,62.972676310468245,0.23096492804763358,0.11774906685899822,52.896328714619926,0.037046024991219895,-0.002938045054754923
2024-08-21,63.19973176430992,0.2143114913384636,-0.016653436709169966,53.00793432062453,0.015872760396895558,-0.021173264594324337
2024-08-22,63.58611820213744,0.299407487611866,0.08509599627340236,53.06361071133249,0.03902127368699837,0.023148513290102812
2024-08-23,63.80089816659299,0.3542504091532592,0.05484292154139325,53.16429079429331,0.08922564750347561,0.050204373816477244
2024-08-26,63.81820602102883,0.21809965973282175,-0.13615074942043748,53.26776088152964,0.04322200227121442,-0.04600364523226119
2024-08-27,63.69607702198573,0.1446801423034998,-0.07341951742932196,53.44458374907566,0.10965100689115559,0.06642900461994117
2024-08-28,63.940883605166434,0.14823036817130486,0.003550225867805068,53.659116386310856,0.1302364131372542,0.020585406246098614
2024-08-29,63.96857792579161,0.07649194473084009,-0.07173842344046477,53.872094562209924,0.16169677017549589,0.03146035703824168
2024-08-30,64.04178588513145,0.048177543707673465,-0.028314401023166624,53.94045168430224,0.15523217800178912,-0.006464592173706762
2024-09-02,63.917777435181165,0.019914282830477248,-0.028263260877196217,53.947245300984974,0.13589688389106414,-0.019335294110724988
2024-09-03,63.778125017587456,0.01640959912035811,-0.0035046837101191386,54.2875084288778,0.1685849359604248,0.03268805206936065
2024-09-04,63.73333726970412,-0.04150926709246505,-0.05791886621282316,54.22428944109163,0.11303461095615575,-0.05555032500426904
2024-09-05,64.12205356385053,0.030695127611778616,0.07220439470424367,54.752449130944186,0.17607091374685524,0.0630363027906995
2024-09-06,63.936871352341015,-0.0209829065580891,-0.051678034169867715,54.68088434120965,0.14808653138148742,-0.02798438236536782
2024-09-09,63.88942546412141,-0.005670394211954033,0.015312512346135065,54.72219948695155,0.15499083719331708,0.0069043058118296585
2024-09-10,63.785180517409955,0.0014110999645069455,0.0070814941764609785,54.7109762693329,0.08469356809101214,-0.07029726910230494
2024-09-11,63.69462836225929,-0.007741781488974198,-0.009152881453481143,54.66759974946501,0.08866206167468249,0.003968493583670352
2024-09-12,64.01128075846924,-0.022154561076249024,-0.014412779587274827,54.92457775045098,0.03442572390135723,-0.05423633777332526
2024-09-13,64.34807213995299,0.08224015752239211,0.10439471859864113,55.174332591646916,0.09868965008745079,0.06426392618609356
2024-09-17,64.55171406361438,0.13245771989859634,0.05021756237620423,55.21148543765568,0.09785719014082872,-0.0008324599466220661
2024-09-18,64.41060664501896,0.12508522552178647,-0.007372494376809868,55.053582129559786,0.06852117204537223,-0.029336018095456495
2024-09-19,64.34979145284292,0.13103261811674827,0.005947392594961798,55.059184052494786,0.07831686060595189,0.009795688560579663
2024-09-20,64.55634896331533,0.10901364096920929,-0.022018977147538976,55.271525673988805,0.06938958470756518,-0.00892727589838671
2024-09-24,64.67591155574755,0.06556788315890572,-0.043445757810303576,55.2983477602607,0.02480303372275472,-0.04458655098481046
2024-09-25,64.66199134588423,0.02205545645396967,-0.04351242670493605,55.34668857020388,0.027040626509638344,0.0022375927868836243
2024-09-26,64.41581191435073,0.0010410538663592206,-0.021014402587610448,55.28751645272796,0.04678686463363846,0.019746238124000115
2024-09-27,64.74585811849173,0.07921333312974355,0.07817227926338433,55.37031107338244,0.062225404177532084,0.015438539543893626
2024-09-30,64.52373108628822,-0.0065235754054100425,-0.08573690853515359,55.25421894077207,-0.0034613466433484064,-0.06568675082088049
2024-10-01,64.88478253269489,0.04177419538947902,0.04829777079488906,55.70854996544189,0.08204044103624142,0.08550178767958982
2024-10-02,64.88877159526685,0.04535604987650288,0.003581854487023861,55.78008176294526,0.08667863854827829,0.004638197512036868
2024-10-03,64.85852236963315,0.08854209105649602,0.04318604117999314,55.856520400261985,0.11380078950680428,0.027122150958525992
2024-10-04,64.82846866467781,0.016522109237229188,-0.07201998181926683,55.7143766192526,0.06881310917403027,-0.044987680332774005
2024-10-07,64.7032870604346,0.035911194829267856,0.01938908559203867,55.66080209558511,0.081316630962597,0.01250352178856673
2024-10-08,64.69972240438793,-0.037012025661397274,-0.07292322049066513,55.69664631219101,-0.0023807306501666403,-0.08369736161276364
2024-10-09,64.77765693684904,-0.022222931683572256,0.014789093977825019,55.764755314564525,-0.003065289676143834,-0.0006845590259771939
2024-10-10,64.91216055191232,0.010727636455840184,0.03295056813941244,55.71374351573084,-0.02855537690623322,-0.025490087230089387
2024-10-11,64.7692666785609,-0.011840397223380705,-0.02256803367922089,55.611888545115505,-0.020497614827419852,0.008057762078813369
2024-10-15,64.78680726996203,0.016704041905484246,0.02854443912886495,55.550247958334715,-0.022110827450077863,-0.0016132126226580112
2024-10-16,64.66442084929704,-0.007060311018165066,-0.023764352923649312,55.44106835317092,-0.05111559180401315,-0.029004764353935286
2024-10-17,64.67211804489077,-0.021107778391666443,-0.014047467373501377,55.42552501225835,-0.06784606046124253,-0.01673046865722938
2024-10-18,64.58906240562283,-0.06461962925789067,-0.04351185086622422,55.42538959229192,-0.057670784687786636,0.010175275773455894
2024-10-21,64.61135886482052,-0.03158156274807311,0.033038066509817554,55.46581083765882,-0.029215541491325325,0.02845524319646131
2024-10-22,64.65072698255956,-0.027216057480501377,0.004365505267571734,55.52941060799371,-0.004167470068203727,0.0250480714231216
2024-10-23,64.7748950794558,0.022094846031748716,0.04931090351225009,55.59343353009014,0.03047303538384938,0.034640505452053105
2024-10-24,64.79765204948298,0.025106800918450745,0.0030119548867020285,55.53190142494368,0.021275282537054352,-0.009197752846795026
2024-10-25,65.03893368738343,0.08997425635212153,0.06486745543367078,55.49519072070959,0.013960225683540273,-0.007315056853514079
2024-10-28,65.16197622008201,0.11012347105229026,0.020149214700168727,55.51071225804763,0.008980284077765077,-0.0049799416057751955
2024-10-29,65.25119973722383,0.12009455093286192,0.009971079880571665,55.484603356933505,-0.008961450212048305,-0.017941734289813382
2024-10-30,65.32501995278729,0.11002497466628824,-0.010069576266573677,55.57508192107433,-0.0036703218031561846,0.005291128408892121
2024-10-31,65.30268640584363,0.10100687127214769,-0.009018103394140553,55.62644985705045,0.01890968642135249,0.022580008224508674
2024-11-01,65.04252069882867,0.0007174022890268361,-0.10028946898312086,55.44054229323852,-0.010929685494218688,-0.029839371915571178
2024-11-05,64.41351742715705,-0.14969175858499284,-0.15040916087401968,55.13323298308758,-0.07549585499200617,-0.06456616949778748
2024-11-06,64.11152171958824,-0.22793560352711495,-0.07824384494212211,54.88290539165392,-0.1203395930559168,-0.04484373806391062
2024-11-07,64.11012071181852,-0.24297984819374108,-0.015044244666626128,54.68738896774951,-0.17753859066495892,-0.057198997609042124
2024-11-08,63.5326215662343,-0.3540129679218751,-0.11103311972813401,54.38319259470529,-0.24865145246904063,-0.07111286180408172
2024-11-11,63.41001823542618,-0.32650049268049486,0.02751247524138023,54.19741691622377,-0.24862507540294843,2.6377066092209134e-05
2024-11-12,63.25541326311866,-0.2316208328076783,0.09487965987281655,53.954872393916084,-0.23567211783429798,0.012952957568650447
2024-11-13,63.35156040609634,-0.15199226269838562,0.0796285701092927,53.88954190156857,-0.198672698017063,0.03699941981723498
2024-11-14,62.247332918691605,-0.372557558625374,-0.22056529592698837,53.77890466364115,-0.18169686082168113,0.01697583719538187
2024-11-15,49.46178610136043,-2.8141670929747775,-2.4416095343494035,53.7407977898777,-0.12847896096551636,0.05321789985616476
2024-11-18,39.22749563737415,-4.836504519610401,-2.022337426635623,53.834193766511646,-0.07264462994241683,0.05583433102309954
2024-11-19,39.29571804667408,-4.79193904328892,0.044565476321480446,53.94911140407304,-0.0011521979686150985,0.07149243197380173
2024-11-20,39.60046273609228,-4.750219534000813,0.041719509288107304,53.96166398899965,0.014424417486218033,0.015576615454833131
2024-11-21,39.75964739336675,-4.497537105064971,0.2526824289358416,53.93153983310009,0.03052703389178646,0.016102616405568426
2024-11-22,38.75199261375052,-2.1419586975219786,2.3555784075429926,53.86218587713702,0.02427761745185819,-0.006249416439928268
2024-11-25,38.651896888223604,-0.11511974983011442,2.0268389476918642,53.942467649706586,0.021654776638989404,-0.0026228408128687875
2024-11-26,38.76070844054658,-0.10700192122550334,0.008117828604611077,54.12619034974739,0.035415789134866316,0.013761012495876912
2024-11-27,37.35229629726953,-0.4496332877645486,-0.34263136653904525,54.489196504197686,0.10550650303961362,0.0700907139047473
2024-11-28,36.94951229191966,-0.5620270202894133,-0.11239373252486473,54.613837618046546,0.13645955698929413,0.03095305394968051
2024-11-29,36.78916506719415,-0.3925655093112752,0.1694615109781381,54.91263031155661,0.21008888688391636,0.07362932989462223
2024-12-02,36.881003893674574,-0.3541785989097974,0.03838691040147779,55.0867114163665,0.22884875333198096,0.0187598664480646
2024-12-03,37.29894112796998,-0.29235346251532945,0.06182513639446796,55.163998996241624,0.20756172929884542,-0.021287024033135538
2024-12-04,37.77706082556149,0.08495290565839042,0.3773063681737199,55.28614772959975,0.15939024508041655,-0.04817148421842887
2024-12-05,37.954991979240226,0.20109593746411036,0.11614303180571994,55.430918773286336,0.16341623104795389,0.004025985967537338
2024-12-06,37.86162112282169,0.2144912111255195,0.013395273661409135,55.419526862307166,0.10137931015011503,-0.062036920897838854
2024-12-09,37.803308789018764,0.18446097906883807,-0.030030232056681427,55.412289189377056,0.06511555460210872,-0.036263755548006316
2024-12-10,37.79264683738418,0.09874114188284011,-0.08571983718599796,55.37790654371068,0.042781509493813985,-0.02233404510829473
2024-12-11,37.7009401716153,-0.015224130789242452,-0.11396527267208256,55.31114143535507,0.004998741151062802,-0.03778276834275118
2024-12-12,37.88440088076864,-0.014118219694317702,0.0011059110949247497,55.360309600500685,-0.014121834557130342,-0.019120575708193144
2024-12-13,38.21476189321572,0.07062815407880407,0.08474637377312177,55.43188234806506,0.0024710971515773394,0.01659293170870768
2024-12-16,35.58809527026003,-0.44304270375174326,-0.5136708578305473,55.42521640706616,0.0025854435378178664,0.00011434638624052695
2024-12-17,35.849902616137356,-0.388548844249371,0.05449385950237229,55.350618529033746,-0.005457602935386774,-0.00804304647320464
2024-12-18,35.59588432669531,-0.4210111689839877,-0.03246232473461674,55.25438085027899,-0.011352117015213992,-0.005894514079827218
2024-12-19,35.60160335743538,-0.4565595046666573,-0.035548335682669574,55.28275612864793,-0.01551069437054764,-0.004158577355333648
2024-12-20,35.67413557486981,-0.5081252636691787,-0.05156575900252136,55.35055709025397,-0.0162650515622218,-0.0007543571916741598
2024-12-23,34.57259658827155,-0.20309973639770362,0.305025527271475,55.31352553580402,-0.022338174252432452,-0.006073122690210653
2024-12-24,33.36836444445355,-0.49630763433675185,-0.2932078979390482,55.51960495086608,0.03379728436647156,0.05613545861890401
2024-12-25,33.052364711073594,-0.5087039231243509,-0.012396288787599019,55.469838651138645,0.04309156017193061,0.009294275805459051
2024-12-26,33.28064052889452,-0.46419256570816714,0.04451135741618373,55.49423182141797,0.042295138554010236,-0.0007964216179203731
2024-12-27,33.67132293149888,-0.4005625286741932,0.06363003703397396,55.5606267651268,0.04201393497456252,-0.0002812035794477197
2024-12-30,33.04301317531989,-0.305916682590329,0.09464584608386417,55.71272277606876,0.07983944805295096,0.03782551307838844
2025-01-06,33.04121296149208,-0.0654302965922966,0.2404863859980324,55.83089868926204,0.06225874767918782,-0.017580700373763136
2025-01-07,33.34101183541142,0.05772942486756705,0.12315972145986365,55.70442243071278,0.04691675591483602,-0.015341991764351803
2025-01-08,33.56923692829933,0.05771927988096337,-1.0144986603677353e-05,55.654739442871076,0.032101524290624184,-0.014815231624211833
2025-01-09,32.14010244513726,-0.3062440972723266,-0.36396337715328997,55.6612744895168,0.020129544877988792,-0.011971979412635392
2025-01-10,32.6060671225741,-0.08738921054915494,0.21885488672317166,55.68414891056692,-0.005714773100365278,-0.02584431797835407
2025-01-14,28.463732339913655,-0.9154961243156805,-0.8281069137665256,55.67142486520363,-0.03189476481168185,-0.026179991711316575
2025-01-15,27.71956846968623,-1.1242886731450383,-0.20879254882935783,55.62242311213656,-0.016399863715243157,0.015494901096438696
2025-01-16,27.066123861228334,-1.3006226134142018,-0.1763339402691635,55.506592303004055,-0.029629427973404177,-0.01322956425816102
2025-01-17,26.56496097389656,-1.115028294248141,0.18559431916606073,55.464243438676704,-0.03940621016802481,-0.009776782194620637
2025-01-20,26.530485008104343,-1.2151164228939528,-0.10008812864581174,55.475983519486846,-0.04163307821600881,-0.0022268680479839986
2025-01-21,26.22864546490026,-0.44701737500268024,0.7680990478912726,55.50345994092478,-0.033592984855772556,0.008040093360236256
2025-01-22,25.536349495255763,-0.43664379488609484,0.010373580116585401,55.622916108362745,9.85992452484652e-05,0.03369158410102102
2025-01-23,25.701184682083394,-0.2729878358289852,0.1636559590571096,55.50227108536272,-0.000864243528269526,-0.0009628427735179912
2025-01-24,25.79827036875838,-0.15333812102763034,0.11964971480135489,55.56184291077035,0.01951989441872115,0.020384137946990677
2025-01-27,25.792592832815558,-0.14757843505776336,0.005759685969866979,55.50886073188778,0.0065754424801909295,-0.012944451938530221
2025-01-28,25.834546081316788,-0.07881987671669322,0.06875855834107014,55.3694986960301,-0.026792248978942723,-0.03336769145913365
2025-01-29,25.320795369877445,-0.043110825075665105,0.03570905164102811,55.16463294515166,-0.0916566326422128,-0.06486438366327008
2025-01-30,25.43152531139887,-0.0539318741369037,-0.010821049061238597,55.17163551415258,-0.0661271142420361,0.0255295184001767
2025-01-31,25.288931562027003,-0.10186776134626996,-0.04793588720936626,55.17253201913208,-0.07786217832764208,-0.011735064085605984
2025-02-03,24.988353147253726,-0.16084793711236856,-0.0589801757660986,54.97729011131398,-0.10631412411476049,-0.028451945787118404
2025-02-04,26.77547571889481,0.18818592751560104,0.3490338646279696,55.135243765526454,-0.04685098610072913,0.05946313801403136
2025-02-05,26.66416886347737,0.2686746987199875,0.08048877120438647,55.12722074482588,-0.007482440065160745,0.039368546035568386
2025-02-06,26.42927493244767,0.1995499242097587,-0.0691247745102288,54.934296608358935,-0.04746778115872985,-0.039985341093569104
2025-02-07,25.63732977417169,0.06967964242893743,-0.12987028178082127,54.73224337129911,-0.08805772956659297,-0.04058994840786312
2025-02-10,24.90921830628698,-0.01582696819334828,-0.0855066106222857,54.574839135000445,-0.08049019526269774,0.007567534303895229
2025-02-12,24.4304976684656,-0.46899561008584456,-0.4531686418924963,54.52896247186085,-0.12125625873312629,-0.04076606347042855
2025-02-13,24.14493531505026,-0.5038467096854191,-0.03485109959957455,54.490821196724525,-0.12727990962027036,-0.006023650887144072
2025-02-14,25.2118526672432,-0.2434844530408924,0.2603622566445267,54.40515424830505,-0.10582847201078494,0.021451437609485424
2025-02-17,24.422775382450688,-0.24291087834420466,0.0005735746966877286,54.12350776603968,-0.12174712105188235,-0.01591864904109741
2025-02-18,23.76022198147617,-0.22979926496216052,0.01311161338204414,53.998820605326124,-0.11520370593486007,0.006543415117022278
2025-02-19,23.23729974279459,-0.23863958513420158,-0.00884032017204106,53.76093575057443,-0.15360534425728645,-0.03840163832242638
2025-02-20,23.53080012734224,-0.12282703754160451,0.11581254759259707,53.79438513579309,-0.13928721218628937,0.01431813207099708
2025-02-21,24.22183687553271,-0.1980031583420967,-0.07517612080049219,53.93552496165281,-0.09392585733045422,0.045361354855835145
2025-02-25,24.441290075681742,0.0037029386462101854,0.20170609698830688,53.83521589267664,-0.05765837467259871,0.03626748265785551
2025-02-26,23.731887401798133,-0.005666915935606198,-0.009369854581816384,52.176526517125964,-0.36445881764003474,-0.306800442967436
2025-02-27,22.70504266319371,-0.10645141592017637,-0.10078449998457018,40.325031944288185,-2.6871807612572525,-2.3227219436172177
2025-02-28,22.979598492813743,-0.11024032690570351,-0.0037889109855271386,32.08000841221687,-4.342875344715239,-1.6556945834579864
2025-03-03,24.363646359731455,0.02836189683975121,0.13860222374545472,32.39199514852217,-4.308705962626128,0.03416938208911091
2025-03-04,25.629648117482816,0.23767160836021617,0.20930971152046496,32.951714684283814,-4.176700241678567,0.1320057209475607
2025-03-05,25.54766085565884,0.36315469077214146,0.1254830824119253,33.12706353476611,-3.8098925964719683,0.3668076452065989
2025-03-06,25.543825095699596,0.5677564865011746,0.20460179572903314,32.2750967564116,-1.6099870375753227,2.1999055588966456
2025-03-07,25.529641734925306,0.5100086484223141,-0.057747838078860525,32.172412763973384,0.018480870351311296,1.628467907926634
2025-03-10,25.662858322001725,0.25984239245405405,-0.25016625596826003,32.232788122303745,-0.03184140524368928,-0.050322275595000576
2025-03-11,25.295052409544674,-0.06691914158762913,-0.3267615340416832,31.042692998545434,-0.3818043371476847,-0.3499629319039954
2025-03-12,25.32409662293167,-0.04471284654543339,0.022206295042195734,30.859083172125004,-0.45359607252821377,-0.07179173538052908
2025-03-13,24.965053215218887,-0.1157543760961417,-0.0710415295507083,30.681105635669887,-0.31879822414833825,0.13479784837987552
2025-03-14,24.686536063563985,-0.16862113427226433,-0.05286675817612263,30.675469495999664,-0.29938865359474676,0.019409570553591493
2025-03-17,24.70554183567384,-0.1914632972655781,-0.022842162993313764,30.72008121996206,-0.3025413804683339,-0.0031527268735871417
2025-03-18,24.570218798679548,-0.14496672217302375,0.04649657509255434,30.85091588863066,-0.03835542198295627,0.2641859584853776
2025-03-19,24.434317887953405,-0.17795574699565364,-0.03298902482262989,31.070235779801337,0.04223052153526652,0.08058594351822279
2025-03-21,24.261181293254168,-0.14077438439294454,0.0371813626027091,30.995135283957346,0.06280592965749321,0.02057540812222669
2025-03-24,24.03076547448152,-0.131154117816493,0.009620266576451542,30.87173227505869,0.03925255581180309,-0.023553373845690118
2025-03-25,23.92316705780494,-0.15647495557378122,-0.025320837757288217,30.767181825394715,0.009420121086531452,-0.02983243472527164
2025-03-26,23.97611224565734,-0.11882131060443868,0.03765364496934254,30.79300141824764,-0.011582894076603623,-0.021003015163135075
2025-03-27,24.21926390568253,-0.04301079645417616,0.07581051415026252,30.917377157566698,-0.030571724446929238,-0.018988830370325616
2025-03-28,24.131007030771514,-0.02603485249652948,0.016975943957646678,30.918122500530174,-0.015402556685437219,0.01516916776149202
2025-03-31,25.526038224297942,0.2990545499632802,0.32508940245980966,29.82640283926363,-0.20906588715901364,-0.19366333047357642
2025-04-01,30.075059711199614,1.2303785306789408,0.9313239807156606,32.141187028970506,0.2748010407151611,0.48386692787417473
2025-04-02,30.017730455374966,1.208323641943526,-0.022054888735414835,32.02510475849414,0.24642066804929996,-0.02838037266586113
2025-04-03,29.866673943729474,1.1294820076093828,-0.07884163433414315,31.97652592272602,0.2118297530318607,-0.03459091501743927
2025-04-04,31.63912122375924,1.501622838597548,0.3721408309881653,32.87019294393953,0.39041408868187233,0.17858433565001164
2025-04-07,32.10193395258764,1.3151791456579431,-0.18644369293960494,32.609703422007684,0.5566601165488123,0.16624602786693998
2025-04-08,44.6587915498623,2.916746367732536,1.6015672220745927,39.44316426772228,1.4603954477503507,0.9037353312015384
2025-04-09,48.59645711657464,3.7157453322399334,0.7989989645073976,42.18999233616121,2.0329775155334175,0.5725820677830669
2025-04-10,49.97992752268944,4.022650715791997,0.3069053835520634,43.38496083076694,2.281686981608189,0.2487094660747715
2025-04-11,56.692443584566064,5.010664472161359,0.9880137563693623,48.4265042637588,3.1112622639638516,0.8295752823556626
2025-04-14,57.12381142683735,5.0043754948499455,-0.006288977311413646,48.77260153488402,3.2325796225752654,0.1213173586114138
2025-04-15,56.89868266956539,2.4479782239406163,-2.5563972709093292,48.73739910061123,1.8588469665778007,-1.3737326559974647
2025-04-16,56.72882656942008,1.6264738905690805,-0.8215043333715357,48.77510783762118,1.3170231002919834,-0.5418238662858172
2025-04-17,56.670271586283064,1.3380688127187383,-0.2884050778503422,48.80281405999706,1.0835706458460237,-0.23345245444595975
2025-04-18,57.060596714573904,0.07363062600156667,-1.2644381867171717,48.56460743605179,0.02762063445860008,-1.0559500113874236
2025-04-21,57.16829478739115,0.008896672110758175,-0.0647339538908085,48.74351720067523,-0.005816866841762192,-0.03343750130036227
2025-04-22,57.27789624529257,0.07584271514543417,0.066946043034676,48.13684111115473,-0.12011159789129522,-0.11429473104953303
2025-04-23,57.30224995820363,0.11468467775670632,0.03884196261127215,48.00397739968665,-0.15422608758690615,-0.03411448969561093
2025-04-24,57.56075804625417,0.17809729199422009,0.06341261423751376,48.16058457508677,-0.12844589698205766,0.025780190604848485
2025-04-25,56.97597340273537,-0.016924662367706844,-0.19502195436192693,47.72863460990294,-0.16719456522977083,-0.03874866824771317
2025-04-28,57.059484081136084,-0.021762141251009837,-0.0048374788833029925,47.875635298849005,-0.17357638036524747,-0.006381815135476643
2025-04-30,56.68587679802114,-0.11840388945427804,-0.09664174820326821,47.55242177646154,-0.11688386693862896,0.05669251342661852
2025-05-01,56.18943112591664,-0.22256376645740517,-0.10415987700312712,47.238704667182716,-0.15305454650079042,-0.03617067956216147
2025-05-02,55.70183151038083,-0.37178530717467595,-0.14922154071727078,46.95919846202479,-0.2402772226123986,-0.08722267611160817
2025-05-07,55.64707898253282,-0.26577888404050043,0.10600642313417552,46.85208185772713,-0.17531055043516375,0.06496667217723484
2025-05-08,55.259056926662225,-0.3600854308947774,-0.09430654685427697,46.63824357322427,-0.24747834512493938,-0.07216779468977563
2025-05-09,55.065701968323324,-0.3240349659395605,0.03605046495521691,46.599898547946026,-0.19050464570310766,0.056973699421831725
2025-05-12,55.09729678769983,-0.21842686764335895,0.10560809829620155,46.526361286965006,-0.14246867604354208,0.04803596965956558
2025-05-13,54.976113730552115,-0.14514355596574546,0.07328331167761348,46.33245691377972,-0.1253483096490129,0.017120366394529185
2025-05-14,54.505526863263896,-0.22831042385377742,-0.08316686788803196,46.09045593507443,-0.15232518453053956,-0.02697687488152667
2025-05-15,54.23167328284299,-0.20547672876384837,0.02283369508992905,45.94540043709755,-0.13856862722534657,0.013756557305192985
2025-05-16,54.50784549604789,-0.11157129445509639,0.09390543430875198,45.83328663464758,-0.15332238265968812,-0.014753755434341542
2025-05-19,54.1871161275165,-0.18203613203666436,-0.07046483758156796,45.79008594246679,-0.14725506889964635,0.00606731376004177
2025-05-20,54.33138105066318,-0.12894653597778216,0.053089596058882194,45.731781702810196,-0.12013504219390825,0.0271200267057381
2025-05-21,54.69220666148908,0.03733595964504133,0.1662824956228235,45.59164219308673,-0.09976274839753074,0.020372293796377505
2025-05-22,55.05888246817907,0.16544183706721327,0.12810587742217194,45.450003480087915,-0.09907939140192923,0.000683356995601514
2025-05-23,55.383030080790775,0.17503691694857082,0.009595079881357549,45.41541280043113,-0.08357476684329157,0.015504624558637659
2025-05-26,55.49581435558551,0.26173964561380814,0.08670272866523732,45.44199613197918,-0.06961796209752436,0.013956804745767215
2025-05-27,55.67032656212332,0.2677891022920207,0.00604945667821255,45.61545336080418,-0.023265668401201367,0.04635229369632299
2025-05-28,55.63874087414128,0.18930684253044916,-0.07848225976157153,45.863446095519336,0.054360780486518934,0.0776264488877203
2025-05-29,55.81273470512464,0.15077044738910672,-0.03853639514134244,45.999274457797156,0.10985419554184972,0.055493415055330786
2025-05-30,56.48402245385137,0.2201984746121184,0.06942802722301167,46.26387885745669,0.16969321140511084,0.059839015863261125
2025-06-02,56.35085517977774,0.17100816483844739,-0.049190309773671004,46.396729794554275,0.19094673251501604,0.021253521109905193
2025-06-03,56.39128051324053,0.1441907902234334,-0.02681737461501399,46.62438881433058,0.2017870907052881,0.01084035819027207
2025-06-04,56.33869679809351,0.13999118479045336,-0.004199605432980036,46.763720278608446,0.1800548366178205,-0.021732254087467595
2025-06-05,56.35494731340888,0.10844252165684054,-0.03154866313361282,46.787685531101715,0.15768221466090893,-0.022372621956911587
2025-06-06,56.8792559162908,0.07904669248789276,-0.029395829168947785,46.77599238972881,0.1024227064544263,-0.05525950820648262
2025-06-09,57.11186762936962,0.15220248991838048,0.07315579743048772,46.939244973613214,0.10850303581178622,0.006080329357359915
2025-06-10,57.32277685055644,0.18629926746316983,0.03409677754478935,47.03112349323348,0.08134693578058005,-0.027156100031206165
2025-06-11,57.200326722799474,0.1723259849412031,-0.013973282521966723,47.05641021648182,0.05853798757467388,-0.022808948205906177
2025-06-12,56.9299447050594,0.11499947833010538,-0.05732650661109773,47.06130727294436,0.054724348368530684,-0.0038136392061431934
2025-06-13,57.090492961112275,0.04224740896429324,-0.07275206936581213,47.21531003992142,0.08786353003852554,0.033139181669994855
2025-06-16,57.14221834303086,0.006070142732241379,-0.03617726623205186,47.21837885362616,0.055826776002589895,-0.032036754035935644
2025-06-17,57.292087304471266,-0.006137909217031279,-0.012208051949272658,47.24201481267215,0.0421782638877346,-0.013648512114855293
2025-06-18,57.43462007410582,0.04685867026127255,0.05299657947830383,47.23209270130913,0.03513649696546395,-0.007041766922270654
2025-06-19,57.706618225671846,0.15533470412248818,0.10847603386121563,47.25153933477445,0.03804641236601469,0.0029099154005507444
2025-06-20,57.75031564181087,0.13196453613971926,-0.02337016798276892,47.30306899779899,0.01755179157550657,-0.020494620790508122
2025-06-23,57.947064385521216,0.1609692084980665,0.02900467235834725,47.32294694310653,0.020913617896077596,0.0033618263205710264
2025-06-24,57.992739093124655,0.1401303577306905,-0.020838850767376016,47.310631603800246,0.013723358225618654,-0.007190259670458943
2025-06-25,57.91190926034447,0.0954578372477286,-0.044672520482961886,47.18247239249041,-0.00992406176374061,-0.023647419989359264
2025-06-26,57.75879589670042,0.01043553420571186,-0.08502230304201674,46.92755177553602,-0.06479751184768645,-0.05487345008394584
2025-06-27,57.58579237028029,-0.03290465430611533,-0.04334018851182719,46.859071238835895,-0.08879955179261856,-0.024002039944932108
2025-06-30,57.64662221248139,-0.06008843460797664,-0.027183780301861304,46.89106713921993,-0.08637596077731757,0.0024235910153009854
2025-07-01,57.80734461512511,-0.03707889559990463,0.02300953900807201,46.8854962398771,-0.08502707278464072,0.0013488879926768504
2025-07-02,57.88574813489679,-0.0052322250895358025,0.031846670510368824,46.82699120695169,-0.0710962371077386,0.01393083567690212
2025-07-03,57.732061113237904,-0.0053469566924917444,-0.00011473160295594198,46.7805515412135,-0.02940004686450237,0.04169619024323623
2025-07-04,57.55849384656595,-0.005459704742875715,-0.00011274805038397062,46.7006178868766,-0.031690670391860465,-0.0022906235273580933
2025-07-07,57.68881416419063,0.008438390341851232,0.013898095084726947,46.62016969585587,-0.05417948867281552,-0.02248881828095506
2025-07-08,57.4820080239509,-0.06506731823484557,-0.0735057085766968,46.6084585745171,-0.05540753307199253,-0.0012280443991770085
2025-07-09,56.126073079435045,-0.35193501109235115,-0.2868676928575056,46.54301567019887,-0.056795107350573915,-0.0013875742785813827
2025-07-10,56.15166453467185,-0.31607931571321757,0.03585569537913358,46.56649023940011,-0.04281226036267327,0.013982846987900643
2025-07-11,56.347807870563486,-0.2421371952004847,0.07394212051273286,46.58193969491099,-0.023735638393119984,0.019076621969553287
2025-07-14,55.88958744774938,-0.35984534328824225,-0.11770814808775754,46.50590055699445,-0.022853827772287616,0.0008818106208323684
2025-07-15,56.64363073960111,-0.167675456869965,0.19216988641827726,46.60188186054825,-0.0013153427937666606,0.021538484978520955
2025-07-16,48.99896638655629,-1.4254213385757524,-1.2577458817057874,46.51590208253731,-0.0054227175323191545,-0.004107374738552494
2025-07-17,45.23450401333734,-2.183432104266899,-0.7580107656911466,46.591914451071005,0.005084842334184714,0.010507559866503868
2025-07-18,42.50551475797356,-2.768458622517983,-0.5850265182510839,46.57040815196531,-0.002306308589133721,-0.007391150923318435
2025-07-22,27.064451813952708,-5.765027126759335,-2.9965685042413526,46.47048503804228,-0.007083103790428424,-0.0047767952012947035
2025-07-23,22.36899989806372,-6.854926168307479,-1.0898990415481435,46.274779100578016,-0.06542055199405183,-0.05833744820362341
2025-07-24,25.773163038468716,-4.645160669617518,2.2097654986899613,46.63991288475377,0.02480216044329353,0.09022271243734536
2025-07-25,26.28267619840674,-3.7903655629861213,0.8547951066313964,46.79402700020064,0.040422509825923214,0.015620349382629684
2025-07-28,26.60194363309114,-3.18071422497648,0.6096513380096411,46.89443232749353,0.06480483510564028,0.024382325279717065
2025-07-29,26.14131025533849,-0.18462831172284666,2.9960859132536335,46.85777837650039,0.0774586676916229,0.012653832585982627
2025-07-30,26.258583290097043,0.7779166784066689,0.9625449901295156,46.7693711292502,0.09891840573444455,0.02145973804282164
2025-07-31,24.9254286641862,-0.16954687485650766,-0.9474635532631765,46.46738438952369,-0.03450569904601508,-0.13342410478045963
2025-08-01,24.83765880024906,-0.28900347963153195,-0.11945660477502429,46.37797313771563,-0.08321077249700437,-0.04870507345098929
2025-08-04,23.298102913993944,-0.660768143819439,-0.3717646641879071,46.01502329975621,-0.17588180554746202,-0.09267103305045765
2025-08-05,24.14705215678884,-0.39885161970993366,0.2619165241095054,46.067220222820936,-0.1581116307358954,0.01777017481156662
2025-08-06,23.80194910463714,-0.4913268370919823,-0.09247521738204867,45.96652343040117,-0.16056953976980282,-0.0024579090339074128
2025-08-07,24.115958794450393,-0.1618939739471621,0.32943286314482023,45.913946753524755,-0.11068752719978647,0.04988201257001634
2025-08-08,24.41012339425179,-0.08550708119945227,0.07638689274770982,45.91149135246465,-0.09329635705019967,0.0173911701495868
2025-08-12,25.359197589355965,0.4122189350724028,0.4977260162718551,45.908097461281045,-0.02138516769502985,0.07191118935516982
2025-08-13,25.907069739575306,0.35200351655729634,-0.06021541851510648,45.8819416593296,-0.037055712698268906,-0.015670545003239056
2025-08-14,26.5063439512719,0.5408789693269505,0.18887545276965412,45.814174707936516,-0.03046974449293316,0.006585968205335746
2025-08-15,26.947166665400637,0.5662415741900482,0.025362604863097715,45.95236323612265,0.007683296519580551,0.03815304101251371
2025-08-18,27.159725323353598,0.5499203858203643,-0.01632118836968388,46.13114467453889,0.043930664414851606,0.036247367895271054
2025-08-19,27.311072745141487,0.39037503115710237,-0.15954535466326192,46.02836454587491,0.024053416918768278,-0.019877247496083328
2025-08-20,27.40866983184834,0.300320018454606,-0.09005501270249638,46.02800991662151,0.0292136514583774,0.005160234539609121
2025-08-21,27.48975629767301,0.1966824692802227,-0.10363754917438328,46.16981466342989,0.07112799109867751,0.04191433964030011
2025-08-22,27.31128457979758,0.07282358287939061,-0.12385888640083209,45.77156729243802,-0.036159188736924364,-0.10728717983560188
2025-08-25,27.445212695729822,0.05709747447524549,-0.015726108404145123,45.85433942424292,-0.055361050059197225,-0.019201861322272862
2025-08-26,27.284391456221925,-0.005336257783916665,-0.062433732259162156,46.09254374021481,0.012835838867985672,0.0681968889271829
2025-08-27,28.14846302126972,0.14795863788427965,0.15329489566819632,46.50225007875113,0.09484803242592932,0.08201219355794365
2025-08-28,28.372011935073843,0.17645112748016345,0.028492489595883796,46.65469952081882,0.09697697147777973,0.002128939051850409
2025-08-29,28.26544670159126,0.1908324243587387,0.014381296878575256,46.738250767746536,0.1933366950617028,0.09635972358392308
2025-09-01,28.4531084114791,0.20157914314985703,0.010746718791118326,46.87621371827329,0.20437485880607653,0.011038163744373719
2025-09-02,28.352123470398737,0.21354640283536241,0.011967259685505383,46.712947834467926,0.12408081885062217,-0.08029403995545437
2025-09-03,28.346236210301107,0.039554637806276105,-0.1739917650290863,46.822230569347944,0.06399609811936102,-0.06008472073126114
2025-09-04,28.67577011537086,0.060751636059404035,0.02119699825312793,47.162492757817304,0.101558647399699,0.037562549280337976
2025-09-05,28.46613187497342,0.040137034676433814,-0.02061460138297022,47.28029931235379,0.10840970892145663,0.006851061521757629
2025-09-08,28.91254801151898,0.09188792000797363,0.05175088533153982,47.3366845200388,0.09209416035309914,-0.016315548568357485
2025-09-09,28.800958102893375,0.0897669264989247,-0.0021209935090489296,47.35406107864496,0.12822264883540413,0.03612848848230499
2025-09-10,29.013356046451115,0.13342396723000505,0.04365704073108034,47.4014040319487,0.11583469252014567,-0.012387956315258464
2025-09-11,28.847784564850592,0.034402889895943645,-0.0990210773340614,47.772406709258775,0.12198279028829973,0.006148097768154059
2025-09-12,28.22557816652141,-0.048110741690404524,-0.08251363158634817,47.85453059573749,0.11484625667673498,-0.007136533611564744
2025-09-16,28.21181343454529,-0.1401469153947339,-0.09203617370432937,47.99297598075533,0.13125829214331475,0.016412035466579766
2025-09-17,28.07507926985687,-0.14517576660730214,-0.005028851212568242,47.743050280916435,0.07779784045428784,-0.05346045168902691
2025-09-18,28.312884396906256,-0.14009432990897253,0.005081436698329611,47.58428893037217,0.0365769796846962,-0.04122086076959164
2025-09-19,28.225410068741,-0.12447489922191579,0.015619430687056735,47.610990944332244,-0.0322831529853147,-0.0688601326700109
2025-09-22,28.11476710587924,-0.02216221212843905,0.10231268709347674,47.59253465774508,-0.05239918759847484,-0.02011603461316014
2025-09-24,27.532935623927806,-0.13577556212349506,-0.11361334999505601,47.55745993679224,-0.08710320879261957,-0.03470402119414473
2025-09-25,27.36040315369428,-0.14293522323252006,-0.007159661109024995,47.52493489385377,-0.043623077412526357,0.04348013138009321
2025-09-26,27.31736793156569,-0.19910329306810937,-0.05616806983558931,47.62601669577951,0.008345553081461787,0.051968630493988144
2025-09-29,27.13809997410602,-0.21746201892699446,-0.018358725858885094,47.51943265772391,-0.01831165732166795,-0.02665721040312974
2025-09-30,29.111993775435693,0.1994453339112887,0.4169073528382832,47.91378664550335,0.0642503975516604,0.08256205487332835
2025-10-01,28.692759965099725,0.23196486823438534,0.03251953432309662,47.93279746330768,0.07506750530308182,0.010817107751421418
2025-10-02,29.11049938180342,0.35001924562183007,0.11805437738744473,47.99892887633733,0.0947987964967183,0.01973129119363648
2025-10-03,29.219248356265787,0.3803760849400142,0.030356839318184115,47.894307182361146,0.053658097316329645,-0.04114069918038865
2025-10-06,29.386233782033692,0.44962676158553805,0.06925067664552387,47.8169044055235,0.05949434955991251,0.005836252243582862
2025-10-07,31.163645673871336,0.41033037968712804,-0.039296381898410004,48.180357653223226,0.053314201543969375,-0.006180148015943132
2025-10-08,31.042510791484276,0.46995016527690936,0.059619785589781316,48.25816183124283,0.06507287358703451,0.011758672043065133
2025-10-09,30.82664913367747,0.34322995037481263,-0.12672021490209673,48.285014252528015,0.05721707523813535,-0.007855798348899157
2025-10-10,30.594412685611083,0.2750328658690542,-0.06819708450575845,48.21470778144837,0.06408011981744721,0.006863044579311861
2025-10-14,31.64775824477895,0.4523048925490549,0.17727202668000075,48.260331199466634,0.08868535878863071,0.024605238971183496
2025-10-15,32.44874882763104,0.25702063075194204,-0.1952842617971129,48.42637879209634,0.04920422777461653,-0.03948113101401418
2025-10-16,32.55419730779083,0.3023373032613108,0.04531667250936877,48.1677693985436,-0.01807848653984223,-0.06728271431445876
2025-10-17,32.20875242048649,0.276420657361804,-0.02591664589950682,47.05507138936579,-0.24598857263244867,-0.22791008609260643
2025-10-20,32.37972352078311,0.3570621670344032,0.0806415096725992,47.08385877731524,-0.22616980082662508,0.019818771805823587
2025-10-21,33.52568819844957,0.37558599073412324,0.018523823699720054,47.45772215559123,-0.16052180877507993,0.06564799205154515
2025-10-22,33.23645619600694,0.157541473675181,-0.21804451705894223,47.063153818111566,-0.2726449947969556,-0.11212318602187565
2025-10-23,33.36523714873381,0.1622079681885964,0.004666494513415387,47.2332749641964,-0.1868988868694359,0.08574610792751969
2025-10-24,33.37975103597286,0.23419972309727655,0.07199175490868015,41.546831297239905,-1.1016480184251805,-0.9147491315557446
2025-10-27,33.35843819160811,0.195742934164997,-0.03845678893227955,38.88392108062055,-1.6399875393389394,-0.5383395209137589
2025-10-28,33.56472362676346,0.007807085662776103,-0.1879358485022209,37.38796946218068,-2.01395053868211,-0.37396299934317057
2025-10-29,33.969405724187396,0.1465899056360911,0.13878281997331499,29.549281004366158,-3.5027745627490816,-1.4888240240669717
2025-10-30,34.12833239759194,0.15261904977162288,0.006029144135531794,27.617433022532822,-3.9231683883327193,-0.4203938255836377
2025-10-31,33.973200827195,0.11868995824443118,-0.0339290915271917,27.4806405794521,-2.8132381435575553,1.109930244775164
2025-11-04,30.817533740976153,-0.5081808901263969,-0.6268708483708281,27.042022552656846,-2.3683797055927407,0.4448584379648146
2025-11-05,29.650592446264845,-0.7828262360997158,-0.2746453459733189,26.82212963431474,-2.1131679655731865,0.25521174001955416
2025-11-06,29.236030296136796,-0.9466750856101243,-0.16384884951040846,26.587704542502287,-0.5923152923727741,1.5208526732004124
2025-11-07,29.04705228685912,-1.0162560221465569,-0.0695809365364326,26.462558799225825,-0.23097484466140017,0.36134044771137397
2025-11-10,28.403154703515057,-1.114009224735991,-0.0977532025894341,25.7978622047563,-0.3365556749391594,-0.10558083027775922
2025-11-11,28.618986214893155,-0.4397095052166051,0.6742997195193858,25.81409845469156,-0.24558481959305567,0.09097085534610372
2025-11-12,28.429351731463008,-0.24424814296036246,0.19546136225624267,25.16994421160676,-0.33043708454160026,-0.08485226494854459
2025-11-13,28.968194918534763,-0.05356707552040518,0.19068106743995727,25.561820380678427,-0.2051768323647707,0.12526025217682957
2025-11-14,28.372560746785176,-0.1348983080147903,-0.08133123249438512,25.311381728991336,-0.2302354140468985,-0.025058581682127823
2025-11-17,28.284751379165705,-0.023680664869868195,0.11121764314492211,25.234951888680456,-0.11258206321516795,0.11765335083173056
2025-11-18,28.015821755323365,-0.1206328919139601,-0.0969522270440919,25.41286498209314,-0.08024669451968336,0.03233536869548459
2025-11-19,29.872449563160565,0.28861956633950925,0.40925245825346934,26.68355383258482,0.30272192419560895,0.3829686187152923
2025-11-20,29.65849167740982,0.13805935177501638,-0.15056021456449287,26.84189562052309,0.2560150479689334,-0.046706876226675575
2025-11-21,29.589588357734428,0.24340552218984612,0.10534617041482974,27.18276537178771,0.3742767285592805,0.11826168059034714
2025-11-25,29.45589496722581,0.23422871761202657,-0.009176804577819553,27.123007331990124,0.3776110886619328,0.0033343601026523118
2025-11-26,29.038363264675723,0.20450830187046876,-0.029720415741557815,26.92478622431525,0.30238424844441525,-0.07522684021751758
2025-11-27,29.588565932148974,-0.05677672620231533,-0.2612850280727841,27.551903783298094,0.17366999014265616,-0.1287142583017591
2025-11-28,29.758495816693,0.02000082785663082,0.07677755405894615,27.676889892752854,0.16699885444595708,-0.006671135696699082
2025-12-01,29.888781906130987,0.059838709679308266,0.039837881822677446,27.791720561607953,0.12179103796404434,-0.045207816481912744
2025-12-02,30.14056083884332,0.13693317432350227,0.077094464644194,27.85047536942352,0.14549360748667794,0.02370256952263361
2025-12-03,30.097101061097675,0.21174755928439026,0.07481438496088799,27.894059122927956,0.19385457972254017,0.04836097223586222
2025-12-04,30.185067142563398,0.11930024208288614,-0.09244731720150412,27.92433170059821,0.07448558346003153,-0.11936899626250863
2025-12-05,30.945757707541226,0.2374523781696496,0.11815213608676345,28.296873900441824,0.12399680153779258,0.04951121807776104
2025-12-08,30.9986090688364,0.22196543254108292,-0.015486945628566673,28.704449918655506,0.18254587140950918,0.0585490698717166
2025-12-09,30.954757511343303,0.16283933449999566,-0.05912609804108726,28.622175021618098,0.15433993043891903,-0.02820594097059015
2025-12-10,30.853709254729672,0.15132163872639737,-0.011517695773598291,28.565030006532808,0.13419417672096756,-0.020145753717951465
2025-12-11,30.595282489080148,0.08204306930335292,-0.06927856942304444,28.468208905847057,0.10877544104976522,-0.02541873567120234
2025-12-12,30.657039755435825,-0.05774359042107946,-0.13978665972443238,28.398742706940553,0.020373761299747883,-0.08840167975001734
2025-12-15,31.321990692543814,0.06467632474148033,0.12241991516255979,28.92344260874264,0.04379853801742328,0.0234247767176754
2025-12-16,30.738789862215917,-0.043193529825472865,-0.1078698545669532,28.566455884131486,-0.01114382749731746,-0.05494236551474074
2025-12-17,31.165520304799763,0.06236221001401532,0.10555573983948818,29.000998150380006,0.08719362876943748,0.09833745626675494
2025-12-18,31.010015978843796,0.08294669795272824,0.020584487938712925,28.890141357361856,0.08438649030296119,-0.002807138466476289
2025-12-19,30.668589042598086,0.0023098574324542653,-0.08063684052027398,28.8577373247548,0.0917989235628518,0.007412433259890605
2025-12-22,30.58618017195603,-0.1471621041175588,-0.14947196155001308,28.947574356222717,0.0048263494960103515,-0.08697257406684145
2025-12-23,30.563503073434134,-0.03505735775635799,0.11210474636120082,28.638691729630956,0.014447169099895518,0.009620819603885167
2025-12-24,30.516688332844524,-0.12976639439104787,-0.09470903663468988,28.583581964189136,-0.08348323723817686,-0.09793040633807237
2025-12-25,30.607572106653286,-0.08048877443810198,0.049277619952945884,28.657227696160234,-0.04658273224031717,0.036900504997859684
2025-12-26,30.8186304268539,0.03000827685116292,0.1104970512892649,28.72641306038696,-0.02626485287357383,0.02031787936674334
2025-12-29,30.78030153869439,0.03882427334767158,0.00881599649650866,28.766120986788856,-0.03629067388677143,-0.0100258210131976
2025-12-30,30.697428210042794,0.026785027321732713,-0.012039246025938866,28.668501190715524,0.0059618922169164534,0.04225256610368788
2026-01-05,30.85075384835301,0.06681310310169764,0.04002807577996492,28.588728982895184,0.0010294037412101886,-0.004932488475706265
2026-01-06,31.64105105405794,0.20669578948093204,0.1398826863792344,28.918795036045076,0.052313467976965455,0.05128406423575527
2026-01-07,31.978034076872824,0.2318807300037804,0.025184940522848365,29.075577433482295,0.06983287461906684,0.017519406642101387
2026-01-08,32.07200205727507,0.2583401037161366,0.026459373712356182,29.074297558820383,0.06163531440630621,-0.008197560212760635
2026-01-09,32.146205599811,0.2897554779536442,0.03141537423750762,28.95846628330095,0.057993018517084494,-0.003642295889221714
2026-01-13,30.73453877406579,-0.023243014857445843,-0.31299849281109005,28.830118004542186,0.04827780432940543,-0.009715214187679067
2026-01-14,31.080236426870776,-0.11216292543743123,-0.08891991057998538,29.0109749771943,0.018435988229839495,-0.029841816099565932
2026-01-15,30.89877966480693,-0.21585088241317862,-0.1036879569757474,29.13571588736744,0.012027690777028255,-0.00640829745281124
